QF1 Loss,QF2 Loss,Policy Loss,Q1 Predictions Mean,Q1 Predictions Std,Q1 Predictions Max,Q1 Predictions Min,Q2 Predictions Mean,Q2 Predictions Std,Q2 Predictions Max,Q2 Predictions Min,Q Targets Mean,Q Targets Std,Q Targets Max,Q Targets Min,Bellman Errors 1 Mean,Bellman Errors 1 Std,Bellman Errors 1 Max,Bellman Errors 1 Min,Bellman Errors 2 Mean,Bellman Errors 2 Std,Bellman Errors 2 Max,Bellman Errors 2 Min,Policy Action Mean,Policy Action Std,Policy Action Max,Policy Action Min,Test Rewards Mean,Test Rewards Std,Test Rewards Max,Test Rewards Min,Test Returns Mean,Test Returns Std,Test Returns Max,Test Returns Min,Test Actions Mean,Test Actions Std,Test Actions Max,Test Actions Min,Num Paths,Exploration Rewards Mean,Exploration Rewards Std,Exploration Rewards Max,Exploration Rewards Min,Exploration Returns Mean,Exploration Returns Std,Exploration Returns Max,Exploration Returns Min,Exploration Actions Mean,Exploration Actions Std,Exploration Actions Max,Exploration Actions Min,hand_distance Mean,hand_distance Std,hand_distance Max,hand_distance Min,Final hand_distance Mean,Final hand_distance Std,Final hand_distance Max,Final hand_distance Min,hand_distance_l1 Mean,hand_distance_l1 Std,hand_distance_l1 Max,hand_distance_l1 Min,Final hand_distance_l1 Mean,Final hand_distance_l1 Std,Final hand_distance_l1 Max,Final hand_distance_l1 Min,hand_distance_l2 Mean,hand_distance_l2 Std,hand_distance_l2 Max,hand_distance_l2 Min,Final hand_distance_l2 Mean,Final hand_distance_l2 Std,Final hand_distance_l2 Max,Final hand_distance_l2 Min,hand_success Mean,hand_success Std,hand_success Max,hand_success Min,Final hand_success Mean,Final hand_success Std,Final hand_success Max,Final hand_success Min,image_dist Mean,image_dist Std,image_dist Max,image_dist Min,Final image_dist Mean,Final image_dist Std,Final image_dist Max,Final image_dist Min,image_success Mean,image_success Std,image_success Max,image_success Min,Final image_success Mean,Final image_success Std,Final image_success Max,Final image_success Min,vae_mdist Mean,vae_mdist Std,vae_mdist Max,vae_mdist Min,Final vae_mdist Mean,Final vae_mdist Std,Final vae_mdist Max,Final vae_mdist Min,vae_success Mean,vae_success Std,vae_success Max,vae_success Min,Final vae_success Mean,Final vae_success Std,Final vae_success Max,Final vae_success Min,vae_dist Mean,vae_dist Std,vae_dist Max,vae_dist Min,Final vae_dist Mean,Final vae_dist Std,Final vae_dist Max,Final vae_dist Min,AverageReturn,Number of train steps total,Number of env steps total,Number of rollouts total,Train Time (s),(Previous) Eval Time (s),Sample Time (s),Epoch Time (s),Total Train Time (s),Epoch
402.15704,401.97345,0.111763895,-0.0077973125,0.002866775,0.00012535136,-0.015761692,-0.016135203,0.006325466,-0.00524596,-0.037150748,-17.259945,10.225233,-0.014350433,-37.958282,402.15704,341.52457,1439.88,5.757713e-05,401.97342,341.50226,1439.3738,3.2363479e-09,-0.005731272,0.004010921,0.0022644477,-0.021702945,-26.8013968384128,1.7755100881828418,-21.982828402853347,-30.01762903984407,-1340.06984192064,38.54310086747826,-1276.1640230318035,-1406.8975374442718,0.021272082,0.08951724,0.1517119,-0.08746132,20,-24.0107082820604,5.334823870837319,-10.67322769839088,-39.83014541103532,-1200.53541410302,129.25295191700025,-1026.9655437480305,-1466.2541593034694,0.0201569733967564,0.3816824593937762,1.0,-1.0,0.18339498023272124,0.06470754826529838,0.31184248789231717,0.011479033658710489,0.16784624437324766,0.055314005142779385,0.24928809487634357,0.06486766230572208,0.28883222556303734,0.10712150963274315,0.49444257502350974,0.011914136258546416,0.26042157855895304,0.09537712232897794,0.3967230178620191,0.07617102997061534,0.18339498023272124,0.06470754826529838,0.31184248789231717,0.011479033658710489,0.16784624437324766,0.055314005142779385,0.24928809487634357,0.06486766230572208,0.06666666666666667,0.2494438257849294,1.0,0.0,0.0,0.0,0.0,0.0,31.064542193953546,7.654962976602905,47.40979901535013,4.7558458735631115,31.00902662629174,7.022481900055713,46.262018087953805,18.043260416113146,-0.9885714285714285,0.10629185850136157,0.0,-1.0,-1.0,0.0,-1.0,-1.0,158932.61361242947,54925.444855439164,262382.3699612604,56987.01269969707,146838.90558186301,11740.354533881964,170186.53004469545,129393.04547245058,0.0,0.0,0,0,0.0,0.0,0,0,26.8013968384128,1.7755100881828416,30.01762903984407,21.98282840285335,23.093017033527936,0.7037332612653016,24.333786259318654,21.98282840285335,-1340.06984192064,4,4000,80,0.04381262697279453,0.03518688600161113,15.025151975969493,15.104151488943899,191.02431574578077,3
393.93408,395.42407,0.9788033,-0.65420204,0.18944626,-0.24603751,-1.2036402,-0.6183412,0.19189459,-0.27713045,-1.1679437,-17.751427,10.012523,-0.014147286,-36.465225,393.93408,333.43698,1282.6409,0.026295839,395.42407,334.58383,1286.2351,0.03525028,0.026563548,0.08220314,0.2163425,-0.09589582,-13.368103910364884,3.344438828781956,-8.404749292997876,-26.949552838709668,-668.4051955182442,34.154962264945866,-592.2202981212137,-749.994567633971,0.41082102,0.8869495,1.0,-1.0,20,-17.186017570081013,4.8820698315034345,-8.34968889122464,-34.15025907779556,-859.3008785040508,157.36842941475425,-623.8184481396146,-1132.2921668958897,0.23398988040301313,0.8249355338162311,1.0,-1.0,0.24120691333641145,0.09263791569672727,0.38812709465640466,0.023855572042059205,0.2754575340046054,0.08212215909455571,0.38812709465640466,0.1411444415991125,0.337615236503627,0.12115030388531492,0.6291238261448031,0.036609530571068416,0.3848694425045708,0.10945751004056455,0.6291238261448031,0.2279424260485697,0.24120691333641145,0.09263791569672727,0.38812709465640466,0.023855572042059205,0.2754575340046054,0.08212215909455571,0.38812709465640466,0.1411444415991125,0.029523809523809525,0.16926947212953475,1.0,0.0,0.0,0.0,0.0,0.0,43.17774762738604,7.542482206969803,57.07498268590796,8.94533185173788,47.84407380094604,4.743375834195814,55.862629611922,37.60706126893804,-0.9990476190476191,0.0308459709346698,0.0,-1.0,-1.0,0.0,-1.0,-1.0,31208.875610619372,21006.78533592919,158843.16194239428,9034.320021644733,31420.17300862962,5998.124560219814,46570.6573605669,20092.134722689127,0.0,0.0,0,0,0.0,0.0,0,0,13.368103910364884,3.344438828781956,26.949552838709668,8.404749292997876,12.939426189385612,1.2417121201147945,15.414882519734531,10.853964350659613,-668.4051955182442,4004,5000,100,28.863386922203063,19.957265225006267,14.437894218157453,63.25854636536678,253.37575512014155,4
41.645943,45.421715,95.94632,-104.55177,68.59555,-6.704051,-248.32329,-104.41325,68.35,-7.0812416,-248.17003,-102.74513,67.93906,-4.8893433,-244.78229,41.645947,104.50665,969.6587,0.00020251362,45.421715,115.40725,1098.9474,0.00020894245,0.3197995,0.88771564,1.0,-1.0,-15.476731289568542,4.742266576753889,-8.261476641981915,-34.19089414850138,-773.8365644784271,142.20011416741153,-581.5247802904482,-1040.5136670508518,0.15951853,0.9579509,1.0,-1.0,20,-13.741154994552977,4.127702421186693,-6.685012460944585,-33.07865589276474,-687.0577497276488,55.14560428616985,-557.0861517954354,-822.677892916719,0.2540626542330047,0.8124777550541501,1.0,-1.0,0.1981168259159915,0.08567961289438532,0.33344876782321287,0.022793666099911694,0.21637277519156678,0.08980465646085352,0.32929379525967634,0.05764049066936043,0.2929079954981229,0.13133445467102564,0.5350929406693454,0.0312726027693514,0.32545995834636593,0.14018714471630875,0.5106215870315307,0.08056023477666151,0.1981168259159915,0.08567961289438532,0.33344876782321287,0.022793666099911694,0.21637277519156678,0.08980465646085352,0.32929379525967634,0.05764049066936043,0.03333333333333333,0.1795054935711501,1.0,0.0,0.047619047619047616,0.21295885499998,1.0,0.0,38.93059842050956,8.201094073490768,56.67399477686132,12.502604726693617,39.817376432904325,8.073991536512672,51.247877610989036,19.421902680461944,-1.0,0.0,-1.0,-1.0,-1.0,0.0,-1.0,-1.0,32795.054800168764,25897.599720934275,197677.111888436,7066.780194135784,28089.14122622689,8580.278524628191,44361.98131438985,12602.356054498958,0.0,0.0,0,0,0.0,0.0,0,0,15.476731289568542,4.742266576753889,34.19089414850138,8.261476641981915,14.329182668501165,2.8692661782327127,21.1067262876997,9.346617838945276,-773.8365644784271,8004,6000,120,33.58231707912637,19.05038629000046,15.271260223045829,67.90396359217266,320.3633723743187,5
26.907684,33.67526,159.78784,-168.29225,106.82297,-9.257125,-369.39478,-168.02936,106.554474,-8.321717,-366.0163,-168.02037,107.54178,-9.081334,-372.54596,26.907684,53.068356,416.17905,0.00092736864,33.67526,83.745766,826.44934,0.00014247258,0.22228424,0.85063666,1.0,-1.0,-12.344907724549826,4.674933652582608,-6.847270136017846,-35.064025315162915,-617.2453862274912,92.3952212553922,-504.76303981279744,-938.5175697738922,0.37178105,0.89729834,1.0,-1.0,20,-13.599058887064833,5.403349527587435,-6.627021583274854,-35.460482765984125,-679.9529443532417,98.2785927618809,-544.2739752408733,-893.1641623025579,0.2675347262840613,0.8141712317491744,1.0,-1.0,0.20168961740332217,0.07541529237934254,0.39445185296836527,0.019085245239462027,0.22196190867479454,0.07955261646820308,0.39445185296836527,0.10592844528576482,0.303561847953052,0.11169456300882923,0.6225745730583466,0.024123985209415354,0.33480474941938876,0.12537737664562312,0.6225745730583466,0.15584405577741733,0.20168961740332217,0.07541529237934254,0.39445185296836527,0.019085245239462027,0.22196190867479454,0.07955261646820308,0.39445185296836527,0.10592844528576482,0.017142857142857144,0.1298036193325777,1.0,0.0,0.0,0.0,0.0,0.0,36.62870474831563,7.061059819682673,56.740158870101716,9.41353333055526,36.949557381754545,5.972460678153567,50.031155076388,20.137690584667695,-0.9990476190476191,0.030845970934669804,0.0,-1.0,-1.0,0.0,-1.0,-1.0,23934.693403566278,27391.084493307113,182323.92574765687,5753.472547071087,14596.99868757611,5183.740226453365,29161.63846645386,5840.2570497134675,0.0,0.0,0,0,0.0,0.0,0,0,12.344907724549826,4.674933652582608,35.064025315162915,6.847270136017846,10.118865728983414,3.4640093679610744,20.86113905877722,6.910273564210637,-617.2453862274912,12004,7000,140,33.78090068495658,18.142841166001745,15.384457800937525,67.30819965189585,387.895555529205,6
29.917465,31.299778,211.38568,-220.05283,140.2924,-6.5149093,-494.84586,-220.54645,140.0853,-8.047651,-495.02182,-219.58612,140.6781,-6.3365808,-496.63013,29.917465,55.55869,407.07446,5.1651383e-05,31.299776,44.095413,224.71536,6.6393055e-05,0.28896442,0.88721615,1.0,-1.0,-11.38488151493814,4.612296932203243,-7.105595835996719,-31.89700353479746,-569.2440757469071,60.089938440257484,-488.73397859293704,-778.2534357797582,0.41662237,0.8946606,1.0,-1.0,20,-13.14620694402033,5.633358192601561,-7.639808283192046,-35.49868148239376,-657.3103472010166,109.71609531896105,-541.7133889062206,-906.4675968676357,0.26220573845073064,0.8226426132570922,1.0,-1.0,0.26199097588502074,0.09974522031833023,0.4633381487418412,0.01567497589462088,0.28850609428501217,0.09189903403018579,0.4633381487418412,0.11566733919876514,0.39762613185510187,0.15853768775658478,0.7528082069084207,0.02009772576453077,0.4422411949065707,0.14949490040434926,0.7528082069084207,0.1946551832927032,0.26199097588502074,0.09974522031833023,0.4633381487418412,0.01567497589462088,0.28850609428501217,0.09189903403018579,0.4633381487418412,0.11566733919876514,0.01619047619047619,0.12620754601529105,1.0,0.0,0.0,0.0,0.0,0.0,38.71630960957624,6.398610638394749,54.979363784402224,6.661760593861,38.627286488195764,3.7799592582910884,47.57794874968854,30.91872666512722,-0.9980952380952381,0.04360199292289371,0.0,-1.0,-1.0,0.0,-1.0,-1.0,22335.206765752602,26909.721488527786,207467.6235718201,2959.922342933144,13851.557017090792,4220.167529992583,20581.36869156564,2972.4092230548463,0.0,0.0,0,0,0.0,0.0,0,0,11.38488151493814,4.612296932203243,31.89700353479746,7.105595835996719,9.165035598862241,2.161817138931894,17.180543897753118,7.127773140616449,-569.2440757469071,16004,8000,160,38.66277878105757,18.374057935994642,17.434752570879937,74.47158928793215,464.7104886861489,7
46.412384,43.53292,245.70798,-252.85477,171.15952,-2.6569552,-520.57513,-253.76517,171.57535,-0.836807,-521.0315,-254.93471,172.02856,-3.0613105,-546.48425,46.412384,91.36098,671.2824,0.0003269466,43.53292,88.82195,647.84296,2.42237e-06,0.3291728,0.8691571,1.0,-1.0,-11.160782763435417,4.4911428348153475,-7.693758670447724,-26.717543497271105,-558.0391381717709,33.3188087151072,-519.4304862728404,-640.7216294207971,0.43938565,0.8872984,1.0,-1.0,20,-12.254047125518303,5.121743047207655,-6.237448133822376,-33.127269806453214,-612.7023562759151,66.39721473483749,-522.084791622521,-826.1532030693346,0.38392141417388287,0.7843000699360742,1.0,-1.0,0.2536845234098013,0.1019259659335821,0.4539317653720877,0.03508519095682094,0.27216111965696793,0.10440880804878412,0.4539317653720877,0.05159665147956251,0.380570776212808,0.1605885262580571,0.7310779493622422,0.05184793930235651,0.4131056735907596,0.16662921355441138,0.7310779493622422,0.08765104299643711,0.2536845234098013,0.1019259659335821,0.4539317653720877,0.03508519095682094,0.27216111965696793,0.10440880804878412,0.4539317653720877,0.05159665147956251,0.04,0.19595917942265423,1.0,0.0,0.047619047619047616,0.21295885499998,1.0,0.0,38.84753012732227,6.286200434954291,55.57136376397681,18.205759763913036,38.16340875558762,4.904306431283385,44.519692949990116,24.568598970297877,-1.0,0.0,-1.0,-1.0,-1.0,0.0,-1.0,-1.0,22900.73279029009,27189.575967418936,209363.13324128033,6322.259070374649,13453.603186625998,3989.5068452277796,24703.332255275538,6354.153689413718,0.0,0.0,0,0,0.0,0.0,0,0,11.160782763435417,4.4911428348153475,26.717543497271105,7.693758670447724,8.708250704886849,0.8398348643780381,10.717905737792165,7.784993325853658,-558.0391381717709,20004,9000,180,44.35031399894069,20.7188418730002,18.587657757998386,83.65681362993928,547.1736694861029,8
40.373497,49.3177,279.98218,-291.1181,189.16708,-7.586481,-674.3957,-291.0299,188.93907,-7.2636437,-674.28467,-291.4135,189.6113,-7.074821,-700.7417,40.373497,95.64126,694.1122,0.003605202,49.317696,133.15303,973.8045,0.0020389354,0.33503684,0.8692604,1.0,-1.0,-16.175232293311502,5.913724846081785,-6.468428510581086,-34.49113849510246,-808.7616146655752,202.27966061712192,-474.51959367320063,-1053.5674587229712,0.33385214,0.8379312,1.0,-1.0,20,-12.752229594447018,5.632175821027754,-6.435702617323468,-35.31465356437018,-637.611479722351,126.15368724203124,-508.22623993531477,-920.1464883483407,0.39365727675877643,0.7658096503500014,1.0,-1.0,0.21884163929597622,0.08596357259410659,0.4576499696452239,0.044863734741824784,0.23007515584884464,0.08872997279032473,0.4576499696452239,0.12380275469133929,0.32652698192515534,0.1343171326635459,0.7561555044013631,0.050221694927483025,0.3419769158977256,0.14061212418953467,0.7561555044013631,0.17863058513902697,0.21884163929597622,0.08596357259410659,0.4576499696452239,0.044863734741824784,0.23007515584884464,0.08872997279032473,0.4576499696452239,0.12380275469133929,0.007619047619047619,0.08695399779438724,1.0,0.0,0.0,0.0,0.0,0.0,36.763899589387904,7.673144671144164,56.575099504029254,16.06437932097251,36.95510897276423,7.494659424932028,56.03033121575881,26.62256474270334,-1.0,0.0,-1.0,-1.0,-1.0,0.0,-1.0,-1.0,33932.46767037656,21188.370306390785,220574.06333631562,5224.976299337013,30197.441426092526,14381.64243651309,55325.928347945744,5266.088125262571,0.0,0.0,0,0,0.0,0.0,0,0,16.175232293311502,5.913724846081785,34.49113849510246,6.468428510581086,15.025128952712496,5.624207869378628,23.36310461441711,6.523787815850472,-808.7616146655752,24004,10000,200,39.14195216289954,19.497506723004335,18.109288425082923,76.7487473109868,624.1276558320751,9
50.22402,59.94942,303.97092,-315.34528,195.30302,-7.510807,-587.7926,-315.9818,194.41983,-8.784318,-594.0886,-312.63782,192.71033,-8.224621,-583.34875,50.224022,75.938034,365.25452,3.5869016e-05,59.94942,93.72122,458.63004,0.00045504514,0.33120355,0.88062114,1.0,-1.0,-13.196991096902716,4.742532131750273,-6.696260557648106,-33.105811193243476,-659.8495548451358,101.47368682213354,-500.53797212385217,-785.252512975218,-0.041213036,0.7844857,1.0,-1.0,20,-14.962469246207196,5.232526106889404,-7.475960232933521,-34.66988821454485,-748.1234623103599,122.81036639995594,-521.9625460258085,-903.7631732684871,0.17081667460946615,0.7036321521814135,1.0,-1.0,0.23457577800303428,0.08374130014315763,0.4210454506197862,0.06611794057525923,0.24649673184306173,0.08674753451699213,0.4210454506197862,0.08474932747098743,0.34911999847613784,0.1339227211825656,0.6342048542717006,0.09231310573891237,0.3684670282391143,0.1400253827858444,0.6342048542717006,0.10949080356547893,0.23457577800303428,0.08374130014315763,0.4210454506197862,0.06611794057525923,0.24649673184306173,0.08674753451699213,0.4210454506197862,0.08474932747098743,0.0,0.0,0.0,0.0,0.0,0.0,0.0,0.0,36.03509322413783,5.437958345912564,52.64031752947543,14.354434187857,36.06789275623682,4.513322646595752,46.108930915695595,27.009808405394455,-1.0,0.0,-1.0,-1.0,-1.0,0.0,-1.0,-1.0,22820.9403722537,17852.62472757588,176207.50230941002,3827.3486633062776,18464.331009343157,7045.229266800951,30863.310069944157,3848.7964689602068,0.0,0.0,0,0,0.0,0.0,0,0,13.196991096902716,4.742532131750273,33.105811193243476,6.696260557648107,11.546059749008823,2.6742659197754186,14.597775576014445,6.961134289197392,-659.8495548451358,28004,11000,220,43.94238750007207,19.72064660099568,19.043933188055234,82.70696728912299,705.9665780611904,10
38.76109,43.53408,339.864,-347.4471,199.26967,-26.26543,-600.4509,-348.3721,200.67223,-25.041697,-606.54865,-347.0902,199.2968,-26.386353,-607.19763,38.761093,70.87814,328.8044,0.014455644,43.53408,88.93725,611.76965,0.00014752522,0.12633629,0.9276262,1.0,-1.0,-12.397762406830598,4.7215167479875,-7.0524567153953805,-33.85643454126706,-619.88812034153,84.33691782959059,-496.7540855848286,-759.0758729750524,0.10492085,0.75206554,1.0,-1.0,20,-14.402736980315568,4.881556808358279,-7.959463178053177,-35.82811898356604,-720.1368490157786,71.02350396723156,-550.0314483893687,-809.7517858878085,-0.11573094798499464,0.5835441970799125,1.0,-1.0,0.24666377902537334,0.09662488532963581,0.4335261493667409,0.019142020705469717,0.2649630624926943,0.1051828198847536,0.4335261493667409,0.09180612342387856,0.36749138151460886,0.14873873906842752,0.7059270636580626,0.03269686121159857,0.3965330377884492,0.16699021967167152,0.7059270636580626,0.14771545566896838,0.24666377902537334,0.09662488532963581,0.4335261493667409,0.019142020705469717,0.2649630624926943,0.1051828198847536,0.4335261493667409,0.09180612342387856,0.0038095238095238095,0.06160366334779515,1.0,0.0,0.0,0.0,0.0,0.0,37.322872781242836,7.721059007900476,55.14382550869996,7.029952942222143,36.54601427544438,6.769604339222565,52.63590709656773,24.178798927369517,-0.9990476190476191,0.0308459709346698,0.0,-1.0,-1.0,0.0,-1.0,-1.0,21345.80031741414,19692.95776222391,189477.34995507912,8146.469932871104,14614.653923372522,4825.960071876563,25806.43747924513,8230.183706460424,0.0,0.0,0,0,0.0,0.0,0,0,12.397762406830598,4.7215167479875,33.85643454126706,7.0524567153953805,10.246814820202085,2.456122922676255,13.777325772257965,7.067277003061052,-619.88812034153,32004,12000,240,37.46539228304755,18.84495051400154,17.446456160862,73.75679895791109,781.4986203150911,11
38.973007,42.38915,381.94528,-389.19205,210.45377,-17.833673,-707.9818,-390.16766,210.82529,-16.298208,-707.0218,-388.83606,210.20587,-18.452015,-702.64795,38.973007,73.55765,583.28046,0.00041309372,42.389145,71.42699,638.90247,0.00043508806,0.12397388,0.8794123,1.0,-1.0,-11.96190669530424,4.66919479813543,-7.410742876056525,-34.55615645932663,-598.095334765212,63.79684508865023,-507.02343281274557,-725.4133099536645,0.23111756,0.76294905,1.0,-1.0,20,-12.942406445988876,4.95556448997838,-6.939695382285803,-35.96174610372631,-647.1203222994438,63.32848664680328,-526.4520299104157,-751.9321697648737,0.052654718713889846,0.6512268223476328,1.0,-1.0,0.23539507123003947,0.09006530049673042,0.44540203083488517,0.014975047865020404,0.26415518889838874,0.08677389787059314,0.44540203083488517,0.09624903120421598,0.3572676089830158,0.14841307722304095,0.7373559461266818,0.02561662416960528,0.40894577530446546,0.14695340218530242,0.7373559461266818,0.13459209382442147,0.23539507123003947,0.09006530049673042,0.44540203083488517,0.014975047865020404,0.26415518889838874,0.08677389787059314,0.44540203083488517,0.09624903120421598,0.02095238095238095,0.14322492340653306,1.0,0.0,0.0,0.0,0.0,0.0,36.42678088995341,7.485547082197845,54.12813297104548,11.133872725884801,36.140150325023974,5.684859708545519,43.683043848580084,21.742050742119407,-1.0,0.0,-1.0,-1.0,-1.0,0.0,-1.0,-1.0,21203.575142591937,26281.1854550161,208792.96862885958,7262.855701977496,13485.276416880024,3315.9196155320114,20391.578331331544,7758.86306887702,0.0,0.0,0,0,0.0,0.0,0,0,11.96190669530424,4.66919479813543,34.55615645932663,7.410742876056525,9.767904134601357,1.8718527209924523,13.377761762123265,7.448733408073018,-598.095334765212,36004,13000,260,36.19455898700107,20.63362680600403,16.18841256295127,73.01659835595638,852.0714730320542,12
86.76968,50.136894,414.8909,-423.1807,244.49113,-16.10013,-731.4357,-420.99957,244.0589,-16.103931,-741.8561,-417.79636,241.1698,-15.329767,-745.6278,86.76968,134.13792,708.4292,0.008492628,50.13689,72.499535,350.7413,0.00012612343,0.12394247,0.84780943,1.0,-1.0,-11.600934214149175,4.840036425536512,-6.145554998562947,-33.32690575816449,-580.0467107074588,74.09905167092283,-469.8969736402041,-700.7553145152109,0.27711096,0.78387576,1.0,-1.0,20,-12.625677673844894,4.9838044934746675,-7.765027672447624,-33.85221181099147,-631.2838836922448,60.29207179297161,-539.768342540111,-736.0956034520364,0.26550712167323526,0.7161614356278614,1.0,-1.0,0.19689560462763184,0.08786525137194887,0.3715062886318634,0.02372092929405613,0.21442029301724055,0.08820947733709407,0.3715062886318634,0.05289459547452984,0.29692914199873405,0.13162840129104023,0.5674248869626101,0.03204924415042178,0.3258285664093451,0.13210790438636497,0.5674248869626101,0.08214160821216454,0.19689560462763184,0.08786525137194887,0.3715062886318634,0.02372092929405613,0.21442029301724055,0.08820947733709407,0.3715062886318634,0.05289459547452984,0.04476190476190476,0.20678074534151128,1.0,0.0,0.047619047619047616,0.21295885499998,1.0,0.0,36.03768491741263,7.258185146136239,54.591240479596316,11.043300884482912,36.24695919275924,5.976409424516862,45.98377595308479,21.684758660633847,-1.0,0.0,-1.0,-1.0,-1.0,0.0,-1.0,-1.0,22168.8984864656,24413.897799000675,206477.30822978486,6724.64355553506,14533.00514967902,4425.137515858094,22163.96861577554,6776.0239674285385,0.0,0.0,0,0,0.0,0.0,0,0,11.600934214149175,4.840036425536512,33.32690575816449,6.145554998562946,9.303671937364005,2.1613151272134754,12.755478244245761,6.187609971286532,-580.0467107074588,40004,14000,280,38.85567556194292,18.19012209700304,17.262027542055876,74.30782520100183,925.7240143310555,13
27.096909,46.245323,429.6408,-437.40228,267.6415,-29.495285,-765.54443,-435.2137,266.41208,-27.010002,-754.88116,-436.90714,268.26566,-27.376434,-765.92664,27.096909,57.429974,497.83948,0.004243687,46.24532,98.58346,747.6106,0.00013000857,0.27586666,0.84681654,1.0,-1.0,-11.715678073928716,4.605045042922604,-6.624564927193014,-34.453079920286065,-585.7839036964358,65.49145484787229,-482.88493767938576,-694.6596870878509,0.28595793,0.75756806,1.0,-1.0,20,-12.81223389059724,5.382236544534662,-6.1002900056122495,-34.38291054822066,-640.611694529862,97.87626132046299,-522.3352099176526,-902.9201705731034,0.2531638736211853,0.7195216497832742,1.0,-1.0,0.2461202391840674,0.08591532225374493,0.3870108413234811,0.027788792751068297,0.26108873595938065,0.08717853742628293,0.3870108413234811,0.10531576949639092,0.35835844731236677,0.14413616107015195,0.6659414039063801,0.043351452528390566,0.3798136062820107,0.14881061010734814,0.6659414039063801,0.13669657390958245,0.2461202391840674,0.08591532225374493,0.3870108413234811,0.027788792751068297,0.26108873595938065,0.08717853742628293,0.3870108413234811,0.10531576949639092,0.002857142857142857,0.05337583340648401,1.0,0.0,0.0,0.0,0.0,0.0,38.38803260669744,5.95557070090518,55.89379133021544,15.007998892503991,38.27927883480632,4.8336602751300815,44.72684785313352,21.94314732952194,-1.0,0.0,-1.0,-1.0,-1.0,0.0,-1.0,-1.0,20776.550196925324,24464.25425284918,228399.423232085,4799.002393967058,13584.595140906591,5322.0781895138025,23486.994758216017,4820.153442951972,0.0,0.0,0,0,0.0,0.0,0,0,11.715678073928716,4.605045042922604,34.453079920286065,6.624564927193014,9.571898222116054,1.9899689770391413,13.35265717021832,6.662389314402347,-585.7839036964358,44004,15000,300,40.224745592990075,17.530339641001774,16.878220640028303,74.63330587402015,1004.8921978690705,14
30.462864,29.454233,462.70667,-468.41843,277.31946,-33.131992,-803.47546,-468.0947,277.2182,-33.48447,-800.78876,-468.54584,277.4826,-33.561153,-811.83765,30.462864,50.36467,299.75647,0.0010228753,29.454235,50.38659,267.26184,0.00022912025,0.2917871,0.8071213,1.0,-1.0,-11.72361026529095,4.54283200201006,-7.218681084070234,-34.666733317525804,-586.1805132645476,52.571866830679994,-511.19069693895045,-725.2609122346444,0.32707125,0.8768832,1.0,-1.0,20,-12.229799597384,5.043478988555159,-6.648991720175088,-33.32751773409922,-611.4899798692,67.08238957180238,-519.2020234693321,-728.0405437697481,0.28423450514607973,0.729481009750032,1.0,-1.0,0.22099710159740946,0.08528854565053455,0.42958273154875476,0.011742869254471123,0.24436962346754493,0.0784183442280007,0.42958273154875476,0.07909805138075415,0.3422130439782622,0.14216989945667208,0.69672908344415,0.018389813100669672,0.381347901867766,0.13461674598841755,0.69672908344415,0.12027051967815439,0.22099710159740946,0.08528854565053455,0.42958273154875476,0.011742869254471123,0.24436962346754493,0.0784183442280007,0.42958273154875476,0.07909805138075415,0.02,0.13999999999999999,1.0,0.0,0.0,0.0,0.0,0.0,37.24072949866192,7.817712884576732,55.04073749092385,8.727987305162472,37.22593609875603,6.155236508314982,50.298272809283205,16.055469974721664,-0.9990476190476191,0.0308459709346698,0.0,-1.0,-1.0,0.0,-1.0,-1.0,23867.27400919904,22951.254209829873,200296.79125099917,6758.4879487497365,15625.228922933002,5735.0171983011915,28902.387905898984,6758.4879487497365,0.0,0.0,0,0,0.0,0.0,0,0,11.72361026529095,4.54283200201006,34.66673331752581,7.2186810840702345,9.380426349518796,1.549310341678275,13.846395160973039,7.271408197613534,-586.1805132645476,48004,16000,320,42.01052658313711,22.050390539996442,18.826915580080822,82.88783270321437,1084.5554785292843,15
19.873049,23.013077,489.03165,-493.02106,300.486,-25.519999,-845.5215,-494.50153,301.19888,-26.290989,-847.7438,-493.48184,301.57416,-24.532465,-847.671,19.873047,31.900667,177.5836,0.000942532,23.013079,42.40213,296.2563,0.00033527613,0.2095908,0.8579895,1.0,-1.0,-11.375857557182753,4.441331281286759,-6.307632466838258,-26.311580172075182,-568.7928778591374,60.56679637086791,-467.3446213928139,-761.1920113540403,0.40141562,0.8743896,1.0,-1.0,20,-11.928518414477852,4.886449728633212,-6.620516372665296,-33.255543473749654,-596.4259207238927,56.7440821635485,-486.8231619868244,-693.5074661527806,0.29772301288576075,0.7848399842670111,1.0,-1.0,0.21895423845094644,0.08434170200689925,0.39228526738526254,0.01525277321155555,0.24353364770297592,0.07500707363410085,0.39228526738526254,0.10802528862249344,0.33109785204893827,0.13315580147096434,0.5617798578587547,0.018090675042670035,0.37055876618146194,0.12041251335796345,0.5617798578587547,0.15100173008260542,0.21895423845094644,0.08434170200689925,0.39228526738526254,0.01525277321155555,0.24353364770297592,0.07500707363410085,0.39228526738526254,0.10802528862249344,0.023809523809523808,0.1524553389864964,1.0,0.0,0.0,0.0,0.0,0.0,38.17387335548761,6.817828155788636,55.017195871830694,9.33652688813934,38.59167963159644,4.102132746373865,50.514172567134594,32.73346441221873,-0.9990476190476191,0.030845970934669793,0.0,-1.0,-1.0,0.0,-1.0,-1.0,22465.445184804194,26170.97223011239,221791.77691677553,6845.604263023305,13604.451656623885,4527.323337798347,22540.59132326823,7466.707116254692,0.0,0.0,0,0,0.0,0.0,0,0,11.375857557182753,4.441331281286759,26.311580172075182,6.307632466838259,9.055846940000468,1.8322945586096056,14.173020740151141,6.351643504978512,-568.7928778591374,52004,17000,340,46.401336293129134,18.819582155003445,19.42971215405123,84.65063060218381,1172.7289361604635,16
53.78262,31.630817,494.0291,-502.21387,320.4543,-28.070776,-907.4387,-500.43457,319.47098,-21.952145,-897.4166,-499.80014,319.66742,-25.068201,-888.8203,53.782616,109.985405,709.55054,0.0010873007,31.63082,74.79265,647.085,0.0030781366,0.18963812,0.8553446,1.0,-1.0,-11.09825481791394,4.468647127470148,-7.195789979997445,-26.90501992934855,-554.9127408956969,25.723821374159947,-506.43431840595787,-610.0478924267778,0.27507555,0.8397695,1.0,-1.0,20,-11.978945941615159,4.68344961391995,-7.291322881757938,-28.495279277785354,-598.947297080758,40.87632405330273,-509.8716576557168,-677.579684693156,0.3285874027074716,0.7690897772812804,1.0,-1.0,0.20567215098695904,0.09663244975803079,0.42446457440402435,0.017948167576077537,0.22245013939127375,0.10047123829386839,0.42446457440402435,0.05174178108915065,0.3050083307218586,0.1415814266128562,0.6271371499505867,0.028916029117069947,0.3320427543808454,0.14902819596880362,0.6271371499505867,0.07361591390607644,0.20567215098695904,0.09663244975803079,0.42446457440402435,0.017948167576077537,0.22245013939127375,0.10047123829386839,0.42446457440402435,0.05174178108915065,0.09333333333333334,0.290898989723619,1.0,0.0,0.09523809523809523,0.29354352395090366,1.0,0.0,35.905394644928045,7.346502568558565,53.61300289295786,10.705066405737496,35.72649903378465,5.996898024117691,44.60957928101736,19.179190632705126,-1.0,0.0,-1.0,-1.0,-1.0,0.0,-1.0,-1.0,23684.9133691499,30151.37710747292,215954.28521936573,7788.5529796520395,14186.903025342603,3504.162387896351,22558.460031232677,8645.921319570585,0.0,0.0,0,0,0.0,0.0,0,0,11.09825481791394,4.468647127470148,26.90501992934855,7.195789979997445,8.668087875433745,0.7741378463888119,10.273154207751945,7.314214850623139,-554.9127408956969,56004,18000,360,43.998999101087975,22.341326708999986,18.63306559501507,84.97339140510303,1255.4680916735597,17
23.179245,20.827095,512.77094,-518.3948,326.513,-32.80185,-915.3316,-519.17523,327.40454,-31.021917,-918.4479,-518.0021,326.27625,-32.629745,-910.1178,23.179247,53.445057,381.4459,0.001534235,20.827097,42.512794,253.71411,0.0020015575,0.19779557,0.81970966,1.0,-1.0,-11.346392109982189,4.290914647132725,-7.3874888227342295,-30.998210924364084,-567.3196054991093,35.60546776217766,-507.74688430484355,-633.1144318657291,0.27433273,0.8617557,1.0,-1.0,20,-11.919983239634256,4.713359901372256,-6.814281939148493,-30.378890032626604,-595.9991619817126,35.77324133100197,-521.5382523466526,-663.0348347274154,0.28905831899123724,0.7616827941573104,1.0,-1.0,0.26563414944784414,0.109383923893876,0.45536948105364106,0.016444163436792,0.2892852688054215,0.11088690005810062,0.45536948105364106,0.0257174021244472,0.4025383747462425,0.16732986561481555,0.7408133188334114,0.02407636245405617,0.4423369277304009,0.1689019802071691,0.7408133188334114,0.03674558679578985,0.26563414944784414,0.109383923893876,0.45536948105364106,0.016444163436792,0.2892852688054215,0.11088690005810062,0.45536948105364106,0.0257174021244472,0.0419047619047619,0.20037153698683632,1.0,0.0,0.047619047619047616,0.21295885499998,1.0,0.0,37.75894799545334,6.268384487809925,54.307730114349376,12.967768282372182,36.862066379230185,5.266669288299115,42.456440530978966,15.41015408437786,-1.0,0.0,-1.0,-1.0,-1.0,0.0,-1.0,-1.0,23387.992184853985,30250.691068055396,204317.55388048745,4985.795156168106,13594.204446058735,4974.671168564647,24729.774182535013,5185.455359790397,0.0,0.0,0,0,0.0,0.0,0,0,11.346392109982189,4.290914647132725,30.998210924364084,7.3874888227342295,9.022988625384682,0.9517626573000504,11.34953143254013,7.6199751459107725,-567.3196054991093,60004,19000,380,42.62618856199697,20.12221059299918,18.438607006064558,81.18700616106071,1335.4769846926283,18
28.536263,24.739273,528.4818,-534.2481,327.51617,-32.312862,-979.0475,-533.001,327.97113,-30.404297,-974.93414,-533.1416,326.3201,-31.649439,-974.02856,28.536263,75.8838,584.52155,0.0036217123,24.739273,57.9248,391.578,9.313226e-06,0.33952817,0.80659586,1.0,-1.0,-11.313677169904034,4.2865405511102415,-7.431598017185315,-31.239215789639854,-565.6838584952018,41.27383791186685,-510.6520372242435,-667.1600510453108,0.31205088,0.8626513,1.0,-1.0,20,-11.936010647240664,4.728753609845771,-7.122762881654808,-27.92446081564772,-596.8005323620331,44.97834951799392,-518.2325340363881,-702.9568582889743,0.3034195256226102,0.7493748488756701,1.0,-1.0,0.2599251264115942,0.13103509692643944,0.4830371534655194,0.023762740415416303,0.28358062751157603,0.13982066880564348,0.4830371534655194,0.06223874829244732,0.3946052452256598,0.21132224198565025,0.8006562450480093,0.030296488721447523,0.4400867499381667,0.22634093890647947,0.8006562450480093,0.07668185342525438,0.2599251264115942,0.13103509692643944,0.4830371534655194,0.023762740415416303,0.28358062751157603,0.13982066880564348,0.4830371534655194,0.06223874829244732,0.014285714285714285,0.11866605518454394,1.0,0.0,0.0,0.0,0.0,0.0,36.90366010448252,6.083876606868572,52.43919134509357,15.394123516173915,36.227908848496966,4.185943213183516,40.63167023287512,27.205900653588614,-1.0,0.0,-1.0,-1.0,-1.0,0.0,-1.0,-1.0,22516.369604491123,24468.05299206004,215847.15198366472,7159.014373588226,12963.447316486781,3758.526198330781,19517.25034794048,7181.731544826057,0.0,0.0,0,0,0.0,0.0,0,0,11.313677169904034,4.2865405511102415,31.239215789639854,7.431598017185315,9.061209684128794,1.0967197850898165,11.96914761356971,7.618156392762987,-565.6838584952018,64004,20000,400,40.89780521397188,18.937719296998694,18.004276641091565,77.83980115206214,1415.67770420968,19
35.40447,32.16486,529.1643,-533.3418,353.07214,-31.072191,-1048.7758,-534.7713,352.9848,-32.368137,-1048.9885,-535.6654,354.04935,-31.44642,-1043.1063,35.40447,64.81553,416.06885,8.583069e-06,32.16486,55.964027,449.26974,0.011428268,0.27953514,0.8424395,1.0,-1.0,-11.260821031144157,4.238707004226752,-7.579260812247341,-31.24587466011922,-563.0410515572079,33.62994912307632,-503.6097150885586,-617.9589118554575,0.321304,0.856985,1.0,-1.0,20,-11.582271206935403,4.424480227523736,-6.923784580917026,-27.45641774550412,-579.1135603467702,39.84730609524159,-483.97378004827095,-647.5741826111697,0.3280654605710603,0.7650871652778323,1.0,-1.0,0.25793424704221213,0.10281912952993894,0.43827598505656873,0.03590955361261028,0.2840518828285533,0.10188107535088914,0.43827598505656873,0.06962396190310978,0.38839437770829743,0.16951184628400642,0.6940928474835464,0.04581181188343347,0.43512406480369303,0.1729682061395075,0.6940928474835464,0.08184079615061107,0.25793424704221213,0.10281912952993894,0.43827598505656873,0.03590955361261028,0.2840518828285533,0.10188107535088914,0.43827598505656873,0.06962396190310978,0.015238095238095238,0.12249855383476971,1.0,0.0,0.0,0.0,0.0,0.0,37.707937871500924,6.123579800341647,53.68324960326235,12.391432095956329,37.14216783681566,3.657303764514424,41.51903423452648,27.02474096777322,-1.0,0.0,-1.0,-1.0,-1.0,0.0,-1.0,-1.0,22095.975393066536,22813.107002742076,168147.89123515092,6328.7012904282155,13896.55546497678,4531.169432043967,23815.05451763523,7574.818077875042,0.0,0.0,0,0,0.0,0.0,0,0,11.260821031144157,4.238707004226752,31.24587466011922,7.579260812247342,9.075633563984452,0.8736841038917008,10.593791015091153,7.605430929989696,-563.0410515572079,68004,21000,420,37.290222360010375,21.29541208599403,17.324638170997787,75.91027261700219,1491.5545607936874,20
28.678146,22.564983,548.8101,-554.87476,354.9437,-31.299685,-1015.82635,-554.40454,355.06274,-30.756508,-1025.1681,-555.80853,355.4512,-31.361782,-1030.2599,28.678146,55.79063,345.03336,0.0003150549,22.564987,35.879776,154.75708,0.00055074785,0.32573256,0.8303326,1.0,-1.0,-10.979126102679867,4.288992364745278,-7.143591722893088,-26.97097452899191,-548.9563051339934,41.919511440565415,-480.8230355292028,-640.2931298930089,0.3378748,0.8196387,1.0,-1.0,20,-11.75294725312538,4.296511533371558,-7.312493264426454,-27.05862417988131,-587.6473626562689,44.63243325306193,-510.3856780612274,-681.0586923985215,0.3720866257795711,0.7458826947432052,1.0,-1.0,0.29684661701561826,0.07889810752025916,0.44506299211067324,0.0757830479961342,0.3211276012931021,0.0760490602723021,0.4437630797158045,0.13267355876155273,0.4226441230748035,0.12986596466854408,0.7174979397476419,0.10470195367536965,0.4603373440842487,0.13380448052318283,0.7157498605759274,0.17787519968752907,0.29684661701561826,0.07889810752025916,0.44506299211067324,0.0757830479961342,0.3211276012931021,0.0760490602723021,0.4437630797158045,0.13267355876155273,0.0,0.0,0.0,0.0,0.0,0.0,0.0,0.0,40.05403108397322,5.295168046587058,55.32498373657012,16.553801465072038,39.16908420918711,3.7309850492781313,47.76858109139116,30.66896084894331,-1.0,0.0,-1.0,-1.0,-1.0,0.0,-1.0,-1.0,22549.74959431882,23043.406998242637,164169.7564606449,6990.692021336825,14238.092708458018,4359.381074514812,23105.98314645755,6990.692021336825,0.0,0.0,0,0,0.0,0.0,0,0,10.979126102679867,4.288992364745278,26.97097452899191,7.143591722893088,8.833183303989916,1.2359801833670316,12.731386239555345,7.238031792731517,-548.9563051339934,72004,22000,440,46.978232338966336,21.27171644000191,19.83133793414163,88.08128671310988,1581.5671285757926,21
20.837471,29.227951,552.0487,-554.19836,354.07016,-33.11122,-1014.61365,-553.2836,353.99078,-31.702888,-1009.56915,-554.64685,355.01004,-31.537119,-1013.2687,20.837471,50.59502,487.20108,0.0013556725,29.227951,76.8455,757.80676,0.0003521063,0.3291579,0.8342695,1.0,-1.0,-11.434384809112432,4.136053567804876,-7.696418925759082,-26.568812394273575,-571.7192404556215,44.98993993044374,-516.5252503178154,-699.1536848551643,0.3495819,0.8062667,1.0,-1.0,20,-11.674157527952104,4.426503068479491,-6.667414546632921,-27.070527550079394,-583.7078763976051,51.56916820850366,-506.37116548493367,-729.4189894021042,0.31762590258749573,0.7245420417976652,1.0,-1.0,0.2460314702542869,0.09799530180291606,0.4613490103988791,0.02730664439683854,0.27773885346373395,0.0940763813912316,0.4613490103988791,0.10954089023250838,0.375760159192775,0.16324244870302665,0.7630663563729552,0.03612801038531062,0.43337776803411143,0.16040959854114395,0.7630663563729552,0.12822216513094598,0.2460314702542869,0.09799530180291606,0.4613490103988791,0.02730664439683854,0.27773885346373395,0.0940763813912316,0.4613490103988791,0.10954089023250838,0.013333333333333334,0.11469767022723505,1.0,0.0,0.0,0.0,0.0,0.0,38.21523327372956,6.208428002738146,55.791301261258035,8.528733802219838,37.72799829102835,3.2144997794920434,43.952414238769386,31.746107360815092,-0.9990476190476191,0.030845970934669793,0.0,-1.0,-1.0,0.0,-1.0,-1.0,25248.90406604953,22049.393182505857,153573.67399365752,7160.246423052092,17160.300686196177,5924.181121505355,30273.166873664355,8199.803051249377,0.0,0.0,0,0,0.0,0.0,0,0,11.434384809112432,4.136053567804876,26.568812394273575,7.696418925759083,9.288733757671624,1.2339533297181016,13.227330646758764,7.879126077796932,-571.7192404556215,76004,23000,460,37.378273490961874,23.209425207001914,17.122714967168577,77.71041366513236,1657.0734187049238,22
19.936623,28.23833,567.8674,-572.60394,367.6365,-30.405214,-1069.0127,-572.08636,367.5,-30.536356,-1072.2869,-572.70184,366.9484,-31.044468,-1064.7332,19.936623,39.514908,229.45667,0.0016523749,28.23833,67.540855,588.2283,0.0014551915,0.32843593,0.8270575,1.0,-1.0,-10.96155554789567,4.296793497555474,-7.019535469197437,-26.77963085469473,-548.0777773947835,43.40723255571374,-485.44076702991134,-646.0472662237806,0.29631582,0.8181227,1.0,-1.0,20,-12.056618640006883,4.379963173679442,-7.958543714985138,-34.538883988948264,-602.8309320003442,51.972746427518494,-529.3123700508382,-707.1122257572835,0.28789779308592,0.72130352982009,1.0,-1.0,0.20775387535575424,0.09488955944214297,0.41543782750429953,0.010164747519509116,0.23408084145828806,0.09427408066687387,0.41543782750429953,0.06140846038368981,0.32100956892679255,0.15251727501577947,0.6538189015424398,0.011501713842619776,0.37125055610764396,0.15069490443403855,0.6538189015424398,0.10515890627969163,0.20775387535575424,0.09488955944214297,0.41543782750429953,0.010164747519509116,0.23408084145828806,0.09427408066687387,0.41543782750429953,0.06140846038368981,0.024761904761904763,0.1553986899380658,1.0,0.0,0.0,0.0,0.0,0.0,36.29727886480345,6.264418181931054,52.30946347691399,9.045777041031227,36.07411235612285,4.276293313333722,41.48532923010564,24.18917306999297,-0.9980952380952381,0.04360199292289371,0.0,-1.0,-1.0,0.0,-1.0,-1.0,22885.09625234403,22535.275074794656,155650.09142965375,6701.945525752397,14843.56028517206,5756.102008614518,27100.53391285773,6740.833698011191,0.0,0.0,0,0,0.0,0.0,0,0,10.961555547895669,4.296793497555474,26.77963085469473,7.019535469197437,8.758414041778975,1.1331607857078432,11.008774782893267,7.071901985764217,-548.0777773947835,80004,24000,480,44.20203538898204,20.999089271004777,18.720391424045374,83.92151608403219,1741.9247992139499,23
27.322617,35.396297,581.372,-586.14844,367.39114,-32.109802,-1082.3839,-584.19434,366.24057,-31.76613,-1078.8318,-585.4812,366.74228,-31.04705,-1084.5005,27.322617,61.573887,395.32623,3.1530857e-05,35.3963,67.02965,381.1384,5.4767588e-05,0.397042,0.7993383,1.0,-1.0,-11.427433626115478,4.082580756923395,-6.513576506509882,-27.52223889035567,-571.3716813057739,44.96602669349447,-458.9331530312719,-679.8294382550828,0.09980351,0.77015823,1.0,-1.0,20,-11.829998358699015,4.296245486133382,-7.341919480925844,-26.711673630837158,-591.4999179349508,32.379643159622134,-544.6528216181318,-641.1939162483145,0.19492674411129005,0.7063469718008651,1.0,-1.0,0.23066036217439156,0.1063439672521567,0.4343672844722138,0.03108475447013361,0.2476795781854888,0.10995846936929969,0.432108099294837,0.07630941754870503,0.34989017255066523,0.17000652492244403,0.6956262628913441,0.04536272177689621,0.38236474038070145,0.17904458597594752,0.6925055899638868,0.10509008583675156,0.23066036217439156,0.1063439672521567,0.4343672844722138,0.03108475447013361,0.2476795781854888,0.10995846936929969,0.432108099294837,0.07630941754870503,0.012380952380952381,0.11057877011023848,1.0,0.0,0.0,0.0,0.0,0.0,37.787116237446476,6.177276371736562,55.52115771711146,12.521695129025765,37.17700122250874,4.689550081610705,43.94896764449118,25.085801244282916,-1.0,0.0,-1.0,-1.0,-1.0,0.0,-1.0,-1.0,24223.843236897534,22517.728147334128,159903.35274302363,7797.511684000915,16421.154912726008,5825.408196280665,27419.43958523219,8015.18152723346,0.0,0.0,0,0,0.0,0.0,0,0,11.427433626115478,4.082580756923395,27.52223889035567,6.513576506509882,9.364192029191983,1.082621368201605,11.810220257077301,6.606072412700995,-571.3716813057739,84004,25000,500,38.19475749989215,21.914028799001244,16.711744366999483,76.82053066589287,1815.8718479248273,24
19.09847,16.984526,578.3487,-583.6023,390.03598,-30.717165,-1115.6986,-584.4497,390.97977,-30.448381,-1122.3783,-583.8506,390.85052,-30.96651,-1130.5289,19.098469,36.174675,219.93846,0.00027157366,16.984528,34.463898,299.02567,3.7252903e-07,0.26774338,0.8019341,1.0,-1.0,-11.466440267843863,3.9973142921229985,-7.524252668216575,-26.2642134622682,-573.3220133921931,31.872003453090922,-512.1585386626938,-631.6764760024313,0.15840456,0.7598173,1.0,-1.0,20,-12.265139877267414,4.951869784130343,-6.029462970424569,-29.092956546284984,-613.2569938633706,70.86300291613644,-516.4239698035808,-836.6178351445542,0.14223586172080566,0.6927782121828198,1.0,-1.0,0.21147792540575142,0.07961483131585921,0.36699851860979904,0.020816017745342644,0.23874925303305244,0.07014754875546793,0.36253841248804053,0.0846754806617019,0.3155058043911724,0.12096339523606424,0.5990037223742413,0.02782109838743712,0.3606840953139257,0.10966247648370508,0.597476079904936,0.14397649441566918,0.21147792540575142,0.07961483131585921,0.36699851860979904,0.020816017745342644,0.23874925303305244,0.07014754875546793,0.36253841248804053,0.0846754806617019,0.015238095238095238,0.12249855383476972,1.0,0.0,0.0,0.0,0.0,0.0,37.71842031225016,6.624963492732063,56.48712176265344,7.60034095433017,37.807235356440536,3.999696897252834,45.34002986702749,28.125365527976275,-0.9990476190476191,0.030845970934669793,0.0,-1.0,-1.0,0.0,-1.0,-1.0,25287.82842527083,21746.919859551115,156559.52691820162,7480.805819335083,17398.503314956146,4594.389958916099,30171.38723038004,8486.612221574207,0.0,0.0,0,0,0.0,0.0,0,0,11.466440267843863,3.9973142921229985,26.2642134622682,7.524252668216575,9.190199523469905,0.7373791672056166,10.434983316627843,7.787875393349941,-573.3220133921931,88004,26000,520,36.505824874206155,19.039643233001698,16.68439400113857,72.22986210834642,1889.3118550971776,25
19.198288,17.731623,579.81226,-582.37415,378.0359,-31.053757,-1058.9161,-582.4912,378.3944,-30.696518,-1058.0737,-582.8328,378.9773,-30.687027,-1057.3218,19.198288,38.750515,221.10223,5.2212417e-06,17.731625,52.445374,546.0311,0.00027302146,0.18168384,0.8019169,1.0,-1.0,-11.184066553957614,3.931716822697857,-7.451215029062778,-26.078070861921596,-559.2033276978807,36.819978726334874,-489.671012015839,-619.5899664512722,0.16254558,0.7317549,1.0,-1.0,20,-11.984041104797278,4.319403557503678,-5.013452623309118,-27.182414382159468,-599.2020552398639,31.00960155792351,-518.0607712652338,-663.6644013027159,0.13030484345656418,0.7195781676917536,1.0,-1.0,0.23516284456644518,0.08447288350309334,0.3957623870397467,0.020175480374263904,0.26410690966241246,0.07237473841243805,0.3937155057031532,0.15352376559088926,0.35656630919738885,0.14130871602643338,0.6822143224783098,0.033139837119583196,0.40364930407577926,0.13108080322150226,0.6789148810636152,0.19466071568522111,0.23516284456644518,0.08447288350309334,0.3957623870397467,0.020175480374263904,0.26410690966241246,0.07237473841243805,0.3937155057031532,0.15352376559088926,0.011428571428571429,0.10629185850136157,1.0,0.0,0.0,0.0,0.0,0.0,38.08928752721522,5.989539626128468,54.52520039296617,9.628402173369638,38.019742857640416,2.510199833596461,42.3310288268295,32.79167756683178,-0.9990476190476191,0.03084597093466979,0.0,-1.0,-1.0,0.0,-1.0,-1.0,25092.703171511097,20334.54810530033,147387.58458274606,7294.96187881617,18363.19308314275,4950.799852521019,27331.642011367298,8942.370283365928,0.0,0.0,0,0,0.0,0.0,0,0,11.184066553957614,3.931716822697857,26.078070861921596,7.451215029062778,9.112620204524887,0.9819776827471914,11.229521291051196,7.503796690420193,-559.2033276978807,92004,27000,540,34.41229948599357,20.268722187000094,16.331204649060965,71.01222632205463,1959.8036333302298,26
16.495312,17.20892,573.7175,-576.8192,389.82693,-29.572912,-1094.9735,-576.2902,389.7506,-29.40192,-1096.1227,-576.83215,389.60574,-29.737143,-1088.1456,16.49531,26.879591,169.58131,0.0009065763,17.20892,35.55236,323.03174,0.0004642047,0.27248,0.78422934,1.0,-1.0,-11.233146659488986,4.004378784848703,-7.141258991199537,-26.1455315568569,-561.6573329744493,35.27116776455473,-485.685391349187,-625.442022484252,0.161303,0.6954844,1.0,-1.0,20,-11.73942364004253,4.262168552013301,-7.336383003742498,-25.491357696473187,-586.9711820021264,31.730772115158217,-520.6290238344703,-643.2010318071473,0.17085378931408104,0.7122067371241976,1.0,-1.0,0.22269724769284077,0.09158667510173166,0.4386868461172148,0.019133786615493774,0.25766450595414525,0.07832545991809532,0.43716215806492215,0.10555116190615554,0.3396336349026694,0.14939156651000857,0.6978618389857519,0.02849137450040637,0.399095547616024,0.1313538428651634,0.6958627429771191,0.15017463556478375,0.22269724769284077,0.09158667510173166,0.4386868461172148,0.019133786615493774,0.25766450595414525,0.07832545991809532,0.43716215806492215,0.10555116190615554,0.03428571428571429,0.18196209517817893,1.0,0.0,0.0,0.0,0.0,0.0,37.20159639775417,6.857721247954042,54.58533362245171,8.826623422677079,37.218189376507645,3.180367451382954,42.617195043092906,28.760193184918514,-0.9990476190476191,0.030845970934669804,0.0,-1.0,-1.0,0.0,-1.0,-1.0,23025.727852803586,21852.036120963618,152176.98790184807,5603.963953011235,15358.79385559135,4849.225871505143,25090.702130820122,7456.821171879767,0.0,0.0,0,0,0.0,0.0,0,0,11.233146659488986,4.004378784848703,26.145531556856895,7.141258991199538,9.113236817238368,0.793832644283885,10.48447666025711,7.267020230312785,-561.6573329744493,96004,28000,560,42.001277126866626,19.72754472300585,18.328632566132,80.05745441600448,2041.0145795012286,27
19.99699,10.845428,603.40717,-611.17584,392.8201,-29.99018,-1187.7935,-609.90656,392.45453,-29.633015,-1183.1692,-609.681,391.94315,-29.717009,-1175.5664,19.99699,53.976753,403.1311,0.0027552247,10.845428,17.23148,89.8492,0.0003506047,0.22032993,0.8089452,1.0,-1.0,-11.077611173986726,4.350800489233241,-7.174736288216247,-26.853189345897988,-553.8805586993363,31.8054913177273,-506.58159122431283,-635.0817883197279,0.2006046,0.7144951,1.0,-1.0,20,-11.973387133895267,4.318694238654893,-6.7985687462865165,-27.139083291779926,-598.6693566947633,44.65427141268909,-510.13516907170373,-675.141630154318,0.1813154306830215,0.6826212389379847,1.0,-1.0,0.23469895917665118,0.100474615986935,0.4259058473907272,0.005182455043638452,0.25575572653511797,0.09879263056503886,0.42373129808296023,0.10953407309596284,0.36333618142630403,0.16254237436223065,0.7145335345786881,0.006704149519945496,0.4018250847637692,0.1612925320850794,0.7114876371838146,0.16053042526297245,0.23469895917665118,0.100474615986935,0.4259058473907272,0.005182455043638452,0.25575572653511797,0.09879263056503886,0.42373129808296023,0.10953407309596284,0.009523809523809525,0.09712418121129116,1.0,0.0,0.0,0.0,0.0,0.0,38.37219612803865,5.263261317357891,55.84262323513155,6.258849329152191,38.184231918210266,3.0483227453261437,44.12041821362154,31.514438206250702,-0.9990476190476191,0.0308459709346698,0.0,-1.0,-1.0,0.0,-1.0,-1.0,24614.564341651505,23133.98495654791,158367.78006194124,6872.113695806958,15863.263085867866,5379.621147298919,25390.63596039441,7104.237277219399,0.0,0.0,0,0,0.0,0.0,0,0,11.077611173986725,4.350800489233241,26.853189345897988,7.174736288216247,8.747892454290199,0.841624795808795,10.684302895897822,7.2267685958739385,-553.8805586993363,100004,29000,580,34.54831308302528,20.88056255000265,15.99555485509336,71.42443048812129,2110.3240320203477,28
20.962696,22.206179,596.83997,-601.7238,398.25623,-29.397366,-1144.2681,-601.6202,399.07446,-29.384338,-1145.7826,-600.4553,398.69638,-28.764362,-1145.6365,20.962696,41.771824,282.22113,0.0001706034,22.206177,50.25794,348.65488,8.381903e-07,0.32298967,0.7844861,1.0,-1.0,-11.260238982971412,4.255639793235592,-7.145147604668332,-28.678337835455906,-563.0119491485707,36.02871929329815,-500.9071647506229,-650.2872497048975,0.1471429,0.75613254,1.0,-1.0,20,-11.50824039404216,4.393450913099631,-7.534512064342599,-26.688637184682626,-575.412019702108,27.92529991091291,-530.1788227047949,-620.9562868194729,0.16576645855033278,0.7031631061885261,1.0,-1.0,0.24425588003890544,0.07662898411587468,0.3730781826748199,0.030566806492651543,0.27418908306496736,0.05956211612419398,0.36686174386242176,0.16608346753515385,0.3820296745581201,0.12748214663521962,0.6187375033437353,0.04649830827474925,0.4339696609097523,0.10052337729299016,0.6045666472912825,0.22956712737993157,0.24425588003890544,0.07662898411587468,0.3730781826748199,0.030566806492651543,0.27418908306496736,0.05956211612419398,0.36686174386242176,0.16608346753515385,0.006666666666666667,0.08137703743822466,1.0,0.0,0.0,0.0,0.0,0.0,39.13151968311251,5.6972117807721,55.83900196739828,14.701280848716854,39.05173692879971,2.521511478908628,43.9574931863498,32.60185506193522,-1.0,0.0,-1.0,-1.0,-1.0,0.0,-1.0,-1.0,24671.036045532466,22474.644640657567,183069.63752521924,5980.134797501364,17135.547571494382,5710.9067326177565,32339.634654321846,8773.535648370227,0.0,0.0,0,0,0.0,0.0,0,0,11.260238982971412,4.255639793235592,28.678337835455906,7.145147604668332,9.029362380696186,0.9588079185956851,10.85951503006204,7.17737569623416,-563.0119491485707,104004,30000,600,33.10142380797333,18.76964119799959,15.43701641800726,67.30808142398018,2175.9226779853198,29
22.419697,26.972668,596.9183,-599.28467,402.13373,-28.56019,-1179.392,-598.3418,401.60345,-29.38593,-1180.459,-599.68176,402.98505,-27.697914,-1169.5238,22.419695,41.67884,311.351,1.4204765e-05,26.972666,58.013393,441.01538,0.00022727624,0.25463653,0.805697,1.0,-1.0,-11.27437211831493,4.099911078554568,-7.467965714190534,-26.494397585427507,-563.7186059157465,33.80547159995359,-508.275029191742,-631.2842306470095,0.17358147,0.72175694,1.0,-1.0,20,-12.026180390098839,4.268040874110303,-7.949694808434206,-26.76746055863746,-601.309019504942,27.12116784028582,-562.3085716910309,-641.2240310895278,0.14425947378263612,0.7222220170754629,1.0,-1.0,0.23374802480055532,0.07930382994002089,0.4194931971250028,0.011070518915571656,0.25775045882001124,0.07009410880344569,0.4194931971250028,0.13214230390258616,0.35406857284466375,0.1306560011267371,0.6955766858081321,0.018090483240932403,0.39425944966401677,0.12196533728001588,0.6835824911311712,0.16526225680107082,0.23374802480055532,0.07930382994002089,0.4194931971250028,0.011070518915571656,0.25775045882001124,0.07009410880344569,0.4194931971250028,0.13214230390258616,0.014285714285714285,0.11866605518454393,1.0,0.0,0.0,0.0,0.0,0.0,38.77672188879413,5.736527163386741,54.73630990196514,8.725761617281025,38.61100892520368,3.192646595856645,43.26124871219517,31.287544397863652,-0.9990476190476191,0.030845970934669793,0.0,-1.0,-1.0,0.0,-1.0,-1.0,24067.778501116158,22102.594598413565,152773.9035422624,5456.725487118011,15970.547444175516,4314.297063197137,24712.763550523632,8094.542313973564,0.0,0.0,0,0,0.0,0.0,0,0,11.27437211831493,4.099911078554568,26.494397585427507,7.467965714190535,9.066344438877257,0.9091302772621239,10.836626467342763,7.521602913757237,-563.7186059157465,108004,31000,620,35.245423093932914,17.06437369500054,15.724585878160724,68.03438266709418,2245.4523097023994,30
18.306372,17.680187,603.3191,-608.1255,388.56256,-26.503237,-1075.2106,-608.93823,388.71426,-26.628927,-1076.1603,-606.3558,387.8491,-26.509186,-1077.0552,18.30637,33.248154,230.88454,3.5390844e-05,17.680187,25.873741,138.32332,0.0006073687,0.28680238,0.78807503,1.0,-1.0,-11.116544830636176,4.117741955795845,-6.739358836612371,-26.005745361059137,-555.8272415318089,35.4445974913496,-478.80956710112594,-637.3402407906639,0.14668165,0.7882174,1.0,-1.0,20,-11.992905755659773,4.629529182057967,-5.808698146632005,-27.255612137583718,-599.6452877829885,38.17529077737051,-506.1473150341695,-654.0611923246072,0.1530294253694486,0.694737780599934,1.0,-1.0,0.209515114048854,0.07258835949687377,0.3634214342060935,0.01913604873276959,0.23141250461444937,0.06840504689414932,0.3554004265024829,0.08872363448671211,0.3216685354410752,0.12430426705890131,0.5574500079418827,0.028621892757899683,0.3569806304798231,0.12210005903001112,0.545681180645824,0.12515661202198927,0.209515114048854,0.07258835949687377,0.3634214342060935,0.01913604873276959,0.23141250461444937,0.06840504689414932,0.3554004265024829,0.08872363448671211,0.017142857142857144,0.12980361933257767,1.0,0.0,0.0,0.0,0.0,0.0,37.304717499557505,6.649219473013335,55.509963222079065,6.638472098544411,37.033674311874485,4.305400171036051,45.68203211809937,28.95995803778336,-0.9990476190476191,0.030845970934669793,0.0,-1.0,-1.0,0.0,-1.0,-1.0,22817.244396167087,21715.220685043896,151247.53519307083,6362.1251627418715,14994.629957419962,5144.506749629091,26859.94893148621,8821.7329966565,0.0,0.0,0,0,0.0,0.0,0,0,11.116544830636176,4.117741955795845,26.005745361059137,6.739358836612371,8.948217491530741,1.0360670975848025,11.710549981137921,6.785136831063844,-555.8272415318089,112004,32000,640,31.8893947459801,18.578467665996868,14.481907876994228,64.9497702889712,2307.160344470365,31
17.453785,15.765306,602.7284,-604.38574,402.32208,-25.279106,-1171.1163,-604.32324,403.26627,-24.062363,-1174.3079,-605.62427,403.94626,-24.865993,-1179.609,17.453785,31.492811,238.9085,0.0005475297,15.765306,21.489895,116.84945,0.002616453,0.29426,0.80561876,1.0,-1.0,-11.258342847580193,3.9133978200714683,-7.845791195134072,-27.03569103714977,-562.9171423790098,27.577112048429548,-514.2162370656895,-614.6651227548789,0.14237309,0.75537664,1.0,-1.0,20,-11.847759704768112,4.469893541714942,-6.257471992249891,-26.552198319081608,-592.3879852384055,35.89459150877618,-523.510972893095,-671.4618167970528,0.14203231217572163,0.719337291861608,1.0,-1.0,0.23829054093573313,0.10396608961345073,0.44049259832055315,0.026027487615293835,0.25224422275663116,0.1077906583307625,0.44049259832055315,0.048631859888845594,0.3507614884424745,0.15432745244991736,0.6993992488718129,0.03654226231143509,0.37393066316362117,0.16226528309145738,0.6974734638060176,0.07673906860067378,0.23829054093573313,0.10396608961345073,0.44049259832055315,0.026027487615293835,0.25224422275663116,0.1077906583307625,0.44049259832055315,0.048631859888845594,0.03428571428571429,0.18196209517817896,1.0,0.0,0.047619047619047616,0.21295885499998,1.0,0.0,38.409685956970165,7.1036370058212315,57.929427029407094,15.210720333761167,37.51183372417906,5.955620524895659,46.90788981476655,23.174266840584533,-1.0,0.0,-1.0,-1.0,-1.0,0.0,-1.0,-1.0,24735.62827566593,20561.934515673307,149100.66437575128,6463.6104036852785,17691.829833834552,5340.553121424538,31076.87860263751,7976.709596753886,0.0,0.0,0,0,0.0,0.0,0,0,11.258342847580193,3.9133978200714683,27.035691037149768,7.845791195134072,9.159786377040234,0.7254887495443367,10.198687996449584,7.882697508787285,-562.9171423790098,116004,33000,660,26.177649503930297,15.317520411997975,13.698776350116532,55.193946266044804,2363.036666106418,32
14.464071,23.095089,613.12854,-617.0759,403.43213,-23.157848,-1158.8568,-616.48584,402.6096,-23.75726,-1152.6592,-618.33,403.46085,-23.794842,-1156.8827,14.464071,33.71837,323.49045,0.0006315785,23.095089,49.29669,410.65103,7.7448916e-05,0.23175083,0.8340042,1.0,-1.0,-11.212252430375141,4.129197001694832,-7.276978518961261,-26.508040923806643,-560.6126215187571,28.285371073047806,-508.3450108763113,-618.1066747484773,0.10421495,0.8093967,1.0,-1.0,20,-11.762149816603749,4.6120419178903616,-6.658183893836795,-26.49618501113693,-588.1074908301874,42.38148705408159,-491.1621300398548,-688.1888278086667,0.1497357176056859,0.7265032367900095,1.0,-1.0,0.2368759657945378,0.09643228127808724,0.44538777194727835,0.02178588845690786,0.2636281961254785,0.0892711230793734,0.4364823147983176,0.13592988959280136,0.36332943445697075,0.14747447809441372,0.7403356144141718,0.03730126082877329,0.4120169412580908,0.13630194338764898,0.728325717561292,0.1988390921932093,0.2368759657945378,0.09643228127808724,0.44538777194727835,0.02178588845690786,0.2636281961254785,0.0892711230793734,0.4364823147983176,0.13592988959280136,0.004761904761904762,0.06884205854667123,1.0,0.0,0.0,0.0,0.0,0.0,39.18899230315675,5.63613192386229,57.780686526609834,10.56488347231264,39.39333077157817,2.9955001515680593,46.5902194731628,32.648376114270754,-1.0,0.0,-1.0,-1.0,-1.0,0.0,-1.0,-1.0,23064.060898290063,21842.454162247566,163220.90391459854,6494.166945115191,15022.23023682257,4575.747349118332,26696.868480481226,8506.639117054508,0.0,0.0,0,0,0.0,0.0,0,0,11.212252430375141,4.129197001694832,26.508040923806643,7.276978518961261,8.939927965830222,0.8628851321042272,10.8412915967283,7.448887696325467,-560.6126215187571,120004,34000,680,33.80952371692547,16.006247276003705,14.566546063040732,64.3823170559699,2428.042724001374,33
19.01587,16.905636,623.36383,-627.76495,394.48373,-22.874006,-1213.5156,-627.7709,394.82156,-22.593052,-1213.7406,-628.58655,395.12277,-22.536537,-1218.7975,19.01587,44.154285,368.49283,0.00017861766,16.905636,45.240555,423.63007,0.00024134724,0.20981264,0.84005,1.0,-1.0,-11.27130538450484,3.9387903370307105,-7.103991133750774,-25.710165350147218,-563.5652692252419,31.343619723263906,-487.56789661128863,-616.7135517384038,0.11796338,0.79042983,1.0,-1.0,20,-11.758901912650844,4.411889529778345,-6.13218769463911,-28.02804874452888,-587.9450956325421,41.52074975631338,-468.20974535990575,-661.84094670506,0.13737865179991737,0.7390086709516868,1.0,-1.0,0.25405051265980394,0.08631617661078272,0.3887649495390228,0.019765408131314055,0.2789576194995079,0.07573705627685022,0.3887649495390228,0.14929483118035525,0.37714052596212055,0.12789753369650952,0.5985638416551649,0.02977174590529072,0.41990655606758104,0.10947106777199124,0.5797548648505294,0.23299837319699182,0.25405051265980394,0.08631617661078272,0.3887649495390228,0.019765408131314055,0.2789576194995079,0.07573705627685022,0.3887649495390228,0.14929483118035525,0.015238095238095238,0.12249855383476974,1.0,0.0,0.0,0.0,0.0,0.0,39.55937910467202,5.904557973494616,57.1611040702621,11.140229511626014,38.889046688473364,3.187377975503266,45.65673908541738,31.58933969174898,-1.0,0.0,-1.0,-1.0,-1.0,0.0,-1.0,-1.0,23705.624162966888,21075.836386148952,144185.74604659766,6990.158168818813,15967.067215390354,5393.996315498733,31156.59327071176,7260.4830229342415,0.0,0.0,0,0,0.0,0.0,0,0,11.27130538450484,3.9387903370307105,25.710165350147218,7.103991133750774,9.074021077918232,0.7242791212747615,10.149890644553949,7.16914593447697,-563.5652692252419,124004,35000,700,27.97970491205342,16.63380042600329,13.740389548933308,58.35389488699002,2483.1104507973578,34
18.57718,17.551405,615.3651,-618.9594,404.1515,-22.728296,-1162.3617,-619.3108,403.96036,-23.590818,-1158.4679,-618.69995,403.9907,-22.061169,-1156.5397,18.57718,37.400536,221.84706,0.0008583069,17.551405,49.68067,363.7653,0.007125322,0.20548566,0.8524657,1.0,-1.0,-11.19224022239312,4.1766212840342325,-6.37934091254929,-26.25518254180837,-559.6120111196561,45.4807229750431,-460.5714318485161,-663.8416628658456,0.16651115,0.79079705,1.0,-1.0,20,-11.93763116492598,4.123927137672548,-6.413561368956011,-25.96041828215026,-596.8815582462992,42.82038470663985,-526.0744685269666,-662.0424663710389,0.16597457878949015,0.7361362710697289,1.0,-1.0,0.2248998662133096,0.09144581554316378,0.4413379450759459,0.01567730831019827,0.2502979728614453,0.08611383534745853,0.43099990489738493,0.13503573327800036,0.33934884164955054,0.1522173164475724,0.7430045905269156,0.024939661461004875,0.38324001840840133,0.15160314674757555,0.7287465214406561,0.1635381391912209,0.2248998662133096,0.09144581554316378,0.4413379450759459,0.01567730831019827,0.2502979728614453,0.08611383534745853,0.43099990489738493,0.13503573327800036,0.02095238095238095,0.143224923406533,1.0,0.0,0.0,0.0,0.0,0.0,36.900576091101335,6.031041564966059,56.41737961655897,8.178063511548654,36.70214485817075,3.3413904196875377,44.94174861901821,29.631331288442194,-0.9990476190476191,0.030845970934669804,0.0,-1.0,-1.0,0.0,-1.0,-1.0,23527.200122894028,21852.12369665268,145857.84541675146,7137.588005843329,15520.178384486375,5351.323097629962,28218.105940969803,8960.875663609486,0.0,0.0,0,0,0.0,0.0,0,0,11.19224022239312,4.1766212840342325,26.255182541808367,6.37934091254929,8.795039825234605,0.9910045097912611,10.72859866657629,6.414770376943002,-559.6120111196561,128004,36000,720,31.607815839830437,13.349035562998324,14.499577108064841,59.4564285108936,2545.6364093762677,35
13.259499,14.917534,611.0783,-614.0895,402.22653,-21.107288,-1133.4497,-614.0779,401.8568,-21.196976,-1131.9473,-614.8124,402.16315,-21.220377,-1136.1774,13.259499,33.36352,307.01526,6.2957406e-07,14.917533,47.54722,466.2004,0.0008511692,0.22652866,0.8138144,1.0,-1.0,-11.144346478273016,4.20098953631904,-7.089713188052596,-27.985036501027047,-557.2173239136507,35.50064861099505,-494.45756222413536,-667.275925827563,0.09229626,0.77659774,1.0,-1.0,20,-11.761490436133906,4.368270320646725,-7.526581821929828,-27.476387795891345,-588.0745218066953,34.84895597359766,-533.3885852975792,-648.4165711785303,0.17265945076798395,0.7578722307252165,1.0,-1.0,0.21478310239363704,0.08474275267621814,0.39311854004885244,0.02000992236712104,0.23204992992023998,0.08116502194460903,0.38473165234428186,0.08109514884245242,0.31835209659026054,0.13090761146617863,0.637325830908453,0.0342049452066049,0.34490138832545986,0.13048122037472662,0.6228361502263291,0.09583321436425088,0.21478310239363704,0.08474275267621814,0.39311854004885244,0.02000992236712104,0.23204992992023998,0.08116502194460903,0.38473165234428186,0.08109514884245242,0.01619047619047619,0.12620754601529105,1.0,0.0,0.0,0.0,0.0,0.0,36.94569694455508,5.937054064904708,53.65132565304519,8.134565111784548,36.749635724923344,3.364533922519645,41.46461941934264,27.676655552853763,-0.9990476190476191,0.0308459709346698,0.0,-1.0,-1.0,0.0,-1.0,-1.0,24008.47463088393,21776.010009535625,178738.82193470502,5180.94720693696,16686.52687545333,4510.740119485538,25000.647830624996,8468.517245424073,0.0,0.0,0,0,0.0,0.0,0,0,11.144346478273016,4.20098953631904,27.985036501027047,7.089713188052596,8.952659673810404,1.1368271353730772,12.478535162699067,7.121249965282286,-557.2173239136507,132004,37000,740,28.786542798137816,16.40294581300259,14.179309764083882,59.36879837522429,2606.824672982475,36
20.189028,17.678337,614.4092,-620.41516,420.64966,-21.149288,-1202.099,-620.48914,420.35513,-21.093884,-1184.047,-620.0856,420.5424,-20.977478,-1188.4065,20.18903,45.86342,351.796,0.00038986,17.678337,47.58349,359.45697,0.00019027293,0.24690844,0.8059092,1.0,-1.0,-11.23845656069948,4.080133587699348,-7.173884251193404,-26.509164014427313,-561.922828034974,30.490077327789038,-496.90402017920695,-637.9229227850356,0.16681735,0.83476037,1.0,-1.0,20,-11.831302268182782,4.242687891230324,-7.067296840229281,-25.913888522541686,-591.565113409139,47.4092942826779,-514.9277609290288,-691.592553178216,0.17346655224762317,0.7311814855969254,1.0,-1.0,0.24459300833129413,0.09180578172574054,0.4218965177847804,0.04248139529087918,0.2686695187856622,0.0876806725866985,0.4161537396360353,0.09678634113779908,0.3699459763602916,0.14399099464071366,0.6421193123236344,0.06309783340512094,0.4157718345028422,0.1378676124606393,0.6407826718515701,0.11892734907329638,0.24459300833129413,0.09180578172574054,0.4218965177847804,0.04248139529087918,0.2686695187856622,0.0876806725866985,0.4161537396360353,0.09678634113779908,0.011428571428571429,0.10629185850136157,1.0,0.0,0.0,0.0,0.0,0.0,38.87645983919083,6.036422833575752,56.739619096714875,13.684897958753073,38.25283040377413,3.8059239133786233,45.33035270749532,27.581059032929314,-1.0,0.0,-1.0,-1.0,-1.0,0.0,-1.0,-1.0,24222.465060458795,21305.697579506308,149605.47086950077,7185.367181592281,16611.092676957607,3962.4481401789103,22348.362432299145,8525.79808371886,0.0,0.0,0,0,0.0,0.0,0,0,11.23845656069948,4.080133587699348,26.509164014427313,7.173884251193404,9.007680922785992,0.8093941429909014,10.318411383453654,7.173884251193404,-561.922828034974,136004,38000,760,25.450040912917757,18.229019291997247,13.373458318921621,57.052518523836625,2658.4801378483244,37
14.674012,12.157035,602.8704,-607.4095,417.91693,-20.89298,-1214.1643,-607.3462,417.23526,-21.41394,-1210.332,-606.4446,417.57785,-20.743595,-1204.9554,14.674011,42.67948,433.84637,8.606911e-05,12.157034,30.76209,259.43332,0.00052517944,0.28802428,0.84754044,1.0,-1.0,-11.203406508218714,4.269426765145531,-6.27357192321412,-27.981543257410962,-560.1703254109356,41.21596070104963,-455.38615412708816,-638.2356901406392,0.15836185,0.78107536,1.0,-1.0,20,-11.948519233240477,4.270189606475491,-6.735730140252089,-26.324252194853756,-597.4259616620236,39.46113643362258,-500.01185242639866,-683.3929793919076,0.16684344244226482,0.750143464314166,1.0,-1.0,0.25700975728541414,0.09621209367237518,0.47195520122728885,0.06072566065372974,0.28012392798929087,0.09188423784402151,0.4508152595206447,0.1223581934998569,0.4038205402914397,0.15934865082620672,0.7873551479294749,0.07938997257946925,0.4507592157917041,0.15209351607880606,0.7508482778107322,0.16895744651158656,0.25700975728541414,0.09621209367237518,0.47195520122728885,0.06072566065372974,0.28012392798929087,0.09188423784402151,0.4508152595206447,0.1223581934998569,0.0,0.0,0.0,0.0,0.0,0.0,0.0,0.0,39.63409640630954,5.303016011561417,58.25722146107275,20.227268130156066,39.10322155055525,3.240267839870573,47.04203229844738,32.15489018340214,-1.0,0.0,-1.0,-1.0,-1.0,0.0,-1.0,-1.0,22758.495751529244,23032.530501546305,177379.73727782286,3991.211639688285,14768.715681272703,5134.739104960526,25351.58387259152,7144.736428213287,0.0,0.0,0,0,0.0,0.0,0,0,11.20340650821871,4.269426765145531,27.981543257410962,6.27357192321412,8.989294202310802,1.1807322481811144,12.700391225246257,6.292455992444436,-560.1703254109356,140004,39000,780,35.548828585968295,12.862999409997428,15.322066756823915,63.73389475278964,2724.2033460421153,38
19.128141,19.13327,617.49,-619.6373,400.86343,-20.085314,-1144.525,-620.4423,401.84296,-20.22357,-1142.9298,-620.35974,401.32828,-20.92196,-1147.5677,19.128141,48.26528,386.00952,0.0015642643,19.133268,72.70395,782.43536,0.003159944,0.26246616,0.80859196,1.0,-1.0,-11.067482147328912,4.023140384774159,-7.5570451955690325,-25.81490397214079,-553.3741073664457,39.881108515047664,-489.4536425400816,-638.5426576001859,0.13791075,0.8030081,1.0,-1.0,20,-11.653647738231463,4.370356872476632,-7.50675350064055,-26.27345987987891,-582.6823869115732,34.176143030859926,-524.9700981515062,-665.9219993032505,0.15269185034186022,0.7216351587408761,1.0,-1.0,0.26995428204617244,0.08261692867530761,0.41410599772121454,0.03134473470649536,0.29215502602343973,0.07361224598472958,0.41336325005451763,0.16028971352403754,0.40202851345037566,0.1266279964207901,0.6215173459428082,0.04856008272462889,0.4418262657666161,0.11439116702772616,0.6205733793903456,0.2043438795141024,0.26995428204617244,0.08261692867530761,0.41410599772121454,0.03134473470649536,0.29215502602343973,0.07361224598472958,0.41336325005451763,0.16028971352403754,0.004761904761904762,0.06884205854667123,1.0,0.0,0.0,0.0,0.0,0.0,39.703194515524146,5.671368035080037,57.90754074957083,17.10728433269066,38.96736601455846,3.9951951642975594,46.51473240428306,26.1939986846144,-1.0,0.0,-1.0,-1.0,-1.0,0.0,-1.0,-1.0,22817.294700263887,21050.11368996113,148745.63754306795,5689.796352991241,15361.729751239958,3873.481781154154,23205.596026926098,7356.653524838718,0.0,0.0,0,0,0.0,0.0,0,0,11.067482147328912,4.023140384774159,25.814903972140794,7.5570451955690325,8.998252251580706,1.0586375557743084,11.10619057726823,7.5687248885861305,-553.3741073664457,144004,40000,800,27.04936882405309,14.825371981001808,14.137971920943528,56.012712725998426,2780.908423444118,39
17.710054,19.93372,625.20544,-626.68054,401.85892,-19.851767,-1163.6951,-627.1971,402.02957,-20.12352,-1165.0271,-629.0262,402.09064,-20.186644,-1163.9343,17.710056,26.289223,130.87366,7.301569e-07,19.933718,34.815453,222.21812,1.1578435e-05,0.25131923,0.818781,1.0,-1.0,-11.185279248020551,3.9527700244601247,-6.858321976528039,-25.788919359861186,-559.2639624010275,48.30264538889828,-466.0519282716941,-666.1923211013333,0.14513084,0.8227495,1.0,-1.0,20,-11.656384521716975,4.3802435062556935,-6.385850424820441,-26.340271705378022,-582.8192260858486,31.776778576107183,-532.0414155083361,-648.7944993771533,0.17287081693517375,0.7479036654389006,1.0,-1.0,0.23953034943350554,0.10310242373693142,0.42543874769258744,0.02078135347153439,0.25786622280370336,0.10624514260165907,0.4234893201714121,0.06372578438118078,0.35882666917076655,0.1623853479549549,0.6573787740632708,0.024525797653984355,0.39103131764628235,0.17070202319661076,0.6347798464915699,0.09311061552337252,0.23953034943350554,0.10310242373693142,0.42543874769258744,0.02078135347153439,0.25786622280370336,0.10624514260165907,0.4234893201714121,0.06372578438118078,0.02857142857142857,0.1665986255670086,1.0,0.0,0.0,0.0,0.0,0.0,37.112367535268255,7.098414579266814,56.75053919195368,12.322902787194778,36.14767831868734,5.531027571171065,45.31084811118824,21.301807010909357,-1.0,0.0,-1.0,-1.0,-1.0,0.0,-1.0,-1.0,23444.55616707495,20988.759620973055,140739.298964233,6450.702637074778,15731.039931389752,5124.136709854193,30694.17689205845,9759.504132617236,0.0,0.0,0,0,0.0,0.0,0,0,11.185279248020551,3.9527700244601247,25.788919359861186,6.85832197652804,9.01691074853837,1.0905856622041203,11.172156951339124,6.892801004530814,-559.2639624010275,148004,41000,820,26.37902583598043,15.513684486002603,13.823691694902664,55.716402016885695,2836.184123937004,40
13.01882,6.79702,599.13,-602.3207,415.8288,-20.37482,-1165.241,-602.5712,416.23935,-20.31005,-1170.0483,-602.32117,416.35565,-19.697445,-1173.93,13.01882,26.141697,147.90948,0.00010142103,6.797021,15.561865,123.354485,1.8030405e-06,0.20040698,0.8128919,1.0,-1.0,-11.075251077225987,4.095678881491981,-6.235355120379838,-26.3578119407096,-553.7625538612995,35.89243232616562,-467.51748758771396,-609.0341224359775,0.12504207,0.80975723,1.0,-1.0,20,-11.852443559012967,4.42436713753693,-7.1306743269808095,-26.930887649558283,-592.6221779506484,49.350704565165636,-524.4184002700767,-742.2839357741036,0.14906647803783846,0.7445295963156274,1.0,-1.0,0.25766091470803637,0.09741988419507175,0.4336954854054905,0.017581144990962354,0.28149539232537546,0.09480528252798053,0.43287618239282444,0.10227926981910425,0.3792672297147372,0.15208217498257248,0.7097548467902204,0.023870683417250654,0.41991360946734185,0.15096783111440876,0.708528277112111,0.15831817250529664,0.25766091470803637,0.09741988419507175,0.4336954854054905,0.017581144990962354,0.28149539232537546,0.09480528252798053,0.43287618239282444,0.10227926981910425,0.015238095238095238,0.12249855383476972,1.0,0.0,0.0,0.0,0.0,0.0,38.65180899669538,5.984564518012191,54.62193094585496,9.557826594568537,37.90608416382978,3.8996204575502316,42.46608706435616,26.23151794389542,-0.9990476190476191,0.030845970934669804,0.0,-1.0,-1.0,0.0,-1.0,-1.0,23244.55431526069,21879.367426679382,158299.58355091914,6276.406557617366,15227.447311166796,5429.669056304671,33216.045756079264,7140.446076491781,0.0,0.0,0,0,0.0,0.0,0,0,11.075251077225987,4.095678881491981,26.3578119407096,6.235355120379839,8.838143648156548,0.8803207216910627,10.152176765582453,6.235355120379839,-553.7625538612995,152004,42000,840,27.85007276302349,15.059167594001337,13.645726328082674,56.5549666851075,2891.8612543621202,41
15.055275,12.9917345,624.7833,-628.71906,415.38715,-19.481514,-1198.0745,-628.5017,415.2968,-19.59379,-1188.2227,-628.1859,415.3353,-18.923325,-1186.4315,15.055275,42.61745,419.8147,0.00022252803,12.9917345,33.998367,268.77164,0.0013998486,0.2200995,0.8101623,1.0,-1.0,-11.049175968541261,4.230860457745679,-6.972816395472252,-25.786879404193908,-552.458798427063,49.514835832415876,-485.42868196805983,-648.9420185584144,0.11920689,0.8046152,1.0,-1.0,20,-11.747910308020472,4.467246330582308,-6.443346329910003,-26.238250721975263,-587.3955154010237,45.82622391373392,-529.6765759904105,-703.3099171706552,0.16966630618274994,0.7405424471578665,1.0,-1.0,0.24125620390707364,0.09160253156815104,0.44381047526200984,0.03398557409000684,0.26058307954771953,0.0901974876899047,0.4299461967447617,0.09723417758294342,0.36787725334849375,0.14948664485462282,0.7275960828128507,0.051911578362042826,0.4050923071138842,0.15005192349352867,0.7097137312958546,0.12887225913867187,0.24125620390707364,0.09160253156815104,0.44381047526200984,0.03398557409000684,0.26058307954771953,0.0901974876899047,0.4299461967447617,0.09723417758294342,0.007619047619047619,0.08695399779438724,1.0,0.0,0.0,0.0,0.0,0.0,38.49588785956132,5.971948325534509,55.76334779516117,13.736767915780291,38.10562531461825,4.090365149188936,44.32286527296473,29.64351675074649,-1.0,0.0,-1.0,-1.0,-1.0,0.0,-1.0,-1.0,22754.799323542833,22111.758784615715,141573.27221382034,5394.172945998111,15151.920644158623,6089.8616271500505,27488.060060666052,5938.856589502366,0.0,0.0,0,0,0.0,0.0,0,0,11.049175968541261,4.230860457745679,25.786879404193908,6.972816395472251,8.923350574318471,1.3661463385670982,12.621131025425143,7.233942261295804,-552.458798427063,156004,43000,860,26.717157493781997,14.186640376996365,13.37648389707465,54.28028176785301,2945.159080874968,42
14.6460495,14.094753,608.88245,-613.46985,411.32016,-19.7426,-1131.6808,-613.4691,411.2278,-19.432549,-1129.7509,-613.09576,410.69247,-19.725397,-1130.4861,14.646049,32.460255,219.49786,0.00029592178,14.094752,34.133957,266.47165,2.8196722e-05,0.24479546,0.82026875,1.0,-1.0,-11.43635704616797,4.04331985527792,-8.035242793232522,-26.816556893800062,-571.8178523083985,30.098163409862646,-534.8285341177623,-657.5262216394839,0.18716224,0.7967999,1.0,-1.0,20,-11.583045882662454,4.504041146828338,-6.537499402408125,-25.925774521754857,-579.1522941331228,50.3513642900684,-494.7405134880782,-659.1101201731487,0.17341213385404558,0.7438407231852765,1.0,-1.0,0.26894459912644614,0.0932886960680802,0.47061175779597597,0.024721984053558382,0.2991364867832715,0.07876641947052378,0.4655549059280461,0.16458223407439934,0.40690603123745833,0.15609123476333442,0.7504177078890277,0.040089855710191996,0.4584221995414596,0.14151987029865348,0.7504177078890277,0.2405083954109582,0.26894459912644614,0.0932886960680802,0.47061175779597597,0.024721984053558382,0.2991364867832715,0.07876641947052378,0.4655549059280461,0.16458223407439934,0.009523809523809525,0.09712418121129118,1.0,0.0,0.0,0.0,0.0,0.0,39.13835369524567,6.022217687574079,56.69638110947813,10.498524090262295,38.614891516527074,2.6839163629962455,45.213682930977946,32.139444589173856,-1.0,0.0,-1.0,-1.0,-1.0,0.0,-1.0,-1.0,24421.42461314148,22232.76194062501,175099.00658890064,6013.670113647112,16685.771164419402,4860.263459247528,26159.196628745525,7991.6221755581055,0.0,0.0,0,0,0.0,0.0,0,0,11.43635704616797,4.04331985527792,26.816556893800062,8.03524279323252,9.288192849335418,0.6635297331511476,10.442759391938164,8.190623193315256,-571.8178523083985,160004,44000,880,29.2752359227743,13.219748752002488,13.72426388317399,56.21924855795078,3003.0594908799103,43
8.268769,11.682363,609.8751,-613.88745,416.6455,-19.178345,-1178.0951,-613.4043,416.66455,-19.570894,-1177.4272,-613.9779,416.8865,-19.103338,-1183.006,8.268768,15.963713,96.500885,1.4320016e-05,11.682363,33.060474,301.0513,8.95001e-05,0.20327944,0.8250837,1.0,-1.0,-11.076161537391199,4.131622493615916,-6.209090740897595,-26.333373968175717,-553.8080768695598,39.10185436884177,-455.047167223662,-620.8049460880325,0.17358708,0.79805714,1.0,-1.0,20,-11.917637028266075,4.29153861754445,-7.132815238642104,-25.87522932383604,-595.8818514133038,37.91278350223446,-525.2940939707998,-662.6132454223992,0.17615653726003042,0.7632907108960818,1.0,-1.0,0.2660342326732568,0.07650979896832101,0.4127311467822503,0.022426915945689917,0.29127392885819214,0.06286750067106307,0.40621301452929326,0.15974797026665905,0.4012378036139753,0.12203346898211202,0.6507487028561391,0.030862840742539144,0.44429623792122847,0.10190644009694481,0.6423981199606451,0.21371468014389816,0.2660342326732568,0.07650979896832101,0.4127311467822503,0.022426915945689917,0.29127392885819214,0.06286750067106307,0.40621301452929326,0.15974797026665905,0.005714285714285714,0.07537660547584525,1.0,0.0,0.0,0.0,0.0,0.0,39.9746636597376,5.52990686880851,55.26396173934717,9.428897804217826,39.438030214669006,2.774615714576384,43.71388309848333,33.737588345326465,-0.9990476190476191,0.0308459709346698,0.0,-1.0,-1.0,0.0,-1.0,-1.0,24094.306229867772,21649.348540737978,150334.60466545212,6850.333701276617,16468.594223973018,6124.838645952013,25998.171396070506,6867.291349544796,0.0,0.0,0,0,0.0,0.0,0,0,11.076161537391199,4.131622493615916,26.33337396817572,6.209090740897595,9.002349306945218,1.0661858975915657,11.056150373844,6.216764349413384,-553.8080768695598,164004,45000,900,32.128367693992914,14.89133383299486,14.605368000156886,61.62506952714466,3067.7169983760614,44
16.748604,18.613277,614.5611,-616.844,409.74408,-18.873713,-1144.5706,-618.5559,410.40137,-19.329975,-1142.4928,-618.22394,410.35336,-18.692265,-1144.1208,16.748604,30.910542,225.6615,0.000300467,18.613277,68.77408,682.8346,3.1329691e-06,0.26959452,0.79884464,1.0,-1.0,-11.1446859939825,4.084362479839005,-7.090130794723946,-27.662026896642683,-557.234299699125,42.17620419331869,-506.8643476271885,-667.5395652698513,0.18425874,0.86379194,1.0,-1.0,20,-12.063162273897833,4.276335766193896,-7.12957871590682,-26.771361960140926,-603.1581136948915,50.625538682551905,-493.3657878971755,-707.4525933468568,0.17536432338619518,0.7655511859527067,1.0,-1.0,0.2587860071089639,0.09489938257894392,0.4459065033546012,0.026576894808576664,0.28294124490101236,0.09348913262601186,0.4341070431313581,0.11856392615158028,0.3923777780654615,0.15689782244895994,0.7092811985910793,0.040455884391079416,0.4343984803344986,0.15888176208818128,0.6944731132309564,0.15641251013731736,0.2587860071089639,0.09489938257894392,0.4459065033546012,0.026576894808576664,0.28294124490101236,0.09348913262601186,0.4341070431313581,0.11856392615158028,0.006666666666666667,0.08137703743822468,1.0,0.0,0.0,0.0,0.0,0.0,38.36487359907998,5.927425517015156,56.68922232417823,11.239226632727316,37.66347583733521,3.9576992241677624,45.456345924985875,30.53315251554424,-1.0,0.0,-1.0,-1.0,-1.0,0.0,-1.0,-1.0,23435.132126375778,21208.70248939968,156723.5907550311,5476.085513142535,16252.384606733924,5319.269650606672,33613.59361126594,8310.710694033918,0.0,0.0,0,0,0.0,0.0,0,0,11.1446859939825,4.084362479839005,27.662026896642683,7.090130794723945,9.002423007105566,1.0236489497952612,11.537316034275594,7.2085446549244105,-557.234299699125,168004,46000,920,34.541858351898554,17.93468974300049,15.156542069067655,67.6330901639667,3133.484054436027,45
10.786784,8.979267,608.978,-610.54926,422.70923,-18.69645,-1148.8147,-611.07324,423.15048,-18.271534,-1154.3116,-612.07635,423.8582,-18.716587,-1157.7451,10.786785,19.639559,119.311356,0.0011865762,8.979267,19.4993,137.24329,0.000942532,0.31778547,0.79676723,1.0,-1.0,-10.969416935296517,4.06329428857676,-6.921155572831438,-25.92420030053609,-548.4708467648258,37.870381098576686,-482.09519869564457,-633.5657625890642,0.16875486,0.84272987,1.0,-1.0,20,-11.523258316987766,4.530323750058045,-6.602961372432333,-26.2019601683368,-576.1629158493884,45.542664063822585,-495.502613838381,-664.8188859385208,0.1762538676206931,0.7630260630420673,1.0,-1.0,0.27743260738251013,0.09639176240189888,0.46670132345967696,0.02408233788839331,0.3083726983701628,0.08195091475687857,0.46670132345967696,0.18638072486891763,0.4180223227434253,0.16186894329406643,0.7739014930112346,0.03144835433898116,0.47077691758398066,0.147437894891877,0.7739014930112346,0.24827720019399127,0.27743260738251013,0.09639176240189888,0.46670132345967696,0.02408233788839331,0.3083726983701628,0.08195091475687857,0.46670132345967696,0.18638072486891763,0.014285714285714285,0.11866605518454394,1.0,0.0,0.0,0.0,0.0,0.0,38.40888548934876,5.863728965522548,54.81449040467057,13.196151851323885,38.01389833244181,2.965570877428496,43.054536912954106,30.223533736836842,-1.0,0.0,-1.0,-1.0,-1.0,0.0,-1.0,-1.0,24032.68223953506,21256.991371288063,153961.0222962478,5294.8192651116005,16845.03268464073,6385.379388065323,30241.387904663567,6686.51145498044,0.0,0.0,0,0,0.0,0.0,0,0,10.969416935296517,4.06329428857676,25.92420030053609,6.921155572831438,8.845692261811909,0.9113698916586974,10.88378583758889,6.965498914814846,-548.4708467648258,172004,47000,940,29.93120830583939,16.056763446998957,13.832190819099196,59.820162571937544,3193.309417656972,46
12.412903,11.773051,607.94055,-609.9896,426.6453,-19.143703,-1236.8612,-610.00867,426.711,-19.145695,-1234.8394,-610.56824,426.349,-19.055208,-1239.4827,12.412902,43.850803,458.5464,2.9632487e-05,11.773052,29.380432,267.08624,0.00079858676,0.30513564,0.80420023,1.0,-1.0,-11.068542900401004,4.084183571552177,-7.319755356453066,-25.704890647451187,-553.4271450200501,25.01286980349763,-506.526970078258,-604.0713277382174,0.19726782,0.86007637,1.0,-1.0,20,-11.575804593577741,4.435083149855572,-6.97534545481546,-27.84042524999614,-578.7902296788873,41.8465070652747,-501.03024132347673,-671.4550321895632,0.19324310342244175,0.7576118157228056,1.0,-1.0,0.24658168587587398,0.08519655564686002,0.41726763764498015,0.03430053958527043,0.27335205292328,0.07429309780168764,0.4032698119165255,0.11493017572372832,0.36289678441036843,0.12981122288540028,0.618368266866617,0.04733268619337283,0.4056792237455516,0.11725504387432868,0.602297710384322,0.1738912388809635,0.24658168587587398,0.08519655564686002,0.41726763764498015,0.03430053958527043,0.27335205292328,0.07429309780168764,0.4032698119165255,0.11493017572372832,0.004761904761904762,0.06884205854667123,1.0,0.0,0.0,0.0,0.0,0.0,38.714178954051526,6.511485544604839,57.3835212592494,11.23639867273502,38.62870381821707,3.757902895680874,46.564857473819174,30.91154773155694,-1.0,0.0,-1.0,-1.0,-1.0,0.0,-1.0,-1.0,23413.44674135565,21666.3108015566,141004.93720740266,5108.836638163391,15256.023384107053,5245.780846070104,25211.153936950315,5506.492842461609,0.0,0.0,0,0,0.0,0.0,0,0,11.068542900401004,4.084183571552177,25.704890647451187,7.319755356453066,8.812531612137429,0.7810862212115466,10.32021426274413,7.46287556735982,-553.4271450200501,176004,48000,960,29.310364874057996,16.055564843001775,13.926690810869331,59.2926205279291,3252.59621144391,47
10.601055,9.618361,589.5018,-591.3929,420.93076,-19.362417,-1172.6117,-591.5515,420.94864,-20.076561,-1177.0769,-590.8384,420.75653,-18.32704,-1183.2372,10.601054,24.554125,138.6264,0.00029206276,9.6183605,20.856308,153.72427,0.003875792,0.2410727,0.80858237,1.0,-1.0,-10.872488903188506,4.325553891520631,-6.498637692408802,-26.87131503323405,-543.6244451594254,36.75407585684843,-470.39126418753926,-607.1309219095256,0.19147348,0.8413835,1.0,-1.0,20,-11.919488446327007,4.617891457964912,-7.070117797299422,-27.657753149530002,-595.9744223163503,61.41048901495427,-526.0346031775497,-777.0243019098593,0.19437903646778212,0.7423247828242039,1.0,-1.0,0.2201876774262916,0.07917330172372161,0.43353118217103653,0.03470997034512051,0.2400010399588177,0.07199643104941061,0.4213473695777414,0.1059691616214706,0.3243248672052127,0.11908218742931975,0.614282773300147,0.04345950987426678,0.3534471955441846,0.10814086065841816,0.5996459923119306,0.15501719710193185,0.2201876774262916,0.07917330172372161,0.43353118217103653,0.03470997034512051,0.2400010399588177,0.07199643104941061,0.4213473695777414,0.1059691616214706,0.015238095238095238,0.12249855383476972,1.0,0.0,0.0,0.0,0.0,0.0,37.628098924895234,6.034259782911891,55.39555804237922,13.634430149645961,37.54382109241723,3.573117680392631,43.68829315574112,31.538827488818814,-1.0,0.0,-1.0,-1.0,-1.0,0.0,-1.0,-1.0,23865.892158058818,22100.4609839442,156503.9589634356,5390.523566556061,15452.865914323853,4964.106975961063,29141.46303285736,5439.49583199123,0.0,0.0,0,0,0.0,0.0,0,0,10.872488903188506,4.325553891520631,26.87131503323405,6.498637692408802,8.44598050936862,0.9356518258649621,9.722375913268122,6.53708812260178,-543.6244451594254,180004,49000,980,24.4027466610205,16.066765295996447,13.061767821935064,53.53127977895201,3307.1875528448727,48
20.292202,16.160435,593.85144,-598.83344,411.862,-19.526506,-1150.9891,-598.13104,411.39755,-19.922655,-1148.8695,-597.49084,411.88715,-19.513067,-1165.189,20.292202,70.67109,713.00635,0.0009851644,16.160435,52.270947,431.10663,9.0658665e-05,0.21123248,0.8274791,1.0,-1.0,-10.775384640247403,4.1101686232414085,-6.7064570717423955,-26.140937305061634,-538.7692320123701,30.796337860264924,-467.5505221996337,-595.5389272630662,0.20280516,0.8431388,1.0,-1.0,20,-11.744912240076264,4.518536079398826,-6.259583864114326,-27.341278123123217,-587.2456120038131,48.24468808471217,-500.1774723409572,-712.1354281438788,0.18356353952420487,0.7324710428567963,1.0,-1.0,0.2714988174402078,0.08768055621012644,0.46867621054292913,0.03430844537123612,0.2982926413684238,0.08083084238124412,0.46627769414229403,0.08882222024019368,0.4178456514190858,0.1501723769030842,0.7701386809485762,0.05142950144148717,0.4663064782202278,0.1416790772444901,0.7669266180032093,0.10329981489825468,0.2714988174402078,0.08768055621012644,0.46867621054292913,0.03430844537123612,0.2982926413684238,0.08083084238124412,0.46627769414229403,0.08882222024019368,0.005714285714285714,0.07537660547584525,1.0,0.0,0.0,0.0,0.0,0.0,40.17815128839397,6.2314711123385065,57.97718532048192,16.27099040613744,39.58346075027583,4.385938840521973,47.070064017023654,25.34477129028819,-1.0,0.0,-1.0,-1.0,-1.0,0.0,-1.0,-1.0,22556.556694665374,21200.257226831352,146182.84230732298,5415.760239178798,14871.15099647592,4970.970058002592,25017.083641616813,6347.168456579616,0.0,0.0,0,0,0.0,0.0,0,0,10.775384640247403,4.1101686232414085,26.140937305061634,6.706457071742395,8.574121069346338,0.8535911953342347,10.148046204835582,6.792845772151405,-538.7692320123701,184004,50000,1000,28.196098203930887,17.118895015999442,13.669763354118913,58.98475657404924,3365.0770969519144,49
10.062941,9.643785,592.3781,-595.26404,420.344,-19.578674,-1177.7253,-594.8605,419.9598,-19.431246,-1181.1062,-595.93616,421.0412,-19.5506,-1176.0337,10.062941,20.721735,147.59937,0.0007881643,9.643785,15.708724,97.7967,0.00062927976,0.27101108,0.8027239,1.0,-1.0,-11.087820364213432,4.072312475119949,-6.607692482379806,-26.349617822690245,-554.3910182106716,43.255794052740775,-476.69880969931614,-628.4961516224886,0.19092937,0.85284287,1.0,-1.0,20,-11.937855087021877,4.426557229455972,-7.4077108895105335,-27.39833115584779,-596.8927543510939,40.33989340841846,-542.5205383582206,-677.952834663155,0.19794923393740488,0.7608714064240598,1.0,-1.0,0.2391702239232543,0.08310099282589782,0.40516386505969204,0.02887736365887232,0.2630976806664569,0.07782187817816462,0.40516386505969204,0.06892146404765839,0.35131670310202884,0.12231688022679973,0.648173769484564,0.042521123172942876,0.38729864389029245,0.11505487060197421,0.648173769484564,0.10470594676822992,0.2391702239232543,0.08310099282589782,0.40516386505969204,0.02887736365887232,0.2630976806664569,0.07782187817816462,0.40516386505969204,0.06892146404765839,0.025714285714285714,0.15828158839388046,1.0,0.0,0.0,0.0,0.0,0.0,38.9597819242266,6.21179771974736,57.70105514378296,13.892622212583229,38.994672650788694,3.7625327597213354,46.57490087775169,29.785893412264507,-1.0,0.0,-1.0,-1.0,-1.0,0.0,-1.0,-1.0,25204.20993876293,21252.77334927825,145158.73700376632,5453.291750082823,17211.087968416916,7073.419498204692,35704.85048194178,6325.947457562181,0.0,0.0,0,0,0.0,0.0,0,0,11.087820364213432,4.07231247511995,26.349617822690245,6.607692482379806,8.937645807579585,1.2291746423336656,11.129997328995458,6.793094121456816,-554.3910182106716,188004,51000,1020,29.913523593982973,16.023247300996445,13.91053179102164,59.84730268600106,3426.8941970559245,50
9.258271,11.878266,597.8612,-600.71576,427.019,-20.39391,-1202.3112,-600.3124,427.145,-20.467106,-1204.6976,-599.90625,426.94592,-19.78797,-1201.7988,9.25827,18.438143,108.5328,0.0004642047,11.878266,25.30115,154.44252,1.8253922e-05,0.26123437,0.82555854,1.0,-1.0,-10.928976573704242,4.3211908998072985,-5.703182271009049,-27.062159607355305,-546.4488286852122,41.90569290894101,-450.258365858474,-615.9371910374488,0.21144338,0.8288978,1.0,-1.0,20,-11.403703764553706,4.4511865785610265,-6.683818079546997,-26.628539395352373,-570.1851882276853,40.98351549573638,-509.5446489359135,-680.8735030346452,0.19214936908125438,0.7813856220123865,1.0,-1.0,0.22255435926851533,0.07595813045882292,0.34975994785400827,0.0351884139217547,0.24320666716130113,0.0686412520883894,0.33659593097900853,0.10430918959259328,0.33463682532290356,0.11774752368772458,0.5387678026758542,0.05883220897392241,0.3687759342505122,0.10711902518100831,0.522116808692061,0.14083441550623488,0.22255435926851533,0.07595813045882292,0.34975994785400827,0.0351884139217547,0.24320666716130113,0.0686412520883894,0.33659593097900853,0.10430918959259328,0.013333333333333334,0.11469767022723505,1.0,0.0,0.0,0.0,0.0,0.0,38.494922911325126,6.5448496045758615,56.668410855849274,14.836365953619742,38.53949365664583,4.494275507632077,45.38752883703962,28.700055124818622,-1.0,0.0,-1.0,-1.0,-1.0,0.0,-1.0,-1.0,22958.727255332604,22600.83999217293,152149.334842856,6083.115964290608,15188.225691144276,5896.190546549411,25562.98606996086,6728.313492283308,0.0,0.0,0,0,0.0,0.0,0,0,10.928976573704244,4.3211908998072985,27.062159607355305,5.703182271009048,8.679361208695,1.1526159029506915,10.525544997760726,5.739654544683898,-546.4488286852122,192004,52000,1040,28.7766402210691,18.002089637004246,13.822459048984456,60.601188907057804,3539.308301875979,51
10.431438,14.579069,604.6833,-607.08594,411.99875,-19.74348,-1176.6954,-607.21497,412.26907,-19.754137,-1182.9027,-607.11884,412.21088,-19.127298,-1173.2141,10.431438,30.567484,296.5484,0.00010389462,14.579071,38.796204,293.20084,0.00032749865,0.2584603,0.8078371,1.0,-1.0,-10.986568778341784,4.082578911680141,-6.638437367732113,-26.364341936162425,-549.3284389170892,34.54367378039231,-459.1372639242187,-601.381732934194,0.2219691,0.8235249,1.0,-1.0,20,-11.404597234233428,4.404985891355772,-7.128889001464809,-26.15320507936158,-570.2298617116713,36.271484334009386,-516.5891195204757,-648.8503821155198,0.20312131801439792,0.7762061554576271,1.0,-1.0,0.23830478478556724,0.08977113176283304,0.4091343709617854,0.0059512736405069235,0.26459158707416847,0.08225474400887259,0.40553903278334413,0.13375425304347632,0.36846067131521765,0.1526273456714262,0.6987641907762412,0.010125465186851229,0.414355405513852,0.14515855132905467,0.6827914900337951,0.1851328857940518,0.23830478478556724,0.08977113176283304,0.4091343709617854,0.0059512736405069235,0.26459158707416847,0.08225474400887259,0.40553903278334413,0.13375425304347632,0.01619047619047619,0.12620754601529105,1.0,0.0,0.0,0.0,0.0,0.0,38.26830591364106,5.632740767388628,57.756487441666536,7.859536776369225,38.26222209734739,3.0497424244739055,46.81222857682706,32.38017653398703,-0.9990476190476191,0.030845970934669793,0.0,-1.0,-1.0,0.0,-1.0,-1.0,23155.371663955542,21075.78852187043,154776.22615959233,7413.530288626908,15526.13340384783,4115.205514719712,27938.078780094645,11165.116250603269,0.0,0.0,0,0,0.0,0.0,0,0,10.986568778341784,4.082578911680141,26.364341936162425,6.638437367732113,8.788554738416561,0.8767623623967622,10.25201902369965,6.713623886480012,-549.3284389170892,196004,53000,1060,27.647306326049147,13.812045222999586,13.618343941081548,55.07769549013028,3594.236861448102,52
11.269035,12.001427,607.3651,-609.8877,398.3946,-18.59115,-1182.2987,-609.70807,398.27252,-18.636517,-1182.0415,-609.9632,398.36505,-18.59693,-1166.1063,11.269037,30.39636,262.19327,3.580004e-06,12.001427,26.466879,253.92998,0.00065870676,0.25508332,0.78933907,1.0,-1.0,-11.129598425143516,3.976888089419127,-6.4046540844775155,-25.307900812116536,-556.4799212571758,37.54154628410471,-469.2603585849246,-614.3334302964595,0.20091094,0.80619764,1.0,-1.0,20,-11.974073347828908,4.6151672323216095,-7.098750897053448,-27.04422733911782,-598.7036673914453,44.08898394789017,-519.4767342585083,-685.8468444860655,0.1957035979003997,0.7389555990989006,1.0,-1.0,0.26473818734149057,0.08740416615263412,0.4378785734058672,0.041067152086717504,0.2875913583731887,0.08482996258842294,0.42736401358547277,0.10997068008528003,0.39599646133158994,0.1345716916244572,0.6953624110738287,0.05347407818646631,0.4382841778003476,0.12751820983147394,0.679790525254317,0.166509404727551,0.26473818734149057,0.08740416615263412,0.4378785734058672,0.041067152086717504,0.2875913583731887,0.08482996258842294,0.42736401358547277,0.10997068008528003,0.0009523809523809524,0.030845970934669804,1.0,0.0,0.0,0.0,0.0,0.0,39.31943093534298,5.351214358513134,56.6102036359996,16.881380947173227,38.53838752047929,3.13986426901578,45.28937637522454,34.244252808933325,-1.0,0.0,-1.0,-1.0,-1.0,0.0,-1.0,-1.0,23536.83728400942,20691.9530466759,134662.28345835683,7066.1767103017255,15803.903473629824,4902.528327430222,30666.295114552086,9373.411447667533,0.0,0.0,0,0,0.0,0.0,0,0,11.129598425143516,3.976888089419127,25.307900812116532,6.4046540844775155,9.008167450879679,0.9907815759135793,10.449759835641801,6.729574313032699,-556.4799212571758,200004,54000,1080,23.934280050139932,13.646925176995865,13.030227249822929,50.611432476958726,3647.1222675260724,53
42.649284,35.321976,606.23486,-608.3015,414.1658,-17.472725,-1194.0782,-609.81396,415.3241,-17.340748,-1193.7666,-610.0092,414.78476,-17.886486,-1195.9446,42.64928,329.25668,3736.6387,0.00016664062,35.321976,294.04135,3341.7488,6.589666e-05,0.2613553,0.78757167,1.0,-1.0,-11.095586478117937,3.9953564610416112,-7.461834680178867,-25.759808738921656,-554.7793239058968,31.23243332870294,-507.10432180756527,-617.8049388245628,0.20516323,0.8813365,1.0,-1.0,20,-11.651854378364522,4.3425663777870716,-6.185731533725404,-26.10164685202824,-582.592718918226,43.2419130357626,-494.39200990782683,-676.4606049330617,0.21046259941093426,0.7531794635156612,1.0,-1.0,0.25196390744513064,0.10476574525692056,0.4002721742859928,0.015690734409086693,0.2732086156638308,0.10532975669713297,0.3924772349445638,0.03686141542888866,0.3765417278965985,0.16394052746692223,0.6685880040505197,0.026137768823073476,0.41309007397044956,0.16726310783187406,0.6685880040505197,0.059084346405968824,0.25196390744513064,0.10476574525692056,0.4002721742859928,0.015690734409086693,0.2732086156638308,0.10532975669713297,0.3924772349445638,0.03686141542888866,0.04476190476190476,0.20678074534151125,1.0,0.0,0.047619047619047616,0.21295885499997996,1.0,0.0,37.55831242492316,6.399699233436897,54.36969170065947,8.492739735792885,36.87649125954348,4.425391542360571,42.94828520261832,23.711727980670165,-0.9990476190476191,0.030845970934669793,0.0,-1.0,-1.0,0.0,-1.0,-1.0,24100.91041116056,20876.48285391829,137401.90551476873,7886.759919309622,16158.35690081935,6114.003289059606,30885.412618905233,8405.334690872016,0.0,0.0,0,0,0.0,0.0,0,0,11.095586478117937,3.9953564610416112,25.759808738921652,7.4618346801788675,8.93675006766476,0.7429394814244027,10.092379024884934,7.702428714558238,-554.7793239058968,204004,55000,1100,28.98578945407644,15.912344659001974,13.97683082598087,58.87496493905928,3705.7641280461394,54
18.209297,13.105885,606.4347,-609.3839,400.49478,-17.711689,-1223.2485,-610.3263,400.78134,-17.88038,-1225.3046,-610.7571,401.271,-17.159735,-1228.7445,18.2093,38.378075,287.17258,4.6617934e-06,13.105885,29.026613,240.25757,3.772002e-07,0.2638733,0.81823397,1.0,-1.0,-10.880916351608068,4.313740514166621,-6.249630115900103,-25.93442729625457,-544.0458175804034,34.26159229383717,-461.42090459781974,-614.20711873805,0.22559308,0.853262,1.0,-1.0,20,-11.64449606165154,4.298387214070285,-7.190121398628601,-27.098974237214595,-582.2248030825771,35.76794749550749,-527.0471137225246,-649.3275178091782,0.19565310299244576,0.7433369496288917,1.0,-1.0,0.2315310901306886,0.08877983324287303,0.3768977859140512,0.012021229387964757,0.25093631512914055,0.08694329623674092,0.37478332693419675,0.07328147054655479,0.3371606275375389,0.13490468335956574,0.6008102512025326,0.019375517220617616,0.36580283835372757,0.1341086565317689,0.6008102512025326,0.101374813208365,0.2315310901306886,0.08877983324287303,0.3768977859140512,0.012021229387964757,0.25093631512914055,0.08694329623674092,0.37478332693419675,0.07328147054655479,0.015238095238095238,0.12249855383476972,1.0,0.0,0.0,0.0,0.0,0.0,36.966847895049185,6.722705921434349,55.9578254710585,9.452193397057568,36.23500611452663,5.579363002272605,44.704779140154706,20.48007968674424,-0.9990476190476191,0.030845970934669793,0.0,-1.0,-1.0,0.0,-1.0,-1.0,21960.30155859388,22313.115624066406,149636.49623889945,5959.027014310311,13403.143953990751,4118.878159935198,20385.133119313035,6158.972456308593,0.0,0.0,0,0,0.0,0.0,0,0,10.880916351608068,4.313740514166621,25.93442729625457,6.249630115900102,8.555901730543653,0.9234772496990699,10.737360628648236,6.469058609450371,-544.0458175804034,208004,56000,1120,25.918863158876775,15.703561845002696,13.009226917965862,54.63165192184533,3760.6355643279894,55
12.849188,12.545969,614.2049,-616.75183,407.79904,-17.679546,-1139.8041,-617.2173,408.08145,-18.209866,-1139.546,-617.29535,408.48703,-16.96287,-1143.2988,12.84919,27.87602,200.96489,0.0018774229,12.545969,32.324936,213.39104,8.95001e-05,0.29187003,0.79376644,1.0,-1.0,-10.708240139731469,4.296530144245119,-6.165773593427183,-27.01600801706953,-535.4120069865734,36.11878842306866,-454.3079654636318,-596.8387582454892,0.22645426,0.821761,1.0,-1.0,20,-11.408249618067748,4.417941885782096,-6.982580332579159,-25.863976262554115,-570.4124809033874,50.58835656440015,-498.97631911010717,-727.3695295211884,0.1874615657403504,0.7734460165503642,1.0,-1.0,0.21967398499365254,0.07894109583858305,0.3990076496348209,0.012748809798568999,0.24109680737789244,0.07453385166074873,0.3824260776350113,0.02047367337096905,0.33176074015980467,0.12346016099174767,0.5606831006895694,0.018204821769373547,0.36903728624083004,0.11693946559665927,0.5351179884480257,0.0327628092320105,0.21967398499365254,0.07894109583858305,0.3990076496348209,0.012748809798568999,0.24109680737789244,0.07453385166074873,0.3824260776350113,0.02047367337096905,0.040952380952380955,0.19817992695203018,1.0,0.0,0.047619047619047616,0.21295885499998,1.0,0.0,37.37737030252814,7.100300808629679,55.144755716613545,9.942879538538005,37.009540731796584,5.916716603207705,44.93345089809693,14.375695025238597,-0.9990476190476191,0.030845970934669793,0.0,-1.0,-1.0,0.0,-1.0,-1.0,22937.5097003524,22217.154735955995,169132.2118854904,5108.730573533327,15118.810953271803,5093.2277283160265,25368.643108970467,6693.408386620017,0.0,0.0,0,0,0.0,0.0,0,0,10.708240139731469,4.296530144245119,27.01600801706953,6.165773593427183,8.470111522117868,1.0907951458354903,11.260473274823111,6.317862386490466,-535.4120069865734,212004,57000,1140,27.928778777946718,15.914432951998606,13.454852654904244,57.29806438484957,3819.4378054838307,56
12.285669,14.7668085,590.831,-591.1698,413.3378,-16.854996,-1121.3195,-591.0305,413.3782,-16.571142,-1120.6418,-592.5116,414.239,-16.485474,-1131.8907,12.285669,28.878197,234.61006,1.4901161e-06,14.7668085,37.361153,312.2887,1.3762565e-05,0.2538208,0.80225205,1.0,-1.0,-10.971247831294198,4.122728585757057,-6.287708553133467,-26.653507957158844,-548.56239156471,35.46943653124387,-468.17940865341967,-612.3536141511152,0.203647,0.90126884,1.0,-1.0,20,-12.170854650262596,4.58638200240694,-6.280616420505971,-25.345099951869553,-608.5427325131297,89.49155331253966,-484.06281717938566,-946.5590692802908,0.18063649076822388,0.7661567004151829,1.0,-1.0,0.21637083493065742,0.08255862080190274,0.41279593949703675,0.022359340979212175,0.23907350361494714,0.07453467723910753,0.41279593949703675,0.12990085521249042,0.32787226615069,0.13408946506736574,0.6551275156623204,0.03439271622475085,0.36613188182851697,0.12527660742258895,0.6551275156623204,0.20178431870587488,0.21637083493065742,0.08255862080190274,0.41279593949703675,0.022359340979212175,0.23907350361494714,0.07453467723910753,0.41279593949703675,0.12990085521249042,0.015238095238095238,0.12249855383476972,1.0,0.0,0.0,0.0,0.0,0.0,37.10198447428396,5.6763889199587965,56.429135793467005,13.060274311451115,37.026324760677966,3.466509908922413,45.262275880022784,30.541993201361855,-1.0,0.0,-1.0,-1.0,-1.0,0.0,-1.0,-1.0,21899.30491541993,21677.252241364713,160258.0809704131,6678.516241142841,13887.458334145902,4300.640627396952,25915.494355336952,7350.531313640756,0.0,0.0,0,0,0.0,0.0,0,0,10.971247831294201,4.122728585757057,26.65350795715884,6.287708553133466,8.783531504156029,0.946098032749425,10.600928738016965,6.6881706614284235,-548.56239156471,216004,58000,1160,28.660612585008494,17.44660457199643,13.748381220975716,59.85559837798064,3879.336288092818,57
11.728819,11.414941,605.30347,-608.0089,413.82483,-16.186354,-1149.7262,-608.9323,414.2901,-15.866425,-1148.3268,-609.1908,414.68387,-16.685484,-1145.3397,11.72882,24.575325,191.71533,0.0002127923,11.414942,22.775478,148.98181,0.00055218115,0.24805136,0.83176255,1.0,-1.0,-11.058887710018526,3.9422360022978205,-7.81490432488441,-26.364459617366524,-552.9443855009263,31.702787188930156,-501.70638929281523,-634.1264872961492,0.21029809,0.8718342,1.0,-1.0,20,-11.788304354097196,4.2215713353972495,-6.902458819691798,-27.380616468355985,-589.4152177048597,39.78958562350849,-521.3528700738656,-668.4675985812513,0.18676557024042623,0.7689897633739322,1.0,-1.0,0.25604835378315005,0.10631818037189737,0.44560997244037753,0.021901428960962484,0.27528334347208905,0.11143938160749563,0.44560997244037753,0.07496833080447694,0.3760083178625532,0.17305484577676689,0.7237760771066084,0.024955675847037423,0.40882642220166315,0.18844193292242586,0.7237760771066084,0.10216400089198413,0.25604835378315005,0.10631818037189737,0.44560997244037753,0.021901428960962484,0.27528334347208905,0.11143938160749563,0.44560997244037753,0.07496833080447694,0.009523809523809525,0.09712418121129117,1.0,0.0,0.0,0.0,0.0,0.0,37.42778141714293,5.923513824538354,54.28940277929962,16.882423082908648,36.602259635755416,3.98046528010552,42.475321735746405,28.082311047554942,-1.0,0.0,-1.0,-1.0,-1.0,0.0,-1.0,-1.0,22900.11255333413,21177.521796865407,143193.9682057303,5210.509351008724,15675.624706611668,6332.7795222505,33589.70582678652,7388.284287415553,0.0,0.0,0,0,0.0,0.0,0,0,11.058887710018526,3.9422360022978205,26.364459617366524,7.81490432488441,9.00309070850125,0.8000487282285395,10.932971738652467,7.888007619249809,-552.9443855009263,220004,59000,1180,34.363458794025064,17.492890980000084,14.69852400887612,66.55487378290127,3944.3817400317057,58
23.542316,6.7560854,598.70703,-599.9437,418.10226,-16.15346,-1223.7,-600.8641,419.32837,-16.055958,-1207.8356,-600.9359,419.6286,-15.768382,-1225.7953,23.542318,49.31932,305.2852,0.00040200446,6.7560854,29.598192,322.55142,0.00037420308,0.20042579,0.82259685,1.0,-1.0,-11.083469668036292,4.2699352341459305,-7.166030797331918,-26.68423268130952,-554.1734834018146,40.312453170356456,-482.8300288848533,-609.2396575693568,0.19783634,0.84341115,1.0,-1.0,20,-11.508659980401198,4.0267683453848795,-7.706737975188608,-25.79264703600627,-575.4329990200598,27.358533666600685,-533.9221977478286,-641.3892948951092,0.21097627900457958,0.7809855721929364,1.0,-1.0,0.2723297020214215,0.0909293493495059,0.451120783332991,0.03867812295339712,0.29151440791125216,0.0869073785135276,0.43632130948673914,0.1147621764109081,0.39210718770827724,0.1390712445558342,0.6953939070622498,0.05438630924459725,0.42122634245028856,0.13761727536351978,0.6833239759695304,0.14917428496900936,0.2723297020214215,0.0909293493495059,0.451120783332991,0.03867812295339712,0.29151440791125216,0.0869073785135276,0.43632130948673914,0.1147621764109081,0.002857142857142857,0.053375833406484025,1.0,0.0,0.0,0.0,0.0,0.0,38.71601969064472,5.452376953893646,55.69415092046246,18.86206146084951,37.788223786502506,3.451626669352029,44.2745070251306,30.54492031193968,-1.0,0.0,-1.0,-1.0,-1.0,0.0,-1.0,-1.0,24012.383745412608,22371.451860710105,157842.34047162585,6023.881541779892,16097.78089531286,5193.464356010565,25644.138823002264,6879.904018145416,0.0,0.0,0,0,0.0,0.0,0,0,11.083469668036292,4.2699352341459305,26.68423268130952,7.166030797331918,8.912083992145098,1.0485360436665454,11.386512935174123,7.280698381339898,-554.1734834018146,224004,60000,1200,21.412511258851737,15.96109129999968,12.202670072852925,49.57627263170434,3992.7651679364135,59
13.768308,13.91392,604.6831,-606.4801,416.48047,-14.649953,-1189.4995,-607.42737,417.0166,-14.649191,-1192.7993,-607.84045,417.49796,-14.764547,-1192.3942,13.768307,38.315044,354.36212,1.0277008e-06,13.913919,56.141357,539.5462,0.004756823,0.19585037,0.829889,1.0,-1.0,-11.02040639723313,3.9881053216973026,-7.058155907807696,-25.981895431563355,-551.0203198616565,38.354910030524714,-489.7213723451058,-622.4323724001734,0.23058055,0.8373213,1.0,-1.0,20,-11.68579553400321,4.1459597643716615,-7.1893553869481694,-25.78177167696932,-584.2897767001604,34.124333805019766,-516.6851390438051,-670.4027434293268,0.22497883846779237,0.7551802886760414,1.0,-1.0,0.2527029333000885,0.1006125397415332,0.46678487567018684,0.009213222722662544,0.27749388660827917,0.10102942562327405,0.46678487567018684,0.05742499138168682,0.3767571899874653,0.17264074955004408,0.7600277137158775,0.014547257122503043,0.41543126374078954,0.1811409580021765,0.7599592386141774,0.08262924736753094,0.2527029333000885,0.1006125397415332,0.46678487567018684,0.009213222722662544,0.27749388660827917,0.10102942562327405,0.46678487567018684,0.05742499138168682,0.0419047619047619,0.20037153698683635,1.0,0.0,0.047619047619047616,0.21295885499998,1.0,0.0,37.58728642199948,6.401299968322031,55.61776329557228,5.929682792851316,37.11410946355796,4.064312762750232,44.069784058629565,28.596780508305745,-0.9990476190476191,0.0308459709346698,0.0,-1.0,-1.0,0.0,-1.0,-1.0,23515.02600858653,20583.882064333116,137245.9055917031,7101.864945065543,15596.978060736543,4861.717464786767,27930.018709496526,8059.710863885627,0.0,0.0,0,0,0.0,0.0,0,0,11.02040639723313,3.9881053216973026,25.981895431563355,7.058155907807697,8.934153028113352,1.0175218385228764,11.044465953537381,7.079476124546628,-551.0203198616565,228004,61000,1220,23.73080053688318,14.769927923996875,12.877939097059425,51.37866755793948,4049.6975694563516,60
8.6850605,11.833589,603.8638,-605.9179,422.80276,-14.393071,-1151.3832,-605.3597,422.56564,-13.914274,-1151.3768,-605.8724,422.81848,-14.209016,-1152.5385,8.6850605,18.317888,97.67812,1.13716815e-05,11.833589,23.861612,150.7107,0.000329296,0.21767592,0.7930993,1.0,-1.0,-10.984894997541337,4.087510009381399,-6.9090087526465105,-25.59834099934775,-549.2447498770669,34.07518685173392,-492.5581204271503,-605.1880414846162,0.26255068,0.8544681,1.0,-1.0,20,-11.827782983992854,4.314933988750821,-6.592034974883474,-26.666641331257022,-591.3891491996429,40.706902234906245,-510.15795748944294,-702.2245453367807,0.21758389548478438,0.7448670779581179,1.0,-1.0,0.23936966560774214,0.09126671747620509,0.3854729618536744,0.023385517213418548,0.2646279422691851,0.08912909048402314,0.3854729618536744,0.06955822683668779,0.36692704283956457,0.1527242612503133,0.6227567451952942,0.03230134045733524,0.4110937625138219,0.15233644116901407,0.6056183482523396,0.10855426741202226,0.23936966560774214,0.09126671747620509,0.3854729618536744,0.023385517213418548,0.2646279422691851,0.08912909048402314,0.3854729618536744,0.06955822683668779,0.009523809523809525,0.09712418121129116,1.0,0.0,0.0,0.0,0.0,0.0,38.09293786727664,5.89982813634607,55.31739295971976,10.14975298135222,37.88112293212744,3.454514673128348,43.47335765542175,27.990963555289703,-1.0,0.0,-1.0,-1.0,-1.0,0.0,-1.0,-1.0,21602.915633104672,21678.965856783623,140893.03568202525,4341.094310605525,13465.590425971222,3996.692260740714,22789.465233508832,7652.694436958998,0.0,0.0,0,0,0.0,0.0,0,0,10.984894997541337,4.0875100093814,25.59834099934775,6.9090087526465105,8.795192596442055,0.8098552611796709,10.154565558735507,7.133414974604402,-549.2447498770669,232004,62000,1240,24.983586736903817,20.33222466600273,12.709935971921368,58.025747374827915,4101.463857282179,61
11.74366,10.010136,606.133,-611.30835,405.83838,-13.811079,-1130.2363,-610.7642,405.2908,-14.383526,-1127.8724,-609.8236,405.164,-14.022852,-1128.5284,11.74366,27.595343,267.05582,0.00022361055,10.010137,18.43261,120.85637,8.229166e-06,0.29798877,0.8363725,1.0,-1.0,-10.769827024757106,4.347230218683027,-6.223543464357389,-26.124633226841894,-538.4913512378552,45.01750197100288,-461.0162552103253,-639.2393387613711,0.2492845,0.83038735,1.0,-1.0,20,-11.58273063561775,4.407442745123321,-6.748225254942931,-26.207282982709337,-579.1365317808876,44.28855662319227,-484.7803800269244,-677.6269001455798,0.19854342333364744,0.7605259922253329,1.0,-1.0,0.24907288590476476,0.090644052338265,0.41119133573978406,0.02483303769411007,0.27628115615849475,0.07919442480981495,0.41119133573978406,0.17602886308146862,0.36475561855125055,0.13068085713428482,0.6756943684038641,0.040459259526070844,0.40634029692365925,0.11492464614193784,0.6587945995702782,0.24070183790775057,0.24907288590476476,0.090644052338265,0.41119133573978406,0.02483303769411007,0.27628115615849475,0.07919442480981495,0.41119133573978406,0.17602886308146862,0.01619047619047619,0.12620754601529105,1.0,0.0,0.0,0.0,0.0,0.0,37.79855769855189,5.733531058625797,54.122539989095145,12.550197248664746,37.739018906121906,2.7913754784157225,41.87558787252255,31.043474123547476,-1.0,0.0,-1.0,-1.0,-1.0,0.0,-1.0,-1.0,21094.30154376245,23273.81796553341,148080.32265351055,1472.0966098577348,11769.833713517037,5361.332315686873,21148.668201693115,1506.008405155603,0.0,0.0,0,0,0.0,0.0,0,0,10.769827024757106,4.347230218683027,26.124633226841894,6.223543464357389,8.378339251674168,1.1277629980589017,10.868635649096714,6.276315465194098,-538.4913512378552,236004,63000,1260,27.012210182139825,14.07035252800415,12.982099993096199,54.064662703240174,4155.94536915543,62
6.537993,9.299542,591.9824,-594.2171,413.62476,-13.887523,-1143.9307,-594.27594,414.38947,-13.683782,-1147.0144,-594.61035,413.71353,-13.935484,-1147.5696,6.5379934,21.648426,232.0211,0.000197711,9.299542,22.047668,192.55882,0.00011898723,0.24367781,0.8122442,1.0,-1.0,-11.019314443009316,4.005072492440743,-7.661751225025822,-25.574531749365175,-550.9657221504659,26.842805984914627,-505.5447268934612,-612.5549784515417,0.20128363,0.82920116,1.0,-1.0,20,-12.345033684745452,4.720157553894869,-6.5685247966169555,-29.33996044046248,-617.2516842372727,83.90529385295,-496.72589946871733,-916.4482033903049,0.22274380002486494,0.7461242460897415,1.0,-1.0,0.2783330290343703,0.09572621408340987,0.4222528892001156,0.05121858569679908,0.3060370227597195,0.08925875856477647,0.42191662596248186,0.0951499341584882,0.40955521340413387,0.14177708890338897,0.625939147686526,0.06813868403821342,0.4537140122811002,0.1292785863810713,0.625939147686526,0.13774202638506514,0.2783330290343703,0.09572621408340987,0.4222528892001156,0.05121858569679908,0.3060370227597195,0.08925875856477647,0.42191662596248186,0.0951499341584882,0.006666666666666667,0.08137703743822466,1.0,0.0,0.0,0.0,0.0,0.0,39.6553727860455,5.5944104821539025,56.04924127172212,16.546815669617708,38.98937512083688,3.394601195268732,44.6610785121854,30.11326484662836,-1.0,0.0,-1.0,-1.0,-1.0,0.0,-1.0,-1.0,23086.48101678289,20992.668385201552,136620.92753407144,5758.800041032091,15330.89044794986,4570.9416032405015,27008.259167974702,5823.4233514904645,0.0,0.0,0,0,0.0,0.0,0,0,11.019314443009316,4.005072492440743,25.574531749365175,7.661751225025823,8.860877206861153,0.7950195369689145,11.216557984397658,7.709552053344242,-550.9657221504659,240004,64000,1280,27.32733151994762,14.485813398001483,12.725040406963672,54.538185324912774,4209.80376105434,63
5.87046,7.5279145,602.85175,-606.6842,439.99677,-14.183247,-1178.5775,-605.8537,439.79037,-14.35742,-1176.4753,-606.11224,439.8167,-14.216825,-1176.241,5.8704596,10.968118,54.061626,1.8647173e-05,7.527915,21.40923,212.49326,0.0009873208,0.25913706,0.79467666,1.0,-1.0,-11.221456569101047,3.8137196516168355,-6.7780771297427895,-25.199203684733448,-561.0728284550523,26.107488956995716,-518.9138868154096,-607.53596348547,0.2075338,0.7416282,1.0,-1.0,20,-11.56420857831182,4.485543300662886,-7.176801972831334,-26.631545590982963,-578.2104289155909,34.70954896679148,-521.1512596738099,-637.9448487588008,0.21875330720959316,0.7297734100298293,1.0,-1.0,0.24937506237425627,0.10512694982542099,0.45802277989826173,0.02589375191357258,0.26981921722881685,0.10935402586792825,0.45802277989826173,0.0687467524356712,0.38563826531672374,0.17622358627625356,0.7376407192783749,0.038716195666710446,0.4237531600610631,0.18612412935117714,0.7376407192783749,0.11753817141231443,0.24937506237425627,0.10512694982542099,0.45802277989826173,0.02589375191357258,0.26981921722881685,0.10935402586792825,0.45802277989826173,0.0687467524356712,0.011428571428571429,0.10629185850136157,1.0,0.0,0.0,0.0,0.0,0.0,39.01142382784299,6.720931571567084,58.127365623872855,15.381955905347292,38.16006963164092,5.637933139037824,47.0387790644147,23.73402536476648,-1.0,0.0,-1.0,-1.0,-1.0,0.0,-1.0,-1.0,23542.505711231814,20376.05258534258,137224.06455677375,5363.577029040935,16541.864205558108,5237.866793196213,27336.01695863945,7670.77572479755,0.0,0.0,0,0,0.0,0.0,0,0,11.221456569101047,3.8137196516168355,25.199203684733448,6.778077129742789,9.373932419093004,0.9406998721421905,11.099849645715073,8.107168404201909,-561.0728284550523,244004,65000,1300,32.223590756031626,13.806614434004587,13.810114921936474,59.84032011197269,4269.931436480314,64
13.122194,14.427328,604.8655,-605.5751,409.49606,-13.743951,-1263.1686,-607.18567,410.469,-13.815551,-1271.5382,-607.4672,409.95776,-14.680284,-1280.0603,13.122192,29.567064,285.33032,0.004382979,14.427328,30.343288,188.59618,0.00017150144,0.32474238,0.7686127,1.0,-1.0,-10.660636556493904,4.15344553951974,-6.168909460969314,-25.602226540922263,-533.0318278246951,33.71731065031792,-449.5368420622579,-596.0274099207942,0.23267369,0.7787386,1.0,-1.0,20,-11.63899701639915,4.529983275036163,-6.359682596282188,-26.348977742034787,-581.9498508199574,41.33970328365715,-508.3498501082087,-665.4040438548398,0.2334283049146148,0.7344325137428654,1.0,-1.0,0.24180291824394182,0.08888790491411948,0.41516408391360793,0.022708814478453614,0.2682569835997127,0.08118383296350988,0.41516408391360793,0.13070489586228168,0.36805766965092046,0.1423876650964145,0.6697578444217593,0.03328682222945098,0.4108346833533564,0.13356045830120428,0.6697578444217593,0.1610921084452967,0.24180291824394182,0.08888790491411948,0.41516408391360793,0.022708814478453614,0.2682569835997127,0.08118383296350988,0.41516408391360793,0.13070489586228168,0.024761904761904763,0.1553986899380658,1.0,0.0,0.0,0.0,0.0,0.0,39.130502309558146,6.776798639724432,58.217663271564156,8.250461289866077,38.90179655945352,4.462508033414684,47.43200252481475,30.190239058507675,-0.9990476190476191,0.030845970934669793,0.0,-1.0,-1.0,0.0,-1.0,-1.0,21349.391589916817,21388.571150542106,138646.95196660748,7024.8873908543155,12978.184187081099,4322.081734767988,27085.799417275095,7490.166291024731,0.0,0.0,0,0,0.0,0.0,0,0,10.660636556493904,4.15344553951974,25.602226540922263,6.168909460969314,8.44559133032903,0.899294091136673,10.179222014999079,6.782379354701569,-533.0318278246951,248004,66000,1320,20.740413507883204,14.077902372002427,11.853757214121288,46.67207309400692,4318.819514249328,65
6.388966,8.45596,599.6562,-602.1974,414.1271,-14.843452,-1194.5159,-602.6909,414.26697,-15.000044,-1189.769,-602.19226,414.30527,-14.55053,-1197.0508,6.3889656,11.15144,53.511494,0.0014926828,8.45596,20.448978,151.49171,0.0026035905,0.31774974,0.76540846,1.0,-1.0,-10.75584497040168,4.245984137408691,-5.8231427587984115,-26.51475083519895,-537.7922485200841,38.794375870244345,-453.47567201499163,-602.9960154791193,0.35094723,0.7826156,1.0,-1.0,20,-11.903297884540905,4.488957536325733,-6.838716319063826,-25.776159036265376,-595.1648942270451,36.864596628771935,-518.02851007062,-661.8238568979331,0.2279377825013324,0.733610993039664,1.0,-1.0,0.2612268956108533,0.09177432778018556,0.4310155915385673,0.05225833311632297,0.2899721813759414,0.08660546960049074,0.4221032965104982,0.0705513319578163,0.4081052768386327,0.15571541679169779,0.7285556499966759,0.0674108639469486,0.46231524393422485,0.14624793197535468,0.7158544933221123,0.09963627696031957,0.2612268956108533,0.09177432778018556,0.4310155915385673,0.05225833311632297,0.2899721813759414,0.08660546960049074,0.4221032965104982,0.0705513319578163,0.002857142857142857,0.053375833406484025,1.0,0.0,0.0,0.0,0.0,0.0,39.03698567903444,6.070687074277892,56.62092325636956,17.499966496370412,38.62051292328759,3.982998617240064,45.24866576123385,25.888411946771107,-1.0,0.0,-1.0,-1.0,-1.0,0.0,-1.0,-1.0,22576.868476377746,22422.16480426792,148669.23201380577,4411.374480932859,14525.085548386152,7157.489043154901,30360.255656155707,4732.256866053619,0.0,0.0,0,0,0.0,0.0,0,0,10.75584497040168,4.245984137408691,26.51475083519895,5.8231427587984115,8.554123101721771,1.140532615541125,10.39548378811474,6.025936323988314,-537.7922485200841,252004,67000,1340,23.539749204988766,16.3130704590003,12.463766745859175,52.31658640984824,4367.954989105165,66
8.312308,8.728874,597.86786,-600.71686,415.40707,-13.78485,-1199.2646,-600.78064,415.9714,-13.639558,-1202.764,-601.09894,415.66568,-13.720036,-1196.2155,8.312308,14.83332,106.40935,0.0016278884,8.728874,16.65166,94.859085,0.00090910494,0.30187917,0.7791887,1.0,-1.0,-11.101392876130502,4.168259872340707,-6.4850587885239745,-26.258069554099034,-555.0696438065253,42.79540490710695,-456.89444878706274,-633.9736974827064,0.31529754,0.68856,1.0,-1.0,20,-11.555809224250272,4.421838714775447,-7.013588442476782,-26.316617657480347,-577.7904612125136,31.1215562347176,-526.0578405833265,-634.0021283796392,0.2501455389439118,0.7094263341855264,1.0,-1.0,0.27096266043045736,0.09889156592114853,0.4579353658732168,0.019585623686466255,0.2999459731462937,0.0917813196174409,0.4579353658732168,0.14531919172875687,0.410406721836607,0.159040680961516,0.7292857121740718,0.021581800580401253,0.461773364905759,0.1489031217018908,0.7292857121740718,0.1918870603204126,0.27096266043045736,0.09889156592114853,0.4579353658732168,0.019585623686466255,0.2999459731462937,0.0917813196174409,0.4579353658732168,0.14531919172875687,0.012380952380952381,0.11057877011023849,1.0,0.0,0.0,0.0,0.0,0.0,38.07200265551551,5.782448030761376,55.77098913886237,13.95230244655588,37.43592010454711,3.416406474498073,44.53337114696335,31.564291018689065,-1.0,0.0,-1.0,-1.0,-1.0,0.0,-1.0,-1.0,25215.099752217702,21668.20148930613,154896.36977826862,4765.021555496597,17136.81829722551,6772.486553565482,31287.5049480871,6248.05877535557,0.0,0.0,0,0,0.0,0.0,0,0,11.101392876130502,4.168259872340707,26.258069554099034,6.485058788523975,8.859888113017352,1.0699204402865068,10.49573032837116,6.529678651392075,-555.0696438065253,256004,68000,1360,23.192553874047007,13.113800046994584,12.134935935966496,48.44128985700809,4417.006843938172,67
7.6704264,8.422802,592.9105,-595.8385,413.54343,-13.8909235,-1183.008,-595.5633,413.48767,-14.122619,-1181.0586,-595.7774,412.99115,-13.719958,-1185.0585,7.670426,18.439398,105.80076,0.00169231,8.422802,23.025911,199.25018,1.05632935e-05,0.3367665,0.75410044,1.0,-1.0,-11.00926267330611,4.175551074859309,-7.430531929568097,-25.860764194823634,-550.4631336653056,32.76098015691282,-507.307439334259,-632.3403991073736,0.31785014,0.66255546,1.0,-1.0,20,-11.836281101385403,4.275071883084438,-6.837305226455216,-25.572482365964245,-591.8140550692702,49.99303562777284,-470.9534383060275,-678.8884564580453,0.23825809517499144,0.6840119563622432,1.0,-1.0,0.21667971342236192,0.10336402751160674,0.4086881111332386,0.010304683088873874,0.23474403191460072,0.10363941818747953,0.40768196996703177,0.08281652788220413,0.32234547707573996,0.15854325360312005,0.6453308756961125,0.014006772599428563,0.35161307226378674,0.162143611381695,0.64384123757717,0.10604288893222882,0.21667971342236192,0.10336402751160674,0.4086881111332386,0.010304683088873874,0.23474403191460072,0.10363941818747953,0.40768196996703177,0.08281652788220413,0.03428571428571429,0.18196209517817896,1.0,0.0,0.0,0.0,0.0,0.0,36.344528474136176,6.099802886311486,53.83572075222879,11.677119061362744,35.87351468327363,4.069211430116784,41.99671725147143,26.058930937089613,-1.0,0.0,-1.0,-1.0,-1.0,0.0,-1.0,-1.0,23704.452081102278,22059.11748860046,139084.334509356,3987.037012800144,15628.595309689796,6662.470481082287,33386.837715683396,4028.027726100123,0.0,0.0,0,0,0.0,0.0,0,0,11.00926267330611,4.175551074859309,25.860764194823634,7.430531929568097,8.733899108762506,0.8004081353719267,10.656764246207917,7.469742565545007,-550.4631336653056,260004,69000,1380,23.980289837971213,13.743861577000644,12.507938512157125,50.23208992712898,4466.787595712296,68
9.564363,9.436989,595.97217,-598.0118,405.9336,-14.887072,-1147.75,-598.11096,406.13303,-15.020948,-1150.174,-598.0017,406.587,-14.689417,-1147.5685,9.564362,18.691784,131.71709,3.017485e-07,9.436988,17.151485,111.48906,0.00045846927,0.3159511,0.7677413,1.0,-1.0,-11.07041402553011,4.1640563420732155,-7.108993645796873,-25.629297607071113,-553.5207012765055,35.25200457861156,-486.5453690366461,-621.5012328160225,0.26084843,0.7339482,1.0,-1.0,20,-11.693714439757313,4.357237808515705,-6.898362983524226,-25.76144188250734,-584.6857219878657,43.02528094289959,-505.8996883975266,-656.7078287820166,0.26142832968200774,0.6759351412218105,1.0,-1.0,0.24573799182748016,0.07514686696866461,0.38794095290808367,0.06275026646215973,0.2719191383387127,0.06289635990903968,0.3714461370771853,0.13875659811950428,0.3773848915624481,0.12528124337119204,0.6167751352035903,0.08372060370061243,0.4248896188411359,0.10707708787328558,0.6042826367580917,0.20681965604068636,0.24573799182748016,0.07514686696866461,0.38794095290808367,0.06275026646215973,0.2719191383387127,0.06289635990903968,0.3714461370771853,0.13875659811950428,0.0,0.0,0.0,0.0,0.0,0.0,0.0,0.0,39.2769277861365,5.259779407379824,55.85394420655939,18.239908756188,39.21410094875277,2.964337929219192,44.36194929412969,33.25668835379491,-1.0,0.0,-1.0,-1.0,-1.0,0.0,-1.0,-1.0,22325.445068312314,22449.701835249798,137532.49507904254,5032.621262599093,14238.58484766145,6265.964685498098,27889.53874316227,5057.117996581538,0.0,0.0,0,0,0.0,0.0,0,0,11.07041402553011,4.1640563420732155,25.629297607071113,7.108993645796873,8.888870946047742,0.9650166317973908,10.87260867658951,7.265587657735135,-553.5207012765055,264004,70000,1400,29.44447991310153,13.270797003999178,13.322584680012369,56.03786159711308,4524.300889634411,69
8.743889,7.646435,614.9269,-617.90735,421.36346,-13.719451,-1138.7551,-618.22437,421.29105,-14.258037,-1140.06,-616.91534,420.66943,-13.995437,-1142.0967,8.74389,17.985344,136.36948,0.0020797893,7.646435,12.960156,97.9836,0.0001780573,0.2672534,0.75418705,1.0,-1.0,-11.079065758189007,4.144880857701646,-6.815510006138733,-26.123779208181695,-553.9532879094504,39.05392118596482,-462.48266900727543,-603.3000620435655,0.23347901,0.7177853,1.0,-1.0,20,-11.823586663770781,4.5338450180174865,-7.208783526022237,-26.15819826653617,-591.1793331885391,48.98671403698104,-504.7706293862709,-711.3680967655783,0.2636914834002516,0.6503203841908317,1.0,-1.0,0.24171705424644546,0.09251160037161037,0.39557790493642975,0.024892895269002496,0.261787993187833,0.09516051241370875,0.3918705783968657,0.041249127978445994,0.36069154555570765,0.14811279695074261,0.5824645379881465,0.03582614354805061,0.3964822085122882,0.1557632520653483,0.5799401267213367,0.06841782844355915,0.24171705424644546,0.09251160037161037,0.39557790493642975,0.024892895269002496,0.261787993187833,0.09516051241370875,0.3918705783968657,0.041249127978445994,0.0419047619047619,0.20037153698683635,1.0,0.0,0.047619047619047616,0.21295885499998,1.0,0.0,37.96284387120363,6.340811837327802,55.150387245961106,13.099722798925516,37.242196874233436,4.541326087717281,43.1823963449758,23.86265390608834,-1.0,0.0,-1.0,-1.0,-1.0,0.0,-1.0,-1.0,23087.59560742035,21670.20726790164,156156.97195127897,3398.1556176280874,15290.308366031475,4626.962719814912,24309.84716749539,7912.844408292036,0.0,0.0,0,0,0.0,0.0,0,0,11.079065758189005,4.144880857701646,26.123779208181695,6.815510006138732,8.875924497268024,0.9536071804738032,10.167694986898349,6.843048582868587,-553.9532879094504,268004,71000,1420,27.850213704972703,14.768900041999586,13.17838254905655,55.79749629602884,4578.604557497449,70
5.1192803,8.107386,608.94116,-611.953,426.64474,-15.45436,-1151.9545,-611.31616,425.77164,-15.766313,-1151.4336,-612.29486,426.64398,-15.5702915,-1151.9944,5.119281,12.16619,103.401245,9.656325e-05,8.107386,17.300323,139.01366,6.4352207e-06,0.30802867,0.77090234,1.0,-1.0,-11.055927952490132,4.132782625723201,-6.92765680026569,-26.548652715566845,-552.7963976245067,30.899419392361537,-469.1918995607543,-597.290566161984,0.22214405,0.7058717,1.0,-1.0,20,-11.96512280659526,4.220650134202611,-6.388924816991664,-26.351741420716856,-598.256140329763,54.132078583682784,-505.17071924869043,-714.0528565691543,0.22573687015201843,0.6779873403457788,1.0,-1.0,0.24076937313137828,0.10012865386048912,0.4407306114007825,0.016094676577697947,0.26666885629546316,0.09500751337058556,0.4394391739382156,0.13946693473758856,0.37403025768608544,0.17008629579192583,0.716343618068789,0.02377196891784253,0.41951799474086554,0.16758838156780848,0.7143347890090206,0.19063613247463265,0.24076937313137828,0.10012865386048912,0.4407306114007825,0.016094676577697947,0.26666885629546316,0.09500751337058556,0.4394391739382156,0.13946693473758856,0.02,0.13999999999999999,1.0,0.0,0.0,0.0,0.0,0.0,37.967048898611594,5.612939691982809,55.220663072279855,7.376598804277065,38.15450511751054,2.4657786351743116,43.71949207079269,33.19491653341112,-0.9990476190476191,0.030845970934669797,0.0,-1.0,-1.0,0.0,-1.0,-1.0,22463.43859100611,22123.672389730902,153622.04116818093,6348.651013066162,14031.111585621062,5034.605207777253,28020.767078546003,6543.319844592138,0.0,0.0,0,0,0.0,0.0,0,0,11.055927952490132,4.132782625723201,26.548652715566845,6.92765680026569,8.802371391604726,0.8359576839379921,10.361643559452123,6.964546235549701,-552.7963976245067,272004,72000,1440,24.487982395105064,13.269440382995526,12.48815536609618,50.24557814419677,4630.650263934651,71
8.235086,8.665237,592.9455,-596.5303,416.13995,-14.198965,-1134.8829,-596.32654,416.21796,-14.010681,-1134.7943,-596.1368,416.04813,-13.912568,-1139.2743,8.235086,18.343796,104.41038,0.00019900041,8.665237,21.7218,205.10631,0.0009627832,0.22392891,0.75203645,1.0,-1.0,-11.227566596665355,4.011504438582291,-6.989401616494824,-25.918590320496076,-561.3783298332678,36.08827142085026,-492.37977094722305,-626.9916552537526,0.26427683,0.68505096,1.0,-1.0,20,-11.56935906025792,4.306553945874078,-6.915743551300081,-26.751078534158175,-578.4679530128959,35.59160279557758,-486.0396917033928,-639.0312488666743,0.2600213584772943,0.6707391630535798,1.0,-1.0,0.25345335466806784,0.10440471982361252,0.44755742449568403,0.017795070721064926,0.2793561544513784,0.10023371144808976,0.4356586699525032,0.12207737212774493,0.3732645817826048,0.15669734483438644,0.7182095178613396,0.02739352821625092,0.4154952765016227,0.15079061643529768,0.7030731909115558,0.2008724453943271,0.25345335466806784,0.10440471982361252,0.44755742449568403,0.017795070721064926,0.2793561544513784,0.10023371144808976,0.4356586699525032,0.12207737212774493,0.018095238095238095,0.13329591311632455,1.0,0.0,0.0,0.0,0.0,0.0,38.23367258900118,5.731991687749247,57.610745799081066,10.745416483044258,37.94664133870358,3.0784503658035844,46.40466524558895,31.92447956087308,-1.0,0.0,-1.0,-1.0,-1.0,0.0,-1.0,-1.0,23062.07790056326,21653.676204046766,152732.54090228345,3391.265511104297,15205.02832020581,5598.079440812537,26871.2275075858,3420.0383815987097,0.0,0.0,0,0,0.0,0.0,0,0,11.227566596665355,4.011504438582291,25.918590320496076,6.989401616494824,9.105683490107435,0.8876626412171873,10.738286971087401,7.260883120842061,-561.3783298332678,276004,73000,1460,27.491325435163162,15.05784439600393,12.970886245020665,55.52005607618776,4686.897407550845,72
15.389649,14.45188,588.8568,-590.40173,413.67447,-14.489941,-1180.3688,-590.59595,413.42773,-14.601076,-1177.6981,-590.68604,413.89862,-14.037256,-1177.7953,15.38965,29.066889,212.85107,8.229166e-06,14.451881,24.939789,140.70703,0.001427386,0.30341235,0.77480525,1.0,-1.0,-10.742996501368452,4.158653969543588,-6.4965254944854305,-26.078678146416536,-537.1498250684228,31.482951913132542,-464.9483618801389,-590.5946580001286,0.27806568,0.73891234,1.0,-1.0,20,-11.63555875933674,4.369098873426211,-6.661854670102084,-27.06687895402466,-581.7779379668369,30.46518975849891,-522.5493697126229,-648.730405179219,0.2622343551019766,0.6859694728965847,1.0,-1.0,0.24496230864335794,0.09345532384717806,0.4533861934334158,0.02978574443967642,0.26948993444091907,0.08612126887690177,0.4499726428172483,0.12006300149624796,0.36982175289629515,0.1463409665846865,0.7612194434280516,0.04147331259240705,0.41121946721329355,0.13447878031293187,0.7562485389749495,0.15754027525928063,0.24496230864335794,0.09345532384717806,0.4533861934334158,0.02978574443967642,0.26948993444091907,0.08612126887690177,0.4499726428172483,0.12006300149624796,0.009523809523809525,0.09712418121129117,1.0,0.0,0.0,0.0,0.0,0.0,38.50768052700019,5.506327215764982,55.38235235110153,14.646168962653121,38.447135738661146,2.776376139610225,43.661634195865766,33.71472422781752,-1.0,0.0,-1.0,-1.0,-1.0,0.0,-1.0,-1.0,21348.221815783014,21702.617284475495,137964.39898759226,5394.298625026638,13154.557618471861,4987.7356807613505,22653.24858043585,5441.593461054762,0.0,0.0,0,0,0.0,0.0,0,0,10.742996501368452,4.158653969543587,26.078678146416536,6.496525494485431,8.486880463577187,0.8412369996128027,10.371133294204178,6.64480121650396,-537.1498250684228,280004,74000,1480,28.91488240598119,15.77959739400103,13.43591633795586,58.13039613793808,4745.292140934776,73
6.3325486,5.0968533,591.6863,-594.70276,415.33994,-12.781734,-1208.6809,-595.8463,415.72498,-13.14248,-1215.8839,-595.8972,415.75882,-13.056487,-1210.6232,6.332548,12.589839,66.868355,0.00012339652,5.0968533,9.778769,66.35327,3.7252903e-09,0.2485336,0.826089,1.0,-1.0,-11.174402763817541,4.010374036400728,-7.3228928148993235,-26.645365609592233,-558.7201381908772,39.85468505744269,-487.74559836390324,-638.9091617818224,0.2350169,0.6670945,1.0,-1.0,20,-11.593160001870599,4.591291190532022,-6.9955409663551675,-26.490597279098722,-579.6580000935301,48.88979786725388,-516.2193737187896,-673.4328569646174,0.2562934999452997,0.6573222564582365,1.0,-1.0,0.2327143982015413,0.0968722656878173,0.42786126171207906,0.032847390089085333,0.2542615809766187,0.09236215494861402,0.4152145230072185,0.09151882908336356,0.3427767184737431,0.13691010092972916,0.6227285685815649,0.04871663596540243,0.3768517156766154,0.1276400219385703,0.6071561929978906,0.14541396489788844,0.2327143982015413,0.0968722656878173,0.42786126171207906,0.032847390089085333,0.2542615809766187,0.09236215494861402,0.4152145230072185,0.09151882908336356,0.010476190476190476,0.10181571543380252,1.0,0.0,0.0,0.0,0.0,0.0,37.58438241340765,5.499383011673994,57.05111948529303,13.159721497668322,37.38876233465222,3.5618808354735516,45.76697694181827,25.44689081618201,-1.0,0.0,-1.0,-1.0,-1.0,0.0,-1.0,-1.0,24189.234354389508,21164.790886511633,147090.3166798471,5022.503592365112,16969.82393304204,5761.467615850926,28359.427661419955,9763.854301933812,0.0,0.0,0,0,0.0,0.0,0,0,11.174402763817541,4.010374036400727,26.64536560959223,7.322892814899323,9.08354924929716,0.9852641122854834,11.132106229059026,7.322892814899323,-558.7201381908772,284004,75000,1500,33.25595239609538,16.08144550599536,13.942957627070427,63.28035552916117,4808.867419345952,74
9.900265,6.859436,596.53534,-600.20447,417.58984,-12.204374,-1170.6617,-599.5288,417.16647,-12.696201,-1169.569,-600.27576,418.06583,-12.232359,-1171.9856,9.900265,58.170143,656.5218,2.9011026e-06,6.859436,11.988737,62.848972,5.8265883e-05,0.23532273,0.733317,1.0,-1.0,-10.988659914872885,3.9670999896211248,-6.5751460158947665,-25.27811488344978,-549.4329957436443,36.03634743657518,-472.02942835306965,-608.8249844818085,0.26312357,0.6559029,1.0,-1.0,20,-11.793037545024141,4.323182829673178,-5.929359316065952,-26.631479837598217,-589.651877251207,39.55170520579042,-503.38233962524885,-663.4034169743122,0.25506755408150444,0.6667707836097069,1.0,-1.0,0.2359092571358245,0.10765834858642663,0.4511209409228158,0.02873330283040505,0.26281259849355926,0.10699343295029923,0.4511209409228158,0.11362464516467181,0.37023184688403926,0.17611461849812995,0.7335223218284601,0.04259646244577214,0.42138596933525674,0.17509593595509548,0.7335223218284601,0.17353839915216862,0.2359092571358245,0.10765834858642663,0.4511209409228158,0.02873330283040505,0.26281259849355926,0.10699343295029923,0.4511209409228158,0.11362464516467181,0.010476190476190476,0.10181571543380252,1.0,0.0,0.0,0.0,0.0,0.0,37.97099730173092,5.912757414927903,57.255335211898256,13.60665418324004,37.93693079200786,3.5167931303166955,46.163762457630355,31.089974722703815,-1.0,0.0,-1.0,-1.0,-1.0,0.0,-1.0,-1.0,23143.843892729787,20069.694162331056,137533.4888453211,5964.940477556532,15359.911777162431,3734.0245754323937,23790.217549103345,8246.804905571262,0.0,0.0,0,0,0.0,0.0,0,0,10.988659914872885,3.9670999896211243,25.27811488344978,6.5751460158947665,8.84695326771894,0.9951893853700136,10.300903119126732,6.596115354246787,-549.4329957436443,288004,76000,1520,31.853395615042245,16.368612225996912,13.584027440025238,61.806035281064396,4869.576034747028,75
14.213257,12.190897,587.9706,-591.8505,406.07587,-6.837884,-1205.3715,-590.7963,405.85648,-10.57325,-1203.6841,-589.8956,404.92035,-11.813351,-1203.4713,14.213258,36.008934,381.63187,0.0006001513,12.190897,56.883327,635.1021,0.00030308458,0.31521353,0.7165386,1.0,-1.0,-10.829533100796322,4.0651156725853115,-6.561944805384256,-26.089095317993053,-541.476655039816,32.31875594575246,-470.3681231367766,-598.6174095558092,0.2527406,0.65659744,1.0,-1.0,20,-11.482712189186376,4.564178314544704,-5.626735902360632,-26.346491331607652,-574.135609459319,59.43554425897307,-468.8474285151933,-729.7146335974097,0.2510981007497908,0.6827294472023956,1.0,-1.0,0.24036928884270534,0.08313674028141788,0.41801613081514716,0.0203159864749953,0.26050388128867336,0.07761685872901491,0.41170827883485,0.08037920858503117,0.3541866628140276,0.12855910498505357,0.6712274951827768,0.02916190533227947,0.38363638914127485,0.1253700866043347,0.6633464980467472,0.12824516170091543,0.24036928884270534,0.08313674028141788,0.41801613081514716,0.0203159864749953,0.26050388128867336,0.07761685872901491,0.41170827883485,0.08037920858503117,0.012380952380952381,0.11057877011023848,1.0,0.0,0.0,0.0,0.0,0.0,38.4812186913243,5.818990790082217,54.996664678150054,14.660890128038108,38.68698533988438,3.418160201432001,43.43846744156227,29.450912769823933,-1.0,0.0,-1.0,-1.0,-1.0,0.0,-1.0,-1.0,22308.178748754108,21174.6380526113,143241.38282858688,6441.389023371131,14356.20892523753,4811.605745107958,25452.208099511394,6467.648992871808,0.0,0.0,0,0,0.0,0.0,0,0,10.829533100796322,4.0651156725853115,26.089095317993053,6.561944805384255,8.635861419336987,0.8853461066619712,10.045054564234958,6.612890857790069,-541.476655039816,292004,77000,1540,23.752709892018174,15.260890575998928,12.38264641713613,51.39624688515323,4921.280110071166,76
9.165633,4.6350956,585.11,-586.8102,394.82416,-11.928636,-1177.3329,-586.7831,395.13226,-11.631072,-1176.5529,-586.9292,395.24228,-11.294894,-1179.5059,9.165632,23.944038,213.92633,0.0001373291,4.6350956,11.471118,94.37937,0.00010702852,0.21935801,0.743161,1.0,-1.0,-11.018066180022693,4.126580283137024,-6.8111063831493235,-26.06401919621298,-550.9033090011347,41.872428765892394,-474.0095326148234,-619.4215531094484,0.31120002,0.64687234,1.0,-1.0,20,-11.706638319803648,4.554751983825988,-5.85758013016368,-25.95045490147538,-585.3319159901824,41.26222483460241,-505.7001676461152,-685.4731959499209,0.25759859656737116,0.6628169327112554,1.0,-1.0,0.24261760208234506,0.09264456867267291,0.457744538864751,0.031781876877750914,0.26687543070951664,0.09026564720849405,0.457744538864751,0.09525419218667688,0.36556301406051855,0.1467881691152333,0.6908597174123503,0.04564475679086549,0.40762877117277424,0.1450126651557416,0.6908597174123503,0.139744689154134,0.24261760208234506,0.09264456867267291,0.457744538864751,0.031781876877750914,0.26687543070951664,0.09026564720849405,0.457744538864751,0.09525419218667688,0.008571428571428572,0.0921843760280096,1.0,0.0,0.0,0.0,0.0,0.0,38.86075540314525,5.93590922306928,55.7849086428872,12.884159004325834,38.577525489618836,3.593008831894705,44.505289569807616,30.39893611930684,-1.0,0.0,-1.0,-1.0,-1.0,0.0,-1.0,-1.0,22934.551287799306,21775.03775462807,141493.84879406943,5021.023950971066,14647.794007124568,5611.838854299421,24435.567132196793,5038.996702098649,0.0,0.0,0,0,0.0,0.0,0,0,11.018066180022693,4.126580283137024,26.06401919621298,6.811106383149324,8.800686342900795,1.0099004836800023,10.50172131015947,6.883082286738179,-550.9033090011347,296004,78000,1560,25.802791529851675,15.586300442999345,12.52470336893748,53.9137953417885,4975.666123723968,77
5.10205,14.495352,581.28436,-582.20264,412.76996,-12.366129,-1146.1204,-580.1117,411.29788,-11.857411,-1140.1869,-581.77844,412.89764,-11.108712,-1143.4387,5.10205,9.829139,72.07786,0.00054076687,14.495352,31.560843,225.22528,0.0004000183,0.33034053,0.74526846,1.0,-1.0,-11.086018226681418,4.066181875098163,-7.385537584019514,-26.704993701063085,-554.300911334071,35.589633309809535,-492.9251835727859,-635.0740593043408,0.30021894,0.62850636,1.0,-1.0,20,-11.69741260544095,4.347437416893932,-6.400629792388101,-26.86398403575828,-584.8706302720474,40.28048974918825,-511.83104419135316,-672.4004495990949,0.2813593754631439,0.6521711196942493,1.0,-1.0,0.26798751837643586,0.09651187694635813,0.4368411117494483,0.016037371367543848,0.29594944262970035,0.09282752303955716,0.4368411117494483,0.09433620875987453,0.4115280873295294,0.156929840552624,0.7122096892767855,0.027692937947503854,0.4639470490279005,0.15151111893929986,0.7122096892767855,0.15531799565602425,0.26798751837643586,0.09651187694635813,0.4368411117494483,0.016037371367543848,0.29594944262970035,0.09282752303955716,0.4368411117494483,0.09433620875987453,0.009523809523809525,0.09712418121129116,1.0,0.0,0.0,0.0,0.0,0.0,40.0095361563241,5.843331369472,58.09108175370508,12.553755846422836,39.365841256738136,3.8932370204358517,47.233485831298445,30.193405025530915,-1.0,0.0,-1.0,-1.0,-1.0,0.0,-1.0,-1.0,22847.517943481394,21320.921486901374,151202.8156632863,5282.609121917878,14953.54420798902,4668.740788336687,28006.322544427236,9671.152079390786,0.0,0.0,0,0,0.0,0.0,0,0,11.086018226681418,4.066181875098163,26.704993701063085,7.385537584019514,8.963867696094377,1.0209027902124967,11.21873691224884,7.447076415418373,-554.300911334071,300004,79000,1580,35.964983349134855,16.025351333002618,14.174677821967634,66.1650125041051,5040.125889738083,78
8.930112,12.8565035,605.2954,-607.894,410.47006,-11.383683,-1195.6713,-607.5104,410.8106,-11.822739,-1190.5176,-608.0451,411.15652,-10.895439,-1204.97,8.930112,23.026306,179.72182,0.00015050545,12.856503,28.585958,208.87166,0.0013771057,0.37351635,0.73841023,1.0,-1.0,-11.130562228081606,4.147591419809374,-7.017069010859962,-26.444588798537005,-556.5281114040803,32.56740019346625,-499.63580454482394,-613.9394083912927,0.292558,0.68628794,1.0,-1.0,20,-11.62069956606521,4.394678925336173,-7.427318056971596,-26.074281282766048,-581.0349783032605,35.89408912354342,-525.9053573033831,-654.7909359127455,0.28821463087639015,0.6262341094913748,1.0,-1.0,0.2477629827158154,0.08566947929782905,0.45379390432287614,0.03191499010178355,0.2765837020594336,0.07321162926602072,0.45242583243161566,0.1237513671278526,0.3632727965463061,0.13213182751186497,0.7527214066672401,0.05064607807197522,0.4098177727610152,0.11613949938599667,0.7507689306812627,0.18121761959557317,0.2477629827158154,0.08566947929782905,0.45379390432287614,0.03191499010178355,0.2765837020594336,0.07321162926602072,0.45242583243161566,0.1237513671278526,0.010476190476190476,0.10181571543380252,1.0,0.0,0.0,0.0,0.0,0.0,37.91144699214067,5.654021689796863,55.410585031085176,9.958529928613979,37.78413890218498,2.715560591796248,43.58141973476374,33.40410411120931,-0.9990476190476191,0.0308459709346698,0.0,-1.0,-1.0,0.0,-1.0,-1.0,23920.180763244243,22159.402717392855,145176.579398461,4840.210885141825,15811.40822522237,6736.4646311852775,32793.67473661873,6768.1963680075405,0.0,0.0,0,0,0.0,0.0,0,0,11.130562228081606,4.147591419809374,26.444588798537005,7.017069010859962,8.927531205468156,0.9082648960511592,10.477752196104584,7.311595696481284,-556.5281114040803,304004,80000,1600,26.175874183958513,14.341195749002509,12.500611792078416,53.01768172503944,5094.671355452119,79
8.443531,10.415791,578.96326,-581.80396,404.5091,-11.3463955,-1099.028,-582.02734,404.71732,-11.2310505,-1099.5276,-581.7362,404.7766,-11.478383,-1105.1467,8.443531,27.652851,249.60297,6.947412e-05,10.41579,33.538113,273.46387,0.0001733046,0.27568707,0.80551964,1.0,-1.0,-10.891483813187207,4.141735650921654,-6.033582194286793,-26.471829625262043,-544.5741906593604,38.81075946445506,-443.86648928638016,-601.9868535620177,0.24249043,0.5920705,1.0,-1.0,20,-11.93751411528229,4.325874716099386,-7.644378955281517,-34.328513379077876,-596.8757057641144,46.15700255073536,-536.9908957579854,-744.5389675493949,0.24708204131446534,0.6720077783380504,1.0,-1.0,0.24574889931036112,0.07431599539342869,0.3473634875463263,0.03016050519561222,0.2747268797506569,0.06077185411920529,0.3473634875463263,0.11962497789872921,0.3746723383978522,0.12887333435779558,0.589907512941545,0.03666852343106508,0.4201033055943387,0.11421524832114992,0.589907512941545,0.17511204534323058,0.24574889931036112,0.07431599539342869,0.3473634875463263,0.03016050519561222,0.2747268797506569,0.06077185411920529,0.3473634875463263,0.11962497789872921,0.006666666666666667,0.08137703743822466,1.0,0.0,0.0,0.0,0.0,0.0,38.65926740418293,6.022613677072817,55.30986550884653,12.61382531210216,38.379967860435656,3.429154303273297,43.38567365157181,31.408272308364655,-1.0,0.0,-1.0,-1.0,-1.0,0.0,-1.0,-1.0,22651.689776167488,21344.31246991664,148019.08655587025,4778.035720862093,14762.065016416207,4898.289540151437,22776.52644027594,4863.653087223327,0.0,0.0,0,0,0.0,0.0,0,0,10.891483813187207,4.141735650921654,26.471829625262043,6.033582194286792,8.711131536558062,0.9854083340839397,10.035678031280193,6.112455278252133,-544.5741906593604,308004,81000,1620,23.137437378929462,15.872272793996672,12.090837685231236,51.10054785815737,5145.45247144928,80
6.4306445,6.6952667,570.8904,-572.65955,396.87115,-10.922195,-1129.9401,-572.1556,396.66132,-10.939637,-1130.1676,-572.64264,396.46338,-11.316725,-1126.7316,6.430645,13.129094,73.3475,0.00022521062,6.6952667,17.185297,150.34114,8.944422e-06,0.24440213,0.7349126,1.0,-1.0,-10.798480789473778,4.000126293852195,-6.615551004731048,-25.340459816701514,-539.924039473689,35.13008886439623,-472.22941333252066,-612.4844717638391,0.276247,0.613706,1.0,-1.0,20,-11.581556179116019,4.2688204157853,-7.246013083992962,-26.358168059218595,-579.077808955801,29.932928600014847,-527.2815669552872,-640.8916746833993,0.25491183488816777,0.6765237263580095,1.0,-1.0,0.2612468224348019,0.09273126803675845,0.4293632253839835,0.030701430084343794,0.2892624326687577,0.0865300387383458,0.4292210751025421,0.1477313337996834,0.39785176210593776,0.15151684416571143,0.7213100058403562,0.04633984775569927,0.4485316616049484,0.1414136915845814,0.7210533611811392,0.2168016924009121,0.2612468224348019,0.09273126803675845,0.4293632253839835,0.030701430084343794,0.2892624326687577,0.0865300387383458,0.4292210751025421,0.1477313337996834,0.012380952380952381,0.11057877011023848,1.0,0.0,0.0,0.0,0.0,0.0,39.966758739043335,5.924879583986267,56.47804471468811,11.275952848827508,39.632715121935775,3.286092644754999,45.04062824831256,33.9245212361144,-1.0,0.0,-1.0,-1.0,-1.0,0.0,-1.0,-1.0,22418.42235391877,20828.17136418628,135156.28025066727,5204.335819344754,14899.65069753018,5842.89066283912,27947.982431965487,7121.581090734312,0.0,0.0,0,0,0.0,0.0,0,0,10.798480789473778,4.000126293852195,25.340459816701514,6.615551004731048,8.692090745218792,0.9609738401369547,10.588964652986789,6.669282709491269,-539.924039473689,312004,82000,1640,28.150049219933862,15.555300764004642,13.357040967734065,57.06239095167257,5203.17689145296,81
5.2837706,6.8281193,585.2303,-587.0954,415.61362,-11.336842,-1167.4224,-587.0936,415.7622,-11.632678,-1167.3673,-586.6282,415.50598,-11.234375,-1166.0903,5.2837706,8.134547,43.764557,0.00035555055,6.8281193,11.463119,80.63388,0.0012531877,0.31074047,0.7229884,1.0,-1.0,-10.933201175078413,4.043778353564667,-6.731102875954725,-25.698521006026475,-546.6600587539206,41.005305621933566,-452.5475880776891,-660.7581371482181,0.26879078,0.62417537,1.0,-1.0,20,-11.586662461038063,4.350175251489673,-6.973124251704088,-25.795314264353344,-579.3331230519032,36.650700656822764,-516.0939679623181,-677.7889837774877,0.279210567951891,0.6548082788743047,1.0,-1.0,0.2254840816516219,0.09199834029938522,0.4036975310871901,0.017291019435961338,0.24816121667304827,0.0917548693183681,0.4036975310871901,0.047934675870984,0.3371226690385117,0.14136605890314458,0.5691035798046346,0.02070969160816588,0.37453884562392414,0.14147287064895403,0.5644170054434179,0.05958959233517919,0.2254840816516219,0.09199834029938522,0.4036975310871901,0.017291019435961338,0.24816121667304827,0.0917548693183681,0.4036975310871901,0.047934675870984,0.04380952380952381,0.20467107620058722,1.0,0.0,0.047619047619047616,0.21295885499998,1.0,0.0,36.991543410029536,6.529148936223127,57.44004848143996,11.034360371326741,36.654344810404005,4.560961969722928,46.14966475602424,25.388114751329645,-1.0,0.0,-1.0,-1.0,-1.0,0.0,-1.0,-1.0,21809.34396726543,21046.98622903924,143830.91291146947,5310.48565058574,14012.647219958626,4267.379816047931,25861.826295181138,5329.9213993609355,0.0,0.0,0,0,0.0,0.0,0,0,10.933201175078413,4.043778353564667,25.698521006026475,6.731102875954725,8.807034306993915,0.9081873264067077,11.019114860409376,6.734137682343255,-546.6600587539206,316004,83000,1660,23.611717736064747,16.191724381998938,12.374588102124108,52.17803022018779,5254.465934737149,82
4.888954,6.292666,569.439,-573.20667,402.39362,-11.677885,-1183.5834,-573.5821,402.256,-12.352095,-1186.4161,-572.67676,401.8026,-11.506704,-1178.0043,4.888954,11.189385,83.32133,5.09955e-05,6.2926655,12.218107,70.759476,0.0006201267,0.27270797,0.76285213,1.0,-1.0,-11.030234395196679,4.149030167100785,-6.869565929947401,-26.689471222929974,-551.511719759834,45.1961731711904,-480.58625378915934,-652.4550099087597,0.23313025,0.6316268,1.0,-1.0,20,-11.680558884720453,4.354879692176621,-7.027047517862996,-25.960039705992994,-584.0279442360227,38.93894155854956,-509.47427806303193,-652.7575039303189,0.2406608880607721,0.6606890438110712,1.0,-1.0,0.2316205162832824,0.10436141798585137,0.40847433122707516,0.012571620614487652,0.2506784044674207,0.10692586001747469,0.40847433122707516,0.058985103598254006,0.34127387874729437,0.1553235559959305,0.6199888534573696,0.018986470753723395,0.3738503676942615,0.15930994800344356,0.6199888534573696,0.09563686196945376,0.2316205162832824,0.10436141798585137,0.40847433122707516,0.012571620614487652,0.2506784044674207,0.10692586001747469,0.40847433122707516,0.058985103598254006,0.05238095238095238,0.22279404886265877,1.0,0.0,0.047619047619047616,0.21295885499998,1.0,0.0,37.715289721963856,6.760757326386639,55.115128324646165,9.284149531645403,37.09225331591497,5.024320484116919,43.246512261227224,23.513725817211473,-0.9990476190476191,0.030845970934669804,0.0,-1.0,-1.0,0.0,-1.0,-1.0,23110.54512534568,21986.36615101004,149817.64411884107,3305.205251165276,15152.69741990151,6104.438783684614,29939.860355764456,3318.1483268253373,0.0,0.0,0,0,0.0,0.0,0,0,11.030234395196679,4.149030167100785,26.689471222929974,6.8695659299474,8.793691741277401,1.2178605490943943,11.791125393785892,6.928742019737534,-551.511719759834,320004,84000,1680,29.413204950898944,15.303555865000817,13.291592785964895,58.008353601864656,5311.798475087024,83
4.8465357,6.6141973,588.9458,-590.6228,415.07935,-11.746967,-1216.0662,-590.5803,414.74866,-11.679754,-1216.4327,-590.74207,415.15833,-11.311886,-1218.0645,4.8465357,12.715493,107.555786,0.0017023683,6.6141977,17.899637,152.82959,3.4713306e-05,0.2661786,0.7657747,1.0,-1.0,-10.834524286964067,4.036989425496729,-7.366026678794259,-25.88332073794857,-541.7262143482033,31.452410084647617,-487.77781981380974,-620.54473679524,0.30773562,0.58274853,1.0,-1.0,20,-11.819934250224062,4.30194549754561,-6.858508378095448,-26.474950996926115,-590.996712511203,52.142814459142215,-492.13822112613013,-664.6443958461505,0.23851068654188726,0.6567645292072172,1.0,-1.0,0.23696778818146985,0.08446744029801372,0.47512565754417446,0.014668772895163183,0.2628446104074332,0.07683769857422751,0.47512565754417446,0.15837346978755534,0.36134402987901554,0.14352903921973573,0.77640767195182,0.02015832897489237,0.40329092895859875,0.13834519153034047,0.77640767195182,0.1839572990372121,0.23696778818146985,0.08446744029801372,0.47512565754417446,0.014668772895163183,0.2628446104074332,0.07683769857422751,0.47512565754417446,0.15837346978755534,0.013333333333333334,0.11469767022723505,1.0,0.0,0.0,0.0,0.0,0.0,38.303314163898385,5.7631880195450185,54.99453623554951,4.052320261306137,38.49901048396106,2.803817552727231,44.3287092488358,32.64136746010365,-0.9990476190476191,0.030845970934669793,0.0,-1.0,-1.0,0.0,-1.0,-1.0,22712.36111044497,20998.435201274824,140042.56488527192,5138.0264035419095,14850.949851446372,5595.385286791613,28196.419076196013,6191.808408260583,0.0,0.0,0,0,0.0,0.0,0,0,10.834524286964067,4.036989425496729,25.88332073794857,7.366026678794259,8.706738716211374,0.8069995517462417,10.496777144726142,7.43836885001915,-541.7262143482033,324004,85000,1700,26.655759238135943,14.645179291001114,12.964403509882686,54.26534203901974,5364.271621837026,84
6.3242717,7.0408497,599.35486,-601.7493,408.32608,-12.727743,-1162.6085,-602.4896,408.67053,-12.966418,-1164.6279,-602.01074,408.73,-11.999441,-1166.5958,6.3242717,11.249124,70.24085,0.00017866865,7.0408497,14.946668,98.35278,4.514717e-06,0.2545018,0.75352585,1.0,-1.0,-11.065734184017742,3.916576023982705,-6.9531963944261,-25.18789231007883,-553.2867092008871,33.52416955652408,-474.1685794420764,-619.7837117853153,0.29266557,0.6322228,1.0,-1.0,20,-11.740515726454468,4.5405182293195745,-6.795295884988241,-26.173358136616553,-587.0257863227233,56.11744396144679,-522.071573233641,-703.836156729414,0.25370126630109735,0.6460714300684588,1.0,-1.0,0.27161462510186807,0.09455343232863823,0.42219034815427703,0.017132363182258744,0.2982785403785207,0.08562243311876425,0.42219034815427703,0.11568215356385302,0.3973928695226639,0.1386977273226275,0.6669437386785078,0.025005034736229483,0.4420480861617988,0.1232258106753616,0.6669437386785078,0.18408132982382525,0.27161462510186807,0.09455343232863823,0.42219034815427703,0.017132363182258744,0.2982785403785207,0.08562243311876425,0.42219034815427703,0.11568215356385302,0.013333333333333334,0.11469767022723505,1.0,0.0,0.0,0.0,0.0,0.0,38.727607367606666,5.915340407377794,55.8586433362914,9.942345137633897,38.147801799707935,3.1245107171076953,44.46504547537604,31.0716226846183,-0.9990476190476191,0.030845970934669793,0.0,-1.0,-1.0,0.0,-1.0,-1.0,23366.356291981785,20765.202964965232,138352.19825056609,6306.4182106314365,15764.897217380994,5056.766737742519,26931.729780267415,8558.261465755626,0.0,0.0,0,0,0.0,0.0,0,0,11.065734184017742,3.916576023982705,25.187892310078833,6.9531963944261,9.012544066519556,0.83959762751371,10.618900050788787,7.036360244111188,-553.2867092008871,328004,86000,1720,25.113615727932483,12.85166865899373,12.630622036005661,50.595906422931876,5414.534890860967,85
5.8100414,4.5383215,594.48804,-596.8999,415.03387,-13.013243,-1234.668,-596.6355,414.25183,-13.164337,-1232.9474,-596.3152,414.68137,-12.869642,-1232.796,5.8100414,13.383181,102.01259,3.339992e-05,4.5383215,9.12327,49.480114,0.0001180321,0.26330692,0.73802125,1.0,-1.0,-10.599248769034304,4.282063109143187,-7.082739999896492,-26.44262102233423,-529.9624384517151,33.77086336364772,-476.3228984836104,-604.8278396272423,0.33371666,0.67847764,1.0,-1.0,20,-11.990370165345729,4.117038362468977,-6.421087249530495,-27.615586032717715,-599.5185082672866,37.41843148357277,-517.9838404000537,-651.2870694716787,0.2654767083299276,0.6615713862818043,1.0,-1.0,0.2640364645244177,0.11499447163299427,0.4518354352422643,0.01294656314997295,0.2834594045882796,0.11840051991353354,0.4517378889578482,0.05129221254295973,0.3901522726162778,0.17234550321544662,0.7126548794796229,0.018900324389195755,0.41872709082619924,0.17847709004913434,0.7124521194668255,0.08751055942546643,0.2640364645244177,0.11499447163299427,0.4518354352422643,0.01294656314997295,0.2834594045882796,0.11840051991353354,0.4517378889578482,0.05129221254295973,0.04380952380952381,0.2046710762005872,1.0,0.0,0.047619047619047616,0.21295885499998,1.0,0.0,37.452471315588035,6.672660693665299,57.17147373200175,7.521633032499413,36.446840034527746,5.1922447966033385,46.10775120585533,24.59737516589734,-0.9990476190476191,0.0308459709346698,0.0,-1.0,-1.0,0.0,-1.0,-1.0,21552.925247164618,22191.669822100732,150711.4952182695,6628.400427161988,12704.973225723048,4285.159787459831,23301.062201614026,6633.347303402049,0.0,0.0,0,0,0.0,0.0,0,0,10.599248769034304,4.282063109143187,26.44262102233423,7.082739999896492,8.195185490666816,0.7594075133488177,10.07733733547666,7.0877261982607385,-529.9624384517151,332004,87000,1740,28.271675448020687,12.523543262999738,13.044701684062602,53.83992039508303,5468.181434735037,86
11.886013,8.428279,586.4996,-590.29126,412.58456,-13.591173,-1234.0348,-589.6894,412.28488,-13.708762,-1229.604,-588.3938,411.2019,-13.604133,-1226.7411,11.886014,15.085988,108.85988,0.00036379788,8.42828,15.010396,119.864006,4.5076013e-05,0.30986026,0.7676544,1.0,-1.0,-10.807250296555784,4.212734861144356,-6.614229791876124,-25.81745792526116,-540.3625148277891,33.06170025660479,-473.2280109001905,-593.8849369250146,0.24527389,0.6954992,1.0,-1.0,20,-11.733149725485092,4.396133291535754,-6.991828008387748,-26.200204098195933,-586.6574862742546,28.598692544256238,-529.0658511134463,-636.2235818088576,0.2272241724468288,0.6855480308501121,1.0,-1.0,0.25351021222424425,0.11456923391775742,0.44546827794671107,0.016681255196390663,0.2763288447774353,0.11933441387382608,0.43949646750264726,0.026169803983282443,0.38020759913086283,0.1779969591091411,0.6640340648725193,0.026658426917578026,0.4190242460868867,0.18548572745983538,0.6589413373742401,0.04393181410874608,0.25351021222424425,0.11456923391775742,0.44546827794671107,0.016681255196390663,0.2763288447774353,0.11933441387382608,0.43949646750264726,0.026169803983282443,0.06380952380952382,0.24441331485973838,1.0,0.0,0.09523809523809523,0.2935435239509036,1.0,0.0,36.717961662799866,6.263777865229919,52.60346974140644,11.137987410321482,36.00677839940626,4.881154720166167,40.073993077607824,20.371698259236954,-1.0,0.0,-1.0,-1.0,-1.0,0.0,-1.0,-1.0,22404.89854910705,21988.888600663315,143152.57015627276,7284.426772198994,13843.345354712133,4674.447708548737,22523.13490628483,7375.765999377056,0.0,0.0,0,0,0.0,0.0,0,0,10.807250296555784,4.212734861144356,25.81745792526116,6.614229791876124,8.4912074771499,0.7715561904564507,9.31443567127214,6.641647155202512,-540.3625148277891,336004,88000,1760,34.80543216703518,12.30265004800458,14.273906953952974,61.38198916899273,5530.926838199026,87
6.3453445,5.3472056,581.31824,-584.1033,412.49307,-12.629381,-1236.0128,-583.9888,412.13074,-12.530976,-1232.6581,-583.10394,411.6536,-12.606741,-1231.4543,6.3453445,17.796633,183.87518,1.6973354e-05,5.347205,15.739565,148.92223,0.00074434653,0.26096895,0.73801315,1.0,-1.0,-11.254346691773133,3.954579153293394,-7.533784609614469,-25.970326959466448,-562.7173345886565,38.7209329359558,-497.6243778163474,-645.7810545991742,0.2666074,0.7106532,1.0,-1.0,20,-11.795848809839027,4.513035958827556,-7.1862338575211835,-26.464038413076462,-589.7924404919515,41.589931515841215,-514.5928922317096,-682.2561900484168,0.27189881798936333,0.6795191564588288,1.0,-1.0,0.23934813280073686,0.08751710001704242,0.4070914383562971,0.029815253983298717,0.26455206689446603,0.08203714486902963,0.39702252621200607,0.1046640228979406,0.36458771289940656,0.12895741781999012,0.6244667656319891,0.04002283964527026,0.40734135584799835,0.1169230387994704,0.6244667656319891,0.17527783039109784,0.23934813280073686,0.08751710001704242,0.4070914383562971,0.029815253983298717,0.26455206689446603,0.08203714486902963,0.39702252621200607,0.1046640228979406,0.005714285714285714,0.07537660547584525,1.0,0.0,0.0,0.0,0.0,0.0,39.74391081578201,5.6750933937161685,57.906625842098265,15.272080654586151,39.90228075930251,3.253826313189235,46.58670427272392,33.728491202549534,-1.0,0.0,-1.0,-1.0,-1.0,0.0,-1.0,-1.0,24377.831532181874,20703.271406033884,142295.0376760428,6695.645054177143,16535.308103419364,5626.856628390347,29279.301165007448,6917.136274734022,0.0,0.0,0,0,0.0,0.0,0,0,11.254346691773133,3.9545791532933934,25.970326959466444,7.533784609614469,9.142401746304001,1.0018890617071716,11.22841263950272,7.684680126755953,-562.7173345886565,340004,89000,1780,26.162241265068587,13.665848939999705,12.608471730098245,52.43656193516654,5586.4217307251965,88
8.012372,8.198133,588.6698,-589.6649,417.28024,-13.672054,-1148.146,-589.88446,417.576,-13.69965,-1150.9585,-590.08716,417.99948,-13.440967,-1150.6481,8.012373,19.375975,145.49213,0.0008583069,8.1981325,27.970411,282.86746,0.0006952286,0.2665479,0.78815776,1.0,-1.0,-10.897458993263447,4.160774984385681,-7.0729202708975345,-25.81265946347134,-544.8729496631723,36.47146349182014,-490.20331426775346,-627.1056496735349,0.23632653,0.70943046,1.0,-1.0,20,-11.793499820086577,4.363659372079948,-7.259768538629576,-26.615877260137296,-589.6749910043288,45.5943042784838,-515.8982363784169,-713.4757641123513,0.2459762820830068,0.6844112865433539,1.0,-1.0,0.24773946690692214,0.09092796619662816,0.4181580245506939,0.03076779959381831,0.2747983845130709,0.0829386579358769,0.41403042954732755,0.07616155635686771,0.3739800506576876,0.1401875084716863,0.628527761510436,0.041348542680833766,0.42042387747722454,0.12771302027256085,0.6249837500355431,0.12660429567401224,0.24773946690692214,0.09092796619662816,0.4181580245506939,0.03076779959381831,0.2747983845130709,0.0829386579358769,0.41403042954732755,0.07616155635686771,0.02,0.13999999999999999,1.0,0.0,0.0,0.0,0.0,0.0,38.30944376778715,5.586432418980082,54.171246261911186,12.909422122865468,38.068892294775395,2.8330676574848326,42.41022995419144,30.917264549319537,-1.0,0.0,-1.0,-1.0,-1.0,0.0,-1.0,-1.0,21460.2633980216,22094.94685578349,144150.719644772,4443.445074059789,13030.345695210373,4597.585504961654,21155.962584301244,4649.565871270642,0.0,0.0,0,0,0.0,0.0,0,0,10.897458993263447,4.160774984385681,25.81265946347134,7.0729202708975345,8.661066587551616,0.8615141340004523,10.314341573014326,7.17702926572352,-544.8729496631723,344004,90000,1800,28.38434493996465,16.749476113996934,13.652195050948649,58.78601610491023,5645.822647185101,89
8.916339,12.179787,598.24146,-600.1711,404.57562,-13.1450615,-1144.037,-600.31525,404.78302,-13.2216015,-1146.5038,-600.9957,405.2007,-13.497609,-1145.0558,8.916338,19.530794,122.510605,0.0004983435,12.179787,32.912758,242.94998,6.2957406e-05,0.2626429,0.7660388,1.0,-1.0,-11.263654493527815,4.050424277821593,-6.327654347814385,-26.959627249777608,-563.1827246763906,38.23711526378409,-471.15648114478984,-629.6764298512992,0.19120206,0.6379005,1.0,-1.0,20,-12.187596524983336,4.206750505493801,-7.548194628513924,-26.65376293751049,-609.3798262491666,38.15376033529618,-551.3951685245911,-686.843123442223,0.25142910746902086,0.6518383156172137,1.0,-1.0,0.23252973426701995,0.09934332728211122,0.4530210110940756,0.0065227029034179065,0.2533138119698662,0.1015899482409957,0.4530210110940756,0.0886866270402218,0.3450801916534378,0.15226188356291623,0.727822101345128,0.009466416716691683,0.37984172083507606,0.16010900809388567,0.727822101345128,0.11365937491788533,0.23252973426701995,0.09934332728211122,0.4530210110940756,0.0065227029034179065,0.2533138119698662,0.1015899482409957,0.4530210110940756,0.0886866270402218,0.01619047619047619,0.12620754601529105,1.0,0.0,0.0,0.0,0.0,0.0,38.133648161811,6.321988588981761,57.91717282561593,15.355355030235385,37.93176273644299,4.704209091036244,46.63896112819477,27.965016867450135,-1.0,0.0,-1.0,-1.0,-1.0,0.0,-1.0,-1.0,23122.614503794342,21942.409149927793,148168.90319866026,5882.923508192593,14744.351816139084,3813.638524359034,23466.88973717239,9015.35304720211,0.0,0.0,0,0,0.0,0.0,0,0,11.263654493527813,4.050424277821593,26.959627249777604,6.327654347814385,9.00109180041289,0.9734164833231781,10.486555521745855,6.494924376225715,-563.1827246763906,348004,91000,1820,35.10266598909948,17.357023147997097,15.114572486992984,67.57426162408956,5712.143805096188,90
7.4228315,6.7700725,594.64746,-596.6983,406.4424,-14.0912075,-1159.0295,-596.0017,406.2692,-13.989809,-1156.6732,-596.81995,406.38403,-13.830168,-1158.775,7.4228315,25.658113,174.105,0.00032853498,6.770072,19.267548,160.61974,0.00021101534,0.26217926,0.71966803,1.0,-1.0,-11.201545641980161,4.138825800893897,-7.483445359268034,-26.70916277585097,-560.0772820990081,33.275365726562505,-502.05563664835137,-652.2667915560537,0.23431098,0.7279639,1.0,-1.0,20,-11.710984333362058,4.435196333693478,-5.9812626906038275,-26.33704044962238,-585.5492166681029,53.52805703378896,-471.9024368288964,-681.6131259182426,0.23715840132494936,0.672356105626434,1.0,-1.0,0.25522278984907343,0.10540700972832874,0.4387328937432558,0.0240987706196551,0.2778604387785921,0.10522045742843414,0.4281497611975152,0.06160159560858893,0.3782043015144466,0.16467241246635675,0.6754277075490788,0.038020847288885024,0.41799706352170934,0.1669118678999114,0.6690971651933015,0.08978445431579468,0.25522278984907343,0.10540700972832874,0.4387328937432558,0.0240987706196551,0.2778604387785921,0.10522045742843414,0.4281497611975152,0.06160159560858893,0.025714285714285714,0.15828158839388046,1.0,0.0,0.0,0.0,0.0,0.0,37.83386020729372,6.189316525870181,55.182292152161224,8.671637293424583,37.280714100712,4.082341462163665,43.691359580136485,26.98597069551297,-0.9990476190476191,0.030845970934669797,0.0,-1.0,-1.0,0.0,-1.0,-1.0,23750.305008593048,21704.063459589626,150190.83576849918,8378.861671593628,15333.135987491693,3719.071941449059,22381.067417036757,8487.212674736791,0.0,0.0,0,0,0.0,0.0,0,0,11.201545641980161,4.138825800893897,26.70916277585097,7.483445359268034,8.964547814597884,0.8590014114604483,11.176489129700242,7.512419987149131,-560.0772820990081,352004,92000,1840,26.830905061025987,16.108292226999765,13.646556873936788,56.58575416196254,5767.289906281148,91
8.991311,13.751219,600.5023,-604.2566,406.01996,-15.0880375,-1183.9104,-604.2384,405.7503,-15.051735,-1176.5033,-603.44336,405.96222,-14.571361,-1180.3066,8.991312,24.458431,148.23404,0.000494943,13.751219,50.01326,350.707,0.0001835972,0.3150324,0.7690687,1.0,-1.0,-10.611249079493504,4.206126077678311,-6.719075186388595,-25.84400759950731,-530.5624539746751,35.16656918505109,-470.30918407494426,-632.9629767112498,0.31776142,0.6251456,1.0,-1.0,20,-11.732336033671064,4.299589315307079,-7.5400165486934,-27.760580115187754,-586.6168016835531,42.3853046881294,-529.8761381031553,-703.0357081921674,0.29629344469771574,0.6712976685164513,1.0,-1.0,0.21889298737956994,0.08664698505204341,0.36543528891708743,0.0116664933207287,0.24331721754192498,0.083562279980039,0.36543528891708743,0.06096748235471173,0.3305437627322958,0.1442624106281762,0.6304505801640621,0.01937700890778546,0.3713541229570498,0.14330764276322902,0.6304505801640621,0.0990354462243084,0.21889298737956994,0.08664698505204341,0.36543528891708743,0.0116664933207287,0.24331721754192498,0.083562279980039,0.36543528891708743,0.06096748235471173,0.02761904761904762,0.16387872292541336,1.0,0.0,0.0,0.0,0.0,0.0,36.58419156525202,6.523525280528805,55.987301108632494,11.128740877124796,36.47597277847184,4.6092510120319305,44.72049021746378,24.13489356251909,-1.0,0.0,-1.0,-1.0,-1.0,0.0,-1.0,-1.0,20920.126462172964,21953.297027604236,141188.21806689847,5966.75134870614,12305.096572564178,4331.2189722390485,22618.820523638507,5966.75134870614,0.0,0.0,0,0,0.0,0.0,0,0,10.611249079493504,4.206126077678311,25.844007599507307,6.719075186388595,8.333078791071065,0.8441895824768696,10.670486134980056,6.818913582627585,-530.5624539746751,356004,93000,1860,31.081696405934053,14.652597013999184,14.981826546798402,60.71611996673164,5832.883428449888,92
5.1333857,5.368148,577.426,-578.8418,396.5899,-15.768108,-1137.0857,-579.7892,396.95908,-15.856829,-1136.6349,-579.2688,396.9454,-15.421401,-1136.6893,5.133386,10.254689,66.39231,0.00048548356,5.3681483,13.579755,93.4,2.444163e-05,0.24713236,0.8036475,1.0,-1.0,-10.861707808449161,4.255272403302895,-6.609122749504851,-26.11786823573909,-543.085390422458,39.30405770646118,-474.7240034993847,-620.699786703778,0.33311716,0.6950091,1.0,-1.0,20,-12.06329434900328,4.397581812461174,-7.072862188728625,-27.68245317815824,-603.1647174501641,57.00711099024732,-516.2980626642707,-772.7901398999564,0.26288385169720535,0.6541642899319783,1.0,-1.0,0.247296657122276,0.08049340221127278,0.38786026071739843,0.03665087163772722,0.2709982321474625,0.0706370228264292,0.38786026071739843,0.13062763683877718,0.3630507756192745,0.11585257344152441,0.5778914852619006,0.04613834728727442,0.40148978835806526,0.09806783553673659,0.5778914852619006,0.21577725001388517,0.247296657122276,0.08049340221127278,0.38786026071739843,0.03665087163772722,0.2709982321474625,0.0706370228264292,0.38786026071739843,0.13062763683877718,0.013333333333333334,0.11469767022723505,1.0,0.0,0.0,0.0,0.0,0.0,38.566173535935036,5.885646906092633,57.983968670981554,17.037949365160728,38.2193093835893,3.610683531001936,46.93264112287061,30.95003849331061,-1.0,0.0,-1.0,-1.0,-1.0,0.0,-1.0,-1.0,21623.493652102166,22220.979397089603,149345.5818512884,5367.2704212957815,13226.96677654654,5571.254603457923,28712.22361581598,5367.2704212957815,0.0,0.0,0,0,0.0,0.0,0,0,10.861707808449161,4.255272403302895,26.11786823573909,6.609122749504851,8.561891863068794,0.9557350036152732,10.44615963181309,6.619415674076097,-543.085390422458,360004,94000,1880,31.56407221713016,19.546384951005166,15.474116308752855,66.58457347688818,5896.386671301785,93
3.9851556,5.557047,585.681,-587.1721,404.55927,-15.829046,-1181.6976,-587.46265,404.36343,-16.097486,-1181.7621,-587.2541,404.45847,-15.362792,-1183.0713,3.9851553,6.610777,31.832834,0.00050999224,5.557047,21.123154,229.63351,3.7252903e-05,0.32261774,0.7596272,1.0,-1.0,-10.964150166462964,4.183871637673407,-6.571233112145028,-26.04186467890666,-548.2075083231483,45.86326793952278,-465.30251881771653,-635.6313548095346,0.3108859,0.6088204,1.0,-1.0,20,-11.743549643075607,4.287916847295345,-6.739501481585337,-25.56902304338988,-587.1774821537804,42.56126560033591,-496.99492743639644,-695.5996425129928,0.2654405025080433,0.6683258051318258,1.0,-1.0,0.24595500177835394,0.08625477300454412,0.41433453786983226,0.04315116289441648,0.2705343504976178,0.08155649797494914,0.41433453786983226,0.14035900504558801,0.3705211025860258,0.14076729377748087,0.6708976907138124,0.06413566303605009,0.41205842405445176,0.1368659553098493,0.6708976907138124,0.1768325636543469,0.24595500177835394,0.08625477300454412,0.41433453786983226,0.04315116289441648,0.2705343504976178,0.08155649797494914,0.41433453786983226,0.14035900504558801,0.005714285714285714,0.07537660547584525,1.0,0.0,0.0,0.0,0.0,0.0,38.646664559442556,5.588865910920217,54.63738349801736,14.09376465781629,38.18957645571319,3.672192888972663,43.28720053438206,26.62017371462278,-1.0,0.0,-1.0,-1.0,-1.0,0.0,-1.0,-1.0,22623.742077046543,21271.54244240483,140473.37602659396,6712.949815298222,14587.10708250169,3673.932189274293,22596.30751586736,8088.49151758565,0.0,0.0,0,0,0.0,0.0,0,0,10.964150166462966,4.183871637673407,26.04186467890666,6.571233112145027,8.802235412438122,1.2198052863297753,11.115668747355658,6.616220904460162,-548.2075083231483,364004,95000,1900,31.342689045144652,16.444138067003223,14.614632212942524,62.4014593250904,5960.78610331587,94
10.227261,6.445089,597.4444,-598.4586,422.35663,-16.271498,-1152.9989,-599.36694,422.85812,-16.333992,-1153.0739,-599.7531,423.14804,-17.323944,-1152.616,10.227261,22.002548,124.336655,0.0010034479,6.4450893,14.400285,98.147995,2.8196722e-05,0.26774538,0.74844205,1.0,-1.0,-11.093362641811872,4.406965972778005,-6.43297231143325,-26.391132430042635,-554.6681320905935,54.36487296019827,-457.75201545817407,-698.2909055019433,0.25373125,0.6799931,1.0,-1.0,20,-11.927193284938605,4.454875014070316,-7.114988708333368,-26.730322431271446,-596.3596642469302,47.7339830711743,-501.5080861300465,-704.988121886863,0.26423657523879174,0.6708336853259356,1.0,-1.0,0.22283092760253972,0.08276397284615884,0.36913969886033116,0.023949169041738976,0.24372014807434086,0.0799761474710132,0.36883864415846435,0.09831486935679612,0.3385329560174183,0.13448386162032067,0.5857658628945215,0.033984064889179155,0.3723347730764367,0.132943787915464,0.5655410299586399,0.13572623336555684,0.22283092760253972,0.08276397284615884,0.36913969886033116,0.023949169041738976,0.24372014807434086,0.0799761474710132,0.36883864415846435,0.09831486935679612,0.014285714285714285,0.11866605518454394,1.0,0.0,0.0,0.0,0.0,0.0,37.92663471595117,5.956730101419731,55.467781380201515,16.517522298096882,37.841160975238964,3.9757122368057054,43.865872599677985,29.605592694632232,-1.0,0.0,-1.0,-1.0,-1.0,0.0,-1.0,-1.0,23406.99348823753,22862.45331625621,148509.00525015095,5560.102577139052,14911.740033083357,5270.771518961434,24408.962754473563,6086.847475965971,0.0,0.0,0,0,0.0,0.0,0,0,11.093362641811872,4.406965972778005,26.391132430042635,6.432972311433251,8.792451868115364,1.3519061604516205,12.387930805570967,6.4832737688054705,-554.6681320905935,368004,96000,1920,35.831256122917694,18.44067457500205,15.729520516113553,70.0014512140333,6032.0139030108985,95
5.757511,4.554757,572.8822,-574.88184,393.367,-15.734338,-1144.7194,-573.88794,392.27176,-15.910522,-1143.4114,-574.0602,392.8673,-15.550701,-1142.2247,5.757511,12.517923,122.003784,1.29677355e-05,4.554757,9.019181,61.407177,7.212162e-06,0.2594229,0.756526,1.0,-1.0,-11.003506333365111,4.167100895598095,-7.141702587341719,-26.33703324753199,-550.1753166682554,37.48990517499876,-489.6598114697745,-646.6575645200978,0.35169822,0.6507441,1.0,-1.0,20,-11.69048350408395,4.535833017381222,-6.465554915791238,-26.07616168576739,-584.5241752041975,44.42025826209951,-523.9810588504903,-676.5362182179668,0.26451206408576206,0.6797157451076051,1.0,-1.0,0.2557039244589433,0.09512525791288014,0.446031573377226,0.028219715760373857,0.2804360714528887,0.08806418973595723,0.44359548896784423,0.09539458476115918,0.3800932422188593,0.15175429992468942,0.7468285244684563,0.03998613015154781,0.4187424113369711,0.14721180479007798,0.7430427008968737,0.13937468742621853,0.2557039244589433,0.09512525791288014,0.446031573377226,0.028219715760373857,0.2804360714528887,0.08806418973595723,0.44359548896784423,0.09539458476115918,0.023809523809523808,0.15245533898649638,1.0,0.0,0.0,0.0,0.0,0.0,39.143973422589966,5.779280648129161,56.19091748669819,15.993324732092423,38.93805475200687,3.0392754911653075,44.9603095500104,31.874161212776563,-1.0,0.0,-1.0,-1.0,-1.0,0.0,-1.0,-1.0,22728.531895950415,21986.770426853225,145745.77213507326,3499.374878084286,14948.65052146417,6478.12656398818,34544.30592660283,3674.993274208777,0.0,0.0,0,0,0.0,0.0,0,0,11.003506333365111,4.167100895598095,26.33703324753199,7.141702587341719,8.773341956140555,1.0470913176062668,11.89157403391358,7.195415547456694,-550.1753166682554,372004,97000,1940,29.35400600302819,19.66786791999766,14.338289123210416,63.360163046236266,6094.48294866614,96
15.028013,8.573287,600.84064,-604.6315,392.72867,-16.189808,-1209.6143,-604.2993,392.4789,-16.044935,-1209.3527,-604.07947,392.192,-16.013865,-1210.6968,15.028013,35.11473,216.08408,2.1836968e-05,8.573287,20.663797,161.82095,6.7893416e-07,0.3121424,0.7577352,1.0,-1.0,-10.825054423410743,4.224497789111905,-6.752228261666806,-26.782230576937035,-541.2527211705371,40.14891106752867,-480.1764548113263,-619.6092635953619,0.33041823,0.72776914,1.0,-1.0,20,-11.564090866351355,4.401437364718405,-6.768826853000238,-25.653398421268665,-578.2045433175676,37.975337278550654,-501.79588820389495,-688.1523909185946,0.3035147823565806,0.6568791558637668,1.0,-1.0,0.2672282882891178,0.10569588174078412,0.44199311931947033,0.015951512838562682,0.29555843802085996,0.1013714290098707,0.436679222295506,0.06886830598521859,0.40767758543132526,0.16735732259567895,0.698815270361479,0.021185375725676442,0.46025003196544184,0.1596214443741736,0.698815270361479,0.09703724673076691,0.2672282882891178,0.10569588174078412,0.44199311931947033,0.015951512838562682,0.29555843802085996,0.1013714290098707,0.436679222295506,0.06886830598521859,0.009523809523809525,0.09712418121129116,1.0,0.0,0.0,0.0,0.0,0.0,37.927321106799006,5.45813764801026,55.46581020321819,13.11034528159108,37.324350280122076,3.1305087045927036,44.26702501904673,28.043300127577123,-1.0,0.0,-1.0,-1.0,-1.0,0.0,-1.0,-1.0,20373.839954584328,22268.535458506627,150753.42944151256,4317.750559346277,11949.878087789166,3774.1845381881926,18119.271152345045,4471.6377993346005,0.0,0.0,0,0,0.0,0.0,0,0,10.825054423410743,4.224497789111905,26.782230576937035,6.752228261666806,8.536925840941874,1.0977100715400605,10.539849194224384,6.839471672071535,-541.2527211705371,376004,98000,1960,27.285427482886007,18.781094505997316,14.327880239085061,60.394402227968385,6154.090723232104,97
6.106493,7.9531493,577.31836,-578.6152,412.08078,-18.825413,-1212.4386,-579.0379,412.649,-18.961039,-1215.9326,-579.2884,412.76102,-18.14126,-1200.2345,6.106493,19.989305,158.52568,0.0002837777,7.9531493,31.452633,254.28413,7.347275e-05,0.25969848,0.77678704,1.0,-1.0,-10.996511822276846,4.068478014108655,-7.1005092262042675,-26.173248953735975,-549.8255911138423,42.755840578707,-487.97492591654634,-627.7109963033565,0.26545018,0.6849042,1.0,-1.0,20,-11.499389652470155,4.3333990859125775,-6.4948613653681475,-26.32098037148473,-574.9694826235079,40.936036674930726,-510.2526009635666,-673.0866475411217,0.3064573737096042,0.6856692161708886,1.0,-1.0,0.2840375273152822,0.09983675599140464,0.4616299738638073,0.013183146732181928,0.3130502202845342,0.09002261517898441,0.4616299738638073,0.1203378215685218,0.4242595708158504,0.15896424429755387,0.7675442935740172,0.02236675070326677,0.47479044443654883,0.14699969156436526,0.7675442935740172,0.15973075712952658,0.2840375273152822,0.09983675599140464,0.4616299738638073,0.013183146732181928,0.3130502202845342,0.09002261517898441,0.4616299738638073,0.1203378215685218,0.012380952380952381,0.11057877011023848,1.0,0.0,0.0,0.0,0.0,0.0,39.054260153870125,5.662543436678715,56.335299543227286,17.017830394219263,38.474797374543165,3.2622560067459325,44.980065472256754,31.050786244681763,-1.0,0.0,-1.0,-1.0,-1.0,0.0,-1.0,-1.0,24345.162173317534,20918.87433839618,144194.3173621376,7730.365399116748,16391.649441230726,5003.323018763706,30136.10018658958,8288.448854098293,0.0,0.0,0,0,0.0,0.0,0,0,10.996511822276846,4.068478014108655,26.173248953735975,7.1005092262042675,8.80699585538279,1.023906778334167,10.791687402858003,7.343653637191067,-549.8255911138423,380004,99000,1980,31.12353994303703,18.006878845000756,15.091268093849067,64.22168688188685,6221.207651943987,98
7.266242,7.8871107,576.35547,-578.5346,404.94025,-16.323383,-1078.0715,-578.2974,404.49457,-16.417025,-1081.8027,-578.66925,404.78845,-16.509676,-1086.4292,7.266242,15.151287,120.6156,0.0020620823,7.8871107,12.597379,68.97696,3.8670296e-06,0.25407377,0.7671883,1.0,-1.0,-11.2158062198082,3.987248888829514,-7.157877445090718,-25.877649615482394,-560.79031099041,37.07341849051003,-475.23931531910245,-609.7818359228737,0.3266221,0.72034657,1.0,-1.0,20,-11.440285269290136,4.491909363343366,-6.54962049270443,-26.317944218871062,-572.0142634645068,45.62409742519571,-477.8232380726041,-697.9638313852934,0.32355531817882444,0.6581953870829602,1.0,-1.0,0.2318629409888697,0.09023809560181725,0.388201935508364,0.01788429723919648,0.2561728017680697,0.08485038473571073,0.388201935508364,0.09521407081392282,0.3511099691403992,0.1354825078200581,0.6327421583150034,0.023792027656317036,0.39324092923579573,0.12617921261466672,0.6327421583150034,0.15265714058868898,0.2318629409888697,0.09023809560181725,0.388201935508364,0.01788429723919648,0.2561728017680697,0.08485038473571073,0.388201935508364,0.09521407081392282,0.021904761904761906,0.14637261803581159,1.0,0.0,0.0,0.0,0.0,0.0,38.9868651569193,6.495317667933426,57.51476256007154,8.10723306617214,38.97063939313008,3.9544394536143,46.36265433548764,27.35929900107211,-0.9990476190476191,0.030845970934669793,0.0,-1.0,-1.0,0.0,-1.0,-1.0,23238.333480678735,21309.810436804455,136297.70682592905,6754.28955955836,15210.036228140483,5305.957100965886,26136.766360236343,7291.836563019963,0.0,0.0,0,0,0.0,0.0,0,0,11.2158062198082,3.9872488888295146,25.877649615482394,7.157877445090718,9.04982050444731,0.9299040565974246,10.525110934253993,7.185273630382274,-560.79031099041,384004,100000,2000,30.804557454910537,20.88435921099881,14.841291442971851,66.5302081088812,6283.970353835881,99
9.017418,7.133908,581.1231,-583.0005,402.80566,-17.771751,-1102.6239,-583.96576,403.52045,-17.816366,-1100.1998,-584.0314,403.87277,-17.631056,-1103.9337,9.017418,17.477036,130.69287,0.0027548242,7.133908,20.17283,130.61473,5.379319e-06,0.3360835,0.7557177,1.0,-1.0,-11.075314868050846,4.0917443250563155,-7.099846053486253,-26.98238064156195,-553.7657434025425,33.982735892998434,-495.06305872616264,-641.8600956169753,0.4728454,0.6463671,1.0,-1.0,20,-11.408443489984037,4.325715628085332,-6.727197740009458,-25.96056398071495,-570.4221744992021,46.51054657294026,-480.85934834339065,-692.1033632653043,0.37055393002126935,0.6549632342058502,1.0,-1.0,0.2415746668287689,0.09544440743867502,0.4332324782708863,0.020540261666837152,0.26649963525955006,0.09225834364874991,0.4330939399555229,0.10363419812714289,0.3594021243439012,0.14625756527907016,0.6554627992807753,0.03458473924205485,0.39934310594857675,0.14249576820654158,0.6554627992807753,0.15013151385407578,0.2415746668287689,0.09544440743867502,0.4332324782708863,0.020540261666837152,0.26649963525955006,0.09225834364874991,0.4330939399555229,0.10363419812714289,0.015238095238095238,0.12249855383476972,1.0,0.0,0.0,0.0,0.0,0.0,37.809469193111745,5.9759877230250975,55.562684725196526,7.445174208351012,37.52202731384714,3.533738670783154,43.982860595279504,26.730346112731514,-0.9990476190476191,0.030845970934669797,0.0,-1.0,-1.0,0.0,-1.0,-1.0,23262.70509355666,21483.245990602136,156159.70320045232,5458.633348434249,15092.755962285726,3791.6909435486486,20620.828723905535,8736.90852460397,0.0,0.0,0,0,0.0,0.0,0,0,11.075314868050846,4.0917443250563155,26.98238064156195,7.099846053486253,8.859499581918758,0.835300440417732,11.097537787082814,7.138440022653719,-553.7657434025425,388004,101000,2020,32.750878139988345,17.13684848199773,15.303778004970809,65.19150462695688,6348.512361074827,100
5.337097,7.9355803,574.1593,-576.5207,396.02298,-17.324188,-1152.403,-576.5553,395.83795,-16.794643,-1155.4531,-576.93964,396.2503,-17.023287,-1151.4327,5.337097,12.665502,91.93057,7.2737603e-06,7.9355803,23.836817,198.32767,8.381903e-07,0.41643143,0.7265884,1.0,-1.0,-10.975687182955712,4.072465598486557,-6.620564123354093,-26.448547695231635,-548.7843591477856,33.93477814732741,-467.80796778775544,-640.3833905388365,0.38637707,0.6996264,1.0,-1.0,20,-11.43185147352485,4.487052198933573,-6.460566374096976,-27.10301795438427,-571.5925736762426,42.726177533690745,-496.5841225668277,-666.8690403333483,0.32512466271246665,0.6401090881268372,1.0,-1.0,0.24218066107874006,0.08802535179377889,0.43928448089445465,0.016138767600863302,0.2716371172701496,0.07921220624893216,0.43928448089445465,0.13008213947909816,0.37361225636387996,0.14391844022518524,0.7326613903499275,0.02361150566843981,0.427027501183435,0.1306292961957388,0.7326613903499275,0.19165884274660053,0.24218066107874006,0.08802535179377889,0.43928448089445465,0.016138767600863302,0.2716371172701496,0.07921220624893216,0.43928448089445465,0.13008213947909816,0.011428571428571429,0.10629185850136157,1.0,0.0,0.0,0.0,0.0,0.0,38.232203518327054,5.774405544501555,54.68027962275999,15.645920151206562,38.10991755467177,2.966618262119586,43.339628679437375,33.426587662870176,-1.0,0.0,-1.0,-1.0,-1.0,0.0,-1.0,-1.0,23371.454993471554,21311.85540372436,144725.36099959008,5179.149582836215,15251.162949915715,5672.897115228694,27719.4331597977,5231.895519805993,0.0,0.0,0,0,0.0,0.0,0,0,10.975687182955712,4.072465598486557,26.448547695231635,6.620564123354093,8.744507276984617,0.8498525186739403,10.867605228860858,6.662296555520113,-548.7843591477856,392004,102000,2040,32.444649139048124,16.469331095002417,15.417640416002541,64.33162065005308,6475.2413405568805,101
8.435163,7.374861,586.98663,-587.6694,403.2162,-17.54773,-1074.7325,-587.5543,403.76288,-16.234812,-1080.1392,-589.1662,403.93018,-17.335564,-1077.6401,8.435163,24.11763,233.46437,2.2159016e-05,7.374861,18.032288,178.84164,0.0061704554,0.3427787,0.7483259,1.0,-1.0,-11.003007082546311,4.141441170903781,-6.869877674864445,-26.016220629128302,-550.1503541273155,32.594484589303185,-472.74834344255447,-604.8019709007916,0.39938128,0.63308144,1.0,-1.0,20,-11.521968346236612,4.109994639578031,-7.735919716584009,-26.838626440914915,-576.0984173118306,27.964519226412232,-526.2251039689047,-632.6303248885757,0.2981866671172154,0.6822235442151813,1.0,-1.0,0.2601849719072834,0.09794662795519846,0.4171261948874026,0.02660861790280323,0.28714356981992056,0.0918024005943127,0.4171261948874026,0.10087989215156816,0.39071353545120313,0.1517902489414405,0.6848881057561077,0.044726936766587067,0.43510676147727056,0.14368838064080391,0.6714891417676677,0.1388384847321402,0.2601849719072834,0.09794662795519846,0.4171261948874026,0.02660861790280323,0.28714356981992056,0.0918024005943127,0.4171261948874026,0.10087989215156816,0.011428571428571429,0.10629185850136157,1.0,0.0,0.0,0.0,0.0,0.0,38.4186921417682,5.851303892462151,58.25518469318472,5.775541370624795,38.038008238498776,3.698434869986576,47.3560262056803,30.284357079803165,-0.9990476190476191,0.0308459709346698,0.0,-1.0,-1.0,0.0,-1.0,-1.0,23638.260787396815,21610.119715057477,139511.63294533102,7445.637066371149,15138.682457603658,5281.283872282332,27068.792763928555,7995.959158067314,0.0,0.0,0,0,0.0,0.0,0,0,11.003007082546311,4.141441170903781,26.016220629128306,6.869877674864445,8.743144424880805,0.7808447482644327,10.506639981308073,6.929962341749495,-550.1503541273155,396004,103000,2060,33.351332030099,17.955973793003068,14.933915989960951,66.24122181306302,6538.775304622955,102
8.954171,5.334998,585.99316,-588.7942,415.433,-18.373264,-1176.7949,-588.9724,415.6281,-19.007687,-1186.1644,-588.7422,415.45328,-17.718147,-1186.1953,8.954172,36.17619,384.11957,5.9604645e-08,5.3349986,13.790712,83.93474,0.0007352161,0.2985705,0.7289244,1.0,-1.0,-10.854761291363285,4.295230588694958,-6.412329192441462,-26.35404481256601,-542.7380645681642,40.01721895942804,-455.3147808862974,-613.6791096765464,0.3750393,0.70099765,1.0,-1.0,20,-11.414967310399348,4.452888539742257,-6.725134762455766,-27.036666976446384,-570.7483655199674,47.8059479495419,-494.21665182158847,-660.9182821630865,0.34164438999159696,0.6495258965472814,1.0,-1.0,0.222174542137614,0.10158999722053594,0.42540421769982484,0.006061521599335213,0.24209852393002507,0.10403577797779036,0.4183912358400903,0.044946017557891814,0.33414410359660257,0.15630476382139596,0.637116414864734,0.007837734614195527,0.36760135034684144,0.16046169187493148,0.637116414864734,0.07668358305438905,0.222174542137614,0.10158999722053594,0.42540421769982484,0.006061521599335213,0.24209852393002507,0.10403577797779036,0.4183912358400903,0.044946017557891814,0.05333333333333334,0.22469732728470287,1.0,0.0,0.047619047619047616,0.21295885499998,1.0,0.0,36.539118705981835,6.772241631254174,53.92436883994675,5.319000348362684,35.87523312646379,5.0364640750116205,41.842615172147696,23.242906670551402,-0.9990476190476191,0.030845970934669804,0.0,-1.0,-1.0,0.0,-1.0,-1.0,22617.873262944526,22331.612224452107,153245.81515713193,3545.7829114536726,13783.123414269956,4319.119353205413,20731.31629669367,3549.430477162259,0.0,0.0,0,0,0.0,0.0,0,0,10.854761291363287,4.295230588694958,26.35404481256601,6.412329192441462,8.54667603594506,1.0136956973894562,10.399128124695876,6.441185314973572,-542.7380645681642,400004,104000,2080,32.41519445490121,15.245673359997454,14.500130295957206,62.16099811085587,6603.959257563809,103
7.4675336,6.351415,567.87585,-568.2329,404.60364,-19.88179,-1171.605,-568.7469,405.2081,-19.684082,-1172.6599,-569.3362,405.69086,-18.864752,-1174.529,7.4675336,18.178076,135.96138,0.00022762142,6.3514147,15.633774,136.4208,0.00078945,0.24554734,0.7800742,1.0,-1.0,-11.0543764516127,4.152851713728363,-7.088481133550264,-27.031426895506883,-552.718822580635,36.56573135141347,-508.5636244992196,-643.4178703548916,0.37652186,0.63661426,1.0,-1.0,20,-11.331101543940608,4.760312029836882,-6.238659414978653,-26.792315524178484,-566.5550771970304,49.80668299176368,-483.82316913005775,-680.6502180944104,0.27342150514767993,0.6622136301551027,1.0,-1.0,0.264240655628947,0.09691583765936869,0.43985480368534335,0.04482612612284462,0.291324374459417,0.09257010658652719,0.4318910584340518,0.12745446884857897,0.3980012739924314,0.15650254919643264,0.7148630122845177,0.0657368589127979,0.44349256153202693,0.1543647635006569,0.7048057097666158,0.19773680404128444,0.264240655628947,0.09691583765936869,0.43985480368534335,0.04482612612284462,0.291324374459417,0.09257010658652719,0.4318910584340518,0.12745446884857897,0.008571428571428572,0.0921843760280096,1.0,0.0,0.0,0.0,0.0,0.0,39.33807810027144,5.433401513754355,56.271516351346136,12.637082552559956,38.74621564728605,3.1804310499405313,45.330717748006194,30.438903202037718,-1.0,0.0,-1.0,-1.0,-1.0,0.0,-1.0,-1.0,22935.130081071984,21637.141492935243,157721.9668353417,5275.891073004549,14789.212626495162,4190.475056527833,23356.284298988237,5339.495868109373,0.0,0.0,0,0,0.0,0.0,0,0,11.0543764516127,4.152851713728363,27.031426895506883,7.088481133550264,8.875138135518364,1.0123572335071882,11.417605677282587,7.1629854895995715,-552.718822580635,404004,105000,2100,32.17097115697834,18.27151575499738,14.951117705983052,65.39360461795877,6667.806237454744,104
4.9996014,3.6253042,581.1072,-583.79395,403.08762,-18.175425,-1187.9962,-583.8154,403.47937,-17.946436,-1193.2695,-583.8809,403.25873,-17.69888,-1193.8716,4.999602,11.73848,103.79542,1.6722828e-05,3.6253042,15.537422,173.9816,6.571412e-06,0.288865,0.77613646,1.0,-1.0,-10.842216782676092,4.101546393393133,-6.5486066680429245,-26.274368517331155,-542.1108391338046,32.01033406012964,-478.1298509906122,-600.728381569732,0.32949892,0.7206753,1.0,-1.0,20,-11.983971936601677,4.246389311768799,-6.591281069465553,-26.790069696572026,-599.1985968300838,51.5742809072305,-496.5937481467039,-750.1393775439534,0.30321687428080757,0.6570706034882978,1.0,-1.0,0.2596950526042874,0.09424685685884983,0.4215831561174663,0.024792090620237274,0.2886931211002863,0.08659125753645769,0.4215831561174663,0.09547699082132305,0.3921907314788621,0.15400388908283186,0.6621403021434304,0.03899813203727138,0.44153196616855406,0.14594552377035322,0.6565003239924139,0.14256211318490747,0.2596950526042874,0.09424685685884983,0.4215831561174663,0.024792090620237274,0.2886931211002863,0.08659125753645769,0.4215831561174663,0.09547699082132305,0.011428571428571429,0.10629185850136157,1.0,0.0,0.0,0.0,0.0,0.0,38.005374595415425,6.041771334085915,55.86568750466684,7.891313802249097,37.70080116266668,3.549945734141818,44.314221062646254,30.452205826131006,-0.9990476190476191,0.030845970934669793,0.0,-1.0,-1.0,0.0,-1.0,-1.0,23468.934185207752,21046.804764127566,139652.29933035426,6238.821593904301,15509.689622909847,5108.437335089444,23134.603193723546,6260.865143112061,0.0,0.0,0,0,0.0,0.0,0,0,10.842216782676093,4.101546393393134,26.274368517331155,6.548606668042925,8.623507007604394,0.8873789517197865,10.664477078300612,6.671409923224553,-542.1108391338046,408004,106000,2120,35.96213060788432,16.730677708001167,16.02312217692088,68.71593049280636,6738.259963007542,105
5.050832,4.9249396,580.2351,-582.7755,413.17746,-17.738613,-1129.466,-583.2561,413.43005,-17.473965,-1130.838,-582.7758,413.08484,-17.195246,-1127.6833,5.050832,10.171751,73.4806,0.00016585365,4.924939,10.524048,85.82693,0.00020924583,0.2821396,0.767066,1.0,-1.0,-10.798522099368675,4.244689275660311,-6.72570267486445,-26.137910345191273,-539.926104968434,39.345804927056946,-478.8575534009052,-622.2658416001207,0.26810026,0.6868183,1.0,-1.0,20,-11.620148575077662,4.525069385709404,-6.583855097735116,-26.32750164645453,-581.0074287538832,39.50834761342498,-496.93465219655025,-649.9406860964161,0.30598539890978027,0.6603681559935805,1.0,-1.0,0.21783345109993948,0.08928718855108085,0.39222453831706006,0.015896836549879063,0.236972774884959,0.08761159791446448,0.39222453831706006,0.03692062170952895,0.32174511492464664,0.13062281768238962,0.5448174290308956,0.021436373506029227,0.3531183191683586,0.12821225599821764,0.5448174290308956,0.05633226433572386,0.21783345109993948,0.08928718855108085,0.39222453831706006,0.015896836549879063,0.236972774884959,0.08761159791446448,0.39222453831706006,0.03692062170952895,0.05238095238095238,0.22279404886265874,1.0,0.0,0.047619047619047616,0.21295885499998,1.0,0.0,36.86005368146894,7.226193413631541,55.15252584665942,10.61426720054365,36.530484291755954,5.818242559328104,43.4267313945631,20.432805263830875,-1.0,0.0,-1.0,-1.0,-1.0,0.0,-1.0,-1.0,21390.049166645138,22816.743241145683,151054.91074994832,2819.320416480645,12626.904406263551,5609.47359765181,26713.26794562583,4362.187538939304,0.0,0.0,0,0,0.0,0.0,0,0,10.798522099368675,4.244689275660311,26.137910345191276,6.72570267486445,8.557497698805607,1.01227786051401,10.505682291852098,6.765133293121456,-539.926104968434,412004,107000,2140,29.246516805891588,18.469987691001734,14.95734868398722,62.67385318088054,6800.813413762415,106
5.0149307,7.896241,588.7771,-589.32715,398.04257,-17.904732,-1090.6085,-589.1051,397.55295,-17.69674,-1093.7522,-590.29877,398.4385,-18.260845,-1092.9518,5.0149307,8.198328,41.51334,0.000372876,7.896241,15.763955,126.445114,1.046434e-05,0.31330004,0.76092255,1.0,-1.0,-10.994503391207063,4.114591660166138,-6.308767611520475,-26.50385627169918,-549.7251695603534,39.96679255908544,-463.0567873273261,-630.9433338335913,0.3779238,0.6619109,1.0,-1.0,20,-11.629637873098034,4.170546724884898,-6.9345132322402705,-26.198006182372463,-581.4818936549016,34.16955219111453,-518.2108250890986,-637.728019214299,0.30741023017001756,0.6636533724234099,1.0,-1.0,0.23540123082279427,0.11076547476560747,0.4693557203212563,0.023216611742509302,0.2542857904030116,0.11337442740871774,0.4693557203212563,0.07723693699037755,0.35242785983999014,0.1722625832753692,0.7698516166085778,0.03067115449471633,0.3825965626234201,0.1762384647157056,0.7698516166085778,0.1245937367968444,0.23540123082279427,0.11076547476560747,0.4693557203212563,0.023216611742509302,0.2542857904030116,0.11337442740871774,0.4693557203212563,0.07723693699037755,0.018095238095238095,0.13329591311632455,1.0,0.0,0.0,0.0,0.0,0.0,37.21914582874618,6.665857598468261,56.955963887691425,11.814665164809165,36.739438409192545,5.33102598892568,45.642908476504225,25.498170698269572,-1.0,0.0,-1.0,-1.0,-1.0,0.0,-1.0,-1.0,23901.23710192031,21485.255151945214,146732.83857873836,5873.7115098471195,15745.116686621312,5791.54468778432,29180.694075157484,6289.435201665911,0.0,0.0,0,0,0.0,0.0,0,0,10.994503391207063,4.114591660166138,26.50385627169918,6.308767611520476,8.744046517401364,1.0409713357769002,10.60082794629856,6.353230151964308,-549.7251695603534,416004,108000,2160,40.76782936098607,18.324434667003516,16.94922350707202,76.0414875350616,6880.076585482486,107
7.1918826,9.605053,584.71545,-587.3566,393.40814,-18.917343,-1230.4716,-587.4414,393.02075,-19.237339,-1226.9835,-587.45917,393.76147,-18.792067,-1230.5443,7.1918826,20.204039,178.37506,2.5895948e-05,9.605053,36.69398,373.5717,2.7552247e-05,0.2723183,0.74238855,1.0,-1.0,-10.865520606081436,4.106201705216611,-6.911474124492223,-25.858156398886706,-543.2760303040717,42.79112432505292,-476.9283552643752,-610.2951861182644,0.3662889,0.67210287,1.0,-1.0,20,-11.847063472732549,4.34030501142163,-6.9559408913806955,-25.99096495204144,-592.3531736366274,47.932092198996806,-516.2839676821173,-704.8947106220944,0.30121397000067734,0.6658178834436781,1.0,-1.0,0.24371997528478384,0.08390485848932323,0.3781132673058173,0.04400143003460176,0.26711969452147116,0.0802619801341425,0.3781132673058173,0.11056054278604911,0.36121149920111656,0.133041557795467,0.6211785314047751,0.06282934945593363,0.3994171416798152,0.12946788985599733,0.6211785314047751,0.16942117682634467,0.24371997528478384,0.08390485848932323,0.3781132673058173,0.04400143003460176,0.26711969452147116,0.0802619801341425,0.3781132673058173,0.11056054278604911,0.005714285714285714,0.07537660547584525,1.0,0.0,0.0,0.0,0.0,0.0,38.36143051837621,5.701127308341619,54.280089110259965,11.965130036633155,37.83282309618766,3.5463319398204987,42.26561258186631,28.617194509718704,-1.0,0.0,-1.0,-1.0,-1.0,0.0,-1.0,-1.0,23173.248829887056,21252.64989957848,143124.3554604982,5001.892514252989,15241.043071527563,5886.119364108683,27229.24124932313,6834.368128703524,0.0,0.0,0,0,0.0,0.0,0,0,10.865520606081436,4.106201705216611,25.858156398886702,6.911474124492224,8.650684025189488,1.031562443371207,10.428718179762246,6.99559436431857,-543.2760303040717,420004,109000,2180,29.390913143084617,21.56033641900285,14.451281293026113,65.40253085511358,6941.8908311626,108
3.8303118,3.8397624,596.34045,-598.5127,403.21176,-18.246687,-1137.5835,-598.4907,403.16394,-18.195667,-1137.2526,-598.5421,402.73846,-18.242737,-1137.3224,3.830312,9.087284,83.37371,1.560344e-05,3.8397622,8.335381,61.794724,1.7736107e-05,0.39105725,0.7100247,1.0,-1.0,-10.986469045728255,4.094860161834409,-7.401816718917195,-26.506139106660424,-549.3234522864126,32.82627153862985,-480.25138429155305,-621.1443705443006,0.47526494,0.62627745,1.0,-1.0,20,-11.87325890751131,4.311365542459273,-6.510935080484747,-26.38701855727068,-593.6629453755654,41.8974620394288,-518.5242914436976,-688.3662091312141,0.33464832315494214,0.6430242334318199,1.0,-1.0,0.2633663300690535,0.0906363746513002,0.46265968142837255,0.0233542075010091,0.2878125363100366,0.08984733979651095,0.46265968142837255,0.09041711294523373,0.3926956776358152,0.1468740991308588,0.7542790895497865,0.0395304024790778,0.4339218122897564,0.14752199138993008,0.7542790895497865,0.1536390418815674,0.2633663300690535,0.0906363746513002,0.46265968142837255,0.0233542075010091,0.2878125363100366,0.08984733979651095,0.46265968142837255,0.09041711294523373,0.005714285714285714,0.07537660547584524,1.0,0.0,0.0,0.0,0.0,0.0,39.849481975739764,5.720901920326013,58.04163111031086,8.943704492975499,39.413859438421476,3.388819072542225,47.015290975851904,32.378987732748264,-0.9990476190476191,0.030845970934669793,0.0,-1.0,-1.0,0.0,-1.0,-1.0,22176.628012935358,21737.107606132926,144924.4376241806,4894.765228815933,13484.978126720727,3779.6135404906945,20814.364100190203,4895.080590369982,0.0,0.0,0,0,0.0,0.0,0,0,10.986469045728255,4.094860161834409,26.506139106660424,7.401816718917195,8.760730156060191,0.8041290978246142,10.564944871552111,7.415989270250659,-549.3234522864126,424004,110000,2200,37.47382780693442,17.979184645002533,16.223689654958434,71.67670210689539,7016.432858710505,109
4.2942686,6.3433247,577.07605,-579.32025,416.5882,-17.33715,-1147.041,-579.4309,416.76654,-17.040447,-1145.7443,-579.22406,416.03537,-17.18273,-1145.0992,4.294269,12.985322,134.23819,8.215103e-05,6.3433247,16.065796,131.69888,0.00029875024,0.31049195,0.7526282,1.0,-1.0,-11.183593603333039,4.083427436566171,-7.249373124385251,-26.258411497204854,-559.179680166652,32.89673794767909,-491.2812081981222,-635.8525855789712,0.3708468,0.6485099,1.0,-1.0,20,-11.872301538699604,4.273317663791062,-7.230725749313427,-27.142367025057176,-593.6150769349802,43.20323866410445,-529.4716457619888,-695.2219405384657,0.3066234509376815,0.6408469839876819,1.0,-1.0,0.2386196563136104,0.09896077319877664,0.39957084584233016,0.02584379973726304,0.26411895110192346,0.09472329007768504,0.3975791735443512,0.08610051211831295,0.35386865255182764,0.14784543537772502,0.5819254493562471,0.03243406669011827,0.3955995361032376,0.1406538135093555,0.5819254493562471,0.14659697499200286,0.2386196563136104,0.09896077319877664,0.39957084584233016,0.02584379973726304,0.26411895110192346,0.09472329007768504,0.3975791735443512,0.08610051211831295,0.015238095238095238,0.12249855383476972,1.0,0.0,0.0,0.0,0.0,0.0,37.03915063591229,5.652534057568551,52.32149044291835,10.38732258997646,36.86878494868732,2.7301182936953987,39.51338085302226,28.9072530871709,-1.0,0.0,-1.0,-1.0,-1.0,0.0,-1.0,-1.0,24128.768426530718,21582.55041197326,145471.28423524837,4943.71093059699,16201.470765451588,5511.471205847024,25507.65425300345,5025.317365347521,0.0,0.0,0,0,0.0,0.0,0,0,11.183593603333039,4.083427436566171,26.258411497204854,7.24937312438525,9.005290525298959,0.9132608694129661,11.266414127923198,7.287451229127594,-559.179680166652,428004,111000,2220,36.63058754202211,20.838677524996456,15.264731708964973,72.73399677598354,7086.495056819505,110
7.4683847,6.9955034,573.1126,-573.9514,397.47043,-17.20859,-1102.253,-573.5051,397.27094,-17.354063,-1101.9677,-574.42114,397.97922,-18.018646,-1104.1019,7.4683847,20.977556,171.49504,4.4488876e-05,6.9955034,13.718238,96.27677,0.0001173286,0.29392835,0.76735663,1.0,-1.0,-11.123167996081689,4.11304524355394,-7.2211659072098415,-26.50650420433452,-556.1583998040846,28.647051480488273,-507.9879785646738,-625.832691103435,0.35403717,0.7110948,1.0,-1.0,20,-12.07110358421248,4.321303327854279,-6.193511291690469,-26.63271958743889,-603.555179210624,49.070153766574094,-487.1274710854974,-693.4746770991212,0.2628082287187575,0.6705599487454234,1.0,-1.0,0.2512553284313478,0.09453408074100371,0.45531764408457687,0.03287299049587068,0.2770074617733566,0.08976177907649058,0.45531764408457687,0.11145875734645384,0.37693142733810264,0.15695015435368698,0.7320741138778102,0.04752658700058576,0.41984092728439526,0.15608165463856727,0.7320741138778102,0.13178880362231207,0.2512553284313478,0.09453408074100371,0.45531764408457687,0.03287299049587068,0.2770074617733566,0.08976177907649058,0.45531764408457687,0.11145875734645384,0.011428571428571429,0.10629185850136157,1.0,0.0,0.0,0.0,0.0,0.0,37.8006994549855,5.925226928954139,56.13321128074686,13.046344505631872,37.53285206802465,3.63969095844377,44.658954558097555,29.625535033623454,-1.0,0.0,-1.0,-1.0,-1.0,0.0,-1.0,-1.0,23798.861781109666,21525.60305376504,147663.19701004605,6072.303230424348,15560.561436456714,5120.6167611859155,27034.86338529291,7321.335208597997,0.0,0.0,0,0,0.0,0.0,0,0,11.123167996081689,4.11304524355394,26.50650420433452,7.2211659072098415,8.881047328058818,0.8612981608713958,10.888345346371784,7.3606515815706945,-556.1583998040846,432004,112000,2240,29.969950336082547,18.1551341710001,13.669290558013017,61.794375065095664,7149.627053078606,111
11.156979,12.985701,591.44305,-591.70764,409.24307,-16.787556,-1278.8633,-592.5326,408.77478,-16.470383,-1269.5062,-592.7837,409.6512,-17.20889,-1291.5477,11.156978,22.838669,160.89523,0.0006812183,12.9857025,46.311874,485.82788,0.0013500601,0.3054454,0.79110366,1.0,-1.0,-10.79038048658143,4.003049165568517,-5.8057851624541374,-25.686376067234512,-539.5190243290716,38.650821098720606,-444.41884908365046,-614.8283326122095,0.30071586,0.7402187,1.0,-1.0,20,-11.653109289874111,4.500925732872923,-6.9690341060450045,-25.653671182639005,-582.6554644937056,50.709909828145186,-509.91443510808574,-675.6300177795957,0.2700488868614676,0.6788671125882147,1.0,-1.0,0.2628155243206982,0.09080651904716887,0.42346694999460127,0.032026475389114885,0.29090541779278856,0.08440816635304395,0.4219917885629028,0.15595004351219272,0.39916311536996685,0.1481132738502955,0.6881591889759983,0.035646289167548334,0.4474744633318741,0.13974670839195347,0.6786277107716409,0.19021144589932,0.2628155243206982,0.09080651904716887,0.42346694999460127,0.032026475389114885,0.29090541779278856,0.08440816635304395,0.4219917885629028,0.15595004351219272,0.010476190476190476,0.10181571543380252,1.0,0.0,0.0,0.0,0.0,0.0,38.95614342549924,6.028777335040077,58.17566340300602,12.84142422343101,38.53809731078837,3.819659789655277,47.45667005266493,32.673479975863906,-1.0,0.0,-1.0,-1.0,-1.0,0.0,-1.0,-1.0,22367.761185107905,20388.95845570879,137012.19825734443,4888.933093619148,14848.47625836478,4126.303032729068,27669.192330365422,8688.973657167238,0.0,0.0,0,0,0.0,0.0,0,0,10.79038048658143,4.003049165568517,25.68637606723451,5.8057851624541374,8.616326582766847,0.9369621897816626,10.184566978337473,5.920399568530386,-539.5190243290716,436004,113000,2260,34.08804388788849,19.501295647001825,15.560861659017974,69.15020119390829,7216.195931513495,112
5.6613235,4.779462,570.24115,-571.2993,401.77438,-17.262108,-1125.93,-571.3605,401.67636,-17.39959,-1126.1119,-571.5462,401.8348,-16.737858,-1125.0349,5.661324,17.703955,170.55397,4.7568232e-05,4.779462,13.840616,127.12583,0.00035727897,0.30931023,0.78055704,1.0,-1.0,-10.915469855988428,4.227683851778602,-6.71686027804442,-26.165138374983588,-545.7734927994213,43.71353809233266,-484.00179928416367,-644.6737808201243,0.3872632,0.65436244,1.0,-1.0,20,-11.716714714471975,4.399215550144871,-6.289592444689243,-26.07663876585143,-585.8357357235986,33.89931836252179,-499.6406556435575,-625.8832577106842,0.2619089681009091,0.6873151727461793,1.0,-1.0,0.2585773303013118,0.09802995923988905,0.4330360949434588,0.019975461813785778,0.285693958672009,0.09079632235998632,0.4330360949434588,0.08999824570931277,0.38495872137684084,0.14804696324626856,0.6944324710886065,0.026514952773102507,0.42744418921822896,0.137210619955048,0.6944324710886065,0.1274052587399184,0.2585773303013118,0.09802995923988905,0.4330360949434588,0.019975461813785778,0.285693958672009,0.09079632235998632,0.4330360949434588,0.08999824570931277,0.018095238095238095,0.13329591311632455,1.0,0.0,0.0,0.0,0.0,0.0,38.58223524606166,6.1527671632398855,56.45034168637985,10.550295133906618,38.09225684672201,3.627672564434303,45.37638670705542,29.997078929940898,-1.0,0.0,-1.0,-1.0,-1.0,0.0,-1.0,-1.0,23519.59509877974,21818.639339589197,147969.26340246503,5925.464796381337,15486.985249359059,5277.0309594199825,24982.679217996243,6145.324909228078,0.0,0.0,0,0,0.0,0.0,0,0,10.915469855988428,4.227683851778601,26.165138374983588,6.71686027804442,8.652283908264904,1.0784573829715034,11.05692041447671,6.750106298820853,-545.7734927994213,440004,114000,2280,32.38066132289532,16.90556199200364,15.185040568001568,64.47126388290053,7279.737486212398,113
8.56735,5.8413234,599.34204,-602.9454,411.89664,-17.257826,-1187.3811,-602.906,412.1536,-16.960686,-1185.1388,-602.898,412.15137,-17.05522,-1181.594,8.567351,24.526003,180.14468,0.00068840577,5.841323,16.760853,129.40138,0.00021112619,0.27703628,0.76882327,1.0,-1.0,-10.73547389057403,4.208079053811401,-5.445577805975504,-26.740371432851227,-536.7736945287015,41.06121450463213,-420.72103400595114,-595.2269351480572,0.27918327,0.71187234,1.0,-1.0,20,-11.662457475107546,4.28834043589833,-7.058209759080957,-25.28622696959022,-583.1228737553772,37.10314303242112,-511.5227973915671,-670.318374771025,0.32191702245448395,0.6811548810833467,1.0,-1.0,0.2740788612568026,0.0975852162701806,0.42938717518500663,0.01068164954176725,0.29904025416751623,0.09524309940531242,0.4276976165606563,0.10743387532523695,0.4075498874012471,0.1655440972341793,0.7287256261887167,0.017775359563043602,0.4497645745602165,0.16733960212088486,0.7213662092680494,0.1498604523662809,0.2740788612568026,0.0975852162701806,0.42938717518500663,0.01068164954176725,0.29904025416751623,0.09524309940531242,0.4276976165606563,0.10743387532523695,0.008571428571428572,0.09218437602800958,1.0,0.0,0.0,0.0,0.0,0.0,38.816350065581155,6.0475361270745465,54.39113094018124,14.71753995457442,37.95085231340567,4.445272365989219,42.48010303861648,26.520940345632713,-1.0,0.0,-1.0,-1.0,-1.0,0.0,-1.0,-1.0,21662.56774108084,21827.232509745754,152649.3478460026,3643.046955894577,13665.109256814505,4866.491014163617,23481.00802072259,3674.4668270483553,0.0,0.0,0,0,0.0,0.0,0,0,10.73547389057403,4.208079053811401,26.740371432851223,5.445577805975504,8.510324391416715,0.9924887030654891,9.901875376584805,5.490195008075616,-536.7736945287015,444004,115000,2300,32.844802131126926,15.975934349000454,14.880666959797964,63.70140343992534,7342.544200679331,114
6.1633472,5.2936087,579.84814,-582.2863,422.16147,-17.518625,-1186.1609,-582.1228,422.18323,-17.544558,-1181.7208,-581.4485,422.3118,-17.419218,-1183.8796,6.1633472,16.154322,115.10203,8.734787e-09,5.2936087,15.442393,124.723526,0.00011518979,0.3346142,0.7620734,1.0,-1.0,-11.092971698340117,4.043245178055239,-6.788333646525535,-26.295501986950327,-554.6485849170058,41.921958898463714,-484.8717726933014,-656.9793181232418,0.28404307,0.7089597,1.0,-1.0,20,-11.923097865832315,4.096202512108806,-7.9929675485607214,-25.6592709340751,-596.1548932916157,34.29554907075518,-524.9741892995229,-669.4105708738175,0.29341599831520954,0.6793741182274172,1.0,-1.0,0.25978172966656754,0.09808332774341384,0.45764512065174284,0.034390657013389773,0.28548767713342044,0.09391086972277081,0.45764512065174284,0.08381542630672775,0.3787109405899079,0.1455519947388947,0.7083285048062307,0.05020286407966491,0.41942108762354546,0.14018484443679777,0.7083285048062307,0.1130547898132615,0.25978172966656754,0.09808332774341384,0.45764512065174284,0.034390657013389773,0.28548767713342044,0.09391086972277081,0.45764512065174284,0.08381542630672775,0.012380952380952381,0.11057877011023848,1.0,0.0,0.0,0.0,0.0,0.0,38.40118838770774,5.999884124983159,55.94193796173193,11.836462864108105,37.97825683683082,3.44654792660074,44.35411364411355,28.19065834621603,-1.0,0.0,-1.0,-1.0,-1.0,0.0,-1.0,-1.0,22583.520024526344,21240.451032555477,147455.74551146786,4559.857822619115,14210.637773541956,4689.093564947121,23003.819389701508,4581.439395217043,0.0,0.0,0,0,0.0,0.0,0,0,11.092971698340115,4.043245178055239,26.29550198695033,6.788333646525535,8.899808509745068,1.0658569402816733,11.021580701218902,6.788333646525535,-554.6485849170058,448004,116000,2320,32.95228084898554,15.081161255999177,15.64557097999932,63.679013084984035,7409.878932850312,115
3.1036053,3.5210013,588.4629,-591.1218,402.2635,-17.611929,-1157.3147,-590.3922,401.94217,-17.38933,-1156.6877,-590.7641,401.8998,-17.539238,-1156.6733,3.1036053,5.2503166,30.777302,0.00050999224,3.5210013,8.407349,66.20644,1.0766089e-06,0.31524843,0.7674069,1.0,-1.0,-10.931947047044012,4.2235567531774265,-7.3409104061941575,-25.656167387483848,-546.5973523522006,35.45317751155237,-491.27277501803735,-630.4693876088969,0.34001863,0.66858673,1.0,-1.0,20,-11.709012087920007,4.435172690218788,-6.953890554504886,-26.35875590739073,-585.4506043960005,35.69879008198453,-530.713334807368,-670.5600279277269,0.27868183785162415,0.6606448888227503,1.0,-1.0,0.27625752420718863,0.07720549525090765,0.4541135831207095,0.04937018800281495,0.3017191775025904,0.06757609881612572,0.4525413137137236,0.13339632590516995,0.41308515257724115,0.128086282114553,0.7643867727718938,0.07453973176376161,0.4557289307766357,0.11768254339601535,0.7621569670354588,0.2154814752367993,0.27625752420718863,0.07720549525090765,0.4541135831207095,0.04937018800281495,0.3017191775025904,0.06757609881612572,0.4525413137137236,0.13339632590516995,0.0019047619047619048,0.04360199292289371,1.0,0.0,0.0,0.0,0.0,0.0,40.57150430052961,5.0964324507092735,56.62196391318144,16.806342059181908,39.94455844982807,2.5841586490335415,45.158814292074275,35.265389615442366,-1.0,0.0,-1.0,-1.0,-1.0,0.0,-1.0,-1.0,23163.489449381872,21593.385259010087,140849.69432619784,5576.8690341650245,15116.818977851639,3850.743169294696,21935.544514522302,7835.458455000328,0.0,0.0,0,0,0.0,0.0,0,0,10.931947047044012,4.2235567531774265,25.65616738748385,7.3409104061941575,8.641555649469788,0.8993407132338566,10.84256390464063,7.37902406599755,-546.5973523522006,452004,117000,2340,35.654411833020276,18.752624905995617,15.678053200950671,70.08508993996656,7477.520669088277,116
7.1552124,7.9358435,587.21277,-588.7649,404.3782,-20.940979,-1185.7341,-588.5288,404.07422,-21.033749,-1185.179,-589.3231,405.0218,-20.704535,-1186.335,7.155212,22.136974,230.86043,1.0365853e-05,7.9358435,22.859459,231.29836,0.0008440614,0.36452237,0.7449119,1.0,-1.0,-11.010601662072448,4.054081613970751,-6.199106276102346,-27.331085666333724,-550.5300831036224,41.37775728589419,-446.91009534648566,-641.7759257124331,0.2865105,0.7290349,1.0,-1.0,20,-12.085545422505355,4.122857012336171,-7.832602557043851,-25.976400180642806,-604.2772711252678,39.10120812164109,-533.556235359994,-691.6179315757535,0.2818560093841123,0.6877078332253855,1.0,-1.0,0.23299867270705157,0.07423064998276502,0.3970358462658895,0.019592694582009962,0.25832286385775405,0.06445710793099413,0.3890314528597833,0.06096281317657345,0.34834555107581644,0.11448711138188526,0.5820260878230146,0.023645131137458045,0.38921419471463525,0.10155548656207328,0.5820260878230146,0.09381666327676111,0.23299867270705157,0.07423064998276502,0.3970358462658895,0.019592694582009962,0.25832286385775405,0.06445710793099413,0.3890314528597833,0.06096281317657345,0.01904761904761905,0.1366923818514983,1.0,0.0,0.0,0.0,0.0,0.0,37.909244097307244,6.718568330246411,57.34307392914347,9.158008073814203,37.7164052658054,4.410147933078738,46.10846347137246,21.90077796233806,-0.9980952380952381,0.04360199292289371,0.0,-1.0,-1.0,0.0,-1.0,-1.0,22367.070648923276,21304.752420021923,159484.65985667423,4879.004553900336,14448.874963253154,5152.090350411835,25228.57596992263,4960.129655425663,0.0,0.0,0,0,0.0,0.0,0,0,11.010601662072448,4.054081613970751,27.331085666333724,6.199106276102345,8.854218947692315,1.0501990198508955,10.849594470145195,6.235322985124463,-550.5300831036224,456004,118000,2360,24.91685315684299,16.309568600001512,13.565984038032184,54.792405794876686,7534.414366067154,117
3.067445,4.358226,575.73694,-577.52496,385.9684,-18.022423,-1149.9257,-577.3176,385.8976,-18.05705,-1152.7882,-577.71936,386.29767,-17.783072,-1154.2474,3.067445,5.895778,41.266354,0.00034427643,4.358226,11.075798,98.944145,2.8196722e-05,0.30691126,0.7665359,1.0,-1.0,-10.72710994996565,4.109488336461715,-6.493019901094493,-26.210771002924922,-536.3554974982826,41.11059653239049,-450.4660248353685,-642.9319169746893,0.31391022,0.6773708,1.0,-1.0,20,-11.78252507362305,4.306394378439474,-7.363875783949408,-26.927466264779028,-589.1262536811525,46.46799645580406,-506.8713111912089,-732.4432151667095,0.2942116327951931,0.6484821585795385,1.0,-1.0,0.25645705692212706,0.07684832238071107,0.3860944305403187,0.017944570098685646,0.2850031230667788,0.05891792856109545,0.38220336417141826,0.1580717727585877,0.38549763981355034,0.11834533722583283,0.5811663539404908,0.024566949654654203,0.43416748274991734,0.09182936869394238,0.5720369827068061,0.26818520101454907,0.25645705692212706,0.07684832238071107,0.3860944305403187,0.017944570098685646,0.2850031230667788,0.05891792856109545,0.38220336417141826,0.1580717727585877,0.007619047619047619,0.08695399779438724,1.0,0.0,0.0,0.0,0.0,0.0,38.791670073507284,5.4852787892746395,53.259556670875156,8.584080828808021,38.58654918317464,1.9405009303067502,43.09248336149437,34.67756416421052,-0.9990476190476191,0.030845970934669793,0.0,-1.0,-1.0,0.0,-1.0,-1.0,21175.795303617266,21128.183099898706,142297.3806325056,4344.040529228661,13283.79316402323,4042.6873931978052,21815.690087379568,4365.7484167259845,0.0,0.0,0,0,0.0,0.0,0,0,10.72710994996565,4.109488336461715,26.210771002924922,6.493019901094493,8.572887290825664,1.0218085269451986,10.880794817698849,6.510049276587922,-536.3554974982826,460004,119000,2380,32.95488919795025,18.412075453998114,15.070848846924491,66.43781349887286,7601.030756431035,118
6.3303156,5.207586,584.9618,-587.5244,412.7557,-18.780111,-1113.9219,-587.47015,412.59848,-18.727602,-1113.8391,-588.11,413.19507,-18.536137,-1115.0481,6.330315,32.085785,360.54324,0.00795035,5.207586,16.480677,172.58781,8.301769e-05,0.24379528,0.7738643,1.0,-1.0,-11.215982269916262,4.018339140901199,-7.296833011426172,-26.094107077203116,-560.799113495813,33.58283340612967,-491.4463267370806,-623.7694168768214,0.27238974,0.69912475,1.0,-1.0,20,-11.520066324709688,4.489743801045523,-5.56437783028397,-25.917037852140723,-576.0033162354845,42.182987295092865,-497.6993608825006,-667.6122311034356,0.26261632610877017,0.6626754556952846,1.0,-1.0,0.23019100413174504,0.08443432286274366,0.4043719992153365,0.017515122019433522,0.2501498167374507,0.08071807798609014,0.3957107734675534,0.09632530183198088,0.34060366660434094,0.12924662648973184,0.6190423951843427,0.026867395257051764,0.3699495089240357,0.12738958652985477,0.5989037190307198,0.13786091734101458,0.23019100413174504,0.08443432286274366,0.4043719992153365,0.017515122019433522,0.2501498167374507,0.08071807798609014,0.3957107734675534,0.09632530183198088,0.011428571428571429,0.10629185850136157,1.0,0.0,0.0,0.0,0.0,0.0,37.839279764343736,6.173186981038529,54.685764520713406,8.204846609266014,37.59360518577653,4.116149255518849,44.03327758405352,31.316808570459905,-0.9990476190476191,0.030845970934669793,0.0,-1.0,-1.0,0.0,-1.0,-1.0,24054.40445584018,21435.973365513295,147871.86356311507,4032.3308618937617,15749.808693236264,5174.927359340937,23051.34846472121,4263.201094884264,0.0,0.0,0,0,0.0,0.0,0,0,11.215982269916262,4.018339140901199,26.094107077203116,7.2968330114261715,9.060963434722467,0.8741651097171369,10.888270417247906,7.649119506991616,-560.799113495813,464004,120000,2400,32.71403245795955,18.5933199889987,14.650463039070019,65.95781548602827,7668.216658004065,119
5.821004,3.925034,578.11633,-580.93646,406.46344,-18.742714,-1195.9941,-580.6572,406.5564,-18.215614,-1193.1072,-580.35583,406.11844,-18.330666,-1184.3618,5.8210034,17.390278,135.31097,1.6526465e-06,3.925034,11.782421,101.06238,1.8253922e-07,0.32041132,0.7495371,1.0,-1.0,-11.041819670295238,3.9485126828465753,-7.087125461156383,-25.774070835702556,-552.0909835147619,40.23214635225278,-480.70698676113096,-658.1268975304198,0.28647223,0.7026452,1.0,-1.0,20,-11.77157744668548,4.00709579913788,-7.206489815375412,-25.91561958514582,-588.578872334274,27.39529265161154,-540.0041897707612,-650.0223780824041,0.3094350552920583,0.6440634418115986,1.0,-1.0,0.243905867627128,0.08494137212266697,0.4378815300592515,0.01644963495854211,0.2765053052322876,0.07410647334819116,0.4378815300592515,0.13651183852101736,0.37071279011483366,0.13745401755531855,0.686176987259886,0.01754203890954298,0.4288818751256476,0.12451700495954851,0.686176987259886,0.20834848995954877,0.243905867627128,0.08494137212266697,0.4378815300592515,0.01644963495854211,0.2765053052322876,0.07410647334819116,0.4378815300592515,0.13651183852101736,0.017142857142857144,0.12980361933257767,1.0,0.0,0.0,0.0,0.0,0.0,38.435436629903045,6.039042834333589,55.89659481402381,12.810643522725902,38.45342850652882,3.1861406601228905,44.96199103927751,33.0161078206496,-1.0,0.0,-1.0,-1.0,-1.0,0.0,-1.0,-1.0,22635.410440760326,20755.782542357054,135219.15929214127,6292.563478087471,14649.51353926272,4786.329989223462,25360.025595299274,6326.956308424094,0.0,0.0,0,0,0.0,0.0,0,0,11.041819670295238,3.9485126828465753,25.774070835702553,7.087125461156383,8.96830664450978,1.0651160291584725,11.408056178111169,7.139338435077636,-552.0909835147619,468004,121000,2420,40.69616308787954,19.832274872998823,16.521058278958662,77.04949623983703,7741.409377745913,120
5.277274,5.458321,586.0116,-588.7975,410.13992,-19.013664,-1142.5088,-588.24506,409.97348,-18.73731,-1144.4363,-588.67957,409.79294,-19.05224,-1144.4742,5.277274,15.77543,126.22009,8.8348985e-05,5.4583206,21.228941,206.78104,0.00014311075,0.2918133,0.7324939,1.0,-1.0,-10.833582442224296,4.192751294034061,-6.625448887096663,-26.17380765059967,-541.6791221112147,39.8512535040396,-473.9623460479127,-609.9018666717869,0.25445625,0.67168915,1.0,-1.0,20,-11.716790568690262,4.175782602095693,-7.051475620821436,-26.640834137975713,-585.8395284345131,38.003024091753055,-538.3382019525687,-654.1322380376838,0.29586154436259215,0.6798113859540003,1.0,-1.0,0.23353025783993223,0.09291449662283231,0.44866316653052557,0.018910049859676106,0.2601917757549804,0.08966836760834225,0.44866316653052557,0.032184222242369526,0.35304337666466556,0.1489398416539703,0.7398622019001528,0.028669010417871454,0.3973111636413279,0.14597252373348427,0.7398622019001528,0.04607930604688859,0.23353025783993223,0.09291449662283231,0.44866316653052557,0.018910049859676106,0.2601917757549804,0.08966836760834225,0.44866316653052557,0.032184222242369526,0.047619047619047616,0.21295885499997996,1.0,0.0,0.047619047619047616,0.21295885499998,1.0,0.0,37.2830456055613,6.6015891040722785,53.951720339978166,12.662806429329427,37.03078514572682,4.832354681843016,41.83936160998153,18.874135405696656,-1.0,0.0,-1.0,-1.0,-1.0,0.0,-1.0,-1.0,22135.616898856053,22063.453116263063,145071.49243317096,2012.2600669398068,13855.939834423798,5275.983749837753,22942.460971409168,2014.3046616351617,0.0,0.0,0,0,0.0,0.0,0,0,10.833582442224296,4.192751294034061,26.17380765059967,6.625448887096663,8.619634719310305,0.9933831862610494,10.389450178023095,6.682089409022134,-541.6791221112147,472004,122000,2440,31.2909346999877,15.965811257003224,14.762246186051925,62.01899214304285,7805.525345067959,121
5.201723,4.1904807,580.1956,-581.74,388.61697,-17.48753,-1109.7006,-582.10596,388.39783,-17.59362,-1111.2252,-581.83276,388.2803,-17.410896,-1110.2739,5.201723,9.699317,61.276196,0.000242237,4.1904807,7.2312727,39.16709,5.7390425e-06,0.33091554,0.7628543,1.0,-1.0,-11.206602064226649,4.035956966037513,-7.390242633683825,-25.7398277509428,-560.3301032113325,35.18231153595265,-503.988940397326,-626.8701904042036,0.37349352,0.6857462,1.0,-1.0,20,-11.977893479136158,4.538358325854024,-7.416848835122468,-27.291651796904425,-598.8946739568079,45.598090220828965,-519.4306492082948,-687.9977618605623,0.2333012461224016,0.6834579075680484,1.0,-1.0,0.2646838653071866,0.09860345320412713,0.4391019768330501,0.01365954908371087,0.2873375112359943,0.0950572800696994,0.4391019768330501,0.1495438099889927,0.38875410739076577,0.14913267439272807,0.7131326142746052,0.022446074082459085,0.42338953680073776,0.14766105374342353,0.7131326142746052,0.2035641895891713,0.2646838653071866,0.09860345320412713,0.4391019768330501,0.01365954908371087,0.2873375112359943,0.0950572800696994,0.4391019768330501,0.1495438099889927,0.008571428571428572,0.0921843760280096,1.0,0.0,0.0,0.0,0.0,0.0,38.746646508037315,5.308356741327161,54.46333454433893,8.816541023387252,38.26923921255256,2.5318230350532454,42.49770358135344,32.99465779927172,-0.9990476190476191,0.030845970934669797,0.0,-1.0,-1.0,0.0,-1.0,-1.0,24444.47157724531,21361.454184226444,146519.95802674213,5213.8590363293515,16945.55893332455,6406.109651142056,32079.788748765237,5635.2851341227415,0.0,0.0,0,0,0.0,0.0,0,0,11.206602064226649,4.035956966037513,25.739827750942805,7.390242633683825,9.089917031150616,0.9304128931871268,10.773384847064008,7.5465914451918445,-560.3301032113325,476004,123000,2460,35.837348520093656,18.07386592900002,15.713635966953007,69.62485041604668,7874.096975135995,122
5.7526283,10.357759,576.1271,-578.17566,397.10855,-17.660692,-1104.5051,-578.81177,397.42493,-17.535213,-1104.5643,-578.3169,397.2597,-17.354197,-1105.4419,5.7526283,15.628862,129.62123,7.301569e-05,10.357759,48.943928,528.4414,9.436425e-05,0.3330691,0.7660859,1.0,-1.0,-10.79185054524419,4.017803815478646,-7.463228365659221,-25.766160970146622,-539.5925272622094,19.759101787527015,-508.7308714172685,-583.4770522221606,0.31051525,0.6895933,1.0,-1.0,20,-11.603575491792045,4.346739742687256,-7.165547508610235,-26.40737022805106,-580.1787745896022,25.767541429070267,-548.8909295533152,-621.3808070042895,0.3197108574825809,0.6742978724186359,1.0,-1.0,0.23263937247013988,0.08656938398508507,0.40054451646415884,0.028441258782476844,0.2543036935723754,0.08164036189410068,0.40054451646415884,0.10765413157295396,0.34176166891951576,0.12311827144556549,0.5960870191741887,0.04312916373548001,0.3739017783893665,0.11147855918581728,0.5586002094270481,0.15591070457136466,0.23263937247013988,0.08656938398508507,0.40054451646415884,0.028441258782476844,0.2543036935723754,0.08164036189410068,0.40054451646415884,0.10765413157295396,0.015238095238095238,0.12249855383476971,1.0,0.0,0.0,0.0,0.0,0.0,38.401082834847344,6.11924391140901,55.525725894066916,13.955631897860771,38.179758079497596,3.9840413532668926,43.78801210199745,28.62315009325587,-1.0,0.0,-1.0,-1.0,-1.0,0.0,-1.0,-1.0,22710.069084453786,20688.09891652599,143868.27150617982,5318.955279504983,15053.660921454042,3891.9212823533285,24327.537282169884,5337.336151941635,0.0,0.0,0,0,0.0,0.0,0,0,10.79185054524419,4.017803815478646,25.76616097014662,7.463228365659221,8.6592780178231,0.6291229955162451,10.061270828783783,7.5638727574389915,-539.5925272622094,480004,124000,2480,31.649830898968503,16.98989136199816,14.64656290710991,63.286285168076574,7936.241112352065,123
12.881939,15.428191,600.20825,-603.12537,416.91406,-18.436014,-1137.6144,-604.0705,417.408,-18.27729,-1138.1991,-601.7876,415.78723,-17.831404,-1134.5951,12.881938,36.004734,375.36224,0.00082883646,15.42819,43.932617,490.72092,0.001189732,0.30192664,0.75657725,1.0,-1.0,-10.854869892975188,4.0213388865063795,-7.584168002417964,-26.48237979802327,-542.7434946487595,24.961357450353063,-497.82739810532377,-588.602378988498,0.30122048,0.71446294,1.0,-1.0,20,-11.764557075163252,4.352863092122279,-7.30956510313224,-26.224077743638215,-588.2278537581625,35.055934644743466,-536.2742462428998,-660.6051902362993,0.2652521718239554,0.6613044440048419,1.0,-1.0,0.21337297556942286,0.08376527675114417,0.37928570940555184,0.013880996857607148,0.23795368034096434,0.07938777915339994,0.37928570940555184,0.05804767703017182,0.3308968134700104,0.1337961436860925,0.5635578289422105,0.019918127572425226,0.37577076192372155,0.12554843222835008,0.5635578289422105,0.09023680184653204,0.21337297556942286,0.08376527675114417,0.37928570940555184,0.013880996857607148,0.23795368034096434,0.07938777915339994,0.37928570940555184,0.05804767703017182,0.05523809523809524,0.2284444091514659,1.0,0.0,0.047619047619047616,0.21295885499998,1.0,0.0,37.84838099866397,6.489549291973953,54.20888174864238,9.473709549374686,37.9538704679279,4.0649937068844455,42.519709250422736,25.05225511508701,-0.9980952380952381,0.04360199292289371,0.0,-1.0,-1.0,0.0,-1.0,-1.0,22048.79351566571,21344.063234858397,147783.73339573905,6700.216444006823,14234.03206682149,4881.631549707009,26612.029013007937,6760.038099476273,0.0,0.0,0,0,0.0,0.0,0,0,10.854869892975188,4.0213388865063795,26.482379798023267,7.584168002417964,8.678052499229082,0.6368287828169408,9.777946684156962,7.653520710400735,-542.7434946487595,484004,125000,2500,27.79745466906752,15.867968528000347,13.595659417042043,57.26108261410991,7991.881980751183,124
3.2783608,3.6481388,564.3749,-566.0024,399.91608,-18.00311,-1129.6266,-565.79535,399.7497,-18.116709,-1126.6772,-565.6924,400.18387,-17.633434,-1124.061,3.2783613,7.768951,65.0714,0.0003580004,3.6481388,9.2158,66.11925,2.5740883e-05,0.21908861,0.7565845,1.0,-1.0,-10.770772231438018,4.281275062344392,-5.852532228021145,-25.699390330407304,-538.5386115719008,43.29233948276376,-438.0999712962106,-612.7953861148658,0.32646686,0.7848037,1.0,-1.0,20,-11.453978738771388,4.370180567153806,-6.597431860091594,-25.809885670979373,-572.6989369385695,46.02242243664377,-494.23289091578937,-679.8063441114089,0.31063909740022316,0.6613757100705223,1.0,-1.0,0.24801535465965424,0.08782178708264775,0.4007907698506144,0.03206531488964348,0.27505811197963986,0.0790164059966662,0.4007907698506144,0.13903069790755784,0.3646789198443562,0.13089739255870197,0.6734482977908496,0.042280704916274114,0.4078454943008241,0.11774424867022311,0.6734482977908496,0.19958753011675748,0.24801535465965424,0.08782178708264775,0.4007907698506144,0.03206531488964348,0.27505811197963986,0.0790164059966662,0.4007907698506144,0.13903069790755784,0.018095238095238095,0.13329591311632455,1.0,0.0,0.0,0.0,0.0,0.0,38.856293778847416,6.491149148014528,58.222558850437494,12.376365590150803,38.84555928906715,4.386504001093774,47.289937382322584,28.369709466699046,-1.0,0.0,-1.0,-1.0,-1.0,0.0,-1.0,-1.0,22855.042313744063,22045.83225671273,142343.98250386154,5453.268595580814,14258.843707638935,5065.959851087013,25815.4446603111,5529.374826202147,0.0,0.0,0,0,0.0,0.0,0,0,10.770772231438018,4.281275062344392,25.6993903304073,5.852532228021144,8.461937001153872,1.05026698568914,10.200501512199148,5.889591348781337,-538.5386115719008,488004,126000,2520,33.815118704027554,14.244902976999583,14.712776761072746,62.772798442099884,8053.620531387278,125
3.851385,4.036711,582.1417,-585.0348,408.54327,-17.32127,-1126.4845,-585.00836,408.4509,-17.346275,-1125.9583,-584.6735,408.15308,-17.525476,-1124.8682,3.8513849,7.871763,41.182487,6.991997e-05,4.0367107,7.8932085,45.11864,8.482781e-06,0.3107795,0.8025211,1.0,-1.0,-11.032916894218305,4.304106142445425,-6.709886253280555,-26.149456320218736,-551.6458447109153,45.953516471914995,-472.5912459008381,-637.8204399034765,0.30539006,0.70960784,1.0,-1.0,20,-11.651187068936153,4.361035925324483,-7.0842846408396465,-26.31102604852325,-582.5593534468078,30.104272233882764,-525.9159354040141,-637.814619262997,0.2939491999751196,0.657922681862215,1.0,-1.0,0.25045363181217517,0.09960852510251289,0.468739769105257,0.012518348080140762,0.27270788302757487,0.0987955753484072,0.468739769105257,0.09191905193867009,0.37335752510334813,0.16043724178708396,0.7744843328602944,0.0198320763928193,0.40900723246656023,0.1629333307795946,0.7744843328602944,0.12645639208252282,0.25045363181217517,0.09960852510251289,0.468739769105257,0.012518348080140762,0.27270788302757487,0.0987955753484072,0.468739769105257,0.09191905193867009,0.02095238095238095,0.143224923406533,1.0,0.0,0.0,0.0,0.0,0.0,37.87932860384131,7.20838715266967,57.75894091541929,7.389151102642678,37.20375512051679,5.561678378108033,46.48069287014321,25.506144935097726,-0.9971428571428571,0.05337583340648402,0.0,-1.0,-1.0,0.0,-1.0,-1.0,22986.299165735407,22731.23262855438,141188.1449485462,4595.56957051761,14643.714841387478,6027.07680546661,26132.230045178545,5774.800992857083,0.0,0.0,0,0,0.0,0.0,0,0,11.032916894218305,4.304106142445425,26.149456320218736,6.709886253280555,8.749195036550617,1.2081660632618685,10.949730513569008,6.836966845801677,-551.6458447109153,492004,127000,2540,34.608479085996805,13.203000636996876,14.684596748826152,62.49607647181983,8117.247075469109,126
6.6144023,5.6315336,572.69727,-574.34204,406.41345,-18.009201,-1157.9547,-574.23157,406.44012,-17.76916,-1158.4644,-575.0874,406.84918,-18.287523,-1165.1561,6.614403,12.2576685,83.8738,0.0042571165,5.6315336,11.594381,72.23729,2.3249537e-05,0.22253741,0.76225257,1.0,-1.0,-11.199324223573498,4.228957908527298,-7.440968318479178,-27.659570929046524,-559.9662111786749,30.72472128453077,-491.61531864731376,-621.5492207614184,0.31544495,0.74994487,1.0,-1.0,20,-11.645389077002408,4.434549658920982,-6.23457758426841,-26.462169923744657,-582.2694538501203,47.50445065522769,-484.13030349929954,-698.3358869747458,0.2765339661965186,0.6855844503475965,1.0,-1.0,0.24878826245221305,0.09167807463958459,0.4730530705908211,0.025545827428397144,0.27453470022736426,0.08477626890260867,0.4730530705908211,0.1350262927344875,0.37028101927099843,0.14085310045904906,0.7678060403103639,0.04000029586836708,0.41254232244437844,0.13414621623341838,0.7678060403103639,0.22606634452493904,0.24878826245221305,0.09167807463958459,0.4730530705908211,0.025545827428397144,0.27453470022736426,0.08477626890260867,0.4730530705908211,0.1350262927344875,0.015238095238095238,0.12249855383476972,1.0,0.0,0.0,0.0,0.0,0.0,38.69177552740063,5.622705793342616,54.80724533047715,8.092874011466805,38.562606855728546,3.2399098963348694,45.12399696263498,33.45371250594773,-0.9990476190476191,0.030845970934669797,0.0,-1.0,-1.0,0.0,-1.0,-1.0,22817.34409987583,22630.159052651747,154382.77313359873,4870.787030308404,14321.882048080812,3975.2838045914896,26486.565546126898,5416.337753208585,0.0,0.0,0,0,0.0,0.0,0,0,11.199324223573498,4.228957908527297,27.65957092904652,7.440968318479178,8.947647228865046,0.8412861480730639,10.614699149673578,7.574170803625397,-559.9662111786749,496004,128000,2560,28.94027791611734,14.335912230002577,13.847683068954211,57.12387321507413,8174.335849048177,127
4.5369267,5.1342077,572.402,-575.0957,405.71085,-16.043062,-1094.6135,-575.3705,405.59262,-16.548647,-1095.5217,-575.2937,405.59467,-16.77296,-1095.835,4.5369267,9.03325,68.27516,1.3327357e-05,5.1342087,10.869653,82.21522,4.7113426e-06,0.24591498,0.81650585,1.0,-1.0,-10.95458777499709,4.1543765411949884,-7.36503988029307,-26.72614136824854,-547.7293887498546,32.60400775169529,-491.2062141879991,-602.5060928921054,0.30514908,0.7221141,1.0,-1.0,20,-12.128751601287462,4.43833730940381,-6.8824430870022795,-26.63516281132307,-606.4375800643729,43.358242899614716,-508.2781685738402,-680.3820596209937,0.23031687968837908,0.6912490997406946,1.0,-1.0,0.25860597842026234,0.09200514319556485,0.42418290527316294,0.03241059397203111,0.28024398985543025,0.09043061784797525,0.42418290527316294,0.0636873536079553,0.3755097758778614,0.14703167634878128,0.7085500386473977,0.04399818952905138,0.408261258028216,0.14948312498339972,0.7085500386473977,0.10644533960365768,0.25860597842026234,0.09200514319556485,0.42418290527316294,0.03241059397203111,0.28024398985543025,0.09043061784797525,0.42418290527316294,0.0636873536079553,0.024761904761904763,0.1553986899380658,1.0,0.0,0.0,0.0,0.0,0.0,38.26537425470966,6.286302971812026,56.513330365808265,14.68408057122482,37.752002329201,4.111878828803921,45.07737173485281,26.42684955773384,-1.0,0.0,-1.0,-1.0,-1.0,0.0,-1.0,-1.0,22605.307949341957,21861.021255681004,147727.72103720883,3775.473374512188,14313.339132244524,4770.243040304041,23781.928002944096,4389.957786651606,0.0,0.0,0,0,0.0,0.0,0,0,10.95458777499709,4.1543765411949884,26.72614136824854,7.36503988029307,8.738617085108782,0.8102527647554991,10.40568510436317,7.406675622627275,-547.7293887498546,500004,129000,2580,28.793520508057554,14.296848658996169,13.614962040002865,56.70533120705659,8233.352786869254,128
5.1338224,6.29751,572.1118,-574.34656,392.2864,-16.406473,-1088.5808,-574.3325,392.28052,-16.480608,-1090.5438,-573.8976,391.92554,-16.133951,-1087.0393,5.1338224,14.477624,150.5721,1.08629465e-05,6.2975097,15.220232,131.55043,0.00014994439,0.29723427,0.78343683,1.0,-1.0,-11.033593364279815,4.159822240705769,-6.821865588543077,-26.204443760844214,-551.6796682139908,43.549312717976214,-474.1525694664914,-634.040977695234,0.26334777,0.6902063,1.0,-1.0,20,-11.514019766793265,4.358522364069006,-6.902865584742724,-26.049834671421184,-575.7009883396631,49.140262533886265,-499.72639769982925,-670.3324369759239,0.26911920694478403,0.6695329028030893,1.0,-1.0,0.23393700302452985,0.08791464387373601,0.45621585726818553,0.02078023116812206,0.2580364325925104,0.08068854418868653,0.4558451837292643,0.12229089162322548,0.3527114346079174,0.13327184205684645,0.6687106686354346,0.023128196119692912,0.3913827976364377,0.12171084436376339,0.6680170704369118,0.20640052409489054,0.23393700302452985,0.08791464387373601,0.45621585726818553,0.02078023116812206,0.2580364325925104,0.08068854418868653,0.4558451837292643,0.12229089162322548,0.024761904761904763,0.1553986899380658,1.0,0.0,0.0,0.0,0.0,0.0,37.88600432164874,6.49610282958471,56.69929598611459,9.814260430857258,37.7207640653639,4.155075959020044,45.36377226278735,30.920995928897725,-0.9980952380952381,0.04360199292289371,0.0,-1.0,-1.0,0.0,-1.0,-1.0,22445.730072270722,22360.977978551586,144941.29177909944,4568.703666641717,14131.768548900187,6114.449851603409,29542.11040331762,4650.387597482434,0.0,0.0,0,0,0.0,0.0,0,0,11.033593364279815,4.159822240705769,26.204443760844214,6.821865588543078,8.835084592754281,1.0430959265930775,11.08213772834182,6.905176655724127,-551.6796682139908,504004,130000,2600,28.075805258151377,16.60769575699669,13.872526005849068,58.556027020997135,8292.912989727243,129
3.7931538,2.894308,563.17834,-565.4894,411.26572,-15.613838,-1144.5898,-565.49506,411.49356,-15.995151,-1145.3485,-565.4247,411.90378,-15.762104,-1145.1366,3.7931538,8.544224,49.56301,7.301569e-05,2.894308,5.991193,44.58317,0.00013236795,0.20167021,0.7847503,1.0,-1.0,-11.186327515544749,3.961063019550852,-7.426358145906936,-26.718607274646374,-559.3163757772373,39.01217923790442,-500.42278158030325,-663.3841578118967,0.2717402,0.7101352,1.0,-1.0,20,-11.905901184371942,4.273810355633192,-6.781950018306457,-26.814709059436375,-595.295059218597,37.67454661134468,-511.5273598140984,-654.7242373437435,0.282421604133696,0.6735164377394172,1.0,-1.0,0.2408774500928309,0.09818039341524874,0.425385495293498,0.02982403691589214,0.26326087875583404,0.09471791647422084,0.41560886507381295,0.10295855999721583,0.3615131886184252,0.1569073288006892,0.6760268231732791,0.03868700140514758,0.4008980776011406,0.1553176212247354,0.6639094681337474,0.15489013762867468,0.2408774500928309,0.09818039341524874,0.425385495293498,0.02982403691589214,0.26326087875583404,0.09471791647422084,0.41560886507381295,0.10295855999721583,0.018095238095238095,0.13329591311632455,1.0,0.0,0.0,0.0,0.0,0.0,38.12303092245675,5.962921714560819,55.481117527975385,11.312388543699752,37.765223895073156,3.8399084361633236,43.91378957722369,28.819300209938167,-1.0,0.0,-1.0,-1.0,-1.0,0.0,-1.0,-1.0,23287.056550837387,20789.31230899478,150564.73868300265,4792.813162162362,15351.649706741973,3785.795381525993,24788.517535137034,4949.039488739501,0.0,0.0,0,0,0.0,0.0,0,0,11.186327515544749,3.961063019550852,26.718607274646374,7.426358145906936,9.194313398261428,1.0596384754705666,11.375337681473942,7.566072176374882,-559.3163757772373,508004,131000,2620,26.721749818832905,17.630485155001224,13.404391855889116,57.756626829723245,8351.27705705598,130
2.2878623,2.7620206,572.438,-574.0164,418.0312,-15.880999,-1145.5537,-573.6592,417.749,-15.693138,-1145.4077,-574.0039,417.80576,-15.938394,-1145.6649,2.2878625,4.6561756,33.635963,2.1457672e-06,2.7620206,5.857012,50.95018,0.0005182959,0.26766872,0.7843373,1.0,-1.0,-10.91314614811837,4.024470532701322,-7.225900894885384,-27.071980488629087,-545.6573074059183,33.4102314878045,-489.2593013806284,-607.3971123659051,0.37799948,0.6762128,1.0,-1.0,20,-11.348723975195828,4.426557901911886,-6.652365868167671,-26.802658203940865,-567.4361987597915,48.24952748510351,-491.54131340418905,-681.5247461707945,0.26190953715203796,0.6821604931408887,1.0,-1.0,0.2519059385885602,0.10061663781874194,0.43481421003201376,0.027143720900984845,0.2778508810465792,0.09670959428170933,0.43481421003201376,0.13151268417471174,0.380303463170924,0.16421889941375142,0.7322127254285072,0.03937602047010347,0.42310743899144043,0.1629518632403826,0.7322127254285072,0.18146763077158656,0.2519059385885602,0.10061663781874194,0.43481421003201376,0.027143720900984845,0.2778508810465792,0.09670959428170933,0.43481421003201376,0.13151268417471174,0.014285714285714285,0.11866605518454394,1.0,0.0,0.0,0.0,0.0,0.0,38.474576992103906,5.5716158997046605,54.62076616897472,10.898653045953465,38.19745519795701,2.4582901201569753,42.35524794008563,33.20799503517271,-1.0,0.0,-1.0,-1.0,-1.0,0.0,-1.0,-1.0,22849.52417576796,20746.421536778755,151393.42463214425,5206.72752842903,15065.728706996248,4202.272104657285,22582.903964135385,5522.839993666648,0.0,0.0,0,0,0.0,0.0,0,0,10.91314614811837,4.024470532701322,27.071980488629087,7.225900894885385,8.778034238666544,0.8659651158502722,10.226849557134226,7.32523427778075,-545.6573074059183,512004,132000,2640,27.827974563930184,18.204330461994687,13.488273919945641,59.52057894587051,8411.390187641846,131
9.814198,9.313375,586.8846,-590.4906,395.46375,-15.751101,-1157.7709,-590.72614,395.78253,-16.199549,-1157.9723,-590.298,395.8127,-15.681051,-1157.5149,9.814198,21.945602,145.26767,0.0006191771,9.313375,18.646645,94.24304,3.580004e-06,0.2996901,0.8008563,1.0,-1.0,-11.047094320317251,4.1224576219180635,-7.068012646881357,-26.906097961225232,-552.3547160158627,35.34965740649649,-485.54052724230814,-613.5686381987812,0.2177779,0.7294528,1.0,-1.0,20,-11.67589657995147,4.328909813869769,-6.465892226150341,-26.562399884733356,-583.7948289975735,35.79983519993328,-498.845285091828,-651.2572863503426,0.26093495450815907,0.6577948720830935,1.0,-1.0,0.23308092159824026,0.10132553778375271,0.4125379482907515,0.025856866186549615,0.2545471740700735,0.10267431511662212,0.4125379482907515,0.034179754502124446,0.35105113134624755,0.1525164989764689,0.6071622967930376,0.03700047446627919,0.3875955070855808,0.15116194237606345,0.6071622967930376,0.04524347463722786,0.23308092159824026,0.10132553778375271,0.4125379482907515,0.025856866186549615,0.2545471740700735,0.10267431511662212,0.4125379482907515,0.034179754502124446,0.047619047619047616,0.21295885499997996,1.0,0.0,0.047619047619047616,0.21295885499998,1.0,0.0,37.25496882913687,6.497297159459924,58.19416544607053,12.238674118356007,36.772022756730586,5.216717390434001,47.238178474352495,18.99456649477662,-1.0,0.0,-1.0,-1.0,-1.0,0.0,-1.0,-1.0,21380.34600891707,22314.090541479236,153326.10474969452,5931.011014859938,12966.50551942754,4230.679117800619,24147.526763938484,6134.656782641537,0.0,0.0,0,0,0.0,0.0,0,0,11.047094320317251,4.1224576219180635,26.906097961225232,7.068012646881357,8.850415818680654,0.9121029704576487,10.558398350126524,7.179088061203558,-552.3547160158627,516004,133000,2660,35.28796950192191,18.828958774996863,15.15162714580947,69.26855542272824,8480.77346807957,132
7.5844154,6.2610765,584.05206,-586.73193,399.28143,-16.038902,-1156.9658,-587.06775,399.5026,-15.988375,-1157.4042,-587.29785,399.52405,-15.229261,-1158.0115,7.584416,19.126568,167.03006,8.270517e-05,6.2610765,19.904133,146.21672,0.000107107466,0.23769999,0.80643475,1.0,-1.0,-11.413845846565236,4.119585382248283,-6.924559479351221,-27.18425765319118,-570.6922923282618,44.39315620539944,-487.6424951878507,-663.8896583168325,0.22731693,0.71947366,1.0,-1.0,20,-11.684217124052028,4.270011160207177,-7.2956526256838705,-26.409933585045408,-584.2108562026012,49.30951550496162,-516.6411061600099,-710.7250327983924,0.29921007905687313,0.6676412800718169,1.0,-1.0,0.24074770075915541,0.099178296250877,0.4469476747800803,0.01541053072393099,0.26662882613921063,0.10290879159549396,0.4469476747800803,0.05851697878140204,0.36127546071077643,0.15717829485162707,0.6877611854469254,0.025898351236861752,0.40817635802679864,0.1650160754506661,0.669768225121295,0.09103750114651613,0.24074770075915541,0.099178296250877,0.4469476747800803,0.01541053072393099,0.26662882613921063,0.10290879159549396,0.4469476747800803,0.05851697878140204,0.023809523809523808,0.15245533898649638,1.0,0.0,0.047619047619047616,0.21295885499997996,1.0,0.0,38.25507263663835,6.884706173865665,57.92109336430662,12.46091066102773,37.52892738653102,5.696826544985097,48.055098454844575,21.621855177100326,-1.0,0.0,-1.0,-1.0,-1.0,0.0,-1.0,-1.0,24127.38485373206,22070.374953395065,160058.11122002229,3454.475127308898,16308.642312949698,5831.556748330151,28153.93265208513,6539.843080498123,0.0,0.0,0,0,0.0,0.0,0,0,11.413845846565236,4.119585382248283,27.184257653191178,6.924559479351221,9.286661024975567,1.1593714221656946,11.361526655672945,7.056682910707231,-570.6922923282618,520004,134000,2680,35.3822323250497,18.941876406999654,15.107164169909083,69.43127290195844,8548.630507212518,133
4.5452394,4.9634356,593.5497,-596.15076,424.9118,-14.953506,-1276.8033,-596.3772,424.59637,-15.550704,-1279.3202,-595.24585,424.28647,-14.361452,-1278.4266,4.5452394,7.040446,40.424572,0.00062050676,4.9634356,7.7336354,37.970276,0.0045322217,0.33280936,0.76252943,1.0,-1.0,-11.190460387054424,4.140398710480121,-7.309146564774948,-26.488545939926833,-559.5230193527213,42.039231014274826,-495.86172375341664,-638.8933436261403,0.2605166,0.6982724,1.0,-1.0,20,-11.871632283422619,4.448261836990722,-6.675190816353548,-26.63668581563518,-593.581614171131,42.77019638675237,-491.17622327767015,-659.8017774058103,0.23174014092695536,0.6966663262253309,1.0,-1.0,0.23635303217297443,0.0946860812995565,0.4515188711654669,0.018833122892752303,0.2602599442325036,0.0945827912313635,0.44852318113252404,0.06386097042615214,0.3624958545653895,0.16031580182119778,0.7530238888879279,0.031373944920681546,0.40289562840083076,0.164369169714103,0.7488852450914564,0.09712923446468436,0.23635303217297443,0.0946860812995565,0.4515188711654669,0.018833122892752303,0.2602599442325036,0.0945827912313635,0.44852318113252404,0.06386097042615214,0.014285714285714285,0.11866605518454393,1.0,0.0,0.0,0.0,0.0,0.0,38.091673728337824,6.315922533536845,56.60719913785691,7.2892425200924915,37.658315303341375,4.1733169533576016,45.291919308336155,28.201094756808764,-0.9990476190476191,0.030845970934669804,0.0,-1.0,-1.0,0.0,-1.0,-1.0,24040.365104293658,21803.208372034398,147891.7735442014,5504.246359360077,16247.900191323904,5667.112992555062,27716.344123721236,8307.019840604908,0.0,0.0,0,0,0.0,0.0,0,0,11.190460387054422,4.140398710480121,26.488545939926833,7.309146564774947,9.001394502514747,1.1304182929552686,11.084945788194632,7.406733203222134,-559.5230193527213,524004,135000,2700,32.588930965917825,17.358676847994502,15.390647971078579,65.3382557849909,8615.726757135497,134
4.348811,5.081111,581.5038,-583.8921,421.2532,-14.965267,-1140.6124,-584.09314,421.49054,-15.096697,-1143.5209,-583.426,421.03598,-14.689812,-1137.2943,4.348812,10.393555,75.60209,6.8523514e-07,5.081111,10.461747,58.541553,0.00046650885,0.2551149,0.7747272,1.0,-1.0,-11.024658508245539,4.1870716153604794,-6.663156678489092,-26.06418066418356,-551.2329254122769,37.98877263414512,-487.52548378366606,-639.2231508367081,0.24042135,0.67370015,1.0,-1.0,20,-11.685715109336815,4.458812341715927,-6.676073831828867,-25.60734817682513,-584.2857554668409,44.27890562675348,-507.58988436811916,-663.3220707911095,0.2512671930344301,0.670377250938001,1.0,-1.0,0.2702982076014317,0.09752872444886714,0.43585594384911075,0.038649157329218566,0.29900381804024606,0.08975150936944098,0.4319829889994617,0.17363882613418768,0.4113630874742082,0.16427118897530646,0.7255904409197056,0.053450075175793574,0.4599605043765016,0.1588891051542402,0.7225947718444045,0.2599771638058189,0.2702982076014317,0.09752872444886714,0.43585594384911075,0.038649157329218566,0.29900381804024606,0.08975150936944098,0.4319829889994617,0.17363882613418768,0.010476190476190476,0.10181571543380252,1.0,0.0,0.0,0.0,0.0,0.0,38.88364195923921,6.165866427358848,56.98878242749395,16.248770574259847,38.69696131708697,3.2871668147871334,45.72557091440089,32.31772295852764,-1.0,0.0,-1.0,-1.0,-1.0,0.0,-1.0,-1.0,23980.39258346876,21642.17995129404,143492.43065037063,5242.325591911045,16113.764373305636,5606.700480788182,29435.69191228763,7613.7502851943855,0.0,0.0,0,0,0.0,0.0,0,0,11.024658508245539,4.18707161536048,26.064180664183564,6.663156678489092,8.812320200438906,1.0569765186598916,11.4584308592462,6.928533469637601,-551.2329254122769,528004,136000,2720,36.93812509198324,19.110453702000086,16.67572358500911,72.72430237899243,8687.148368006507,135
6.4640746,5.9418116,572.4515,-573.5691,401.94315,-15.122274,-1140.5753,-573.44086,401.86533,-15.412983,-1141.4347,-573.9297,401.82245,-16.211176,-1139.3657,6.4640746,13.970742,93.23256,0.0035223109,5.9418116,12.649002,83.84027,1.29677355e-05,0.3066216,0.76300365,1.0,-1.0,-11.11500531016505,4.0570425296171795,-6.6733830393048805,-27.347753975549868,-555.7502655082525,37.92135823974009,-463.9968186073445,-608.7628597957232,0.22132367,0.7150973,1.0,-1.0,20,-11.449756257919761,4.398677881851355,-6.960139282803298,-26.624891166568226,-572.487812895988,53.74352512760991,-489.43448005284546,-743.3612887064335,0.2898614201482417,0.6710156948142272,1.0,-1.0,0.25061619404327073,0.08867492021579067,0.41806298819211135,0.005197553674776985,0.27593107532338856,0.07927971257230944,0.41806298819211135,0.08838392061977013,0.3810863782413979,0.13529696347004055,0.6718321977703614,0.007619173501633381,0.4266985307388462,0.11870715684057513,0.6718321977703614,0.12615201835629142,0.25061619404327073,0.08867492021579067,0.41806298819211135,0.005197553674776985,0.27593107532338856,0.07927971257230944,0.41806298819211135,0.08838392061977013,0.015238095238095238,0.12249855383476972,1.0,0.0,0.0,0.0,0.0,0.0,39.176435327112706,6.470594921087863,55.238416249543086,9.717865448811253,38.87672776741904,3.999634558264618,43.378296608856026,24.733316545258354,-0.9990476190476191,0.030845970934669797,0.0,-1.0,-1.0,0.0,-1.0,-1.0,23259.261207284155,21118.589065330187,158562.81859286397,7479.33513586505,15667.124966171725,5634.472953368097,29527.43701433876,7573.216781133722,0.0,0.0,0,0,0.0,0.0,0,0,11.11500531016505,4.0570425296171795,27.34775397554987,6.6733830393048805,8.958541801116404,1.025493415434606,10.264230847863,6.69388542502236,-555.7502655082525,532004,137000,2740,46.741616161998536,17.806293818000995,20.57245980384323,85.12036978384276,8782.125651304348,136
10.873884,11.633724,570.24915,-571.7764,408.66214,-16.250263,-1122.1,-571.33813,408.49512,-16.37523,-1119.793,-572.06055,408.55875,-16.036032,-1120.0289,10.873882,61.62202,670.5331,0.00063589995,11.633723,77.55944,873.191,9.648829e-07,0.25638837,0.76907295,1.0,-1.0,-11.018765136402955,4.015557695548147,-6.3071153317304995,-26.58466441031957,-550.9382568201477,39.36992473679273,-461.0594937758453,-603.5057566161353,0.35882926,0.6596748,1.0,-1.0,20,-11.883870013318463,4.693263971639362,-6.714509205447525,-26.37626923534278,-594.1935006659232,58.94330650461222,-492.3836568994842,-701.4161169655681,0.2635112231103538,0.7123055966553882,1.0,-1.0,0.2563155326882695,0.0778355718535568,0.43493891421023273,0.017478532072745828,0.28537400439589544,0.06508010141758838,0.4319087665512158,0.15550916318262217,0.37600406340203435,0.12803153286957542,0.7121727178033561,0.030062560408448485,0.42181340480032636,0.11507601337197354,0.7081663797695804,0.21221593543672385,0.2563155326882695,0.0778355718535568,0.43493891421023273,0.017478532072745828,0.28537400439589544,0.06508010141758838,0.4319087665512158,0.15550916318262217,0.017142857142857144,0.12980361933257767,1.0,0.0,0.0,0.0,0.0,0.0,39.4587678669505,6.065351815875264,55.236821517578825,11.780511604835535,39.114552177841574,3.164446009551586,43.825145734986556,33.980573865529124,-1.0,0.0,-1.0,-1.0,-1.0,0.0,-1.0,-1.0,22710.632642820292,20906.723321986803,145956.0255937892,7262.6002647495925,14904.437603916707,4580.648553081549,23767.692215263603,7317.405121080924,0.0,0.0,0,0,0.0,0.0,0,0,11.018765136402955,4.015557695548147,26.584664410319572,6.3071153317304995,8.849899462640355,1.0004145865587475,10.39687997783815,6.352101354552383,-550.9382568201477,536004,138000,2760,33.380880583928956,27.65577102699899,15.327165708964458,76.3638173198924,8847.202895174247,137
6.248003,10.61487,586.32263,-588.90906,412.83832,-17.103529,-1201.9047,-587.9114,412.1739,-17.035517,-1199.6296,-589.02954,413.81955,-17.33972,-1199.9777,6.248003,14.274651,82.35944,0.003956958,10.61487,19.85603,126.66002,3.8662984e-05,0.36188638,0.75763816,1.0,-1.0,-10.88592149344798,4.178413919912724,-5.016221301428455,-26.344911530212322,-544.2960746723991,44.49933473222539,-412.43069515462184,-622.3623827638697,0.25361797,0.69656295,1.0,-1.0,20,-11.73049521519039,4.2645696095697,-6.523450949446737,-26.406578152849455,-586.5247607595195,41.488186093478696,-503.8812668404076,-658.7516798350835,0.2814874953246231,0.6532741795685426,1.0,-1.0,0.2498547238978113,0.10108419705562752,0.44921799379807154,0.03065904030844146,0.2760272904163291,0.09683834008769,0.44808883245976905,0.09267994287551272,0.38592281561656777,0.16322562916096373,0.7134555462365237,0.04503156575042348,0.43399856710026263,0.15664372968799095,0.7117479263775042,0.13554409840754753,0.2498547238978113,0.10108419705562752,0.44921799379807154,0.03065904030844146,0.2760272904163291,0.09683834008769,0.44808883245976905,0.09267994287551272,0.008571428571428572,0.0921843760280096,1.0,0.0,0.0,0.0,0.0,0.0,38.402174645234425,5.64114013745691,56.11710074959141,13.439964619788295,38.19011365771424,3.1804170441057287,44.83948937896421,32.442309842194696,-1.0,0.0,-1.0,-1.0,-1.0,0.0,-1.0,-1.0,21988.595249526563,21809.79339678748,147954.2035024037,4516.755245229695,13575.439956391108,5537.839936304828,24070.3737736143,4551.998302094213,0.0,0.0,0,0,0.0,0.0,0,0,10.88592149344798,4.178413919912723,26.344911530212325,5.016221301428455,8.672376264474357,1.17501381988598,10.289601825520695,5.143838988614742,-544.2960746723991,540004,139000,2780,27.55824559814937,16.366528133003158,13.660748876995058,57.585522608147585,8917.936066824375,138
4.4818296,8.023986,576.54517,-578.1998,395.25778,-18.71724,-1163.0269,-578.17847,395.29514,-18.532099,-1168.3672,-578.9482,395.29407,-18.799795,-1152.9767,4.48183,13.395611,101.005936,2.9342482e-05,8.023986,32.425858,264.20236,2.3841858e-07,0.24746428,0.783262,1.0,-1.0,-11.156036490904857,3.9794937177009935,-6.836681957630661,-26.17836954768875,-557.8018245452428,42.67615784599221,-463.3850777234896,-634.4735285011029,0.27749482,0.7343007,1.0,-1.0,20,-11.645038695181016,4.403770166185036,-7.086621225219896,-26.80338928386327,-582.2519347590508,31.12632752209066,-519.3951993473577,-634.1961876024724,0.2486237863972505,0.6978561648386976,1.0,-1.0,0.2409569684178675,0.09010007100540939,0.4507301431576167,0.033243536184881364,0.26641853170813035,0.08830611697431033,0.4507301431576167,0.08614881871414383,0.3657446338325851,0.15106870780462692,0.7075204452472177,0.05466771826417424,0.4109357755074006,0.1551023086107556,0.7075204452472177,0.14791123445560753,0.2409569684178675,0.09010007100540939,0.4507301431576167,0.033243536184881364,0.26641853170813035,0.08830611697431033,0.4507301431576167,0.08614881871414383,0.006666666666666667,0.08137703743822466,1.0,0.0,0.0,0.0,0.0,0.0,38.361407931329886,5.856159481504658,54.62423762067658,15.826122196888589,37.89184040978076,3.074732130880906,42.91208254260123,30.02078301000227,-1.0,0.0,-1.0,-1.0,-1.0,0.0,-1.0,-1.0,23920.886020254722,20663.53453275042,140776.7083121241,4355.85709847701,16320.480943619703,5335.107745956806,27994.14925481783,6862.52081556303,0.0,0.0,0,0,0.0,0.0,0,0,11.156036490904857,3.979493717700993,26.17836954768875,6.836681957630661,9.041591211428534,1.1801409869960577,11.485082223305758,6.873713621168327,-557.8018245452428,544004,140000,2800,60.963211464135384,29.525740418997884,27.039779011975043,117.52873089510831,9036.026647869498,139
5.323926,5.1979823,587.2901,-589.57886,419.90817,-16.919184,-1230.5494,-589.4795,419.644,-17.062836,-1224.9403,-589.4381,419.82526,-17.40573,-1216.6498,5.3239255,18.901384,193.2005,1.8253922e-07,5.1979823,10.911562,68.73284,1.4901161e-08,0.30263385,0.7750849,1.0,-1.0,-10.631027516623734,4.268373094542365,-6.041555626680556,-25.961395264257963,-531.5513758311866,36.318190167450354,-459.13117254279763,-611.9571107232975,0.18506588,0.75023097,1.0,-1.0,20,-11.587447499155372,4.249292361739936,-6.730379305363672,-26.325967696641456,-579.3723749577687,37.92104894851876,-504.90393835390296,-659.0909561087585,0.24325908284305997,0.6912691836875523,1.0,-1.0,0.1921010934817489,0.06579623207277728,0.3549527607238735,0.015806304121111198,0.21450038083284392,0.05866619594635908,0.3549527607238735,0.11768666815151584,0.2912966649304393,0.10941601606548079,0.5209339660604062,0.024246107392993932,0.32710574010239746,0.10292950121343128,0.5209339660604062,0.12498025259740853,0.1921010934817489,0.06579623207277728,0.3549527607238735,0.015806304121111198,0.21450038083284392,0.05866619594635908,0.3549527607238735,0.11768666815151584,0.012380952380952381,0.11057877011023848,1.0,0.0,0.0,0.0,0.0,0.0,36.60562317633139,5.714300621483282,54.97173787164627,11.089049917198876,37.38196036669288,2.974776477068171,43.22521655706572,30.933945326643055,-1.0,0.0,-1.0,-1.0,-1.0,0.0,-1.0,-1.0,21016.28668051653,22483.350209491062,145456.47518013295,4498.795787947485,12725.628086499903,5438.170096896467,22984.763125189198,4648.5515552298475,0.0,0.0,0,0,0.0,0.0,0,0,10.631027516623734,4.268373094542364,25.961395264257963,6.041555626680557,8.325928336350037,1.0379054612097387,10.700365421820202,6.070629078530099,-531.5513758311866,548004,141000,2820,61.420736052066786,30.072317101999943,27.797528078910545,119.29058123297727,9156.104237564468,140
3.2299294,3.607184,583.51886,-586.05853,415.74323,-18.252003,-1123.6244,-586.5648,415.86795,-18.371798,-1122.5044,-586.1993,415.59293,-18.018759,-1119.9905,3.2299292,8.12848,57.007847,5.6359917e-05,3.607184,9.709546,73.220276,0.0003132969,0.24796914,0.81178904,1.0,-1.0,-10.906887063106742,4.292648206894263,-6.699897409998557,-26.550843315029528,-545.3443531553371,42.744309361190304,-472.4871029338475,-644.2304487176362,0.2940644,0.7220551,1.0,-1.0,20,-11.732816709293513,4.311416153282463,-6.305819787450211,-26.40720841846397,-586.6408354646757,51.429458932172196,-476.384403384964,-674.4137255308913,0.2415439697157154,0.6748552721847563,1.0,-1.0,0.23380657301615917,0.09352220976159181,0.4043448212400883,0.02234717679128417,0.2618454325216487,0.08461426213462726,0.40239912554432505,0.11778561161307799,0.36731985327022876,0.15139476169620186,0.6305823912298589,0.03278582242354557,0.41875521658549547,0.1368338657237413,0.6305823912298589,0.1859782089945877,0.23380657301615917,0.09352220976159181,0.4043448212400883,0.02234717679128417,0.2618454325216487,0.08461426213462726,0.40239912554432505,0.11778561161307799,0.01904761904761905,0.1366923818514983,1.0,0.0,0.0,0.0,0.0,0.0,37.838175962784746,5.440085121373329,53.04612705504689,8.926424879554775,37.81325158487719,2.1159605627349536,40.718039289335366,32.5949017508275,-0.9990476190476191,0.030845970934669797,0.0,-1.0,-1.0,0.0,-1.0,-1.0,23427.36980427695,22353.057853284237,150996.10266456023,5174.964041995202,15367.05253418553,6260.606232282872,27481.246330489957,5340.3158078190345,0.0,0.0,0,0,0.0,0.0,0,0,10.906887063106742,4.292648206894264,26.550843315029525,6.699897409998556,8.61939275928738,1.0631606521178039,10.979435629564126,6.72069031841292,-545.3443531553371,552004,142000,2840,56.197799365043466,30.878144487003738,25.193498475069646,112.26944232711685,9266.489606516596,141
3.8044126,4.3603277,587.1552,-589.81775,409.71353,-19.432436,-1191.7023,-589.79486,409.42078,-19.858164,-1191.926,-589.4953,409.43018,-19.254375,-1193.171,3.8044128,6.7012286,32.49414,0.0008369833,4.3603272,8.831854,61.817753,0.00021491213,0.3526837,0.7671208,1.0,-1.0,-10.96572882837847,4.095607947118609,-6.714542071488553,-26.74842009028804,-548.2864414189236,44.00907709357868,-464.1194572950208,-653.197198125874,0.27749056,0.74697936,1.0,-1.0,20,-11.5227288309555,4.497397642312757,-6.032162740373557,-28.186156620246276,-576.136441547775,46.20994533465616,-496.87128318026447,-681.6384038069847,0.23824463994802386,0.7018069940201125,1.0,-1.0,0.27040703695518215,0.09390684276219004,0.4814035794927969,0.015594746937105068,0.294762838384013,0.09089406536625845,0.4694163560668465,0.07719640005893742,0.4032379503081364,0.15052230721364615,0.7823217205777726,0.02420802435060776,0.44763055762365944,0.14841076779083665,0.76685053998683,0.11983234654729111,0.27040703695518215,0.09390684276219004,0.4814035794927969,0.015594746937105068,0.294762838384013,0.09089406536625845,0.4694163560668465,0.07719640005893742,0.007619047619047619,0.08695399779438726,1.0,0.0,0.0,0.0,0.0,0.0,39.323351814050106,5.332614292794535,56.107767453601745,10.526117716018216,38.565072678022595,2.9386522764885052,44.54315827223998,30.867661366909655,-1.0,0.0,-1.0,-1.0,-1.0,0.0,-1.0,-1.0,22648.92262865061,21376.974153753752,147925.23659420694,6276.488985914346,14881.829196874009,5526.279350309564,32039.160069715814,7580.3793120727605,0.0,0.0,0,0,0.0,0.0,0,0,10.96572882837847,4.095607947118609,26.74842009028804,6.714542071488553,8.866949347580293,1.0944061967265817,11.759446313728267,6.7578012245384285,-548.2864414189236,556004,143000,2860,55.93028725381737,29.000315450997732,25.30446946808661,110.23507217290171,9376.467315098496,142
6.4915004,5.1423693,589.2617,-591.38,401.2685,-19.768293,-1180.2144,-591.5826,401.3379,-20.20262,-1179.6661,-591.25653,401.34058,-20.031225,-1182.4474,6.491501,30.812956,334.64163,0.00010019541,5.1423693,27.467129,309.79352,3.2916665e-05,0.31064034,0.7502613,1.0,-1.0,-10.914193784925727,4.290741880158366,-6.215576175502798,-26.25573609327939,-545.7096892462864,43.096285085682986,-454.52263640084607,-606.8858474730001,0.24103911,0.6974477,1.0,-1.0,20,-11.879491023016902,4.377080203240399,-6.017009409389003,-27.2748886299282,-593.9745511508452,44.314259636355025,-483.0467535498644,-674.5793499944231,0.25892581948252463,0.6825244911519717,1.0,-1.0,0.2827658484166361,0.09623372884451245,0.4749194204971842,0.06331589263491703,0.31199935393484096,0.09119097414074287,0.4749194204971842,0.14615990734625148,0.42908384722997506,0.16125318863271162,0.7944695510663589,0.09222029111696409,0.48012170601826076,0.15726548325936646,0.7944695510663589,0.18479621436230684,0.2827658484166361,0.09623372884451245,0.4749194204971842,0.06331589263491703,0.31199935393484096,0.09119097414074287,0.4749194204971842,0.14615990734625148,0.0,0.0,0.0,0.0,0.0,0.0,0.0,0.0,39.179046153637046,5.217578304443937,55.550271367304425,17.531744811186577,38.518248527710554,3.1824381491484552,43.95235248237689,30.79634459551949,-1.0,0.0,-1.0,-1.0,-1.0,0.0,-1.0,-1.0,23609.425876341116,22124.96603418119,145369.98584026183,6200.7501725346865,14992.215392308897,5319.737918357891,28655.92365823713,7986.875953434693,0.0,0.0,0,0,0.0,0.0,0,0,10.914193784925727,4.290741880158366,26.25573609327939,6.215576175502798,8.606630549435728,1.0714598638438986,9.89808744433157,6.249349007061186,-545.7096892462864,560004,144000,2880,58.202712656828226,28.715335731998493,25.929314545966918,112.84736293479364,9490.565614702282,143
4.735937,6.073882,572.2501,-573.7832,396.13336,-22.48038,-1112.1753,-573.8129,395.89087,-22.738405,-1111.619,-573.839,396.13223,-21.996382,-1113.7764,4.735937,8.939593,52.93464,0.0002127923,6.073882,11.658022,84.43707,9.880401e-06,0.2832363,0.7619372,1.0,-1.0,-11.13041459624433,4.194295931914808,-5.893464771656372,-25.938936482633483,-556.5207298122166,45.38600899019536,-445.2787958426404,-659.564971010481,0.3268017,0.73013705,1.0,-1.0,20,-11.959737925793588,4.448838843024405,-5.81504922089711,-25.919646454210714,-597.9868962896793,41.94461464793219,-521.029759232996,-673.6456607476608,0.23887784915870378,0.6910299912258855,1.0,-1.0,0.24881481176708012,0.10534495542452907,0.454618989462469,0.04385889760600019,0.27330227195009554,0.1052264879653811,0.4525553335647162,0.08577234120044214,0.37597454083945303,0.17072184060546486,0.7257109921505174,0.06383991081333013,0.4177329210212132,0.1744898453474815,0.7257109921505174,0.10008128544856199,0.24881481176708012,0.10534495542452907,0.454618989462469,0.04385889760600019,0.27330227195009554,0.1052264879653811,0.4525553335647162,0.08577234120044214,0.008571428571428572,0.0921843760280096,1.0,0.0,0.0,0.0,0.0,0.0,38.08541489448802,6.001418710544736,54.232636289490046,13.55950900681729,37.978466787984225,4.128441892456613,44.3179113067314,27.69453995379947,-1.0,0.0,-1.0,-1.0,-1.0,0.0,-1.0,-1.0,23885.115530590876,21653.175934365867,143091.0416003933,4499.810067106506,15823.986571969624,5401.535305153039,24731.23060417497,4553.85360964878,0.0,0.0,0,0,0.0,0.0,0,0,11.13041459624433,4.194295931914808,25.938936482633483,5.893464771656372,8.90779512800913,1.0679051569758597,10.895178933145868,5.947271682873044,-556.5207298122166,564004,145000,2900,54.75998218001769,30.000862394997966,24.8965154250036,109.65736000001925,9598.884406880294,144
7.0247507,4.642401,575.6796,-575.9923,395.0151,-22.19115,-1128.0634,-576.4766,395.13687,-21.816355,-1127.8176,-577.0571,395.6643,-22.217999,-1127.8854,7.024751,13.752488,96.56475,0.00032860413,4.642401,10.643645,89.91806,3.7252903e-07,0.33464575,0.78279346,1.0,-1.0,-10.97989412709932,3.938087326555317,-7.395624927230276,-26.476652926872738,-548.994706354966,29.07220297169253,-487.6739621289918,-606.9924415579231,0.28495657,0.70669174,1.0,-1.0,20,-12.065573591670606,4.513477895008352,-6.8038237858380075,-27.80084084423887,-603.2786795835304,53.732031992547796,-503.8286800096777,-747.6873263553223,0.25283271346060693,0.6670452459857225,1.0,-1.0,0.2345341280421688,0.09200267423587771,0.44026709330213837,0.05803215354318906,0.25906133968676376,0.09620305884295616,0.44026709330213837,0.05803215354318906,0.35500647225293447,0.15768171321989732,0.7419758989511164,0.06575454729490562,0.3985440912333995,0.16935931503708443,0.7419758989511164,0.0658137175194724,0.2345341280421688,0.09200267423587771,0.44026709330213837,0.05803215354318906,0.25906133968676376,0.09620305884295616,0.44026709330213837,0.05803215354318906,0.015238095238095238,0.12249855383476971,1.0,0.0,0.047619047619047616,0.21295885499998,1.0,0.0,37.683951995284396,6.152898511955589,55.936179374482,17.1028757325697,37.104062251460995,4.300085979064753,44.456979451090106,24.28716512584492,-1.0,0.0,-1.0,-1.0,-1.0,0.0,-1.0,-1.0,23378.522040071883,20713.209768536362,141714.12335803112,4495.180685190872,15981.366663439907,4062.158369964612,24882.719287147378,8031.392770939651,0.0,0.0,0,0,0.0,0.0,0,0,10.97989412709932,3.938087326555317,26.476652926872738,7.395624927230276,8.90324450670946,0.7347126637794065,10.361503186627502,7.525188256188987,-548.994706354966,568004,146000,2920,55.425596798129845,28.629599220003,25.238596085022436,109.29379210315528,9708.385270391438,145
3.2831004,5.2180095,577.18945,-580.46954,424.0923,-22.21649,-1132.7148,-580.2335,423.5698,-22.409643,-1129.9512,-580.11694,424.20953,-21.82305,-1131.4165,3.2831,8.349158,73.690025,2.3841858e-07,5.2180095,13.22162,107.22309,4.029274e-05,0.2683326,0.7541467,1.0,-1.0,-10.958534917233493,4.235151214106621,-6.808315557227984,-26.45775433012848,-547.9267458616746,33.307915053988886,-486.0536517136978,-616.6509237184401,0.22475824,0.7495468,1.0,-1.0,20,-11.889021135082602,4.195977362138942,-6.660142671382266,-26.49149794294341,-594.4510567541303,40.37081461049002,-489.320124877729,-648.6377678056643,0.2598733635472591,0.690579132384,1.0,-1.0,0.21359790790562808,0.08921811452315803,0.4793266997838931,0.023280930080994685,0.2409588480473131,0.08185009012913903,0.4758071860626549,0.11946310930923194,0.3293598900560464,0.15052545386900903,0.7896803582141433,0.030082828836302845,0.37447307674332186,0.1430547035417927,0.7846256416818391,0.16380731478576835,0.21359790790562808,0.08921811452315803,0.4793266997838931,0.023280930080994685,0.2409588480473131,0.08185009012913903,0.4758071860626549,0.11946310930923194,0.01904761904761905,0.1366923818514983,1.0,0.0,0.0,0.0,0.0,0.0,37.01634106698761,6.485541909180069,55.92961042746716,8.38310488543383,37.361402971122935,3.2872355172032495,44.36846402310226,30.35794076471671,-0.9980952380952381,0.043601992922893705,0.0,-1.0,-1.0,0.0,-1.0,-1.0,22797.666714250794,22135.64179602716,145139.9838283005,5953.299488168488,15140.615332899393,5846.3516297460565,27918.765513525566,6999.618161537433,0.0,0.0,0,0,0.0,0.0,0,0,10.958534917233493,4.235151214106621,26.45775433012848,6.808315557227985,8.741371990454136,1.0239182758089844,10.852387735585042,7.016396347013098,-547.9267458616746,572004,147000,2940,51.58918878879922,28.837729450999177,24.237180444972182,104.66409868477058,9804.61657185421,146
8.237252,7.224002,588.47235,-590.4235,398.61664,-22.582546,-1178.7628,-589.8872,398.3181,-22.390322,-1178.4064,-590.0469,398.75714,-22.884653,-1179.2555,8.237252,26.198938,236.45444,0.0008270802,7.224002,22.256407,198.27611,0.00018859282,0.3021718,0.7688529,1.0,-1.0,-10.897064524442463,4.103302933772545,-6.8736475679055475,-25.955785278298695,-544.8532262221231,41.01117693131115,-467.5396293635451,-603.8269430339936,0.27467108,0.69959074,1.0,-1.0,20,-11.905392285961735,4.197294622115052,-7.268476839296719,-26.619628210589823,-595.2696142980869,48.188269265715896,-496.29652723012504,-700.6533326886897,0.24941837342371248,0.6799956411779039,1.0,-1.0,0.24044395690848955,0.08667301334598858,0.4087352246792989,0.024489623068086202,0.26495393598029787,0.07994297611162969,0.4087352246792989,0.10716556074018115,0.36173858008492654,0.13130655446561199,0.6573613243896128,0.03537007381345468,0.4039477401949305,0.11760108445647105,0.6573613243896128,0.18360451551136397,0.24044395690848955,0.08667301334598858,0.4087352246792989,0.024489623068086202,0.26495393598029787,0.07994297611162969,0.4087352246792989,0.10716556074018115,0.010476190476190476,0.10181571543380252,1.0,0.0,0.0,0.0,0.0,0.0,39.10964110825897,5.732450200187253,56.187096555172424,13.97370684146464,38.95883400662312,3.036173651853557,44.92716836744043,34.68777659989265,-1.0,0.0,-1.0,-1.0,-1.0,0.0,-1.0,-1.0,21969.91363153862,21783.73671987632,148799.0604532846,4011.9216210923505,13762.519880895092,5641.579410273909,27160.707210404526,4515.517109990115,0.0,0.0,0,0,0.0,0.0,0,0,10.897064524442463,4.103302933772545,25.955785278298695,6.873647567905548,8.72617541542111,1.059682200579536,10.312838260403767,6.873647567905548,-544.8532262221231,576004,148000,2960,41.39687044310995,20.403179760003695,19.535757315730734,81.33580751884438,9888.370548135055,147
4.8515015,3.6615913,590.22595,-591.9148,407.60077,-23.02218,-1190.9011,-592.278,407.9296,-22.83878,-1190.9999,-591.8252,407.64914,-22.421165,-1191.5962,4.8515015,16.110962,132.96692,4.265085e-05,3.6615913,9.291827,65.95464,2.5048852e-05,0.31060728,0.77038485,1.0,-1.0,-10.872255335948406,4.102925674023908,-7.107366143279404,-26.383491986625927,-543.6127667974202,36.528667241140795,-485.69208800002406,-657.1412864714911,0.2782625,0.74329877,1.0,-1.0,20,-11.725326731634008,4.387635341424824,-7.08087771744571,-26.32122176355723,-586.2663365817003,36.87340716309361,-498.60139618824434,-643.5759108496297,0.23115590996656277,0.6958025952100156,1.0,-1.0,0.24637493838185312,0.09503992886003147,0.4000738486642797,0.016547918221968983,0.26740043787964163,0.09567791108569478,0.3977840543457712,0.06356444027321775,0.3624887592745011,0.1415548335641419,0.5919560733264211,0.02800620021849784,0.39648483523540545,0.14300147770262017,0.5919560733264211,0.09184613427395069,0.24637493838185312,0.09503992886003147,0.4000738486642797,0.016547918221968983,0.26740043787964163,0.09567791108569478,0.3977840543457712,0.06356444027321775,0.02095238095238095,0.143224923406533,1.0,0.0,0.0,0.0,0.0,0.0,38.69974297148686,7.379425672475188,58.567722082842586,9.695526263545728,38.01698468683477,6.164433840552992,47.71042393539747,20.408820114969853,-0.9990476190476191,0.030845970934669797,0.0,-1.0,-1.0,0.0,-1.0,-1.0,22929.61946474227,21316.005421634793,143906.90359575115,4862.4610821242295,15016.703686878915,5270.981301533703,26747.497410173848,6185.801580514059,0.0,0.0,0,0,0.0,0.0,0,0,10.872255335948406,4.102925674023908,26.383491986625927,7.107366143279404,8.673719442579486,0.9313095541100922,11.132669049018896,7.146968086902822,-543.6127667974202,580004,149000,2980,39.018302965996554,22.82745463100582,19.422740354959387,81.26849795196176,9966.689843122032,148
4.6262293,6.393255,576.2784,-580.1873,419.60867,-23.499182,-1261.0671,-579.9453,419.36252,-23.331953,-1259.8071,-580.16925,419.3965,-23.61789,-1254.9489,4.62623,9.687933,53.22657,5.5577257e-06,6.3932548,14.20736,94.81154,8.378411e-05,0.3408849,0.7551749,1.0,-1.0,-11.00211336871244,4.109566711590313,-7.339441265957867,-26.702436327087206,-550.1056684356221,34.71355063974766,-494.746164986747,-629.2148369313566,0.23007862,0.75268185,1.0,-1.0,20,-11.919223888494288,4.376875413551834,-6.550898477115083,-26.7222945275874,-595.9611944247144,64.3321536208892,-475.28408435019827,-784.6268874404134,0.22172642422362476,0.6819786639193093,1.0,-1.0,0.2577729524675413,0.08903915500278624,0.4584607970811976,0.04027410405925388,0.28312412112057,0.08215082545628695,0.45425142165865645,0.12929864059217605,0.386454926784011,0.1433542028007559,0.7612074481798152,0.058164174153296014,0.4278572366926587,0.13651079694277612,0.7556567944654176,0.18976671856364255,0.2577729524675413,0.08903915500278624,0.4584607970811976,0.04027410405925388,0.28312412112057,0.08215082545628695,0.45425142165865645,0.12929864059217605,0.0038095238095238095,0.06160366334779515,1.0,0.0,0.0,0.0,0.0,0.0,39.30794144898321,5.359719886586821,55.00711582362904,19.581810561915294,38.96221985875588,3.0114616818480293,43.3665884284916,31.10361347563704,-1.0,0.0,-1.0,-1.0,-1.0,0.0,-1.0,-1.0,23232.83556934061,21400.13123325929,149615.1770884439,8193.400639266318,14804.322647924757,4792.15351439467,25080.60949152486,8236.466065232396,0.0,0.0,0,0,0.0,0.0,0,0,11.00211336871244,4.109566711590313,26.702436327087206,7.339441265957867,8.748927817856554,0.8693756120185161,10.722521383451422,7.412288883804999,-550.1056684356221,584004,150000,3000,42.23443290110299,19.895212493000145,19.326520339993294,81.45616573409643,10050.958427424135,149
6.021164,6.5497026,594.26654,-596.4789,414.34616,-24.048777,-1201.624,-596.61194,414.4385,-24.553782,-1201.548,-596.16016,414.11404,-24.21317,-1201.3953,6.0211635,22.911875,231.23895,2.8196722e-05,6.5497026,25.678026,241.27092,0.00074768066,0.24692626,0.7383665,1.0,-1.0,-10.591717096570754,4.254122173381602,-6.2613190844806015,-26.604516818857114,-529.5858548285377,36.62410008355692,-455.7280364329069,-593.4705934259239,0.22565654,0.7458031,1.0,-1.0,20,-11.645393758915427,4.205116356934931,-6.756599227378868,-25.847800160704796,-582.2696879457711,35.48991003771745,-497.04069428513947,-647.95607285671,0.23938885980112612,0.6837895426954228,1.0,-1.0,0.2576079341262394,0.07600457339448584,0.40700295011276105,0.03447779206028239,0.28340032687441985,0.06277116310431348,0.38702139173051375,0.14166832520140601,0.3872275956606648,0.12766363497033698,0.6682125942537409,0.048325955277836244,0.43157711795043013,0.11170052567507834,0.6407869658266299,0.20893513575429523,0.2576079341262394,0.07600457339448584,0.40700295011276105,0.03447779206028239,0.28340032687441985,0.06277116310431348,0.38702139173051375,0.14166832520140601,0.006666666666666667,0.08137703743822466,1.0,0.0,0.0,0.0,0.0,0.0,39.23037506478983,5.84655894491471,58.3575870488736,16.690320930537,38.699069774563455,3.4251276362993606,47.19318465838783,33.40702488703765,-1.0,0.0,-1.0,-1.0,-1.0,0.0,-1.0,-1.0,21988.865070173597,21841.72214290468,145270.42970522813,6279.117956959268,14027.493945104616,4726.533335120476,22776.83487795011,6642.377565767005,0.0,0.0,0,0,0.0,0.0,0,0,10.591717096570754,4.254122173381602,26.604516818857114,6.2613190844806015,8.336207028992956,0.9801155094985602,10.31129466477317,6.326017141194395,-529.5858548285377,588004,151000,3020,33.31141813094291,22.687822412997775,15.68329166903277,71.68253221297346,10117.318047592118,150
4.562385,4.60186,587.59595,-590.61914,413.0998,-24.513008,-1230.9368,-590.00684,413.1597,-24.339922,-1222.8546,-590.203,413.3078,-24.440193,-1219.3502,4.5623856,13.622476,134.2481,1.1526572e-05,4.60186,10.2204,75.135796,3.6580754e-05,0.24657083,0.78471804,1.0,-1.0,-11.200922399375516,4.060481958301689,-7.023693127650348,-26.52551139802642,-560.0461199687758,45.79953034745571,-487.02243461876526,-641.0410170176767,0.2521063,0.76110846,1.0,-1.0,20,-11.537897163663317,4.462476672525077,-6.334268186832618,-26.699807926822114,-576.8948581831658,39.461092505800735,-501.3133516054269,-673.7241891622272,0.24607402339225132,0.7084997296772715,1.0,-1.0,0.28124679676029934,0.10690580182173995,0.4935660320688821,0.015494427578122003,0.30490830388453755,0.10870756360408894,0.4935660320688821,0.05825416677753517,0.4185397118412129,0.17838741030628705,0.8129233228938282,0.018640013420829243,0.45798559999703,0.18885623458734346,0.8129233228938282,0.06497004074935839,0.28124679676029934,0.10690580182173995,0.4935660320688821,0.015494427578122003,0.30490830388453755,0.10870756360408894,0.4935660320688821,0.05825416677753517,0.024761904761904763,0.1553986899380658,1.0,0.0,0.047619047619047616,0.21295885499997996,1.0,0.0,38.294513614186094,5.8851627572687315,53.49124862399544,9.981492292692568,37.280433493120725,4.526616177014077,42.42409654553328,25.749417674441816,-0.9990476190476191,0.0308459709346698,0.0,-1.0,-1.0,0.0,-1.0,-1.0,23138.72882822505,21808.68640058397,146820.24077999426,4876.485305308149,15294.619975644015,5828.636436229336,27541.09032231339,4927.957648240478,0.0,0.0,0,0,0.0,0.0,0,0,11.200922399375516,4.060481958301689,26.525511398026417,7.023693127650348,9.116088950422588,1.086686863524891,10.819547654580836,7.124390760569039,-560.0461199687758,592004,152000,3040,31.631882817127916,17.380722693997086,13.49335808109754,62.50596359222254,10233.177575473324,151
7.328361,5.4150786,572.6691,-574.1835,409.32764,-24.844648,-1221.9034,-574.14655,409.42288,-24.559801,-1222.8274,-574.3261,410.2667,-24.831554,-1231.2417,7.328362,23.653872,223.40433,0.0001642853,5.415078,13.649505,103.34043,0.00082883646,0.28466365,0.7433197,1.0,-1.0,-10.519318012951956,4.200696477565573,-6.122553501363394,-25.647295805414636,-525.9659006475979,45.77071048513333,-441.0470695722085,-627.8995762352765,0.25505778,0.77569056,1.0,-1.0,20,-11.87812078722009,4.282272559941346,-7.062266771718047,-25.717517772739754,-593.9060393610046,43.23454779305156,-518.2007054741844,-669.9883688064848,0.22933440067786842,0.7112252535673714,1.0,-1.0,0.2870535385793791,0.0974072535092551,0.47444048843751185,0.05830176395143901,0.31284340471490024,0.09219655147224566,0.45377978220182474,0.1245798163375778,0.42419302627366273,0.15728599751229025,0.7614150597882221,0.0833321304386213,0.46778816854677363,0.15428603938452778,0.734947457149964,0.20784239404340457,0.2870535385793791,0.0974072535092551,0.47444048843751185,0.05830176395143901,0.31284340471490024,0.09219655147224566,0.45377978220182474,0.1245798163375778,0.0009523809523809524,0.030845970934669793,1.0,0.0,0.0,0.0,0.0,0.0,39.15818232761121,5.147903634442366,54.46026949510469,13.603997309292374,38.34645308034975,2.8598861899943193,42.4896573343697,31.674694302093958,-1.0,0.0,-1.0,-1.0,-1.0,0.0,-1.0,-1.0,21334.053490448332,21345.475078712196,139147.92712401843,6965.16408769772,12977.787460583395,3608.9190505327274,20602.266442195265,7511.604855398679,0.0,0.0,0,0,0.0,0.0,0,0,10.519318012951956,4.200696477565573,25.647295805414632,6.122553501363394,8.286923483639823,1.1694528159836788,10.794870645564131,6.123069762976865,-525.9659006475979,596004,153000,3060,23.389118729086476,14.632715227002336,12.322573438948893,50.344407395037706,10283.721910784378,152
6.871366,6.715237,577.66235,-578.7592,400.3502,-24.24166,-1129.4425,-578.4539,400.0921,-24.059336,-1123.6118,-579.29016,400.4021,-24.231018,-1126.6793,6.8713655,15.665726,125.689224,0.00010522084,6.7152376,17.484825,132.18404,0.0012310048,0.26655135,0.79919326,1.0,-1.0,-10.937045074064844,4.059776101634219,-6.421105193408048,-26.735813057420735,-546.8522537032421,36.43808943576899,-465.45041663421694,-630.6172927380528,0.2681634,0.7711408,1.0,-1.0,20,-12.024502441889831,4.088727284394575,-8.078903993555393,-26.22270415063943,-601.2251220944916,39.18654991466791,-543.7991035519354,-696.8368746404828,0.19628534220641017,0.7387683300811457,1.0,-1.0,0.243019270337549,0.09172949264197117,0.41455542264387824,0.002279273149754424,0.2694396539504834,0.09062142530302836,0.4066613874963503,0.05555878487859269,0.37572303602547263,0.16178443631947365,0.7094440260091684,0.0038302509551177977,0.4231296715298471,0.16420569869854346,0.6977147181542589,0.06759763782066328,0.243019270337549,0.09172949264197117,0.41455542264387824,0.002279273149754424,0.2694396539504834,0.09062142530302836,0.4066613874963503,0.05555878487859269,0.045714285714285714,0.20886476437139503,1.0,0.0,0.047619047619047616,0.21295885499997996,1.0,0.0,37.82755172176093,6.974402100012736,55.508718449572214,12.200945375287512,36.85025517699622,5.775156611989017,43.818395102139256,16.82883274882166,-1.0,0.0,-1.0,-1.0,-1.0,0.0,-1.0,-1.0,22097.68668424563,21115.878441512035,157037.36305833823,7788.845402130906,13812.296430210394,3515.051458974327,25099.33644062061,8499.320246568646,0.0,0.0,0,0,0.0,0.0,0,0,10.937045074064844,4.059776101634219,26.735813057420735,6.421105193408048,8.77612863211942,0.8801196609895992,10.615240720754576,6.572131819516191,-546.8522537032421,600004,154000,3080,28.295864928819356,14.857094234001124,13.206500745058293,56.35945990787877,10339.332662366265,153
5.656308,5.2267714,597.8816,-600.2747,402.06613,-25.466421,-1139.1278,-599.76025,402.01425,-25.367073,-1136.1624,-599.57904,401.9804,-25.114267,-1134.8177,5.656308,13.465371,123.48603,0.0001026541,5.2267714,15.857982,152.21451,0.00087989867,0.31586817,0.78075224,1.0,-1.0,-10.654767403359383,4.41998940692203,-6.389274491129385,-26.550861380882953,-532.7383701679692,36.65732064622322,-461.22045461547185,-604.6534512774248,0.27150542,0.7112156,1.0,-1.0,20,-12.033353130943421,4.4764442822787744,-7.340605848830198,-26.55563449027836,-601.6676565471711,56.19920336739489,-520.7268092732252,-745.2887845654076,0.21162068473927934,0.7323625849987181,1.0,-1.0,0.24802482785919747,0.10721905941326121,0.42724882150470006,0.010038961806446485,0.27106358112358925,0.1071779785130091,0.41674460204014896,0.09826744815386389,0.37653038738900924,0.17337359938039154,0.7061988620025084,0.016584863940595967,0.41774934626758103,0.17717308408964588,0.6983533156325527,0.14152394437196167,0.24802482785919747,0.10721905941326121,0.42724882150470006,0.010038961806446485,0.27106358112358925,0.1071779785130091,0.41674460204014896,0.09826744815386389,0.018095238095238095,0.13329591311632455,1.0,0.0,0.0,0.0,0.0,0.0,37.300695264204805,5.898414012639975,53.41077725038095,9.879225306504074,36.698374892158974,3.6403755865628313,41.26343738587608,25.683793324259177,-0.9990476190476191,0.030845970934669797,0.0,-1.0,-1.0,0.0,-1.0,-1.0,21816.81405570662,23181.897655868415,145480.27808757176,4669.836458009527,12984.88120908575,4680.730864824382,20659.3265439653,5614.771425959272,0.0,0.0,0,0,0.0,0.0,0,0,10.654767403359383,4.41998940692203,26.550861380882953,6.389274491129385,8.243045637148652,0.859304898970003,9.967245451486303,6.446275079440041,-532.7383701679692,604004,155000,3100,22.15990362908633,14.109187242996995,12.059005892901041,48.328096764984366,10388.601482964244,154
6.211787,10.2379,582.9007,-585.59717,409.46344,-25.292204,-1260.1094,-586.3939,409.82855,-25.447443,-1260.7054,-584.6927,408.74985,-25.109873,-1258.0176,6.211787,13.311167,102.43407,0.00072861114,10.2379,17.942274,131.93854,0.0011351109,0.3294342,0.759691,1.0,-1.0,-10.929881515592472,4.123415954378113,-7.0508924435955125,-25.770261980479976,-546.4940757796236,32.1991619539072,-498.2747946805956,-634.4384936875306,0.26780966,0.7185827,1.0,-1.0,20,-11.84573663841365,4.289832756581777,-6.757608755062747,-26.12536420294606,-592.2868319206825,50.60015193652739,-501.4425159780301,-719.8523380205112,0.23996554583624008,0.6884673071507316,1.0,-1.0,0.26511612881918384,0.09491965622718906,0.44400082702732785,0.029799485768820366,0.29703739806096363,0.0826493542586775,0.43415954326119416,0.16124972352521913,0.4112159572362679,0.15333579836462818,0.750075468749108,0.0449015118910327,0.47083175604629046,0.13135650772029037,0.736071439856765,0.224106465548881,0.26511612881918384,0.09491965622718906,0.44400082702732785,0.029799485768820366,0.29703739806096363,0.0826493542586775,0.43415954326119416,0.16124972352521913,0.014285714285714285,0.11866605518454394,1.0,0.0,0.0,0.0,0.0,0.0,39.903990125995314,5.808841347896255,56.271818341048125,13.15059609386551,39.76850533506107,2.964508760295147,44.913967741337395,35.67585325104799,-1.0,0.0,-1.0,-1.0,-1.0,0.0,-1.0,-1.0,22531.768939289883,21810.04475915832,140552.4827917068,5439.720621521463,14844.146152672358,6171.717430842694,27521.366362246034,5722.782240633473,0.0,0.0,0,0,0.0,0.0,0,0,10.929881515592472,4.123415954378113,25.770261980479976,7.0508924435955125,8.718116910344932,0.8713887798024437,10.7020982868646,7.227284837559674,-546.4940757796236,608004,156000,3120,24.45137789002183,15.051729336002609,12.477443921779923,51.98055114780436,10442.377335243043,155
4.5551963,4.214897,582.22473,-583.89746,413.73407,-25.43717,-1145.0876,-583.76843,413.9229,-25.125875,-1145.0573,-582.5437,413.5484,-24.499395,-1142.5326,4.5551963,7.282829,49.828484,1.1787051e-09,4.214897,5.976253,39.68158,0.0012645568,0.25771022,0.79440814,1.0,-1.0,-10.932490761400064,4.114459610237809,-7.175323176421371,-25.979801116969966,-546.6245380700033,29.277891319238684,-493.3650620809456,-600.7323088810555,0.2072547,0.7774749,1.0,-1.0,20,-11.660638563110496,4.403092892616784,-6.431250539995673,-26.586988144767616,-583.0319281555248,50.220336339055365,-467.6940213461383,-671.9121127651509,0.21776583077598494,0.716996297025166,1.0,-1.0,0.26927563211979544,0.10730172992494919,0.4484666158150517,0.03328807747711044,0.29493824891863213,0.10677818181656494,0.439221758662473,0.050180979980760404,0.39761363573927805,0.1658478910141281,0.7208650269549095,0.05205024873184683,0.44444544898769595,0.16608942783404104,0.7093907467992087,0.08661967219423614,0.26927563211979544,0.10730172992494919,0.4484666158150517,0.03328807747711044,0.29493824891863213,0.10677818181656494,0.439221758662473,0.050180979980760404,0.04476190476190476,0.20678074534151128,1.0,0.0,0.047619047619047616,0.21295885499998,1.0,0.0,37.83534579946028,5.8956131941683,54.013142063491685,14.349167509915159,37.03938919808131,3.7886447311601765,41.78545006321907,24.267776632789452,-1.0,0.0,-1.0,-1.0,-1.0,0.0,-1.0,-1.0,20863.630993198876,22360.90310900991,144467.36661761702,3618.181447452849,12462.44649372763,5046.470213256297,23887.77266822669,5659.968932398992,0.0,0.0,0,0,0.0,0.0,0,0,10.932490761400066,4.114459610237809,25.979801116969966,7.175323176421371,8.781616330486376,0.770856418722934,10.291513219361379,7.184331899016232,-546.6245380700033,612004,157000,3140,21.087881991006725,16.836156676996325,11.718832302911323,49.64287097091437,10491.63116408397,156
4.6313796,5.0359955,591.13086,-593.8368,400.611,-24.797037,-1236.338,-593.68567,400.72614,-25.008808,-1232.7102,-593.4619,400.63858,-24.483852,-1234.2639,4.6313796,14.855269,158.8209,1.08629465e-05,5.0359955,10.517767,67.96686,9.536743e-05,0.27921996,0.78326505,1.0,-1.0,-10.902906732698385,4.206391197193859,-6.763024970471148,-27.006399201480587,-545.1453366349193,38.10042015067679,-485.84758660589944,-612.0240804383158,0.2866868,0.7737311,1.0,-1.0,20,-11.796659856049994,4.479548239992738,-6.648487562509882,-26.233988737071755,-589.8329928024997,51.622299386579776,-491.4109654770869,-683.590226377396,0.21079965450723515,0.7102555123479817,1.0,-1.0,0.2641268292695262,0.09405837433680514,0.43458698562369735,0.053512971175422176,0.2949397491398716,0.08556321346054513,0.43458698562369735,0.12464006933457827,0.4081197810251952,0.15202793908639792,0.728580635273344,0.06909053538358197,0.46409833192017363,0.1369448998394626,0.728580635273344,0.18475712394289373,0.2641268292695262,0.09405837433680514,0.43458698562369735,0.053512971175422176,0.2949397491398716,0.08556321346054513,0.43458698562369735,0.12464006933457827,0.0019047619047619048,0.043601992922893705,1.0,0.0,0.0,0.0,0.0,0.0,39.253301074941575,5.432851497619724,55.030188352778275,13.785130369360644,38.96488828969647,2.8319130848775154,43.98940856761332,31.834262986358887,-1.0,0.0,-1.0,-1.0,-1.0,0.0,-1.0,-1.0,22136.45966058155,22080.53718835755,154343.0151826758,5182.841333816478,13588.300302559377,4011.503380159977,23182.00046636319,5192.751217956702,0.0,0.0,0,0,0.0,0.0,0,0,10.902906732698385,4.206391197193859,27.006399201480587,6.763024970471148,8.677594827404171,0.8915273975336601,10.24853090717084,6.993942765001321,-545.1453366349193,616004,158000,3160,25.501397650885337,16.446616271001403,12.638920118988608,54.58693404087535,10547.29280707585,157
6.574007,4.1781983,582.4954,-584.7849,401.829,-24.033798,-1180.0837,-584.7429,401.80078,-23.941975,-1181.4452,-583.855,401.5915,-24.008284,-1176.164,6.5740075,17.356827,126.55975,1.1269003e-07,4.1781983,9.5649395,77.526825,4.3301043e-05,0.3744843,0.773066,1.0,-1.0,-11.126577021531395,4.138607963446945,-7.0069402517345685,-26.166800668262255,-556.3288510765698,40.82656548811534,-478.4143419533712,-642.1017791069773,0.20104946,0.75642306,1.0,-1.0,20,-11.333803327429381,4.324846326343747,-6.382709786724897,-25.719468183061924,-566.6901663714691,41.55446496935019,-495.26098538107954,-642.3258392829373,0.28464632875905127,0.6905791625425887,1.0,-1.0,0.27047100408238195,0.0876404026800614,0.3924393220028594,0.03364487339037702,0.3004071500462044,0.07961205194328376,0.3913313265077584,0.13817175775129842,0.40998874523663775,0.14092906219713566,0.6588646845430555,0.047904050392434006,0.4597347092542397,0.1283952791326128,0.657176804233498,0.1958448842721971,0.27047100408238195,0.0876404026800614,0.3924393220028594,0.03364487339037702,0.3004071500462044,0.07961205194328376,0.3913313265077584,0.13817175775129842,0.006666666666666667,0.08137703743822466,1.0,0.0,0.0,0.0,0.0,0.0,39.828146271836495,5.176173427585348,55.14522450979834,19.415226468906,39.45893714739799,2.3872865348841206,43.46740593479785,33.95347994626414,-1.0,0.0,-1.0,-1.0,-1.0,0.0,-1.0,-1.0,23444.540197862047,21412.676428029652,147556.36797206808,4474.353748768637,15112.144087493552,4782.934808097106,23854.204654157882,7200.002961000552,0.0,0.0,0,0,0.0,0.0,0,0,11.126577021531395,4.138607963446945,26.166800668262255,7.0069402517345685,8.836170818284895,1.0286487672697553,11.098237840631104,7.0509758211059275,-556.3288510765698,620004,159000,3180,25.846070373168914,17.509059695999895,12.35927764204098,55.71440771120979,10602.195556348066,158
5.6728916,5.9310613,591.20654,-592.12866,401.21887,-24.458857,-1109.5017,-592.1841,401.6564,-24.462418,-1110.3971,-592.47144,401.60513,-24.071936,-1111.3242,5.6728916,15.231222,130.60252,3.9521605e-05,5.9310617,15.491406,131.65056,0.00052982295,0.21529834,0.7922426,1.0,-1.0,-10.93469772633975,4.09504092469515,-7.605564157795575,-26.093360139499698,-546.7348863169874,27.514955904849725,-504.4864422801883,-608.4289682291535,0.29152173,0.6774438,1.0,-1.0,20,-11.80301103039625,4.2352111962171515,-7.172622063157375,-26.60414391927131,-590.1505515198126,40.72473423599693,-511.8506726474193,-663.4778449973298,0.26886586025844195,0.7026538718303561,1.0,-1.0,0.23035450531855273,0.09048134204930496,0.4243361880925272,0.020857708131140847,0.25389999978183986,0.08556699469450524,0.4243361880925272,0.07600208705861736,0.3353063264825032,0.13411943598335452,0.6400635219036883,0.03054138970402573,0.3727845678132536,0.13012506605246973,0.6400635219036883,0.10830578976661576,0.23035450531855273,0.09048134204930496,0.4243361880925272,0.020857708131140847,0.25389999978183986,0.08556699469450524,0.4243361880925272,0.07600208705861736,0.013333333333333334,0.11469767022723504,1.0,0.0,0.0,0.0,0.0,0.0,36.71042089628063,6.5786550510696244,54.56527618942843,14.209803245156195,36.64785221179807,4.352275578965219,42.63409007230872,23.6476187622712,-1.0,0.0,-1.0,-1.0,-1.0,0.0,-1.0,-1.0,22397.605192627303,21685.34100511714,147278.94019830538,3908.842420204777,14905.96874206553,5020.379945706008,28437.141410976987,6211.252164916236,0.0,0.0,0,0,0.0,0.0,0,0,10.93469772633975,4.09504092469515,26.093360139499694,7.605564157795575,8.782214486791583,0.6797304836040207,10.234270428890637,7.6762515530863356,-546.7348863169874,624004,160000,3200,25.172246494992578,16.696223654995265,12.552846499092993,54.421316649080836,10654.753120875153,159
5.179405,5.1721907,585.73193,-586.5609,410.28958,-24.541939,-1155.1361,-586.63196,410.46875,-24.491394,-1157.6464,-587.2279,411.07803,-24.53222,-1161.6615,5.179405,14.414816,143.98901,4.5076013e-07,5.1721907,15.086286,146.92905,6.7893416e-05,0.24902941,0.79964,1.0,-1.0,-10.738881509483207,4.180520799478789,-6.8068117039494656,-27.303581281343366,-536.9440754741603,26.435514619242685,-491.2901000906077,-581.1162400599925,0.32101375,0.72736436,1.0,-1.0,20,-11.854202373265723,4.285181479941219,-7.0355417458783105,-26.868398493295754,-592.7101186632862,43.22980775143635,-545.5278690104734,-742.0978006508266,0.286925529898015,0.6644932337741905,1.0,-1.0,0.2768425220827872,0.0921511208717483,0.42846432867909134,0.027342430906985512,0.3050880569923271,0.08702710922452152,0.42846432867909134,0.13404138402945154,0.41395330482792697,0.14898370698276295,0.7169199278990167,0.0362268088978385,0.46050820806896603,0.1453932790781882,0.7169199278990167,0.18831211311001655,0.2768425220827872,0.0921511208717483,0.42846432867909134,0.027342430906985512,0.3050880569923271,0.08702710922452152,0.42846432867909134,0.13404138402945154,0.010476190476190476,0.10181571543380252,1.0,0.0,0.0,0.0,0.0,0.0,39.35970692988575,5.054142397987158,54.505648169981754,11.648573876505285,38.714380096955374,1.9157985011099907,42.589845598415664,35.14443597837885,-1.0,0.0,-1.0,-1.0,-1.0,0.0,-1.0,-1.0,21758.49684735748,22124.373131450844,165570.18944678133,4741.190039154808,13667.65941292042,5254.426329331554,24013.30969380789,4751.108490165634,0.0,0.0,0,0,0.0,0.0,0,0,10.738881509483207,4.180520799478789,27.303581281343366,6.806811703949466,8.512462926585307,0.771704795223593,9.972151456114842,6.963866864077678,-536.9440754741603,628004,161000,3220,23.58192167393281,14.848704160001944,11.91570364391373,50.346329477848485,10704.597038502012,160
6.7501206,12.241372,598.0194,-599.60187,411.42545,-23.759418,-1203.4987,-599.1496,411.25262,-23.637554,-1195.6818,-599.85095,412.03503,-23.799534,-1205.0626,6.750121,25.999273,226.62524,6.7893416e-07,12.241372,64.902275,707.47754,2.116483e-05,0.34421897,0.7406334,1.0,-1.0,-11.09059203647347,4.0069062037401695,-5.943511307550464,-26.46464985182335,-554.5296018236735,47.66585519516347,-443.33075845300516,-625.6943033691733,0.2448861,0.7629013,1.0,-1.0,20,-11.531651826000562,4.4232685787960495,-6.5995827175954735,-27.28390357669682,-576.582591300028,52.95845640683375,-498.8504506606291,-666.8843244687281,0.2797238388125543,0.6728021163204495,1.0,-1.0,0.24357763914619054,0.08829967601867936,0.38882643190860217,0.022573419792927617,0.27135287663864527,0.08391956474787474,0.37939747940845553,0.04721491137776168,0.3737053382705663,0.145906216017865,0.6377366182530791,0.03395185070944082,0.42394823125276854,0.14056623158538917,0.634316985470305,0.051420326794932,0.24357763914619054,0.08829967601867936,0.38882643190860217,0.022573419792927617,0.27135287663864527,0.08391956474787474,0.37939747940845553,0.04721491137776168,0.040952380952380955,0.19817992695203016,1.0,0.0,0.047619047619047616,0.21295885499997996,1.0,0.0,38.53871809545765,6.777784503081438,56.40550266142723,11.190310660211772,38.37840634488401,4.711630397387038,44.92253300460031,22.785048754638414,-1.0,0.0,-1.0,-1.0,-1.0,0.0,-1.0,-1.0,22532.996016029476,21985.732650325033,142731.71946932352,5760.442509286571,14419.823345592376,6393.178072134521,30753.913522144165,6165.468990017321,0.0,0.0,0,0,0.0,0.0,0,0,11.09059203647347,4.006906203740169,26.46464985182335,5.943511307550464,8.962460976209282,1.2743920273621057,10.919085766889914,6.046133146213368,-554.5296018236735,632004,162000,3240,26.38988645291829,14.333162245005951,13.220560822985135,53.943609520909376,10760.49323249291,161
3.0863962,2.7573152,590.9374,-593.4153,414.31967,-23.37006,-1245.1733,-594.0615,414.79514,-22.99988,-1245.5894,-593.7873,414.54636,-23.20249,-1244.9935,3.0863962,7.240338,63.277927,0.00048548356,2.7573152,4.5435104,25.216532,9.566569e-05,0.24827297,0.78695506,1.0,-1.0,-10.900116801960305,4.1013393792272055,-6.537749576926621,-26.340418377973474,-545.0058400980153,52.32325158022072,-461.53321865047633,-666.7965504808221,0.32203615,0.69901735,1.0,-1.0,20,-11.79993320882416,4.309773776962064,-7.36909667304844,-27.13409100798747,-589.9966604412082,35.404653200738544,-526.5199812283223,-672.349971632188,0.27851822204472326,0.6630755395541403,1.0,-1.0,0.23123259077334868,0.09939008568006066,0.42643491646046355,0.023276115597475052,0.25019539743480845,0.10225875791958404,0.42643491646046355,0.06675369349978526,0.34257877472927506,0.15701644709166498,0.6499464361997278,0.0342481253225973,0.37517360812950884,0.16677492580731582,0.6499464361997278,0.0984133874687999,0.23123259077334868,0.09939008568006066,0.42643491646046355,0.023276115597475052,0.25019539743480845,0.10225875791958404,0.42643491646046355,0.06675369349978526,0.013333333333333334,0.11469767022723504,1.0,0.0,0.0,0.0,0.0,0.0,37.9860598612952,6.655455766283251,55.68294784319071,13.443614286729215,37.63276763467282,5.187848880461022,44.3757159674955,24.670097644736753,-1.0,0.0,-1.0,-1.0,-1.0,0.0,-1.0,-1.0,22490.718395967633,20843.488837854617,145007.6290608743,6848.717508369733,14687.59719339264,4308.084919809193,24338.068276105365,6848.717508369733,0.0,0.0,0,0,0.0,0.0,0,0,10.900116801960307,4.101339379227205,26.340418377973474,6.537749576926621,8.70961547626608,1.359457257755398,11.920966867169128,6.537749576926621,-545.0058400980153,636004,163000,3260,30.289435218939616,16.29111452899815,13.438327569980174,60.01887731791794,10817.360894152815,162
5.8506756,4.6331615,571.7706,-573.9514,417.87833,-22.848995,-1234.4504,-573.7861,417.8852,-22.810299,-1233.8218,-572.8572,417.14404,-22.705618,-1233.0862,5.8506756,13.01546,116.58001,0.0009921212,4.6331615,7.8082595,65.71545,9.897724e-05,0.3020561,0.7745036,1.0,-1.0,-10.800701293483117,4.164968474149929,-6.901387899548818,-27.1371030015692,-540.0350646741558,34.141941346977084,-474.23612910530557,-613.4804446097296,0.28496078,0.62184364,1.0,-1.0,20,-11.61010737998575,4.33582798652155,-7.3799385021321875,-26.233989244628784,-580.5053689992876,31.876431870888084,-526.1491241722943,-638.8750794744464,0.25227323887776226,0.6622556374852572,1.0,-1.0,0.26186730893795124,0.09060136567039827,0.41696325349535945,0.017880515988922627,0.2872816851490633,0.08112510739452872,0.4091208863298609,0.09830083064290193,0.3879199666654843,0.13611812166766163,0.6784526601796719,0.023511161640671685,0.42877336365995766,0.11999865597396954,0.6615987697122361,0.15356922774471032,0.26186730893795124,0.09060136567039827,0.41696325349535945,0.017880515988922627,0.2872816851490633,0.08112510739452872,0.4091208863298609,0.09830083064290193,0.01619047619047619,0.12620754601529105,1.0,0.0,0.0,0.0,0.0,0.0,38.780893603717914,5.934459844781163,54.889144162271194,13.254975054909265,38.4710896003558,3.405227183206167,43.27295269816037,26.597126166906293,-1.0,0.0,-1.0,-1.0,-1.0,0.0,-1.0,-1.0,22179.1236235385,21684.779418932365,155160.16062747376,5238.59103723989,13855.697242243814,4578.193929244976,20893.679149778796,5477.902165802641,0.0,0.0,0,0,0.0,0.0,0,0,10.800701293483117,4.164968474149929,27.137103001569205,6.901387899548818,8.592009289243746,0.9203515505153084,10.17813662664746,6.943306687717884,-540.0350646741558,640004,164000,3280,23.17856973092421,13.152038006999646,12.19852594400436,48.529133681928215,10866.568835858743,163
6.5866966,6.2006707,580.17896,-581.94324,402.5273,-22.62918,-1265.3191,-581.6739,402.3258,-22.67709,-1263.6794,-581.9866,403.19913,-22.041506,-1272.8499,6.5866966,17.00637,128.86975,2.3283064e-06,6.2006702,15.107589,102.720894,0.0005695261,0.31692424,0.720425,1.0,-1.0,-10.948531120963509,4.150095652236788,-7.265121383215465,-26.067547163986593,-547.4265560481754,39.148537554943765,-495.4271602142439,-619.9482467033206,0.27135268,0.68103534,1.0,-1.0,20,-11.906121367283639,4.269493087979486,-6.770061092098565,-25.661664667763137,-595.3060683641819,39.672778122468266,-523.7778124664059,-688.8862606049559,0.22782269164763455,0.6927481577814095,1.0,-1.0,0.2743965566381925,0.07665538064316119,0.44330142968297576,0.026488663244186254,0.3046296164624017,0.05748563967573283,0.44059604822843706,0.1887836152721502,0.4042825765765788,0.12472923544344326,0.7288252903777963,0.03314354155531962,0.4521783383586301,0.1028566999785419,0.7253002917991795,0.3048756672276027,0.2743965566381925,0.07665538064316119,0.44330142968297576,0.026488663244186254,0.3046296164624017,0.05748563967573283,0.44059604822843706,0.1887836152721502,0.004761904761904762,0.06884205854667125,1.0,0.0,0.0,0.0,0.0,0.0,38.65625384875263,5.417980942493883,54.72849529127735,18.034228210788093,38.0782902603017,2.839497436893365,42.6681882297897,32.274930071358966,-1.0,0.0,-1.0,-1.0,-1.0,0.0,-1.0,-1.0,21279.041509241244,22043.82727060272,139403.99212851273,5689.724608079184,12858.163513749732,4812.246118398535,22804.110910128842,5776.201692707302,0.0,0.0,0,0,0.0,0.0,0,0,10.948531120963509,4.150095652236788,26.067547163986593,7.265121383215465,8.698574551217913,0.9388347352677834,10.538617152888232,7.3156435663678385,-547.4265560481754,644004,165000,3300,24.354935688097612,13.8122288309969,12.444493733113632,50.611658252208144,10917.557328391966,164
5.7544007,5.4104614,583.5623,-585.9273,402.07837,-22.873516,-1140.953,-585.6304,401.92035,-22.715117,-1138.779,-585.53033,401.8203,-22.944447,-1138.9171,5.7544007,24.033258,251.69017,1.8030405e-06,5.4104614,16.712372,131.48183,0.0013232827,0.3179635,0.76519835,1.0,-1.0,-11.048514823630914,4.138055253264465,-7.293648205038967,-26.603533940559416,-552.4257411815458,39.754031284691116,-500.51659960876464,-637.5801292691093,0.23871864,0.7483099,1.0,-1.0,20,-11.737246264827869,4.481864582910936,-6.9764190556857155,-25.999278670445033,-586.8623132413935,49.457010886412995,-489.8181910710293,-684.4423901715567,0.22227610312249357,0.6937556782888472,1.0,-1.0,0.23815068485306118,0.09342836741255128,0.41233592104477956,0.022933959552688166,0.2605652184728485,0.09242246142728823,0.41233592104477956,0.08906505577559043,0.356086230667644,0.15432932187420292,0.670996076276391,0.03176229380296397,0.39124571816344056,0.15959596595120099,0.670996076276391,0.1364230602407118,0.23815068485306118,0.09342836741255128,0.41233592104477956,0.022933959552688166,0.2605652184728485,0.09242246142728823,0.41233592104477956,0.08906505577559043,0.018095238095238095,0.13329591311632455,1.0,0.0,0.0,0.0,0.0,0.0,37.14849688857276,6.116760949036763,56.2175996993415,12.79104959081763,36.677487842273514,4.153969608432577,44.95367362085957,26.31596553979022,-1.0,0.0,-1.0,-1.0,-1.0,0.0,-1.0,-1.0,22588.286534092327,21945.042137221717,149378.7249046321,5201.6539416456835,14638.567657269761,5122.598574393219,32670.619938963904,7970.148917630796,0.0,0.0,0,0,0.0,0.0,0,0,11.048514823630914,4.138055253264465,26.603533940559416,7.293648205038968,8.877624960556275,1.0632479421908863,11.177800413282945,7.3280361953146365,-552.4257411815458,648004,166000,3320,25.48536724893347,14.207811371001299,12.412892595952144,52.106071215886914,10969.109193063843,165
1.9247763,2.1362078,581.5708,-583.25574,408.11398,-22.722967,-1115.0553,-583.43896,408.1847,-22.560646,-1113.9966,-583.11,407.9727,-22.560442,-1115.1136,1.9247763,5.2063627,42.478027,5.704933e-05,2.1362076,5.164626,36.440056,4.165122e-08,0.28559175,0.7608337,1.0,-1.0,-10.837457676688441,4.2436014625915535,-7.048809426781866,-26.167686736185804,-541.872883834422,30.322980786095943,-491.7282304569779,-596.7660553834746,0.3076937,0.69583607,1.0,-1.0,20,-11.503951754245755,4.830638708537025,-6.432358405094223,-26.89696864180591,-575.1975877122878,51.31897706980498,-481.05676154117293,-693.4980883764662,0.29974285594132016,0.6746684131184099,1.0,-1.0,0.29650175163845655,0.10812967679222839,0.47829784458591257,0.036101135918089514,0.32743331764027866,0.10069126222172783,0.47163900545530413,0.147563427384644,0.4525188713932226,0.18602486449828165,0.7938544556899106,0.04664716311898781,0.5117943305307671,0.1773798192222932,0.7845056444248071,0.1993618695110886,0.29650175163845655,0.10812967679222839,0.47829784458591257,0.036101135918089514,0.32743331764027866,0.10069126222172783,0.47163900545530413,0.147563427384644,0.011428571428571429,0.10629185850136157,1.0,0.0,0.0,0.0,0.0,0.0,39.10753635085407,5.591667652882277,54.62446284917535,11.940139045054078,38.37257255749985,2.8350133835078224,42.957966097233616,31.43195405135276,-1.0,0.0,-1.0,-1.0,-1.0,0.0,-1.0,-1.0,23289.64477635967,21858.115388591745,145536.26451853168,6984.835677563576,14984.920357165116,4723.500378789214,27656.45837782173,8513.178277568732,0.0,0.0,0,0,0.0,0.0,0,0,10.837457676688441,4.2436014625915535,26.167686736185804,7.048809426781867,8.53969447469609,0.8239716746496487,9.659677191582299,7.048809426781867,-541.872883834422,652004,167000,3340,24.676779726047243,13.651999652000086,12.138133690081304,50.46691306812863,11018.428994031965,166
12.422958,12.276903,581.7202,-583.7885,414.75427,-23.690296,-1156.661,-584.36316,415.3274,-23.687813,-1158.7878,-583.31433,414.60904,-23.782055,-1157.6597,12.422958,68.14793,692.1405,0.001046434,12.276903,51.516827,519.80743,7.7448916e-05,0.31070814,0.78330797,1.0,-1.0,-11.110565844574653,4.025681503675615,-7.406488082555023,-25.327107066761997,-555.5282922287325,31.444633168925574,-505.3794173447648,-618.1201862106448,0.25813854,0.6797553,1.0,-1.0,20,-11.814321132818993,4.548071458285972,-6.088003170299099,-27.635303886562966,-590.7160566409498,49.763922937953765,-482.0633270535081,-663.7003888905623,0.2725642033147154,0.6610517230879407,1.0,-1.0,0.23539829569871965,0.10089211603263659,0.44623202243905985,0.015562729405813236,0.26384831099064815,0.09397620741537396,0.44623202243905985,0.14250779578396336,0.3585838787756608,0.1651951277804136,0.7147426325853257,0.02065119526767621,0.407402559649228,0.15828026244945007,0.7139430302228594,0.20328875753669554,0.23539829569871965,0.10089211603263659,0.44623202243905985,0.015562729405813236,0.26384831099064815,0.09397620741537396,0.44623202243905985,0.14250779578396336,0.02857142857142857,0.16659862556700858,1.0,0.0,0.0,0.0,0.0,0.0,36.98286443925479,5.4592233835516755,53.72454815261111,8.004128116000341,37.0351686121827,2.9841597713999106,41.64991552552481,30.425768131594303,-0.9990476190476191,0.030845970934669793,0.0,-1.0,-1.0,0.0,-1.0,-1.0,22936.370035428823,20935.295503810157,131844.72119624028,5199.239527353502,14998.863687711788,4591.126083750568,22326.362738518495,6165.651801698222,0.0,0.0,0,0,0.0,0.0,0,0,11.110565844574653,4.025681503675615,25.327107066761997,7.406488082555022,8.972997037175107,0.8531981816365314,10.732882690504512,7.44430727299728,-555.5282922287325,656004,168000,3360,26.32242350112938,12.509524077999231,12.659893661024398,51.49184124015301,11072.928924215106,167
5.285206,5.454041,599.5551,-601.0093,413.5629,-23.869272,-1197.3687,-600.8252,413.65775,-23.753788,-1198.3081,-600.54004,413.80212,-23.353731,-1200.0092,5.2852063,14.900292,124.53955,7.3342017e-07,5.4540415,14.193085,126.72323,2.9206276e-06,0.31290886,0.7945685,1.0,-1.0,-10.909864447182516,4.067655405723661,-7.248605203460896,-26.43931300763385,-545.4932223591256,31.25364659036723,-489.4315595046989,-595.8641853782302,0.2612377,0.70233595,1.0,-1.0,20,-11.85042228786333,4.324012628972964,-7.128449604533052,-26.090347778783343,-592.5211143931664,44.26567604591718,-501.29854273791403,-690.6837663011218,0.2801050245921726,0.666674878843725,1.0,-1.0,0.2508282939098551,0.09176183686437495,0.43375076752627423,0.022276032344071484,0.27692369508032355,0.080601583439778,0.41900596384473987,0.14164006572244925,0.36943481545549606,0.13352127697013552,0.67374237945131,0.035332502800051235,0.4085477007370893,0.11880857044740628,0.6553701338141125,0.23422842311614286,0.2508282939098551,0.09176183686437495,0.43375076752627423,0.022276032344071484,0.27692369508032355,0.080601583439778,0.41900596384473987,0.14164006572244925,0.012380952380952381,0.11057877011023848,1.0,0.0,0.0,0.0,0.0,0.0,38.32761757424651,5.788408762109817,53.4368870692706,7.504193880609035,38.25709597300814,2.7081897489586813,43.28497594590353,32.41282965641884,-0.9990476190476191,0.030845970934669804,0.0,-1.0,-1.0,0.0,-1.0,-1.0,23351.88890362428,21065.61050811986,143696.21524528728,4773.026163125971,15748.380421606116,4955.931472447807,27150.049689011397,7582.995214286286,0.0,0.0,0,0,0.0,0.0,0,0,10.909864447182516,4.067655405723661,26.43931300763385,7.248605203460896,8.7182404796125,0.8018410905377281,9.926560041887669,7.5849154300200965,-545.4932223591256,660004,169000,3380,26.93343793397071,15.534042106002744,12.732210450063576,55.19969049003703,11128.082590359154,168
4.4011517,3.4476795,578.18866,-580.2566,402.66696,-26.532463,-1143.3389,-580.5795,402.3809,-26.736101,-1143.1937,-580.66864,402.96005,-26.248035,-1144.2125,4.4011517,12.515867,112.75189,1.4901161e-08,3.4476795,8.091435,62.112755,0.00023469701,0.3085962,0.76205224,1.0,-1.0,-10.913448359496499,4.243786213346666,-4.39906123541256,-26.417982403691635,-545.6724179748248,47.73724125616554,-406.7867843441256,-630.2240984652793,0.24626438,0.629668,1.0,-1.0,20,-11.82283236642796,4.346636240411607,-6.463054659081794,-27.060729728858952,-591.141618321398,44.75923938879005,-496.30340997444335,-647.064387592443,0.24374855443854804,0.677891704905288,1.0,-1.0,0.22394312343114703,0.09140039893036282,0.37910701483753073,0.0411458254000004,0.24853196998134655,0.09260461152416863,0.37910701483753073,0.0458131792995209,0.3424981097794885,0.14846707030540574,0.6173463015448293,0.0540899978851537,0.3872973684003051,0.15011471209872282,0.6173463015448293,0.07732229221545953,0.22394312343114703,0.09140039893036282,0.37910701483753073,0.0411458254000004,0.24853196998134655,0.09260461152416863,0.37910701483753073,0.0458131792995209,0.06666666666666667,0.24944382578492946,1.0,0.0,0.09523809523809523,0.2935435239509036,1.0,0.0,37.20745559225732,6.558866338733392,56.23695392305345,15.401455914641883,37.0878766536901,4.750047746038943,44.93463217587564,23.35191087765264,-1.0,0.0,-1.0,-1.0,-1.0,0.0,-1.0,-1.0,22658.425418641462,22137.817924770996,154497.32919772467,2256.9591224578576,14632.385658576228,6054.0033825849,27797.159584910693,2321.6681400400907,0.0,0.0,0,0,0.0,0.0,0,0,10.9134483594965,4.243786213346666,26.417982403691635,4.39906123541256,8.711987872167782,1.3305980080097344,10.70871787751621,4.648855475001688,-545.6724179748248,664004,170000,3400,26.403206068040163,15.459305136995681,12.403944662983122,54.266455868018966,11177.682353254182,169
4.0735407,2.9426928,584.4766,-586.1714,417.2183,-24.470839,-1238.4209,-586.3073,417.57196,-24.380539,-1239.1049,-586.6986,417.69135,-24.764122,-1235.8799,4.0735407,11.056018,115.69278,1.9920117e-05,2.9426928,5.292598,32.592155,4.673004e-05,0.27410677,0.74332684,1.0,-1.0,-11.080839723045623,4.008075171869732,-6.455038678158899,-25.364158152568237,-554.0419861522812,34.12244104315571,-469.6780419968552,-625.1747155117669,0.22701767,0.6009356,1.0,-1.0,20,-11.692880044851291,4.558302736283497,-6.833741673793034,-26.489830106426393,-584.6440022425646,45.805431698463345,-523.377715792757,-691.4319462964456,0.23996733459306688,0.6827482779583562,1.0,-1.0,0.27434786409089873,0.090101551060348,0.465467299395778,0.035029354087586694,0.30078395497801236,0.08079927341134743,0.4648210957845118,0.1450946037480726,0.40852354565174087,0.14131767388367172,0.7565091669437338,0.048691254525982275,0.45298461456142125,0.1297526912351238,0.7556596352857887,0.2279868470058796,0.27434786409089873,0.090101551060348,0.465467299395778,0.035029354087586694,0.30078395497801236,0.08079927341134743,0.4648210957845118,0.1450946037480726,0.005714285714285714,0.07537660547584525,1.0,0.0,0.0,0.0,0.0,0.0,39.05938423672953,5.329852611636849,54.63751212895474,15.061618408939372,38.682025158630275,2.1037861078664157,43.04919871714675,35.70133338812599,-1.0,0.0,-1.0,-1.0,-1.0,0.0,-1.0,-1.0,22982.039859127985,20820.74201290959,133616.42664872212,5385.016520420616,14961.158411063332,4585.572177743006,21860.975192942184,5614.336844955831,0.0,0.0,0,0,0.0,0.0,0,0,11.080839723045623,4.008075171869732,25.364158152568237,6.455038678158899,8.910323221679583,0.9007718844574808,10.976682177012258,6.49313595870784,-554.0419861522812,668004,171000,3420,39.51905254003941,10.781297844005167,14.992585391002649,65.29293577504723,11247.880360004223,170
4.587334,3.8501563,585.55383,-586.3322,421.82257,-22.897385,-1185.7544,-586.5482,421.78522,-22.79952,-1185.4396,-586.6709,421.77942,-22.78232,-1187.7949,4.5873346,14.940232,148.82019,5.8265883e-05,3.8501563,9.134441,51.55558,1.2585951e-07,0.3374203,0.75964737,1.0,-1.0,-10.887706274675878,4.195088844594179,-6.849784442081895,-26.06856057766877,-544.3853137337941,30.927243690314864,-479.4252614749433,-604.1803529102497,0.25572693,0.67529416,1.0,-1.0,20,-11.80533379011737,4.316629543947297,-6.772279067153848,-25.619184101710875,-590.2666895058685,44.322573754638746,-502.27581627068366,-655.0724119484886,0.2676438104364047,0.6444987361009697,1.0,-1.0,0.26652652684320777,0.0964001551454217,0.49293651354145296,0.03828685193141006,0.29652535675395797,0.08580425561103953,0.49293651354145296,0.14196468024045975,0.41572292363431157,0.15979009749430545,0.809736037875874,0.04897871974073925,0.47229057171947086,0.14149078914853827,0.809736037875874,0.24587335701296673,0.26652652684320777,0.0964001551454217,0.49293651354145296,0.03828685193141006,0.29652535675395797,0.08580425561103953,0.49293651354145296,0.14196468024045975,0.013333333333333334,0.11469767022723505,1.0,0.0,0.0,0.0,0.0,0.0,39.33601365510101,5.49562724566598,55.95838267927308,11.42341498162298,39.01811546926862,2.294780887448563,44.477286212745064,34.73529229134494,-1.0,0.0,-1.0,-1.0,-1.0,0.0,-1.0,-1.0,22265.924599233378,21935.71375744264,140500.9865652729,7427.58767027185,14020.591691816087,4107.122737550683,21657.266923329524,7533.900029615898,0.0,0.0,0,0,0.0,0.0,0,0,10.887706274675878,4.195088844594179,26.06856057766877,6.849784442081895,8.645424667969602,0.8531939190947001,10.352390252046634,6.9329157138060715,-544.3853137337941,672004,172000,3440,22.28914081799303,15.709275173001515,12.074507880977762,50.07292387197231,11297.44742177119,171
5.0518613,5.060876,573.682,-575.6022,390.03622,-23.202509,-1154.6876,-575.8907,390.04807,-23.371147,-1157.872,-575.72974,390.5648,-22.3203,-1159.379,5.0518613,9.935133,64.73059,0.0015754489,5.060876,7.058687,36.308826,6.6302164e-06,0.30820355,0.7535255,1.0,-1.0,-10.774368795834572,4.0557966490890935,-6.743285831808812,-25.836738566312675,-538.7184397917287,36.06598598829411,-475.73783622965635,-610.6561965186961,0.3391977,0.7086107,1.0,-1.0,20,-11.51824854969966,4.381864034565388,-6.805732031018554,-25.778513799949067,-575.912427484983,45.55006021539814,-511.1695181291464,-660.7850666619426,0.2763906590480902,0.6629885845825266,1.0,-1.0,0.2548277244814076,0.09392944957994297,0.46144648997411614,0.017435613747424316,0.2765926659951345,0.09003882769448032,0.46144648997411614,0.12821656259104874,0.3714033681869283,0.13421032666397814,0.7444991850322615,0.02665270024205632,0.40212887927754826,0.1274709044138241,0.7444991850322615,0.19261869904321519,0.2548277244814076,0.09392944957994297,0.46144648997411614,0.017435613747424316,0.2765926659951345,0.09003882769448032,0.46144648997411614,0.12821656259104874,0.017142857142857144,0.12980361933257767,1.0,0.0,0.0,0.0,0.0,0.0,39.56152328900183,6.007754068326385,57.51773636153743,9.496692801380025,39.17327318137369,3.3679319221962123,46.43628335848136,31.821019557194607,-0.9990476190476191,0.030845970934669797,0.0,-1.0,-1.0,0.0,-1.0,-1.0,21849.328593650178,21543.474433997464,140973.71886645482,3696.2657407030147,13854.45459335946,5661.861934018911,28207.704640190317,5588.783505298549,0.0,0.0,0,0,0.0,0.0,0,0,10.77436879583457,4.0557966490890935,25.836738566312675,6.743285831808812,8.584521668216345,0.9560295667619216,10.051686163359651,6.82754924801805,-538.7184397917287,676004,173000,3460,25.574024905174156,15.189490197997657,12.486088173056487,53.2496032762283,11349.161031666437,172
9.664062,12.649322,569.1759,-570.9352,411.91782,-26.244654,-1282.6649,-570.5863,411.5061,-26.413467,-1282.6748,-571.3993,412.08252,-26.912724,-1282.3484,9.664062,57.024006,638.14825,1.4901161e-08,12.6493225,85.89068,969.2976,0.0007848479,0.33997366,0.76695585,1.0,-1.0,-10.971313008636026,4.161314979442176,-6.87913475393034,-26.213910605616725,-548.5656504318013,45.443970478973625,-476.1613349266453,-621.4242074778215,0.20949012,0.7020258,1.0,-1.0,20,-11.797372293802573,4.3324223022598725,-7.149435036233398,-26.580479195437047,-589.8686146901285,37.933289131949074,-522.7515672050006,-651.009647008564,0.25534756586676954,0.6670075861426892,1.0,-1.0,0.20314907887852973,0.0823323947440079,0.41466800996254716,0.024081336238909755,0.2242965217219428,0.07904963907068309,0.41466800996254716,0.10733134616479509,0.30679846746046113,0.12734398920778436,0.6034634800428377,0.03499234314298472,0.34101513162941693,0.12275717076882142,0.6034634800428377,0.15195935378543327,0.20314907887852973,0.0823323947440079,0.41466800996254716,0.024081336238909755,0.2242965217219428,0.07904963907068309,0.41466800996254716,0.10733134616479509,0.01619047619047619,0.12620754601529105,1.0,0.0,0.0,0.0,0.0,0.0,36.331331530299074,5.139656104125817,51.83733852652222,10.137000793265258,36.705578117245764,2.1261936610760745,40.87230402665747,31.882691072176524,-1.0,0.0,-1.0,-1.0,-1.0,0.0,-1.0,-1.0,20993.877065344885,22266.790494908364,141854.8583606678,2345.3657137860373,12515.5806747633,5860.633064696907,25725.04282892545,2348.1412699691587,0.0,0.0,0,0,0.0,0.0,0,0,10.971313008636026,4.161314979442176,26.21391060561672,6.87913475393034,8.811843570018334,1.2753536611025331,10.793456113407805,6.947616352530533,-548.5656504318013,680004,174000,3480,25.095392047085625,13.6484198390026,12.49731788898498,51.241129775073205,11399.341667491506,173
9.222179,7.336357,585.19666,-587.89294,389.52127,-24.638433,-1145.5748,-588.03955,389.66092,-25.055767,-1145.6199,-587.798,390.5018,-24.373018,-1146.2644,9.22218,23.746996,186.1649,3.8378872e-05,7.336358,20.496695,184.0126,1.3861805e-05,0.3217868,0.7420854,1.0,-1.0,-10.743828014843238,4.276333942248838,-7.0357829013337625,-26.149139320075793,-537.1914007421619,30.53976417756774,-499.11087139168546,-627.7115929843761,0.24564025,0.64600426,1.0,-1.0,20,-11.72051705407494,4.163574626186695,-7.501992114497169,-26.456353268373334,-586.025852703747,32.103215962195506,-515.8848102872334,-638.6908998214064,0.2252554088418944,0.6751676969374819,1.0,-1.0,0.25619819876315264,0.08384232689121332,0.3935219101133145,0.05934175047848644,0.28173918973994644,0.07733144224614363,0.3935219101133145,0.15674542726242832,0.3842235506144728,0.1351957027033134,0.630964310749668,0.06777508831533505,0.42892561030247983,0.12866893738885715,0.630964310749668,0.20991702346596572,0.25619819876315264,0.08384232689121332,0.3935219101133145,0.05934175047848644,0.28173918973994644,0.07733144224614363,0.3935219101133145,0.15674542726242832,0.0019047619047619048,0.04360199292289371,1.0,0.0,0.0,0.0,0.0,0.0,39.536961574496154,5.522378434059884,56.951128471853906,15.87908898923448,39.26275222497104,3.2881256682705104,45.75563782667441,32.96591624673775,-1.0,0.0,-1.0,-1.0,-1.0,0.0,-1.0,-1.0,22854.206767794618,21889.7817648112,143187.77840096224,5549.766412537604,14511.338101127962,4825.69436754748,28452.616205864222,5567.896389147115,0.0,0.0,0,0,0.0,0.0,0,0,10.743828014843238,4.276333942248838,26.14913932007579,7.0357829013337625,8.46852736483893,0.877677792901939,10.798037553268989,7.0596063164862235,-537.1914007421619,684004,175000,3500,27.26430251288548,12.58434313700127,12.502117922020261,52.35076357190701,11453.807441737408,174
5.0807505,3.5157592,574.6354,-576.95386,400.39862,-24.716782,-1111.097,-577.13525,400.71085,-23.988266,-1111.0369,-576.6897,400.18845,-24.73514,-1110.7225,5.080751,20.946896,167.87517,2.8848648e-05,3.5157592,11.3223095,117.82928,0.0002837777,0.20779364,0.75883245,1.0,-1.0,-11.14614653526371,4.301348110109166,-6.900796410591992,-26.284468850601556,-557.3073267631855,44.646084809012756,-481.15593957182955,-637.6249134782832,0.2540643,0.61115533,1.0,-1.0,20,-11.965441476595725,4.109804606039081,-7.097049091760019,-25.970091134470632,-598.2720738297861,39.659505476803815,-498.9563963836211,-652.1849791718648,0.2533394301988533,0.6992333221750561,1.0,-1.0,0.23720094288291238,0.0880843613312133,0.44330355436838015,0.018603949415383868,0.2621756395616268,0.08250592962923144,0.44330355436838015,0.14487922781256396,0.3612381873768623,0.14384847407039375,0.7272806655319741,0.02125944096376106,0.4064519889578729,0.13638989107570657,0.7272806655319741,0.19147243875590714,0.23720094288291238,0.0880843613312133,0.44330355436838015,0.018603949415383868,0.2621756395616268,0.08250592962923144,0.44330355436838015,0.14487922781256396,0.010476190476190476,0.10181571543380252,1.0,0.0,0.0,0.0,0.0,0.0,37.80384495900277,5.771411556650018,53.33808369847865,12.34683820607703,37.60670709905259,2.9472745338149617,41.31043380988559,30.6367578940079,-1.0,0.0,-1.0,-1.0,-1.0,0.0,-1.0,-1.0,23469.652641067183,22752.84086684268,147830.89654363092,6707.028441088159,14598.864905348832,5048.072340065284,31846.095623127974,7978.618344902194,0.0,0.0,0,0,0.0,0.0,0,0,11.14614653526371,4.301348110109166,26.284468850601556,6.900796410591991,8.829646365943923,1.0761152152932605,10.476193919002842,7.0255978092398115,-557.3073267631855,688004,176000,3520,28.171467432890495,14.708721260998573,12.881392026945832,55.7615807208349,11509.042023024245,175
5.8680654,5.439294,590.3248,-591.21014,412.08508,-26.21245,-1084.3562,-591.27185,412.15265,-26.005932,-1085.2262,-591.684,413.26016,-25.86196,-1085.7208,5.868066,13.527095,116.90422,0.0007146746,5.4392943,8.84503,54.82271,0.00023657084,0.26190677,0.74739707,1.0,-1.0,-10.533955113355823,4.252123007632985,-5.706410642701804,-26.747046283093972,-526.6977556677912,32.41363203400524,-444.9344897254042,-595.4606626612746,0.24620202,0.6240143,1.0,-1.0,20,-11.670863136912168,4.4801350053325155,-7.398514013285698,-26.286009672556364,-583.5431568456082,38.03832067443352,-523.0981099081712,-680.8659994951549,0.2952769456302298,0.6693454108453109,1.0,-1.0,0.22364686973689168,0.09886291605802941,0.407585381924189,0.010768603761761718,0.24532512319675268,0.09742378475785181,0.407585381924189,0.05157271785464215,0.32503785733336765,0.14507255885140685,0.582125367470175,0.016146294750354062,0.3578362032922502,0.1420742431707642,0.5799932089514515,0.07804918331341137,0.22364686973689168,0.09886291605802941,0.407585381924189,0.010768603761761718,0.24532512319675268,0.09742378475785181,0.407585381924189,0.05157271785464215,0.05047619047619047,0.21892543175977025,1.0,0.0,0.047619047619047616,0.21295885499997996,1.0,0.0,36.33527434598067,5.967709700065734,53.77378593539283,9.642375716487136,36.22369191991774,3.656916320301749,41.46703326903593,26.031047029612562,-0.9990476190476191,0.030845970934669797,0.0,-1.0,-1.0,0.0,-1.0,-1.0,21289.8051921015,21898.17424614594,146871.529728771,5983.62436543137,12693.595188858279,4120.514713797174,21935.98981287622,7345.613872108751,0.0,0.0,0,0,0.0,0.0,0,0,10.533955113355823,4.252123007632985,26.747046283093972,5.706410642701804,8.275985784395536,0.9713820256727086,10.090129268268795,5.762510740226409,-526.6977556677912,692004,177000,3540,22.39541007216758,14.172322626000096,12.00999315608351,48.577725854251185,11560.57393216552,176
7.0054507,5.4746456,582.41064,-584.7838,392.50626,-22.699963,-1192.601,-585.19763,392.45102,-22.99107,-1189.9869,-584.0104,391.89304,-22.586464,-1189.4319,7.0054507,19.953302,205.29955,0.0007081628,5.4746456,8.429366,41.943886,0.0001180321,0.32281503,0.7515683,1.0,-1.0,-10.883949113926693,4.171390621718775,-7.492302218962774,-25.405041913247015,-544.1974556963347,34.09151744486415,-497.1890134387544,-605.5592506757092,0.24035807,0.6997287,1.0,-1.0,20,-11.717831085711168,4.527929398194196,-6.656790961320873,-27.25233572351291,-585.8915542855583,47.94132426086112,-530.1073130233103,-683.3180812287698,0.2533346435579542,0.6754354385256182,1.0,-1.0,0.26224465302352157,0.10636347218898941,0.5016532814557614,0.0209635058336207,0.29135500094474465,0.10026736683053523,0.5016532814557614,0.1132729502433266,0.39743746687422266,0.1685183013982619,0.8350979588044576,0.03198112899188457,0.4477560543641911,0.15834518789340463,0.8350979588044576,0.14595833439467037,0.26224465302352157,0.10636347218898941,0.5016532814557614,0.0209635058336207,0.29135500094474465,0.10026736683053523,0.5016532814557614,0.1132729502433266,0.01619047619047619,0.12620754601529108,1.0,0.0,0.0,0.0,0.0,0.0,37.787816449330755,5.39704861454074,55.88622745426272,10.693011008554407,37.425922220069445,3.155822150544791,44.50440530445574,32.56423032256936,-1.0,0.0,-1.0,-1.0,-1.0,0.0,-1.0,-1.0,21484.587283190922,21828.48544427373,139721.17586918504,4947.453447241204,13061.274328197702,3964.6994362611304,20243.968069961065,5641.228245266458,0.0,0.0,0,0,0.0,0.0,0,0,10.883949113926693,4.171390621718775,25.405041913247018,7.492302218962774,8.662848236538316,0.9547551240840813,10.272278075152874,7.523113822106353,-544.1974556963347,696004,178000,3560,27.800847535967478,17.128179187006026,12.42141877298127,57.35044549595477,11616.590324196462,177
3.082965,4.9638376,578.20514,-580.5054,417.8832,-23.180014,-1282.1769,-580.37885,417.6769,-23.232576,-1280.9113,-580.0504,417.5178,-22.866436,-1280.1145,3.082965,7.8423557,82.12642,0.00014020503,4.9638376,16.932423,150.90744,0.00035010488,0.35232207,0.7702443,1.0,-1.0,-10.839484936390976,4.196641558738592,-6.8905005266540025,-26.504007505881262,-541.9742468195487,29.760021170091356,-480.4832027134894,-587.2205803259045,0.24682757,0.6281783,1.0,-1.0,20,-11.50404205387008,4.33882112001822,-6.385748311366515,-25.672432600856936,-575.2021026935041,39.001123741146124,-490.0846331499594,-630.154654205397,0.26409336447948595,0.6697927937385462,1.0,-1.0,0.2495837941663752,0.08593593780570198,0.40584268926216865,0.04354348453256018,0.27448395171853435,0.0819449380973969,0.4028830066877431,0.13784693102411227,0.37752541634739956,0.13641025652950814,0.6717869957762113,0.06735331704652142,0.4211194794198203,0.13101291651125824,0.6713134376361864,0.20673503466884346,0.2495837941663752,0.08593593780570198,0.40584268926216865,0.04354348453256018,0.27448395171853435,0.0819449380973969,0.4028830066877431,0.13784693102411227,0.0038095238095238095,0.06160366334779514,1.0,0.0,0.0,0.0,0.0,0.0,39.287312292376,5.600322384524031,57.121626645960525,12.735584382871524,38.8588365486723,3.1783252790660703,45.8986810229476,34.90138333957213,-1.0,0.0,-1.0,-1.0,-1.0,0.0,-1.0,-1.0,23312.224874758747,21799.541973783933,145467.72692170128,5402.694057947097,15460.923146799185,5691.448745932045,29794.04250363101,7458.0577750144,0.0,0.0,0,0,0.0,0.0,0,0,10.839484936390976,4.196641558738592,26.504007505881262,6.8905005266540025,8.646397321222452,0.8617313140111362,10.77103706588039,6.987531643379434,-541.9742468195487,700004,179000,3580,27.14024461698864,15.822833243000787,12.617667798935145,55.58074565892457,11674.556332855398,178
3.8668628,3.653361,581.0604,-581.7505,403.40048,-26.420353,-1215.9677,-581.8302,403.12704,-26.351871,-1211.9177,-581.5869,403.05545,-27.405449,-1213.7811,3.8668628,9.475024,82.05315,0.000386253,3.6533613,9.466405,94.935196,5.9604645e-06,0.27658316,0.76079404,1.0,-1.0,-10.756587647347711,4.278592416433907,-6.831268525209282,-26.333360507646717,-537.8293823673855,38.417514812032145,-466.3973750686281,-617.2536002701112,0.31629643,0.6422691,1.0,-1.0,20,-12.045840612945415,4.684389936649306,-7.029763131332984,-26.057232410628643,-602.2920306472707,48.455362045858365,-512.1020196560912,-704.5541114445547,0.25107884748550996,0.6529394082850033,1.0,-1.0,0.26726274031030034,0.08709851033990844,0.4381231427353905,0.05077090747080582,0.2960013586574839,0.07847584490357258,0.4381231427353905,0.10802745639820174,0.4086254552358856,0.1457556818403691,0.7315053025697993,0.07204241983600507,0.46116196468806897,0.13142578084952306,0.7315053025697993,0.1797256928517391,0.26726274031030034,0.08709851033990844,0.4381231427353905,0.05077090747080582,0.2960013586574839,0.07847584490357258,0.4381231427353905,0.10802745639820174,0.0038095238095238095,0.06160366334779514,1.0,0.0,0.0,0.0,0.0,0.0,39.14385023807156,5.808294350745075,56.39266723704793,17.58000988068108,38.59368483978009,3.2915364312621884,44.955119487841316,31.527334094065356,-1.0,0.0,-1.0,-1.0,-1.0,0.0,-1.0,-1.0,22701.153204762246,21755.798654971248,141892.72938715387,6606.9267351487415,14474.012510466971,4970.835982645817,23310.777276529472,7043.740585490703,0.0,0.0,0,0,0.0,0.0,0,0,10.756587647347711,4.278592416433907,26.333360507646717,6.831268525209282,8.425533515346986,0.9460917870698619,10.641754309196243,6.878982146573961,-537.8293823673855,704004,180000,3600,23.460738915164256,18.201630267998553,12.340248333923228,54.00261751708604,11721.72205077349,179
3.2939072,3.5868387,575.9121,-577.4582,411.0933,-24.632288,-1247.2676,-578.0133,411.22366,-25.01956,-1249.5115,-577.7054,411.34097,-24.223534,-1247.0034,3.2939072,7.812197,67.210175,0.0016623139,3.5868387,7.9686365,69.55401,0.0019906498,0.37190723,0.74580747,1.0,-1.0,-10.850709492751138,4.194947246533073,-6.408776054569489,-26.29276671723533,-542.535474637557,44.400024317378865,-445.0691439967803,-609.2936986678704,0.276981,0.7314127,1.0,-1.0,20,-11.960920478654508,4.379223396659922,-7.394108597254127,-27.842363658726825,-598.0460239327253,44.62017379187841,-511.7321439764039,-692.3069795783246,0.26994958085171983,0.6800361976280944,1.0,-1.0,0.24083510859292173,0.10889367487182636,0.4494028858149936,0.035609649249310246,0.2585480441535655,0.11234615326789468,0.4453094735695981,0.04009828915778985,0.35798358768502947,0.16851089509591063,0.739776435193057,0.05030416921716628,0.3850892739945914,0.17592193061014577,0.7246219430255092,0.06625683602353974,0.24083510859292173,0.10889367487182636,0.4494028858149936,0.035609649249310246,0.2585480441535655,0.11234615326789468,0.4453094735695981,0.04009828915778985,0.040952380952380955,0.19817992695203016,1.0,0.0,0.047619047619047616,0.21295885499998,1.0,0.0,36.78478120372686,6.244503957743423,53.81041205921317,12.304334498187663,36.2380981237287,4.841811943260046,41.66363283072655,23.0976996546165,-1.0,0.0,-1.0,-1.0,-1.0,0.0,-1.0,-1.0,21853.182531008842,22206.84799978397,164118.71474285077,6369.615931782891,13385.239783965288,4174.85215989431,22670.653181589885,6422.095318729444,0.0,0.0,0,0,0.0,0.0,0,0,10.850709492751138,4.194947246533073,26.29276671723533,6.408776054569489,8.639806915805483,1.0276653531235262,10.022471164782008,6.430255918980935,-542.535474637557,708004,181000,3620,21.618262167015928,11.357369466000819,12.169975156029977,45.145606789046724,11771.08371079553,180
6.648126,6.717552,583.90686,-586.056,408.1194,-23.7668,-1161.621,-586.44684,408.2261,-23.86906,-1163.4608,-586.6914,409.1185,-23.973133,-1162.9678,6.6481266,19.21103,182.62262,1.3861805e-05,6.717552,17.914366,141.57281,0.00031981245,0.37224522,0.73100835,1.0,-1.0,-10.898695550493473,4.219284080412685,-6.947121183084309,-27.770553876959735,-544.9347775246736,33.042955069464625,-496.32593166790747,-616.2249419282192,0.21414158,0.74527997,1.0,-1.0,20,-11.56738747536747,4.406818768784991,-5.847976538093616,-26.26753290466453,-578.3693737683735,50.662544302039315,-462.6692464869484,-672.5944092979184,0.2424964309009333,0.6935992493288607,1.0,-1.0,0.22401455278538002,0.09499633974573043,0.4092912619903806,0.01939030633435531,0.24257411501624604,0.09447609603663396,0.3989648590392776,0.037263168488145454,0.3388907353647032,0.146951640500708,0.637677293632405,0.02575080926513737,0.37045089877404286,0.14764526719564933,0.61923130307449,0.06368509151243948,0.22401455278538002,0.09499633974573043,0.4092912619903806,0.01939030633435531,0.24257411501624604,0.09447609603663396,0.3989648590392776,0.037263168488145454,0.04857142857142857,0.21497033492544776,1.0,0.0,0.047619047619047616,0.21295885499997996,1.0,0.0,37.949645067228914,5.99368363672178,56.592547088864826,10.767198539931748,37.758502918065446,4.555911538278203,45.392599328720564,21.411760396465844,-1.0,0.0,-1.0,-1.0,-1.0,0.0,-1.0,-1.0,22021.626064971842,22431.695631597107,158751.4788740678,3047.8111802509993,13720.404433876012,4982.808580427056,23606.563725845794,3418.612606745883,0.0,0.0,0,0,0.0,0.0,0,0,10.898695550493473,4.219284080412685,27.770553876959735,6.947121183084309,8.644031800505557,0.8217002717697913,10.079043664091314,7.024724559341716,-544.9347775246736,712004,182000,3640,23.75138074708957,15.575404495997645,12.22760388594179,51.554389129029005,11822.33346798156,181
9.225707,6.8648214,598.23596,-600.2201,405.7034,-26.683699,-1207.7739,-600.5449,405.60495,-26.503567,-1211.3795,-600.8955,405.25925,-27.092758,-1205.2284,9.225707,41.18435,379.54633,0.00022727624,6.8648214,23.686287,197.32756,1.3448298e-06,0.26399797,0.7985378,1.0,-1.0,-11.01991374050439,4.1007226496413995,-6.800365541698315,-26.33891557361817,-550.9956870252196,31.08235726372934,-478.64975982574185,-602.6501930342723,0.32288575,0.63716084,1.0,-1.0,20,-12.01062913724799,4.472540271262385,-6.817522739102238,-26.681327964669904,-600.5314568623996,46.986356165282885,-513.7005787596455,-707.5699605581995,0.25402775330968097,0.7118362849647639,1.0,-1.0,0.2348864791100295,0.09024772308685207,0.41629205391429375,0.019779846682704674,0.26004726732310735,0.08696366064538316,0.4155464406043381,0.11453049767104774,0.3554923757444739,0.14353293809730985,0.689548119064807,0.029035229969642633,0.397485344733269,0.1393285764617081,0.6882987385807751,0.17596045486279976,0.2348864791100295,0.09024772308685207,0.41629205391429375,0.019779846682704674,0.26004726732310735,0.08696366064538316,0.4155464406043381,0.11453049767104774,0.011428571428571429,0.10629185850136157,1.0,0.0,0.0,0.0,0.0,0.0,37.33847932381619,5.669265500581507,52.99468740829121,5.719466344952962,37.23255225006225,2.5893703796003424,41.22751831060801,32.71460832482917,-0.9990476190476191,0.030845970934669793,0.0,-1.0,-1.0,0.0,-1.0,-1.0,23063.3731781363,21521.718875714625,145839.1844016653,5287.071650838411,15256.913465673962,5271.17557425816,25847.877106269672,5296.082143990834,0.0,0.0,0,0,0.0,0.0,0,0,11.01991374050439,4.1007226496413995,26.338915573618173,6.800365541698315,8.858333774990182,0.8564231082191637,10.239057559083683,6.862842192601532,-550.9956870252196,716004,183000,3660,28.74435789999552,15.27470362099848,13.028179555891256,57.04724107688526,11879.50287750845,182
6.3798375,5.645234,578.8256,-580.41003,389.93515,-24.034958,-1162.6467,-579.8484,389.7606,-23.797832,-1161.8771,-580.8163,390.1271,-23.681082,-1164.3882,6.3798366,22.76311,194.44621,2.6915222e-05,5.6452346,12.260857,103.51796,0.0006262213,0.38429633,0.72289807,1.0,-1.0,-11.05538367105292,4.096892062892023,-7.538049718041813,-26.682928299832053,-552.769183552646,34.47861952610199,-506.0118390237704,-624.0054186417519,0.26393455,0.68498814,1.0,-1.0,20,-11.72633485807691,4.1023641953069765,-7.152944611539766,-25.280548173066244,-586.3167429038457,37.77499065764906,-509.96402402376566,-648.5801838530174,0.2605452833943762,0.6955901741960182,1.0,-1.0,0.24129806567170395,0.08072692058383207,0.423795851006712,0.04448201369850054,0.26785355547273365,0.07101618036492657,0.41758245723717,0.12353487793579968,0.3632387138980876,0.13501995512693998,0.6627833015770653,0.05459174121669855,0.4070591171722883,0.12660117165303753,0.6545166785050871,0.1761739069169002,0.24129806567170395,0.08072692058383207,0.423795851006712,0.04448201369850054,0.26785355547273365,0.07101618036492657,0.41758245723717,0.12353487793579968,0.007619047619047619,0.08695399779438726,1.0,0.0,0.0,0.0,0.0,0.0,38.57978184255012,5.42028156104035,53.78175256424059,15.595168762636135,38.50040920465768,2.5897628013399503,43.85040926748344,34.21653844660465,-1.0,0.0,-1.0,-1.0,-1.0,0.0,-1.0,-1.0,24339.290953556414,21332.310496589864,144933.49179290657,6114.49056954275,16138.998120869268,4875.461353982718,23147.540022717167,6163.739983230638,0.0,0.0,0,0,0.0,0.0,0,0,11.05538367105292,4.096892062892023,26.682928299832053,7.538049718041813,8.818257123002322,0.8071846517865633,10.516157139445061,7.597655004419409,-552.769183552646,720004,184000,3680,25.12843580306071,15.385948235001706,12.981113107947749,53.495497146010166,11935.263271967473,183
5.6612916,5.8366404,581.7307,-582.61237,409.94327,-25.359955,-1256.3683,-582.52295,410.12973,-25.099451,-1256.0435,-583.5542,409.90826,-25.121187,-1256.0852,5.6612916,16.72453,153.64445,8.720532e-05,5.8366404,18.127754,160.52654,0.00018525496,0.35498342,0.7316477,1.0,-1.0,-10.85998174995581,4.211615566069683,-6.741079480302596,-28.07040330967326,-542.9990874977906,41.51758840665696,-478.71864255642646,-653.8454365223273,0.25051013,0.68808216,1.0,-1.0,20,-11.957024562110686,4.309601899842798,-6.664763492710462,-26.55616175800738,-597.8512281055343,40.25509678099616,-514.7285054170297,-684.2608753626849,0.2771227991479594,0.7044379866245722,1.0,-1.0,0.25652188539589243,0.08760102341040651,0.4277291925924885,0.013581746489747427,0.284239944252779,0.07923634642921507,0.4277291925924885,0.1294993804407728,0.38972471065027126,0.13947854848286217,0.7047098372345066,0.01705304214109704,0.43849386989504946,0.12588758550578358,0.691259186573727,0.210816762586549,0.25652188539589243,0.08760102341040651,0.4277291925924885,0.013581746489747427,0.284239944252779,0.07923634642921507,0.4277291925924885,0.1294993804407728,0.004761904761904762,0.06884205854667123,1.0,0.0,0.0,0.0,0.0,0.0,38.988974006626535,5.899659795001995,57.11937626536421,10.37403896041326,38.927711606843786,2.924799437517013,45.62485562695396,34.82176797346962,-1.0,0.0,-1.0,-1.0,-1.0,0.0,-1.0,-1.0,24493.46766188073,21013.028589167036,162055.21877660474,7142.8789438464655,16579.22633050255,4392.183044070681,29669.15952028441,9780.665271875498,0.0,0.0,0,0,0.0,0.0,0,0,10.85998174995581,4.211615566069683,28.070403309673257,6.741079480302596,8.618065356422248,1.015035170030063,11.492408891800773,6.925912984510957,-542.9990874977906,724004,185000,3700,27.986876126989955,17.665670465001313,13.268207894929219,58.92075448692049,11994.915673603398,184
3.6563094,3.9248004,581.3549,-582.40063,415.6425,-25.323374,-1168.0896,-582.391,415.79855,-25.183767,-1164.4032,-582.9341,416.16916,-25.200283,-1169.553,3.6563094,7.0048676,51.113247,0.0033479333,3.9248,9.873544,88.87067,0.0002727694,0.21782903,0.7895415,1.0,-1.0,-11.048402448306952,3.819962402783284,-7.908337062816078,-25.707351100900247,-552.4201224153477,28.61884270720792,-509.16828948010186,-605.6179556936887,0.26170775,0.7286685,1.0,-1.0,20,-11.677220400350219,4.398653913769561,-6.971320109122372,-28.051302858820986,-583.8610200175107,38.32964461835154,-521.5687935473107,-690.0315856611994,0.2546953538051689,0.6866821155460646,1.0,-1.0,0.23581546841629666,0.09675644006957884,0.48404546795299824,0.03057446848369143,0.2608144750454025,0.09420320651989718,0.48404546795299824,0.10806860761794043,0.35975203194485517,0.15812264419571376,0.794242411862953,0.04661515055784318,0.4032187554666755,0.15628298687690684,0.794242411862953,0.16782229480390273,0.23581546841629666,0.09675644006957884,0.48404546795299824,0.03057446848369143,0.2608144750454025,0.09420320651989718,0.48404546795299824,0.10806860761794043,0.009523809523809525,0.09712418121129116,1.0,0.0,0.0,0.0,0.0,0.0,38.25806606542473,5.599811697615744,54.7856710991612,13.153526943356155,38.49220795003951,2.9249354572314337,43.65363690895297,34.21606809158276,-1.0,0.0,-1.0,-1.0,-1.0,0.0,-1.0,-1.0,23330.339616679456,20418.39867432635,139828.43693339507,5357.613297991661,15646.992006227347,5718.277408074427,27116.073457540857,8488.57672493669,0.0,0.0,0,0,0.0,0.0,0,0,11.048402448306954,3.819962402783284,25.707351100900247,7.908337062816077,8.96851211896122,0.7171525360226408,10.501827018215106,7.95936157744415,-552.4201224153477,728004,186000,3720,34.15955603199109,18.37511379300122,15.15517540901783,67.68984523401014,12061.691762242408,185
3.389115,3.4833994,567.05347,-569.1939,417.09708,-25.163816,-1231.628,-569.39923,416.83298,-25.5538,-1231.3328,-568.814,416.75702,-25.227745,-1229.3146,3.3891153,9.623401,82.30877,8.583069e-06,3.4833994,12.151503,116.91742,0.0001754202,0.26454595,0.72804856,1.0,-1.0,-10.60773733584028,4.061694492500356,-6.9291437273003185,-26.200920653464316,-530.386866792014,30.433747962786565,-484.12782224140597,-593.7002699498878,0.33014223,0.6596547,1.0,-1.0,20,-12.031192013818508,4.379991261485155,-6.3942247914944605,-26.158611919027138,-601.5596006909255,49.57673187512834,-469.3755838173125,-682.0180121844188,0.2495851095158718,0.6938182851475658,1.0,-1.0,0.2698849072399945,0.11183557712225344,0.4457408248207377,0.032898196153481295,0.2973407868873143,0.10930331375591885,0.4457408248207377,0.10376425885476369,0.4070441555117232,0.18467437907042922,0.7573400690726694,0.045996619862414184,0.45378660193238385,0.18439683419883177,0.7573400690726694,0.13535729581633424,0.2698849072399945,0.11183557712225344,0.4457408248207377,0.032898196153481295,0.2973407868873143,0.10930331375591885,0.4457408248207377,0.10376425885476369,0.014285714285714285,0.11866605518454394,1.0,0.0,0.0,0.0,0.0,0.0,37.84165563963084,5.957721312582501,56.300634504398325,13.23668663698438,37.304377267328675,3.3574419419054147,45.03035278619536,31.248752808637786,-1.0,0.0,-1.0,-1.0,-1.0,0.0,-1.0,-1.0,20879.913991620706,20787.93080023245,144015.34801610134,7079.437751054842,12776.690380704187,3634.2234138775216,20930.833853766406,7132.233259493029,0.0,0.0,0,0,0.0,0.0,0,0,10.60773733584028,4.061694492500356,26.200920653464312,6.9291437273003185,8.439297299243085,0.8672137427511316,10.233233535630285,6.96607140168187,-530.386866792014,732004,187000,3740,40.99156569283514,17.475662803000887,18.58079866400658,77.0480271598426,12136.971783561254,186
4.932788,4.187851,584.01324,-584.9569,405.84332,-26.977196,-1186.749,-584.82544,405.7203,-26.934889,-1186.9033,-584.77545,405.4095,-26.38535,-1185.1855,4.932788,10.340761,78.435005,0.00034882128,4.187851,8.38019,45.672153,5.2753836e-05,0.3657817,0.69329673,1.0,-1.0,-11.112984742923205,4.051636504184763,-6.885143822764536,-25.70509317335336,-555.6492371461603,35.92989467251419,-485.34089177986976,-620.8877589580185,0.24396476,0.67416275,1.0,-1.0,20,-12.024021149727796,4.573448344659642,-6.22835131951492,-26.151813041660866,-601.2010574863899,55.157256917239486,-476.45632552174345,-696.2341565275725,0.2310817225389689,0.6672792002013853,1.0,-1.0,0.21966712717512807,0.088863897405299,0.4029969751143698,0.015950498311889657,0.24247158767984928,0.08777691865446688,0.3943524313482823,0.06852546819704561,0.3281780829063136,0.1408611168392153,0.6047165391253843,0.02416806340768246,0.367167912212628,0.14176091973922877,0.6047165391253843,0.08759849917291623,0.21966712717512807,0.088863897405299,0.4029969751143698,0.015950498311889657,0.24247158767984928,0.08777691865446688,0.3943524313482823,0.06852546819704561,0.022857142857142857,0.1494479637785374,1.0,0.0,0.0,0.0,0.0,0.0,38.16227989233926,6.815760204732552,57.36925164421799,13.382845211085263,37.72547610846218,4.727560204598978,46.221257827161644,26.621310331821768,-1.0,0.0,-1.0,-1.0,-1.0,0.0,-1.0,-1.0,23633.697947412555,20975.434617176084,139213.2831408915,6019.886053069919,15902.483066146084,4829.925813698372,27321.132234042587,6702.451715692382,0.0,0.0,0,0,0.0,0.0,0,0,11.112984742923205,4.051636504184763,25.70509317335336,6.885143822764536,8.974625621174363,0.9870466609354148,10.757735251045178,6.9085920629682205,-555.6492371461603,736004,188000,3760,45.70762926305906,15.714413592999335,20.476204077058355,81.89824693311675,12226.828530374369,187
9.079638,7.2587986,587.8859,-590.4497,403.70792,-27.052826,-1235.0107,-590.4793,403.60406,-27.559725,-1235.3271,-590.2114,404.06384,-26.704353,-1232.8567,9.079638,42.24424,443.91693,1.168251e-05,7.2587986,28.808342,296.66193,5.0777802e-05,0.22598626,0.7774382,1.0,-1.0,-10.830026731133518,4.326937543456469,-6.780243172445314,-27.246439838748014,-541.501336556676,38.53760754857069,-469.46743626397057,-597.0417729415691,0.26330334,0.64965326,1.0,-1.0,20,-11.774869961078071,4.382419865811209,-7.793200556458992,-26.731672650419338,-588.7434980539035,41.427453416128344,-536.7584673872278,-706.0630692219422,0.2577361706530692,0.695886455401262,1.0,-1.0,0.21634140576685904,0.09209604263480473,0.4012697159199528,0.02730186636708884,0.23969834515771646,0.09051036913212768,0.4012697159199528,0.06999190594601747,0.33033018253131025,0.1460026764167236,0.585412967245295,0.03749800968985329,0.3701317925753019,0.1442007086235435,0.585412967245295,0.12036092433007706,0.21634140576685904,0.09209604263480473,0.4012697159199528,0.02730186636708884,0.23969834515771646,0.09051036913212768,0.4012697159199528,0.06999190594601747,0.025714285714285714,0.15828158839388046,1.0,0.0,0.0,0.0,0.0,0.0,37.062436596576134,6.212178161133238,57.16141171821579,13.962293375149127,36.97490533134684,3.977003932905365,45.85683302353202,26.77292756002906,-1.0,0.0,-1.0,-1.0,-1.0,0.0,-1.0,-1.0,20366.548580919014,23378.40860291077,167964.55735920224,4689.903377608003,11379.347897802954,4827.395341220489,25774.050188269135,6093.845546496059,0.0,0.0,0,0,0.0,0.0,0,0,10.83002673113352,4.326937543456469,27.246439838748014,6.780243172445313,8.508727243576114,0.8502964017765473,9.775792187346738,6.932074421648442,-541.501336556676,740004,189000,3780,44.07343684299849,23.65632310300134,19.233817839849507,86.96357778584934,12307.638557719234,188
3.665824,5.0950356,579.99524,-581.8336,410.60654,-27.499128,-1132.0576,-581.8889,410.77008,-27.627329,-1134.5636,-581.6096,410.2412,-27.020702,-1133.1001,3.665824,10.255682,85.628006,0.005248266,5.0950356,18.037739,178.52182,1.1708602e-05,0.26694676,0.74687344,1.0,-1.0,-10.926889058297553,4.064723092475822,-7.132125481318816,-26.124417933043443,-546.3444529148777,37.69914317514836,-489.3957191987196,-617.1219785378574,0.2659742,0.72921723,1.0,-1.0,20,-11.72742620707575,4.219991904776179,-7.252584310354825,-26.17793315090439,-586.3713103537875,35.09575201818261,-530.9521551436682,-673.4234264447388,0.2367387429947813,0.6765629628619053,1.0,-1.0,0.22720573171168693,0.08372580269281378,0.4145528097459119,0.01933463841162418,0.25419628219005774,0.08128668985843815,0.4145528097459119,0.08284404263773142,0.341348998606036,0.13918460992321938,0.6911160027236893,0.03148061988379319,0.3887808681962466,0.14073195570436675,0.6911160027236893,0.11318952966814,0.22720573171168693,0.08372580269281378,0.4145528097459119,0.01933463841162418,0.25419628219005774,0.08128668985843815,0.4145528097459119,0.08284404263773142,0.012380952380952381,0.11057877011023848,1.0,0.0,0.0,0.0,0.0,0.0,38.44109849677491,6.52674141411426,57.376308294942824,11.088029158466021,38.471187804879335,4.721507569353099,46.15203599798105,22.333298559080504,-1.0,0.0,-1.0,-1.0,-1.0,0.0,-1.0,-1.0,22740.856455983405,21582.961458915768,144073.63774450595,4725.009287045204,14592.632431168342,6280.273578718154,28711.019696936117,5316.5141716431635,0.0,0.0,0,0,0.0,0.0,0,0,10.926889058297553,4.064723092475822,26.124417933043446,7.132125481318816,8.784890538791085,0.9519144613672796,10.648811114432613,7.314238657444081,-546.3444529148777,744004,190000,3800,47.17686421787221,17.512462350001442,21.553995403919544,86.2433219717932,12404.562312208036,189
6.059161,7.3030834,601.421,-602.2441,408.94644,-28.026466,-1211.2023,-601.8328,408.38748,-27.900879,-1211.4406,-602.70764,409.1412,-28.174257,-1212.3662,6.0591607,17.37049,121.28819,0.00057262555,7.303084,19.45795,156.68785,9.772779e-06,0.29089984,0.7859572,1.0,-1.0,-11.022763706943808,4.131586725508711,-6.95639984586271,-26.182126529899048,-551.1381853471903,36.55275927190458,-478.80679790459516,-634.0912803849974,0.30300686,0.69155717,1.0,-1.0,20,-11.83544140818503,4.472171138213811,-6.954883250133748,-26.540072487137422,-591.7720704092517,41.054084075658295,-539.270422299932,-670.394815322968,0.2625909946274824,0.6777298893702426,1.0,-1.0,0.23388724152877427,0.10858575545180824,0.48927681574876875,0.026992261752871706,0.25701286715469757,0.10705099075014021,0.48927681574876875,0.08182834533239086,0.34998416766997975,0.16175577220502202,0.8068432691368715,0.042952595197345456,0.3889091755661688,0.1592804794427994,0.8068432691368715,0.13238483275368768,0.23388724152877427,0.10858575545180824,0.48927681574876875,0.026992261752871706,0.25701286715469757,0.10705099075014021,0.48927681574876875,0.08182834533239086,0.01904761904761905,0.1366923818514983,1.0,0.0,0.0,0.0,0.0,0.0,37.78519059079134,5.5438715340999964,53.76993638835737,16.481033102745553,37.75158504680418,3.482127757929606,43.45874992474065,29.561503276572058,-1.0,0.0,-1.0,-1.0,-1.0,0.0,-1.0,-1.0,22768.5396927278,21428.74353304029,141454.53156657168,4541.838817819609,14853.064683426943,4594.16080530907,23231.700491847114,9107.70763087958,0.0,0.0,0,0,0.0,0.0,0,0,11.022763706943808,4.131586725508711,26.182126529899048,6.95639984586271,8.841975865659935,0.9400800403887449,11.430228583452989,7.2057027622490954,-551.1381853471903,748004,191000,3820,61.56493844206125,28.1753784859975,26.77022962724004,116.51054655529879,12524.787431052326,190
5.2682905,4.8841643,582.6654,-584.1732,411.4313,-29.550995,-1185.2456,-584.187,411.40945,-28.861547,-1183.3369,-584.37787,411.58557,-29.895641,-1182.9891,5.2682905,17.19186,167.22733,0.000101113925,4.884165,10.4524555,71.88833,3.6234414e-06,0.30920073,0.72491187,1.0,-1.0,-11.027292074053639,3.9441785576090793,-7.239815682624269,-25.616221252743387,-551.364603702682,26.018585316345188,-500.0539499613656,-588.0604696108901,0.24094358,0.7322335,1.0,-1.0,20,-11.591957462816005,4.240572780953217,-7.503948983012955,-25.643531042979866,-579.5978731408002,33.91081339178639,-502.7872163268314,-644.4557518719976,0.2842520083221898,0.6938961950509601,1.0,-1.0,0.25285049905766943,0.08277962690782088,0.42825547480207143,0.029511830692140913,0.2786835504281165,0.07778136805876838,0.42825547480207143,0.12610136282845064,0.3796593864171707,0.13026949169784907,0.6967798812504917,0.04135156540118595,0.4223313315004188,0.12382809671524907,0.6967798812504917,0.18323285056798133,0.25285049905766943,0.08277962690782088,0.42825547480207143,0.029511830692140913,0.2786835504281165,0.07778136805876838,0.42825547480207143,0.12610136282845064,0.009523809523809525,0.09712418121129116,1.0,0.0,0.0,0.0,0.0,0.0,39.92660640276694,5.7506608278985025,57.51204798306577,8.292043499055858,39.58507855176659,3.2676575375370085,46.30365366734056,33.67728565957159,-0.9990476190476191,0.030845970934669804,0.0,-1.0,-1.0,0.0,-1.0,-1.0,22711.52399813643,20587.18660662373,138146.17596047677,7037.4243739908425,14292.151936709648,3628.6694684436825,19779.505262655864,7064.70459082505,0.0,0.0,0,0,0.0,0.0,0,0,11.027292074053639,3.9441785576090793,25.616221252743387,7.239815682624269,8.890063190901143,0.7709930821226564,10.628668219182776,7.322887893452101,-551.364603702682,752004,192000,3840,59.40215697191161,31.900962360996346,26.226507993022096,117.52962732593005,12639.954561419247,191
3.2590895,3.2331078,575.0284,-576.01184,400.50043,-31.496256,-1158.4641,-575.643,400.5666,-31.249702,-1158.0576,-576.3789,401.34833,-31.226032,-1159.6533,3.2590897,4.780335,22.197102,0.0010685145,3.2331078,7.585935,68.71767,4.5076013e-07,0.35974026,0.7529793,1.0,-1.0,-10.940827636268622,4.203615012675832,-6.965046123215751,-26.739847977377156,-547.0413818134311,41.68299195389758,-485.65082201881245,-624.0907749970723,0.28131142,0.70160264,1.0,-1.0,20,-11.979085615070819,4.597103372279402,-6.756401305577422,-27.06655343377969,-598.9542807535408,51.81679568958573,-513.6866392909529,-742.1228585286502,0.22466591097554928,0.6934242004370937,1.0,-1.0,0.2345631413450837,0.08416009453107327,0.4122526913248783,0.027472532606828595,0.26055129050565823,0.07810887027511833,0.4122526913248783,0.10512131235080074,0.35918737034676146,0.13925709478490467,0.6643257240687479,0.03925507339666934,0.401570247830958,0.13332036187899624,0.6643257240687479,0.17739290569018717,0.2345631413450837,0.08416009453107327,0.4122526913248783,0.027472532606828595,0.26055129050565823,0.07810887027511833,0.4122526913248783,0.10512131235080074,0.014285714285714285,0.11866605518454394,1.0,0.0,0.0,0.0,0.0,0.0,38.548175887476624,6.076208346091908,55.30005169104194,11.829204244108197,38.37465785680899,3.635531653863281,43.87633542648607,30.119768103416966,-1.0,0.0,-1.0,-1.0,-1.0,0.0,-1.0,-1.0,23162.11564621262,21835.862689973113,153739.0970101014,3240.52191752385,14910.848699465278,4874.672827209054,23939.61810898223,7354.366065614621,0.0,0.0,0,0,0.0,0.0,0,0,10.940827636268622,4.203615012675832,26.739847977377156,6.9650461232157515,8.688132467016862,0.9993985553652646,10.887829689637861,7.084869567519427,-547.0413818134311,756004,193000,3860,61.06306522201339,29.550852662003308,27.19645777108235,117.81037565509905,12758.053086033367,192
11.430855,8.033331,573.3859,-576.6968,414.704,-27.447445,-1128.8405,-576.8272,414.92093,-27.006634,-1127.4335,-575.6241,414.525,-26.517927,-1127.5944,11.430853,77.232475,862.0948,0.000108612934,8.033331,37.91577,421.91327,6.079697e-05,0.26410368,0.7616782,1.0,-1.0,-10.768547883440627,4.213100542476849,-6.665477250168582,-26.027233285586256,-538.4273941720313,36.85953284402041,-469.1917640202358,-605.9049715781271,0.26997656,0.66523135,1.0,-1.0,20,-11.744952973027166,4.379699514766135,-6.825886486949892,-26.217088828133083,-587.2476486513583,53.31130441533383,-476.4561344264028,-676.1030397274192,0.2655084336170938,0.6814269355073058,1.0,-1.0,0.2556779143902443,0.11313526653890885,0.45608125817053685,0.018262919584326083,0.28162176882654844,0.11673102372884697,0.45608125817053685,0.03725454759004554,0.39468444858606483,0.1816887297214883,0.714449354676345,0.029831408272076476,0.44559112582774596,0.18639070167532507,0.714449354676345,0.06312165731429611,0.2556779143902443,0.11313526653890885,0.45608125817053685,0.018262919584326083,0.28162176882654844,0.11673102372884697,0.45608125817053685,0.03725454759004554,0.04285714285714286,0.2025349554108261,1.0,0.0,0.047619047619047616,0.21295885499998,1.0,0.0,38.20193898735785,6.563706819112017,56.357638130290375,8.16189607148595,37.33601478488658,5.190848205494648,44.87971963938333,21.318934731485804,-0.9990476190476191,0.030845970934669804,0.0,-1.0,-1.0,0.0,-1.0,-1.0,21890.06752575666,21550.20711514843,139994.61247830567,6367.052473284333,13795.797994990484,3715.179781007614,21572.887798320986,9064.326072886657,0.0,0.0,0,0,0.0,0.0,0,0,10.768547883440627,4.213100542476849,26.027233285586256,6.665477250168582,8.506822323815665,0.9550424706831705,10.105429532868422,6.705994565142254,-538.4273941720313,760004,194000,3880,59.8933736000472,29.817100493004546,26.814741134970973,116.52521522802272,12873.94453488339,193
4.9440317,4.0627904,595.79956,-597.3162,395.40884,-27.988022,-1135.1831,-597.56396,395.6842,-28.069271,-1135.5171,-597.43604,395.5664,-27.393513,-1136.3636,4.9440317,10.113395,66.39504,0.0004721284,4.0627904,10.03162,83.471825,2.3841858e-05,0.29829323,0.7601123,1.0,-1.0,-10.879025559208067,4.049179008688942,-6.235453100638168,-25.77381603550026,-543.9512779604032,31.462073969629408,-463.1411987378798,-598.5268333083292,0.29322627,0.7091218,1.0,-1.0,20,-11.635837312016006,4.358589093233767,-7.135666432703459,-25.722176925462158,-581.7918656008003,35.767652871402994,-502.03124839498827,-645.0374640253538,0.2600074243145642,0.6766880067548112,1.0,-1.0,0.2377156928408388,0.08530204603255014,0.4337725367236702,0.018810104194882434,0.2632501119487176,0.07537199909252132,0.4337725367236702,0.12851275586799848,0.3475886197499877,0.12711478242006924,0.6686640268266238,0.03159421274121166,0.38386833109198326,0.11566648811848439,0.6686640268266238,0.1852026263208834,0.2377156928408388,0.08530204603255014,0.4337725367236702,0.018810104194882434,0.2632501119487176,0.07537199909252132,0.4337725367236702,0.12851275586799848,0.018095238095238095,0.13329591311632455,1.0,0.0,0.0,0.0,0.0,0.0,38.05293261937728,6.10954817412377,55.92368639941227,10.225346379151443,38.14826899132636,3.66119501902209,44.28929727522678,28.799287124331144,-1.0,0.0,-1.0,-1.0,-1.0,0.0,-1.0,-1.0,23000.172355567636,20833.791698200952,138195.673315603,4704.326859388531,14948.422667531915,3940.344686319775,21539.404282377433,8298.410735198744,0.0,0.0,0,0,0.0,0.0,0,0,10.879025559208067,4.049179008688942,25.773816035500264,6.235453100638167,8.737878825506982,0.8960010922375868,10.365714530265066,6.37580264519563,-543.9512779604032,764004,195000,3900,61.14143133506877,29.191829552000854,26.629749555169838,116.96301044223947,12990.136646720624,194
5.059255,4.18396,579.918,-581.89935,398.24585,-28.954075,-1174.7461,-582.0762,398.4456,-28.972673,-1175.6095,-581.85266,398.4352,-28.57565,-1174.6931,5.059255,13.4848585,88.9052,7.301569e-05,4.1839595,9.21656,49.76259,9.299815e-05,0.33408532,0.7510299,1.0,-1.0,-11.19171631613461,4.020778174643317,-7.182951384856783,-26.295426472428563,-559.5858158067305,36.363917054799444,-498.3177755215965,-661.8541873040173,0.24697204,0.7466523,1.0,-1.0,20,-11.991820800386895,4.56698736314281,-7.5514375856669895,-30.616952044123863,-599.5910400193447,56.087856149702816,-521.190974049769,-753.7739862840376,0.21961476085289164,0.6884639865060752,1.0,-1.0,0.2343477584571377,0.10968002936794843,0.49400874556033747,0.023904960308921207,0.25628629538190284,0.11338408793173091,0.49400874556033747,0.08605747893659908,0.3477113449482393,0.17790881818790644,0.816031152610663,0.03240925286410609,0.3838124043652024,0.18748127288723243,0.816031152610663,0.12496742188284413,0.2343477584571377,0.10968002936794843,0.49400874556033747,0.023904960308921207,0.25628629538190284,0.11338408793173091,0.49400874556033747,0.08605747893659908,0.014285714285714285,0.11866605518454394,1.0,0.0,0.0,0.0,0.0,0.0,36.66657146612368,5.432114355542136,53.203530768873875,15.64606119970694,36.346586371660386,3.3193058698299147,40.98303059336493,27.926670056111494,-1.0,0.0,-1.0,-1.0,-1.0,0.0,-1.0,-1.0,23358.69289269572,21176.31302145063,144212.2608384385,6585.7636996699885,15526.172363272577,4533.411394128416,26735.06449835427,6612.208221546917,0.0,0.0,0,0,0.0,0.0,0,0,11.19171631613461,4.020778174643317,26.295426472428563,7.182951384856783,9.060972479051802,0.9687488882191816,11.648715225294568,7.292273452525559,-559.5858158067305,768004,196000,3920,62.82545212694822,28.42976814600115,27.29898120197322,118.55420147492259,13111.252537894521,195
2.9139562,4.0492287,584.9748,-586.5653,407.8561,-25.604828,-1179.2871,-586.9717,408.3682,-25.311031,-1180.8757,-586.73126,408.48715,-25.227657,-1180.687,2.9139562,5.009025,29.308437,2.2133463e-06,4.049228,9.039555,56.243362,3.4332275e-05,0.2948514,0.7720703,1.0,-1.0,-11.12101678544007,4.0545594787398835,-7.426692160283934,-26.63985725014099,-556.0508392720034,29.638870601622703,-505.2211199021102,-618.0672317552322,0.3245866,0.69125825,1.0,-1.0,20,-12.178166019808243,4.606774884996445,-7.08857427843707,-29.17810729587491,-608.9083009904122,49.816440590495375,-548.869452958427,-750.415842827726,0.22437535673627496,0.695757601984457,1.0,-1.0,0.22969502154801527,0.10587507303825883,0.42662930596015103,0.029157202710445886,0.25034684483477393,0.1083537365771942,0.42662930596015103,0.07171446691687204,0.34102885976643893,0.15560852735763758,0.6778112286135582,0.04585537348394561,0.3772722081344944,0.15868785813213981,0.6767915470738435,0.10161950968264899,0.22969502154801527,0.10587507303825883,0.42662930596015103,0.029157202710445886,0.25034684483477393,0.1083537365771942,0.42662930596015103,0.07171446691687204,0.014285714285714285,0.11866605518454394,1.0,0.0,0.0,0.0,0.0,0.0,37.62296215563375,6.305199284736081,56.66090302461462,14.841348870427282,37.33158688826598,4.815326614927005,45.440216797193344,25.645640363724848,-1.0,0.0,-1.0,-1.0,-1.0,0.0,-1.0,-1.0,23546.409491540413,21347.169609817287,145383.43493820238,5042.890414623116,16146.543796797028,5337.174699798514,24601.657913423383,5116.330972715061,0.0,0.0,0,0,0.0,0.0,0,0,11.12101678544007,4.0545594787398835,26.639857250140995,7.426692160283934,8.971664784845078,0.8175179140829469,10.517957227922814,7.555865694735058,-556.0508392720034,772004,197000,3940,62.28175197492237,30.979751391001628,27.28540682192397,120.54691018784797,13231.12945821738,196
3.6209326,3.4701831,589.6885,-590.9129,395.4043,-26.58209,-1140.3787,-590.5741,395.43237,-26.483292,-1141.802,-591.0533,396.1226,-27.098064,-1145.4587,3.6209326,6.1427336,29.077925,0.00019744289,3.4701834,6.7195296,41.03965,0.00051777496,0.3692983,0.7658482,1.0,-1.0,-11.028375543902023,4.006277533197176,-7.283925888170269,-26.08516198634124,-551.4187771951011,35.267690126652155,-475.416661564094,-623.070158714327,0.21834436,0.76724327,1.0,-1.0,20,-11.843188171152745,4.470637995056907,-6.887356580074716,-26.74779267089567,-592.1594085576372,39.62057313580622,-511.7990037334756,-687.3990113156527,0.21188133875045434,0.7208344801489155,1.0,-1.0,0.2650523056374566,0.08594662261760515,0.4054980328913594,0.019584396701770212,0.2943891516457823,0.07572686349662315,0.4054980328913594,0.14078959277549927,0.4028574466553208,0.14019559660551256,0.6700077917333325,0.032475945277097004,0.4518314595059861,0.1279436183220544,0.6515360484805628,0.20178073689032006,0.2650523056374566,0.08594662261760515,0.4054980328913594,0.019584396701770212,0.2943891516457823,0.07572686349662315,0.4054980328913594,0.14078959277549927,0.010476190476190476,0.10181571543380252,1.0,0.0,0.0,0.0,0.0,0.0,39.12110481009605,5.837957085997345,55.27963765348274,11.060426111109976,38.50509838876709,2.967565277552728,43.46814925896892,30.77639688384371,-1.0,0.0,-1.0,-1.0,-1.0,0.0,-1.0,-1.0,24980.033575387788,20566.580370552783,143900.34456799363,5879.886659372423,17355.707774388353,5559.037086051145,30985.709307029338,7839.22227745751,0.0,0.0,0,0,0.0,0.0,0,0,11.028375543902023,4.006277533197176,26.085161986341237,7.283925888170269,8.837874340557862,0.8662798998083956,10.45324908766955,7.322399597843654,-551.4187771951011,776004,198000,3960,55.22105690283206,30.316855878998467,23.27916892580106,108.81708170763159,13334.546081161017,197
3.4518838,3.2739346,580.6958,-582.2601,406.41174,-26.541735,-1192.2557,-582.77856,406.7078,-26.47003,-1193.0992,-582.8303,406.5198,-26.661573,-1194.4299,3.4518838,6.4643054,41.715324,9.500422e-06,3.2739346,6.0386558,39.281578,7.212162e-06,0.27769932,0.7892559,1.0,-1.0,-10.812609137676308,4.237749465526576,-6.745882730119323,-26.650550945748552,-540.6304568838153,29.985164568390026,-483.33946092313613,-591.3005860810505,0.24864188,0.68725985,1.0,-1.0,20,-11.76810525142536,4.442959197039704,-6.765854913843813,-27.192561222121203,-588.4052625712679,54.7317245496254,-502.71487674735334,-700.1603533344085,0.2408338820108135,0.694473812415157,1.0,-1.0,0.2518165255303058,0.09760790409318251,0.4182456972606736,0.023331293939546,0.2752162936398692,0.09255891949202667,0.41445473490958357,0.08258000281978951,0.367172915020451,0.14327698527703242,0.6604527263592931,0.03695285984292715,0.40300553487071555,0.1359556668545653,0.655677893566634,0.11689790525719049,0.2518165255303058,0.09760790409318251,0.4182456972606736,0.023331293939546,0.2752162936398692,0.09255891949202667,0.41445473490958357,0.08258000281978951,0.02095238095238095,0.14322492340653303,1.0,0.0,0.0,0.0,0.0,0.0,37.752706665377964,5.971543131634359,54.022644375706925,11.738029887348802,37.328246713062356,3.363176497614987,42.95151455822087,28.919268502753194,-1.0,0.0,-1.0,-1.0,-1.0,0.0,-1.0,-1.0,22352.559858666133,22413.627886890215,157821.55827880307,1217.27526594769,13743.137794437655,4977.595876310171,26773.644789181002,1263.8297243141035,0.0,0.0,0,0,0.0,0.0,0,0,10.812609137676308,4.237749465526576,26.65055094574855,6.745882730119323,8.499200881391047,0.8276464119427664,9.927956236365466,6.838751085906583,-540.6304568838153,780004,199000,3980,48.54813600302441,24.914375394997478,21.895711348835903,95.35822274685779,13428.18061122288,198
4.8697243,4.929788,567.6785,-569.5028,380.07352,-27.468052,-1130.1017,-569.84973,380.5692,-27.16554,-1131.1207,-569.97284,380.2968,-28.052656,-1133.3604,4.8697243,13.290413,87.41776,6.0085207e-05,4.9297886,12.582975,85.347534,2.7157366e-06,0.31528723,0.7437557,1.0,-1.0,-10.795487786564859,4.341364624730046,-6.634720389955653,-26.935533210006454,-539.7743893282429,46.16524822332542,-467.08969631172727,-661.6586437330745,0.25653914,0.686358,1.0,-1.0,20,-11.66073193005822,4.190006661139375,-7.6457372491827,-25.767916603488434,-583.036596502911,37.40184908555915,-533.5309296723237,-691.9630439623174,0.2435003544414445,0.6956047659288075,1.0,-1.0,0.25710803680982053,0.10113880320011218,0.44149211683579587,0.020590976444533553,0.28325891406229753,0.09555245716570666,0.440320961871924,0.11821887903439329,0.37989723664622316,0.1516542682568745,0.6812730076564649,0.025079977733119263,0.4225641158149217,0.14432733454431246,0.6798572223739967,0.1769668618316099,0.25710803680982053,0.10113880320011218,0.44149211683579587,0.020590976444533553,0.28325891406229753,0.09555245716570666,0.440320961871924,0.11821887903439329,0.013333333333333334,0.11469767022723504,1.0,0.0,0.0,0.0,0.0,0.0,37.95969437819725,5.20742866643509,54.493539822193064,17.37596036085862,37.558232660645025,2.564410141761819,42.52815572323271,33.29335942230001,-1.0,0.0,-1.0,-1.0,-1.0,0.0,-1.0,-1.0,21991.640153197688,22625.950805723962,155420.61702797597,4017.9292843438016,12996.95583125054,5316.6792578175855,24866.465844519505,4026.878522578898,0.0,0.0,0,0,0.0,0.0,0,0,10.795487786564859,4.341364624730046,26.935533210006454,6.634720389955653,8.473643166036927,1.1448244716078078,10.834115099549336,6.723230234955818,-539.7743893282429,784004,200000,4000,47.19168534488563,23.2244348680033,21.312519192011678,91.7286394049006,13522.759521547778,199
10.782138,9.74732,571.89307,-575.0227,399.0069,-27.236588,-1135.896,-575.17035,398.82547,-27.290035,-1136.1888,-574.23804,399.15762,-27.020947,-1145.3455,10.782138,40.56719,409.08545,0.0010053823,9.74732,27.927467,242.97757,8.5927604e-05,0.33290982,0.75886655,1.0,-1.0,-10.720245959947745,4.242960516980977,-6.940548544616119,-27.734624086954803,-536.0122979973872,32.44508397635149,-474.0584170667942,-601.5740068620157,0.28586566,0.63951206,1.0,-1.0,20,-11.667736809978832,4.164101240700207,-7.302553172940163,-25.928844906952506,-583.3868404989419,41.02929898512726,-512.1992386014206,-691.6374385341405,0.25777489860124153,0.7044198297981162,1.0,-1.0,0.23687049768718849,0.09114850054256464,0.4257580062473092,0.019255352523910658,0.26069675579607426,0.0860544755877892,0.4257580062473092,0.1314536683515713,0.3454470974906687,0.13989061848577486,0.6408336722843326,0.03241936585769105,0.38330073718881214,0.13717310053129755,0.6408336722843326,0.14949419574110942,0.23687049768718849,0.09114850054256464,0.4257580062473092,0.019255352523910658,0.26069675579607426,0.0860544755877892,0.4257580062473092,0.1314536683515713,0.011428571428571429,0.10629185850136157,1.0,0.0,0.0,0.0,0.0,0.0,37.42493688821845,5.586325308466897,54.48190638917236,11.607549678325496,37.2596571992383,2.9830659520694054,42.72900632527697,31.191422484415604,-1.0,0.0,-1.0,-1.0,-1.0,0.0,-1.0,-1.0,22748.084363920705,21906.00213518903,172603.23841446065,4296.0964659117835,14293.47560782041,5209.491012271515,28997.386095726164,7033.721529776937,0.0,0.0,0,0,0.0,0.0,0,0,10.720245959947745,4.242960516980977,27.734624086954803,6.940548544616119,8.377332871812738,0.7744398145944194,10.387637448357376,7.006192983301072,-536.0122979973872,788004,201000,4020,41.11572330604395,26.03426908700203,19.444749438771396,86.59474183181737,13600.864396752593,200
7.4389286,6.547753,584.20166,-584.78406,413.67804,-25.669563,-1232.763,-584.2677,413.55716,-25.045553,-1233.368,-584.9176,413.55008,-25.486404,-1233.891,7.438928,20.588839,178.29356,1.29677355e-05,6.5477524,17.056969,129.3934,3.017485e-07,0.29868683,0.7218398,1.0,-1.0,-11.135822745661564,4.090138715962224,-7.152796917486413,-26.07122291401865,-556.7911372830782,39.13335455207974,-484.91621928229347,-643.1624855961762,0.27368134,0.6846263,1.0,-1.0,20,-12.050782969092896,4.375739517821453,-7.503625434982992,-26.809281376859133,-602.5391484546448,41.581309428580745,-558.6966709302201,-735.2876477400653,0.2833938334068237,0.6684986969124058,1.0,-1.0,0.26531266145732796,0.10245574323938243,0.43918434813743534,0.008402133610835848,0.2926947332011671,0.09867708925140807,0.4343305591026651,0.09490173266601552,0.399252682603377,0.16030477780503888,0.6856054300829643,0.01453722213429362,0.44681801470646515,0.156742985839961,0.6799765091669774,0.13396050464752096,0.26531266145732796,0.10245574323938243,0.43918434813743534,0.008402133610835848,0.2926947332011671,0.09867708925140807,0.4343305591026651,0.09490173266601552,0.018095238095238095,0.13329591311632455,1.0,0.0,0.0,0.0,0.0,0.0,38.42716010860035,6.0775828576011905,56.36836622163146,9.57452245283926,37.68580427573619,3.786328220148964,45.01610169444602,27.908786730672514,-0.9980952380952381,0.04360199292289372,0.0,-1.0,-1.0,0.0,-1.0,-1.0,23387.22896317922,21700.033495043393,140600.13108195737,4141.796687276438,15471.242395231664,6531.427724693719,33141.78955170603,4141.796687276438,0.0,0.0,0,0,0.0,0.0,0,0,11.135822745661567,4.090138715962224,26.071222914018655,7.152796917486413,8.972939201122468,1.0222874781103668,11.068107252002228,7.220610154288088,-556.7911372830782,792004,202000,4040,28.767068576991733,17.565543973003514,14.013029258843744,60.34564180883899,13717.940367653435,201
6.499369,3.407771,578.3441,-581.1671,397.03204,-26.506203,-1122.1254,-580.69275,395.9775,-26.713978,-1119.4016,-580.0139,395.80325,-26.54081,-1116.9935,6.4993696,8.402126,39.58974,1.1591419e-05,3.4077709,6.8992176,63.37701,0.0003206316,0.22030139,0.7801366,1.0,-1.0,-11.282046760512516,4.066756953637422,-7.014375826977144,-25.65288588726357,-564.102338025626,42.457254264816356,-480.3605692966346,-651.5493007538673,0.2906066,0.6549556,1.0,-1.0,20,-11.601718821922011,4.37813715909953,-6.551822934846764,-25.752163879096592,-580.0859410961004,46.27655486343532,-499.0576711074987,-694.3186809899842,0.2565186088348828,0.6852327920641552,1.0,-1.0,0.24013849626986736,0.08803841139544143,0.45087903821231406,0.05487932874848207,0.2766885411630185,0.07311497429824418,0.44668451982947344,0.1264383238420858,0.37272747712583143,0.1429443040064085,0.7182393517108168,0.07490693201653267,0.43957697531180556,0.11839034466884077,0.7129011418632272,0.2068829050211695,0.24013849626986736,0.08803841139544143,0.45087903821231406,0.05487932874848207,0.2766885411630185,0.07311497429824418,0.44668451982947344,0.1264383238420858,0.0038095238095238095,0.06160366334779514,1.0,0.0,0.0,0.0,0.0,0.0,38.46384705849332,5.536827813845104,53.805671954606574,11.819784143265355,38.53204308206004,2.199529634979508,41.86460187827849,34.456874293561164,-1.0,0.0,-1.0,-1.0,-1.0,0.0,-1.0,-1.0,23908.782440192215,21507.957831769214,142009.00343880817,5143.359473089828,16573.887280223476,6555.801463646699,30927.18532732106,6272.964625228385,0.0,0.0,0,0,0.0,0.0,0,0,11.282046760512516,4.066756953637422,25.652885887263572,7.014375826977144,9.18954730843626,1.1986649267936638,11.357681306618504,7.0485887970236405,-564.102338025626,796004,203000,4060,30.027903094865906,15.229657242998655,14.045176966006693,59.302737303871254,13777.458590355309,202
3.5905445,2.7941477,563.34894,-566.0224,393.33743,-26.757206,-1133.1182,-566.2658,393.62762,-26.53616,-1132.9497,-565.733,393.24057,-26.567167,-1133.9022,3.5905447,7.962312,58.986507,2.7552247e-05,2.7941477,5.1594687,33.262142,0.00016762695,0.28994048,0.749612,1.0,-1.0,-10.68677834892415,4.247663675486325,-6.2877347804249855,-25.826332097692816,-534.3389174462076,38.91849489581487,-464.2794067068353,-614.9480008901545,0.27085212,0.7238054,1.0,-1.0,20,-11.459929197387238,4.572624916604218,-6.586366082506819,-26.72002369052937,-572.996459869362,51.83301455661473,-478.0887259365378,-671.2717057006315,0.24665971474514442,0.6658425179370032,1.0,-1.0,0.23867321904651795,0.09364918136230153,0.4430707698292936,0.04476313556815013,0.27033319338379974,0.0896372157224487,0.44043588253842925,0.09249977626025378,0.3642712609420028,0.15414717542288742,0.6960744092994176,0.06932322886421369,0.4195481249509762,0.1507696370624076,0.6928544074540792,0.15533880941215483,0.23867321904651795,0.09364918136230153,0.4430707698292936,0.04476313556815013,0.27033319338379974,0.0896372157224487,0.44043588253842925,0.09249977626025378,0.005714285714285714,0.07537660547584525,1.0,0.0,0.0,0.0,0.0,0.0,38.497876384023954,5.696063788141838,55.645024904448434,12.299906070789723,38.31856805209851,3.332691021860006,44.135477355518226,32.4177205303354,-1.0,0.0,-1.0,-1.0,-1.0,0.0,-1.0,-1.0,23044.256514942692,21792.468633636603,144216.50281552004,5794.419627123058,14835.56957627664,6174.2688457074855,29416.960649386758,6168.863870045121,0.0,0.0,0,0,0.0,0.0,0,0,10.68677834892415,4.247663675486324,25.826332097692816,6.2877347804249855,8.382361101099999,1.1010888848384472,10.196606366438239,6.388283541831785,-534.3389174462076,800004,204000,4080,32.66755185792135,15.473075788999267,14.24656972597586,62.38719737289648,13839.94388544219,203
5.0278654,3.9469767,584.2147,-586.5504,396.453,-27.686125,-1097.4894,-586.1173,396.02835,-27.743156,-1095.7202,-586.11743,395.9191,-27.986832,-1093.7861,5.0278654,15.113509,102.23649,9.0658665e-05,3.946977,10.868658,70.91102,3.084913e-05,0.27224576,0.7895875,1.0,-1.0,-10.773274117866691,4.220430779090813,-6.47697159100021,-26.72852222871909,-538.6637058933347,37.87151051918814,-468.6694305471362,-597.8460539186846,0.29247668,0.6402176,1.0,-1.0,20,-11.864518918509354,4.5568810283588475,-7.157417782357398,-27.169969251214827,-593.2259459254678,49.94834626592143,-521.083519308452,-723.7190912950609,0.2573132149207387,0.6687383748615126,1.0,-1.0,0.23972800190435142,0.07596850593013696,0.40066207810744253,0.042389464057665326,0.2660753733676418,0.06442034691823338,0.40066207810744253,0.15488972722792058,0.36053637928328813,0.11182360816172142,0.5797672959482347,0.0685694437942262,0.4044930842171149,0.08785598298154339,0.5373363545221238,0.2054131377237953,0.23972800190435142,0.07596850593013696,0.40066207810744253,0.042389464057665326,0.2660753733676418,0.06442034691823338,0.40066207810744253,0.15488972722792058,0.006666666666666667,0.08137703743822468,1.0,0.0,0.0,0.0,0.0,0.0,38.390389226499295,5.5494937565445,54.94050509729612,12.742181868491123,38.25735100389108,3.2642620705631833,43.28222431836661,29.050056892533597,-1.0,0.0,-1.0,-1.0,-1.0,0.0,-1.0,-1.0,22578.326859841884,21654.132356673665,146987.41068403263,6157.611665618665,14221.026468017537,4922.2488234490975,25069.200426077736,6294.678194449671,0.0,0.0,0,0,0.0,0.0,0,0,10.773274117866691,4.220430779090813,26.728522228719086,6.47697159100021,8.497458917387974,0.9949803186773811,10.137856708859784,6.62180141245826,-538.6637058933347,804004,205000,4100,27.32084115910402,15.55352232199948,13.412255227005517,56.28661870810902,13898.153304763291,204
4.708167,3.506247,567.7806,-569.1986,395.02774,-25.694536,-1080.1677,-569.5244,394.895,-25.335957,-1076.8849,-569.4391,395.00015,-25.140268,-1079.3203,4.7081666,21.684021,227.39035,4.2433385e-06,3.506247,11.82862,113.932884,3.3620745e-05,0.32900688,0.70934576,1.0,-1.0,-11.080152221101448,4.147133949651385,-7.20142357020266,-26.7567742148319,-554.0076110550723,43.250520597114765,-485.9718214019549,-669.8750598107845,0.28753543,0.6856816,1.0,-1.0,20,-11.472422636368014,4.314398228223776,-6.454985671183539,-26.158762025577975,-573.6211318184005,39.0072953788827,-489.49484627149394,-677.2076757968051,0.2404014642891486,0.6927347408299073,1.0,-1.0,0.21722809584604477,0.0963339989087892,0.425314232933561,0.023776372297957055,0.23996933208748364,0.09603171242602108,0.42488580162722406,0.08954524762097096,0.332570725265723,0.14793715889027842,0.6304651915716268,0.03275679528322445,0.3738204951180628,0.14754226115515356,0.6292904340578199,0.13922203486531842,0.21722809584604477,0.0963339989087892,0.425314232933561,0.023776372297957055,0.23996933208748364,0.09603171242602108,0.42488580162722406,0.08954524762097096,0.01619047619047619,0.12620754601529105,1.0,0.0,0.0,0.0,0.0,0.0,37.405589393028464,5.304604370308151,54.93521345927605,11.09265995871283,37.60753306573891,2.647623963331614,43.61287458630642,31.341197079425598,-1.0,0.0,-1.0,-1.0,-1.0,0.0,-1.0,-1.0,22686.22726227121,21961.590743661473,150571.3142240665,7098.267974399117,14209.099283348658,5404.422718585146,30346.863158840224,7462.164922825707,0.0,0.0,0,0,0.0,0.0,0,0,11.080152221101448,4.147133949651385,26.7567742148319,7.20142357020266,8.839835760054692,1.047230900168417,11.558353561615503,7.27229216387761,-554.0076110550723,808004,206000,4120,29.57337730598374,17.467172275995836,13.658999314218818,60.699548896198394,13959.932691789494,205
2.9013283,3.0841599,575.05566,-576.5039,408.76953,-26.489397,-1241.2797,-576.407,408.84793,-26.357971,-1239.7446,-577.0331,408.88812,-26.41527,-1241.253,2.901328,6.6742697,46.681236,0.0007081628,3.0841599,7.474512,58.607418,6.1992556e-05,0.29398707,0.7589995,1.0,-1.0,-10.684406906663066,4.180821781750617,-5.514489724461186,-26.239884696873222,-534.2203453331533,37.541773617129266,-438.54794917416325,-593.949881685801,0.25905225,0.7183062,1.0,-1.0,20,-11.926682565653355,4.3364633010059395,-6.944758435410537,-25.97138048337166,-596.3341282826676,51.32856457445621,-510.6699582153678,-704.0464285206014,0.263672785542551,0.6588340325828672,1.0,-1.0,0.2777576579784097,0.09338941123259388,0.44005055475730126,0.07275891388348404,0.30211159796526105,0.08976173017237236,0.43854020912421643,0.1379906343390802,0.41255544363889485,0.145174939046739,0.6912439721371688,0.0945682277029576,0.45358060981256054,0.14098849084736062,0.6890287418070712,0.15467901517992272,0.2777576579784097,0.09338941123259388,0.44005055475730126,0.07275891388348404,0.30211159796526105,0.08976173017237236,0.43854020912421643,0.1379906343390802,0.0,0.0,0.0,0.0,0.0,0.0,0.0,0.0,40.14806425255811,5.239960429899493,55.72789069080067,22.61399470752712,39.51108482814612,3.4543222695988662,44.27395873152593,30.803452025227813,-1.0,0.0,-1.0,-1.0,-1.0,0.0,-1.0,-1.0,21325.17870975185,21393.150624121095,146106.0398623235,2970.380152465739,12851.5901775567,4100.202067850459,21413.33412034681,2988.9700052168014,0.0,0.0,0,0,0.0,0.0,0,0,10.684406906663067,4.180821781750617,26.23988469687322,5.514489724461186,8.427642851830225,1.0298791904025086,9.880848203442616,5.602235723842513,-534.2203453331533,812004,207000,4140,29.390218623979308,18.546746041000006,14.269191256069462,62.206155921048776,14023.635909304561,206
4.2074404,2.8583121,584.56714,-586.958,401.8751,-26.316732,-1118.8593,-586.96985,401.74387,-26.559135,-1119.2883,-586.4293,401.43344,-26.149403,-1118.3276,4.207441,11.24593,74.79547,0.0006203167,2.8583121,6.529741,46.887054,0.00021704246,0.28636917,0.78475285,1.0,-1.0,-10.90705017263922,4.014570402034634,-6.162587771168581,-25.161572856725503,-545.3525086319611,43.878447441558144,-444.8339657294511,-617.5563343183434,0.33128023,0.70195967,1.0,-1.0,20,-11.510969899632547,4.353724367211472,-6.241301615543185,-25.54206251686109,-575.5484949816275,34.00231425565475,-528.8823474313776,-660.4826705371277,0.2863110960275678,0.6693676773766188,1.0,-1.0,0.22334295610021868,0.08091814477520905,0.3815359128942434,0.024971127320011974,0.2494570877612226,0.07564713584395344,0.3815359128942434,0.12944579258328281,0.3284132738071819,0.12692656509249423,0.5969181739191003,0.039012661503351725,0.36985654622259173,0.1219617919833741,0.5969181739191003,0.19217870719325542,0.22334295610021868,0.08091814477520905,0.3815359128942434,0.024971127320011974,0.2494570877612226,0.07564713584395344,0.3815359128942434,0.12944579258328281,0.014285714285714285,0.11866605518454394,1.0,0.0,0.0,0.0,0.0,0.0,38.126363685358854,6.330781202807369,55.89626218366792,15.077214566267802,38.127018844554335,4.619577558972155,48.296757588278595,29.99744010608419,-1.0,0.0,-1.0,-1.0,-1.0,0.0,-1.0,-1.0,22381.609518773494,20960.872821637553,132942.1488051781,4724.47279088832,14809.343930035628,5658.554583751978,26051.139425160552,4979.73818829576,0.0,0.0,0,0,0.0,0.0,0,0,10.90705017263922,4.014570402034634,25.1615728567255,6.162587771168582,8.948556420631068,1.4191581958083541,12.791302194828294,6.193986237681681,-545.3525086319611,816004,208000,4160,29.157767747128673,20.07070537099935,13.492509857052937,62.72098297518096,14085.164184412744,207
4.0485644,3.8517241,563.8176,-566.7349,404.2968,-28.605282,-1130.7255,-566.9509,404.22693,-28.554588,-1136.5662,-565.82825,403.67557,-29.170753,-1137.5234,4.0485644,7.1587343,46.212444,3.618958e-05,3.8517241,7.5360866,49.64361,9.596441e-05,0.39504194,0.7184774,1.0,-1.0,-11.143540199332874,4.129647896713893,-7.2252333856960504,-26.61464076358834,-557.1770099666437,34.38715923496215,-488.49084468461336,-611.5475175416699,0.27841797,0.7817739,1.0,-1.0,20,-11.606579245385579,4.468542974072595,-7.143765109894954,-27.34033768081669,-580.3289622692789,37.32660247939612,-504.2353010957485,-644.914534071627,0.30006655227853835,0.7057502417378981,1.0,-1.0,0.21614080446322487,0.08020075872696034,0.35588695434644313,0.00772291644512864,0.23513838816553415,0.0786253338697633,0.35588695434644313,0.08991167548332793,0.3188946995748016,0.12168009672703485,0.5756357887060348,0.012184478878943902,0.3487673995567199,0.11872244334886896,0.5756357887060348,0.15528627932653016,0.21614080446322487,0.08020075872696034,0.35588695434644313,0.00772291644512864,0.23513838816553415,0.0786253338697633,0.35588695434644313,0.08991167548332793,0.017142857142857144,0.12980361933257767,1.0,0.0,0.0,0.0,0.0,0.0,37.85683289382971,6.5599710086471985,57.3436090949716,7.604408968189353,37.80220236603451,4.464415038105064,46.42157719941118,29.272834487082253,-0.9990476190476191,0.0308459709346698,0.0,-1.0,-1.0,0.0,-1.0,-1.0,23708.875039861436,21646.0487076333,146463.36228948366,7113.938221970526,15370.300218304692,4144.896524656815,22121.734533589395,7723.793562799476,0.0,0.0,0,0,0.0,0.0,0,0,11.143540199332874,4.129647896713893,26.61464076358834,7.2252333856960504,8.901091342192382,0.781230236167954,10.231732783311744,7.269718520741617,-557.1770099666437,820004,209000,4180,27.398893381840026,18.869525885005714,13.683198449129122,59.95161771597486,14143.605851879722,208
4.6482453,5.074134,595.01013,-597.34125,402.958,-27.079254,-1133.9498,-596.9238,402.89194,-26.973473,-1134.536,-596.6753,402.75873,-26.369501,-1133.4827,4.648246,10.968079,81.1044,0.00061330595,5.074134,25.267187,282.00378,6.6144625e-05,0.39577517,0.76301855,1.0,-1.0,-11.025285082696042,4.123782108633712,-7.249528515312216,-26.49031410461645,-551.2642541348022,21.596919873922353,-493.3982097349113,-588.6014847834966,0.2838196,0.68545675,1.0,-1.0,20,-12.063760325748783,4.334569554541238,-7.195137305526319,-26.673121412046104,-603.1880162874392,38.8157448142973,-544.0834633900649,-671.7081890945186,0.275525209102065,0.6606159618689569,1.0,-1.0,0.23672601767956009,0.08649982374765583,0.4098497693715395,0.022601856193728075,0.26235713774235814,0.0808508251890184,0.4098497693715395,0.043020180821552505,0.3575418764038297,0.13022278392221828,0.6032002876447387,0.03665432872007868,0.40104351561576995,0.11918058774084868,0.6014252793870352,0.07300477552441403,0.23672601767956009,0.08649982374765583,0.4098497693715395,0.022601856193728075,0.26235713774235814,0.0808508251890184,0.4098497693715395,0.043020180821552505,0.04285714285714286,0.2025349554108261,1.0,0.0,0.047619047619047616,0.21295885499998,1.0,0.0,38.150165046703115,6.784736245827192,56.88897528888576,10.225492264019492,38.17647048476372,4.365852168446148,45.4793548609672,23.533551269857494,-1.0,0.0,-1.0,-1.0,-1.0,0.0,-1.0,-1.0,22620.385828076174,22066.265623916435,147187.54633025828,6749.842819966192,13942.801980566364,4374.866748116182,28518.508662052045,8101.867971255834,0.0,0.0,0,0,0.0,0.0,0,0,11.025285082696042,4.123782108633711,26.49031410461645,7.249528515312217,8.757239436451556,0.6035654113555545,10.034991035995683,7.352505229529387,-551.2642541348022,824004,210000,4200,24.73826902408473,17.34250480800256,13.260109533082868,55.34088336517016,14196.778923798884,209
6.722559,4.7452145,582.3987,-583.8131,414.47433,-26.762468,-1200.0443,-583.53357,414.4763,-27.009134,-1199.0265,-583.40967,414.56354,-26.075535,-1198.2009,6.722559,43.948185,497.97772,1.7130878e-05,4.7452145,25.298172,284.30234,3.4020064e-05,0.30914187,0.7473763,1.0,-1.0,-11.081063244003383,4.1378337208841955,-6.676613709632957,-26.718630272927978,-554.0531622001693,37.8998450670138,-473.39743570123494,-636.8201898381274,0.24457528,0.66781163,1.0,-1.0,20,-11.396132321993973,4.426345926939842,-6.112006521934837,-26.930730984500993,-569.8066160996988,42.832662991846114,-503.3384642574991,-684.8885679000903,0.30678351281050453,0.6968276508123568,1.0,-1.0,0.22757416337866135,0.0876003823371067,0.39465147486225244,0.014557541113404527,0.24917419153738468,0.08525577982343538,0.3866827370458024,0.10426901526943108,0.3270388497498487,0.12582576347791607,0.5695416986501659,0.016840638417120773,0.360428218927331,0.12510908931910292,0.5538988471758677,0.16641169651033774,0.22757416337866135,0.0876003823371067,0.39465147486225244,0.014557541113404527,0.24917419153738468,0.08525577982343538,0.3866827370458024,0.10426901526943108,0.005714285714285714,0.07537660547584525,1.0,0.0,0.0,0.0,0.0,0.0,37.6770262064851,6.070729289277191,56.60308217718307,10.95012565344438,37.305805100897395,3.9033012216366547,45.240671803549155,30.896588564578995,-1.0,0.0,-1.0,-1.0,-1.0,0.0,-1.0,-1.0,23578.658925614982,21587.098052016754,153324.15058940303,5421.312308580373,15178.28287155185,5131.195669371027,23370.72901591177,5653.719831063763,0.0,0.0,0,0,0.0,0.0,0,0,11.081063244003383,4.1378337208841955,26.718630272927975,6.676613709632957,8.803766084894077,1.0197471932614133,10.545395246292149,6.786242235830501,-554.0531622001693,828004,211000,4220,26.297992575026,15.174968307001109,13.705134274081502,55.17809515610861,14253.222150866997,210
3.850022,3.8645864,574.08246,-575.8994,398.3007,-25.606071,-1152.4213,-575.7081,398.21548,-25.596674,-1152.4158,-575.35803,397.9728,-25.543148,-1149.7665,3.8500218,9.640221,79.04593,0.0013999913,3.8645864,10.159323,85.08272,4.8413873e-05,0.27572992,0.7136026,1.0,-1.0,-10.62738397929722,4.313893637559875,-5.738845824779499,-26.254230916605927,-531.3691989648609,37.80406492913811,-440.06572438449507,-601.7286328360757,0.43413827,0.6459065,1.0,-1.0,20,-11.960755559810963,4.514646678805044,-6.904340163132278,-26.445006455827286,-598.0377779905482,70.61926395729526,-486.16502744459905,-792.0402229420541,0.2745465104238077,0.6816323661078184,1.0,-1.0,0.2584461898120257,0.07753294800594357,0.4073642443224449,0.03704900788490907,0.28636815395606496,0.07004346555389135,0.4073642443224449,0.11409810780011793,0.38418345476245497,0.13996578911694663,0.6663300708069381,0.06319535202454454,0.4296054589384227,0.13943437976255868,0.6663300708069381,0.12576093944754427,0.2584461898120257,0.07753294800594357,0.4073642443224449,0.03704900788490907,0.28636815395606496,0.07004346555389135,0.4073642443224449,0.11409810780011793,0.005714285714285714,0.07537660547584525,1.0,0.0,0.0,0.0,0.0,0.0,38.818117902157226,6.267427186278356,55.93186166031779,15.493889358668783,38.337804072383065,4.231980748907248,44.295862094475716,28.60144911006598,-1.0,0.0,-1.0,-1.0,-1.0,0.0,-1.0,-1.0,22159.068252742305,22174.55234744417,145015.76434156456,3261.6406472806634,13624.066239799415,4916.249602684564,22746.235979755933,3274.0897646642084,0.0,0.0,0,0,0.0,0.0,0,0,10.62738397929722,4.313893637559876,26.254230916605927,5.738845824779499,8.304795577635625,0.9767780883386591,10.40767596820696,5.889198581778946,-531.3691989648609,832004,212000,4240,24.45062903197686,16.440810068001156,12.851617440959672,53.74305654093769,14306.167605102935,211
2.562263,2.903047,575.3715,-577.4525,404.1723,-24.612663,-1180.6511,-577.48254,404.09012,-24.664738,-1180.6914,-577.17755,404.3877,-24.286352,-1180.1979,2.562263,6.555882,61.572296,0.0001890646,2.903047,7.845473,78.041435,0.0021826273,0.291616,0.75112027,1.0,-1.0,-10.933072866641963,4.057746577363319,-6.719536274771135,-25.52181016916824,-546.6536433320982,43.71083301808162,-467.39262117736814,-626.5553233663394,0.2832805,0.6716919,1.0,-1.0,20,-11.844727685454536,4.405330714010121,-7.128950033134577,-26.31512321446824,-592.2363842727268,48.38759967541895,-505.8796432662754,-692.1570977986137,0.27117004245571563,0.6713428583038469,1.0,-1.0,0.2318420723477267,0.083768601346033,0.42074938507513227,0.033419978324628764,0.2567333374793306,0.08275359008359781,0.42074938507513227,0.08459697148510376,0.35357958875812234,0.1377277676807139,0.6258937525980204,0.052376735378717204,0.3972885469530897,0.14029403985121014,0.6258937525980204,0.09646234745779492,0.2318420723477267,0.083768601346033,0.42074938507513227,0.033419978324628764,0.2567333374793306,0.08275359008359781,0.42074938507513227,0.08459697148510376,0.023809523809523808,0.15245533898649638,1.0,0.0,0.0,0.0,0.0,0.0,39.59307712986934,7.323593746641394,57.31451516497975,11.8238864447118,39.401794989895215,5.63319913459779,47.255963701358354,24.199662238167058,-1.0,0.0,-1.0,-1.0,-1.0,0.0,-1.0,-1.0,22420.881585973482,21174.818578647864,151500.08246205503,3188.953957072429,14529.554212811685,4746.952988117026,24707.11301648279,3367.8020095796032,0.0,0.0,0,0,0.0,0.0,0,0,10.933072866641963,4.057746577363319,25.521810169168237,6.7195362747711345,8.81700172134813,1.1075873842110373,10.861684642936407,6.890738590018401,-546.6536433320982,836004,213000,4260,28.962006378926162,15.659960648998094,13.661863525885565,58.28383055380982,14363.68383802675,212
4.862629,6.465111,575.2556,-577.5896,403.84055,-24.18355,-1203.4537,-577.92944,403.85562,-24.085768,-1197.107,-577.26013,403.11542,-23.587317,-1199.7286,4.862629,11.436942,73.13726,0.00013166666,6.4651103,12.32583,62.71743,3.875792e-05,0.35460833,0.70007014,1.0,-1.0,-10.747092445111434,4.246699567836545,-6.571353495841497,-26.201529260584348,-537.3546222555718,32.13794551958324,-481.22904795640926,-580.8592602461173,0.24566726,0.70192015,1.0,-1.0,20,-11.199911900090044,4.173249917782223,-6.455036957971422,-25.996913723415943,-559.9955950045022,36.99906597169683,-476.25692827912053,-632.6727541159594,0.26409393695824956,0.7002608682815932,1.0,-1.0,0.270369489661749,0.1022091770792934,0.4434882283304103,0.028453694224271582,0.30157853784400923,0.09540342933739988,0.44101042636127136,0.16018207377668145,0.41785995771989637,0.17021165328630267,0.7425192588931737,0.04242085559684758,0.47540983954256905,0.16336442252987,0.7425048473661705,0.23405394748435954,0.270369489661749,0.1022091770792934,0.4434882283304103,0.028453694224271582,0.30157853784400923,0.09540342933739988,0.44101042636127136,0.16018207377668145,0.007619047619047619,0.08695399779438724,1.0,0.0,0.0,0.0,0.0,0.0,39.33842413504328,5.314241544738012,54.036546506264834,14.555027035199434,39.08093381363848,2.6670221447246227,43.32742342806727,31.917193658861766,-1.0,0.0,-1.0,-1.0,-1.0,0.0,-1.0,-1.0,23501.945019909126,21677.640999422725,148013.64026107197,6025.013359986031,15036.716241511696,4984.176851141986,27019.617387902235,8554.333086170702,0.0,0.0,0,0,0.0,0.0,0,0,10.747092445111432,4.246699567836545,26.201529260584348,6.571353495841499,8.46004035269676,0.8368020667702862,9.607013359397728,6.794888665625771,-537.3546222555718,840004,214000,4280,31.06191731392755,14.87559893699654,14.278735459054587,60.21625170997868,14422.924690804713,213
2.1400008,2.8226323,568.086,-569.8387,405.22342,-27.310684,-1161.2349,-569.7984,405.1048,-27.14554,-1164.1359,-569.86926,405.42505,-27.134783,-1163.7671,2.1400008,5.0621076,42.14196,0.00027358904,2.8226323,5.95374,41.20149,0.00042057037,0.18917303,0.77973294,1.0,-1.0,-10.906156256992352,4.297642545345567,-6.456024006215831,-27.099712257520018,-545.3078128496176,54.06202754964258,-462.53999369038763,-653.1819105045747,0.27448273,0.674481,1.0,-1.0,20,-11.73416309270201,4.412488090563148,-6.662751190663365,-25.558598446004638,-586.7081546351005,38.61862106560338,-481.6312351884149,-675.926518597746,0.260323851255977,0.6880020808729822,1.0,-1.0,0.21323668898651715,0.06679537343087837,0.32454341323226954,0.04273624464353281,0.24028752158168876,0.05475099172217364,0.32454341323226954,0.14087160799852935,0.3236209403549705,0.11321437200041096,0.5282210856285935,0.04853392381593849,0.3672134169477762,0.09918445144296661,0.5258845838230917,0.18526077040929054,0.21323668898651715,0.06679537343087837,0.32454341323226954,0.04273624464353281,0.24028752158168876,0.05475099172217364,0.32454341323226954,0.14087160799852935,0.009523809523809525,0.09712418121129116,1.0,0.0,0.0,0.0,0.0,0.0,37.01249204428928,5.643073815600254,54.8722247202684,13.669091972608586,37.37385165749513,2.52895243384613,43.06823533696696,31.39477203103139,-1.0,0.0,-1.0,-1.0,-1.0,0.0,-1.0,-1.0,21924.74295000648,22379.93270324282,158287.83307762153,2977.2917046362013,13754.078133199617,5813.264014490456,24903.45423652186,3116.0277409963,0.0,0.0,0,0,0.0,0.0,0,0,10.906156256992352,4.297642545345567,27.099712257520018,6.45602400621583,8.747854300673904,1.625032395106625,13.315882416327534,6.471566116315187,-545.3078128496176,844004,215000,4300,27.760208830892225,13.906103328001336,13.444844173180172,55.11115633207373,14479.215915227782,214
2.4088988,3.521778,578.98065,-580.88446,406.35446,-24.638357,-1196.6312,-580.49725,406.10724,-25.119263,-1197.0356,-581.4123,406.68533,-24.75584,-1199.2162,2.4088986,3.9822612,20.603088,0.00010142103,3.521778,5.915724,35.456413,3.5051256e-05,0.31786534,0.7233542,1.0,-1.0,-10.656376805239479,4.271706678352962,-5.710627668797193,-25.772208880740763,-532.8188402619741,49.36742338178343,-428.5640646665675,-670.8087655037137,0.3610957,0.66923314,1.0,-1.0,20,-12.28543347199,4.6126617283921725,-6.881669166675314,-26.24909812656142,-614.2716735995,68.3105040068236,-501.1114162889234,-799.5486314845369,0.24960442506319472,0.6759882684307679,1.0,-1.0,0.24780745508502242,0.0862499380330025,0.4209257625396747,0.027264578454801333,0.27418133875371214,0.07749875071918023,0.4209257625396747,0.126820969555291,0.36607242209363317,0.1265643379017922,0.62404170908323,0.03796104800688413,0.4088077622948213,0.11112563440633166,0.62404170908323,0.198261907449547,0.24780745508502242,0.0862499380330025,0.4209257625396747,0.027264578454801333,0.27418133875371214,0.07749875071918023,0.4209257625396747,0.126820969555291,0.014285714285714285,0.11866605518454394,1.0,0.0,0.0,0.0,0.0,0.0,39.19127026038533,5.454891260149595,56.61101208894536,14.024238916999257,39.21250387280656,3.041668284552655,45.45649038654663,35.34569020721663,-1.0,0.0,-1.0,-1.0,-1.0,0.0,-1.0,-1.0,22809.913194050496,21695.573377840567,151865.5450734413,3452.585335770525,14548.838883683668,5077.630784876902,23882.21461498348,3696.216751932165,0.0,0.0,0,0,0.0,0.0,0,0,10.656376805239479,4.271706678352962,25.77220888074076,5.710627668797192,8.389926849565057,1.1978923386765061,11.571379934468176,5.710627668797192,-532.8188402619741,848004,216000,4320,33.22298600900103,15.10470331399847,14.466980149940355,62.79466947293986,14541.615136423716,215
2.5164163,2.7794213,574.5138,-574.99,412.43875,-24.811195,-1095.2031,-574.9753,412.41653,-24.472366,-1095.1559,-575.6029,413.06277,-24.317667,-1097.6842,2.5164165,5.1572466,42.476437,4.3653185e-05,2.779421,5.6022744,46.874935,0.0011053627,0.25948668,0.75968933,1.0,-1.0,-11.170509418743896,4.033771907077058,-7.926701346953021,-27.010032402950724,-558.5254709371948,23.789968607041505,-520.3939277389089,-609.2775098205234,0.2078235,0.71381295,1.0,-1.0,20,-11.743476888937057,4.249330090396143,-6.7781141707457975,-26.63828455061628,-587.173844446853,32.22754492063897,-514.1891348680879,-651.0410220587289,0.2677177649035569,0.6900442550127335,1.0,-1.0,0.23911247610099057,0.0834541953887681,0.40258591119043996,0.021632840902568118,0.2641158077981774,0.07512808982639196,0.40258591119043996,0.12389553025285008,0.35826094393492713,0.12742342071369334,0.6239658910698882,0.0361951509067457,0.3970724903069912,0.11559584577939895,0.6239658910698882,0.20910513239364667,0.23911247610099057,0.0834541953887681,0.40258591119043996,0.021632840902568118,0.2641158077981774,0.07512808982639196,0.40258591119043996,0.12389553025285008,0.017142857142857144,0.12980361933257767,1.0,0.0,0.0,0.0,0.0,0.0,38.369063365176025,5.633424255859957,55.25437537148706,10.603749708550462,38.192281989260536,3.2160453553947312,43.605451514329616,29.546374577481043,-1.0,0.0,-1.0,-1.0,-1.0,0.0,-1.0,-1.0,23556.825786608646,21467.70098478509,152554.4113648578,5108.208046105853,15299.726765007426,4712.023623275402,27199.25864045278,5855.784644350611,0.0,0.0,0,0,0.0,0.0,0,0,11.170509418743896,4.033771907077058,27.010032402950724,7.926701346953021,8.945092417140868,0.5734048514556145,9.980395998961338,8.080038124708356,-558.5254709371948,852004,217000,4340,32.57427901129995,14.704933402004826,14.33120372081612,61.6104161341209,14605.504786911835,216
2.663591,5.3196115,560.11285,-561.5498,405.93646,-24.282555,-1185.3561,-560.92456,405.31595,-24.159342,-1186.9783,-561.84863,406.41028,-24.323057,-1194.7438,2.663591,8.456888,88.12882,0.0002460517,5.3196115,8.075575,60.303036,3.1736126e-06,0.28455794,0.7452976,1.0,-1.0,-10.974490385805963,4.177301927802273,-6.752896749303449,-26.08362116490481,-548.7245192902981,48.2744988584176,-486.69416202709164,-664.7915050887545,0.38085702,0.68808377,1.0,-1.0,20,-11.787773685299769,4.429551317717806,-6.6804263552796375,-26.76597783949619,-589.3886842649883,35.60550918384164,-505.55696699189747,-651.9891577582608,0.22927934257805874,0.6884135800244159,1.0,-1.0,0.21529385489570105,0.09331050120826367,0.42899840096026337,0.021122724818075367,0.23500953212680312,0.09302761920458583,0.42899840096026337,0.10513161077847002,0.31953787041943077,0.1359873986119517,0.640476824578438,0.03421535941565279,0.35176615091713237,0.13559005182651118,0.640476824578438,0.13601542052866844,0.21529385489570105,0.09331050120826367,0.42899840096026337,0.021122724818075367,0.23500953212680312,0.09302761920458583,0.42899840096026337,0.10513161077847002,0.014285714285714285,0.11866605518454393,1.0,0.0,0.0,0.0,0.0,0.0,37.60186245772061,5.422122843667296,55.59377113909066,11.636063338240042,37.55534912025214,3.1339128875837305,43.96481274505562,31.985303959130032,-1.0,0.0,-1.0,-1.0,-1.0,0.0,-1.0,-1.0,23516.50075262731,21752.977283069926,149152.01205338238,2575.2866192153606,15463.650462914558,6009.327861300631,29220.794642374964,2600.9637042924046,0.0,0.0,0,0,0.0,0.0,0,0,10.974490385805963,4.177301927802273,26.08362116490481,6.752896749303449,8.8498059989152,1.3376674149640957,12.680991427379675,6.88981096515906,-548.7245192902981,856004,218000,4360,27.922065414059034,16.96793251899362,13.933688874945801,58.823686807998456,14662.15277332683,217
2.3219767,1.9259287,566.75916,-569.51904,399.3273,-25.426727,-1196.5206,-568.433,398.89505,-25.005228,-1196.235,-568.83484,398.9354,-24.702229,-1196.3448,2.3219767,4.2835026,24.78106,0.002265014,1.9259287,5.421446,48.620914,0.0001642853,0.34175634,0.7240184,1.0,-1.0,-10.626494950206695,4.192294166347827,-5.867129447862245,-26.24402634585581,-531.3247475103346,39.821584432565,-444.9449491372649,-599.7005511267496,0.29637355,0.7032753,1.0,-1.0,20,-11.67680655862353,4.415512696942819,-6.705822268908654,-26.07547843473021,-583.8403279311765,36.299461549565805,-477.5344829509843,-638.512323766796,0.3224670982267705,0.6890903020558491,1.0,-1.0,0.2288039969196653,0.08894946514515333,0.4463313522534543,0.008967511429448578,0.24835044269989584,0.08633519009959248,0.4463313522534543,0.016151550867902188,0.3310563240081724,0.1270750146651825,0.6677200922245865,0.014727695335017305,0.35820513851030383,0.12312629421727087,0.6677200922245865,0.025916702398648545,0.2288039969196653,0.08894946514515333,0.4463313522534543,0.008967511429448578,0.24835044269989584,0.08633519009959248,0.4463313522534543,0.016151550867902188,0.04476190476190476,0.20678074534151122,1.0,0.0,0.047619047619047616,0.21295885499998,1.0,0.0,37.69212575867686,6.927364172097071,56.83985705690949,12.570934907946313,37.456092528482266,6.08698205564781,45.33442769559064,14.297927354816105,-1.0,0.0,-1.0,-1.0,-1.0,0.0,-1.0,-1.0,21780.041908642117,21302.55667092711,140825.82315417536,5530.979921404898,14003.501816273407,3838.919631447335,21816.760850870658,6447.3690321922995,0.0,0.0,0,0,0.0,0.0,0,0,10.626494950206695,4.192294166347827,26.24402634585581,5.867129447862245,8.417741231882129,1.0598303854867237,10.423530183856407,5.91758918429694,-531.3247475103346,860004,219000,4380,27.192614567982673,14.801948878004623,13.314939562078507,55.3095030080658,14718.820772276886,218
5.341244,3.9493947,603.5482,-604.5389,396.90857,-24.11094,-1155.0822,-604.0487,396.50992,-23.854431,-1153.5098,-604.2118,396.13873,-24.204529,-1152.4177,5.3412437,12.231531,94.59652,0.000614251,3.949395,10.304194,89.076775,0.0010862947,0.29876098,0.767063,1.0,-1.0,-11.061493756422424,4.15700217485618,-6.894748249967328,-25.921612125712002,-553.0746878211212,36.57876396220679,-476.91233946236935,-649.5669344323682,0.271492,0.69381285,1.0,-1.0,20,-11.568537689568275,4.2483370313348425,-6.4178882512179785,-26.41635463378981,-578.4268844784136,33.80363914576045,-528.5694321948978,-641.9922599173121,0.24946110146451916,0.6874836243218747,1.0,-1.0,0.23619076421186838,0.07985243684350676,0.4122374768655879,0.027149699682938958,0.2628580765800026,0.0715312501879857,0.4089694481097032,0.14609394961937014,0.35319209557277814,0.12411941814367812,0.613788564328991,0.04025093938145166,0.3950429394899137,0.11123891067598861,0.5985812756747649,0.20788855399400594,0.23619076421186838,0.07985243684350676,0.4122374768655879,0.027149699682938958,0.2628580765800026,0.0715312501879857,0.4089694481097032,0.14609394961937014,0.007619047619047619,0.08695399779438726,1.0,0.0,0.0,0.0,0.0,0.0,37.94155749125944,5.160624799623945,56.952592303497724,11.348846157732515,37.93078949200059,2.724813087934936,45.75385946034617,33.311001977559044,-1.0,0.0,-1.0,-1.0,-1.0,0.0,-1.0,-1.0,22936.146932396954,22071.638485501575,146658.62677254964,3125.1896350870984,14614.401073935496,5231.925145399337,28911.608937035,5461.873058863503,0.0,0.0,0,0,0.0,0.0,0,0,11.061493756422422,4.15700217485618,25.921612125712,6.894748249967327,8.835952333073916,0.8747621264510564,10.950735788325494,6.9724602596599885,-553.0746878211212,864004,220000,4400,27.36663349585433,16.16117767400283,13.891401797220169,57.41921296707733,14775.861213477954,219
11.116932,9.680559,571.4343,-571.8687,393.1582,-23.966478,-1118.0001,-572.06616,393.1653,-23.6147,-1123.0317,-572.937,393.60483,-24.864452,-1148.549,11.116932,82.23305,933.2309,0.00012339652,9.68056,57.86566,651.1281,3.875792e-05,0.3184234,0.7429142,1.0,-1.0,-10.801190877446532,4.210999374316828,-7.017527134872547,-26.681802347163213,-540.0595438723266,32.49799102568368,-489.29124206449495,-629.0702743033136,0.26545522,0.6658726,1.0,-1.0,20,-11.843317679382766,4.409814886444832,-7.064376039420894,-26.057817322740043,-592.1658839691383,42.489070294703055,-514.2207716133469,-664.0784252878098,0.26264155259472677,0.6846972522744198,1.0,-1.0,0.2547881222450351,0.08782240484622539,0.3770705300860751,0.025889323204739807,0.27821745593208963,0.08099591937895975,0.3770705300860751,0.08381769840684294,0.3660618749485607,0.1215692795239877,0.5842777786012888,0.04231355987539323,0.40079679874552143,0.11418061632268893,0.5842777786012888,0.12636917307440773,0.2547881222450351,0.08782240484622539,0.3770705300860751,0.025889323204739807,0.27821745593208963,0.08099591937895975,0.3770705300860751,0.08381769840684294,0.007619047619047619,0.08695399779438724,1.0,0.0,0.0,0.0,0.0,0.0,38.902169001717574,6.066337740512678,55.15891076127797,9.440715277966543,39.15298679525676,5.206003314389401,50.90951150981904,24.364801507088366,-0.9990476190476191,0.0308459709346698,0.0,-1.0,-1.0,0.0,-1.0,-1.0,21663.03761484251,22291.622625604723,159038.02024973597,1467.2617996245122,14005.46175839729,7639.23876221387,39368.73046326915,1492.349229365475,0.0,0.0,0,0,0.0,0.0,0,0,10.801190877446532,4.210999374316829,26.681802347163213,7.017527134872547,8.596978159001587,1.1119549723385835,12.43584646156645,7.263406045356796,-540.0595438723266,868004,221000,4420,34.30227488808305,15.77054708799551,14.744050305933342,64.8168722820119,14842.884308489949,220
4.408984,4.009454,595.5055,-596.97156,389.61212,-28.608849,-1117.8945,-597.5773,389.65625,-28.773537,-1121.5422,-597.06946,389.85822,-28.823814,-1119.1941,4.408984,12.037629,106.825294,7.968629e-08,4.009454,8.998884,56.50251,9.776652e-05,0.3444929,0.72455245,1.0,-1.0,-10.807440699396999,3.9637008500852557,-7.125588515418538,-25.66032985224043,-540.37203496985,38.63072510383416,-475.1057727528843,-617.6940093872457,0.2823257,0.7287468,1.0,-1.0,20,-12.18748878676746,4.314594930792925,-6.944790669527852,-26.85712757450667,-609.3744393383731,36.27570682245161,-515.9047255550186,-662.9262863619585,0.2533958116181265,0.6657590473707506,1.0,-1.0,0.25115953628637033,0.09597294095057353,0.4332418041216711,0.022078106086099347,0.27702892339435115,0.09187145897302942,0.42971430700197066,0.10387166939207958,0.3728592254056424,0.14756814692404474,0.678168771597329,0.0323942869066007,0.415191996519249,0.14429248596634242,0.6738549990857925,0.1517698919954159,0.25115953628637033,0.09597294095057353,0.4332418041216711,0.022078106086099347,0.27702892339435115,0.09187145897302942,0.42971430700197066,0.10387166939207958,0.011428571428571429,0.10629185850136157,1.0,0.0,0.0,0.0,0.0,0.0,37.9682423866635,5.5088530323423575,53.59118521400037,6.582097981709969,37.79044557337753,3.1594782515805586,45.256306941183716,31.047115787022964,-0.9990476190476191,0.030845970934669797,0.0,-1.0,-1.0,0.0,-1.0,-1.0,22335.084947162533,20032.20922119592,137953.10250859326,4183.437975576203,14998.472516064761,4085.8488425861424,24091.64529060499,6855.479683319325,0.0,0.0,0,0,0.0,0.0,0,0,10.807440699396999,3.9637008500852557,25.66032985224043,7.125588515418538,8.816571208592844,1.305936431014458,13.224403142858923,7.163033496296567,-540.37203496985,872004,222000,4440,25.9107105930525,17.990048897001543,13.314766674935527,57.21552616498957,14898.531151819945,221
4.932773,4.5782423,578.76807,-580.1245,403.90543,-23.73078,-1151.8711,-580.5448,404.19177,-23.606491,-1151.4375,-580.5366,404.3752,-23.51121,-1151.2764,4.9327736,16.156494,118.58976,5.730894e-05,4.5782423,15.02738,107.220566,5.0999224e-06,0.36077383,0.71340626,1.0,-1.0,-11.095963367501408,4.122512001873725,-6.97779122267862,-26.45389357495185,-554.7981683750705,35.29024206568898,-485.29245954753446,-609.1513119844933,0.21227306,0.73763394,1.0,-1.0,20,-11.661905472875482,4.568877794906969,-4.529514056010792,-26.218694166186307,-583.0952736437742,46.2132111490945,-458.62905007056764,-671.9336306200869,0.24638133033047913,0.6895440686295966,1.0,-1.0,0.23858837335653807,0.08239083371313348,0.4321169393555851,0.019363502866316936,0.2665147205464338,0.0718349636689012,0.4321169393555851,0.14336756486541408,0.36431435816404467,0.1384569509345891,0.7126808666525082,0.029936416858334237,0.4095836387507101,0.12820409778323752,0.7126808666525082,0.20846017616952955,0.23858837335653807,0.08239083371313348,0.4321169393555851,0.019363502866316936,0.2665147205464338,0.0718349636689012,0.4321169393555851,0.14336756486541408,0.011428571428571429,0.10629185850136157,1.0,0.0,0.0,0.0,0.0,0.0,37.829422024415315,5.91903419511635,56.68134513737376,8.183455896116927,37.767327492682746,3.733616750054019,46.83032860281134,32.49036529474199,-0.9990476190476191,0.0308459709346698,0.0,-1.0,-1.0,0.0,-1.0,-1.0,23886.717732985988,21449.014308005422,148884.69760710548,7008.80578339938,15319.65077344831,4930.961896093273,25264.373458626542,7511.751020361949,0.0,0.0,0,0,0.0,0.0,0,0,11.095963367501408,4.122512001873725,26.45389357495185,6.97779122267862,8.872467269329576,0.982134140854803,10.559268670189965,7.061250946980516,-554.7981683750705,876004,223000,4460,27.329816680052318,16.41284148200066,13.521263474009174,57.26392163606215,14954.56120196302,222
5.46711,4.8149734,576.2002,-578.32935,405.0169,-23.61358,-1191.1935,-578.7168,405.09732,-23.853668,-1190.5326,-577.9952,405.1384,-23.312218,-1188.8289,5.46711,13.136593,83.517,1.9954183e-05,4.8149734,12.5109825,92.20758,0.00037908927,0.3002977,0.7571717,1.0,-1.0,-11.173927811270858,3.9392648068662743,-7.495107824824539,-25.654826316061285,-558.6963905635428,32.21532903304546,-497.8973020933232,-627.8582359558691,0.3097195,0.714774,1.0,-1.0,20,-11.370175168879264,4.3473453300155205,-7.217888221115335,-26.3483476796049,-568.5087584439632,29.59112719648616,-493.00082477433057,-618.8119174918243,0.2973073721898029,0.6606625723271997,1.0,-1.0,0.2276414153462061,0.09247186624556247,0.43612148001460804,0.04851752984557674,0.2542878586343469,0.09255500062421228,0.43612148001460804,0.10682284576050614,0.3428713095889105,0.1499460173852061,0.6826370335138888,0.06393201226676792,0.39014003866281993,0.1544992198008105,0.6826370335138888,0.14243121415875398,0.2276414153462061,0.09247186624556247,0.43612148001460804,0.04851752984557674,0.2542878586343469,0.09255500062421228,0.43612148001460804,0.10682284576050614,0.005714285714285714,0.07537660547584525,1.0,0.0,0.0,0.0,0.0,0.0,37.94226376720262,5.987705016027643,57.95127067773551,14.198008210293501,37.905191333077504,3.776658459389377,47.060636239596924,30.735710101322304,-1.0,0.0,-1.0,-1.0,-1.0,0.0,-1.0,-1.0,22673.99351828064,21282.406605627355,141274.10609591,6071.913435450033,14794.694448285112,5157.3987769398545,26922.75892078656,7448.257289384988,0.0,0.0,0,0,0.0,0.0,0,0,11.173927811270858,3.939264806866274,25.654826316061285,7.495107824824538,9.14374965359728,0.9001440368067346,10.80507158687861,7.594900494774314,-558.6963905635428,880004,224000,4480,29.058115001986152,15.174813594996522,13.998611040115065,58.23153963709774,15016.957373172103,223
5.978301,6.4857025,580.3009,-583.3673,414.4096,-24.060951,-1164.1785,-583.4174,414.59332,-24.16753,-1164.3783,-582.2274,414.26648,-23.865908,-1164.8923,5.978301,12.838996,81.07033,0.00018030405,6.4857025,14.342526,87.08909,1.4844409e-05,0.29921722,0.77420574,1.0,-1.0,-11.120122307178608,4.097828158669286,-6.876378938136879,-26.286844941202475,-556.0061153589305,27.812449152627757,-508.18185708629926,-624.0758500755018,0.26924327,0.72070616,1.0,-1.0,20,-11.811182433392686,4.582298611067382,-5.740549976161874,-26.777069459373333,-590.5591216696344,65.78655526956705,-440.9113676884622,-710.3307839964443,0.2698075080711989,0.6592767230189797,1.0,-1.0,0.2547375306098134,0.08557160755330273,0.4023622781979844,0.009193252379459586,0.28390751141865384,0.07173105811091435,0.4023622781979844,0.13411159403580794,0.3823618271932813,0.13112782433860423,0.5980654889951549,0.01285896436671942,0.4323702610277973,0.10993009502811371,0.5903883806354844,0.17995764980361853,0.2547375306098134,0.08557160755330273,0.4023622781979844,0.009193252379459586,0.28390751141865384,0.07173105811091435,0.4023622781979844,0.13411159403580794,0.010476190476190476,0.10181571543380252,1.0,0.0,0.0,0.0,0.0,0.0,38.89994686782192,6.028804128354361,56.70954141640181,4.987288725086416,38.75985092923038,3.284643203252626,45.62649206505191,32.52721925266052,-0.9990476190476191,0.030845970934669797,0.0,-1.0,-1.0,0.0,-1.0,-1.0,22808.713566576636,21476.742682554366,149535.13612541326,6999.451367990151,14706.222520562258,3981.1796353139325,23800.552482975225,8305.571850242077,0.0,0.0,0,0,0.0,0.0,0,0,11.120122307178608,4.0978281586692855,26.286844941202475,6.876378938136879,8.906936566637402,0.7665803811904696,10.534059402828893,7.107540399889323,-556.0061153589305,884004,225000,4500,37.77148575305182,19.3694775010008,15.131688216868497,72.27265147092112,15084.968791574014,224
4.6150665,3.8399358,588.05396,-588.9542,405.13388,-23.631287,-1143.9633,-588.8819,404.91296,-23.363806,-1145.1156,-589.22546,404.49554,-23.569242,-1143.7123,4.6150665,12.024814,90.11784,3.1329691e-06,3.839936,10.797463,76.821205,6.839726e-05,0.305719,0.7471516,1.0,-1.0,-10.806299082925058,4.274009808959713,-6.93104009393632,-26.00024099643855,-540.314954146253,29.389798856219965,-489.4035542311068,-610.6695501593596,0.29154438,0.71231514,1.0,-1.0,20,-12.047874515640396,4.354649730149323,-6.155168839426217,-26.458315411518843,-602.3937257820199,58.762713310069756,-485.94458495478307,-710.15003076839,0.24557568284643333,0.6781358184431583,1.0,-1.0,0.2266737782733779,0.08555039363813349,0.3953417141470301,0.024058694885062147,0.24723586900413042,0.08480901612793004,0.3953417141470301,0.0744184769606869,0.3378318602455201,0.13559948987117748,0.5899206218798717,0.03605013058023637,0.371648245461659,0.13698947125927724,0.5899206218798717,0.11998328769226202,0.2266737782733779,0.08555039363813349,0.3953417141470301,0.024058694885062147,0.24723586900413042,0.08480901612793004,0.3953417141470301,0.0744184769606869,0.01619047619047619,0.12620754601529105,1.0,0.0,0.0,0.0,0.0,0.0,38.039201799516114,6.710603583895673,56.629473783870374,13.265053543840427,37.64325485261405,4.781573300517735,44.92948261781453,28.573153718445507,-1.0,0.0,-1.0,-1.0,-1.0,0.0,-1.0,-1.0,22542.40299034451,22394.58768674577,139925.35474397687,6745.361737761839,13901.039271309437,5038.703322903087,26733.784619658658,7029.700716251568,0.0,0.0,0,0,0.0,0.0,0,0,10.806299082925058,4.274009808959713,26.000240996438546,6.93104009393632,8.477736340975591,0.7854140497039479,10.015279380671812,6.97145087870606,-540.314954146253,888004,226000,4520,27.262686041009147,15.09215335999761,13.384542427091219,55.739381828097976,15142.744684936122,225
4.892128,5.273863,594.2721,-597.03925,397.84512,-28.805912,-1200.7863,-596.60077,397.17728,-28.820715,-1194.9672,-596.35596,397.93338,-28.878923,-1198.1436,4.892128,12.1399145,92.94989,0.00027859642,5.273863,10.481013,70.22039,7.094443e-05,0.34607244,0.7639357,1.0,-1.0,-10.696803617247195,4.364787403237717,-6.725977201492358,-26.837598692944344,-534.8401808623597,27.777452249058452,-487.8237911446744,-584.2356904081597,0.37201822,0.66825813,1.0,-1.0,20,-11.989331023318748,4.375434070319452,-7.113374620932972,-26.038553288204987,-599.4665511659373,35.8735832466401,-536.2399543587801,-671.003687528103,0.24316475853438999,0.6796802901443079,1.0,-1.0,0.27772425585042665,0.08797956347317937,0.452684271648259,0.04884372687874314,0.30468183469661914,0.07458700233887565,0.452684271648259,0.1817165362195352,0.40721154995401404,0.1286793901569155,0.6826956264666583,0.06859524353028884,0.4504364105709469,0.10791250717148533,0.6826956264666583,0.25624273721687885,0.27772425585042665,0.08797956347317937,0.452684271648259,0.04884372687874314,0.30468183469661914,0.07458700233887565,0.452684271648259,0.1817165362195352,0.0038095238095238095,0.06160366334779516,1.0,0.0,0.0,0.0,0.0,0.0,39.47315352650577,4.968846724838216,54.25194688551643,15.805512983660568,39.06917670235687,2.513393369966945,43.71908297380838,34.362074396967735,-1.0,0.0,-1.0,-1.0,-1.0,0.0,-1.0,-1.0,21413.523057195092,22556.564973063145,155559.22906676357,5130.615901064646,12503.909516973663,3319.373681486593,19418.407235482373,7360.8481522429665,0.0,0.0,0,0,0.0,0.0,0,0,10.696803617247195,4.364787403237717,26.837598692944344,6.725977201492358,8.307475501720464,0.8314974507604,9.47810303625077,6.757302956791652,-534.8401808623597,892004,227000,4540,27.57000340221566,17.132304677004868,13.355489182045858,58.05779726126639,15199.793020053396,226
6.755083,4.9636855,586.8939,-588.2963,403.67386,-27.808397,-1188.626,-588.3236,403.28445,-27.745277,-1187.5488,-588.44324,403.4256,-28.264132,-1188.4467,6.755083,16.294128,150.1642,0.0011187196,4.963685,8.494847,65.14029,0.000365838,0.31464282,0.7484354,1.0,-1.0,-11.006089435621872,4.062012917887797,-6.286810452566945,-25.990601621421174,-550.3044717810936,38.099604295890515,-473.60507510713984,-607.4392572993441,0.25769123,0.75699645,1.0,-1.0,20,-11.561634978114554,4.4047015665016644,-6.86789197908875,-26.307314412574758,-578.0817489057279,39.334438450406424,-514.1394509767462,-667.6997210414097,0.2687810646156708,0.7260011339848567,1.0,-1.0,0.24535486489309846,0.10133177943844433,0.4418743801898964,0.013563979927404003,0.2719217534705203,0.10051031392699211,0.4418743801898964,0.10007814848135353,0.38070783385201207,0.172130867221903,0.7255537612301677,0.02215937438748558,0.42940069542341275,0.17354852679906954,0.7255537612301677,0.14483072982940956,0.24535486489309846,0.10133177943844433,0.4418743801898964,0.013563979927404003,0.2719217534705203,0.10051031392699211,0.4418743801898964,0.10007814848135353,0.014285714285714285,0.11866605518454394,1.0,0.0,0.0,0.0,0.0,0.0,38.47310188676651,6.198615176957288,56.86356902716121,11.16111294350341,38.19682586035014,4.21665564468984,45.49899120521291,27.84004373866915,-1.0,0.0,-1.0,-1.0,-1.0,0.0,-1.0,-1.0,24432.007140102553,20950.82882870375,144272.48986903447,5471.235689951911,16197.667507985427,5332.441123880351,26570.588479051083,6349.501922013616,0.0,0.0,0,0,0.0,0.0,0,0,11.006089435621874,4.062012917887798,25.990601621421174,6.286810452566945,8.774358674732083,1.0277245809666882,10.289621645439551,6.317798106786005,-550.3044717810936,896004,228000,4560,28.18442487080756,16.127579306004918,13.589629321017128,57.90163349782961,15257.693208455225,227
6.142189,5.411224,587.49567,-588.1572,407.10114,-24.232729,-1137.6257,-587.9911,406.81143,-24.632845,-1144.1173,-588.6689,406.67642,-24.161589,-1142.0746,6.142189,15.656459,103.56391,1.3448298e-06,5.4112244,14.221904,115.08402,0.0028067231,0.32488725,0.769313,1.0,-1.0,-10.867302422265988,4.218207680783532,-7.153261076570042,-27.053077008317032,-543.3651211132993,29.282129782424366,-478.9526152446941,-595.5953975815839,0.3195491,0.7120103,1.0,-1.0,20,-12.06759386097318,4.2024388007590225,-7.625839504645286,-26.40190546599003,-603.3796930486591,43.25316164268655,-547.5103885113232,-702.6480368919003,0.2774219516834944,0.6724466342313085,1.0,-1.0,0.24736884922607502,0.10499013581716313,0.4556448155188452,0.031704033817618923,0.2692883285036108,0.10749991481561688,0.4556448155188452,0.08348235052052619,0.3684200204783763,0.1592342841123364,0.6967063269342274,0.04734492815970956,0.4071086582879627,0.16403217203581158,0.6967063269342274,0.11943833051042221,0.24736884922607502,0.10499013581716313,0.4556448155188452,0.031704033817618923,0.2692883285036108,0.10749991481561688,0.4556448155188452,0.08348235052052619,0.012380952380952381,0.11057877011023848,1.0,0.0,0.0,0.0,0.0,0.0,38.61633251093931,6.013501586392566,57.545406306715726,15.24743352642134,38.04765786028425,4.277295586736036,46.39094175724591,28.43434629478655,-1.0,0.0,-1.0,-1.0,-1.0,0.0,-1.0,-1.0,23047.234333479457,22248.022474491718,151379.52204218655,4923.048943247268,14951.809296597801,5247.104878619168,23959.868553664786,7474.385760769312,0.0,0.0,0,0,0.0,0.0,0,0,10.867302422265988,4.218207680783532,27.053077008317032,7.153261076570042,8.592681087253158,0.6962524773571084,9.91829534516533,7.187314575287017,-543.3651211132993,900004,229000,4580,26.347848895071365,16.132372527004918,13.272811931979959,55.75303335405624,15310.478001026277,228
9.052115,5.72789,587.68835,-589.86597,416.2849,-24.039028,-1274.8595,-589.92084,416.15585,-24.199741,-1277.0385,-589.27155,415.6326,-24.203945,-1277.4874,9.052115,59.412197,669.88525,0.00010576937,5.72789,22.607758,182.48903,1.7671904e-05,0.2894396,0.75573045,1.0,-1.0,-10.876531628787141,4.185908158242886,-6.636444471231339,-26.413129991137755,-543.826581439357,38.21438841128742,-487.9056833050335,-668.5145601720892,0.34952793,0.74722075,1.0,-1.0,20,-11.839879525061646,4.567003391358238,-6.916419798722248,-26.30704004349045,-591.9939762530823,38.7198391199039,-521.6581026631837,-672.3704923702143,0.23133151388077877,0.7029969288805036,1.0,-1.0,0.24506874895217304,0.09653666291676108,0.4380629140775735,0.014346627859733169,0.27091379428068096,0.09321920538686192,0.428738119027399,0.10410582848022733,0.3773417766390342,0.1594183112473523,0.6857802250356961,0.02056529143673877,0.4240512415214786,0.15667624250247966,0.6826710939840916,0.1561092325595949,0.24506874895217304,0.09653666291676108,0.4380629140775735,0.014346627859733169,0.27091379428068096,0.09321920538686192,0.428738119027399,0.10410582848022733,0.010476190476190476,0.10181571543380252,1.0,0.0,0.0,0.0,0.0,0.0,39.07263644060141,5.958600686409419,56.78491400939346,17.01692714047145,38.98617820109945,3.784511110686105,45.39362196424383,32.96378845765409,-1.0,0.0,-1.0,-1.0,-1.0,0.0,-1.0,-1.0,21970.28994657062,21847.614788819013,156874.9021459198,4172.821066911022,13960.381765171647,5554.280448738279,23478.01822965139,4621.842269033501,0.0,0.0,0,0,0.0,0.0,0,0,10.876531628787141,4.185908158242886,26.413129991137755,6.636444471231339,8.686964489784868,1.1569421878398287,12.290245104793492,6.693290539175041,-543.826581439357,904004,230000,4600,27.157553148928855,13.150070008996408,13.443479180961731,53.751102338886994,15369.712326133158,229
4.972607,5.3076315,580.86035,-582.615,410.0901,-24.340832,-1180.9414,-582.49585,409.90405,-24.21371,-1178.8115,-582.92865,410.26523,-25.194283,-1177.6669,4.9726076,12.469462,99.36563,0.00023213268,5.3076315,15.387861,121.0554,0.0013867486,0.36652103,0.7493646,1.0,-1.0,-10.766402366908224,4.157762941954943,-6.48314463084699,-26.815408324799378,-538.3201183454113,36.93487192812354,-478.8887855823333,-618.3202085404212,0.32770008,0.65842295,1.0,-1.0,20,-11.435286006251406,4.53890953077631,-7.475834708781907,-26.62145345186924,-571.7643003125703,35.69984127825599,-498.2455642028469,-637.4270119226695,0.2785687512447986,0.6823677854560647,1.0,-1.0,0.2371112091092469,0.09559518125525546,0.44193746509296494,0.0349682031125143,0.2665402959323216,0.0938732895449542,0.44193746509296494,0.04633155797051811,0.3587929110205046,0.15754240068256456,0.7364610332740957,0.05554648374981283,0.410372937986791,0.15890011457456357,0.7364610332740957,0.07429255089073378,0.2371112091092469,0.09559518125525546,0.44193746509296494,0.0349682031125143,0.2665402959323216,0.0938732895449542,0.44193746509296494,0.04633155797051811,0.03333333333333333,0.17950549357115014,1.0,0.0,0.047619047619047616,0.21295885499998,1.0,0.0,37.33718444383351,5.766359602107259,53.53408555333971,17.419634328272192,36.7184090911804,3.858218406938351,41.35750548914315,25.08869311277257,-1.0,0.0,-1.0,-1.0,-1.0,0.0,-1.0,-1.0,22369.54942383566,21222.82065949707,151274.39504014666,4652.7006801888965,14322.612862270438,4143.3791035921295,22462.24085340953,5005.531140646115,0.0,0.0,0,0,0.0,0.0,0,0,10.766402366908224,4.157762941954943,26.815408324799378,6.48314463084699,8.579790977214092,1.1038457258362362,10.681392654733015,6.574648549651553,-538.3201183454113,908004,231000,4620,28.22475083700556,18.64984110200021,13.663303203036776,60.537895142042544,15427.4230003802,230
4.4097586,5.507468,589.76794,-591.526,409.44266,-23.520567,-1148.0065,-591.56903,409.50443,-23.45585,-1147.2692,-590.9275,409.1192,-23.63509,-1145.4508,4.409758,6.3027077,42.493942,4.275056e-05,5.5074677,12.993522,105.80861,0.0011187196,0.34410667,0.7114405,1.0,-1.0,-11.111215916732938,4.112788551567346,-7.17014993486555,-26.64441639953056,-555.5607958366469,45.620865620241766,-472.0043428448223,-659.2133423243042,0.2737504,0.78913206,1.0,-1.0,20,-11.57136744876152,4.351762950739238,-6.5830933850381745,-26.248189578338792,-578.5683724380759,26.212149239898043,-514.5257505607028,-622.6035326588664,0.29287197606574394,0.6781139494806369,1.0,-1.0,0.2748904470744386,0.0870343532823624,0.4692783760375185,0.01090740637258726,0.305044628756336,0.07821148142926382,0.4602661314604848,0.12566662927479721,0.4178937073479406,0.1482147520395289,0.7666318541930508,0.018664921317572802,0.4671871943002823,0.1400538193971193,0.7550223986614769,0.16306371107040368,0.2748904470744386,0.0870343532823624,0.4692783760375185,0.01090740637258726,0.305044628756336,0.07821148142926382,0.4602661314604848,0.12566662927479721,0.008571428571428572,0.0921843760280096,1.0,0.0,0.0,0.0,0.0,0.0,39.43605543736717,5.913677372979387,56.50499510093927,13.580889279911608,38.68945764010461,4.497963854072421,49.780559442654756,30.149455476231477,-1.0,0.0,-1.0,-1.0,-1.0,0.0,-1.0,-1.0,23300.607326447367,21586.360127258922,148298.48540245026,4841.322027746851,15472.459211019343,5710.003490468701,26640.490861964943,4950.532306507934,0.0,0.0,0,0,0.0,0.0,0,0,11.11121591673294,4.112788551567346,26.64441639953056,7.17014993486555,8.945144356225395,1.1877988281470027,11.256917421456029,7.202825618930598,-555.5607958366469,912004,232000,4640,28.949856686012936,15.799484285998915,13.625698449133779,58.37503942114563,15483.365893260358,231
5.374084,5.609004,583.15173,-584.54663,403.0775,-25.677204,-1249.2216,-584.32776,403.14297,-25.024122,-1246.8634,-584.9823,403.04785,-26.094751,-1244.9824,5.374084,19.398129,190.70592,1.4320016e-05,5.609004,12.521404,76.730286,0.0006262213,0.2797153,0.77234346,1.0,-1.0,-11.086120406075013,3.890579604425245,-7.602153217894387,-26.054678550753746,-554.3060203037506,33.007313303291994,-505.0884029977549,-645.909112988889,0.32307678,0.7015773,1.0,-1.0,20,-12.200677466394675,4.35242547058127,-7.444990589578958,-26.60502063622141,-610.0338733197335,41.3466648543639,-508.61000294652877,-692.1262493868426,0.21794474834624963,0.667886397669818,1.0,-1.0,0.25997717311436336,0.09242475776339533,0.43834555872630837,0.013483172896945093,0.2936454692523098,0.08133619720388091,0.43834555872630837,0.1250128524518804,0.3967690075900661,0.14757197200084254,0.7254738212165869,0.021329823441535473,0.4572068099666975,0.12743321967069735,0.7254738212165869,0.20153588897987787,0.25997717311436336,0.09242475776339533,0.43834555872630837,0.013483172896945093,0.2936454692523098,0.08133619720388091,0.43834555872630837,0.1250128524518804,0.010476190476190476,0.10181571543380252,1.0,0.0,0.0,0.0,0.0,0.0,38.84328650239091,5.696256733823681,55.220001224001955,14.729013442378777,38.69471648178804,2.699034259026573,44.624473349093634,33.85151851323175,-1.0,0.0,-1.0,-1.0,-1.0,0.0,-1.0,-1.0,22894.2965464831,20272.281138161987,139806.19427528346,4990.639264874995,16109.64361374686,4628.912798150021,26472.949266629123,7465.9890030772995,0.0,0.0,0,0,0.0,0.0,0,0,11.086120406075013,3.890579604425245,26.054678550753746,7.602153217894387,9.143455991279748,0.9394245898924201,11.359321869718057,7.7890653406749575,-554.3060203037506,916004,233000,4660,25.56440708509035,13.381504918004794,12.965563686993846,51.91147569008899,15537.446345700431,232
4.7966247,4.2715116,579.86975,-581.68805,414.9593,-26.282032,-1125.1052,-581.9761,415.22906,-26.396292,-1127.5049,-582.0868,414.92084,-26.287144,-1125.561,4.796625,19.127125,176.10638,2.6129419e-05,4.271511,14.413734,125.86035,2.1681772e-06,0.34813103,0.7311784,1.0,-1.0,-10.991680252752692,4.1113772616121365,-7.052284507399726,-25.730580643261252,-549.5840126376346,30.441226022223468,-494.0323527334938,-620.5108722278212,0.31597835,0.78648496,1.0,-1.0,20,-11.556290755482507,4.12156770873375,-6.73202832558555,-25.386221616368932,-577.8145377741254,36.26293070555114,-529.840113950545,-689.8208299798392,0.25335906879450143,0.7037245675578536,1.0,-1.0,0.2734751673785672,0.09212065922023784,0.43277485705922353,0.037603601488431705,0.30239479505249034,0.07997280576438064,0.4280240199865749,0.17242820343530296,0.4106912953952742,0.14918369773314333,0.6964971422553805,0.04995292628509715,0.4585902234178647,0.13508042429833073,0.6902357984648936,0.232618960987047,0.2734751673785672,0.09212065922023784,0.43277485705922353,0.037603601488431705,0.30239479505249034,0.07997280576438064,0.4280240199865749,0.17242820343530296,0.009523809523809525,0.09712418121129116,1.0,0.0,0.0,0.0,0.0,0.0,39.22367974205198,5.317956182214163,55.97574267289022,16.216222102724494,38.76896620576705,2.6509374088247677,44.458255716409255,34.788479755827865,-1.0,0.0,-1.0,-1.0,-1.0,0.0,-1.0,-1.0,23664.022810362738,21448.719737663538,140016.9157954997,7681.04187960334,15402.251692257621,5435.835456938134,27198.692235362883,7959.838023215328,0.0,0.0,0,0,0.0,0.0,0,0,10.991680252752692,4.1113772616121365,25.730580643261252,7.052284507399726,8.729554656469109,0.7816005707995127,10.401945366404005,7.061113483622431,-549.5840126376346,920004,234000,4680,28.89132295291347,15.530859850005072,14.453081426945573,58.875264229864115,15600.968601263296,233
4.3782444,3.037846,584.4143,-586.2173,394.05182,-24.775269,-1148.0569,-586.338,393.94687,-24.714735,-1148.5836,-586.3791,394.3103,-25.217299,-1153.1876,4.3782444,7.8967476,54.418987,6.991997e-05,3.037846,6.0763516,43.908012,0.00044597685,0.37978718,0.75649,1.0,-1.0,-10.806750224623295,4.222715359057931,-6.962998407169526,-25.766299950405692,-540.3375112311649,44.35601935963889,-468.74015415905814,-665.1912400335368,0.3335708,0.68054473,1.0,-1.0,20,-11.517200929030578,4.469108587399882,-5.589795606640502,-26.578370929498888,-575.8600464515289,47.81837703812195,-472.4957979499048,-674.6494035512034,0.28357691619432557,0.6834716949958375,1.0,-1.0,0.2397294926894044,0.10275497133937506,0.4281239488887942,0.018529789272479714,0.2620161330283698,0.10242068628462546,0.4275710225041642,0.07943005133224976,0.35831676222652514,0.15965350764349642,0.6658313521855639,0.026161115261407332,0.394940843171147,0.16169437928206276,0.6512415190877461,0.11614257727491414,0.2397294926894044,0.10275497133937506,0.4281239488887942,0.018529789272479714,0.2620161330283698,0.10242068628462546,0.4275710225041642,0.07943005133224976,0.013333333333333334,0.11469767022723504,1.0,0.0,0.0,0.0,0.0,0.0,37.18113863505251,6.029248532114731,55.34199609792763,10.099340483451979,36.9958574459356,3.6526261825166744,43.73399038103214,27.632087449635403,-1.0,0.0,-1.0,-1.0,-1.0,0.0,-1.0,-1.0,23923.890314707347,21181.973862175775,136045.5610513363,6401.935678080637,17000.80599491026,7150.302244216662,40722.26239113521,8257.27244480881,0.0,0.0,0,0,0.0,0.0,0,0,10.806750224623295,4.222715359057931,25.766299950405692,6.9629984071695254,8.615497543272225,1.3438366079099595,13.353710818063378,7.006195421423368,-540.3375112311649,924004,235000,4700,30.511791671866376,20.23297342799924,14.183253770126612,64.92801886999223,15664.37052825628,234
3.9473794,4.6118684,584.191,-586.08057,398.0247,-25.411964,-1080.9213,-586.05164,398.21646,-25.277105,-1080.6929,-585.8752,398.5057,-24.585457,-1080.3126,3.947379,14.9291725,158.88937,1.7736107e-05,4.611869,15.674869,158.55412,1.4668563e-05,0.36276832,0.72869843,1.0,-1.0,-11.11218715699427,4.0641969058756064,-6.667341408292034,-27.119073360461034,-555.6093578497135,43.819203984822515,-470.6557909557197,-640.4653268185618,0.29755872,0.7112695,1.0,-1.0,20,-11.778533132768354,4.503489845588841,-7.104558952825861,-29.215432609414737,-588.9266566384177,42.74725120112976,-506.91129153522525,-660.873730161206,0.2787511900644395,0.6619398845603907,1.0,-1.0,0.22838210237790055,0.09132877755180653,0.4244921546263869,0.008618343625250633,0.248671291577514,0.09396704942934313,0.4244921546263869,0.07997625545787107,0.33897656400176734,0.14306151657409896,0.645539920594546,0.01106641165629818,0.3702332078853797,0.15404544006367327,0.645539920594546,0.11042609499056869,0.22838210237790055,0.09132877755180653,0.4244921546263869,0.008618343625250633,0.248671291577514,0.09396704942934313,0.4244921546263869,0.07997625545787107,0.02666666666666667,0.16110727964792762,1.0,0.0,0.0,0.0,0.0,0.0,37.05720190876939,6.739969476869065,53.695000221877024,8.68219884022871,36.63923996222371,5.912257002016466,52.59131382546461,25.05567963340009,-0.9990476190476191,0.0308459709346698,0.0,-1.0,-1.0,0.0,-1.0,-1.0,22763.688214811576,21176.133623945872,150418.7391981118,5877.272404293012,16122.395104916355,5740.434322872597,28656.68900620185,6380.265961046209,0.0,0.0,0,0,0.0,0.0,0,0,11.11218715699427,4.0641969058756064,27.119073360461037,6.667341408292034,9.279520762733243,1.7401310886568113,14.113117164437822,6.730052854770277,-555.6093578497135,928004,236000,4720,29.927849747917207,18.655215138998756,13.880593154899543,62.463658041815506,15724.702521941115,235
3.256741,2.9145331,570.00244,-572.6487,408.078,-25.631073,-1133.4863,-572.66327,408.31693,-25.802448,-1136.2222,-572.44867,408.3811,-25.375366,-1130.0682,3.256741,7.4681334,59.24978,3.9521605e-05,2.9145331,5.32931,37.87086,6.2957406e-05,0.32622787,0.75379163,1.0,-1.0,-11.097506569716716,3.9832434427236834,-7.5786980941994315,-26.285663763811563,-554.8753284858359,35.77485740808733,-496.44587133466064,-623.1102978586347,0.2935734,0.7237286,1.0,-1.0,20,-11.631467390268318,4.2891514525498975,-6.299043190684726,-26.323039206605717,-581.573369513416,42.273483933376795,-494.5948443226095,-671.7812146042907,0.2603875199866308,0.7163483436536818,1.0,-1.0,0.28594650176283676,0.09562751845467057,0.4437786583896826,0.02819497658677492,0.3174267945345393,0.08780295884727579,0.4437786583896826,0.11523149603181593,0.4389206358815375,0.1581561222142182,0.7326731298698966,0.032996945433334826,0.4949713367439214,0.14659815238520524,0.7326731298698966,0.18711573203998846,0.28594650176283676,0.09562751845467057,0.4437786583896826,0.02819497658677492,0.3174267945345393,0.08780295884727579,0.4437786583896826,0.11523149603181593,0.006666666666666667,0.08137703743822466,1.0,0.0,0.0,0.0,0.0,0.0,40.277425744636666,5.643014125789014,56.83041230862233,13.13595603763516,39.619563409147034,3.0673648248683887,45.457110348102184,33.66819597517799,-1.0,0.0,-1.0,-1.0,-1.0,0.0,-1.0,-1.0,21723.326709915185,21256.886878036363,145873.25480408658,4747.691224983588,13953.833634231329,4286.3247412236515,21800.959416355792,4788.515395442345,0.0,0.0,0,0,0.0,0.0,0,0,11.097506569716716,3.9832434427236834,26.285663763811563,7.578698094199431,9.053200334766155,1.0341789603951934,11.865788081093953,7.619250895345279,-554.8753284858359,932004,237000,4740,28.059137110198208,16.532906959000684,13.515747036952234,58.107791106151126,15782.680191140265,236
6.3247633,5.5838547,583.55066,-585.9643,406.3513,-25.045397,-1119.8054,-585.7006,406.21222,-24.901142,-1119.3684,-584.6675,405.80084,-24.376312,-1117.741,6.3247633,12.086362,90.642395,5.4993667e-05,5.5838547,10.3156595,62.198406,0.0009183297,0.38426104,0.75324154,1.0,-1.0,-10.710632790974561,4.207484798456719,-7.0020408668640854,-26.811794584794953,-535.5316395487281,25.226167223768257,-489.4408171023256,-592.7617746067177,0.34294236,0.7645256,1.0,-1.0,20,-11.935305865177943,4.289232450842774,-7.116839297182848,-27.58755458964124,-596.7652932588973,32.076083189121356,-523.1453337563777,-652.7758273427683,0.2589045852773007,0.7027327361708349,1.0,-1.0,0.26932329502971125,0.08316503285776908,0.4169009134866141,0.024738365487467814,0.2929711354073539,0.07441230349404665,0.4169009134866141,0.17169411040741067,0.3833975721400913,0.11343919539236437,0.6643200487243606,0.036038912471180184,0.41872411425771505,0.09917500896962268,0.6643200487243606,0.23128021814150815,0.26932329502971125,0.08316503285776908,0.4169009134866141,0.024738365487467814,0.2929711354073539,0.07441230349404665,0.4169009134866141,0.17169411040741067,0.006666666666666667,0.08137703743822466,1.0,0.0,0.0,0.0,0.0,0.0,39.4720615196878,5.201954833683301,54.14135854514012,9.558388929285677,39.00728938019482,2.6254012704384584,44.66245517166275,33.57859665051638,-0.9990476190476191,0.030845970934669793,0.0,-1.0,-1.0,0.0,-1.0,-1.0,22676.566032906703,21569.835059415786,145987.39887424003,6181.588224511938,14113.790547727931,4222.046874340083,24845.605401133667,6342.9112941211315,0.0,0.0,0,0,0.0,0.0,0,0,10.710632790974561,4.207484798456719,26.81179458479495,7.0020408668640854,8.413205963765545,0.6640377104229471,9.773685483378713,7.063551538804365,-535.5316395487281,936004,238000,4760,26.053120656957617,16.405339698001626,13.31590813693765,55.774368491896894,15837.586613416148,237
3.652231,3.010918,573.1963,-573.8971,401.35278,-23.249996,-1093.1099,-573.8961,401.66824,-22.73733,-1093.5948,-574.1919,401.3524,-23.287598,-1093.5961,3.6522312,10.635155,74.64854,3.580004e-06,3.0109181,6.6688223,47.582123,1.4901161e-06,0.31146213,0.78049684,1.0,-1.0,-10.922385729368155,4.189543811593685,-6.421576283537235,-27.553434250179393,-546.1192864684077,36.93248143662011,-460.3804795901956,-602.1501255975523,0.335369,0.6861882,1.0,-1.0,20,-12.077978395311693,4.560079416167738,-5.594586851442044,-28.30002619098891,-603.8989197655848,50.403588171480294,-497.6216700760867,-719.2512556158541,0.26429522441902753,0.7050038511887455,1.0,-1.0,0.24232570790153557,0.0944977313046512,0.4324249913418284,0.016516831285715263,0.26586682601994494,0.09267640645349123,0.4324249913418284,0.10595613363859933,0.3630866021283293,0.1480528576212819,0.6963842443854877,0.025273908203886197,0.4008196917005967,0.14629942472635712,0.6963842443854877,0.17398006517384298,0.24232570790153557,0.0944977313046512,0.4324249913418284,0.016516831285715263,0.26586682601994494,0.09267640645349123,0.4324249913418284,0.10595613363859933,0.012380952380952381,0.11057877011023849,1.0,0.0,0.0,0.0,0.0,0.0,38.449170030043945,5.609793367581178,54.2195482792819,9.558726796896169,38.12248671340946,2.8952506728703877,42.56032523514701,32.91024224459965,-0.9990476190476191,0.030845970934669793,0.0,-1.0,-1.0,0.0,-1.0,-1.0,21617.477768286906,22409.474943487203,159961.1629093546,4928.52167242217,13326.809075525289,5778.416424193475,27375.2972788787,5058.468902463172,0.0,0.0,0,0,0.0,0.0,0,0,10.922385729368155,4.189543811593685,27.553434250179393,6.421576283537235,8.739523034735484,0.9191746911471763,10.311121746806593,6.540769900701489,-546.1192864684077,940004,239000,4780,29.348782195040258,15.539146874994913,13.303035692988487,58.19096476302366,15894.431965889176,238
6.869213,8.309217,588.6084,-590.19135,407.19635,-23.598198,-1167.8572,-590.1072,406.99747,-23.575605,-1167.1091,-590.1904,407.4886,-23.122581,-1167.7827,6.869213,33.407833,356.90643,5.0235598e-05,8.309217,56.10714,627.73737,1.4320016e-05,0.27446216,0.734033,1.0,-1.0,-10.985500346405312,4.047158440608433,-6.976644464002592,-26.561272892547784,-549.2750173202655,35.089376046747006,-481.0673556698143,-633.4374968167833,0.35854167,0.75442314,1.0,-1.0,20,-11.336454374077281,4.409098489450552,-6.589441344362442,-26.658800143126342,-566.8227187038641,30.460734593697165,-519.172399658239,-643.1846219099223,0.2872620873249513,0.68201652608435,1.0,-1.0,0.21457079592061454,0.08274713572814686,0.4307983455155763,0.030552233089028037,0.24226362948158284,0.07340137551569309,0.43071022574294954,0.11937298851868444,0.3295484410245869,0.1341455114747191,0.7219633170670153,0.045181542554261406,0.37588481052523093,0.12214452254602258,0.7214063479374611,0.18598880924919373,0.21457079592061454,0.08274713572814686,0.4307983455155763,0.030552233089028037,0.24226362948158284,0.07340137551569309,0.43071022574294954,0.11937298851868444,0.01904761904761905,0.13669238185149832,1.0,0.0,0.0,0.0,0.0,0.0,37.259721718519124,5.543743831779037,55.48742610698815,11.614798525607977,37.59932841900565,2.9689292984901514,43.79037268299385,31.059644720773928,-1.0,0.0,-1.0,-1.0,-1.0,0.0,-1.0,-1.0,22162.017695074705,21197.96262307335,143092.90889504825,5156.219882438479,15457.69270468915,6191.5562601533165,33432.40030759746,6113.3803744309325,0.0,0.0,0,0,0.0,0.0,0,0,10.985500346405313,4.047158440608433,26.561272892547784,6.976644464002591,9.031220984043074,1.202938987185344,11.587033349960247,7.020381165757854,-549.2750173202655,944004,240000,4800,22.983869801988476,14.195252616998914,12.325713485101005,49.504835904088395,15944.44016511627,239
3.8248124,3.4224353,582.84924,-584.1711,404.33893,-25.442343,-1142.5189,-583.8757,404.3411,-25.295685,-1142.7014,-583.3865,404.15143,-24.803938,-1141.4183,3.8248127,7.872016,56.82251,1.1269003e-05,3.4224353,7.0401783,40.73718,0.00016585365,0.3394619,0.7507001,1.0,-1.0,-11.078436579154351,4.142115644709701,-7.101591828933622,-26.91798117641558,-553.9218289577175,32.66315436780129,-494.27916067284895,-643.4376934505354,0.26187605,0.7738219,1.0,-1.0,20,-11.273663800625998,4.693678030955203,-6.550039541732612,-26.68249776847693,-563.6831900312998,48.39729680702626,-464.38650195880444,-665.9788836128469,0.3022447045092928,0.6895092077825065,1.0,-1.0,0.22726311537922705,0.08465183650160561,0.38331267439214134,0.03830752566735109,0.25059870674138773,0.08363264378239468,0.38331267439214134,0.08254040805250888,0.341558991980284,0.13674751110389358,0.6197197015677148,0.05701499732115023,0.3803958005717998,0.1370682796052954,0.6197197015677148,0.12321108019375915,0.22726311537922705,0.08465183650160561,0.38331267439214134,0.03830752566735109,0.25059870674138773,0.08363264378239468,0.38331267439214134,0.08254040805250888,0.006666666666666667,0.08137703743822466,1.0,0.0,0.0,0.0,0.0,0.0,37.60255808220114,6.167484304464661,57.91554816242567,16.767951526207263,37.45065657606553,4.228478100153515,46.72440438783489,30.022878371042804,-1.0,0.0,-1.0,-1.0,-1.0,0.0,-1.0,-1.0,23026.30645561146,21861.56675854363,156584.88273289643,7432.894321941152,14952.19768913914,5277.339162391108,26363.557294589147,8104.697790817929,0.0,0.0,0,0,0.0,0.0,0,0,11.078436579154351,4.142115644709701,26.917981176415584,7.101591828933622,8.839297779584774,0.7504780086480045,10.870821807065223,7.151118712534619,-553.9218289577175,948004,241000,4820,24.773110402915336,14.696811362002336,12.962477044995467,52.43239880991314,15995.830113600176,240
5.691167,2.3338094,583.7296,-584.9114,406.91473,-25.67157,-1099.1803,-584.4584,406.53497,-25.685236,-1099.1406,-584.80066,406.9374,-25.098291,-1099.4163,5.691167,37.950027,430.70563,9.536743e-07,2.3338094,5.814274,44.643505,4.4260174e-05,0.3220697,0.78165597,1.0,-1.0,-10.94319824255637,4.000255886997635,-6.789378784366175,-25.821072226925857,-547.1599121278188,39.883792094907136,-476.84015673052056,-613.1526195161008,0.19711208,0.7289181,1.0,-1.0,20,-11.931654159025909,4.385044582409484,-6.521144840998083,-27.294130831760988,-596.5827079512953,45.3971839736805,-499.8751622497027,-678.2322709819856,0.2575822020510831,0.6883624528541108,1.0,-1.0,0.2638580598168997,0.10404678597861619,0.4372733116074692,0.016842373052318366,0.29416565114571336,0.0934033157555921,0.4372733116074692,0.096907496499883,0.38958375404431017,0.1563704757172462,0.7094699322968739,0.024150830966331513,0.43811950677744377,0.13932104435814607,0.7094699322968739,0.15298783354811288,0.2638580598168997,0.10404678597861619,0.4372733116074692,0.016842373052318366,0.29416565114571336,0.0934033157555921,0.4372733116074692,0.096907496499883,0.035238095238095235,0.18438105076738812,1.0,0.0,0.0,0.0,0.0,0.0,38.536291617432305,6.475991776164337,55.05934249238692,3.766372180259232,38.49722475800776,3.816152641826276,44.07562861789136,28.95903216651983,-0.9990476190476191,0.030845970934669793,0.0,-1.0,-1.0,0.0,-1.0,-1.0,22891.999395616884,21256.27185016737,139592.5359672096,5393.226780730249,16080.807363331838,6776.728988149323,31367.500108184737,6734.742063041576,0.0,0.0,0,0,0.0,0.0,0,0,10.943198242556372,4.000255886997634,25.821072226925857,6.789378784366175,8.839477414630649,1.2074633700360473,11.356205473766682,6.858415555370784,-547.1599121278188,952004,242000,4840,21.911404834005225,13.639802534999035,12.257941957024741,47.809149326029,16046.42414465022,241
3.5825768,3.2505531,578.2611,-579.9342,414.35574,-25.693882,-1156.9207,-579.619,414.27792,-25.687744,-1156.984,-579.2627,414.56592,-24.964415,-1155.233,3.5825768,8.082674,49.736973,0.00017380714,3.2505531,6.7826476,48.83778,1.2103468e-05,0.28935495,0.7719142,1.0,-1.0,-11.195362982399049,4.065304531593138,-7.437108618058266,-26.07469919320005,-559.7681491199526,38.78087423609038,-500.2837022145043,-618.6084247299349,0.4311894,0.7177133,1.0,-1.0,20,-11.643691847776354,4.3743091093752975,-6.4302929427923985,-26.58778853100769,-582.1845923888177,41.248947055898086,-483.9752333321097,-649.9901703463387,0.3044072492618767,0.6923068203569486,1.0,-1.0,0.24387215730990008,0.08999649002708159,0.44052483412579735,0.028535329740559907,0.27106305935071184,0.0844204586781937,0.44052483412579735,0.12845507455898325,0.3718998871972767,0.15317304056536155,0.7129457413188711,0.03401513406550152,0.41852975800782133,0.15000737164810998,0.7129457413188711,0.1724392526397343,0.24387215730990008,0.08999649002708159,0.44052483412579735,0.028535329740559907,0.27106305935071184,0.0844204586781937,0.44052483412579735,0.12845507455898325,0.007619047619047619,0.08695399779438724,1.0,0.0,0.0,0.0,0.0,0.0,37.96982724687904,5.607131100411126,55.786843872460544,14.8242255257239,37.649249552225584,2.7892836438543553,44.612596169963275,32.00417768769556,-1.0,0.0,-1.0,-1.0,-1.0,0.0,-1.0,-1.0,24237.299118568408,21137.9571949998,143175.95964001777,4183.561492265741,16034.886251140962,5096.542764693362,26234.576772411292,4219.6190403863775,0.0,0.0,0,0,0.0,0.0,0,0,11.195362982399049,4.065304531593138,26.074699193200054,7.437108618058266,8.988740667649108,0.9213843942749866,10.43509187214308,7.482731528366055,-559.7681491199526,956004,243000,4860,27.299229045071115,16.453831251004885,13.109272060159128,56.86233235623513,16106.32049451246,242
1.9558465,1.8264122,571.16565,-572.5653,397.80304,-24.428795,-1120.3522,-572.6696,397.871,-24.492733,-1120.242,-572.4747,397.68118,-24.654684,-1120.7318,1.9558467,5.2379174,43.644314,3.8001686e-05,1.8264122,4.3824353,42.277775,0.0015884973,0.36475667,0.7498461,1.0,-1.0,-10.904813494728687,4.173940344220696,-6.843295713087826,-25.908040179040047,-545.2406747364342,45.12631973307445,-469.7777567480111,-635.7510305947892,0.33456948,0.69294137,1.0,-1.0,20,-11.817377016155337,4.390499674978525,-6.52721784163276,-26.574775589212503,-590.8688508077669,51.917356699484095,-475.3123013559009,-706.2748682244127,0.26960160815084466,0.665447254884041,1.0,-1.0,0.2507512440819228,0.10049682879056215,0.4546895432118106,0.00879185535790177,0.27391011183079855,0.09749770615429922,0.44654010950387674,0.076292273323951,0.3767665534739804,0.15944738845840234,0.7654405947389984,0.011041438583547697,0.4146389769051498,0.15827947573097642,0.753932127436144,0.09776318016568641,0.2507512440819228,0.10049682879056215,0.4546895432118106,0.00879185535790177,0.27391011183079855,0.09749770615429922,0.44654010950387674,0.076292273323951,0.017142857142857144,0.12980361933257767,1.0,0.0,0.0,0.0,0.0,0.0,38.59730726310121,5.950162265653717,55.42796843414559,10.515199083455618,38.35654048670193,3.404456781358741,43.79650805312061,28.628019870791174,-1.0,0.0,-1.0,-1.0,-1.0,0.0,-1.0,-1.0,21738.00672082281,21850.820294160403,141767.85837872958,6872.4289108780085,13316.423675258815,4907.633701394325,24434.860923776927,7569.243272870326,0.0,0.0,0,0,0.0,0.0,0,0,10.904813494728687,4.173940344220696,25.908040179040047,6.843295713087826,8.658740130996843,1.090996301610921,11.274995012993397,6.878242972470281,-545.2406747364342,960004,244000,4880,27.653157847984403,19.49104994800291,13.34653564182372,60.490743437811034,16161.057711953268,243
3.3949583,2.599252,574.0978,-576.1543,412.527,-26.443184,-1099.5195,-575.9225,412.21158,-26.639277,-1103.1995,-575.161,411.99606,-25.914093,-1095.628,3.3949583,3.573881,16.814804,0.0013019989,2.599252,5.683636,57.326267,4.5309425e-06,0.34725547,0.70726323,1.0,-1.0,-11.141300094842721,4.108595284006185,-6.508457434584577,-26.424255654299618,-557.0650047421361,36.28084676922157,-464.89586876803565,-614.2245797367959,0.26927808,0.75649625,1.0,-1.0,20,-12.09183023875475,4.623174524933303,-7.096017723826406,-26.685153671598172,-604.5915119377374,90.3203456717272,-511.6475997206427,-943.5650482837012,0.27987405220661493,0.6832585720211013,1.0,-1.0,0.2552230520100096,0.10659604254633225,0.4557563139400676,0.018591876667578843,0.2836413137637787,0.10485325503206429,0.4557563139400676,0.12651084207507704,0.38431400453006626,0.17049117398449967,0.7227730476225745,0.027467543254560467,0.43120808862454296,0.1718793537982234,0.7227730476225745,0.18131237738995115,0.2552230520100096,0.10659604254633225,0.4557563139400676,0.018591876667578843,0.2836413137637787,0.10485325503206429,0.4557563139400676,0.12651084207507704,0.014285714285714285,0.11866605518454394,1.0,0.0,0.0,0.0,0.0,0.0,37.85441495044472,5.831082493216677,54.29173859494342,11.272164120864492,37.15287683943474,2.7853407517572792,42.041325854268386,32.4176268378213,-1.0,0.0,-1.0,-1.0,-1.0,0.0,-1.0,-1.0,23201.49890990644,22174.73515253073,145328.1076968435,4793.096062502374,14628.881224579976,6463.876780276543,32812.661990596134,4942.461884972244,0.0,0.0,0,0,0.0,0.0,0,0,11.141300094842721,4.108595284006185,26.424255654299618,6.508457434584577,9.01333676929626,0.964193500475121,10.476466914188725,6.728581829451078,-557.0650047421361,964004,245000,4900,28.24631145890453,13.706834383003297,13.37084009686805,55.32398593877588,16218.69706453503,244
8.74427,12.546912,580.1572,-580.861,410.63754,-28.721474,-1252.3596,-580.2613,410.15628,-27.377611,-1237.2158,-582.2135,411.30618,-28.447393,-1256.5983,8.744271,23.095074,231.33363,4.58993e-05,12.546913,37.013588,375.67923,0.0019432793,0.31644574,0.7448532,1.0,-1.0,-10.679299906368552,4.178321540743525,-7.258626643046943,-26.226120165285565,-533.9649953184276,31.052343558735302,-463.15848987149553,-601.6487471964128,0.29541308,0.67892677,1.0,-1.0,20,-11.829779524089968,4.499351864988381,-7.25609196106579,-26.638856844589487,-591.4889762044984,41.099273498162454,-506.3532921710451,-660.5347084790033,0.2612765756286011,0.6977694964005873,1.0,-1.0,0.23326706611246945,0.11441630113534497,0.4481171142128789,0.020286062352780805,0.2521919650713259,0.12141426230419242,0.4481171142128789,0.0316453141477965,0.3460367962236298,0.17846568054173786,0.7336352100762181,0.028847685773338905,0.3774312765366413,0.1938390445475336,0.7336352100762181,0.050554685142326444,0.23326706611246945,0.11441630113534497,0.4481171142128789,0.020286062352780805,0.2521919650713259,0.12141426230419242,0.4481171142128789,0.0316453141477965,0.047619047619047616,0.21295885499997996,1.0,0.0,0.047619047619047616,0.21295885499998,1.0,0.0,36.545250646168775,7.0686181493305495,54.52368831495499,11.24247383777608,35.56138854982343,5.725752979330754,42.641169032103846,18.292422425291665,-1.0,0.0,-1.0,-1.0,-1.0,0.0,-1.0,-1.0,21940.92366364347,21670.01881369803,147280.34803429153,5090.160066076739,13478.639806049227,3681.151757996681,20904.343924777117,5826.5036058331525,0.0,0.0,0,0,0.0,0.0,0,0,10.679299906368552,4.178321540743525,26.226120165285565,7.258626643046943,8.411260162117742,0.6426779943706363,9.665718098097644,7.293619400629685,-533.9649953184276,968004,246000,4920,24.06606669406756,16.025462133002293,12.796214322021115,52.887743149090966,16267.339851093122,245
2.7041798,3.709907,583.93604,-586.7081,409.6599,-25.280577,-1168.2777,-586.6985,409.44107,-25.965946,-1165.6771,-587.1117,409.62387,-25.69269,-1167.1064,2.7041798,5.947515,34.029854,1.3355224e-05,3.709907,6.242057,33.851887,0.001168251,0.36169982,0.760845,1.0,-1.0,-10.750022953880974,4.376661738443009,-6.540351514829998,-26.537483927166964,-537.5011476940488,30.812694049853704,-454.46906786397915,-591.1307487235672,0.1915394,0.77841234,1.0,-1.0,20,-11.817817710177739,4.476580024476291,-6.409179088958979,-26.000121764679193,-590.8908855088869,48.601639773599395,-510.0558870763369,-706.9140166394994,0.2346307009822423,0.7119536043619572,1.0,-1.0,0.24563133464228593,0.0922527079530225,0.44262582078021956,0.01292961558805663,0.2748520917026411,0.08551712001518567,0.44262582078021956,0.09294654452605045,0.3742850167598884,0.1471618563797165,0.6733282186651346,0.021811125467428,0.4238450516094818,0.13616767198727034,0.6733282186651346,0.15787630749673562,0.24563133464228593,0.0922527079530225,0.44262582078021956,0.01292961558805663,0.2748520917026411,0.08551712001518567,0.44262582078021956,0.09294654452605045,0.012380952380952381,0.11057877011023848,1.0,0.0,0.0,0.0,0.0,0.0,38.55975413882276,6.157811863005618,56.41599662440567,11.133196581773456,38.42211555837172,3.5489602019285655,45.44495739077257,31.829147897824352,-1.0,0.0,-1.0,-1.0,-1.0,0.0,-1.0,-1.0,22434.854757377132,22663.749835734965,145251.69359444315,5196.203722556308,13791.138412084696,3912.6896124317545,20514.315467114862,5220.675644907095,0.0,0.0,0,0,0.0,0.0,0,0,10.750022953880974,4.37666173844301,26.537483927166964,6.540351514829999,8.38849951864248,0.7343079665675522,9.499372584513283,6.6197685881661315,-537.5011476940488,972004,247000,4940,27.715844997088425,11.799444527998276,13.178175326022028,52.69346485110873,16322.570514276224,246
4.0304,5.12079,573.6299,-576.2407,406.04855,-26.729624,-1153.966,-576.43604,406.28265,-26.284275,-1153.7649,-576.13293,406.25055,-26.384592,-1153.6154,4.0303993,13.467196,141.86055,0.0012879968,5.1207905,16.638205,167.18945,5.056057e-05,0.3379159,0.7570523,1.0,-1.0,-10.744273013200987,4.09669728805703,-6.90816479106229,-27.695880148938535,-537.2136506600494,29.471912562860886,-465.284930011359,-585.9178860081953,0.29880932,0.7567417,1.0,-1.0,20,-11.868813476726901,4.395682829781534,-7.2414750667620655,-26.248065479615132,-593.440673836345,42.85284006009173,-517.9078514280363,-670.4516894621482,0.2789084036444961,0.6762341185020045,1.0,-1.0,0.2151216842815811,0.0870915847679315,0.4147575270797481,0.027256516198608485,0.23414797203265575,0.08883064522462267,0.4147575270797481,0.09470212382481866,0.31714965835369957,0.134964644262888,0.6592815781132826,0.04154681280431208,0.3465612326830535,0.1418427747780517,0.6592815781132826,0.10380117785040674,0.2151216842815811,0.0870915847679315,0.4147575270797481,0.027256516198608485,0.23414797203265575,0.08883064522462267,0.4147575270797481,0.09470212382481866,0.014285714285714285,0.11866605518454394,1.0,0.0,0.0,0.0,0.0,0.0,37.463219894402584,6.048364303109813,54.849898564619245,16.328039534740796,37.355090989932265,4.1032414681937945,42.84042814605177,27.125013389919395,-1.0,0.0,-1.0,-1.0,-1.0,0.0,-1.0,-1.0,22036.75300496931,20940.588523871145,161933.85159298647,6371.792570038061,14172.231105380142,4159.135883158755,23899.973224478807,6371.792570038061,0.0,0.0,0,0,0.0,0.0,0,0,10.744273013200988,4.0966972880570305,27.695880148938535,6.90816479106229,8.547096551800983,0.7560344473068482,9.820514698361567,6.936870206220632,-537.2136506600494,976004,248000,4960,28.406805443963094,14.335906268999679,13.218354751101288,55.96106646406406,16378.561065191294,247
3.4270349,2.9284499,580.4885,-582.3414,396.99905,-27.49621,-1120.1373,-582.5472,396.92694,-27.720036,-1120.7352,-582.02924,396.91592,-27.431606,-1121.7214,3.4270349,7.0224104,36.065125,0.00013768696,2.9284496,9.314414,89.56247,1.4032761e-05,0.38210845,0.7370012,1.0,-1.0,-10.774204395008072,4.297112130763125,-6.588762089666842,-27.097357639950367,-538.7102197504037,36.47384866076878,-481.92231942791506,-607.6446890394285,0.29933804,0.73406833,1.0,-1.0,20,-11.890421053245314,4.349729382711,-7.0282774474751735,-26.38171217965384,-594.5210526622657,46.14959624382826,-522.3364602163316,-687.2571959599825,0.2477165164619255,0.7003596584249759,1.0,-1.0,0.2247634869081567,0.09295048403071447,0.443056280533292,0.037784946777460963,0.2513845294547607,0.08914266729096076,0.443056280533292,0.11792837044042317,0.3413912158842054,0.15160703877610232,0.6986430120300762,0.05296373723107936,0.38501785271295286,0.15103147460225344,0.6986430120300762,0.15637434502363348,0.2247634869081567,0.09295048403071447,0.443056280533292,0.037784946777460963,0.2513845294547607,0.08914266729096076,0.443056280533292,0.11792837044042317,0.018095238095238095,0.13329591311632455,1.0,0.0,0.0,0.0,0.0,0.0,37.198079062927626,5.667096757597822,53.28500636308667,14.705677907075597,37.369707658164806,2.384324663520037,41.16700712914142,31.760285579634854,-1.0,0.0,-1.0,-1.0,-1.0,0.0,-1.0,-1.0,22090.387485405558,22069.027830804614,151309.74046134754,5130.257296808257,13842.357336765657,4405.733623089837,24260.96525589098,7241.1431669046,0.0,0.0,0,0,0.0,0.0,0,0,10.774204395008072,4.297112130763125,27.097357639950367,6.588762089666842,8.450026048719778,0.987398439727521,10.445421464591009,6.697750339793729,-538.7102197504037,980004,249000,4980,30.40437499796826,14.351536202004354,13.263652368928888,58.0195635689015,16437.279422844207,248
3.1968703,3.4619079,577.30493,-578.8552,396.76883,-29.309504,-1105.2047,-579.10876,396.90564,-29.390604,-1106.5566,-579.06445,396.64615,-29.01645,-1106.0563,3.1968703,8.139787,68.050415,2.5048852e-05,3.4619079,8.1926365,58.555096,0.00033082068,0.2786097,0.7667391,1.0,-1.0,-10.786965425609742,4.30599992487784,-6.387430746555122,-26.081656949308105,-539.348271280487,40.2535045933059,-464.4506682290614,-612.8112444691895,0.25501692,0.68879163,1.0,-1.0,20,-11.8121678108942,4.5348829725797435,-7.08542219692831,-26.40714268355564,-590.6083905447099,43.08149451884347,-514.171282065081,-674.2976958352575,0.24051340030303603,0.6821100585739922,1.0,-1.0,0.25427801784669807,0.0980647518214154,0.43011755587589334,0.017447116173248185,0.28023122444308224,0.09450647220994356,0.4207333062317064,0.10939798345069845,0.3720636540520913,0.1507674224086462,0.6536158188983019,0.022701807281742252,0.4125984421332345,0.15042939091034505,0.6425631147037667,0.13941821579760594,0.25427801784669807,0.0980647518214154,0.43011755587589334,0.017447116173248185,0.28023122444308224,0.09450647220994356,0.4207333062317064,0.10939798345069845,0.011428571428571429,0.10629185850136157,1.0,0.0,0.0,0.0,0.0,0.0,38.34172654374359,5.574485395339994,54.05288551881777,5.529510498353656,38.022670458828685,2.7635513198867927,42.51227436566571,32.02986519661999,-0.9990476190476191,0.0308459709346698,0.0,-1.0,-1.0,0.0,-1.0,-1.0,21743.296812883822,22487.6983013346,144227.48715305157,4184.946062828035,13462.090888579101,5324.95464241745,23174.797005252152,4763.664395363903,0.0,0.0,0,0,0.0,0.0,0,0,10.786965425609742,4.30599992487784,26.0816569493081,6.387430746555121,8.524829404703945,1.0721069431303127,10.756095804183428,6.603529967912319,-539.348271280487,984004,250000,5000,24.993844607837673,15.059860029003175,12.61745884692209,52.67116348376294,16490.410762460968,249
2.9500704,3.1978035,576.3693,-577.53235,399.34106,-29.72912,-1258.9506,-578.05396,399.54724,-29.792698,-1262.0621,-577.603,399.40134,-29.37941,-1260.9159,2.9500704,9.091507,83.5859,8.33308e-05,3.1978035,8.126335,66.80847,0.00016516658,0.31487298,0.75623256,1.0,-1.0,-10.98780556032412,4.038800007086904,-7.258987479371245,-26.50209589774186,-549.3902780162061,26.663630408508652,-507.63660655018526,-608.2473643286161,0.33854032,0.739529,1.0,-1.0,20,-12.011162542031418,3.9885830175119548,-6.599590432266741,-25.948494550983032,-600.5581271015708,50.384055955781825,-494.70024009978397,-679.6051707816811,0.23101997407985944,0.7011250277336899,1.0,-1.0,0.21330942502519346,0.07818223850560561,0.42186193348005147,0.028715322023904574,0.23339026067089932,0.07507702021408574,0.4156679237777029,0.11681057704705282,0.3237800918499409,0.12591980511645032,0.6836047423997915,0.04378599796359617,0.35615293547592847,0.1255377834469446,0.6758236206614292,0.15144712316715622,0.21330942502519346,0.07818223850560561,0.42186193348005147,0.028715322023904574,0.23339026067089932,0.07507702021408574,0.4156679237777029,0.11681057704705282,0.007619047619047619,0.08695399779438724,1.0,0.0,0.0,0.0,0.0,0.0,38.068634510352524,5.552282038317951,56.755810065252476,16.359352671744798,38.38287210191928,3.3859543809783093,45.6031235229349,31.183016947432584,-1.0,0.0,-1.0,-1.0,-1.0,0.0,-1.0,-1.0,22903.28518189873,21156.641486130833,145105.79013385388,2513.5362687038287,15209.852428461516,5670.883008912055,28499.86170610821,2764.048601784144,0.0,0.0,0,0,0.0,0.0,0,0,10.98780556032412,4.038800007086904,26.50209589774186,7.258987479371245,8.895712919167,1.0334497989131122,12.432490801870234,7.326062703327984,-549.3902780162061,988004,251000,5020,26.483199224094278,15.507293388996914,12.897800773949712,54.8882933870409,16542.434276804008,250
3.8140833,4.8238277,593.91125,-595.85364,400.01324,-29.72416,-1110.9164,-595.9451,399.8803,-29.648573,-1110.7723,-595.31305,400.02747,-29.452307,-1110.4758,3.814083,9.901942,73.98688,0.00039590895,4.8238277,12.369224,90.99139,0.0003410282,0.3981764,0.7459105,1.0,-1.0,-11.091290446325669,4.0358052018503106,-7.213547702025089,-26.01801880965803,-554.5645223162834,39.52478531356456,-492.77628288838474,-645.2446446356233,0.21607967,0.76617867,1.0,-1.0,20,-11.850423947971475,4.354388772378747,-6.560025367525781,-27.379186639740762,-592.5211973985737,46.09469195124949,-481.34140765924747,-664.0487049543451,0.2430497863158547,0.6786548449534686,1.0,-1.0,0.24563142410429048,0.10203261495453557,0.42333848207048386,0.009113070655364337,0.2686784284593695,0.10035915551413198,0.4170823498491767,0.10472190274242034,0.3623169528546555,0.1490427019888406,0.6502593361879061,0.013795094644558886,0.4000968850933706,0.14495582049428812,0.6456427170385213,0.15763996263283242,0.24563142410429048,0.10203261495453557,0.42333848207048386,0.009113070655364337,0.2686784284593695,0.10035915551413198,0.4170823498491767,0.10472190274242034,0.017142857142857144,0.12980361933257767,1.0,0.0,0.0,0.0,0.0,0.0,38.67530259144,5.967677900067711,55.731826439455446,15.270404442129903,38.38943073589802,3.7466952372793663,44.1565468591773,26.828316852899178,-1.0,0.0,-1.0,-1.0,-1.0,0.0,-1.0,-1.0,23823.34458346408,21243.652354738468,144314.21030985465,7942.49055880918,15451.120098799865,5794.360170414658,34024.34157006352,7958.448101974916,0.0,0.0,0,0,0.0,0.0,0,0,11.091290446325667,4.0358052018503106,26.01801880965803,7.213547702025088,8.890360867681506,0.929589753860547,10.911449364172842,7.213547702025088,-554.5645223162834,992004,252000,5040,24.6555449039588,12.64814870099508,12.549459286230558,49.853152891184436,16650.259374307192,251
5.9837565,5.2499604,585.1195,-586.2551,390.34375,-32.8128,-1144.1118,-586.4418,390.30344,-33.23778,-1143.4933,-586.4822,390.52457,-33.21772,-1142.6954,5.983756,18.74257,181.94855,1.0608346e-08,5.249961,19.177628,192.55458,8.606911e-05,0.32705846,0.75779724,1.0,-1.0,-11.395543354105865,3.9908239578168123,-6.202810020664511,-25.93060006785518,-569.7771677052931,43.44971107009576,-472.21537481765915,-635.596409484068,0.27375227,0.7378492,1.0,-1.0,20,-11.869783822723736,4.3221613294962795,-7.098552930764086,-26.94293259936,-593.4891911361871,45.772610366201526,-506.2173632500055,-693.9348509742223,0.2660525749321717,0.6774387932736008,1.0,-1.0,0.25091489051032523,0.08800599421504283,0.42017954255627893,0.03164752727327251,0.27871584281596157,0.08202339533761119,0.41908497827577007,0.13005089569733785,0.3627903557791357,0.1346761458286499,0.6991522201275777,0.04771795878823659,0.4118863759259337,0.13328467528043803,0.6975739260810061,0.20052507218400353,0.25091489051032523,0.08800599421504283,0.42017954255627893,0.03164752727327251,0.27871584281596157,0.08202339533761119,0.41908497827577007,0.13005089569733785,0.022857142857142857,0.1494479637785374,1.0,0.0,0.0,0.0,0.0,0.0,39.74104562330894,5.71765374618397,55.871182922170576,10.504905940910374,39.52468908279611,3.113448443307569,44.70003143687392,34.55171163089284,-1.0,0.0,-1.0,-1.0,-1.0,0.0,-1.0,-1.0,23946.495913332878,21270.397131288075,147072.56826290878,4671.842842020793,16909.436609806413,5925.450350079631,30841.98757154832,4716.885678739575,0.0,0.0,0,0,0.0,0.0,0,0,11.395543354105865,3.990823957816812,25.93060006785518,6.202810020664511,9.306367355984733,1.192384400416896,11.601824176300019,6.364857358723267,-569.7771677052931,996004,253000,5060,26.056656388929696,17.978340866000508,12.483025556852226,56.51802281178243,16702.110399974983,252
3.037706,3.102559,583.56116,-586.45874,408.46652,-33.022648,-1224.5751,-586.03015,408.33032,-32.48732,-1229.8813,-586.08057,408.70944,-32.188526,-1223.6725,3.0377061,7.4585238,65.42236,0.00026358664,3.102559,7.90667,66.11286,0.00044211838,0.3142822,0.7752217,1.0,-1.0,-10.740578097875218,4.255392989102035,-5.74443320803323,-25.866196076921703,-537.0289048937608,37.838005751884054,-445.7104926812326,-586.0057479575023,0.3507294,0.6900954,1.0,-1.0,20,-12.032915776069231,4.23208831685957,-7.609548439215171,-25.813551512623395,-601.6457888034615,42.69686148006501,-537.4652902989965,-688.9224691080253,0.257868914070354,0.7080277129541063,1.0,-1.0,0.2791925415692787,0.10714280557500275,0.4541525705269317,0.039486761511238325,0.308094707336664,0.10298737752142124,0.4541525705269317,0.06390632756025665,0.4240691007708637,0.1703906902105936,0.7530017764742772,0.05353403750982513,0.4780711837134366,0.1628040988561402,0.7530017764742772,0.09797640693407147,0.2791925415692787,0.10714280557500275,0.4541525705269317,0.039486761511238325,0.308094707336664,0.10298737752142124,0.4541525705269317,0.06390632756025665,0.009523809523809525,0.09712418121129117,1.0,0.0,0.0,0.0,0.0,0.0,39.05974781380874,5.562072968089174,54.28893042017736,12.10483871591569,38.45003996434249,2.967668868342399,42.20305631494221,28.581364999262526,-1.0,0.0,-1.0,-1.0,-1.0,0.0,-1.0,-1.0,23007.27886998345,21664.502550804893,143343.6168364818,6181.489643734505,14420.586036434359,4856.799977423135,27520.173809179552,6376.041873348442,0.0,0.0,0,0,0.0,0.0,0,0,10.740578097875218,4.255392989102035,25.866196076921703,5.74443320803323,8.397259197517357,0.9588277973917889,9.601866668158987,5.785499981401471,-537.0289048937608,1000004,254000,5080,26.12109045896068,13.306150969001465,12.760783759011247,52.18802518697339,16754.84693257496,253
5.724478,2.7427053,557.4262,-559.7699,388.2343,-31.946236,-1123.6725,-560.2927,388.52393,-31.91284,-1125.1768,-560.63794,388.296,-31.836092,-1125.5483,5.724478,15.675154,103.03973,0.00013993414,2.7427053,6.651341,48.142033,4.029274e-05,0.36031127,0.71181524,1.0,-1.0,-10.593459707500994,4.269397687659408,-6.289484645409753,-27.377620704570454,-529.6729853750497,31.48468103454566,-438.7219292933083,-581.1421882973095,0.32475796,0.69706154,1.0,-1.0,20,-12.035797365254423,4.216200730387047,-7.286254150469209,-26.586941868023153,-601.7898682627211,34.69637725555243,-548.2104037519783,-678.5103076621608,0.25459790503011,0.6851951667149372,1.0,-1.0,0.23412166813206045,0.09116293603511064,0.41435640124186285,0.020943271368079462,0.25783159159371716,0.09148952506239322,0.41435640124186285,0.056653986116203967,0.35741764205133225,0.14614916374334702,0.6389828170633043,0.03268651629639108,0.3988050637025531,0.14880110910577535,0.6389828170633043,0.08632179842411156,0.23412166813206045,0.09116293603511064,0.41435640124186285,0.020943271368079462,0.25783159159371716,0.09148952506239322,0.41435640124186285,0.056653986116203967,0.0380952380952381,0.19142620230706459,1.0,0.0,0.047619047619047616,0.21295885499998,1.0,0.0,38.339985520061056,6.499023748281714,55.87836532040313,6.426558456496855,37.78203693221456,4.610452260480478,44.202439474729324,25.1352313278065,-0.9990476190476191,0.0308459709346698,0.0,-1.0,-1.0,0.0,-1.0,-1.0,21182.446659380348,22305.082021537488,155414.02210354753,4935.861616085428,12246.89237839632,4263.160275693774,19139.302244527596,4970.332604815186,0.0,0.0,0,0,0.0,0.0,0,0,10.593459707500994,4.269397687659408,27.377620704570454,6.289484645409753,8.261962795139189,0.7386054072720482,9.536982282741413,6.316521944501658,-529.6729853750497,1004004,255000,5100,27.686904517991934,13.836524382000789,12.76345580380439,54.286884703797114,16812.278880367754,254
3.7892346,3.0623994,592.17725,-594.131,407.42224,-33.5456,-1173.5446,-594.2372,406.8895,-33.961002,-1172.2483,-593.96246,406.8143,-33.50684,-1172.3915,3.7892346,10.503579,66.90929,3.6379788e-08,3.0623994,8.615828,83.994026,0.00020051003,0.33740744,0.75908357,1.0,-1.0,-10.746805248373011,4.272073155001254,-7.256039582522801,-26.636559041226672,-537.3402624186506,30.18262161642048,-490.1736792065926,-600.7940840228342,0.42331395,0.6706065,1.0,-1.0,20,-11.461665969660743,4.394425560543949,-6.910409186743054,-26.59853960075903,-573.0832984830371,33.970457482166154,-495.67194905029595,-643.0268699264964,0.25564188945842736,0.6938456788348365,1.0,-1.0,0.2831463741944676,0.08013728053431858,0.4089096507643928,0.04921994764779685,0.31542204229358417,0.06516824590308723,0.4089096507643928,0.1839357200305767,0.4304416648091936,0.1249812681863209,0.6406621625854649,0.052961110695715685,0.4902401596878292,0.09359566762634179,0.6406621625854649,0.31586541382766536,0.2831463741944676,0.08013728053431858,0.4089096507643928,0.04921994764779685,0.31542204229358417,0.06516824590308723,0.4089096507643928,0.1839357200305767,0.0019047619047619048,0.04360199292289371,1.0,0.0,0.0,0.0,0.0,0.0,40.95973748495974,4.912893970534124,56.96238963685688,17.033488962964743,40.347761058802185,2.068823677246288,45.67853927615999,35.07165773770308,-1.0,0.0,-1.0,-1.0,-1.0,0.0,-1.0,-1.0,21890.014156662255,22431.148319053573,150236.3996004451,4995.230062133413,13052.088973727077,4803.209124803994,22887.375338110254,5002.035572764587,0.0,0.0,0,0,0.0,0.0,0,0,10.746805248373011,4.272073155001254,26.63655904122667,7.256039582522801,8.47213851977628,0.7165980950521617,9.667470805645738,7.311200986993254,-537.3402624186506,1008004,256000,5120,28.855110323042027,16.988912761000392,13.102614661162079,58.9466377452045,16872.94832442297,255
6.647266,5.715282,578.60315,-582.015,400.87146,-34.38117,-1173.4456,-581.6277,400.6767,-34.31093,-1172.6464,-580.43054,399.81827,-33.220932,-1165.0471,6.6472664,14.454737,103.84237,7.212162e-06,5.715282,15.539213,112.90619,0.0004694797,0.36131558,0.7477779,1.0,-1.0,-10.8050859301992,4.11003754437729,-6.927870954456059,-26.115267931002016,-540.2542965099599,29.217125865934722,-475.510169996542,-587.651505146423,0.3124773,0.7771658,1.0,-1.0,20,-11.45586498056223,4.302353141557699,-6.218421276802404,-26.57295513471894,-572.7932490281116,36.07139513041915,-483.7271496830446,-641.7819903626579,0.21612571153574625,0.7063062867045247,1.0,-1.0,0.27695335750273226,0.10270989674094128,0.46861557832801914,0.010510341934128904,0.3060128304840518,0.10064703035929543,0.46861557832801914,0.061065113181790025,0.4303239846935369,0.17211755472698395,0.7729988740585652,0.016989320140619157,0.48441932707196045,0.17000944939984408,0.7729988740585652,0.08838729354191985,0.27695335750273226,0.10270989674094128,0.46861557832801914,0.010510341934128904,0.3060128304840518,0.10064703035929543,0.46861557832801914,0.061065113181790025,0.02,0.13999999999999999,1.0,0.0,0.0,0.0,0.0,0.0,38.836427460157346,6.091387231078,56.19029101460533,12.161654337171392,38.137521867372676,3.8002105539132813,44.623645207998926,26.537958422163054,-1.0,0.0,-1.0,-1.0,-1.0,0.0,-1.0,-1.0,21474.788460429998,21762.042520908137,139365.7042896256,5697.210002578166,12952.364736020225,4285.588763972752,22232.826963220723,6446.6762884915615,0.0,0.0,0,0,0.0,0.0,0,0,10.8050859301992,4.11003754437729,26.115267931002016,6.927870954456059,8.579203463123926,0.7894978306579812,10.138311436590254,7.15548757778221,-540.2542965099599,1012004,257000,5140,26.086873252010264,18.71355956300249,12.512655101934797,57.31308791694755,16925.29209196791,256
4.572546,3.2205324,586.86304,-589.5872,395.02,-35.2299,-1157.9161,-589.5943,395.05447,-35.42156,-1157.7776,-589.3541,395.20947,-34.39195,-1153.321,4.5725465,11.4734335,81.64894,3.8146973e-06,3.2205324,6.2619267,34.50953,9.313226e-08,0.3794794,0.76916385,1.0,-1.0,-11.044577503789755,3.986652469416268,-6.868597256847622,-26.778595533047426,-552.2288751894879,36.90840122383261,-458.8239994790955,-641.2829320525747,0.26498443,0.76081115,1.0,-1.0,20,-11.893099489804841,4.271637054403635,-7.3131619928805245,-26.493049394705448,-594.654974490242,38.68074219736551,-509.55529954230906,-660.4651196099207,0.24724622777626284,0.7016667492819155,1.0,-1.0,0.23339479397961596,0.10539754406821321,0.43803697438622813,0.008897323725698719,0.2575736854177378,0.10635983219962683,0.43803697438622813,0.06308852691557898,0.3596740901079028,0.17190167130915582,0.7264359225895362,0.015134180184919827,0.4034219900937091,0.17459702068536673,0.7264359225895362,0.10115280554104475,0.23339479397961596,0.10539754406821321,0.43803697438622813,0.008897323725698719,0.2575736854177378,0.10635983219962683,0.43803697438622813,0.06308852691557898,0.02,0.13999999999999999,1.0,0.0,0.0,0.0,0.0,0.0,37.639887858225435,5.771248458617632,53.81972857039511,12.915038368922566,37.31891498116673,3.6437696657481373,41.54428273435878,25.818836800247237,-1.0,0.0,-1.0,-1.0,-1.0,0.0,-1.0,-1.0,22436.192639102333,20914.874365236334,147672.46825964862,7203.8505386547295,14431.72508358466,4295.094927828362,22431.9891613027,7988.946050926649,0.0,0.0,0,0,0.0,0.0,0,0,11.044577503789755,3.986652469416268,26.77859553304743,6.868597256847622,8.924090891528682,0.9366565423779404,10.900197261664884,6.89612483813486,-552.2288751894879,1016004,258000,5160,24.58585819893051,13.754916953999782,12.529815244030033,50.870590396960324,16976.830708446854,257
3.5506215,2.925356,590.0613,-591.98987,398.21686,-34.74124,-1110.4755,-592.1356,398.11557,-34.920197,-1110.2808,-591.5764,397.85587,-34.61872,-1107.6598,3.5506215,12.818833,133.74786,8.606911e-05,2.925356,5.763059,36.62488,1.0612945e-05,0.28953063,0.7719634,1.0,-1.0,-11.083419259356251,4.0469383251229,-7.282872011902508,-26.36562553592216,-554.1709629678123,28.78328120660677,-509.2919000193262,-623.1504215271017,0.30700746,0.69090754,1.0,-1.0,20,-11.484817640827124,4.632156965361415,-6.563303088399229,-26.406323248261355,-574.2408820413564,33.03932791854998,-505.341099998315,-632.4465275372527,0.26892764906010697,0.6842122888496959,1.0,-1.0,0.25484814675929407,0.1062097256749868,0.4243306286333278,0.016350574757044906,0.28142977198746333,0.10451602519687742,0.42190287719422637,0.07813724609248326,0.3881904937984463,0.16361825329351987,0.6653854625581083,0.02797793550492593,0.436063092242937,0.15873196879506904,0.6653854625581083,0.12255733387888812,0.25484814675929407,0.1062097256749868,0.4243306286333278,0.016350574757044906,0.28142977198746333,0.10451602519687742,0.42190287719422637,0.07813724609248326,0.011428571428571429,0.10629185850136158,1.0,0.0,0.0,0.0,0.0,0.0,38.27578043549378,5.940716806836114,57.24887384328613,13.32198190381011,37.889473305830265,3.321467297204989,46.01869168741436,30.232898610629697,-1.0,0.0,-1.0,-1.0,-1.0,0.0,-1.0,-1.0,22080.682768047358,21833.167216225967,144977.72942290563,5607.135625123249,13491.203837211753,4440.150794665025,24286.43455710546,5795.685830132223,0.0,0.0,0,0,0.0,0.0,0,0,11.083419259356251,4.0469383251229,26.36562553592216,7.282872011902508,8.889791783321993,0.6909018332379597,10.432787387046718,7.4234433349805755,-554.1709629678123,1020004,259000,5180,22.04139526603103,14.405884965999576,12.003949644866225,48.45122987689683,17025.588800943755,258
4.139616,2.8283544,582.5048,-584.19073,394.88196,-34.251667,-1092.6171,-583.57227,394.57394,-34.34333,-1092.4183,-583.4319,394.55444,-33.99612,-1090.8478,4.139616,6.8163247,39.82493,0.00086906925,2.8283544,5.9633584,35.970345,2.2087246e-05,0.2622327,0.74968284,1.0,-1.0,-11.074722203613593,4.0723152266737195,-6.652813017577265,-26.009255842022885,-553.7361101806798,35.04865047430477,-480.8765104171486,-608.5772976578222,0.2443383,0.75238174,1.0,-1.0,20,-11.621970510545102,4.456696032418752,-6.959924113517905,-26.450675553398703,-581.0985255272551,33.929820002283435,-487.7870561547121,-626.2040167286302,0.3148181733518633,0.6816979958009985,1.0,-1.0,0.2577547904603405,0.08817773410568681,0.4085377252333883,0.026922006896654107,0.2830876421055134,0.08482072879510572,0.4085377252333883,0.04042699589485755,0.38017083767562143,0.13742757743942077,0.6707284637179983,0.03393099732230541,0.4223158784444048,0.13248546774731362,0.6707284637179983,0.05655436242486714,0.2577547904603405,0.08817773410568681,0.4085377252333883,0.026922006896654107,0.2830876421055134,0.08482072879510572,0.4085377252333883,0.04042699589485755,0.0380952380952381,0.19142620230706459,1.0,0.0,0.047619047619047616,0.21295885499998,1.0,0.0,38.98951322894224,6.7317058427031125,55.74192758910909,7.033298075205305,38.45289530389885,5.127935620426254,44.302049997567025,20.485955842340324,-0.9990476190476191,0.030845970934669797,0.0,-1.0,-1.0,0.0,-1.0,-1.0,24507.932913087378,20832.332723784955,140404.12430825632,6767.981383001597,16831.911310453776,5401.477124264847,29430.918251856772,7910.081295112,0.0,0.0,0,0,0.0,0.0,0,0,11.074722203613593,4.0723152266737195,26.009255842022885,6.652813017577266,9.023857415374195,1.227190918657954,12.805986704933492,6.797976202006663,-553.7361101806798,1024004,260000,5200,35.21385076097067,14.713511818998086,13.878757148020668,63.806119727989426,17089.116965193753,259
3.3316836,4.016037,574.91003,-576.9257,410.4489,-33.90602,-1105.8788,-576.78735,410.5795,-33.635624,-1110.57,-576.4885,409.72345,-33.601402,-1103.103,3.3316836,13.550386,149.33664,0.00022946684,4.016037,14.17888,128.48756,3.1530857e-05,0.33199304,0.7336798,1.0,-1.0,-11.07417161292096,4.003018314409763,-7.354190036724703,-26.05318494817409,-553.708580646048,28.89510347134427,-474.5469492203076,-610.2786194877657,0.29032227,0.71709746,1.0,-1.0,20,-11.507237450872417,4.504299863032946,-5.518232563870989,-26.35683360179339,-575.361872543621,51.906793886833725,-486.5445971120047,-732.6642525229635,0.25470304869254473,0.6967734189985869,1.0,-1.0,0.25661437596473574,0.09792695726777496,0.4225590983949365,0.02426128233262958,0.28418928736023197,0.0908800138249934,0.4140669790582256,0.10777507603488992,0.38928262900833444,0.1548452312799069,0.684112563410139,0.0385377367469856,0.43705428055707973,0.14372347083813447,0.6734255399104427,0.1675816013593487,0.25661437596473574,0.09792695726777496,0.4225590983949365,0.02426128233262958,0.28418928736023197,0.0908800138249934,0.4140669790582256,0.10777507603488992,0.01619047619047619,0.12620754601529105,1.0,0.0,0.0,0.0,0.0,0.0,38.33163837055466,5.5870280959921725,54.84343813667491,7.986386918327161,37.99390828554855,2.9577554326108073,44.369117731003,32.75262095103018,-0.9990476190476191,0.030845970934669797,0.0,-1.0,-1.0,0.0,-1.0,-1.0,23469.68049036614,20939.27830900583,141443.13612780356,7735.589693070068,15343.49318336569,3398.2076674189498,24411.0090444689,10804.684236798517,0.0,0.0,0,0,0.0,0.0,0,0,11.07417161292096,4.003018314409764,26.05318494817409,7.354190036724703,8.938138669508001,0.7346792738666439,10.466715754454212,7.385875467878924,-553.708580646048,1028004,261000,5220,24.702748357980454,14.43147488500108,12.350890321788029,51.48511356476956,17142.77777515151,260
5.985711,8.299679,581.52106,-582.42236,401.5211,-37.964844,-1114.645,-582.34644,401.32138,-37.85734,-1108.2604,-583.35516,402.66727,-37.515007,-1122.0065,5.9857116,14.546369,107.40772,6.7288056e-08,8.29968,26.201805,190.88971,1.3411045e-05,0.38872865,0.72710675,1.0,-1.0,-10.879466022279274,4.142241126216914,-6.255118568677111,-25.419735074239156,-543.9733011139635,47.88934458599993,-452.3966942890537,-616.8112896718703,0.33049724,0.7125589,1.0,-1.0,20,-11.681519804608271,4.2328311530468445,-7.538710533855434,-26.221724618405347,-584.0759902304137,30.867656823866238,-526.3638868181042,-643.5968528147778,0.23866946217967083,0.6662871800980458,1.0,-1.0,0.25313518570612037,0.10061335040405785,0.4594223315157659,0.02032310423445407,0.27661110502148595,0.10169006256386708,0.4594223315157659,0.06877139907378116,0.37995715833343063,0.16277497469815302,0.7671164459155604,0.027948686007635337,0.41942936565378564,0.16666360335790878,0.7671164459155604,0.0974779893527904,0.25313518570612037,0.10061335040405785,0.4594223315157659,0.02032310423445407,0.27661110502148595,0.10169006256386708,0.4594223315157659,0.06877139907378116,0.013333333333333334,0.11469767022723505,1.0,0.0,0.0,0.0,0.0,0.0,39.20902537948779,6.799455865799807,58.41355656803108,13.860061309395144,38.5210111450733,5.101029227007215,47.37774156712768,25.936492692927924,-1.0,0.0,-1.0,-1.0,-1.0,0.0,-1.0,-1.0,22695.64474041181,21369.817004620243,135332.34602115754,5791.9763295944085,14648.515374754634,6039.131560092205,27839.210966511266,6016.6898578263545,0.0,0.0,0,0,0.0,0.0,0,0,10.879466022279274,4.142241126216914,25.419735074239156,6.255118568677112,8.673676072247726,1.2352945823393353,10.472010246803388,6.259979205718328,-543.9733011139635,1032004,262000,5240,25.60791533823067,16.62698239299789,12.928795036947122,55.16369276817568,17195.88289867869,261
6.7865543,4.2163496,582.699,-584.2261,390.40765,-33.892357,-1162.306,-584.5271,390.506,-34.336094,-1161.9548,-584.907,391.02728,-33.983856,-1163.4272,6.7865553,28.262207,305.13803,2.033083e-05,4.2163496,8.702239,51.923706,8.437876e-05,0.3653535,0.75782263,1.0,-1.0,-10.912657516971604,3.966407146519651,-7.117418527399658,-26.238335123712254,-545.6328758485803,34.94968726991591,-493.7190938346967,-611.1837232059772,0.17783014,0.80498534,1.0,-1.0,20,-11.722986159496491,4.586556173777643,-6.1419700407523266,-27.19011082761733,-586.1493079748245,44.50744641828876,-504.84648025911173,-663.8114637032099,0.24209964060181324,0.6647188345525854,1.0,-1.0,0.26546896656291374,0.09457986110549904,0.43762659470951043,0.020022663416244306,0.298231026262681,0.08170572848128335,0.4310125621276198,0.1625242026731024,0.3986246141076129,0.1468046029849962,0.682729321846905,0.034215638585464905,0.45159369397826166,0.1314042991926739,0.6723839435973,0.23548330456265104,0.26546896656291374,0.09457986110549904,0.43762659470951043,0.020022663416244306,0.298231026262681,0.08170572848128335,0.4310125621276198,0.1625242026731024,0.008571428571428572,0.0921843760280096,1.0,0.0,0.0,0.0,0.0,0.0,39.41754053712965,6.440376182773051,57.13127507163685,7.844758655934403,39.24369857355494,3.30187187692427,45.71933719069512,33.628848996264104,-0.9980952380952381,0.04360199292289371,0.0,-1.0,-1.0,0.0,-1.0,-1.0,20919.10905595722,21600.59269291728,148912.60360610165,2371.6955850902586,13068.46018009492,6363.811304205459,30886.623115137565,2831.3896886545544,0.0,0.0,0,0,0.0,0.0,0,0,10.912657516971604,3.9664071465196504,26.238335123712254,7.117418527399658,8.83238440775933,1.065111637557817,11.83000439524197,7.1730800063990126,-545.6328758485803,1036004,263000,5260,26.845077660771494,14.553535940001893,12.947414046953782,54.34602764772717,17255.074535798427,262
4.7094593,5.5504084,582.66455,-583.80817,413.5088,-34.22273,-1200.7096,-583.50903,413.42908,-33.834793,-1197.8446,-584.2433,413.50693,-34.012806,-1203.4032,4.7094593,16.793135,167.80144,0.00026557222,5.5504093,20.064268,193.26244,2.7157366e-06,0.3251086,0.7940088,1.0,-1.0,-10.954274061670654,4.133812373841094,-7.430443100558484,-25.91541084523531,-547.7137030835327,37.80729586400922,-477.6946068394102,-598.6479490790058,0.29100862,0.65173125,1.0,-1.0,20,-11.192817087112045,4.23325151562418,-6.954990231328323,-25.540350671268172,-559.6408543556023,33.29112420054242,-509.1395849019048,-619.7658660764308,0.29744448495032555,0.6657090899590873,1.0,-1.0,0.23604028996384116,0.08766173283859473,0.3978572850565645,0.02373395187312642,0.26809996316085477,0.07748470932952325,0.3978572850565645,0.04501847347564445,0.3653553576889398,0.14965272872364757,0.6313797465663851,0.03736193867719642,0.42286305318491135,0.13538370926318713,0.6313797465663851,0.06822962386662246,0.23604028996384116,0.08766173283859473,0.3978572850565645,0.02373395187312642,0.26809996316085477,0.07748470932952325,0.3978572850565645,0.04501847347564445,0.05238095238095238,0.22279404886265874,1.0,0.0,0.047619047619047616,0.21295885499998,1.0,0.0,37.93195683192671,6.679147558626575,55.7421502327645,11.536157157090699,38.070402537470166,3.94516731977733,44.75815554180943,25.448757569326958,-1.0,0.0,-1.0,-1.0,-1.0,0.0,-1.0,-1.0,22868.79315097807,21727.429972586146,142437.44595837215,4841.540173550008,14759.51976308558,5357.622251086977,23182.76835529204,4855.412901507418,0.0,0.0,0,0,0.0,0.0,0,0,10.954274061670654,4.133812373841094,25.91541084523531,7.430443100558484,8.882336318324345,1.0435071554174202,11.199292193915129,7.4738143637913055,-547.7137030835327,1040004,264000,5280,26.141621016889985,19.416680221002025,12.45981439298339,58.0181156308754,17309.8637446633,263
3.4816508,3.39955,581.5841,-583.3142,394.57233,-34.457428,-1182.12,-583.32996,394.50058,-34.69876,-1180.3523,-583.49805,395.009,-34.654007,-1181.3502,3.481651,7.6291285,52.221,7.212162e-06,3.39955,7.308958,37.242287,3.889567e-06,0.38947675,0.7099956,1.0,-1.0,-11.409959187805516,4.105058458386455,-7.080935528608572,-25.7497978769623,-570.4979593902757,36.79435630989504,-481.52190259771953,-644.1660440662652,0.21804349,0.77062947,1.0,-1.0,20,-11.584600978740307,4.420318225611643,-6.440995883759409,-26.698574483534667,-579.2300489370153,56.419618534731875,-471.58718011017083,-683.8960025931609,0.27121511585240116,0.6714769178088481,1.0,-1.0,0.25337434725570945,0.09567364318113836,0.437890970663244,0.016315806353085525,0.2780641937339739,0.09140057728062218,0.4372824351063444,0.09788041672554462,0.3824028344072634,0.14897786728303727,0.7374588385518656,0.0255587652513114,0.42569577790761026,0.14313188291105752,0.7364471214691363,0.1458117749924747,0.25337434725570945,0.09567364318113836,0.437890970663244,0.016315806353085525,0.2780641937339739,0.09140057728062218,0.4372824351063444,0.09788041672554462,0.014285714285714285,0.11866605518454394,1.0,0.0,0.0,0.0,0.0,0.0,38.97782221672046,5.958403369081179,56.19531121625071,8.790655973763167,38.66696006762642,3.7178117899203214,45.61401505960363,29.63281066481819,-0.9990476190476191,0.030845970934669797,0.0,-1.0,-1.0,0.0,-1.0,-1.0,23346.862704453335,22156.23088484339,141691.25235217743,4879.051749823183,15003.704498378045,4583.174015034111,26152.753635983096,8168.423471204901,0.0,0.0,0,0,0.0,0.0,0,0,11.409959187805516,4.105058458386455,25.7497978769623,7.080935528608572,9.236964608751485,0.9140286740543234,10.933765192591386,7.298032225122405,-570.4979593902757,1044004,265000,5300,24.198937056971772,16.194954147998942,11.944690536947746,52.33858174191846,17361.14383496422,264
3.5886054,4.255293,597.7468,-599.35565,383.0962,-34.209164,-1173.6437,-599.47076,383.1275,-34.62468,-1175.063,-599.818,382.76163,-33.98839,-1174.4038,3.5886054,8.276074,45.860855,9.2851056e-05,4.255293,10.27832,77.37937,7.212162e-06,0.34034786,0.7776991,1.0,-1.0,-11.156986360625675,4.145642281517344,-7.136397262028869,-26.693975298435568,-557.8493180312838,40.561277765459465,-485.63182209260845,-646.4233103293619,0.25283828,0.72015494,1.0,-1.0,20,-11.717709094986425,4.264700444284862,-6.271816801287384,-26.710917371563124,-585.8854547493213,42.87813358328491,-523.4646396100022,-659.5492138147132,0.22897034283729303,0.6907680275114688,1.0,-1.0,0.21322755878475827,0.09332866011302206,0.41845622066673527,0.03210132981613923,0.22789904566858987,0.09480928378896895,0.41198806648993214,0.08662974931144585,0.31109880861833206,0.1356135235181182,0.6513741978059571,0.048050018635816,0.33596802062439923,0.140077432186627,0.6436221561965959,0.11749921708103997,0.21322755878475827,0.09332866011302206,0.41845622066673527,0.03210132981613923,0.22789904566858987,0.09480928378896895,0.41198806648993214,0.08662974931144585,0.01619047619047619,0.12620754601529105,1.0,0.0,0.0,0.0,0.0,0.0,37.22495206239983,5.9291919875446615,54.74511559637901,16.835244789667527,37.05508197587742,4.262302672089921,43.75111392002036,27.225005467805328,-1.0,0.0,-1.0,-1.0,-1.0,0.0,-1.0,-1.0,22585.061168322583,21866.99903968066,151671.23140249614,5310.902842536223,15317.772225757864,7066.838355997557,37616.759163723356,5364.307606824081,0.0,0.0,0,0,0.0,0.0,0,0,11.156986360625675,4.145642281517344,26.693975298435568,7.136397262028869,9.277734393658296,1.5955876601646075,14.010418303956936,7.176885439339552,-557.8493180312838,1048004,266000,5320,26.34185157601314,15.107970300996385,12.528132112027379,53.977953989036905,17414.31275913727,265
4.7385435,4.328703,583.16,-584.62195,398.73425,-33.469402,-1113.4082,-584.37964,398.52585,-33.060333,-1111.2402,-584.8485,398.85626,-33.20853,-1118.1924,4.738543,12.285122,96.24922,9.784708e-06,4.328703,10.375339,84.35409,4.9266964e-05,0.33488846,0.7511831,1.0,-1.0,-11.122232946907372,4.189698348168495,-6.622607327793168,-27.62792613186985,-556.1116473453687,36.34773256544899,-455.88365168426594,-608.4476839610944,0.23109363,0.72070724,1.0,-1.0,20,-12.18531640804293,4.64008231077889,-6.824757498630985,-33.516946896029275,-609.2658204021465,69.71873106212207,-519.3453098691685,-864.3409286016164,0.23451756080921568,0.7071520004155597,1.0,-1.0,0.2700651568270794,0.08090433553654269,0.41675372790940635,0.03250930098568957,0.2970957206707493,0.06974491429154557,0.41082071272758225,0.16537788523995609,0.39520159211801237,0.12073530091658094,0.6160741108351341,0.05067916402118103,0.4411382774872274,0.10463996823097434,0.6160741108351341,0.2563879428557061,0.2700651568270794,0.08090433553654269,0.41675372790940635,0.03250930098568957,0.2970957206707493,0.06974491429154557,0.41082071272758225,0.16537788523995609,0.008571428571428572,0.0921843760280096,1.0,0.0,0.0,0.0,0.0,0.0,40.3705330918,5.431652883170312,54.77970688168959,13.771994606733793,40.281130426345904,3.3437211271736027,48.408725831607605,35.43644461672477,-1.0,0.0,-1.0,-1.0,-1.0,0.0,-1.0,-1.0,23589.47565100578,21948.691437164376,153767.73483961436,7355.392931947024,15985.698459639234,4735.721447231455,24353.222192159865,8537.994664792564,0.0,0.0,0,0,0.0,0.0,0,0,11.122232946907372,4.189698348168495,27.62792613186985,6.622607327793168,9.140007796034073,1.2651322561052176,12.16610578090859,6.652729381232946,-556.1116473453687,1052004,267000,5340,25.545497797997086,14.318016083001567,12.266219966011704,52.12973384701036,17465.962517925298,266
6.912117,8.125043,585.32404,-585.9174,405.45172,-33.182102,-1263.6017,-586.0205,405.43118,-33.122196,-1260.1749,-587.0847,406.2332,-33.25567,-1277.9266,6.912117,20.90829,205.20422,0.0011818504,8.125042,30.120369,315.12317,2.5663525e-05,0.31440264,0.77972466,1.0,-1.0,-10.702231932991165,4.165635229022411,-6.484646064689042,-26.551975414566854,-535.1115966495581,35.092729600187006,-473.946814983575,-628.3233815069428,0.26043507,0.75195354,1.0,-1.0,20,-11.688021509980365,4.346506217812096,-6.991360795151494,-26.45774136908163,-584.4010754990184,42.12067362582248,-501.4301421600267,-676.3559373275928,0.24338577031506053,0.7149396699278503,1.0,-1.0,0.2645836082920993,0.0910544916936931,0.45380943057215645,0.025626541696422596,0.2916295514821404,0.08585125921853834,0.4419995044160548,0.07502783855030411,0.3988513891998444,0.14688867177226267,0.6935759693290531,0.034382668258920585,0.44681221541356614,0.14021891430899874,0.678915123485871,0.11067939278478506,0.2645836082920993,0.0910544916936931,0.45380943057215645,0.025626541696422596,0.2916295514821404,0.08585125921853834,0.4419995044160548,0.07502783855030411,0.004761904761904762,0.06884205854667125,1.0,0.0,0.0,0.0,0.0,0.0,39.34721082352179,6.685512429302406,58.81573111707303,15.12161134157176,39.04528124380537,5.344230289000862,49.790831844767624,29.95224957998916,-1.0,0.0,-1.0,-1.0,-1.0,0.0,-1.0,-1.0,21922.439562809363,21515.36352855909,147368.23174222372,6367.241836224276,14111.815852995936,4894.120660318796,27715.059832149916,6865.298674136217,0.0,0.0,0,0,0.0,0.0,0,0,10.702231932991165,4.165635229022411,26.551975414566854,6.484646064689042,8.5846898166614,1.202402916356077,12.690032374764026,6.515417283839227,-535.1115966495581,1056004,268000,5360,24.655633766153187,13.81743959000596,12.009734088002006,50.48280744416115,17514.76230898445,267
8.764189,7.1337767,584.5747,-586.7945,398.41913,-32.87289,-1193.1461,-586.39276,398.0902,-32.864746,-1192.6337,-585.58386,396.9087,-33.431984,-1190.3662,8.764188,14.581154,77.64187,0.00021636859,7.1337767,15.945581,151.07806,0.00056552753,0.33674535,0.76076853,1.0,-1.0,-10.889394532000795,4.181412072909888,-6.842620220508173,-26.372581370859272,-544.4697266000397,40.72710826798308,-463.8927262222674,-626.3626946770605,0.2451468,0.78871983,1.0,-1.0,20,-11.612401455030685,4.1831190841308805,-7.47099734613362,-26.172926977296594,-580.6200727515343,43.976623223807486,-522.9283403721015,-687.1411161279868,0.26921989063301655,0.7086345679621253,1.0,-1.0,0.2425565664191235,0.10910374357854107,0.45045524563631517,0.012762131389523453,0.26862118652537903,0.10976204015978377,0.43600973850509644,0.10701119729925128,0.37244667811922477,0.17416244461649777,0.7484639409298031,0.017976822674126397,0.4204446362183364,0.1768381924175925,0.728940734080355,0.16786042615123523,0.2425565664191235,0.10910374357854107,0.45045524563631517,0.012762131389523453,0.26862118652537903,0.10976204015978377,0.43600973850509644,0.10701119729925128,0.02,0.13999999999999999,1.0,0.0,0.0,0.0,0.0,0.0,38.64047733734871,6.262111181459253,57.80015950723578,12.737778893887185,38.33840689553798,4.385142738208614,47.276421590965946,30.118922818159668,-1.0,0.0,-1.0,-1.0,-1.0,0.0,-1.0,-1.0,22368.63655703806,21593.51723475973,146858.1326479651,6488.407434924114,14214.321845343786,4036.628891515177,23130.640479546746,6533.441405254842,0.0,0.0,0,0,0.0,0.0,0,0,10.889394532000797,4.181412072909888,26.372581370859276,6.842620220508173,8.702155112503087,0.9323290802859142,10.522416056850425,6.880486923459783,-544.4697266000397,1060004,269000,5380,25.750199507034267,12.137083501998859,12.431339144008234,50.31862215304136,17567.48113803449,268
3.9605103,2.7305918,579.32245,-581.42456,402.05627,-32.997704,-1156.5267,-580.9447,401.79022,-32.675804,-1153.1519,-581.3545,401.64096,-32.891277,-1154.713,3.96051,11.870771,94.45173,0.00014457479,2.730592,7.645527,71.08459,0.00026507513,0.33247674,0.7870857,1.0,-1.0,-10.712977283932664,4.046587080697399,-6.877194784306352,-25.241304076825678,-535.6488641966331,28.33474707343246,-471.05052415097873,-584.0343319354402,0.37189314,0.64842117,1.0,-1.0,20,-11.724019983486764,4.420317843410044,-6.762391797224448,-26.4129790555136,-586.2009991743381,46.0356351412542,-517.3813852093891,-683.6888482842398,0.24617857714630004,0.6986112593276664,1.0,-1.0,0.24433472381464688,0.09396657363851961,0.41215045244896115,0.045699223914966336,0.26938800601559854,0.09042394343209907,0.41215045244896115,0.10511802317241939,0.3710011434296726,0.1459481064827719,0.6750969761322122,0.07335481794431384,0.41426795130650296,0.13998418686081046,0.6750969761322122,0.1797099275802903,0.24433472381464688,0.09396657363851961,0.41215045244896115,0.045699223914966336,0.26938800601559854,0.09042394343209907,0.41215045244896115,0.10511802317241939,0.005714285714285714,0.07537660547584525,1.0,0.0,0.0,0.0,0.0,0.0,38.77701081509526,5.179236552547203,54.725707982509014,15.29443136933139,38.692389563636745,2.683782213333802,43.19740423232177,33.210501945113194,-1.0,0.0,-1.0,-1.0,-1.0,0.0,-1.0,-1.0,21174.20979286222,21005.078468047584,134301.2081799546,6106.564870406496,12799.274638452313,4218.262977857169,23167.486897992418,6156.011329325109,0.0,0.0,0,0,0.0,0.0,0,0,10.712977283932664,4.046587080697399,25.241304076825678,6.877194784306352,8.50704691362323,0.730775819551643,9.632432208734775,6.963558153605928,-535.6488641966331,1064004,270000,5400,25.99503981199814,14.555952677997993,12.52919004215073,53.080182532146864,17622.687385621626,269
5.014777,4.993862,597.66296,-599.2516,398.76065,-37.120735,-1160.1827,-599.0203,398.60864,-37.3724,-1160.6119,-599.19617,398.8281,-36.935257,-1158.7053,5.014777,11.212191,81.193474,0.0011934191,4.993862,14.334032,109.50401,5.379319e-06,0.35032558,0.7480248,1.0,-1.0,-11.038572929183108,4.104813507965947,-6.75443985928108,-25.753601084426847,-551.9286464591554,35.484950511426455,-480.1338762122603,-622.6345470233172,0.266475,0.73944104,1.0,-1.0,20,-11.8964373560348,4.19316459981591,-7.534531073348205,-26.380002000149158,-594.8218678017399,39.457221402848965,-504.193754688848,-677.3492909967226,0.2308049483602761,0.6964665388189629,1.0,-1.0,0.2498550804667742,0.09807705698982977,0.4649740563226524,0.02857803852689484,0.27240933757071073,0.09940541790549945,0.4649740563226524,0.03566755329753681,0.37450206530819113,0.1589331668802644,0.7562863000541168,0.04336047821710587,0.4129163130839778,0.1650347749672691,0.7562863000541168,0.059825198214693176,0.2498550804667742,0.09807705698982977,0.4649740563226524,0.02857803852689484,0.27240933757071073,0.09940541790549945,0.4649740563226524,0.03566755329753681,0.03428571428571429,0.18196209517817893,1.0,0.0,0.047619047619047616,0.21295885499998,1.0,0.0,39.229939334823506,6.395857098059529,58.23222953579022,10.31487803893449,39.01232979845277,4.694173564688301,47.33491752957554,23.12373250576294,-1.0,0.0,-1.0,-1.0,-1.0,0.0,-1.0,-1.0,23183.352537480936,21706.439336623676,138939.40758846034,7097.747104807803,14924.314227190796,5752.465759977282,31018.026080062846,7541.756738905133,0.0,0.0,0,0,0.0,0.0,0,0,11.038572929183108,4.104813507965947,25.753601084426847,6.75443985928108,8.808562454140334,0.9304208472071711,10.801641617294232,6.817633541785781,-551.9286464591554,1068004,271000,5420,30.09951219290815,16.67783654700179,12.93962433798879,59.71697307789873,17681.16439429552,270
3.3088856,2.9827244,572.25555,-573.94147,396.13095,-32.318,-1107.2867,-574.46704,396.17468,-32.291615,-1106.8777,-574.0105,395.9807,-32.507847,-1107.7595,3.3088856,7.795098,51.036476,0.00010956917,2.9827247,5.872668,29.079899,2.2704626e-06,0.4057251,0.76348597,1.0,-1.0,-11.07695907605223,4.014027068487056,-6.22027720379403,-25.891888382313766,-553.8479538026115,43.049200522715964,-438.1841492453493,-645.3504595820458,0.29526857,0.71067667,1.0,-1.0,20,-11.535547724864907,4.55186582260596,-6.641480673770475,-28.333503106383798,-576.7773862432452,57.37662111266837,-507.6602625043083,-763.1069588755075,0.251377733858311,0.6942313172065289,1.0,-1.0,0.26929341200728557,0.1030353407586899,0.4608131132274013,0.031376336339942246,0.2994513679334711,0.10409931880740782,0.45457778023090994,0.07383162069981315,0.3937301145259048,0.15802284008502204,0.7591313455995897,0.0376664515641523,0.4468008962955891,0.16694584565525036,0.7508749876919444,0.08471109718840539,0.26929341200728557,0.1030353407586899,0.4608131132274013,0.031376336339942246,0.2994513679334711,0.10409931880740782,0.45457778023090994,0.07383162069981315,0.006666666666666667,0.08137703743822468,1.0,0.0,0.0,0.0,0.0,0.0,38.46904066645681,6.349053386385653,56.4018760884563,17.00209725399245,37.56603110107267,4.828401733203546,45.04933175338314,20.474258554591085,-1.0,0.0,-1.0,-1.0,-1.0,0.0,-1.0,-1.0,24648.82357522653,20221.33943253024,134839.06279270377,5892.965196787241,17322.539791113475,4113.825094742779,24687.849006080785,7803.746356997033,0.0,0.0,0,0,0.0,0.0,0,0,11.07695907605223,4.014027068487056,25.891888382313766,6.22027720379403,9.068863254482258,1.121359395721174,11.168689116433729,6.255702068918467,-553.8479538026115,1072004,272000,5440,29.616933181219792,15.424441953997302,12.84668722589413,57.888062361111224,17735.532300468636,271
5.32632,3.3127086,587.06116,-588.4513,391.46313,-33.28025,-1138.7274,-588.0207,390.96213,-33.335667,-1135.1012,-588.01697,391.0351,-33.073086,-1135.6445,5.3263197,17.980545,158.96402,9.197096e-05,3.3127089,8.444703,72.256226,0.0005901009,0.35832512,0.74124867,1.0,-1.0,-10.969687855465635,3.9593352919572364,-7.2138051559656216,-27.456705323846105,-548.4843927732816,35.316924468639236,-485.8578101552713,-642.3978678321176,0.31648913,0.75944936,1.0,-1.0,20,-11.743703602848967,4.317256628575881,-6.152687810038643,-25.815118491023053,-587.1851801424483,39.782552936255684,-521.9462836003948,-665.3088558675163,0.24468493735565902,0.7027438548063827,1.0,-1.0,0.2386887495905887,0.10195138984305409,0.46487215223305217,0.019191434321798848,0.2652492863843226,0.09798713479255267,0.46487215223305217,0.07007684393274911,0.3563143380317628,0.15689925847265163,0.7130721346569164,0.028402838866462082,0.3986241817061658,0.155484579208646,0.7130721346569164,0.0980948096237155,0.2386887495905887,0.10195138984305409,0.46487215223305217,0.019191434321798848,0.2652492863843226,0.09798713479255267,0.46487215223305217,0.07007684393274911,0.009523809523809525,0.09712418121129116,1.0,0.0,0.0,0.0,0.0,0.0,37.6252820025633,6.2554860904435,55.40092979287124,13.028893452267623,37.48032291153769,3.7178935524082393,43.74092455988243,26.699510339414,-1.0,0.0,-1.0,-1.0,-1.0,0.0,-1.0,-1.0,21969.055085546508,21031.64889265427,156384.31872329672,6989.605223180155,14209.447369810454,5498.181922176811,28843.523414109688,6989.605223180155,0.0,0.0,0,0,0.0,0.0,0,0,10.969687855465635,3.9593352919572364,27.456705323846105,7.2138051559656216,8.821191419010201,0.8040375486727808,10.40258178488064,7.227554949917943,-548.4843927732816,1076004,273000,5460,27.544153069975437,11.917430685003637,12.515774738021719,51.97735849300079,17790.548724806627,272
4.503568,4.4321465,591.4203,-592.9093,390.52805,-32.601517,-1122.4478,-593.04236,390.4698,-33.001698,-1121.5541,-593.3898,390.89905,-32.361916,-1120.8848,4.503568,9.910713,77.163956,0.0008299351,4.4321465,7.8934927,46.16267,0.00061104074,0.30839333,0.8036106,1.0,-1.0,-10.848043181328766,4.284418532289124,-6.614661868042925,-26.346506066632617,-542.4021590664382,39.627992874070095,-476.4434040301587,-598.7461972741276,0.25618833,0.7132273,1.0,-1.0,20,-11.972112390876397,4.219376594413367,-7.056490155484078,-26.183246110000994,-598.6056195438199,46.48327883329511,-497.297124729842,-682.2944823726024,0.25682008003739726,0.7034321811887725,1.0,-1.0,0.26056317625928815,0.08390163258515293,0.46413987255467254,0.04919681120895745,0.2906114638223037,0.0762048072080279,0.4587925506259072,0.19241737696286595,0.39829889957989484,0.14284696895513213,0.7580085457342194,0.0685977424047051,0.4538253327890998,0.1324600121899327,0.750950038673543,0.3028439890903747,0.26056317625928815,0.08390163258515293,0.46413987255467254,0.04919681120895745,0.2906114638223037,0.0762048072080279,0.4587925506259072,0.19241737696286595,0.002857142857142857,0.05337583340648402,1.0,0.0,0.0,0.0,0.0,0.0,39.65588628752125,5.445793616372734,55.697754547124205,15.053589776768975,39.15490053089448,2.5683260318553653,44.20349086195489,34.18369559035074,-1.0,0.0,-1.0,-1.0,-1.0,0.0,-1.0,-1.0,21654.582716668123,22428.06048691722,146756.14745976723,5151.794239084324,12748.128918625458,4953.149514469827,21338.021356818535,5162.664577758814,0.0,0.0,0,0,0.0,0.0,0,0,10.848043181328768,4.284418532289124,26.346506066632617,6.6146618680429246,8.553941077030693,1.0045697278642214,10.079406926050781,6.695428299510721,-542.4021590664382,1080004,274000,5480,25.469596919087053,14.943298104997666,12.338297010093811,52.75119203417853,17841.354528680793,273
4.298911,3.832149,578.13184,-581.22864,393.65146,-32.98771,-1129.2582,-580.9568,393.76288,-32.93889,-1129.3634,-581.0962,393.8296,-32.799667,-1136.7217,4.298911,11.777608,63.49222,9.3883136e-07,3.832149,10.08098,56.56653,1.08629465e-05,0.32591662,0.77528864,1.0,-1.0,-10.604964213853439,4.22322147346128,-6.608139032195635,-26.75510435328675,-530.2482106926718,28.577624040327134,-483.7085572985078,-600.8715283699382,0.34169713,0.7101174,1.0,-1.0,20,-11.7011257915865,4.240856097246415,-7.441034945685408,-26.33767850673376,-585.056289579325,35.949007666922235,-511.10340224106653,-642.1110163827201,0.2687570544295618,0.6843494998543274,1.0,-1.0,0.21928019657164766,0.1032440026955466,0.44480296536631486,0.02823388277059738,0.24198530600041904,0.10617814130371275,0.44158855650202145,0.0736305550162891,0.33705774863480004,0.1662381652586618,0.6559723076023423,0.04530988303189126,0.3768390895366733,0.17112434625383496,0.6524998985803426,0.11050586614022173,0.21928019657164766,0.1032440026955466,0.44480296536631486,0.02823388277059738,0.24198530600041904,0.10617814130371275,0.44158855650202145,0.0736305550162891,0.011428571428571429,0.10629185850136157,1.0,0.0,0.0,0.0,0.0,0.0,37.0548926928761,6.392941099777382,55.03445273718552,11.881065095549745,36.92291661515297,4.186083950609621,43.44628186531076,29.048903337005008,-1.0,0.0,-1.0,-1.0,-1.0,0.0,-1.0,-1.0,21531.938762752787,21675.66362921827,150197.2852998133,5037.747259835873,13778.938443761583,4820.5898375304405,23858.437024269042,5041.132546113131,0.0,0.0,0,0,0.0,0.0,0,0,10.604964213853439,4.22322147346128,26.755104353286754,6.608139032195636,8.318456874650295,0.8240823054082822,10.227512510728037,6.7569493644051715,-530.2482106926718,1084004,275000,5500,31.84779500795412,12.997861857002135,13.446686808172672,58.292343673128926,17903.413259966925,274
4.8733916,3.6522787,589.83435,-591.6355,405.14758,-31.88171,-1191.8767,-591.4951,405.15448,-32.12837,-1190.819,-591.6976,405.5558,-31.899776,-1184.2014,4.8733916,12.74874,83.26841,8.944422e-06,3.652279,9.1467,58.12201,9.68948e-06,0.3241373,0.78512007,1.0,-1.0,-10.899112310903023,4.1451498998742355,-7.044143474294569,-26.19027899908382,-544.9556155451512,31.758069398829953,-488.2935172076719,-615.1579300535242,0.27780274,0.7740062,1.0,-1.0,20,-11.482627909257866,4.232705004089648,-7.2749973211673415,-26.091468517322223,-574.1313954628934,37.82750677557465,-521.1301587286995,-678.187390921989,0.26512030740049886,0.7073588982634578,1.0,-1.0,0.2645033543865169,0.09052842164698202,0.4467825724312578,0.02210833724645435,0.29410667783158084,0.07958232776762432,0.4399437625438672,0.15183408241728027,0.40331115499324166,0.14265308674199675,0.7545730057529023,0.030700787299874854,0.4549762208550751,0.12499575760229205,0.7449875709791194,0.19256695627645015,0.2645033543865169,0.09052842164698202,0.4467825724312578,0.02210833724645435,0.29410667783158084,0.07958232776762432,0.4399437625438672,0.15183408241728027,0.009523809523809525,0.09712418121129116,1.0,0.0,0.0,0.0,0.0,0.0,39.80690793138308,6.074951195453206,57.99734273831761,12.457932288044534,39.65990152325124,3.305328468039027,47.30781904090239,32.86694109577988,-1.0,0.0,-1.0,-1.0,-1.0,0.0,-1.0,-1.0,22209.63806072501,21537.106520960035,145713.6231718038,5105.5695199967095,13589.891422403536,4080.367486126903,22242.99576318887,6883.6687595627545,0.0,0.0,0,0,0.0,0.0,0,0,10.899112310903023,4.1451498998742355,26.190278999083816,7.04414347429457,8.664659695363515,0.781652703266976,10.150963496746071,7.1548923933014095,-544.9556155451512,1088004,276000,5520,22.65488061287033,16.79291676599678,12.040491136125638,51.488288514992746,17953.699196248912,275
4.121756,4.162149,574.6275,-576.88904,394.623,-32.320755,-1149.1185,-577.1433,394.75964,-32.511898,-1149.6378,-576.5073,394.47565,-31.979546,-1149.6174,4.1217566,11.129705,88.38341,5.914271e-05,4.1621494,11.759387,79.05515,0.00041557848,0.3290994,0.7689343,1.0,-1.0,-10.910503718417123,4.273498536400016,-6.973345673488735,-26.642063987638657,-545.5251859208562,35.65741866993129,-485.7998531292106,-604.3686960930896,0.3191702,0.711662,1.0,-1.0,20,-11.7431129565179,4.181836776641762,-7.162239519492605,-25.459181171979886,-587.155647825895,40.80024128399442,-492.4642522438213,-665.4249488109094,0.2531240210388494,0.6795150009562424,1.0,-1.0,0.251633728135742,0.09919628853329972,0.45400472056859403,0.02746654402143359,0.2767165586541899,0.09534269259091734,0.45400472056859403,0.11187734785494763,0.37450020571912324,0.15147529229653434,0.7268326773726815,0.04372105166097939,0.4141106187401369,0.14808993772907186,0.7268326773726815,0.19116230811805324,0.251633728135742,0.09919628853329972,0.45400472056859403,0.02746654402143359,0.2767165586541899,0.09534269259091734,0.45400472056859403,0.11187734785494763,0.015238095238095238,0.12249855383476974,1.0,0.0,0.0,0.0,0.0,0.0,38.02336138189362,5.62881375290149,56.82797192339172,15.073076384073792,37.64583840257463,3.57821930144641,45.67454768288505,28.931506700641133,-1.0,0.0,-1.0,-1.0,-1.0,0.0,-1.0,-1.0,22136.558250109407,22608.338242320082,146734.80354616826,6458.22962616572,13035.320878112489,4202.654011476716,24683.264972471923,6515.7089941436625,0.0,0.0,0,0,0.0,0.0,0,0,10.910503718417125,4.273498536400016,26.642063987638657,6.973345673488735,8.582938124377268,0.8590045915817803,9.895455087626297,7.055266023481093,-545.5251859208562,1092004,277000,5540,28.05177990201628,15.59267101700243,12.744802162931592,56.3892530819503,18010.157036067867,276
2.60401,2.1105723,586.9662,-588.42395,408.20654,-34.073555,-1135.4415,-588.6178,408.20892,-34.21547,-1134.7952,-588.53015,407.99905,-34.267845,-1135.055,2.60401,5.5140667,30.583588,1.6921113e-06,2.1105723,4.6892357,36.791843,2.1457672e-06,0.32703605,0.76745695,1.0,-1.0,-10.953831429036374,3.891784175169292,-7.199926050449914,-25.473079507647242,-547.6915714518187,32.23520191248272,-494.7878820170097,-590.5265699921839,0.22565806,0.7839148,1.0,-1.0,20,-11.323510645597596,4.555826172111912,-5.606391239629856,-26.084759637184618,-566.1755322798797,49.873329526543046,-464.75878543152663,-657.5936824543558,0.22816894545750088,0.7162831130325334,1.0,-1.0,0.2221259405449108,0.07504840524940039,0.3671266944354367,0.03970487916316198,0.25045568642267707,0.06375903015107863,0.3671266944354367,0.10100042492215293,0.3378774344003251,0.1229322418354951,0.6305310782031197,0.05701107140812264,0.385363293566657,0.10768919164195066,0.6305310782031197,0.1614319692500862,0.2221259405449108,0.07504840524940039,0.3671266944354367,0.03970487916316198,0.25045568642267707,0.06375903015107863,0.3671266944354367,0.10100042492215293,0.012380952380952381,0.11057877011023849,1.0,0.0,0.0,0.0,0.0,0.0,37.91327203635704,6.035418884250096,54.7336608087623,10.497396832250773,37.933001923089414,4.144266915496596,47.55874361859245,27.29811893140967,-1.0,0.0,-1.0,-1.0,-1.0,0.0,-1.0,-1.0,23791.254283088478,20492.19102234903,134841.96842960618,3618.266332146284,16441.94901512842,5995.816319140575,28722.313902460715,8271.04952180695,0.0,0.0,0,0,0.0,0.0,0,0,10.953831429036374,3.891784175169292,25.47307950764724,7.199926050449914,8.893221740931638,0.8359079939764391,10.139909520096666,7.247234999630494,-547.6915714518187,1096004,278000,5560,23.906654200836783,15.662859436000872,12.256259962930926,51.82577359976858,18060.571272827634,277
2.632907,5.174385,588.3698,-589.73486,402.55167,-36.796947,-1142.541,-589.9458,402.8345,-36.719883,-1144.8098,-589.2991,402.37924,-36.678474,-1142.1656,2.632907,8.147814,83.91908,2.8521754e-07,5.174385,16.66085,158.67941,3.3527613e-08,0.28775895,0.783898,1.0,-1.0,-11.017218765438399,3.9232809695326565,-7.275516821342174,-25.67691573166499,-550.86093827192,29.19182007049005,-493.9351952284052,-602.5050950952847,0.29244405,0.7741122,1.0,-1.0,20,-11.658334627133227,4.409706050321017,-7.36790448839749,-27.207080261663474,-582.9167313566614,39.63632400596069,-519.734531631855,-689.4505860961674,0.2620608266445864,0.6805712458957281,1.0,-1.0,0.23139993504971104,0.08805472055748528,0.41596025553246724,0.028717254110334302,0.2561831366343193,0.08660229159026057,0.41596025553246724,0.0784256902214718,0.3512954128501346,0.14597023333131973,0.6934871572871474,0.04037565930472198,0.39188839349431975,0.1501449153133335,0.6934871572871474,0.1315864372951459,0.23139993504971104,0.08805472055748528,0.41596025553246724,0.028717254110334302,0.2561831366343193,0.08660229159026057,0.41596025553246724,0.0784256902214718,0.023809523809523808,0.15245533898649638,1.0,0.0,0.0,0.0,0.0,0.0,38.39589583480865,6.7158076751527105,57.043972192971275,10.546512567462296,38.111923867009104,4.371201377369149,46.05114085459769,28.09468693656902,-1.0,0.0,-1.0,-1.0,-1.0,0.0,-1.0,-1.0,22630.817235839793,20805.617354034366,138890.36344764137,6143.260159612731,14657.65973434319,4397.1462677412455,25168.890632282364,6168.157872889461,0.0,0.0,0,0,0.0,0.0,0,0,11.017218765438399,3.923280969532656,25.676915731664995,7.275516821342174,8.903895676441849,0.6795588184746719,10.215028622291154,7.316069369364017,-550.86093827192,1100004,279000,5580,27.891709433097276,14.244475546998729,13.037706303141022,55.173891283237026,18117.069059772854,278
5.3130703,3.3390527,585.42773,-586.48206,384.52426,-32.55799,-1085.457,-586.7801,385.1523,-32.448402,-1087.2979,-586.98303,385.2156,-32.14995,-1089.1979,5.313071,15.935754,151.41359,0.00040078163,3.3390527,8.926139,66.52342,6.392971e-05,0.3060235,0.7765758,1.0,-1.0,-10.885111350726161,3.974947945420976,-7.09069473209792,-26.02998528209498,-544.2555675363083,28.46727482350863,-492.1256486379573,-595.8375309332729,0.24462782,0.80360645,1.0,-1.0,20,-11.585891101365743,4.336965812703483,-6.714505336763952,-26.06956794856514,-579.2945550682872,34.397076813232644,-505.2913778162288,-651.4469336324485,0.24299886010213484,0.7262191437650619,1.0,-1.0,0.27338455178168675,0.08880372929204994,0.43152468133053185,0.03875977378641615,0.30662235592387704,0.07310113526908885,0.43152468133053185,0.16927064216224846,0.4113443738067587,0.13853654415414884,0.6367153302143216,0.04666368913790386,0.46902822186165866,0.10894711464515651,0.6367153302143216,0.267018111102578,0.27338455178168675,0.08880372929204994,0.43152468133053185,0.03875977378641615,0.30662235592387704,0.07310113526908885,0.43152468133053185,0.16927064216224846,0.007619047619047619,0.08695399779438724,1.0,0.0,0.0,0.0,0.0,0.0,39.30672048120743,5.644928227033527,56.87296635653415,15.225149674865873,38.687394690237646,3.2257676653447787,45.49185088268037,32.75953679552392,-1.0,0.0,-1.0,-1.0,-1.0,0.0,-1.0,-1.0,22833.17236117242,20314.435362393997,141326.64622225327,5773.248077531894,14959.55584638898,2682.343808299205,19329.44933280444,9432.969437626347,0.0,0.0,0,0,0.0,0.0,0,0,10.885111350726161,3.974947945420976,26.02998528209498,7.09069473209792,8.79259057103232,0.7909477888468202,10.077704903773885,7.129263143050786,-544.2555675363083,1104004,280000,5600,25.913228136130783,15.560317277995637,12.712988818071608,54.18653423219803,18171.122995339065,279
5.899267,4.3173656,582.42114,-583.3031,397.17258,-31.119911,-1139.7339,-583.437,397.19394,-30.976751,-1140.5366,-583.8297,396.92233,-31.303041,-1139.7567,5.899268,27.449076,284.55862,2.6915222e-05,4.3173656,14.565946,135.85109,0.0001684181,0.32805702,0.796365,1.0,-1.0,-11.072167215891518,3.990054457145934,-7.319638383091687,-26.86687195585436,-553.6083607945759,34.67576366285038,-492.8147484977087,-612.9441165438802,0.2442481,0.7547789,1.0,-1.0,20,-11.725496303668628,4.5753312832334645,-6.3928717709562966,-26.194721982252666,-586.2748151834314,45.884664031659355,-481.7772878893809,-673.9010038655844,0.2662375642673894,0.6959151006468008,1.0,-1.0,0.23645857065016632,0.10512152648802217,0.4622177708890648,0.026937161709121832,0.25897120582937044,0.10518084499969708,0.4622177708890648,0.10312862379419464,0.35482403364587234,0.15860018837290465,0.7458893043892216,0.04044288947240332,0.39217917717456513,0.1595394486995019,0.7458893043892216,0.16860004870621798,0.23645857065016632,0.10512152648802217,0.4622177708890648,0.026937161709121832,0.25897120582937044,0.10518084499969708,0.4622177708890648,0.10312862379419464,0.017142857142857144,0.12980361933257767,1.0,0.0,0.0,0.0,0.0,0.0,37.87307551212473,5.591627516915026,53.72497366289551,13.951455905252379,37.63869216246988,3.2510411034099507,43.631864064087786,30.596045006038512,-1.0,0.0,-1.0,-1.0,-1.0,0.0,-1.0,-1.0,23340.567736944486,20795.584109602838,155480.94277189876,6771.6012596995815,15182.11952910355,3549.7009830362044,21888.43159823921,6771.6012596995815,0.0,0.0,0,0,0.0,0.0,0,0,11.072167215891518,3.990054457145934,26.86687195585436,7.319638383091687,9.049274164731969,1.3286117466357816,13.408409700913692,7.401913626333442,-553.6083607945759,1108004,281000,5620,24.27176578392391,15.42263702100172,12.121594548894791,51.81599735382042,18225.18753241089,280
5.1759915,6.0472474,581.6835,-584.3669,394.79474,-31.604256,-1116.5863,-584.7018,394.91312,-31.70203,-1115.951,-583.8297,394.20706,-31.392147,-1115.015,5.175991,12.7660265,100.93909,6.948263e-06,6.0472474,15.225198,110.275314,0.0003132969,0.2731974,0.7809561,1.0,-1.0,-11.010187368248483,4.0802506540648675,-6.4038542085895145,-26.372624872747203,-550.5093684124241,30.605070380834498,-469.6798457941919,-614.8105053490019,0.29992816,0.6639296,1.0,-1.0,20,-11.639268861184192,4.213186449071987,-7.340044665832227,-26.33094368893761,-581.9634430592095,32.69496614485469,-530.859665719177,-660.8282316038191,0.271780551527645,0.6937976407143062,1.0,-1.0,0.23213400469839468,0.10147927873812584,0.41445758824868095,0.016060423989944617,0.25721331382524354,0.09670696627157643,0.41445758824868095,0.11398084254632536,0.34904898865518286,0.1538647087413657,0.6834734245139007,0.027710287097930573,0.38875878387584967,0.14759407588409654,0.6834734245139007,0.18126005455282534,0.23213400469839468,0.10147927873812584,0.41445758824868095,0.016060423989944617,0.25721331382524354,0.09670696627157643,0.41445758824868095,0.11398084254632536,0.02,0.13999999999999999,1.0,0.0,0.0,0.0,0.0,0.0,37.324582045007546,5.370566606787463,55.606590046446996,10.06231793447876,37.59347277778999,2.899523141844152,44.011055896649694,29.616310696724035,-1.0,0.0,-1.0,-1.0,-1.0,0.0,-1.0,-1.0,22605.694601971507,21392.84010195977,145916.6348569149,4053.391470027175,14709.923849516072,5372.591313641405,27446.2777441845,4071.057650384341,0.0,0.0,0,0,0.0,0.0,0,0,11.010187368248483,4.0802506540648675,26.372624872747203,6.403854208589514,8.907479077868071,0.9255526573424531,10.87406700101359,6.590082727295363,-550.5093684124241,1112004,282000,5640,33.51093789199513,17.689244166002027,13.820390648048487,65.02057270604564,18285.274762622925,281
8.273403,6.782606,585.60345,-587.2736,405.19797,-33.792088,-1165.3854,-586.964,404.83716,-33.60118,-1165.5994,-587.17896,405.28003,-33.580185,-1161.9639,8.273403,59.181137,667.82056,0.00014457479,6.782606,36.850777,390.5014,7.543713e-06,0.3349435,0.7394902,1.0,-1.0,-10.544441346732373,4.4472461524474,-6.331663239680371,-26.694175758561432,-527.2220673366187,39.500582283518035,-463.01672160492876,-625.1808069446896,0.27586022,0.7361053,1.0,-1.0,20,-11.63205293914553,4.286434751862298,-6.684689813129249,-25.520318501039977,-581.6026469572764,44.43132939015281,-506.8435259869973,-703.0222602541807,0.25397030134319654,0.6847042818489689,1.0,-1.0,0.26016593213554784,0.10044800851652488,0.4108667261096558,0.026758836392786943,0.28611097566477095,0.09660532971146185,0.4054428263762359,0.05885314216255339,0.38390130656127397,0.15580739894599002,0.6307132695558779,0.03402422169745967,0.42671715062284016,0.15173468084986946,0.6307132695558779,0.08455532822069886,0.26016593213554784,0.10044800851652488,0.4108667261096558,0.026758836392786943,0.28611097566477095,0.09660532971146185,0.4054428263762359,0.05885314216255339,0.02857142857142857,0.16659862556700858,1.0,0.0,0.047619047619047616,0.21295885499998,1.0,0.0,38.15986449339394,6.114981814800556,55.855035772486204,15.289687643986479,37.855441083045775,3.937418872594532,44.46161596385861,23.983375313461917,-1.0,0.0,-1.0,-1.0,-1.0,0.0,-1.0,-1.0,22203.351291029525,22322.32559376319,151095.33166058155,5996.525082809118,13102.884529649926,3372.4196877921354,18750.61777101411,6417.063358225365,0.0,0.0,0,0,0.0,0.0,0,0,10.544441346732373,4.447246152447401,26.694175758561432,6.331663239680371,8.103019639244488,1.0654135833444853,10.997192461527307,6.343956689544744,-527.2220673366187,1116004,283000,5660,25.86794209200889,12.73225797899795,12.719168367984821,51.31936843899166,18337.822289130912,282
6.3810754,3.9974947,586.3917,-588.8406,409.8132,-31.547707,-1158.6896,-588.4436,409.78076,-31.822487,-1159.1389,-588.2827,409.57828,-31.115437,-1157.6664,6.381075,37.563213,423.86752,8.022622e-05,3.9974947,14.456792,153.24715,5.364418e-07,0.3574514,0.74954736,1.0,-1.0,-10.900752986123386,4.201129012589981,-6.935930044310338,-26.59992203000838,-545.0376493061694,47.77996131971201,-477.86702530643106,-671.7118010753451,0.25063664,0.7608741,1.0,-1.0,20,-11.651124634287815,4.442224062636319,-6.411929995195534,-25.78412434346645,-582.556231714391,35.90227613886635,-512.7664118501793,-638.9668634002795,0.25269365207262734,0.7034387491447688,1.0,-1.0,0.2576913665854528,0.09496092494633877,0.4488889057276365,0.020662438836498234,0.287893194650714,0.08687915422838445,0.4488889057276365,0.07846629446265299,0.3940407783484825,0.14543463573613907,0.7014972072050182,0.033392901513474904,0.4482090590388801,0.13185728324190987,0.7014972072050182,0.12672198779408084,0.2576913665854528,0.09496092494633877,0.4488889057276365,0.020662438836498234,0.287893194650714,0.08687915422838445,0.4488889057276365,0.07846629446265299,0.009523809523809525,0.09712418121129117,1.0,0.0,0.0,0.0,0.0,0.0,39.12286220398473,5.494100602328375,53.9008056995046,10.28461260523851,38.99366350239943,2.528349801554375,44.290548511255906,33.37445053452346,-1.0,0.0,-1.0,-1.0,-1.0,0.0,-1.0,-1.0,23551.139658758384,21500.39874022231,145304.41314855492,4919.33468712977,15656.29294607892,4877.210057469395,27326.537959859113,7342.709759538152,0.0,0.0,0,0,0.0,0.0,0,0,10.900752986123386,4.201129012589981,26.59992203000838,6.935930044310338,8.915303998688913,1.5522651942007129,13.577027866123606,6.956008224826508,-545.0376493061694,1120004,284000,5680,23.14337381218502,13.962789862001955,12.389121182895906,49.49528485708288,18387.422573692987,283
4.8764095,5.047968,573.2477,-574.3141,393.35303,-32.144226,-1166.9255,-574.374,393.475,-32.07692,-1164.7151,-575.0833,393.52158,-31.60623,-1166.6855,4.8764095,11.643331,71.73601,1.2531877e-05,5.0479674,11.947672,103.90737,7.66453e-05,0.3196483,0.78512734,1.0,-1.0,-10.918681332494193,4.0372287342562645,-7.094684464131795,-25.890780441197997,-545.9340666247095,33.95954848387482,-486.7391019263423,-597.4226198756007,0.29918262,0.7547127,1.0,-1.0,20,-11.543733813475184,4.2624608655629554,-6.612657735143542,-27.005100002342644,-577.1866906737594,38.85188028671798,-503.78977830686824,-638.36572424136,0.2526925366432052,0.7066092902492255,1.0,-1.0,0.29273177790789967,0.08813843090905271,0.4349327175921801,0.0376171605106241,0.32583022898181746,0.07903457022969206,0.4349327175921801,0.15946401084017806,0.4349461125299366,0.1453774688724431,0.7175733046683832,0.05704231781972827,0.4952992253963061,0.13297353350348334,0.7175733046683832,0.21688265980939453,0.29273177790789967,0.08813843090905271,0.4349327175921801,0.0376171605106241,0.32583022898181746,0.07903457022969206,0.4349327175921801,0.15946401084017806,0.004761904761904762,0.06884205854667123,1.0,0.0,0.0,0.0,0.0,0.0,40.10568516191958,5.3478278591556805,56.38121836151874,13.956268271556917,39.189505054706636,2.660344242468579,44.837821988375886,34.720031900158446,-1.0,0.0,-1.0,-1.0,-1.0,0.0,-1.0,-1.0,22873.57143604949,21093.392472517855,140309.63292902953,5547.5780365865085,14419.353666042214,4335.28051543496,24942.672924770057,7180.236694519448,0.0,0.0,0,0,0.0,0.0,0,0,10.918681332494193,4.0372287342562645,25.890780441197997,7.094684464131795,8.750843165546074,0.9466436757664429,10.194732391756743,7.127847533306278,-545.9340666247095,1124004,285000,5700,27.636533007767866,14.078946626999823,12.751614105931367,54.467093740699056,18440.75525704567,284
2.7873583,3.0786247,580.5129,-582.5567,406.05658,-33.493073,-1093.3745,-582.5584,405.8042,-33.661587,-1094.2992,-582.5347,406.13467,-32.30517,-1094.5308,2.7873585,5.192367,33.7809,0.00010019541,3.0786247,6.002705,47.89208,0.00013876334,0.32971844,0.76641387,1.0,-1.0,-10.973201897153952,4.065250260100619,-7.691776758964431,-27.594063705446615,-548.6600948576977,32.39102189499723,-499.928125894088,-617.9757056720427,0.27725798,0.74844253,1.0,-1.0,20,-11.923964355960244,4.394363909779489,-7.474183315104289,-26.346749692906617,-596.198217798012,71.07425079218154,-518.6384883474341,-869.5606384397792,0.23661163997550413,0.7238126180481729,1.0,-1.0,0.23170792986128552,0.09844514391979961,0.43499385324854867,0.012108105608452685,0.25943767282577473,0.09259997763829637,0.42177755928677024,0.06812385811848039,0.3484995890948044,0.15020184072473117,0.643334016667412,0.017566520938538832,0.393882521807099,0.14033369043941765,0.627534555253449,0.10621330515789623,0.23170792986128552,0.09844514391979961,0.43499385324854867,0.012108105608452685,0.25943767282577473,0.09259997763829637,0.42177755928677024,0.06812385811848039,0.023809523809523808,0.15245533898649638,1.0,0.0,0.0,0.0,0.0,0.0,37.287383791478085,6.417729843110668,55.361074187363606,9.709420626601135,37.048793253803375,4.361178081640963,45.051577259960055,25.50138849300419,-0.9990476190476191,0.030845970934669797,0.0,-1.0,-1.0,0.0,-1.0,-1.0,22722.78580400275,21415.641460908384,164943.48540752262,5394.856219673704,16129.236476618089,7809.687313654917,44575.31185957278,5394.856219673704,0.0,0.0,0,0,0.0,0.0,0,0,10.973201897153952,4.065250260100619,27.594063705446615,7.691776758964432,8.991855526629038,1.2721775516900709,14.083689895857757,7.781398175156463,-548.6600948576977,1128004,286000,5720,23.083132995037886,12.946025713004929,12.720694401767105,48.74985310980992,18490.402963893466,285
6.9171343,6.021905,578.0488,-580.93335,401.1927,-32.611725,-1197.5746,-580.6404,401.0384,-32.684948,-1196.5807,-579.60205,400.29645,-32.71168,-1193.6875,6.9171352,11.312899,77.22831,0.0019743443,6.021905,14.531644,141.58298,0.00013590232,0.3158376,0.7493169,1.0,-1.0,-11.087048642357452,4.028698221291109,-6.9339215444403415,-26.05396259849211,-554.3524321178726,36.753233780971456,-492.5542514910775,-619.282874744854,0.23589088,0.6697256,1.0,-1.0,20,-11.494696565075785,4.2675403064793,-6.550521542319395,-26.676219102477166,-574.7348282537893,45.72280507712283,-505.8477540029479,-662.3631248316035,0.25479265263328693,0.7267050631318506,1.0,-1.0,0.24941665656548398,0.09687387202154565,0.4727435654937205,0.0419665161693486,0.2721116568883057,0.09862545578762587,0.46769518882727956,0.08735735102970643,0.3714370509932513,0.15318011046806548,0.7659211978799573,0.0515810249067718,0.41190919924767333,0.16284291191788106,0.7594529897106652,0.13048936880827694,0.24941665656548398,0.09687387202154565,0.4727435654937205,0.0419665161693486,0.2721116568883057,0.09862545578762587,0.46769518882727956,0.08735735102970643,0.004761904761904762,0.06884205854667123,1.0,0.0,0.0,0.0,0.0,0.0,40.14315993527794,5.325113038983495,54.436978436532456,21.60401553231108,39.714514723136084,3.9105240186019397,46.69583007018793,26.42003422369834,-1.0,0.0,-1.0,-1.0,-1.0,0.0,-1.0,-1.0,21847.229177521,21420.951323065114,143971.8353314315,3855.584174132959,14473.157944347973,4875.735312592288,21941.909199395453,4054.2698716530354,0.0,0.0,0,0,0.0,0.0,0,0,11.087048642357452,4.028698221291109,26.05396259849211,6.9339215444403415,9.49502542131605,1.6072711484263829,12.665853017236,6.947815436050796,-554.3524321178726,1132004,287000,5740,24.694853740096733,13.825160708001931,13.12568204288982,51.645696490988485,18541.903934362454,286
3.6628788,4.2796416,596.943,-598.2482,403.05124,-33.7037,-1108.2032,-598.23047,403.0598,-33.799526,-1108.3347,-598.7084,403.13553,-33.775173,-1108.0787,3.6628795,9.954516,88.86204,1.0687072e-06,4.2796416,13.003465,106.03695,0.00013679318,0.32999,0.75498736,1.0,-1.0,-11.067561138259142,4.067489239712611,-7.2189862248685115,-26.155743297360058,-553.378056912957,32.7050235778697,-488.99434252864256,-624.9760070266581,0.22739607,0.7940731,1.0,-1.0,20,-11.802467383965377,4.417122517719117,-6.993317406802269,-26.07520226219536,-590.123369198269,44.35879581039846,-518.2056507762791,-682.2935673467451,0.21459336400248435,0.7080214503797467,1.0,-1.0,0.24734681044914952,0.09240058619141842,0.41035285192297166,0.022494728418877407,0.27185099704765153,0.08657219311857944,0.41035285192297166,0.1046540224634253,0.367404283822631,0.13709618329417578,0.6379320540007909,0.03468452491852034,0.40445492666181,0.12720290773427925,0.6379320540007909,0.12637499794966872,0.24734681044914952,0.09240058619141842,0.41035285192297166,0.022494728418877407,0.27185099704765153,0.08657219311857944,0.41035285192297166,0.1046540224634253,0.012380952380952381,0.11057877011023849,1.0,0.0,0.0,0.0,0.0,0.0,38.27676661497532,5.96065582496957,56.35411231334537,11.180013886215129,38.10162174207172,3.7714936496073115,45.25773158652921,32.172922818834024,-1.0,0.0,-1.0,-1.0,-1.0,0.0,-1.0,-1.0,22528.148150786175,21668.565940345983,146461.41443296106,6444.936128433184,14261.88456296192,4843.523146149238,24728.6593261994,6545.7106620791865,0.0,0.0,0,0,0.0,0.0,0,0,11.067561138259142,4.067489239712611,26.155743297360058,7.2189862248685115,9.062242712917737,1.1189879550450141,12.410712015049418,7.572973718233171,-553.378056912957,1136004,288000,5760,25.58099103801942,13.697535051003797,13.457312161881418,52.735838250904635,18595.688698017366,287
2.6145034,2.120952,595.41943,-597.66046,402.56223,-33.950005,-1187.8287,-597.6426,402.39343,-34.46784,-1187.0739,-597.6402,402.40976,-34.507786,-1185.1927,2.6145034,5.257096,28.21131,0.00086906925,2.1209521,5.11383,42.77371,0.0003219992,0.3237374,0.7899348,1.0,-1.0,-10.997777889351156,4.291120085533378,-6.345181414590231,-26.838463553870067,-549.8888944675577,43.25717855592272,-469.804779104069,-624.7415132756884,0.20814092,0.7954338,1.0,-1.0,20,-12.219868536121988,4.19586379108489,-7.294309165449433,-25.65206941408686,-610.9934268060993,43.976412684115274,-521.6412452661648,-674.3404584340311,0.20294256955138731,0.7138440541964782,1.0,-1.0,0.25466486484937906,0.11420663373175945,0.4386055798906692,0.0492077141543523,0.2706049024690243,0.12128187549103593,0.41914904156702315,0.08392307839173595,0.37433043719291303,0.17699239892328866,0.685298894599352,0.0695467890540307,0.40295505634287293,0.1890899832520854,0.6583357380868282,0.12669987491582507,0.25466486484937906,0.11420663373175945,0.4386055798906692,0.0492077141543523,0.2706049024690243,0.12128187549103593,0.41914904156702315,0.08392307839173595,0.005714285714285714,0.07537660547584525,1.0,0.0,0.0,0.0,0.0,0.0,37.97558295591556,5.392289924051507,53.34677497857905,17.493129095496634,37.49782032841005,3.7329777786992433,45.81627787941277,30.57611977256141,-1.0,0.0,-1.0,-1.0,-1.0,0.0,-1.0,-1.0,21882.87270452744,22458.73110484973,149857.96419879352,4859.590385323022,14117.827572315968,4895.8041405891945,25945.162883691526,5397.941192376233,0.0,0.0,0,0,0.0,0.0,0,0,10.997777889351154,4.291120085533378,26.838463553870067,6.345181414590231,8.901755477478053,1.4304773520127012,12.594724078392327,6.4306962838139405,-549.8888944675577,1140004,289000,5780,24.367175071944075,14.727331901995058,13.245302822069789,52.33980979600892,18649.103133859375,288
4.913232,4.2252135,582.13513,-583.5211,416.188,-31.450718,-1149.4547,-583.17053,416.06012,-31.047411,-1157.2883,-583.7562,415.9914,-31.813887,-1154.0577,4.913232,26.957079,300.44055,0.00022912025,4.2252135,15.818024,174.44502,6.127381e-05,0.2438534,0.8333425,1.0,-1.0,-10.919308713249421,4.037706216230149,-7.0039668749260535,-25.457955188799318,-545.9654356624711,34.195496025303385,-477.2215809784214,-617.4656794522782,0.29530627,0.6846394,1.0,-1.0,20,-11.513408998948751,4.40988700118742,-7.103240069196537,-25.482951105448855,-575.6704499474375,35.559013006091185,-507.8133411596479,-639.7840431164224,0.23372222142439408,0.7087965974997097,1.0,-1.0,0.23179288018376631,0.08510725603333005,0.42990017940737313,0.042601943559343464,0.25529811772567507,0.08239231439881162,0.42990017940737313,0.10998873799750199,0.3535273512227367,0.1377075470108639,0.668135882582866,0.062174647134132247,0.39405689040353037,0.1374408365020229,0.668135882582866,0.16727613428756719,0.23179288018376631,0.08510725603333005,0.42990017940737313,0.042601943559343464,0.25529811772567507,0.08239231439881162,0.42990017940737313,0.10998873799750199,0.008571428571428572,0.0921843760280096,1.0,0.0,0.0,0.0,0.0,0.0,38.41023999869848,5.9429936492469455,56.787012312650816,14.479918348216303,38.84799913687615,3.689958316296117,46.663700844955294,33.62064345431538,-1.0,0.0,-1.0,-1.0,-1.0,0.0,-1.0,-1.0,21821.461613131334,21235.940537692994,138673.02266341448,7118.393442936253,14915.371045633361,5181.909857099565,28098.2261548618,7499.942530263899,0.0,0.0,0,0,0.0,0.0,0,0,10.919308713249421,4.037706216230149,25.457955188799318,7.0039668749260535,9.193129022292664,1.5206287514644785,12.880986267940226,7.043544306951388,-545.9654356624711,1144004,290000,5800,25.766553433168156,15.80230999399646,13.35882944304467,54.927692870209285,18703.76377894458,289
5.3548017,3.7221766,582.8053,-584.26904,402.93082,-35.620186,-1180.0712,-584.5176,403.2095,-35.18815,-1188.5414,-584.7144,402.9597,-35.443825,-1191.2141,5.354802,14.76011,124.16521,7.8594545e-05,3.7221763,9.347328,61.25613,2.7552247e-05,0.33835325,0.73351777,1.0,-1.0,-11.01697007473938,4.182396987294198,-6.7525726707748746,-26.321426848702068,-550.8485037369688,42.16952706411766,-461.7565187041462,-652.1130657285094,0.21587262,0.7622312,1.0,-1.0,20,-11.774551409942111,4.178259572416491,-7.040674925715756,-25.878735171683196,-588.7275704971055,40.83014299584645,-527.6659920820518,-674.0889368824487,0.1960097691240266,0.7089314533703895,1.0,-1.0,0.256223440454047,0.09254142915794536,0.4393602313886195,0.015248991719636661,0.2865415264535877,0.08624456646995439,0.4393602313886195,0.1181213459480478,0.38554658005547926,0.1416996049002103,0.6594388820758748,0.02208559963976557,0.43765842329015814,0.1317866822061586,0.6594388820758748,0.19514033864468056,0.256223440454047,0.09254142915794536,0.4393602313886195,0.015248991719636661,0.2865415264535877,0.08624456646995439,0.4393602313886195,0.1181213459480478,0.01619047619047619,0.12620754601529105,1.0,0.0,0.0,0.0,0.0,0.0,39.052305425608296,6.096154974814997,56.231216933172156,5.913198863533377,38.7780632974502,3.563473141863239,45.20232579849441,30.174495979427007,-0.9990476190476191,0.030845970934669797,0.0,-1.0,-1.0,0.0,-1.0,-1.0,21319.89776006213,22282.986189403317,145176.40886416085,5557.123949463879,13241.459149439534,5013.101487567486,26316.892249041448,5634.647035095855,0.0,0.0,0,0,0.0,0.0,0,0,11.01697007473938,4.182396987294198,26.321426848702068,6.752572670774874,8.942780460526913,1.4157436628179305,13.7924030419165,6.790601369562132,-550.8485037369688,1148004,291000,5820,23.11560341498989,15.55381171899353,12.825363412033767,51.49477854601719,18753.6249510106,290
2.6220546,2.4456716,582.1036,-583.7325,413.82974,-34.360886,-1157.9637,-583.7232,414.02997,-34.320557,-1157.9027,-583.3278,413.64136,-34.248753,-1156.6973,2.6220546,6.214476,40.25323,3.1103904e-05,2.4456716,6.23227,51.070496,2.336003e-05,0.30222258,0.786624,1.0,-1.0,-11.118074460534602,4.063004085638611,-7.147370817065828,-25.311022557441156,-555.9037230267301,47.29387604057177,-491.92999428420626,-664.2317563728706,0.20550351,0.77288246,1.0,-1.0,20,-11.764329506992338,4.173582780574442,-7.878282790308618,-26.745127933957278,-588.216475349617,28.146093070117928,-551.779408160386,-663.6689582317742,0.2242414337671212,0.7298966351107342,1.0,-1.0,0.24946107696728276,0.10728841209956996,0.4632181654069127,0.019717353207068515,0.27489812524625146,0.10861052298649516,0.45468379392190855,0.08156395415669354,0.373622093484649,0.17235961211470557,0.7794113437507819,0.027409007718528167,0.41210640352835143,0.17570533212702527,0.7676109908461188,0.11837511094820449,0.24946107696728276,0.10728841209956996,0.4632181654069127,0.019717353207068515,0.27489812524625146,0.10861052298649516,0.45468379392190855,0.08156395415669354,0.008571428571428572,0.0921843760280096,1.0,0.0,0.0,0.0,0.0,0.0,38.61810704652091,5.815862497831393,55.052745181493485,17.062623421722883,37.8553843984418,3.5188194124729857,43.67505541159267,31.41409479497657,-1.0,0.0,-1.0,-1.0,-1.0,0.0,-1.0,-1.0,22837.156432491072,21357.86022840747,134251.77488911746,4681.9120170283895,15875.2016587271,6987.909771110509,32768.5978296806,4681.9120170283895,0.0,0.0,0,0,0.0,0.0,0,0,11.118074460534602,4.063004085638611,25.311022557441156,7.147370817065828,9.067074084044938,1.2640587372565675,12.216322911195867,7.360808194731393,-555.9037230267301,1152004,292000,5840,24.42592144493392,13.901653938999516,12.867329484048241,51.19490486798168,18804.291770632568,291
3.6002967,3.358173,577.7349,-579.64343,394.8879,-32.10084,-1126.136,-579.9756,394.848,-32.16988,-1125.3264,-579.95886,394.5566,-32.27117,-1126.3596,3.600297,9.03545,68.02273,0.00039106607,3.358173,8.403017,51.026886,0.0029375553,0.32235512,0.75694466,1.0,-1.0,-10.911086340905248,4.060382502584485,-6.84270235464425,-25.48231655243016,-545.5543170452626,33.50105438971662,-483.3746689408335,-614.0973261565118,0.32998958,0.69958687,1.0,-1.0,20,-11.667077107682513,4.424518161683187,-7.061343908000222,-26.643832533732944,-583.3538553841256,42.87971463148945,-513.4866270183059,-690.4948575449415,0.25967260223903654,0.7052922546864063,1.0,-1.0,0.24117888957588948,0.09789443759105834,0.4562539046770574,0.0397812208863689,0.26787583274089144,0.09608810395946654,0.4562539046770574,0.0844751411917491,0.35964005971146834,0.1561646888800861,0.7144489551617135,0.05178194022018831,0.4045866771150396,0.15645149027905816,0.7144489551617135,0.1111429001798103,0.24117888957588948,0.09789443759105834,0.4562539046770574,0.0397812208863689,0.26787583274089144,0.09608810395946654,0.4562539046770574,0.0844751411917491,0.009523809523809525,0.09712418121129116,1.0,0.0,0.0,0.0,0.0,0.0,37.64527741375554,6.519211299352046,57.31324438160485,13.918605594647273,37.587617887004136,4.354668748360783,46.37107753748771,26.725566440700874,-1.0,0.0,-1.0,-1.0,-1.0,0.0,-1.0,-1.0,23899.56485417478,20790.86315306653,134354.1717405388,8579.188176481746,16164.574334678171,5136.459141172858,33343.352393428366,9700.381540563027,0.0,0.0,0,0,0.0,0.0,0,0,10.911086340905246,4.060382502584485,25.48231655243016,6.84270235464425,8.797590123821484,0.8781158628518431,10.599012542573723,7.054642515952376,-545.5543170452626,1156004,293000,5860,26.208498134037654,13.393518320997828,13.378525230851665,52.98054168588715,18858.167216493457,292
3.3536286,4.061851,581.0652,-582.516,404.86926,-33.159042,-1102.1327,-582.4507,404.60117,-33.31052,-1102.3247,-582.6206,405.37143,-33.00803,-1102.8524,3.3536286,6.8382564,37.62,0.00015503168,4.0618515,8.50574,59.06693,3.0174851e-05,0.35164896,0.7325319,1.0,-1.0,-10.985063724046547,4.079084031176893,-6.608370783809967,-26.129196794615222,-549.2531862023274,34.73717063821609,-461.24071447082093,-607.7600435050998,0.27132732,0.7547816,1.0,-1.0,20,-11.909195215745713,4.5923329513791815,-7.495753042111615,-26.890709732380486,-595.4597607872856,53.92031360946656,-525.3480440554121,-721.6720493232523,0.26436592718127583,0.6938979490646964,1.0,-1.0,0.242130304350695,0.10227544582799257,0.43892185422413477,0.02394491869803002,0.2672990195409718,0.10183071036337861,0.43892185422413477,0.1006531230183305,0.3666107290689659,0.1670897973852378,0.7127774159815587,0.038749663789000216,0.4110060316044804,0.17049061530446438,0.7127774159815587,0.12911024295120901,0.242130304350695,0.10227544582799257,0.43892185422413477,0.02394491869803002,0.2672990195409718,0.10183071036337861,0.43892185422413477,0.1006531230183305,0.01619047619047619,0.12620754601529105,1.0,0.0,0.0,0.0,0.0,0.0,37.67919807310797,7.204843046386735,56.38573472389724,13.558667431367196,37.363307888680644,5.534717271617218,45.45083523636501,18.272274962228188,-1.0,0.0,-1.0,-1.0,-1.0,0.0,-1.0,-1.0,21790.482130936245,21729.161719770927,144208.42480130921,3983.844163454169,14165.560331127528,5433.518298153002,24350.34895100925,3983.844163454169,0.0,0.0,0,0,0.0,0.0,0,0,10.985063724046547,4.079084031176893,26.129196794615222,6.608370783809968,8.914749457430796,0.9735843875049411,11.262473830196742,6.645845316552119,-549.2531862023274,1160004,294000,5880,25.179360964059015,14.27009330099827,13.468550521974976,52.91800478703226,18911.8439684955,293
3.2279904,2.3813775,576.507,-578.37573,399.2935,-33.218952,-1224.2332,-578.1199,399.16354,-33.092285,-1224.817,-577.8069,399.24298,-32.577393,-1220.3779,3.2279902,7.4424915,44.13601,4.94814e-05,2.3813777,5.795677,33.81283,1.4320016e-05,0.30474773,0.7756569,1.0,-1.0,-10.906068353347782,4.076126068208362,-7.149002039749781,-27.996812540664187,-545.3034176673891,41.279806288270684,-482.8110460667451,-622.963456017053,0.17994785,0.7938277,1.0,-1.0,20,-12.21729290148808,4.643236430537932,-6.892755218997436,-27.261539040795675,-610.8646450744039,58.25661799788455,-541.242009709935,-809.6567873382571,0.2602576371838707,0.6814439043668722,1.0,-1.0,0.240375680151242,0.08733626742276494,0.4041644496201114,0.03468176677862656,0.2688730532354577,0.0783002823654891,0.39698651915463545,0.14529584168312465,0.3526161835893967,0.12847157383987584,0.5922435363772864,0.049848865097344014,0.3988604227042779,0.11786769857001514,0.5803434279098694,0.19125462189732048,0.240375680151242,0.08733626742276494,0.4041644496201114,0.03468176677862656,0.2688730532354577,0.0783002823654891,0.39698651915463545,0.14529584168312465,0.007619047619047619,0.08695399779438724,1.0,0.0,0.0,0.0,0.0,0.0,39.08741502758391,5.590730887234085,53.924351585938055,18.893720439585525,38.79540072422513,3.8828724978687124,50.77799521598462,31.85774005938992,-1.0,0.0,-1.0,-1.0,-1.0,0.0,-1.0,-1.0,22530.25381358794,21152.05535433207,165913.16244841038,4797.508940314089,14789.854763158824,4539.736978624531,23424.68747673018,4797.508940314089,0.0,0.0,0,0,0.0,0.0,0,0,10.906068353347782,4.076126068208362,27.996812540664184,7.149002039749781,8.83688877681333,1.2244246840915627,12.073602867805173,7.183211323468565,-545.3034176673891,1164004,295000,5900,22.057603558139817,15.038720112999727,12.600660753072589,49.69698442421213,18961.03092465172,294
3.5531497,4.2861085,590.54675,-592.3146,400.38123,-33.47634,-1260.2474,-592.62683,400.62955,-33.36825,-1258.9294,-592.383,400.0156,-33.586666,-1254.4932,3.5531495,8.765633,65.87363,6.571412e-06,4.2861085,10.884772,99.79472,1.206994e-06,0.29382598,0.784964,1.0,-1.0,-10.949864242180317,4.257725109028648,-5.755542142843807,-26.244401211953665,-547.4932121090156,36.571261100814375,-445.7672820655504,-636.7991513802849,0.33707815,0.66506255,1.0,-1.0,20,-11.74728568163963,4.378930899463758,-6.1727399647434815,-25.791023225277357,-587.3642840819814,52.81486051721594,-470.1801711995658,-661.5818859533802,0.2256482609241009,0.7073596296648663,1.0,-1.0,0.254809028131016,0.11094703811105955,0.42826032268267056,0.01647745121266878,0.2766360414813031,0.11471390531059697,0.4206074514790444,0.021378989636295535,0.38445818450331654,0.17707773852842032,0.7253886832118179,0.02674220606251082,0.4202568866454874,0.1858493506129936,0.7145872841167962,0.035042331121713094,0.254809028131016,0.11094703811105955,0.42826032268267056,0.01647745121266878,0.2766360414813031,0.11471390531059697,0.4206074514790444,0.021378989636295535,0.047619047619047616,0.21295885499997996,1.0,0.0,0.047619047619047616,0.21295885499998,1.0,0.0,38.464007437544616,7.272732760264258,55.832739172930424,7.949762484996549,37.83095868395365,5.82262191912394,45.09641616857729,19.038845738616182,-0.9990476190476191,0.030845970934669797,0.0,-1.0,-1.0,0.0,-1.0,-1.0,22042.741180932735,22520.47697815245,146485.67857497395,5450.715832679305,13615.897608612935,4473.243815656473,26038.03182990056,7345.066706116092,0.0,0.0,0,0,0.0,0.0,0,0,10.949864242180317,4.257725109028648,26.24440121195366,5.755542142843807,8.752506766534893,0.9546413812745784,10.575828918873954,5.8356909061503,-547.4932121090156,1168004,296000,5920,25.51276310090907,14.527311874997395,13.361957590990642,53.402032566897105,19013.450848332606,295
4.784182,3.1264029,605.987,-606.9956,413.0267,-33.604828,-1117.2697,-607.0696,413.2886,-33.303867,-1119.1644,-607.5281,413.55524,-33.21724,-1122.6184,4.7841816,10.916926,64.873566,2.039969e-05,3.1264029,6.6819177,50.16446,3.971369e-05,0.3731325,0.73994833,1.0,-1.0,-11.021891216901752,4.124512874577923,-7.179825829157969,-26.317336864848194,-551.0945608450876,32.52894270811738,-487.0398251118682,-630.7071626261794,0.2764374,0.7336838,1.0,-1.0,20,-11.804328957904731,4.406438948503939,-6.1215034347150885,-27.284341252773828,-590.2164478952367,43.65714306862488,-506.9189265603366,-659.3440260555337,0.2566797297145883,0.7102070265265424,1.0,-1.0,0.25675087376866973,0.09304926374727367,0.412357818530196,0.016960220897513995,0.2847725349337938,0.08435459290282557,0.4063835505948721,0.12222623919454596,0.3861891099643293,0.14111374702902765,0.6044463078562223,0.028684963928145096,0.4337269400388334,0.12684317451391175,0.6044463078562223,0.1872178802657203,0.25675087376866973,0.09304926374727367,0.412357818530196,0.016960220897513995,0.2847725349337938,0.08435459290282557,0.4063835505948721,0.12222623919454596,0.013333333333333334,0.11469767022723505,1.0,0.0,0.0,0.0,0.0,0.0,38.59671465241375,5.652440606116925,57.722734109397535,12.002073382329296,38.38056412799925,2.97435788423346,46.952554029287114,32.8141601171003,-1.0,0.0,-1.0,-1.0,-1.0,0.0,-1.0,-1.0,22978.013215841915,21962.750063527088,144719.4548933161,6846.220240890028,14709.02068235558,5393.870856611888,27811.478312522126,7231.936594414423,0.0,0.0,0,0,0.0,0.0,0,0,11.021891216901752,4.124512874577922,26.317336864848194,7.179825829157969,8.804684556546926,0.8482062493082311,10.79614585922118,7.223221202706409,-551.0945608450876,1172004,297000,5940,23.190300970840326,13.551901298000303,12.746971682245203,49.48917395108583,19063.3776917957,296
3.074591,2.8570495,577.82996,-579.94275,403.12274,-33.75263,-1169.345,-579.83856,402.99167,-33.802876,-1168.533,-579.36194,402.82867,-33.829018,-1166.9653,3.0745907,9.139892,91.4992,1.4901161e-06,2.8570492,7.207437,45.1252,3.3527613e-08,0.3081106,0.74764466,1.0,-1.0,-10.821721950689833,4.213272619178887,-6.265516161020927,-26.676973041932378,-541.0860975344916,40.82434926802547,-453.0253929844188,-603.7456794843806,0.26377872,0.7226929,1.0,-1.0,20,-11.552006407057283,4.328438095393393,-7.179624387086879,-26.33996350969425,-577.6003203528642,46.541034056989155,-517.9624879425916,-713.1584792537112,0.2422969584534054,0.7216298732114621,1.0,-1.0,0.27729848871338514,0.09542319898826947,0.42030678861651144,0.025943962044848425,0.3023077997933313,0.09149159999420642,0.41991182303665286,0.11343098988208557,0.4154375798480782,0.15225057492191843,0.7062654039835504,0.04014195466950657,0.4609668747361607,0.1487281919545692,0.6926378182709257,0.13574024789332245,0.27729848871338514,0.09542319898826947,0.42030678861651144,0.025943962044848425,0.3023077997933313,0.09149159999420642,0.41991182303665286,0.11343098988208557,0.009523809523809525,0.09712418121129116,1.0,0.0,0.0,0.0,0.0,0.0,39.53291434885356,5.57363489508576,56.05995074616492,11.41559938267225,39.048597081232444,3.753391688108887,45.93587878370143,30.896454172454867,-1.0,0.0,-1.0,-1.0,-1.0,0.0,-1.0,-1.0,22925.408131357282,21630.598683471093,151081.75085400688,4248.686383305581,15171.909058606221,4981.588183029474,24322.80332635719,4622.061223536849,0.0,0.0,0,0,0.0,0.0,0,0,10.821721950689833,4.213272619178887,26.676973041932378,6.265516161020926,8.634948501687782,1.1273436272997923,10.718751036407577,6.420978027671423,-541.0860975344916,1176004,298000,5960,25.60105285879399,13.995104532004916,13.456670674939232,53.05282806573814,19117.63998433043,297
3.1807528,3.1409626,582.05225,-583.88525,400.208,-33.979027,-1141.722,-583.76166,399.88705,-34.219357,-1143.191,-583.85785,399.89172,-34.01682,-1141.7192,3.180753,7.700974,58.277065,7.882714e-06,3.1409626,8.397956,61.746754,0.00029625,0.29631567,0.74859947,1.0,-1.0,-10.809503730167133,4.032529184509653,-6.616890406393606,-25.858025429299577,-540.4751865083567,41.36818356559092,-457.93454578675335,-601.7565870548847,0.21685861,0.79826427,1.0,-1.0,20,-11.37273087512162,4.654095134870614,-6.307675358864096,-26.6516728411545,-568.6365437560811,43.14529938751753,-483.0161423594742,-623.4562655878092,0.22250478965982234,0.732118470552449,1.0,-1.0,0.28206813794027324,0.08950692904345253,0.4916320816245675,0.045028896814605625,0.3101402644111471,0.07900898846344741,0.480188896050036,0.16150622490904648,0.4224864958856118,0.137994775950528,0.8066313653497323,0.06527188143593529,0.47030366265217405,0.12172829551607148,0.7916475451588985,0.2322246269944691,0.28206813794027324,0.08950692904345253,0.4916320816245675,0.045028896814605625,0.3101402644111471,0.07900898846344741,0.480188896050036,0.16150622490904648,0.0038095238095238095,0.06160366334779515,1.0,0.0,0.0,0.0,0.0,0.0,40.10249175747072,5.553751292052081,57.05735972787143,12.403944505381334,39.41115983941107,3.313871411046232,45.71849541225605,30.467909388388286,-1.0,0.0,-1.0,-1.0,-1.0,0.0,-1.0,-1.0,21419.472807859114,20710.153058871223,141851.04683104772,5651.857869665511,13659.51824215536,3883.414650875876,23304.628626734713,5841.1026927358125,0.0,0.0,0,0,0.0,0.0,0,0,10.809503730167133,4.032529184509653,25.858025429299577,6.616890406393606,8.782477346779118,1.3177727054043706,12.643652470325433,6.655012442802827,-540.4751865083567,1180004,299000,5980,26.917666233006457,15.186172447996796,12.644535860039468,54.74837454104272,19169.562502941473,298
3.4817376,3.3023047,580.5126,-582.8684,404.24908,-34.303696,-1204.2764,-583.1792,404.42682,-34.587894,-1202.0455,-582.36414,404.14117,-34.30556,-1199.9573,3.4817376,10.068631,80.64169,3.4796685e-06,3.302305,7.586423,58.038284,0.003159944,0.3906467,0.75115407,1.0,-1.0,-10.50436857201516,4.470719916418505,-5.7158617785366275,-25.752561113296395,-525.218428600758,44.143209217374036,-428.84539831322405,-621.806451531495,0.24477558,0.7547067,1.0,-1.0,20,-11.682561565534103,4.37437175751489,-6.23337862928471,-26.73319541635854,-584.1280782767051,50.59437854759271,-512.5523510243333,-711.3760213497286,0.217379270538233,0.7269961712137417,1.0,-1.0,0.2458043046591455,0.10544296565122271,0.4430609621498932,0.01137449129348248,0.2674377955924964,0.10199548157700686,0.4430609621498932,0.07345270826380203,0.3667896647514184,0.15827132381351702,0.6801017617700235,0.016796036191334518,0.4016576144183069,0.15241035526454957,0.6727412720756213,0.11161962539441425,0.2458043046591455,0.10544296565122271,0.4430609621498932,0.01137449129348248,0.2674377955924964,0.10199548157700686,0.4430609621498932,0.07345270826380203,0.023809523809523808,0.1524553389864964,1.0,0.0,0.0,0.0,0.0,0.0,38.0926120778515,7.155141136598556,55.20333111546579,8.312040154740915,38.15533369804483,4.956865640877963,49.43274344569067,24.56694171328974,-0.9980952380952381,0.04360199292289371,0.0,-1.0,-1.0,0.0,-1.0,-1.0,20895.719784213397,22690.3158897899,141490.24106576102,4675.675958552113,12346.372680089811,3933.272050615534,20245.02446526822,5821.5886313181745,0.0,0.0,0,0,0.0,0.0,0,0,10.504368572015158,4.470719916418505,25.752561113296395,5.7158617785366275,8.221864591021403,1.2686429194605577,11.10478390036544,5.760054594857911,-525.218428600758,1184004,300000,6000,21.72332014397398,12.375142439996125,11.485904186010885,45.58436676998099,19214.784939228462,299
