QF1 Loss,QF2 Loss,Policy Loss,Q1 Predictions Mean,Q1 Predictions Std,Q1 Predictions Max,Q1 Predictions Min,Q2 Predictions Mean,Q2 Predictions Std,Q2 Predictions Max,Q2 Predictions Min,Q Targets Mean,Q Targets Std,Q Targets Max,Q Targets Min,Bellman Errors 1 Mean,Bellman Errors 1 Std,Bellman Errors 1 Max,Bellman Errors 1 Min,Bellman Errors 2 Mean,Bellman Errors 2 Std,Bellman Errors 2 Max,Bellman Errors 2 Min,Policy Action Mean,Policy Action Std,Policy Action Max,Policy Action Min,Test Rewards Mean,Test Rewards Std,Test Rewards Max,Test Rewards Min,Test Returns Mean,Test Returns Std,Test Returns Max,Test Returns Min,Test Actions Mean,Test Actions Std,Test Actions Max,Test Actions Min,Num Paths,Exploration Rewards Mean,Exploration Rewards Std,Exploration Rewards Max,Exploration Rewards Min,Exploration Returns Mean,Exploration Returns Std,Exploration Returns Max,Exploration Returns Min,Exploration Actions Mean,Exploration Actions Std,Exploration Actions Max,Exploration Actions Min,hand_distance Mean,hand_distance Std,hand_distance Max,hand_distance Min,Final hand_distance Mean,Final hand_distance Std,Final hand_distance Max,Final hand_distance Min,hand_distance_l1 Mean,hand_distance_l1 Std,hand_distance_l1 Max,hand_distance_l1 Min,Final hand_distance_l1 Mean,Final hand_distance_l1 Std,Final hand_distance_l1 Max,Final hand_distance_l1 Min,hand_distance_l2 Mean,hand_distance_l2 Std,hand_distance_l2 Max,hand_distance_l2 Min,Final hand_distance_l2 Mean,Final hand_distance_l2 Std,Final hand_distance_l2 Max,Final hand_distance_l2 Min,hand_success Mean,hand_success Std,hand_success Max,hand_success Min,Final hand_success Mean,Final hand_success Std,Final hand_success Max,Final hand_success Min,AverageReturn,Number of train steps total,Number of env steps total,Number of rollouts total,Train Time (s),(Previous) Eval Time (s),Sample Time (s),Epoch Time (s),Total Train Time (s),Epoch
0.031040803,0.031081092,0.003979558,4.8726164e-05,0.00020049546,0.0004778137,-0.00042366365,0.00021772296,0.00012751925,0.00051497325,-8.2362414e-05,-0.1449964,0.099996485,8.388487e-05,-0.37285846,0.031040803,0.032556824,0.13922764,7.913538e-09,0.031081093,0.03256174,0.13916378,9.389837e-10,-1.5042334e-05,0.00018798692,0.00035771058,-0.00031312677,-0.22116584572603676,0.06349229029107395,-0.05857937017456721,-0.32871996310393375,-11.058292286301835,3.1737771125680174,-2.9446933335675616,-16.380683356330323,-0.0026432301,0.0074473307,0.008330836,-0.008950613,20,-0.19341846661161366,0.0636859629932572,-0.04925014702247158,-0.32761164829305056,-9.670923330580681,2.2730406035297626,-4.343933121776317,-14.617452914260417,0.002886551553650401,0.3750126985329259,1.0,-1.0,0.22116584572603676,0.06349229029107395,0.32871996310393375,0.05857937017456721,0.21959466652152515,0.06333477834058393,0.3284836885224729,0.05857937017456721,0.3415632434762272,0.11198216428105176,0.5530257035073367,0.08876573906006291,0.33898282662023094,0.11181682025178538,0.5529736050709697,0.09292028737903486,0.22116584572603676,0.06349229029107395,0.32871996310393375,0.05857937017456721,0.21959466652152515,0.06333477834058393,0.3284836885224729,0.05857937017456721,0.04666666666666667,0.210923893594085,1.0,0.0,0.047619047619047616,0.21295885499998,1.0,0.0,-11.058292286301835,4,2000,40,0.09308931131090503,0.0011218860017834231,1.371165703254519,1.4653769005672075,13.7387136399484,1
0.025206082,0.024948988,0.03643045,-0.027168414,0.0024194121,-0.021611959,-0.03541412,-0.02809031,0.002713636,-0.022412986,-0.037372798,-0.14880604,0.1024572,2.7096501e-05,-0.41971818,0.025206082,0.03137339,0.1549379,1.5495559e-07,0.024948988,0.031126462,0.15374118,2.8149347e-07,-0.002723255,0.0077078477,0.009204197,-0.009731062,-0.04197744669037316,0.05144297965582897,-0.003520461781663218,-0.31366195662366836,-2.098872334518658,0.7293043857941116,-0.23106418511255955,-3.57804652288636,0.20155305,0.40446135,1.0,-0.9999524,20,-0.09547251900390419,0.06631111883345242,-0.006005363145918345,-0.3003731943839024,-4.773625950195209,2.5922922674841584,-1.9908594325515359,-10.92713692451923,0.16006207573110984,0.5268157614476386,1.0,-1.0,0.04197744669037316,0.05144297965582897,0.31366195662366836,0.003520461781663218,0.02423523687230276,0.014419471372418858,0.054652908453140615,0.003639712331268488,0.05869864162995655,0.07931234934679186,0.5249043479818201,0.005661537095238811,0.031587016085173204,0.01633180681939562,0.06633512043399617,0.005946455285352759,0.04197744669037316,0.05144297965582897,0.31366195662366836,0.003520461781663218,0.02423523687230276,0.014419471372418858,0.054652908453140615,0.003639712331268488,0.8676190476190476,0.33890446416012937,1.0,0.0,1.0,0.0,1.0,1.0,-2.098872334518658,4004,3000,60,13.631140963101643,1.4122294020053232,1.530456739172223,16.57382710427919,30.209362881199922,2
0.0020898376,0.0026993318,0.54374135,-0.6731577,0.53059834,-0.107505,-3.2240767,-0.67957807,0.53305674,-0.11205878,-3.256398,-0.6679984,0.5339667,-0.10321989,-3.139492,0.0020898376,0.004349778,0.032590073,6.759764e-08,0.0026993318,0.006651092,0.054224152,1.2496671e-08,0.31421742,0.7845641,1.0,-0.9999989,-0.0326069573740507,0.04647437422754149,-0.0018656267507478751,-0.2941594412154178,-1.630347868702535,0.5788153313677007,-0.6439800160229411,-2.521045724938106,0.12337324,0.38708124,1.0,-0.99999946,20,-0.042266471900907265,0.05057779589727103,-0.002813002733442485,-0.3210064981217032,-2.113323595045364,0.7319921394215531,-0.9166297313165878,-3.6101543839402233,0.12073832988199475,0.501265982779768,1.0,-1.0,0.0326069573740507,0.04647437422754149,0.2941594412154178,0.0018656267507478751,0.016624628171319576,0.007610661942704606,0.031105180788817542,0.002812151196687353,0.04603034175977967,0.06818704534236292,0.4989640387789809,0.0031918043794770395,0.023881874387865407,0.011291507501748801,0.0460290781382446,0.0043205767545128615,0.0326069573740507,0.04647437422754149,0.2941594412154178,0.0018656267507478751,0.016624628171319576,0.007610661942704606,0.031105180788817542,0.002812151196687353,0.8828571428571429,0.3215904354349882,1.0,0.0,1.0,0.0,1.0,1.0,-1.630347868702535,8004,4000,80,13.470535988162737,1.3111367060046177,1.4952285291947192,16.276901223362074,46.49061029458244,3
0.0010776644,0.0011472055,0.67334396,-0.80366904,0.70429945,-0.17417191,-3.9379365,-0.79618776,0.7020868,-0.17584462,-3.9324481,-0.80025136,0.7075594,-0.18237002,-4.0611544,0.0010776644,0.0023016387,0.017211521,8.724392e-08,0.0011472055,0.002156087,0.01656529,7.042377e-08,0.21094656,0.8431561,1.0,-1.0,-0.02840273437115895,0.044519775194531236,-0.002729790537073083,-0.31563736283710614,-1.4201367185579474,0.5856028966288389,-0.44535939879482994,-2.751793003090377,0.10817772,0.38961387,1.0,-0.9999993,20,-0.03559521744005832,0.04268178944947377,-0.002185434023490406,-0.2721104531273474,-1.779760872002916,0.46554970688714375,-0.937154707539388,-2.8871101683060076,0.08038131679243346,0.4723651414954754,1.0,-1.0,0.02840273437115895,0.044519775194531236,0.31563736283710614,0.002729790537073083,0.012700608970148096,0.004578006286014403,0.02302718476142044,0.005346141104104989,0.039399352552982714,0.06511662867000449,0.5419461562810406,0.003756936504083236,0.018100785529967044,0.007578857459065833,0.03772970363325509,0.005961853527066893,0.02840273437115895,0.044519775194531236,0.31563736283710614,0.002729790537073083,0.012700608970148096,0.004578006286014403,0.02302718476142044,0.005346141104104989,0.8838095238095238,0.3204531938257233,1.0,0.0,1.0,0.0,1.0,1.0,-1.4201367185579474,12004,5000,100,14.599057516141329,1.3129991410096409,1.5960415160370758,17.508098173188046,64.02142209575686,4
0.0024381808,0.0015727541,0.77043074,-0.88173604,0.6929185,-0.2769079,-3.5639446,-0.8711611,0.6835034,-0.27742,-3.52627,-0.84985745,0.6750464,-0.26312554,-3.4491205,0.002438181,0.0042387927,0.026892805,1.06455914e-07,0.0015727542,0.0031255935,0.025144234,1.7562826e-07,0.21373296,0.827212,1.0,-1.0,-0.030349955158373056,0.04682884208585426,-0.0015088868462819283,-0.2902730714413327,-1.5174977579186528,0.3634212910835769,-0.9431412560779625,-2.295289125534781,0.0722106,0.36132053,1.0,-0.99999934,20,-0.037065667701252816,0.04727209197465259,-0.0017235873653639502,-0.28031469930442215,-1.8532833850626411,0.5868799206821724,-0.8247544107727075,-2.898412245005312,0.09752714430645264,0.4793452591631803,1.0,-1.0,0.030349955158373056,0.04682884208585426,0.2902730714413327,0.0015088868462819283,0.013842950131158317,0.005134033499610627,0.021522439014507518,0.0015167688391861547,0.04406472952957465,0.07303870082043701,0.500212543325019,0.002146928380341556,0.018955557033152763,0.006660068654696018,0.030424566071996173,0.0021477518473047297,0.030349955158373056,0.04682884208585426,0.2902730714413327,0.0015088868462819283,0.013842950131158317,0.005134033499610627,0.021522439014507518,0.0015167688391861547,0.8847619047619047,0.31930906132459025,1.0,0.0,1.0,0.0,1.0,1.0,-1.5174977579186528,16004,6000,120,14.7824831490434,1.3364259859954473,1.599455797986593,17.71836493302544,81.8122157437756,5
0.00069298735,0.00085816276,0.7496804,-0.8670102,0.59465873,-0.32719353,-3.2485096,-0.8646615,0.5983174,-0.32447544,-3.3267105,-0.86512333,0.59356207,-0.31398824,-3.2639902,0.00069298735,0.0016735209,0.010636113,4.9677817e-09,0.0008581628,0.002568176,0.025783,8.183747e-08,0.017637188,0.8375744,1.0,-1.0,-0.030435567545528973,0.04958228548965871,-0.00522538256372634,-0.29247782376049714,-1.5217783772764486,0.3976344054009162,-0.7276670701860349,-2.3915493255093763,0.13038234,0.39166477,1.0,-0.9999996,20,-0.036797102476358874,0.04757613925188482,-0.0017876277450108856,-0.3241872848398235,-1.8398551238179437,0.45701905390187264,-0.990135540573426,-2.904759230950516,0.07779922411208252,0.4909356755422093,1.0,-1.0,0.030435567545528973,0.04958228548965871,0.29247782376049714,0.00522538256372634,0.011394454640537366,0.004582201612061347,0.01996304178343661,0.00542255875210581,0.04421575568017681,0.0740887235143429,0.4594395123155397,0.008393030262154044,0.01692145996072869,0.006230371516517882,0.026887159993602458,0.008839107069029822,0.030435567545528973,0.04958228548965871,0.29247782376049714,0.00522538256372634,0.011394454640537366,0.004582201612061347,0.01996304178343661,0.00542255875210581,0.8704761904761905,0.3357787847530714,1.0,0.0,1.0,0.0,1.0,1.0,-1.5217783772764486,20004,7000,140,15.10284244189097,1.408513172995299,1.680522779133753,18.191878394020023,100.03128848978668,6
0.00093567726,0.0010815368,0.8600105,-0.9466938,0.68666786,-0.3331809,-4.1820755,-0.9521129,0.6844004,-0.34415254,-4.1389813,-0.95966136,0.69262403,-0.34370056,-4.2337065,0.0009356772,0.0036452136,0.039433174,3.8291464e-08,0.0010815368,0.004651982,0.05086363,6.118661e-10,0.15650399,0.8499974,1.0,-1.0,-0.033551433264845436,0.04448732273081103,-0.005169172466799211,-0.28240927150261574,-1.677571663242272,0.5200641130574519,-0.5732598320563617,-2.7504451468585143,0.1156082,0.38450727,1.0,-0.9999991,20,-0.03855912313485387,0.05002613444335095,-0.0020094538296401413,-0.28416015732971217,-1.9279561567426935,0.3789503990064893,-1.385920965623363,-2.6283751397526345,0.09075761379793304,0.4610959449439081,1.0,-1.0,0.033551433264845436,0.04448732273081103,0.28240927150261574,0.005169172466799211,0.018959540364722013,0.0069940780380035525,0.029369469525187437,0.007891085050311098,0.04947230487955065,0.06775670033971806,0.4677157220745157,0.008256563553492746,0.02778633046725933,0.009753416332362269,0.04690157650736493,0.01335674890723669,0.033551433264845436,0.04448732273081103,0.28240927150261574,0.005169172466799211,0.018959540364722013,0.0069940780380035525,0.029369469525187437,0.007891085050311098,0.8885714285714286,0.3146621122695886,1.0,0.0,1.0,0.0,1.0,1.0,-1.677571663242272,24004,8000,160,15.276022555190139,1.4382594140042784,1.6766948430304183,18.390976812224835,118.40472636502818,7
0.0008532458,0.0009303822,0.9499457,-1.0730858,0.7436521,-0.33168465,-4.3379207,-1.0668517,0.73798287,-0.33686933,-4.3987927,-1.0663986,0.73659927,-0.34034035,-4.3604827,0.00085324585,0.001650902,0.008296926,3.29194e-07,0.0009303822,0.0015936908,0.007829512,8.9477545e-09,0.2557029,0.8346273,1.0,-1.0,-0.03400827750581894,0.0468194746600357,-0.006690197322458419,-0.3150663362372817,-1.700413875290947,0.43473616647525715,-0.9908735011760059,-2.5138527507009556,0.109949216,0.3785181,1.0,-0.9999971,20,-0.03404561378592015,0.04563405622880236,-0.00028487788989113816,-0.2951753341339391,-1.7022806892960074,0.5178329342636477,-0.9206882580024638,-2.90618144325225,0.07552490643551041,0.4552730875697991,1.0,-1.0,0.03400827750581894,0.0468194746600357,0.3150663362372817,0.006690197322458419,0.017487060338679392,0.003942585006522826,0.02446257967292331,0.009402163033851883,0.05215108101213132,0.06989451953035429,0.5336177482141156,0.009857846692381086,0.028648369187087443,0.006624083646260371,0.03886353972323485,0.01562476131537531,0.03400827750581894,0.0468194746600357,0.3150663362372817,0.006690197322458419,0.017487060338679392,0.003942585006522826,0.02446257967292331,0.009402163033851883,0.8761904761904762,0.32936412315791586,1.0,0.0,1.0,0.0,1.0,1.0,-1.700413875290947,28004,9000,180,14.95731666404754,1.4203115179989254,1.6290608958952362,18.0066890779417,136.4398945239518,8
0.001331355,0.0013290711,1.0331447,-1.1058438,0.63541687,-0.38529426,-3.9907107,-1.1032653,0.63505733,-0.39244014,-4.0136523,-1.1119967,0.6500196,-0.41553557,-4.123014,0.001331355,0.0034161827,0.024008585,5.471467e-09,0.0013290711,0.0032498522,0.021606779,9.508824e-09,0.41035548,0.77160877,1.0,-1.0,-0.030985414411581053,0.05057160239252243,-0.006253413549743782,-0.30628434966249685,-1.5492707205790528,0.5155464909161191,-0.6979474806397147,-2.1677382257592166,0.10766252,0.36980987,1.0,-0.999981,20,-0.03860384257569655,0.05061839390007675,-0.001202211449171442,-0.2914171918073287,-1.930192128784828,0.4901868391957229,-0.9844397561340442,-2.9640714934757826,0.12200007078854572,0.45608839316103694,1.0,-1.0,0.030985414411581053,0.05057160239252243,0.30628434966249685,0.006253413549743782,0.012277065444847286,0.003603272378679579,0.02111556060630182,0.006253413549743782,0.04592224068794179,0.07567866065821989,0.5037272005739237,0.01000913882349988,0.019225660791154883,0.006057725481765288,0.034310482837653436,0.01000913882349988,0.030985414411581053,0.05057160239252243,0.30628434966249685,0.006253413549743782,0.012277065444847286,0.003603272378679579,0.02111556060630182,0.006253413549743782,0.8761904761904762,0.32936412315791586,1.0,0.0,1.0,0.0,1.0,1.0,-1.5492707205790528,32004,10000,200,14.86289144399052,1.447852597993915,1.624495679847314,17.93523972183175,154.32049860879488,9
0.0011694903,0.0012155678,1.0901486,-1.1981671,0.66003066,-0.43401253,-3.8095534,-1.1961854,0.6596368,-0.4876195,-3.7985995,-1.2061083,0.6550479,-0.47338063,-3.8701863,0.0011694903,0.002551886,0.019575404,3.159188e-08,0.0012155679,0.0025715593,0.017283473,7.517542e-10,0.23736988,0.8593845,1.0,-1.0,-0.028368321693174985,0.04523695673613926,-0.005992167942162552,-0.26485631475359445,-1.4184160846587492,0.5402119685227119,-0.47207159960164113,-2.165645436941543,0.09103339,0.34220478,1.0,-0.99999756,20,-0.033653357100959895,0.045069109286340316,-0.0024834093311360923,-0.261235914316077,-1.6826678550479948,0.5852381203793713,-0.5956625302548093,-2.516251131606067,0.05714957111677947,0.4673877817651594,1.0,-1.0,0.028368321693174985,0.04523695673613926,0.26485631475359445,0.005992167942162552,0.012717620424384827,0.004314256890983759,0.018752561070734024,0.006410076012084451,0.04016531469348848,0.0661512907335668,0.4427091966253276,0.00818477775163827,0.018042888023171368,0.0049461292056316546,0.026058426425122294,0.010781234563707276,0.028368321693174985,0.04523695673613926,0.26485631475359445,0.005992167942162552,0.012717620424384827,0.004314256890983759,0.018752561070734024,0.006410076012084451,0.8895238095238095,0.3134823787935439,1.0,0.0,1.0,0.0,1.0,1.0,-1.4184160846587492,36004,11000,220,14.790501101771952,1.3924327589920722,1.6523994139715796,17.835333274735603,172.18853982350265,10
0.0012452763,0.0013708491,1.1353359,-1.2283196,0.7325311,-0.57483864,-4.053927,-1.2333646,0.7357729,-0.5701588,-4.0760026,-1.2255931,0.74034506,-0.5778706,-4.1095467,0.0012452763,0.003140498,0.022824053,1.35785605e-08,0.0013708492,0.0028592725,0.019683365,1.5710988e-09,0.14865847,0.8513318,1.0,-1.0,-0.023622028632296704,0.04740573903911979,-0.0015437591780534863,-0.3014532525297895,-1.1811014316148354,0.4338539406984479,-0.6239328182532051,-2.037544856699521,0.11304244,0.4037154,1.0,-0.9999968,20,-0.04316468366450249,0.058187527459215356,-0.0029987997290327638,-0.31293561828935196,-2.1582341832251246,0.9201149029052607,-0.8730427515835004,-4.016569537746087,0.1362030845646755,0.4687125020114093,1.0,-1.0,0.023622028632296704,0.04740573903911979,0.3014532525297895,0.0015437591780534863,0.005959173181285098,0.004348253697708134,0.0186517478270663,0.0015673130841334082,0.03422386182512973,0.07210008608266993,0.5148207123925319,0.002049937326532761,0.00884976858160306,0.006777065602414956,0.0301176284443688,0.0023045067624583616,0.023622028632296704,0.04740573903911979,0.3014532525297895,0.0015437591780534863,0.005959173181285098,0.004348253697708134,0.0186517478270663,0.0015673130841334082,0.8838095238095238,0.3204531938257233,1.0,0.0,1.0,0.0,1.0,1.0,-1.1811014316148354,40004,12000,240,14.519745972676901,1.4249407530005556,1.6320149063540157,17.576701632031472,189.73350702052994,11
0.00082828535,0.00088896125,1.1833243,-1.2905703,0.7174042,-0.5794356,-4.449173,-1.2906272,0.7191663,-0.5773561,-4.451953,-1.2885907,0.72726566,-0.5708618,-4.4667835,0.0008282853,0.0018490934,0.013686346,6.246114e-08,0.0008889612,0.0017922506,0.013605189,1.8932411e-11,-0.01441644,0.86235595,1.0,-1.0,-0.025551757065006744,0.04978675443789962,-0.002658948042990999,-0.31051901136549653,-1.2775878532503373,0.4273712435638728,-0.41969589509326494,-2.1867390983724184,0.037414666,0.37985235,1.0,-1.0,20,-0.03217732069540794,0.046448610015618945,-0.0013024070025700622,-0.2755792978920326,-1.6088660347703971,0.5464447962131418,-0.714515630826131,-2.6913220804147784,0.045774621930217314,0.4616482769016011,1.0,-1.0,0.025551757065006744,0.04978675443789962,0.31051901136549653,0.002658948042990999,0.007237189928268339,0.002281093209006624,0.011215077470599882,0.004078438086701265,0.0365061939323728,0.07370152295609338,0.5159695145802337,0.0034700024075138697,0.010638850168335792,0.003548967797436344,0.017706669437784157,0.00478015271342537,0.025551757065006744,0.04978675443789962,0.31051901136549653,0.002658948042990999,0.007237189928268339,0.002281093209006624,0.011215077470599882,0.004078438086701265,0.8771428571428571,0.3282731565421127,1.0,0.0,1.0,0.0,1.0,1.0,-1.2775878532503373,44004,13000,260,14.22663425009523,1.39333384699421,1.5645011329615954,17.184469230051036,206.87882997855195,12
0.0008747593,0.0009365242,1.0854363,-1.1991572,0.6035747,-0.5641605,-3.6556382,-1.2032733,0.6073644,-0.5679542,-3.670461,-1.199661,0.604108,-0.5609704,-3.6499302,0.0008747593,0.0018778633,0.013578172,9.381385e-09,0.00093652424,0.0024471087,0.021665907,5.798597e-08,0.10614747,0.8547724,1.0,-1.0,-0.02025290450778978,0.03870577501681926,-0.0017016947977733193,-0.2630174351056388,-1.0126452253894889,0.4089636210769027,-0.42066102750186485,-1.8625379897364542,0.054588817,0.34062243,1.0,-1.0,20,-0.03839442742537561,0.05473513882059864,-0.0017630728768705808,-0.33411552521036875,-1.9197213712687806,0.6205683268613386,-0.9288694940352722,-3.5330050009536067,0.10620744178443421,0.44772995392735726,1.0,-1.0,0.02025290450778978,0.03870577501681926,0.2630174351056388,0.0017016947977733193,0.007541437150527855,0.0019622486418789283,0.011628441293757077,0.004381200771153889,0.028317041806794514,0.054453899790347676,0.4489903954311321,0.002113637855553907,0.011454973095882575,0.003622610889828986,0.01828676175934066,0.00508545258116655,0.02025290450778978,0.03870577501681926,0.2630174351056388,0.0017016947977733193,0.007541437150527855,0.0019622486418789283,0.011628441293757077,0.004381200771153889,0.9066666666666666,0.29089898972361905,1.0,0.0,1.0,0.0,1.0,1.0,-1.0126452253894889,48004,14000,280,13.58224133811018,1.3556692120037042,1.513779784188955,16.45169033430284,223.31969073087384,13
0.0011867476,0.0011891364,1.2561963,-1.3613856,0.79069877,-0.55371344,-4.9135923,-1.3537656,0.79198647,-0.5503461,-4.9113255,-1.3629525,0.80070007,-0.5431695,-4.981675,0.0011867476,0.0027288648,0.021494742,5.694133e-09,0.0011891365,0.0023305272,0.014208922,1.9349642e-09,0.14453025,0.8362325,1.0,-1.0,-0.04275956343866315,0.049392595471240974,-0.007591322678342506,-0.34205265519629713,-2.1379781719331574,0.5654936861886327,-1.1195284861808397,-3.113465135144955,0.07518043,0.39680937,1.0,-1.0,20,-0.03203921966863979,0.04688011204668937,-0.0017576980847893585,-0.3064035180161112,-1.6019609834319897,0.49139615829619426,-0.8942185434668103,-2.473459414733923,0.11000067064453185,0.4268194774647492,1.0,-1.0,0.04275956343866315,0.049392595471240974,0.34205265519629713,0.007591322678342506,0.02559481144214186,0.005222477995782906,0.03482923361442283,0.012566643758632144,0.0664767192697485,0.07786270885213353,0.5903485912309484,0.009613099640230799,0.04092606887024174,0.008945861215188682,0.05661398021880068,0.01836665293315415,0.04275956343866315,0.049392595471240974,0.34205265519629713,0.007591322678342506,0.02559481144214186,0.005222477995782906,0.03482923361442283,0.012566643758632144,0.8657142857142858,0.3409590315924918,1.0,0.0,1.0,0.0,1.0,1.0,-2.1379781719331574,52004,15000,300,14.316391273998306,1.3430151880020276,1.5785781689628493,17.237984630963183,240.6137781288271,14
0.00091125735,0.0010956146,1.2275454,-1.3139815,0.67529154,-0.5870977,-4.0461144,-1.3202631,0.67498404,-0.59520847,-4.0952277,-1.3071827,0.6758285,-0.5977728,-4.0891023,0.00091125735,0.0020000234,0.013483213,4.527898e-10,0.0010956146,0.0021437528,0.012982976,2.9323112e-07,0.08420015,0.8896521,1.0,-1.0,-0.03324176571462806,0.04714069352153668,-0.005756191158541666,-0.2881491020280493,-1.6620882857314025,0.3907619173763204,-0.9358214842796222,-2.485234619513274,0.119011626,0.3768829,1.0,-1.0,20,-0.031811706628860584,0.046452488792511855,-0.000972510989203916,-0.2961362434380554,-1.5905853314430292,0.5457121805712928,-0.6453758680685968,-2.7340522555560502,0.08317877339329527,0.4308624700991428,1.0,-1.0,0.03324176571462806,0.04714069352153668,0.2881491020280493,0.005756191158541666,0.015294024315953655,0.0019741544437621847,0.019831290061035466,0.011484337845560393,0.047757855192758734,0.06938684329262126,0.497113325221233,0.008264709194438492,0.022811982760825383,0.0033934923771007292,0.028692218009016113,0.01755771784618488,0.03324176571462806,0.04714069352153668,0.2881491020280493,0.005756191158541666,0.015294024315953655,0.0019741544437621847,0.019831290061035466,0.011484337845560393,0.8685714285714285,0.337868468550731,1.0,0.0,1.0,0.0,1.0,1.0,-1.6620882857314025,56004,16000,320,14.312661504125572,1.4004870099888649,1.5725413631444098,17.285689877258847,257.83839747110324,15
0.0011849005,0.0013041373,1.1616606,-1.2816062,0.6849684,-0.61044914,-4.64911,-1.2838845,0.68579674,-0.6111573,-4.607539,-1.2739785,0.6736558,-0.6029387,-4.4300456,0.0011849005,0.004465219,0.04798914,3.3702463e-10,0.0013041373,0.0035062046,0.031503968,1.8519728e-09,0.25853395,0.81692225,1.0,-1.0,-0.02692832041480736,0.04815710174234816,-0.001295886163987062,-0.2880668644392094,-1.3464160207403681,0.46638518749474733,-0.707727997047632,-2.356569171418794,0.08953889,0.36606285,1.0,-1.0,20,-0.039164306113462714,0.05700100222139283,-0.0009416763241883337,-0.32321300741326714,-1.9582153056731353,0.5039583364749057,-1.0141567647560452,-3.158309640107711,0.14297212875723678,0.44040589497686816,1.0,-1.0,0.02692832041480736,0.04815710174234816,0.2880668644392094,0.001295886163987062,0.00868488480321218,0.004555343559717071,0.024052213494895894,0.0013565632418642195,0.038898291916700765,0.07141298735629027,0.4748960017624418,0.0019101786116955954,0.012892655920775748,0.007094542689407541,0.035965225967910824,0.0019411605766948975,0.02692832041480736,0.04815710174234816,0.2880668644392094,0.001295886163987062,0.00868488480321218,0.004555343559717071,0.024052213494895894,0.0013565632418642195,0.878095238095238,0.32717577986413543,1.0,0.0,1.0,0.0,1.0,1.0,-1.3464160207403681,60004,17000,340,13.357799800869543,1.3395994559978135,1.4942494868009817,16.19164874366834,274.01194848676096,16
0.0010983242,0.001108027,1.1714699,-1.2548916,0.69635344,-0.61049706,-3.835372,-1.2560492,0.69871,-0.6178631,-3.8629725,-1.2586017,0.699676,-0.61063284,-3.9412243,0.0010983242,0.0033373432,0.02724411,1.3634182e-08,0.0011080271,0.0030467946,0.019263858,1.4210855e-12,0.02433641,0.80899227,1.0,-1.0,-0.027103961940803438,0.05130001466498104,-0.0017897595570056356,-0.2982302318145488,-1.3551980970401718,0.4328893926093738,-0.5691752743307588,-2.098701064195057,0.084366366,0.3573892,1.0,-1.0,20,-0.033147787492741686,0.04840458651131542,-0.00083304435893629,-0.288137438193562,-1.6573893746370838,0.5449862750393963,-0.8354750874180323,-2.9155835443482854,0.08846032230930827,0.4103559907901115,1.0,-1.0,0.027103961940803438,0.05130001466498104,0.2982302318145488,0.0017897595570056356,0.007598991335457821,0.001813476067582029,0.010396827229396385,0.0020569463613065676,0.038009705817594816,0.0743092247929098,0.4990686667743158,0.0025364444622668764,0.010471097613076347,0.0027707061211208277,0.015111434477985936,0.002966535575135265,0.027103961940803438,0.05130001466498104,0.2982302318145488,0.0017897595570056356,0.007598991335457821,0.001813476067582029,0.010396827229396385,0.0020569463613065676,0.8714285714285714,0.33472498611028517,1.0,0.0,1.0,0.0,1.0,1.0,-1.3551980970401718,64004,18000,360,14.074359801103128,1.3201290279976092,1.5494123941170983,16.943901223217836,291.0367180779722,17
0.00067292224,0.0005564854,1.1741003,-1.274622,0.6835532,-0.60910046,-4.2707944,-1.2751613,0.6848714,-0.61378884,-4.285121,-1.2785184,0.68020755,-0.61819685,-4.258532,0.00067292224,0.0014179617,0.010947985,5.848083e-09,0.0005564853,0.0010327168,0.0057694027,2.4356837e-09,0.08141496,0.8241869,1.0,-1.0,-0.028048091061157,0.04851907861146467,-0.0028271777759420473,-0.31885935907104795,-1.40240455305785,0.531544989858944,-0.47700832184155245,-2.5299553410024225,0.13788782,0.3950413,1.0,-1.0,20,-0.03448737095366614,0.04917818027649744,-0.0009606539526927836,-0.29247002076783607,-1.7243685476833068,0.48825035219684915,-0.9263279194869504,-2.879842468293496,0.12329467577132201,0.4331847705762284,1.0,-1.0,0.028048091061157,0.04851907861146467,0.31885935907104795,0.0028271777759420473,0.009970619161339164,0.0022219560861773627,0.0138707791117546,0.0037654078510659245,0.04055843701125367,0.07416711574354164,0.5503218747833147,0.004397682934211403,0.014211304163887276,0.0031668004331820002,0.019764318823874374,0.005612536889943842,0.028048091061157,0.04851907861146467,0.31885935907104795,0.0028271777759420473,0.009970619161339164,0.0022219560861773627,0.0138707791117546,0.0037654078510659245,0.88,0.3249615361854384,1.0,0.0,1.0,0.0,1.0,1.0,-1.40240455305785,68004,19000,380,14.865173587866593,1.401160098001128,1.6029589458630653,17.869292631730787,308.8313898547058,18
0.00090889103,0.0007781482,1.1953461,-1.2864473,0.72622585,-0.7183762,-4.8657722,-1.284214,0.7239926,-0.7078278,-4.840342,-1.278512,0.72453636,-0.7029989,-4.930135,0.000908891,0.003113142,0.032931503,4.4019544e-10,0.0007781482,0.0022983765,0.018964792,1.5223023e-08,0.23360145,0.8259475,1.0,-1.0,-0.025969082142203524,0.0437319497532491,-0.003211846331245165,-0.2773050101361237,-1.298454107110176,0.4473295265253726,-0.732514181934358,-2.509986692105448,0.08947796,0.37174803,1.0,-1.0,20,-0.0329127158151946,0.048538901046515245,-0.00092375917940464,-0.29692235424867425,-1.64563579075973,0.5443705090980522,-0.6894987890051828,-2.623003887354473,0.09509500334652038,0.4089439581670981,1.0,-1.0,0.025969082142203524,0.0437319497532491,0.2773050101361237,0.003211846331245165,0.009385418285438723,0.002232497715375697,0.01352593946539401,0.00534494829930064,0.03829478666171737,0.06555170995252191,0.4506547373418644,0.005190103205194106,0.014404109495437236,0.003738099322010367,0.020226117848592073,0.008909915356001663,0.025969082142203524,0.0437319497532491,0.2773050101361237,0.003211846331245165,0.009385418285438723,0.002232497715375697,0.01352593946539401,0.00534494829930064,0.8866666666666667,0.31699982474583305,1.0,0.0,1.0,0.0,1.0,1.0,-1.298454107110176,72004,20000,400,13.952618128314498,1.3266683230031049,1.488842754799407,16.76812920611701,325.571517803779,19
0.00071649824,0.0006392667,1.1330526,-1.2251505,0.60364133,-0.6546087,-3.9774435,-1.22772,0.60539937,-0.6664641,-3.9848766,-1.2298405,0.61443996,-0.6540742,-4.069759,0.00071649824,0.0016614547,0.0103694955,7.517542e-12,0.0006392667,0.0012273496,0.0076534296,3.020105e-09,0.029528515,0.8263668,1.0,-1.0,-0.0253211577721391,0.04853395006064028,-0.00300950155689178,-0.31502050783994556,-1.266057888606955,0.4375672835259103,-0.522058676561444,-2.292885159332263,0.12060462,0.35834658,1.0,-1.0,20,-0.031062661833912538,0.04441097285631613,-0.0020110902663825416,-0.26719219470492384,-1.5531330916956272,0.36785642979534855,-0.947822836408085,-2.2117368905168315,0.07539760306984032,0.3946280677719135,1.0,-1.0,0.0253211577721391,0.04853395006064028,0.31502050783994556,0.00300950155689178,0.007618554726973632,0.0035258701238724917,0.01757924906854784,0.0038307059140975015,0.03746493701321136,0.07390340270310987,0.5021239220242713,0.0044555734147114084,0.011258923011053362,0.005591313361887243,0.02953871910590422,0.004870111633299187,0.0253211577721391,0.04853395006064028,0.31502050783994556,0.00300950155689178,0.007618554726973632,0.0035258701238724917,0.01757924906854784,0.0038307059140975015,0.8809523809523809,0.32384453592227247,1.0,0.0,1.0,0.0,1.0,1.0,-1.266057888606955,76004,21000,420,12.9099013821251,1.299047367007006,1.3890819391381228,15.598030688270228,341.13771074204124,20
0.00080957176,0.00083432096,1.1938287,-1.2984786,0.68371516,-0.6845882,-3.7710505,-1.2978656,0.68185174,-0.6800157,-3.747202,-1.3041164,0.6920049,-0.68853253,-3.8021116,0.00080957176,0.002618105,0.024952095,1.1004886e-10,0.000834321,0.0022837003,0.020188643,6.815668e-10,0.15419053,0.8217813,1.0,-1.0,-0.029691479324050415,0.052285648389412014,-0.0030290467898559104,-0.303434006803159,-1.484573966202521,0.41712567827392916,-0.6344947279605597,-2.2263536413166833,0.11179916,0.36655787,1.0,-1.0,20,-0.03632847299853924,0.05331606925892915,-0.0016351584019398922,-0.2841321304150016,-1.8164236499269617,0.5747983697221597,-0.8021943244237818,-3.5411417619388814,0.1050918581593727,0.4122262989870316,1.0,-1.0,0.029691479324050415,0.052285648389412014,0.303434006803159,0.0030290467898559104,0.010424150949387501,0.002700242865664988,0.017914278072942356,0.003706135182505312,0.0435218955017321,0.07955260278365339,0.5212683776851926,0.004463573244404412,0.015361355790500126,0.00445927770266619,0.02716203378823523,0.005102225465052429,0.029691479324050415,0.052285648389412014,0.303434006803159,0.0030290467898559104,0.010424150949387501,0.002700242865664988,0.017914278072942356,0.003706135182505312,0.8676190476190476,0.33890446416012937,1.0,0.0,1.0,0.0,1.0,1.0,-1.484573966202521,80004,22000,440,12.544607192015974,1.267127700994024,1.3839373938681092,15.195672286878107,356.3209151769115,21
0.00068784424,0.00084901927,1.2187593,-1.3117757,0.72336805,-0.64335155,-4.012157,-1.3090699,0.71788716,-0.643474,-3.9740233,-1.3157617,0.7280998,-0.64613795,-3.9570315,0.00068784424,0.0019297412,0.016930852,2.0022654e-08,0.0008490192,0.0022282223,0.016706439,9.369842e-09,0.14906938,0.81435853,1.0,-1.0,-0.02431688660191754,0.045233775909555615,-0.0010134498938988376,-0.28511137097941813,-1.2158443300958772,0.4347680685511206,-0.40378691981276393,-2.0761475483140575,0.07287935,0.3375379,1.0,-1.0,20,-0.03371214195849864,0.043659718553541955,-0.0017911280013655612,-0.25173255230117725,-1.6856070979249325,0.3656088513910457,-1.1553468585935844,-2.5401438311536233,0.08010065697406768,0.3940068107915911,1.0,-1.0,0.02431688660191754,0.045233775909555615,0.28511137097941813,0.0010134498938988376,0.008668590605212275,0.0028913844341172702,0.017447887666576803,0.001144284527303534,0.03331761768058263,0.0651584646362218,0.4545900085133083,0.0011764095734629575,0.01149907636678626,0.004447451990257664,0.026047423921896573,0.0013125108183840231,0.02431688660191754,0.045233775909555615,0.28511137097941813,0.0010134498938988376,0.008668590605212275,0.0028913844341172702,0.017447887666576803,0.001144284527303534,0.8904761904761904,0.31229528442037324,1.0,0.0,1.0,0.0,1.0,1.0,-1.2158443300958772,84004,23000,460,12.932685923733516,1.2557619020080892,1.3915123918122845,15.57996021755389,371.9431653134816,22
0.0009443659,0.0011664068,1.2164049,-1.3144841,0.7537016,-0.69077075,-4.191191,-1.3102567,0.750298,-0.68669885,-4.154373,-1.3170334,0.76574785,-0.67261153,-4.2249556,0.0009443659,0.0021902353,0.017615989,7.80459e-08,0.0011664068,0.0025733253,0.01893486,1.8274534e-08,0.10278753,0.814091,1.0,-1.0,-0.023201807899455085,0.0455461049872796,-0.0003372654051951085,-0.26847128741205023,-1.1600903949727541,0.3328580483458441,-0.6919177425694109,-1.9792803824953744,0.069229074,0.371466,1.0,-1.0,20,-0.03181108954668495,0.045434423160042675,-0.0012740017126774844,-0.3212859016659021,-1.5905544773342475,0.5971994556894032,-0.7916747337250633,-3.1748263611964695,0.11784450542588498,0.3985969334183728,1.0,-1.0,0.023201807899455085,0.0455461049872796,0.26847128741205023,0.0003372654051951085,0.006827422582750686,0.002986835208944754,0.013134806800243239,0.002161766456755271,0.03278254740885458,0.06636607653472708,0.45082407074335257,0.00048246275576732667,0.009719854629684964,0.004353985444127447,0.02076771880313985,0.003650099089929887,0.023201807899455085,0.0455461049872796,0.26847128741205023,0.0003372654051951085,0.006827422582750686,0.002986835208944754,0.013134806800243239,0.002161766456755271,0.8847619047619047,0.31930906132459025,1.0,0.0,1.0,0.0,1.0,1.0,-1.1600903949727541,88004,24000,480,13.436610539909452,1.296809834006126,1.423406280009658,16.156826653925236,388.0961582643795,23
0.00058558374,0.00059886876,1.063837,-1.149828,0.5690533,-0.6418155,-4.272195,-1.1517766,0.57139856,-0.6494118,-4.3062334,-1.1613414,0.57501805,-0.6486871,-4.3259535,0.00058558374,0.0011506053,0.007457284,1.5637639e-08,0.0005988688,0.0013607958,0.008550688,3.0084735e-10,0.088996045,0.7890319,1.0,-1.0,-0.024174527323149245,0.047927192885215755,-0.0017432650032144362,-0.29883815463798974,-1.208726366157462,0.4986509470267112,-0.3649667221867008,-2.095601991690132,0.100587815,0.35004777,1.0,-1.0,20,-0.03564394419336718,0.05250795091306375,-0.0008305718458111566,-0.2915101539688883,-1.7821972096683587,0.49012759197982275,-0.8553478557244383,-2.874468783907578,0.08503253084437384,0.4243546749036342,1.0,-1.0,0.024174527323149245,0.047927192885215755,0.29883815463798974,0.0017432650032144362,0.006893676279082493,0.0022583167221475625,0.012093310818937353,0.0039600139615440485,0.0342439046217625,0.07080077924284624,0.4878668234479077,0.0025499248569518657,0.00996948801180209,0.0034266526519553964,0.018586259845648462,0.005791113328725058,0.024174527323149245,0.047927192885215755,0.29883815463798974,0.0017432650032144362,0.006893676279082493,0.0022583167221475625,0.012093310818937353,0.0039600139615440485,0.8838095238095238,0.3204531938257233,1.0,0.0,1.0,0.0,1.0,1.0,-1.208726366157462,92004,25000,500,12.894141842596582,1.2930061559891328,1.415357346428209,15.602505345013924,403.6734213833988,24
0.0007858345,0.0007947092,1.1603718,-1.2565298,0.6641411,-0.6189812,-4.3187685,-1.2675033,0.6704384,-0.6199689,-4.358008,-1.2627993,0.6613691,-0.626625,-4.2872167,0.0007858345,0.001654306,0.012635005,7.481631e-08,0.0007947092,0.0016404025,0.010814432,2.161471e-11,0.17514355,0.8111743,1.0,-1.0,-0.028239169279061064,0.04717527180626473,-0.002088897208607546,-0.29058784368939894,-1.4119584639530534,0.5284881801684906,-0.3064199084831292,-2.159575786593777,0.07029338,0.35437652,1.0,-1.0,20,-0.03422054095447506,0.04920081699060281,-0.0030559788837868527,-0.29796870986175894,-1.7110270477237535,0.4540690800445142,-0.9689530530039383,-2.6306157083695387,0.09192405469762815,0.41002339171013963,1.0,-1.0,0.028239169279061064,0.04717527180626473,0.29058784368939894,0.002088897208607546,0.011346231429136041,0.0023403702704274647,0.014246527331784524,0.0021120837376147105,0.03962371438772727,0.06991407109023252,0.48746584062743487,0.0031712824571590165,0.015489125760096206,0.0034039081177155697,0.021234194190410657,0.0032159062406026256,0.028239169279061064,0.04717527180626473,0.29058784368939894,0.002088897208607546,0.011346231429136041,0.0023403702704274647,0.014246527331784524,0.0021120837376147105,0.8838095238095238,0.3204531938257233,1.0,0.0,1.0,0.0,1.0,1.0,-1.4119584639530534,96004,26000,520,13.398405513100442,1.2682590199983679,1.4640967470768373,16.130761280175648,419.7963589265855,25
0.00090138265,0.0007729483,1.2310855,-1.3342867,0.7453835,-0.66990316,-3.753128,-1.3348763,0.74522626,-0.6653737,-3.7587807,-1.3375931,0.74394214,-0.66732484,-3.7594304,0.00090138265,0.0022008223,0.01836993,1.0630039e-07,0.00077294826,0.0019075227,0.016009824,8.425616e-09,0.015080735,0.82889634,1.0,-1.0,-0.025499021903269418,0.040844282890920965,-0.005527812732959646,-0.25754252532143085,-1.2749510951634708,0.5209541747667465,-0.5756665186502766,-2.578986764364287,0.095706895,0.3396099,1.0,-1.0,20,-0.028871699881261398,0.042753790226144076,-0.0003009225262086543,-0.2505472739278883,-1.44358499406307,0.4287624440979573,-0.7241433298024467,-2.3738725643123924,0.06157610190823516,0.3894453483460516,1.0,-1.0,0.025499021903269418,0.040844282890920965,0.25754252532143085,0.005527812732959646,0.010905358935200064,0.0032972079998097605,0.022195626728696793,0.007551927337091823,0.038130373646115566,0.060877994445034674,0.4204804999162586,0.009258850806384777,0.01734856724021772,0.00572754574046169,0.03673143676657874,0.011805609988656623,0.025499021903269418,0.040844282890920965,0.25754252532143085,0.005527812732959646,0.010905358935200064,0.0032972079998097605,0.022195626728696793,0.007551927337091823,0.8942857142857142,0.3074715848825776,1.0,0.0,1.0,0.0,1.0,1.0,-1.2749510951634708,100004,27000,540,13.732064724026714,1.260324490009225,1.5682582888548495,16.560647502890788,436.271557618471,26
0.0010545641,0.0008297397,1.1323314,-1.2310663,0.6469416,-0.6644176,-4.055331,-1.2339523,0.6472584,-0.6697842,-4.0656185,-1.2460464,0.65140545,-0.6757506,-4.0889916,0.0010545641,0.0018277192,0.011642081,2.1987634e-07,0.0008297397,0.0014849849,0.008741562,5.3953674e-08,-0.032552328,0.8091753,1.0,-1.0,-0.03038181756122093,0.05345555106322235,-0.0053651343212774245,-0.3184609245964156,-1.5190908780610468,0.566670959490853,-0.43757700927674387,-2.7470159301699772,0.11705059,0.37110654,1.0,-1.0,20,-0.03225743897608052,0.04817702173851048,-0.001830375151495396,-0.29729737637670123,-1.6128719488040257,0.5111106858987896,-0.8468464197319163,-2.700838468361395,0.09245047923767653,0.3930936247050378,1.0,-1.0,0.03038181756122093,0.05345555106322235,0.3184609245964156,0.0053651343212774245,0.00961331947019311,0.002249692331990969,0.013455025781009511,0.005369406330720995,0.04654423684247211,0.084513453037962,0.5513401443847545,0.007778445200635947,0.014949275082912225,0.003632747578708757,0.02244982653828717,0.007778445200635947,0.03038181756122093,0.05345555106322235,0.3184609245964156,0.0053651343212774245,0.00961331947019311,0.002249692331990969,0.013455025781009511,0.005369406330720995,0.8695238095238095,0.3368265936576435,1.0,0.0,1.0,0.0,1.0,1.0,-1.5190908780610468,104004,28000,560,14.624320076982258,1.1749031199869933,1.5750997799041215,17.374322976873373,453.66954836931836,27
0.00072612974,0.0006234085,1.1098173,-1.2031666,0.619882,-0.6319336,-4.379679,-1.2019769,0.61825985,-0.6339178,-4.356324,-1.1942968,0.62083775,-0.63509274,-4.4300637,0.00072612974,0.0018354888,0.012665467,1.7588153e-08,0.0006234085,0.0015093426,0.009553305,2.0294296e-07,0.0050999722,0.8162762,1.0,-1.0,-0.02699891944597047,0.051094257637875166,-0.003219501583575662,-0.31543786759783066,-1.3499459722985234,0.602102673686793,-0.4128091919225764,-2.552932698155411,0.09542579,0.3711289,1.0,-1.0,20,-0.034434319280492655,0.04967008751467594,-0.0017263168105253425,-0.2891577782125625,-1.7217159640246322,0.5647927931803917,-0.6705891675178125,-2.8057696466414885,0.0907397073297064,0.3894716874515345,1.0,-1.0,0.02699891944597047,0.051094257637875166,0.31543786759783066,0.003219501583575662,0.0076896497465693625,0.0013723268750626474,0.01121405465019777,0.005501000199395228,0.038914341410109,0.07815079603877229,0.5390064707976745,0.004203722378647329,0.010736333832865375,0.002401766822255793,0.01795602664227028,0.0074655950132558185,0.02699891944597047,0.051094257637875166,0.31543786759783066,0.003219501583575662,0.0076896497465693625,0.0013723268750626474,0.01121405465019777,0.005501000199395228,0.8809523809523809,0.32384453592227247,1.0,0.0,1.0,0.0,1.0,1.0,-1.3499459722985234,108004,29000,580,13.842736274018534,1.1986456750018988,1.5245170849229908,16.565899033943424,470.2972873642866,28
0.0009854191,0.0009571378,1.171435,-1.272133,0.73247194,-0.6365212,-4.5031633,-1.2729954,0.734872,-0.6387564,-4.503347,-1.2665745,0.7399452,-0.6245493,-4.4088607,0.0009854191,0.0028642977,0.020868406,5.4815473e-08,0.0009571378,0.002729473,0.021436444,6.5689676e-10,-0.023996646,0.82071143,1.0,-1.0,-0.03376929449201956,0.04760229886437467,-0.0041784260371101195,-0.29345026444006833,-1.688464724600978,0.33534987994453325,-0.8924054022991741,-2.2887636354090932,0.10861622,0.37150964,1.0,-1.0,20,-0.0408310299717568,0.06317814480647765,-0.001556272551403006,-0.3596708051254758,-2.0415514985878396,0.7142840512908593,-0.9501647713818665,-3.747411110075416,0.1365014685621692,0.4328876704881021,1.0,-1.0,0.03376929449201956,0.04760229886437467,0.29345026444006833,0.0041784260371101195,0.016452489819093436,0.002660213429034338,0.01967957915135948,0.0055345272104603115,0.047031629121028,0.075511073888548,0.4824307243885155,0.00563242715940096,0.0203313046093798,0.0032493826842743055,0.023015160465335686,0.00867153315487551,0.03376929449201956,0.04760229886437467,0.29345026444006833,0.0041784260371101195,0.016452489819093436,0.002660213429034338,0.01967957915135948,0.0055345272104603115,0.8742857142857143,0.33152707895680655,1.0,0.0,1.0,0.0,1.0,1.0,-1.688464724600978,112004,30000,600,14.226524234836688,1.2615063679986633,1.549456563894637,17.03748716672999,487.3943537320156,29
0.00080192834,0.0010865657,1.2510211,-1.3507166,0.8534859,-0.65604067,-4.6724386,-1.3565001,0.8562998,-0.6548026,-4.66486,-1.3430073,0.8507339,-0.65135837,-4.7302294,0.0008019282,0.0018052558,0.012200104,2.046363e-12,0.0010865657,0.0023859707,0.018479057,4.3772985e-11,0.14526604,0.8099581,1.0,-1.0,-0.026978472669793706,0.057869809257170834,-0.0010295363619486876,-0.3444460821898286,-1.3489236334896855,0.5075730301724934,-0.6310102899852114,-2.5168471564022474,0.10606668,0.37508494,1.0,-1.0,20,-0.035485988877168834,0.05316948163161116,-0.0017319392559533102,-0.30292883954981165,-1.7742994438584418,0.40101022294010835,-1.1860377237353656,-2.5394611966094813,0.10205769072923532,0.4115194109966317,1.0,-1.0,0.026978472669793706,0.057869809257170834,0.3444460821898286,0.0010295363619486876,0.004002829607105878,0.0015897335322819085,0.009366372086217522,0.0014457390064192875,0.03979602008023937,0.08965509908816278,0.5894943553434053,0.0017613963220606543,0.005969272555372053,0.002202870840024976,0.011110545657586957,0.002330740425795841,0.026978472669793706,0.057869809257170834,0.3444460821898286,0.0010295363619486876,0.004002829607105878,0.0015897335322819085,0.009366372086217522,0.0014457390064192875,0.8609523809523809,0.34599621195152885,1.0,0.0,1.0,0.0,1.0,1.0,-1.3489236334896855,116004,31000,620,13.53404020225571,1.3256802300020354,1.4410834061563946,16.30080383841414,503.7381636934151,30
0.0009197866,0.0008665194,1.2303551,-1.3358483,0.78816617,-0.6377117,-4.550574,-1.3395522,0.7893073,-0.63479733,-4.5461497,-1.3337607,0.7879691,-0.61593336,-4.4947677,0.0009197865,0.0017147388,0.009916424,1.565255e-08,0.0008665194,0.0018948687,0.013290338,3.261711e-10,0.09402495,0.80431294,1.0,-1.0,-0.02075754103764982,0.0394886934952017,-0.0028278394272963727,-0.26283707937647593,-1.0378770518824911,0.49735046387053616,-0.2170278871142388,-1.7613923529221553,0.038486645,0.32768285,1.0,-1.0,20,-0.02901722111865302,0.04496994265255302,-0.0013152266540594198,-0.2709824667382414,-1.450861055932651,0.41897837081610445,-0.7295801200171683,-2.1140494538705146,0.08299880027299672,0.3940302569586788,1.0,-1.0,0.02075754103764982,0.0394886934952017,0.26283707937647593,0.0028278394272963727,0.00836920879450507,0.0015560312984117036,0.010891976376672753,0.003957729927177635,0.028663078081742326,0.053277696678960755,0.4283516998297229,0.003978516693269617,0.012511619563837308,0.0026909493509594167,0.016768762584312563,0.005011446860841606,0.02075754103764982,0.0394886934952017,0.26283707937647593,0.0028278394272963727,0.00836920879450507,0.0015560312984117036,0.010891976376672753,0.003957729927177635,0.9123809523809524,0.2827400751810374,1.0,0.0,1.0,0.0,1.0,1.0,-1.0378770518824911,120004,32000,640,13.082355379039655,1.3634375460096635,1.4385716641118051,15.884364589161123,519.6491421985411,31
0.0009305495,0.0007594857,1.0863345,-1.1872958,0.63989764,-0.6588655,-3.9386916,-1.1904513,0.6381643,-0.65558565,-3.9211175,-1.1893212,0.6305515,-0.65650016,-3.8146572,0.0009305494,0.0029355509,0.026443193,1.4182447e-08,0.00075948576,0.0024599675,0.022725899,5.7663243e-09,0.012080555,0.8042152,1.0,-1.0,-0.03162414353654077,0.049238907252456304,-0.00799442265700087,-0.30251348840481174,-1.5812071768270384,0.4831581778130892,-0.5958760403890492,-2.3055122489558704,0.094874755,0.3530853,1.0,-1.0,20,-0.03220547785383418,0.04887187599266422,-0.0004154695807638823,-0.298340466970018,-1.610273892691709,0.6867954891436767,-0.6796384675364977,-3.584477396883672,0.07797518268366552,0.4164960599154547,1.0,-1.0,0.03162414353654077,0.049238907252456304,0.30251348840481174,0.00799442265700087,0.013556133140107821,0.002231563759539647,0.016797743913104162,0.008432069805243568,0.0460282621427531,0.07317792555318803,0.5181307083334532,0.011414630267958734,0.020347783268566268,0.00315425043163754,0.02489093033242268,0.012981516588619083,0.03162414353654077,0.049238907252456304,0.30251348840481174,0.00799442265700087,0.013556133140107821,0.002231563759539647,0.016797743913104162,0.008432069805243568,0.8723809523809524,0.3336651409779794,1.0,0.0,1.0,0.0,1.0,1.0,-1.5812071768270384,124004,33000,660,13.552041426213691,1.3900014860118972,1.5222492778557353,16.464292190081323,536.0676331745926,32
0.0006172698,0.000630183,1.1266241,-1.2248478,0.6685063,-0.6415701,-3.8504117,-1.2250853,0.6679758,-0.6432766,-3.8655014,-1.2230971,0.6601605,-0.6484104,-3.792747,0.0006172698,0.0013188247,0.009541308,1.3133103e-09,0.000630183,0.0013121258,0.007852988,1.9887935e-08,-0.058023613,0.81938326,1.0,-1.0,-0.02582999074206464,0.05127478120818906,-0.0015296517110697505,-0.3046710316521359,-1.2914995371032318,0.3462428543522716,-0.6224845625062152,-1.9119510038167788,0.11002128,0.361757,1.0,-1.0,20,-0.03028184368612224,0.045281655748069985,-0.00123143795150542,-0.29129346580492366,-1.514092184306112,0.4121218828857127,-0.7466555920498497,-2.186788481274698,0.08670306924466382,0.3916705055300944,1.0,-1.0,0.02582999074206464,0.05127478120818906,0.3046710316521359,0.0015296517110697505,0.006294236279489361,0.002525367249936206,0.01074478733421666,0.0016815334710842142,0.0387738732627435,0.07973007157225334,0.5072476127332914,0.0023927446183068524,0.009975329282503866,0.0041469657697541795,0.017131827769880426,0.0027591432793262483,0.02582999074206464,0.05127478120818906,0.3046710316521359,0.0015296517110697505,0.006294236279489361,0.002525367249936206,0.01074478733421666,0.0016815334710842142,0.8733333333333333,0.3325991915537712,1.0,0.0,1.0,0.0,1.0,1.0,-1.2914995371032318,128004,34000,680,13.15386352907808,1.3442561239935458,1.4683464740373893,15.966466127109015,552.0398577537271,33
0.0007214483,0.00069134834,1.2066236,-1.312468,0.7082037,-0.6387867,-4.578709,-1.315964,0.7147861,-0.63693196,-4.5973687,-1.3139043,0.7087787,-0.6398561,-4.5193005,0.00072144833,0.001459606,0.008007339,1.2875176e-09,0.0006913484,0.0015865113,0.009795898,8.936482e-09,0.08313703,0.81604344,1.0,-1.0,-0.021670658658951222,0.04689038223176495,-0.0026195687035991816,-0.28071154717547137,-1.083532932947561,0.44419186859158555,-0.36661995219297827,-1.9057591412970256,0.08222577,0.33645895,1.0,-1.0,20,-0.033205689351475824,0.049820606807711734,-0.0008637278422654713,-0.28046997203441226,-1.660284467573791,0.4445980022530622,-0.6607929652466227,-2.3004636899499338,0.07768244482048743,0.4171914223148426,1.0,-1.0,0.021670658658951222,0.04689038223176495,0.28071154717547137,0.0026195687035991816,0.004950531256739256,0.0013689049625462935,0.008427913212202624,0.0029168980987554047,0.031253331402821126,0.06942827350146874,0.4662609020341768,0.0038941901131539503,0.007648477093761881,0.001871310425563353,0.011948625210922437,0.004624254421745716,0.021670658658951222,0.04689038223176495,0.28071154717547137,0.0026195687035991816,0.004950531256739256,0.0013689049625462935,0.008427913212202624,0.0029168980987554047,0.8866666666666667,0.3169998247458331,1.0,0.0,1.0,0.0,1.0,1.0,-1.083532932947561,132004,35000,700,13.829363592056325,1.3505719590029912,1.5148256089451024,16.69476116000442,568.7571743697335,34
0.00095148187,0.00071659405,1.1482748,-1.2413783,0.6208297,-0.65256846,-3.6686394,-1.244412,0.6199959,-0.6560582,-3.6718805,-1.2451853,0.62202257,-0.6557501,-3.7318158,0.0009514818,0.0023764952,0.016432106,8.7050367e-10,0.000716594,0.0015929244,0.01161488,2.406356e-09,0.11210328,0.8156491,1.0,-1.0,-0.021053262766175865,0.04410049548666166,-0.004013694045996231,-0.33802867631141215,-1.0526631383087932,0.5069201329917539,-0.4077478053741507,-2.385433793167086,0.105840035,0.3200646,1.0,-1.0,20,-0.031511276097586714,0.047502411678636385,-0.0010413380020513551,-0.28415414322979293,-1.575563804879336,0.4907164523293388,-0.6899446068021532,-2.296628886648182,0.091494681752487,0.38835014488227343,1.0,-1.0,0.021053262766175865,0.04410049548666166,0.33802867631141215,0.004013694045996231,0.0060147958533015855,0.0007912556246877416,0.007953258167058715,0.004953891011240319,0.03080161816804654,0.06633954226071742,0.5648160869254681,0.00533224710939946,0.009463906334203047,0.0017121392648026374,0.01318655015851447,0.007200340798011143,0.021053262766175865,0.04410049548666166,0.33802867631141215,0.004013694045996231,0.0060147958533015855,0.0007912556246877416,0.007953258167058715,0.004953891011240319,0.8990476190476191,0.30126565972979114,1.0,0.0,1.0,0.0,1.0,1.0,-1.0526631383087932,136004,36000,720,13.489735581140849,1.3731130980013404,1.5130304240301484,16.375879103172338,585.127554011895,35
0.0016109378,0.0016733389,1.1820621,-1.2704579,0.75281835,-0.6468351,-4.20565,-1.2818677,0.75972277,-0.6550514,-4.255313,-1.2764276,0.7440098,-0.6584925,-4.0692844,0.0016109376,0.005825272,0.056150462,7.053135e-09,0.0016733389,0.0068008862,0.06028762,1.1256418e-10,0.07969407,0.80210245,1.0,-1.0,-0.026086292902859895,0.046609874322789305,-0.002163162755169523,-0.3000045856808948,-1.3043146451429943,0.45690535434070184,-0.5706185991107914,-2.5795311824142018,0.069285765,0.35335413,1.0,-1.0,20,-0.030646299967468527,0.04928758685480397,-0.0014753824415495015,-0.3185312783921828,-1.5323149983734263,0.6007700897216196,-0.6907804869020538,-2.5175585474030173,0.06529345569238039,0.3969206478087189,1.0,-1.0,0.026086292902859895,0.046609874322789305,0.3000045856808948,0.002163162755169523,0.009219939300945914,0.002225863360883526,0.012664042811883028,0.0021833810482325884,0.03856376503912283,0.07017899181809137,0.5145074143287446,0.0032072951941881783,0.014617280340138322,0.003928147885976818,0.020963970364936524,0.003298911445339517,0.026086292902859895,0.046609874322789305,0.3000045856808948,0.002163162755169523,0.009219939300945914,0.002225863360883526,0.012664042811883028,0.0021833810482325884,0.8876190476190476,0.3158345673337586,1.0,0.0,1.0,0.0,1.0,1.0,-1.3043146451429943,140004,37000,740,13.522095442036516,1.3678296970028896,1.511179879817064,16.40110501885647,601.5215189817536,36
0.00063255394,0.0006210059,1.111759,-1.2238472,0.56699365,-0.68375623,-3.4945316,-1.2208283,0.5643686,-0.6783248,-3.4788141,-1.2087286,0.55906767,-0.6615968,-3.43123,0.000632554,0.001318632,0.007915778,1.5881552e-07,0.0006210059,0.0016665854,0.016220657,1.1639045e-10,-0.0010134851,0.8109397,1.0,-1.0,-0.02433297639186106,0.051133874606976146,-0.001939736343151634,-0.298422265628241,-1.216648819593053,0.46801336926530224,-0.36926701271228496,-2.101555703152482,0.096672356,0.3514733,1.0,-1.0,20,-0.03323629385445964,0.04886943265941003,-0.0010648526805653502,-0.28941216811137555,-1.661814692722982,0.6350777209015428,-0.5215349948198061,-2.837286583071131,0.1309755352333687,0.4273505075527262,1.0,-1.0,0.02433297639186106,0.051133874606976146,0.298422265628241,0.001939736343151634,0.005637591501757476,0.0021374236505809275,0.011492604067895311,0.0033284826518092656,0.03614306387531853,0.07778437170334938,0.5150944653399029,0.0028674528631891516,0.008565210642444598,0.0030500380458769773,0.016405466388532797,0.004058315034816282,0.02433297639186106,0.051133874606976146,0.298422265628241,0.001939736343151634,0.005637591501757476,0.0021374236505809275,0.011492604067895311,0.0033284826518092656,0.8752380952380953,0.330448743199435,1.0,0.0,1.0,0.0,1.0,1.0,-1.216648819593053,144004,38000,760,14.015721023926744,1.3605315489985514,1.5244424992706627,16.90069507219596,618.4163717399497,37
0.00064183824,0.0006455434,1.1040819,-1.1917856,0.60343087,-0.62228566,-4.485843,-1.1906114,0.603815,-0.627009,-4.4980507,-1.1912403,0.6120194,-0.6249769,-4.631065,0.00064183824,0.0021860255,0.021089345,4.9640803e-08,0.00064554333,0.0019675791,0.017692778,1.4154489e-07,0.0077821985,0.8048113,1.0,-1.0,-0.02566754893233142,0.05297522110574566,-0.000621248677054776,-0.3379526092835708,-1.283377446616571,0.6364801782197782,-0.3147969410958122,-2.908222164115342,0.14326294,0.35499477,1.0,-1.0,20,-0.03336340240550431,0.05224770647506909,-0.001214382088479827,-0.3087237140573513,-1.6681701202752155,0.4933236569377459,-0.823394458620659,-2.41135605400948,0.09362984727052227,0.43256811107244325,1.0,-1.0,0.02566754893233142,0.05297522110574566,0.3379526092835708,0.000621248677054776,0.004860554675264939,0.0034698373465481647,0.017154641374790586,0.0010676544687899373,0.0383014410239236,0.08242571021282794,0.5789114879327504,0.0010291786166207809,0.007103522698358109,0.005593546520983392,0.0285865142945214,0.0015634217097244413,0.02566754893233142,0.05297522110574566,0.3379526092835708,0.000621248677054776,0.004860554675264939,0.0034698373465481647,0.017154641374790586,0.0010676544687899373,0.8752380952380953,0.330448743199435,1.0,0.0,1.0,0.0,1.0,1.0,-1.283377446616571,148004,39000,780,13.109899910836248,1.3545681149989832,1.4410556389775593,15.90552366481279,634.2238559737598,38
0.00066348317,0.0008284211,1.186013,-1.2910492,0.7152795,-0.6528296,-3.9118652,-1.293403,0.7224581,-0.65503657,-3.9416916,-1.2864182,0.7146778,-0.6595874,-3.9806092,0.0006634832,0.0014944751,0.011328245,1.0475141e-09,0.0008284211,0.0017351274,0.012618716,4.2132378e-09,0.043641195,0.8028874,1.0,-1.0,-0.022623910578737052,0.046976772064816326,-0.001788593837243072,-0.3167693676937874,-1.1311955289368523,0.3932680892983031,-0.5073312170695038,-2.10333979219291,0.08467413,0.34346542,1.0,-1.0,20,-0.0339916752785181,0.04828812910791616,-0.0008572442284435864,-0.2746853123674189,-1.699583763925905,0.457295696504973,-0.7875402240225704,-2.661154955703129,0.08183600739469384,0.4036951185396651,1.0,-1.0,0.022623910578737052,0.046976772064816326,0.3167693676937874,0.001788593837243072,0.005352344973474538,0.0015877708692928346,0.007659800765777193,0.0017938915082030549,0.03332655145465392,0.07109235075726246,0.5229344561759923,0.0028900963878472907,0.008435690970059933,0.0027043568159417306,0.012420420539112846,0.0028923214530756636,0.022623910578737052,0.046976772064816326,0.3167693676937874,0.001788593837243072,0.005352344973474538,0.0015877708692928346,0.007659800765777193,0.0017938915082030549,0.8857142857142857,0.318157963590287,1.0,0.0,1.0,0.0,1.0,1.0,-1.1311955289368523,152004,40000,800,13.137610357138328,1.2565435440046713,1.4433597267779987,15.837513627920998,650.1082439876627,39
0.00064450764,0.00065439544,1.1125367,-1.1980946,0.5216323,-0.691201,-3.0088522,-1.1954801,0.516541,-0.6903736,-2.9710445,-1.1937184,0.5247755,-0.68136626,-3.0259514,0.0006445077,0.0013361166,0.009825299,1.2199877e-09,0.00065439544,0.0014776747,0.010966352,2.3337666e-08,0.14519042,0.8117711,1.0,-1.0,-0.02455133834355606,0.0500428352749204,-0.0026977243317462506,-0.3229938115245048,-1.227566917177803,0.5633372993861132,-0.367841462476627,-2.571392183569502,0.09441725,0.36245465,1.0,-1.0,20,-0.03387608671215827,0.05341752442243456,-0.001189173191145182,-0.3423421167316401,-1.6938043356079138,0.5209903481325987,-0.8974045342582988,-2.7441410184155632,0.10701700403677994,0.4009180813926043,1.0,-1.0,0.02455133834355606,0.0500428352749204,0.3229938115245048,0.0026977243317462506,0.005470419306223921,0.002099985252881381,0.013263390456960289,0.003009963047664345,0.0357646643299033,0.07413423239086903,0.5471237034913776,0.0041274122233504185,0.008147244239532114,0.0030914000024443986,0.019330649402339195,0.00484144712273088,0.02455133834355606,0.0500428352749204,0.3229938115245048,0.0026977243317462506,0.005470419306223921,0.002099985252881381,0.013263390456960289,0.003009963047664345,0.88,0.32496153618543844,1.0,0.0,1.0,0.0,1.0,1.0,-1.227566917177803,156004,41000,820,13.157480655019754,1.303547053001239,1.4734964329836657,15.934524141004658,666.0678763946926,40
0.00049417536,0.0007036269,1.2575513,-1.3571814,0.7943846,-0.6987822,-4.698973,-1.3556079,0.79311377,-0.69162774,-4.7088656,-1.3586242,0.7901678,-0.6893698,-4.6530805,0.00049417536,0.0010246026,0.0076102316,2.8533819e-08,0.0007036269,0.0014828508,0.010635277,7.244637e-09,0.088767014,0.7980016,1.0,-1.0,-0.019214819400284026,0.040915456893713884,-0.0012225512850916147,-0.2914595517568333,-0.9607409700142012,0.5528658514565998,-0.36320007635761503,-2.196143602453465,0.08395159,0.32988125,1.0,-1.0,20,-0.03670920127268972,0.05692021931391778,-0.0014644967968091868,-0.33949511466659554,-1.835460063634486,0.6432667387276211,-0.8220352548467598,-3.4014717957558545,0.12149547056900557,0.4066610270661926,1.0,-1.0,0.019214819400284026,0.040915456893713884,0.2914595517568333,0.0012225512850916147,0.006112930436607737,0.003758690380533682,0.020859544359927644,0.0029195154708020156,0.027523089498413002,0.06026794212404589,0.49220609101715623,0.0016520026951485356,0.008861887711434577,0.006368645534899097,0.034850248093762845,0.003316560369665336,0.019214819400284026,0.040915456893713884,0.2914595517568333,0.0012225512850916147,0.006112930436607737,0.003758690380533682,0.020859544359927644,0.0029195154708020156,0.9123809523809524,0.2827400751810374,1.0,0.0,1.0,0.0,1.0,1.0,-0.9607409700142012,160004,42000,840,13.36511231091572,1.3292625399917597,1.5175913921993924,16.211966243106872,682.3409763368254,41
0.0006750998,0.00056795974,1.2119464,-1.320444,0.7328161,-0.63480777,-4.036582,-1.3209579,0.73359394,-0.639436,-4.0317106,-1.3270928,0.7326817,-0.64003456,-4.01752,0.0006750998,0.0013667428,0.008772218,7.531526e-09,0.0005679598,0.0011183639,0.008186862,5.073364e-09,0.15642212,0.7999242,1.0,-1.0,-0.024246882242274937,0.04670737127477948,-0.002286828246410726,-0.27257120313250505,-1.2123441121137468,0.4522021949264748,-0.3457883233915424,-2.067720176030858,0.07566509,0.34388834,1.0,-1.0,20,-0.034307639150140914,0.052325778259943875,-0.0014239717558471863,-0.31039828128431296,-1.7153819575070455,0.43773466818052126,-1.0401544180934164,-2.399408594221922,0.10308108006705304,0.41158502779503675,1.0,-1.0,0.024246882242274937,0.04670737127477948,0.27257120313250505,0.002286828246410726,0.007983686071852852,0.0012303563961797216,0.010453929504218739,0.005883043631604578,0.03557320566708188,0.0685950366605259,0.4394043511780226,0.002539032709908434,0.012560764548031138,0.002147250466674306,0.016761289330886164,0.008914736528755157,0.024246882242274937,0.04670737127477948,0.27257120313250505,0.002286828246410726,0.007983686071852852,0.0012303563961797216,0.010453929504218739,0.005883043631604578,0.8876190476190476,0.3158345673337586,1.0,0.0,1.0,0.0,1.0,1.0,-1.2123441121137468,164004,43000,860,13.492695527151227,1.393651261998457,1.522263722072239,16.408610511221923,698.714491565057,42
0.00053012354,0.0006354581,1.216962,-1.2973127,0.7438873,-0.6824502,-4.443707,-1.2989194,0.74842197,-0.68231833,-4.4926677,-1.2992537,0.74589473,-0.6727513,-4.357468,0.00053012354,0.001292128,0.00765295,5.057476e-08,0.00063545816,0.0019531916,0.018278917,3.328978e-09,0.06561786,0.813466,1.0,-1.0,-0.02537195623855123,0.05139743371885345,-0.0011917358055006171,-0.2962338891258697,-1.2685978119275616,0.5735260091133527,-0.3236891544984152,-2.492341591630477,0.07845693,0.36216488,1.0,-1.0,20,-0.03648310075126831,0.05510997305034044,-0.00046267763284339096,-0.30203684436696654,-1.8241550375634152,0.5591129299422426,-0.9125942331297684,-2.971853524409079,0.10028400680786229,0.3988978922399378,1.0,-1.0,0.02537195623855123,0.05139743371885345,0.2962338891258697,0.0011917358055006171,0.005814024920378626,0.0032215957319316983,0.018387351494692256,0.0015324028442412882,0.03593706843035817,0.07286280806861742,0.461116133118578,0.0018973905418979142,0.009221018737967554,0.0051809474889994095,0.02940570662876056,0.002277470324422756,0.02537195623855123,0.05139743371885345,0.2962338891258697,0.0011917358055006171,0.005814024920378626,0.0032215957319316983,0.018387351494692256,0.0015324028442412882,0.8714285714285714,0.3347249861102852,1.0,0.0,1.0,0.0,1.0,1.0,-1.2685978119275616,168004,44000,880,13.447249754492077,1.3544195529975696,1.4942208989377832,16.29589020642743,715.0036088124762,43
0.00049354753,0.0005563104,1.1500416,-1.2419337,0.65234804,-0.72765875,-4.226168,-1.239365,0.65354556,-0.7248,-4.238959,-1.245769,0.6626594,-0.7256106,-4.2925816,0.00049354753,0.0012881742,0.010484748,3.9253848e-08,0.0005563104,0.0015789742,0.015073895,8.392821e-09,0.013819923,0.7975421,1.0,-1.0,-0.023256730093416177,0.04458028644052497,-0.0018416085322715064,-0.28629572878187337,-1.1628365046708087,0.36985389357397375,-0.5911260808092124,-1.8896953386369866,0.06608568,0.3366588,1.0,-1.0,20,-0.03168084097884019,0.04974732596794285,-0.0015283869466864786,-0.317862097132911,-1.5840420489420095,0.4698324033092,-0.87118592185691,-2.4841275030749332,0.09227278072771461,0.41017129807298086,1.0,-1.0,0.023256730093416177,0.04458028644052497,0.28629572878187337,0.0018416085322715064,0.007591750572394669,0.0015969416894654558,0.009985421541949143,0.003134568675454703,0.03306117472155011,0.06419905050173765,0.4541616356074889,0.0028326940067918416,0.011248094325625128,0.0022296502240319524,0.014236835304430408,0.005140046251951885,0.023256730093416177,0.04458028644052497,0.28629572878187337,0.0018416085322715064,0.007591750572394669,0.0015969416894654558,0.009985421541949143,0.003134568675454703,0.8895238095238095,0.3134823787935439,1.0,0.0,1.0,0.0,1.0,1.0,-1.1628365046708087,172004,45000,900,13.358418298943434,1.348751433994039,1.5191650658089202,16.226334798746393,731.2253124972485,44
0.00076972373,0.00061040535,1.1378868,-1.2404273,0.62369937,-0.6719667,-3.3779902,-1.2401078,0.6247671,-0.6758896,-3.405794,-1.2446765,0.6322985,-0.6738268,-3.4384031,0.0007697237,0.001951563,0.013097706,6.903761e-09,0.00061040535,0.0015970168,0.009402156,3.326619e-10,0.014538166,0.8010328,1.0,-1.0,-0.022408691755321588,0.05085945267433908,-0.0015502593875815311,-0.3042751342450436,-1.1204345877660795,0.615458621012888,-0.2606758397039056,-2.0538985860540584,0.09194289,0.34572476,1.0,-1.0,20,-0.03436811182681807,0.04813605721418268,-0.0011244969963310658,-0.290642242623966,-1.7184055913409035,0.5070304411449065,-0.8584687676006036,-2.8400439275431806,0.08361395569620078,0.4290575991476612,1.0,-1.0,0.022408691755321588,0.05085945267433908,0.3042751342450436,0.0015502593875815311,0.004793467139081531,0.0013435029082122414,0.006756436254258181,0.0015505292777129207,0.03303965034295888,0.07705842564274153,0.5181254666442281,0.002216803934675299,0.00767742386627855,0.0022060197640931052,0.01144267219773118,0.002314317402939664,0.022408691755321588,0.05085945267433908,0.3042751342450436,0.0015502593875815311,0.004793467139081531,0.0013435029082122414,0.006756436254258181,0.0015505292777129207,0.8923809523809524,0.3098986740994818,1.0,0.0,1.0,0.0,1.0,1.0,-1.1204345877660795,176004,46000,920,13.630029245352489,1.3431879699928686,1.5316809629584895,16.504898178303847,747.7524137065484,45
0.00038083072,0.00031712372,1.1840628,-1.277035,0.69920254,-0.72622305,-4.888455,-1.2785921,0.69999206,-0.7241571,-4.8640428,-1.2781715,0.7017438,-0.72114635,-4.8379803,0.0003808307,0.0006986614,0.0046750903,2.3470784e-07,0.00031712372,0.00060916896,0.003557746,2.4967765e-08,0.11069705,0.7783785,1.0,-1.0,-0.023215104897292428,0.04919761199783904,-0.001614580652098006,-0.3095454278540785,-1.1607552448646214,0.5866392284013193,-0.3156533678859834,-2.3809917234177242,0.117900364,0.3544601,1.0,-1.0,20,-0.02988587719360144,0.044730871495786986,-0.0008248329240431163,-0.2818180730479656,-1.494293859680072,0.4030129625373791,-0.728586126222064,-2.219430019268747,0.07933385739917359,0.40193723242021856,1.0,-1.0,0.023215104897292428,0.04919761199783904,0.3095454278540785,0.001614580652098006,0.00682218711570086,0.006015958146774798,0.02689874214464336,0.0016930562358403996,0.034693029261000506,0.07631316178226012,0.5336748118826621,0.0027450229525099457,0.010262065934850781,0.008795981598934364,0.03894677994029014,0.002907448842177529,0.023215104897292428,0.04919761199783904,0.3095454278540785,0.001614580652098006,0.00682218711570086,0.006015958146774798,0.02689874214464336,0.0016930562358403996,0.8914285714285715,0.3111007448872274,1.0,0.0,1.0,0.0,1.0,1.0,-1.1607552448646214,180004,47000,940,13.400842903094599,1.3655480470042676,1.5516332400147803,16.318024190113647,764.3027552226558,46
0.00071308913,0.0006486363,1.2830143,-1.3880959,0.7767274,-0.7110536,-4.4357944,-1.384331,0.77359194,-0.72332084,-4.4008174,-1.3882987,0.77341455,-0.72804946,-4.2887893,0.000713089,0.002146722,0.021610495,5.5993965e-10,0.0006486363,0.001614947,0.0125503,2.9097613e-09,0.120800935,0.7991186,1.0,-1.0,-0.030741634922843337,0.04954435977770863,-0.002474021272572976,-0.34824405957239796,-1.5370817461421669,0.45900197466192677,-0.741401363769112,-2.7477845996569954,0.12628101,0.37734944,1.0,-1.0,20,-0.03460624017339489,0.0522318107542505,-0.0009627545347787832,-0.31456967357582394,-1.7303120086697443,0.6383708277732334,-0.5625171440999635,-2.8405201848977977,0.08460011600409642,0.3904575040185316,1.0,-1.0,0.030741634922843337,0.04954435977770863,0.34824405957239796,0.002474021272572976,0.012339339212900062,0.0018367569465954595,0.01686931220083218,0.008192659282848135,0.043528745243128955,0.07625177790929151,0.5958931330354764,0.004242703207697679,0.016958277476956926,0.003029167282833782,0.02331150566955939,0.01277089062229251,0.030741634922843337,0.04954435977770863,0.34824405957239796,0.002474021272572976,0.012339339212900062,0.0018367569465954595,0.01686931220083218,0.008192659282848135,0.8723809523809524,0.33366514097797945,1.0,0.0,1.0,0.0,1.0,1.0,-1.5370817461421669,184004,48000,960,13.465409519907553,1.6006091000017477,1.5977056310221087,16.66372425093141,780.7110043745924,47
0.0010233156,0.0008486471,1.1997421,-1.2711204,0.59260905,-0.74388814,-3.975603,-1.2746485,0.59367925,-0.7482447,-3.9543073,-1.2822185,0.6090229,-0.73627675,-4.0805335,0.0010233156,0.0025979911,0.020030886,1.4506476e-09,0.0008486471,0.0023051288,0.01593305,2.2454039e-09,0.13667716,0.829015,1.0,-1.0,-0.02109791407507011,0.04170410993261012,-0.0034448317748858584,-0.2760947559259964,-1.0548957037535054,0.5027947311961682,-0.45685521306285287,-2.343791250360825,0.057556685,0.33470383,1.0,-1.0,20,-0.032839802230501425,0.048241926633921704,-0.0009216811622700055,-0.2771801513736947,-1.6419901115250712,0.5116769766471279,-0.576136694023291,-2.918249278962994,0.08112568387105856,0.3995129914928716,1.0,-1.0,0.02109791407507011,0.04170410993261012,0.2760947559259964,0.0034448317748858584,0.006409110764298158,0.0019055990117529868,0.013878713725688285,0.004406108842097542,0.02855211570728914,0.05845769286688283,0.46333809011972776,0.005179460440593597,0.00852465886707571,0.002655739354417261,0.016603731364059807,0.005872528627849259,0.02109791407507011,0.04170410993261012,0.2760947559259964,0.0034448317748858584,0.006409110764298158,0.0019055990117529868,0.013878713725688285,0.004406108842097542,0.8971428571428571,0.30377220251433174,1.0,0.0,1.0,0.0,1.0,1.0,-1.0548957037535054,188004,49000,980,13.77271985783591,1.3425159949983936,1.5347375471610576,16.64997339999536,797.3995529715612,48
0.0007655909,0.00075292354,1.160363,-1.2557762,0.5736741,-0.7061215,-3.991143,-1.2547457,0.5736417,-0.709365,-4.013504,-1.2586933,0.5727713,-0.7069178,-3.8868732,0.000765591,0.001824544,0.011450453,4.3272408e-10,0.00075292354,0.0018450017,0.016035356,6.0012795e-10,0.07718211,0.8093241,1.0,-1.0,-0.022344532005404927,0.046157184871096546,-0.0016930637923091092,-0.32869384649381844,-1.1172266002702462,0.5992061397581192,-0.3351688451071832,-2.512471645475435,0.08971071,0.34823745,1.0,-1.0,20,-0.034810947499495815,0.05132769839346137,-0.0005793806241645887,-0.2972561063146488,-1.7405473749747913,0.42356530937251097,-0.8610906309329742,-2.457694640528578,0.09015782477238163,0.41442100947237326,1.0,-1.0,0.022344532005404927,0.046157184871096546,0.32869384649381844,0.0016930637923091092,0.007744592845531169,0.005266028664235527,0.023397858220590362,0.002819039536407844,0.03385082110158635,0.07373604998367601,0.5629872960752667,0.0024635076962691294,0.011210632745063398,0.007883828350969534,0.03509356207805328,0.0034857935263427897,0.022344532005404927,0.046157184871096546,0.32869384649381844,0.0016930637923091092,0.007744592845531169,0.005266028664235527,0.023397858220590362,0.002819039536407844,0.900952380952381,0.29872594163985283,1.0,0.0,1.0,0.0,1.0,1.0,-1.1172266002702462,192004,50000,1000,13.464794552884996,1.3816994840017287,1.49522997684835,16.341724013735075,813.6513665493403,49
0.00073029846,0.00075628806,1.1993587,-1.2875894,0.6597346,-0.688105,-3.873058,-1.2880311,0.66014636,-0.6865202,-3.8871279,-1.2825942,0.6535293,-0.6894495,-3.7629309,0.00073029846,0.0021475574,0.01302441,4.1823434e-09,0.0007562881,0.0022201308,0.015424896,3.3981138e-09,0.03471626,0.80038434,1.0,-1.0,-0.023357711357642273,0.0414808698941153,-0.003498654891207498,-0.29576079484117496,-1.167885567882114,0.39928372459471734,-0.5710115928809402,-2.137222451124114,0.07603405,0.3389169,1.0,-1.0,20,-0.035919492253330035,0.051828236506627684,-0.0011901325310148024,-0.3019010362347744,-1.7959746126665022,0.6015229261225606,-0.6950999751322148,-2.9974517625267683,0.09905021476456591,0.42432588015345546,1.0,-1.0,0.023357711357642273,0.0414808698941153,0.29576079484117496,0.003498654891207498,0.009648019451738677,0.001942509101427636,0.01394759462366891,0.006904893283545354,0.03414862809534705,0.061734165634476174,0.48979890651041275,0.004957316711071073,0.014470168709106456,0.0032975698341496176,0.021591660182911643,0.009581182111604664,0.023357711357642273,0.0414808698941153,0.29576079484117496,0.003498654891207498,0.009648019451738677,0.001942509101427636,0.01394759462366891,0.006904893283545354,0.9,0.3,1.0,0.0,1.0,0.0,1.0,1.0,-1.167885567882114,196004,51000,1020,12.699879908948787,1.2923344470036682,1.4331214366975473,15.425335792650003,828.9932717529737,50
0.00061598164,0.00073619315,1.1616042,-1.2529191,0.64101315,-0.6888313,-3.953561,-1.2499492,0.6379016,-0.6838065,-3.9053009,-1.2537806,0.64308566,-0.6924667,-4.0760183,0.00061598164,0.0016787533,0.014995782,8.5300655e-12,0.00073619315,0.0028253593,0.029144457,9.680576e-10,0.17860503,0.7855752,1.0,-1.0,-0.027542736434228516,0.05296103176508701,-0.0021812889967875505,-0.31173606825342354,-1.3771368217114257,0.5387550834093886,-0.4641302510932699,-2.1192303862008606,0.111277595,0.35441652,1.0,-1.0,20,-0.03551698006955701,0.05162326340170623,-0.002189001044448142,-0.3083231801588017,-1.7758490034778507,0.4891752096861749,-0.9064924933375073,-2.967010306176702,0.13575265003859377,0.4116673788160588,1.0,-1.0,0.027542736434228516,0.05296103176508701,0.31173606825342354,0.0021812889967875505,0.0076421573428391235,0.0020131662739956216,0.014302364158079813,0.0055777688602211,0.03995266250226491,0.07781966900057741,0.5169368223691808,0.002413422248779676,0.011858650015989255,0.003168193627064761,0.023257906322530053,0.008609552921577918,0.027542736434228516,0.05296103176508701,0.31173606825342354,0.0021812889967875505,0.0076421573428391235,0.0020131662739956216,0.014302364158079813,0.0055777688602211,0.8714285714285714,0.3347249861102852,1.0,0.0,1.0,0.0,1.0,1.0,-1.3771368217114257,200004,52000,1040,13.373775811036467,1.2077921549935127,1.422061285149539,16.003629251179518,854.0190066281648,51
0.0007490318,0.00073031243,1.1769462,-1.2657264,0.7176253,-0.6901445,-4.3230667,-1.2626317,0.7161717,-0.68802464,-4.3313923,-1.2669764,0.7129664,-0.6946471,-4.403255,0.0007490318,0.0016500627,0.009847975,1.1626188e-08,0.00073031255,0.0016575393,0.011846455,1.4396196e-08,0.14762942,0.7614172,1.0,-1.0,-0.020451635435954407,0.04028723976366855,-0.003907872650417005,-0.3354982511519005,-1.0225817717977206,0.3865273728600624,-0.5138860645899532,-2.090924298996593,0.055809323,0.32276967,1.0,-1.0,20,-0.0338491285688643,0.051438892310369515,-0.0018947132169087177,-0.30504240650646963,-1.692456428443215,0.5741019229974131,-0.7277709672028009,-2.862916434247772,0.10078450868622629,0.42615016068943296,1.0,-1.0,0.020451635435954407,0.04028723976366855,0.3354982511519005,0.003907872650417005,0.007774776104569321,0.001806759986041439,0.011511363767106805,0.004555030156677391,0.030233648956414116,0.06212931029291587,0.577872316605627,0.005639209287576741,0.012079451027252594,0.0027820283560839217,0.017566140571691452,0.007468507160862364,0.020451635435954407,0.04028723976366855,0.3354982511519005,0.003907872650417005,0.007774776104569321,0.001806759986041439,0.011511363767106805,0.004555030156677391,0.9095238095238095,0.2868627710824578,1.0,0.0,1.0,0.0,1.0,1.0,-1.0225817717977206,204004,53000,1060,13.850733195155044,1.102089063002495,1.514248512656195,16.467070770813734,870.6079736939719,52
0.0009272571,0.000889026,1.2398262,-1.3281528,0.78800523,-0.69840395,-4.649758,-1.3271308,0.7880349,-0.70165646,-4.628248,-1.3337929,0.796752,-0.69908535,-4.618506,0.00092725706,0.001755819,0.010435979,5.9139893e-10,0.0008890261,0.0020096595,0.013484155,1.4525213e-08,0.11007462,0.80379796,1.0,-1.0,-0.02816492918417368,0.054446295575947906,-0.002245164143438687,-0.32876766479790814,-1.408246459208684,0.556168437077764,-0.6394299932938335,-2.8373776149169707,0.11931871,0.3823824,1.0,-1.0,20,-0.032953934462384184,0.05194149204479476,-0.0016037044692171281,-0.3303801467681592,-1.6476967231192092,0.5993899045430295,-0.773944493480529,-2.7229850265918834,0.11398773922672903,0.39983197517097574,1.0,-1.0,0.02816492918417368,0.054446295575947906,0.32876766479790814,0.002245164143438687,0.0074516850808727594,0.002987033226714064,0.018819175770116044,0.00417384500499348,0.04251011870179346,0.08388409130942118,0.5683742547389047,0.0034203664989399807,0.01194045832768688,0.004191680626482037,0.027074993121568802,0.007095427707528551,0.02816492918417368,0.054446295575947906,0.32876766479790814,0.002245164143438687,0.0074516850808727594,0.002987033226714064,0.018819175770116044,0.00417384500499348,0.8695238095238095,0.3368265936576435,1.0,0.0,1.0,0.0,1.0,1.0,-1.408246459208684,208004,54000,1080,13.61464208563848,1.2256689269997878,1.5166462448687525,16.35695725750702,887.0224697524536,53
0.0009081684,0.0009700863,1.259696,-1.3516934,0.7129843,-0.69970936,-4.465801,-1.3480394,0.71277684,-0.705682,-4.4603844,-1.3620383,0.7160419,-0.70986795,-4.373668,0.0009081684,0.0019730388,0.015247566,8.1173823e-10,0.0009700862,0.0022957989,0.020015098,3.9632653e-10,0.1054706,0.8034813,1.0,-1.0,-0.02420955123099071,0.04876161873794848,-0.0034864436877640693,-0.2649903908270893,-1.2104775615495356,0.33208874603905286,-0.5039612871747041,-1.828478527701648,0.09015622,0.350578,1.0,-1.0,20,-0.029335364349433662,0.04592526483916721,-0.0009800930170242358,-0.2896644293164778,-1.466768217471683,0.4839874783910834,-0.6802889275897483,-2.3916104511489573,0.08919515046694115,0.43308839799424953,1.0,-1.0,0.02420955123099071,0.04876161873794848,0.2649903908270893,0.0034864436877640693,0.006205584398338868,0.0018929613785613082,0.012515198561974156,0.003721274324012793,0.034794513572006164,0.07245113289083947,0.44371242769924635,0.004656013787238317,0.009051940410088343,0.002498800735496708,0.0161459949433356,0.0056179827817723835,0.02420955123099071,0.04876161873794848,0.2649903908270893,0.0034864436877640693,0.006205584398338868,0.0018929613785613082,0.012515198561974156,0.003721274324012793,0.8752380952380953,0.330448743199435,1.0,0.0,1.0,0.0,1.0,1.0,-1.2104775615495356,212004,55000,1100,13.476625991082983,1.2817812459979905,1.4967967320262687,16.255203969107242,903.4083826165734,54
0.0008944478,0.00079696137,1.2374938,-1.3533173,0.7535645,-0.70688546,-4.2143583,-1.3486869,0.7517201,-0.6930051,-4.2117114,-1.3486207,0.75451195,-0.6941891,-4.2646403,0.0008944478,0.002416248,0.016789684,6.896825e-08,0.00079696137,0.0022069183,0.017192634,3.6241232e-09,0.0222165,0.8109296,1.0,-1.0,-0.0230706222338817,0.05024264828393423,-0.001574529249328836,-0.30929623353908825,-1.153531111694085,0.47526719673202505,-0.34669758916910887,-2.125517448462766,0.08384799,0.37448522,1.0,-1.0,20,-0.032278556038017936,0.048852667805377836,-0.0017574534755217454,-0.3321439013046233,-1.613927801900897,0.6676802009747547,-0.6311632661514895,-3.277930916926347,0.0961782269733036,0.39665419653768136,1.0,-1.0,0.0230706222338817,0.05024264828393423,0.30929623353908825,0.001574529249328836,0.004791351678459459,0.002588011835197917,0.012337596983528626,0.0018209638555540591,0.032319384476673596,0.0733688753692121,0.4968823098978257,0.0020652161265081598,0.006853264517742355,0.003950357597835942,0.018011551915751794,0.0031050415186104907,0.0230706222338817,0.05024264828393423,0.30929623353908825,0.001574529249328836,0.004791351678459459,0.002588011835197917,0.012337596983528626,0.0018209638555540591,0.88,0.3249615361854384,1.0,0.0,1.0,0.0,1.0,1.0,-1.153531111694085,216004,56000,1120,13.519773857144173,1.4138666530052433,1.5067354198981775,16.440375930047594,919.7382358036411,55
0.000977265,0.0009167624,1.2469432,-1.3578035,0.75266105,-0.6621056,-5.0010457,-1.35811,0.75477135,-0.660413,-5.0451603,-1.3687863,0.764798,-0.65299153,-5.033301,0.0009772651,0.0030926464,0.030145638,2.5631394e-08,0.00091676234,0.0028157472,0.025196888,1.2717521e-08,0.101347834,0.8060305,1.0,-1.0,-0.023064828547482222,0.05016021322148358,-0.0016801639891925128,-0.2796851431034163,-1.1532414273741114,0.47876653994753343,-0.3072588524111638,-2.005833369014829,0.08999744,0.36174312,1.0,-1.0,20,-0.033730147583090085,0.05306164125551376,-0.0009340188320957107,-0.3107552231585725,-1.6865073791545047,0.6189672777093297,-0.7069211094947038,-2.9679061206537303,0.08530985238750197,0.41260833905909405,1.0,-1.0,0.023064828547482222,0.05016021322148358,0.2796851431034163,0.0016801639891925128,0.00457606896422484,0.0029315109298089148,0.015173621024006937,0.0016960422627344712,0.03325816498320501,0.07356063145156008,0.4395997558053474,0.002712217372983966,0.006920481240732551,0.0033351886054979506,0.01773946609492566,0.002839954120027882,0.023064828547482222,0.05016021322148358,0.2796851431034163,0.0016801639891925128,0.00457606896422484,0.0029315109298089148,0.015173621024006937,0.0016960422627344712,0.878095238095238,0.32717577986413543,1.0,0.0,1.0,0.0,1.0,1.0,-1.1532414273741114,220004,57000,1140,13.256541708833538,1.3028230920026544,1.4807261577952886,16.04009095863148,935.8257599602657,56
0.00051433966,0.0006024005,1.1659763,-1.2626154,0.6456911,-0.7147578,-4.2050104,-1.2599076,0.64456326,-0.70784676,-4.2012796,-1.2652748,0.6475469,-0.72041374,-4.138391,0.00051433966,0.0011132697,0.0065895305,1.5967316e-10,0.0006024005,0.0013159094,0.0077030053,1.038849e-08,0.068931796,0.78427327,1.0,-1.0,-0.024732905795954222,0.045530459926821795,-0.002755102961414198,-0.2677317593987707,-1.2366452897977114,0.42972258242762895,-0.5555640358887751,-2.066035964010459,0.08280294,0.36615133,1.0,-1.0,20,-0.026353669792351063,0.040333164637432105,-0.0013718977113394365,-0.26518950629201493,-1.3176834896175529,0.6185458836774675,-0.5276961871594689,-2.861167073165241,0.039009903902524956,0.38031997603883044,1.0,-1.0,0.024732905795954222,0.045530459926821795,0.2677317593987707,0.002755102961414198,0.008126112049674037,0.0013326362159031236,0.011186622483948807,0.003706434159060446,0.034873674379673814,0.06704844770924205,0.430393481617057,0.00418395610463404,0.011617970549342715,0.0022041364372191756,0.0168416590004829,0.004306446058526758,0.024732905795954222,0.045530459926821795,0.2677317593987707,0.002755102961414198,0.008126112049674037,0.0013326362159031236,0.011186622483948807,0.003706434159060446,0.8838095238095238,0.3204531938257233,1.0,0.0,1.0,0.0,1.0,1.0,-1.2366452897977114,224004,58000,1160,13.561729561784887,1.3508576950116549,1.5046565169468522,16.417243773743394,952.2184001470014,57
0.0006719057,0.0007477772,1.1709511,-1.2561051,0.58758485,-0.6718925,-4.467925,-1.2530397,0.58566564,-0.6672753,-4.4605646,-1.2563133,0.59243906,-0.6722467,-4.530726,0.0006719057,0.0013268298,0.006043482,5.985626e-09,0.0007477771,0.001887737,0.016913919,1.8828814e-09,0.11708066,0.81349695,1.0,-1.0,-0.02409083379061477,0.05191997650040026,-0.0015578304129145472,-0.2973214572258453,-1.2045416895307386,0.4019388584556631,-0.5065171662482452,-1.9929033946957988,0.08954964,0.37800524,1.0,-1.0,20,-0.035870484052948445,0.05168292655042346,-0.0013349326885243613,-0.31150736266943896,-1.7935242026474225,0.6621437661417409,-0.8880482329795513,-3.1036542244893828,0.10960793172501966,0.41331887686708313,1.0,-1.0,0.02409083379061477,0.05191997650040026,0.2973214572258453,0.0015578304129145472,0.004707101139183215,0.00206334472611091,0.01069748621666937,0.002025761022339046,0.03450871816001311,0.075798196369254,0.489060223311091,0.002555611560145582,0.007141167505886717,0.002771422190199635,0.01395412474771171,0.0032740383290630337,0.02409083379061477,0.05191997650040026,0.2973214572258453,0.0015578304129145472,0.004707101139183215,0.00206334472611091,0.01069748621666937,0.002025761022339046,0.8742857142857143,0.33152707895680655,1.0,0.0,1.0,0.0,1.0,1.0,-1.2045416895307386,228004,59000,1180,13.340921073933714,1.3264948150026612,1.5093159380339785,16.176731826970354,968.416181883993,58
0.00077892625,0.00067668443,1.1980188,-1.3017209,0.70052683,-0.64086425,-4.5095553,-1.3004198,0.7008989,-0.63264644,-4.5110745,-1.3030269,0.70509773,-0.63414866,-4.6067777,0.0007789262,0.0018913371,0.013119052,4.520416e-09,0.00067668443,0.0014559928,0.009159088,4.3536694e-09,0.13666613,0.8025518,1.0,-1.0,-0.02660764747359537,0.05394059600818019,-0.0006262140551646292,-0.335942809937408,-1.3303823736797684,0.48597392089763014,-0.4255474703881044,-2.460138183612232,0.14620471,0.3897056,1.0,-1.0,20,-0.02572191653617999,0.03844941943413249,-0.0006913720611749477,-0.24053062937564082,-1.286095826808999,0.39908724786554883,-0.6743583062888552,-1.9706677880617791,0.0721464757343774,0.384973060559233,1.0,-1.0,0.02660764747359537,0.05394059600818019,0.335942809937408,0.0006262140551646292,0.004562219450115708,0.0016889064123747437,0.00862823533032856,0.0018135862448462482,0.0389649690490253,0.08513304566988854,0.5788054231818378,0.0008970573556828787,0.006124676666835035,0.0021850774994047932,0.010938350793082502,0.002364673923356736,0.02660764747359537,0.05394059600818019,0.335942809937408,0.0006262140551646292,0.004562219450115708,0.0016889064123747437,0.00862823533032856,0.0018135862448462482,0.8733333333333333,0.33259919155377127,1.0,0.0,1.0,0.0,1.0,1.0,-1.3303823736797684,232004,60000,1200,13.387948851144756,1.3467622760072118,1.4781660000880947,16.212877127240063,984.6160629352089,59
0.00082352327,0.0008086801,1.1610353,-1.2564087,0.61148566,-0.65664333,-3.4015856,-1.2567828,0.6114122,-0.65919757,-3.3884242,-1.258544,0.60387725,-0.64322406,-3.3595603,0.0008235233,0.001683925,0.013910169,1.669855e-08,0.0008086801,0.0016195341,0.01370052,2.3119643e-08,0.03771158,0.8017115,1.0,-1.0,-0.021660957067134185,0.04258075773843836,-0.0007585904805678635,-0.27914673659535494,-1.0830478533567092,0.5885330575852922,-0.3066492978191631,-2.1932268308934866,0.10790338,0.3566478,1.0,-1.0,20,-0.03175364896832792,0.04905900305724399,-0.0013395352322676333,-0.3047933000732292,-1.587682448416396,0.5710040679220926,-0.6570072555876616,-2.8407947771913684,0.11560208101497331,0.40348751191832677,1.0,-1.0,0.021660957067134185,0.04258075773843836,0.27914673659535494,0.0007585904805678635,0.00678081836632005,0.0029186164266245024,0.015746202962731114,0.0028712426773977394,0.030129691407011588,0.06155905909400129,0.4610057816810981,0.0011657908829516561,0.009594511760528583,0.0042902847026683325,0.02096160739436559,0.004382759421736229,0.021660957067134185,0.04258075773843836,0.27914673659535494,0.0007585904805678635,0.00678081836632005,0.0029186164266245024,0.015746202962731114,0.0028712426773977394,0.900952380952381,0.2987259416398529,1.0,0.0,1.0,0.0,1.0,1.0,-1.0830478533567092,236004,61000,1220,13.482287860140787,1.3340209269954357,1.5105460220947862,16.32685480923101,1000.9463570034277,60
0.00075232144,0.00077897887,1.2146332,-1.3213987,0.6506875,-0.67285657,-4.4287043,-1.3239608,0.65090734,-0.6788357,-4.4019637,-1.3177729,0.64625746,-0.66854566,-4.38801,0.00075232144,0.0013234239,0.0071018953,8.1991004e-08,0.00077897887,0.0015102078,0.009619998,7.5240806e-08,0.08925692,0.82354146,1.0,-1.0,-0.024707766872436077,0.05292477907005086,-0.002807891607927065,-0.31248151157325715,-1.235388343621804,0.524792890129562,-0.40521683179800305,-2.3894587245794936,0.08895306,0.36542958,1.0,-1.0,20,-0.035713607276847206,0.050135013471070924,-0.0014434921158046016,-0.31893896854755704,-1.7856803638423604,0.6071426603386647,-0.6591941971993962,-3.116191989134709,0.10439095472100682,0.39898336106014964,1.0,-1.0,0.024707766872436077,0.05292477907005086,0.31248151157325715,0.002807891607927065,0.0050633510910642315,0.0016897887023339681,0.010763395121330713,0.0031694566075196407,0.03678766939312603,0.08089526236249314,0.5275847175570227,0.004287882412515875,0.007892982901731667,0.0029749826210804906,0.01758286881991819,0.004344646488313897,0.024707766872436077,0.05292477907005086,0.31248151157325715,0.002807891607927065,0.0050633510910642315,0.0016897887023339681,0.010763395121330713,0.0031694566075196407,0.8761904761904762,0.32936412315791586,1.0,0.0,1.0,0.0,1.0,1.0,-1.235388343621804,240004,62000,1240,13.027527625527,1.3380780079896795,1.44010859093396,15.80571422445064,1016.6957911258942,61
0.000652811,0.0006874541,1.1280482,-1.2185093,0.55454034,-0.69329953,-3.4220583,-1.2198654,0.55495137,-0.70942783,-3.437073,-1.2248104,0.5552969,-0.7045144,-3.4438272,0.000652811,0.0019239004,0.01791036,1.691447e-11,0.0006874541,0.0022316847,0.022810224,1.4679523e-07,0.09260634,0.8083362,1.0,-1.0,-0.021984377315992253,0.04269943863131572,-0.0025648047712163637,-0.2886018296692198,-1.0992188657996127,0.4587998618223533,-0.5130262893862919,-2.0209890712428122,0.10087999,0.34376958,1.0,-1.0,20,-0.03877695371425936,0.05615082577334054,-0.0009387192108786679,-0.318951495835124,-1.9388476857129682,1.0507836177527026,-0.7652942474617025,-5.865596808815646,0.10774849290666119,0.4231295983411607,1.0,-1.0,0.021984377315992253,0.04269943863131572,0.2886018296692198,0.0025648047712163637,0.00666071742327561,0.0017812923378530431,0.010223387612219461,0.0028309159469281386,0.03271249475997104,0.06449291399067185,0.4998534797741222,0.00396684762718888,0.010914971712070492,0.002704930279797952,0.016002346489874614,0.004805267041863487,0.021984377315992253,0.04269943863131572,0.2886018296692198,0.0025648047712163637,0.00666071742327561,0.0017812923378530431,0.010223387612219461,0.0028309159469281386,0.8952380952380953,0.3062463845869243,1.0,0.0,1.0,0.0,1.0,1.0,-1.0992188657996127,244004,63000,1260,12.89888622162107,1.2813504240039038,1.407837522783666,15.588074168408639,1032.2549512863043,62
0.00053072866,0.0006391377,1.298481,-1.3964254,0.8083463,-0.6630721,-5.0269375,-1.3956972,0.8074872,-0.6610848,-5.009949,-1.3961606,0.81210923,-0.6431307,-5.0544925,0.00053072866,0.0010804873,0.005900271,7.993606e-13,0.0006391377,0.0013934812,0.008663983,1.324722e-08,0.17926235,0.7875946,1.0,-1.0,-0.024004484101768274,0.05166716785112849,-0.0008164571552568031,-0.3519262619497064,-1.2002242050884133,0.48636302117048075,-0.4383487619626755,-2.1848659493336933,0.112302326,0.36583632,1.0,-1.0,20,-0.03941440764121862,0.05381526917095466,-0.0005004070680394835,-0.31248223936954567,-1.970720382060931,0.5987016957146897,-0.9541600065824876,-2.9969908746649883,0.11543371109945648,0.3977782492609792,1.0,-1.0,0.024004484101768274,0.05166716785112849,0.3519262619497064,0.0008164571552568031,0.0053086606317277645,0.0026821288547665763,0.01327204412535164,0.0019273975818432502,0.035372185753910504,0.07933388820480769,0.6049223439130276,0.0009508818232892291,0.0077052837191696096,0.0033348659219077322,0.01365056382398791,0.0027663156903553338,0.024004484101768274,0.05166716785112849,0.3519262619497064,0.0008164571552568031,0.0053086606317277645,0.0026821288547665763,0.01327204412535164,0.0019273975818432502,0.8809523809523809,0.32384453592227247,1.0,0.0,1.0,0.0,1.0,1.0,-1.2002242050884133,248004,64000,1280,13.10839662446233,1.2520796809985768,1.4267108741187258,15.787187179579632,1048.0946814198833,63
0.0005098968,0.0005939763,1.2089893,-1.3073442,0.7449083,-0.6852836,-4.8485904,-1.3071336,0.7430111,-0.68919647,-4.817731,-1.3118323,0.75189775,-0.69804406,-4.8621955,0.00050989684,0.0011870101,0.011266791,5.8100852e-08,0.00059397623,0.0013017259,0.010734941,1.6961454e-08,0.09238383,0.7773102,1.0,-1.0,-0.020190337092896835,0.04518432270396947,-0.0011949214415414536,-0.29602673070800073,-1.0095168546448419,0.44154403156304467,-0.23605627958805522,-1.9002407971058204,0.06615186,0.3565577,1.0,-1.0,20,-0.027218511278204967,0.039929265144248,-0.002101055420276581,-0.22841652576915125,-1.3609255639102487,0.47655434914143036,-0.4813209780843874,-2.5013909389274933,0.06208325072678918,0.37160720671911596,1.0,-1.0,0.020190337092896835,0.04518432270396947,0.29602673070800073,0.0011949214415414536,0.004296221045452038,0.001423992754280575,0.007134441661792329,0.0012240375842555201,0.029581502185545998,0.06750582401284098,0.4963402079137969,0.001948975173323056,0.00664790091808831,0.0026051942913123704,0.012316302227570852,0.0020835435953020787,0.020190337092896835,0.04518432270396947,0.29602673070800073,0.0011949214415414536,0.004296221045452038,0.001423992754280575,0.007134441661792329,0.0012240375842555201,0.8971428571428571,0.30377220251433174,1.0,0.0,1.0,0.0,1.0,1.0,-1.0095168546448419,252004,65000,1300,12.706281220875098,1.3047698370064609,1.4111288913845783,15.422179949266138,1063.4588895991328,64
0.0006953407,0.0007059451,1.2015228,-1.2965802,0.6930153,-0.6821644,-4.0221686,-1.2976725,0.6963659,-0.68072355,-4.0245485,-1.300091,0.6914806,-0.6836287,-4.014299,0.0006953407,0.0015070672,0.009799816,2.7324951e-09,0.0007059451,0.0015049732,0.008323289,1.7351809e-10,0.11572837,0.8043374,1.0,-1.0,-0.021565329138972963,0.04970697176694279,-0.0007380957788787018,-0.30850639886229925,-1.078266456948648,0.40907743657055634,-0.5199045947693537,-2.2495089184589987,0.1010984,0.3562106,1.0,-1.0,20,-0.031012029116330206,0.045629450418042984,-0.0016392518265332984,-0.318427550753372,-1.5506014558165102,0.5057520459257616,-0.7334476206070365,-2.827851218023046,0.12016723435282309,0.3993125414600637,1.0,-1.0,0.021565329138972963,0.04970697176694279,0.30850639886229925,0.0007380957788787018,0.003549444263272338,0.002531642858939027,0.014134988606352606,0.0010319475371148238,0.03190015610174734,0.07583623417220985,0.5084572124879065,0.0008818397453712878,0.005249494548535606,0.003854199875784556,0.021152826772170563,0.0013153164369058695,0.021565329138972963,0.04970697176694279,0.30850639886229925,0.0007380957788787018,0.003549444263272338,0.002531642858939027,0.014134988606352606,0.0010319475371148238,0.8819047619047619,0.3227208590011918,1.0,0.0,1.0,0.0,1.0,1.0,-1.078266456948648,256004,66000,1320,12.456425958356704,1.2468157760013128,1.3783006728772307,15.081542407235247,1078.5492880593665,65
0.0005823869,0.00060015585,1.1915506,-1.2872043,0.64942044,-0.60724825,-3.6922703,-1.2826884,0.64888006,-0.5954079,-3.6849942,-1.2856563,0.6470441,-0.6014084,-3.7167153,0.000582387,0.0013095739,0.008704976,1.5056436e-09,0.00060015585,0.0013832558,0.00961413,1.3370993e-10,0.118626654,0.79628,1.0,-1.0,-0.021641176161366116,0.044734496111865855,-0.0023565684270696738,-0.27591921059839286,-1.0820588080683062,0.47100249923994597,-0.3346264949336578,-1.9566472249977844,0.10858422,0.3300355,1.0,-1.0,20,-0.03468560006347929,0.05270879523573154,-0.0018802553995336073,-0.34522934014244566,-1.7342800031739636,0.635713932391986,-0.8633490573888657,-4.026560990369152,0.10724610281973886,0.4102314859371141,1.0,-1.0,0.021641176161366116,0.044734496111865855,0.27591921059839286,0.0023565684270696738,0.0066935107709990204,0.0033778709414724315,0.01817039722688548,0.0034847948512035606,0.030449024105319758,0.0641990151362662,0.47015243681202884,0.0036400928980012733,0.009546796217227035,0.004345216386746668,0.024681072112748614,0.005909634712292486,0.021641176161366116,0.044734496111865855,0.27591921059839286,0.0023565684270696738,0.0066935107709990204,0.0033778709414724315,0.01817039722688548,0.0034847948512035606,0.8923809523809524,0.3098986740994818,1.0,0.0,1.0,0.0,1.0,1.0,-1.0820588080683062,260004,67000,1340,12.43954347629915,1.2568347990018083,1.3962686075974489,15.092646882898407,1093.6500033493066,66
0.000820517,0.0008205195,1.2398505,-1.3445508,0.74026436,-0.6800017,-3.9863014,-1.3446426,0.7418929,-0.6896105,-3.9975932,-1.3407775,0.7401371,-0.6835435,-3.9125552,0.00082051696,0.0018122215,0.011086523,5.2223314e-08,0.0008205195,0.0018623888,0.013371379,1.3046844e-09,0.09261424,0.82808113,1.0,-1.0,-0.023110736794116796,0.048279846568666664,-0.0011947070598695303,-0.3037184296713074,-1.1555368397058396,0.5542050728223828,-0.35900321854058365,-2.5370347847310915,0.10421062,0.3718983,1.0,-1.0,20,-0.03253670308464682,0.04808755097016193,-0.0023935948643203603,-0.2781035688341987,-1.626835154232341,0.535525036100339,-0.7555690738342572,-3.1244866262409814,0.08854342091391725,0.3926722510941092,1.0,-1.0,0.023110736794116796,0.048279846568666664,0.3037184296713074,0.0011947070598695303,0.006066387955233222,0.004325923612494597,0.020066787251886164,0.0012780731271835061,0.034575676771180834,0.0777319188274475,0.5253851971744783,0.00130005413474657,0.008640472724033838,0.005940444076865377,0.02481305579605131,0.0019759880522769863,0.023110736794116796,0.048279846568666664,0.3037184296713074,0.0011947070598695303,0.006066387955233222,0.004325923612494597,0.020066787251886164,0.0012780731271835061,0.8933333333333333,0.30868898407440604,1.0,0.0,1.0,0.0,1.0,1.0,-1.1555368397058396,264004,68000,1360,13.640865850175032,1.2644153400033247,1.5056621697876835,16.41094335996604,1110.1317721922824,67
0.0013861578,0.0016275463,1.1963497,-1.2852439,0.6997425,-0.68036544,-4.086926,-1.2882768,0.69956094,-0.6666994,-4.0528245,-1.2962216,0.7177904,-0.65803736,-4.2644897,0.0013861579,0.005035851,0.034478713,6.963319e-09,0.001627546,0.0061006458,0.044802137,1.5381971e-09,0.097209506,0.807531,1.0,-1.0,-0.022409186214226183,0.044676398714901915,-0.002931506072565164,-0.291253764071468,-1.120459310711309,0.41664506547008157,-0.4667508298863925,-1.8965803466876314,0.08006692,0.36576557,1.0,-1.0,20,-0.03162915926794366,0.04534238508710673,-0.0010323028976158748,-0.2958228315505833,-1.5814579633971826,0.5107581840275723,-0.6282022708492249,-2.626274067758966,0.11999297864512168,0.4008764176001066,1.0,-1.0,0.022409186214226183,0.044676398714901915,0.291253764071468,0.002931506072565164,0.0071789811748867016,0.0018370743277123268,0.012626221347302458,0.005505131116402437,0.03365216753846436,0.06890981095258364,0.4836468355668608,0.004241291917782497,0.01135973170423811,0.003136914349352882,0.02091394250802639,0.007927498178121412,0.022409186214226183,0.044676398714901915,0.291253764071468,0.002931506072565164,0.0071789811748867016,0.0018370743277123268,0.012626221347302458,0.005505131116402437,0.8942857142857142,0.3074715848825776,1.0,0.0,1.0,0.0,1.0,1.0,-1.120459310711309,268004,69000,1380,13.917174938309472,1.335102522993111,1.5290752911096206,16.781352752412204,1126.932407094675,68
0.0007093776,0.0005642758,1.1733347,-1.259784,0.6725156,-0.65060955,-5.079842,-1.2605809,0.6733686,-0.6394794,-5.10109,-1.2592704,0.6863256,-0.64054245,-5.2029657,0.0007093776,0.0016425006,0.015159432,7.527388e-07,0.0005642757,0.0012400049,0.010378675,2.689049e-09,0.06761016,0.777002,1.0,-1.0,-0.024830530938623967,0.050552390108723595,-0.002198782179351949,-0.3363150017602021,-1.241526546931198,0.6742417719452181,-0.3243025751637344,-2.767437975784658,0.13786295,0.3665209,1.0,-1.0,20,-0.028105702719006823,0.04210590781003292,-0.0003650588452107741,-0.28321568213012166,-1.405285135950341,0.5946224132066965,-0.5708680748952053,-2.4542871583147394,0.07925661484933205,0.3728524031596323,1.0,-1.0,0.024830530938623967,0.050552390108723595,0.3363150017602021,0.002198782179351949,0.006911314272485044,0.004567569306814143,0.0243115050645572,0.0021988722150512218,0.03744933743147059,0.07849620959881537,0.5738487167961613,0.0029411979456059195,0.010948887234270628,0.006827971621344683,0.03499736974645512,0.0029412947414119983,0.024830530938623967,0.050552390108723595,0.3363150017602021,0.002198782179351949,0.006911314272485044,0.004567569306814143,0.0243115050645572,0.0021988722150512218,0.8866666666666667,0.3169998247458331,1.0,0.0,1.0,0.0,1.0,1.0,-1.241526546931198,272004,70000,1400,13.526989121266524,1.3548033760016551,1.522694496481563,16.404486993749742,1143.3080361234315,69
0.0006208247,0.00067241356,1.2326171,-1.3324816,0.8727366,-0.6962042,-5.1384497,-1.3262727,0.8685879,-0.6935343,-5.109086,-1.3290927,0.8735209,-0.6931082,-5.1683283,0.0006208247,0.0014369132,0.0119894,4.067502e-11,0.0006724136,0.0017960069,0.017404107,1.8974053e-08,0.075132705,0.79779035,1.0,-1.0,-0.021488315334399277,0.04434614281016327,-0.001448442794376911,-0.27109238953099046,-1.0744157667199639,0.46203376541580554,-0.34305221019180043,-2.252531623841679,0.06289794,0.39183143,1.0,-1.0,20,-0.03587414218949136,0.05436771410654473,-0.0005992031857807164,-0.30406806926463753,-1.793707109474568,0.5213561921198846,-0.9503825945507471,-2.7666251070970005,0.1300615611374328,0.41722962207101555,1.0,-1.0,0.021488315334399277,0.04434614281016327,0.27109238953099046,0.001448442794376911,0.005151074378946805,0.0042564469669119165,0.01679915914728095,0.0019887723606005717,0.0304785269916381,0.06494451990307692,0.4594961727819416,0.0020019089147874577,0.007520419886694115,0.005995251622965159,0.023602659052421524,0.003113883223215902,0.021488315334399277,0.04434614281016327,0.27109238953099046,0.001448442794376911,0.005151074378946805,0.0042564469669119165,0.01679915914728095,0.0019887723606005717,0.8895238095238095,0.3134823787935439,1.0,0.0,1.0,0.0,1.0,1.0,-1.0744157667199639,276004,71000,1420,13.456154076804523,1.326812321000034,1.4812013459013542,16.26416774370591,1159.5846875721472,70
0.00067427196,0.0006296846,1.1585828,-1.2565123,0.6719158,-0.63990486,-4.2477694,-1.2573805,0.6711101,-0.6540785,-4.257151,-1.2585497,0.6792856,-0.64522225,-4.300788,0.00067427196,0.0023546217,0.02238452,2.627587e-11,0.00062968465,0.0029097912,0.029646095,1.4553962e-08,0.13500781,0.78463244,1.0,-1.0,-0.023547190949764783,0.04677647641610528,-0.0025948595227676665,-0.31019898436516624,-1.1773595474882392,0.4226403156710375,-0.46882116006407487,-1.9388597140422896,0.08501784,0.3479138,1.0,-1.0,20,-0.03181583525808634,0.04891404011493871,-0.0007686198134262308,-0.29954530482720304,-1.5907917629043167,0.47031497150521356,-0.9963346958108813,-2.5746236599429606,0.10129730550742916,0.3963596406551353,1.0,-1.0,0.023547190949764783,0.04677647641610528,0.31019898436516624,0.0025948595227676665,0.0065568266711651165,0.0018017223181174507,0.010509668296565909,0.003260946365929617,0.0339660821537385,0.06864996548644557,0.521903115882119,0.0037028495457525346,0.010350612883087211,0.002826163572833005,0.01569531131423363,0.005480175745079696,0.023547190949764783,0.04677647641610528,0.31019898436516624,0.0025948595227676665,0.0065568266711651165,0.0018017223181174507,0.010509668296565909,0.003260946365929617,0.8895238095238095,0.3134823787935439,1.0,0.0,1.0,0.0,1.0,1.0,-1.1773595474882392,280004,72000,1440,13.597525373814278,1.3390900519880233,1.5005538115219679,16.43716923732427,1176.0183119614667,71
0.0008354541,0.0007978954,1.1295266,-1.2273431,0.6667241,-0.6415583,-4.6619496,-1.2289032,0.66663766,-0.65537417,-4.6741276,-1.2256424,0.66117173,-0.65787035,-4.733437,0.0008354541,0.002438663,0.021100044,6.541498e-08,0.0007978954,0.0021526227,0.017744731,1.18937024e-07,-0.023695344,0.7846045,1.0,-1.0,-0.023287758009510513,0.0490542956982504,-0.0007609330934189852,-0.2951730497984203,-1.1643879004755253,0.3922219795362981,-0.4907744920157454,-1.9932328670921513,0.097105846,0.35627806,1.0,-1.0,20,-0.02412852751914233,0.03658464210405609,-0.0011812434267274082,-0.3240695175572268,-1.2064263759571163,0.46095172057317524,-0.5318907931241014,-2.4266858660023356,0.05926274194546638,0.3732822870537332,1.0,-1.0,0.023287758009510513,0.0490542956982504,0.2951730497984203,0.0007609330934189852,0.005469349045318391,0.003512002141578017,0.014825771104133094,0.0010800454187050025,0.03442578745825457,0.07453052874986626,0.4784084799423132,0.0009516124736721754,0.008567924494475729,0.005849393009671416,0.021867983315772443,0.0014172538388648875,0.023287758009510513,0.0490542956982504,0.2951730497984203,0.0007609330934189852,0.005469349045318391,0.003512002141578017,0.014825771104133094,0.0010800454187050025,0.878095238095238,0.32717577986413543,1.0,0.0,1.0,0.0,1.0,1.0,-1.1643879004755253,284004,73000,1460,12.845811272520223,1.3348583390034037,1.4256831651437096,15.606352776667336,1191.519124725135,72
0.0005835128,0.0005361326,1.1766775,-1.281616,0.668306,-0.655917,-3.5668213,-1.2794389,0.66441566,-0.6672386,-3.5557954,-1.2691032,0.6632938,-0.64568543,-3.4744034,0.00058351277,0.0012157101,0.008541078,4.6813753e-10,0.0005361326,0.0010770146,0.0066246656,1.537046e-08,-0.040909145,0.7912183,1.0,-1.0,-0.024550312349755552,0.04815192244489933,-0.0012017878607298218,-0.3102266895590242,-1.2275156174877775,0.43571451794093763,-0.5190845568608909,-2.1194314975911266,0.088128164,0.36932197,1.0,-1.0,20,-0.03214560726379801,0.04874966625890259,-0.0010461733587854385,-0.33333530076754897,-1.6072803631899006,0.6168450415757099,-0.5770682343993,-3.032131362939212,0.10067115227003608,0.4110241703339068,1.0,-1.0,0.024550312349755552,0.04815192244489933,0.3102266895590242,0.0012017878607298218,0.006817148155031162,0.0014505633542882359,0.010475100343536048,0.0032610672172766184,0.03576558956021881,0.07127709275016852,0.49716339659211495,0.00174257545861016,0.010622226839704452,0.002566431465627991,0.016545190141438196,0.004001324004136678,0.024550312349755552,0.04815192244489933,0.3102266895590242,0.0012017878607298218,0.006817148155031162,0.0014505633542882359,0.010475100343536048,0.0032610672172766184,0.8819047619047619,0.3227208590011918,1.0,0.0,1.0,0.0,1.0,1.0,-1.2275156174877775,288004,74000,1480,12.448162420740118,1.229587113004527,1.3645365780539578,15.042286111798603,1206.575873544949,73
0.00063362473,0.00075032935,1.1776077,-1.2678037,0.74524313,-0.6397922,-4.851668,-1.2703059,0.74588114,-0.6458783,-4.814879,-1.2766284,0.7542997,-0.6450406,-4.972001,0.00063362473,0.0018069652,0.014480078,9.650927e-08,0.00075032935,0.00254568,0.024687365,4.2987836e-09,0.13015513,0.7900929,1.0,-1.0,-0.022121968543365646,0.04841932362534482,-0.0007243323028544059,-0.308889964786304,-1.1060984271682819,0.48423197626664516,-0.3886813390752244,-2.10975410340444,0.08025398,0.35773715,1.0,-1.0,20,-0.03156035055003895,0.04941219190462605,-0.0007888244558952047,-0.3117923667596959,-1.5780175275019477,0.5502045309022452,-0.6429482917317231,-2.548593684446331,0.09371976037766687,0.4254053518211399,1.0,-1.0,0.022121968543365646,0.04841932362534482,0.308889964786304,0.0007243323028544059,0.005195250708326747,0.0018642284621011333,0.011055411256970007,0.003070433945934372,0.031641175647346184,0.07091638451651898,0.49426836493298515,0.001217411109846342,0.007482663917016991,0.0031138504334931117,0.01832508273730657,0.003353767216545206,0.022121968543365646,0.04841932362534482,0.308889964786304,0.0007243323028544059,0.005195250708326747,0.0018642284621011333,0.011055411256970007,0.003070433945934372,0.8876190476190476,0.3158345673337586,1.0,0.0,1.0,0.0,1.0,1.0,-1.1060984271682819,292004,75000,1500,12.463595058274223,1.243964606008376,1.378680411115056,15.086240075397654,1221.7462195353291,74
0.0011764949,0.0011065495,1.2157595,-1.3079488,0.78238636,-0.5985379,-4.4952154,-1.3135252,0.7843051,-0.58643115,-4.5184636,-1.3098058,0.7903212,-0.5870249,-4.4658856,0.0011764948,0.0033233517,0.025053885,7.940404e-09,0.0011065495,0.0029838278,0.02054625,5.515645e-09,0.09120351,0.7913152,1.0,-1.0,-0.0216947461396467,0.045793333734066084,-0.0009897166062067847,-0.29068651944966617,-1.0847373069823352,0.4448107165007844,-0.4403457316645333,-2.0379924901726847,0.08479392,0.34754485,1.0,-1.0,20,-0.032396964439342056,0.051443073061461696,-0.0009989953152294826,-0.30763352800612837,-1.6198482219671029,0.6016267872865894,-0.6409989756721708,-2.6306350588348026,0.08953086368554879,0.395737409342309,1.0,-1.0,0.0216947461396467,0.045793333734066084,0.29068651944966617,0.0009897166062067847,0.005687299665697595,0.0038922839501789406,0.022565404432986456,0.0030449307408874273,0.030117304106290144,0.06602607634222474,0.47465938633499766,0.001289179011066413,0.008012932215553789,0.004872331465344713,0.028756072318779344,0.004696337471139234,0.0216947461396467,0.045793333734066084,0.29068651944966617,0.0009897166062067847,0.005687299665697595,0.0038922839501789406,0.022565404432986456,0.0030449307408874273,0.8904761904761904,0.31229528442037324,1.0,0.0,1.0,0.0,1.0,1.0,-1.0847373069823352,296004,76000,1520,12.406980670944904,1.3284085830091499,1.3899344599049073,15.125323713858961,1236.7798822701734,75
0.00081340224,0.0007772403,1.1696103,-1.2675736,0.6730094,-0.60759854,-4.295485,-1.2663928,0.66926825,-0.608052,-4.2800055,-1.2671452,0.67114335,-0.57788175,-4.3017874,0.00081340224,0.002113097,0.012923388,2.2669207e-07,0.00077724026,0.0019043378,0.014056661,4.432019e-08,0.068944566,0.79158854,1.0,-1.0,-0.02681214409591313,0.053962304899559,-0.000995489679359648,-0.30775226149136775,-1.3406072047956565,0.5880623747424099,-0.42055994226007803,-2.614518227412297,0.13853237,0.39685294,1.0,-1.0,20,-0.036823674332347865,0.05450176545654331,-0.000952611386514646,-0.3228011376582331,-1.8411837166173934,0.6127410386521638,-0.7636036825083923,-2.875489764464738,0.1420536434944699,0.42594966440003745,1.0,-1.0,0.02681214409591313,0.053962304899559,0.30775226149136775,0.000995489679359648,0.005411580214162321,0.003807805750607913,0.015807890851941238,0.001584338752665198,0.038436448625665226,0.0805228404525005,0.5009177836628995,0.001585613105701808,0.00796183596262975,0.005108069996659931,0.022132041699893662,0.0024730402782323357,0.02681214409591313,0.053962304899559,0.30775226149136775,0.000995489679359648,0.005411580214162321,0.003807805750607913,0.015807890851941238,0.001584338752665198,0.8676190476190476,0.33890446416012937,1.0,0.0,1.0,0.0,1.0,1.0,-1.3406072047956565,300004,77000,1540,12.562240751140052,1.2364789190032752,1.4003571382345399,15.199076808377868,1251.9723018375516,76
0.000925868,0.0008635369,1.2127451,-1.3161585,0.7017459,-0.5916436,-3.9991286,-1.3153164,0.70006704,-0.59107417,-3.9920676,-1.3067751,0.6942258,-0.591731,-3.8862555,0.000925868,0.0023200938,0.0139711425,1.2028067e-10,0.00086353696,0.0019827075,0.011196195,3.3571283e-08,0.12705879,0.8062269,1.0,-1.0,-0.018230703366646946,0.041279903203382054,-0.0026991420876411256,-0.32866393364219154,-0.911535168332347,0.4338131223730626,-0.39041288320976025,-2.3253329188220215,0.08340957,0.326744,1.0,-1.0,20,-0.03301650295258207,0.05090592927755832,-0.0005371274380573722,-0.3332449711690112,-1.6508251476291036,0.5081029473182496,-0.9027395156838474,-2.8450874459510036,0.10413005568070222,0.4154531783927251,1.0,-1.0,0.018230703366646946,0.041279903203382054,0.32866393364219154,0.0026991420876411256,0.005421460941895717,0.001981266363023525,0.012339254015233534,0.0030196164369557573,0.028069580285160833,0.06586679775976904,0.5597353130690854,0.003779493263524251,0.008254506515187313,0.003131928240268437,0.01910555858868329,0.0040186859441253,0.018230703366646946,0.041279903203382054,0.32866393364219154,0.0026991420876411256,0.005421460941895717,0.001981266363023525,0.012339254015233534,0.0030196164369557573,0.9123809523809524,0.28274007518103744,1.0,0.0,1.0,0.0,1.0,1.0,-0.911535168332347,304004,78000,1560,13.56441253722005,1.2304119650070788,1.4546183210331947,16.249442823260324,1268.194672611804,77
0.00071806205,0.00063976494,1.2235484,-1.3240662,0.7302058,-0.58658206,-4.1291294,-1.3266307,0.73138994,-0.5825335,-4.13051,-1.3199506,0.73137695,-0.5840781,-4.1358743,0.00071806205,0.0014082623,0.00938023,4.5202913e-08,0.0006397649,0.0011412329,0.0070283683,2.4238545e-08,0.075899206,0.80874217,1.0,-1.0,-0.02784268504199334,0.05116875282594886,-0.000850811982638747,-0.3196278340309954,-1.3921342520996667,0.41001174922259925,-0.4960335185867245,-2.2086496991097455,0.13621041,0.37573585,1.0,-1.0,20,-0.03306527149400941,0.05041717911037105,-0.001360602136179465,-0.3251946922916765,-1.6532635747004705,0.590677477769047,-0.8142771012367376,-2.9861277439691536,0.09496159585512966,0.40450418548882866,1.0,-1.0,0.02784268504199334,0.05116875282594886,0.3196278340309954,0.000850811982638747,0.008480961417235798,0.004421441333514734,0.02203208654385725,0.002236763508204114,0.039512910190157985,0.07541965217839992,0.5323254508291115,0.0012159412283077246,0.011720298124908667,0.005467117372135312,0.024638253172428445,0.003550804460197305,0.02784268504199334,0.05116875282594886,0.3196278340309954,0.000850811982638747,0.008480961417235798,0.004421441333514734,0.02203208654385725,0.002236763508204114,0.8676190476190476,0.33890446416012937,1.0,0.0,1.0,0.0,1.0,1.0,-1.3921342520996667,308004,79000,1580,14.030210752869607,1.203380399994785,1.517043910047505,16.750635062911897,1284.8986136107123,78
0.0005703245,0.0004881894,1.1512115,-1.2503202,0.6903912,-0.60392857,-3.9921694,-1.2505159,0.6898171,-0.6007805,-3.9706752,-1.2566941,0.6942925,-0.60215217,-4.014982,0.0005703245,0.0013622701,0.008042281,1.9559963e-09,0.00048818937,0.000985928,0.005448705,3.337499e-08,-0.0020977755,0.8030666,1.0,-1.0,-0.0287327410648319,0.05593500081745144,-0.0019282460053747365,-0.3385068120586437,-1.4366370532415953,0.5473375146589476,-0.30313182800023214,-2.404159830015911,0.10764388,0.39661378,1.0,-1.0,20,-0.029447226831428724,0.044101225922476936,-0.0016496028975931261,-0.29660512844123693,-1.4723613415714363,0.46284071830791684,-0.7647685017182335,-2.6332134286619726,0.08972390893009113,0.4090047032737227,1.0,-1.0,0.0287327410648319,0.05593500081745144,0.3385068120586437,0.0019282460053747365,0.006936448638256944,0.0032145077656776304,0.016726204344883425,0.0019335429427497456,0.04155388354717482,0.08365546442903729,0.5744409218825386,0.002525167663422867,0.009872592064719122,0.005384458415128561,0.024730023447834495,0.002525167663422867,0.0287327410648319,0.05593500081745144,0.3385068120586437,0.0019282460053747365,0.006936448638256944,0.0032145077656776304,0.016726204344883425,0.0019335429427497456,0.8638095238095238,0.34299071472196957,1.0,0.0,1.0,0.0,1.0,1.0,-1.4366370532415953,312004,80000,1600,14.09058883509715,1.1569366379990242,1.5050525498663774,16.752578022962552,1301.6939901136648,79
0.0006441531,0.00058122166,1.2422827,-1.3454722,0.89827925,-0.5585861,-4.961838,-1.3464174,0.8990564,-0.5612397,-4.960231,-1.3479023,0.90158397,-0.55086094,-4.986586,0.0006441531,0.0022007807,0.022148576,5.798597e-10,0.00058122166,0.0021244085,0.02217626,9.01554e-09,0.0048716315,0.79777175,1.0,-1.0,-0.02280076262575701,0.04969261929177605,-0.0006368697156081615,-0.3407153591562805,-1.1400381312878505,0.4335452992170312,-0.505387996629065,-2.0363844795566273,0.0964127,0.35167694,1.0,-1.0,20,-0.03350792039922552,0.05067197949997245,-0.0006929018282222709,-0.3105995970629054,-1.6753960199612763,0.5771303612758507,-0.8620909015081005,-2.915118703254946,0.09307959821737131,0.4214521853769444,1.0,-1.0,0.02280076262575701,0.04969261929177605,0.3407153591562805,0.0006368697156081615,0.005352455436017009,0.0022187910435065624,0.01096236731500869,0.0006369113948111901,0.033756330430750076,0.07677202922454462,0.5868183932372566,0.0009204390988094835,0.00831209243838187,0.003510758396735807,0.01650845545519547,0.0009204949374531646,0.02280076262575701,0.04969261929177605,0.3407153591562805,0.0006368697156081615,0.005352455436017009,0.0022187910435065624,0.01096236731500869,0.0006369113948111901,0.8838095238095238,0.3204531938257233,1.0,0.0,1.0,0.0,1.0,1.0,-1.1400381312878505,316004,81000,1620,13.840636792214355,1.2005620220006676,1.521756888992968,16.56295570320799,1318.2996314728662,80
0.00049121724,0.0004202503,1.1308316,-1.2312578,0.6258215,-0.5744914,-3.339362,-1.229415,0.62504864,-0.5801051,-3.3379338,-1.2313583,0.62515116,-0.5875742,-3.3532827,0.0004912173,0.0010140457,0.005665456,2.161471e-09,0.0004202503,0.00080921856,0.0041192276,2.688694e-08,0.07217912,0.7935596,1.0,-1.0,-0.025559746149714326,0.04379465752739737,-0.002857901506450791,-0.32827264486911434,-1.277987307485716,0.4158190835984043,-0.7253214121584205,-2.391229186568034,0.091637105,0.34623864,1.0,-1.0,20,-0.03630686831870401,0.055050185221338255,-0.0005977430046153682,-0.34524508806294457,-1.8153434159352007,0.6877883128964006,-0.7319291202437889,-3.9901347352658987,0.11786845057052155,0.42815849719362886,1.0,-1.0,0.025559746149714326,0.04379465752739737,0.32827264486911434,0.002857901506450791,0.011437584250382047,0.0017631442788548061,0.014762991754850211,0.008872107610686334,0.03718394287798468,0.0696335632700242,0.5563642015801671,0.004413738545475316,0.015740709656906143,0.0036241379167970297,0.023595162359384855,0.010223933260397527,0.025559746149714326,0.04379465752739737,0.32827264486911434,0.002857901506450791,0.011437584250382047,0.0017631442788548061,0.014762991754850211,0.008872107610686334,0.8971428571428571,0.30377220251433174,1.0,0.0,1.0,0.0,1.0,1.0,-1.277987307485716,320004,82000,1640,13.899937837879406,1.2423329169978388,1.4953306218085345,16.63760137668578,1335.099282156516,81
0.00056347536,0.00064163445,1.143572,-1.2519056,0.723032,-0.5410928,-4.0004315,-1.2521743,0.72410846,-0.5410474,-4.0165854,-1.2508752,0.72006804,-0.5379013,-4.012206,0.00056347536,0.0011247661,0.0058145104,2.9549483e-09,0.00064163445,0.0011564126,0.006400865,5.5431215e-10,0.15481587,0.7878131,1.0,-1.0,-0.027180293355870428,0.04898106131811265,-0.0017538841198306329,-0.31050395391557484,-1.3590146677935215,0.47463658589026125,-0.6100285229717306,-2.3756434002340137,0.1089808,0.38401744,1.0,-1.0,20,-0.03568570987371784,0.05344415116183374,-0.0017698500992714724,-0.29976636703717047,-1.784285493685892,0.44833313949986375,-1.0208837832509157,-2.623841849869578,0.1139930495028588,0.4185928808460504,1.0,-1.0,0.027180293355870428,0.04898106131811265,0.31050395391557484,0.0017538841198306329,0.008856706904106407,0.00222331592376149,0.014800119833133276,0.005646794745378922,0.03832382187857692,0.07380729908979985,0.535448661488793,0.0025488170812847516,0.012023816653230717,0.00361423826573541,0.020650817554570988,0.00788126067688652,0.027180293355870428,0.04898106131811265,0.31050395391557484,0.0017538841198306329,0.008856706904106407,0.00222331592376149,0.014800119833133276,0.005646794745378922,0.8790476190476191,0.3260719284058826,1.0,0.0,1.0,0.0,1.0,1.0,-1.3590146677935215,324004,83000,1660,14.156543471995974,1.4044321050023427,1.4985286402370548,17.05950421723537,1352.08735456274,82
0.0007552495,0.0006415633,1.2166095,-1.3182305,0.7832543,-0.5621288,-4.605001,-1.3161225,0.77883774,-0.55599207,-4.5623913,-1.3198278,0.7823456,-0.5555059,-4.5432034,0.0007552495,0.0016905417,0.00979703,8.2949555e-08,0.0006415632,0.001442852,0.009035382,8.690279e-09,0.2254523,0.77699643,1.0,-1.0,-0.020928461776842416,0.043784509084937466,-0.002888541212882379,-0.29252973264378646,-1.0464230888421209,0.561238523729864,-0.26838905036930566,-2.0754277475952314,0.07041019,0.35717735,1.0,-1.0,20,-0.03621134113720781,0.0558274817162882,-0.0015719882400116259,-0.301119960415615,-1.8105670568603909,0.6081264313610437,-0.7970017765180238,-2.8929512974661376,0.07004309975513007,0.40765068387281156,1.0,-1.0,0.020928461776842416,0.043784509084937466,0.29252973264378646,0.002888541212882379,0.005401349278595079,0.0014398094322654,0.01004185470272051,0.002888541212882379,0.029123107440566037,0.061231393322668005,0.44413599377699564,0.004085262398006967,0.00797124919169238,0.0025977971103394357,0.017162867912437832,0.004303054173278115,0.020928461776842416,0.043784509084937466,0.29252973264378646,0.002888541212882379,0.005401349278595079,0.0014398094322654,0.01004185470272051,0.002888541212882379,0.8952380952380953,0.3062463845869243,1.0,0.0,1.0,0.0,1.0,1.0,-1.0464230888421209,328004,84000,1680,12.741994876065291,1.3335371670109453,1.4164662241528276,15.491998267229064,1367.5352111619868,83
0.0007699932,0.00064832275,1.1792772,-1.2801824,0.7903263,-0.56587416,-4.6584954,-1.2820544,0.7931335,-0.5588334,-4.6747174,-1.2824781,0.7930882,-0.56682885,-4.728524,0.0007699932,0.001759672,0.013939823,1.43533185e-08,0.00064832275,0.0014747719,0.009819084,1.9287327e-10,0.039847486,0.8117455,1.0,-1.0,-0.021875543210054218,0.04730965258879653,-0.0011980127572693326,-0.3029080926388969,-1.093777160502711,0.47264078826071837,-0.32507520755849745,-1.9963505984974335,0.13025343,0.35842693,1.0,-1.0,20,-0.03173189085636437,0.049596047996312634,-0.0009913643526544382,-0.2857062272355478,-1.5865945428182182,0.5165945410225677,-0.6354672926398506,-2.655341461761279,0.08928807557125747,0.3850200057047054,1.0,-1.0,0.021875543210054218,0.04730965258879653,0.3029080926388969,0.0011980127572693326,0.004604492580368898,0.0018508539172626588,0.008215715698332194,0.0012148698214278358,0.03208906023084417,0.07250684550116274,0.5212530316276802,0.0018170079760924107,0.006830939488175786,0.0028381297785809063,0.013251745931725706,0.001929926909694124,0.021875543210054218,0.04730965258879653,0.3029080926388969,0.0011980127572693326,0.004604492580368898,0.0018508539172626588,0.008215715698332194,0.0012148698214278358,0.8904761904761904,0.31229528442037324,1.0,0.0,1.0,0.0,1.0,1.0,-1.093777160502711,332004,85000,1700,13.116766347229714,1.2902911549899727,1.4165182683063904,15.823575770526077,1383.3306626665144,84
0.0006755236,0.0006664953,1.1781188,-1.2772635,0.82992727,-0.5717727,-4.3477345,-1.2778792,0.8306213,-0.5813271,-4.367194,-1.2725257,0.8295854,-0.573406,-4.317027,0.00067552354,0.0015978232,0.012040674,8.645884e-09,0.00066649524,0.0015120278,0.011546836,1.4210855e-14,0.11764499,0.7793627,1.0,-1.0,-0.026613202062929282,0.05227712605889698,-0.0027542615193273893,-0.29467198207345585,-1.3306601031464642,0.5129670793455889,-0.507079963331791,-2.1611276544723976,0.121116295,0.38332495,1.0,-1.0,20,-0.034901119795398304,0.05051184189919765,-0.0015092957438749114,-0.3202901865405441,-1.7450559897699147,0.3526088617706409,-1.1786837643343935,-2.471986627834253,0.12195083163590933,0.4283577798825237,1.0,-1.0,0.026613202062929282,0.05227712605889698,0.29467198207345585,0.0027542615193273893,0.005853256833510732,0.0024580323374780223,0.014558539143266313,0.00324187585726841,0.03798370939542071,0.0805580038687912,0.5103206174299393,0.004288004177431637,0.007599168665660312,0.003181224470781061,0.018491632556013687,0.004523861571741755,0.026613202062929282,0.05227712605889698,0.29467198207345585,0.0027542615193273893,0.005853256833510732,0.0024580323374780223,0.014558539143266313,0.00324187585726841,0.8723809523809524,0.3336651409779794,1.0,0.0,1.0,0.0,1.0,1.0,-1.3306601031464642,336004,86000,1720,12.819956439139787,1.2614224649878452,1.387422269952367,15.46880117408,1398.7790370345901,85
0.00083955185,0.00088655244,1.1632667,-1.2694149,0.73524755,-0.57311416,-4.1458054,-1.2660272,0.7303643,-0.5809691,-4.1146345,-1.2707229,0.7432398,-0.5746197,-4.1152906,0.00083955185,0.003474427,0.037714858,2.1316465e-07,0.00088655244,0.0035231172,0.03741911,5.417542e-08,0.06911335,0.7920635,1.0,-1.0,-0.024564619952905747,0.0495180470577882,-0.0038789573504390347,-0.2862043932481371,-1.2282309976452876,0.48200507127835074,-0.3350939765578124,-2.01837453144488,0.10282342,0.34679604,1.0,-1.0,20,-0.03781933013971966,0.058901022114585866,-0.0018198405104815618,-0.31081244431077265,-1.8909665069859831,0.5439221913269948,-0.690633452155517,-2.744000184419922,0.10274560665239718,0.40767386780223097,1.0,-1.0,0.024564619952905747,0.0495180470577882,0.2862043932481371,0.0038789573504390347,0.006144069136678375,0.001315216175077348,0.010061488586615026,0.003901636837296573,0.03573635462910916,0.0732349745597127,0.4799484831809859,0.004875441452744123,0.009354042607030762,0.001965709283186773,0.013053996020738534,0.004875511705991233,0.024564619952905747,0.0495180470577882,0.2862043932481371,0.0038789573504390347,0.006144069136678375,0.001315216175077348,0.010061488586615026,0.003901636837296573,0.8790476190476191,0.3260719284058826,1.0,0.0,1.0,0.0,1.0,1.0,-1.2282309976452876,340004,87000,1740,13.102522069995757,1.2408011589868693,1.4203003078873735,15.76362353687,1414.6087932124647,86
0.0006443127,0.0006299841,1.1110433,-1.2131081,0.61260796,-0.6060961,-3.5885057,-1.2138158,0.61344945,-0.60135174,-3.6171815,-1.2073781,0.6108362,-0.5879042,-3.5925293,0.0006443127,0.0012587912,0.006603279,9.369842e-09,0.0006299841,0.0011460694,0.005288882,3.2423632e-08,0.026337191,0.809768,1.0,-1.0,-0.025618389186470025,0.04993963893807522,-0.0018574767264282128,-0.3209520962472296,-1.280919459323501,0.6166468140930377,-0.28409437213677297,-2.882995144317576,0.12613432,0.3744906,1.0,-1.0,20,-0.031409817105398675,0.05084087156540649,-0.0013156434997222142,-0.3078084334509562,-1.570490855269934,0.7875178175460293,-0.5765920614538157,-4.490585947292164,0.07949041280584591,0.39005281762167054,1.0,-1.0,0.025618389186470025,0.04993963893807522,0.3209520962472296,0.0018574767264282128,0.0059182577330657805,0.003977454692739515,0.017234932301586205,0.0022683785301230836,0.03593614149733907,0.0757083026240742,0.5556230342514414,0.002932357477285208,0.007955163345982065,0.006466938003973017,0.027123524630500023,0.0036331186311566385,0.025618389186470025,0.04993963893807522,0.3209520962472296,0.0018574767264282128,0.0059182577330657805,0.003977454692739515,0.017234932301586205,0.0022683785301230836,0.8742857142857143,0.33152707895680655,1.0,0.0,1.0,0.0,1.0,1.0,-1.280919459323501,344004,88000,1760,12.88240095016954,1.3073962220078101,1.4082662413420621,15.598063413519412,1430.2996824679722,87
0.0008616917,0.00089469284,1.0888071,-1.1746535,0.71474296,-0.58589,-4.0651436,-1.1742663,0.7144947,-0.57640713,-4.0486135,-1.1839134,0.72695893,-0.56816417,-4.1081104,0.0008616918,0.0023616033,0.01590739,5.21144e-08,0.00089469284,0.0028474985,0.023348229,7.191048e-08,0.04327513,0.80704117,1.0,-1.0,-0.021737113765553186,0.0485865770068834,-0.0017242843553319294,-0.2865508077144274,-1.0868556882776592,0.3742942931426121,-0.28408010799225497,-1.7258554373189265,0.09216857,0.34997824,1.0,-1.0,20,-0.02960311545557799,0.04562234738913155,-0.0017153690861502636,-0.33323804669301027,-1.4801557727788996,0.5334984096676059,-0.7860147390049175,-2.654659307591907,0.09270836400599704,0.3885969783689441,1.0,-1.0,0.021737113765553186,0.0485865770068834,0.2865508077144274,0.0017242843553319294,0.0035184420963479566,0.0006593641100818996,0.004578612287644551,0.0017245507514090182,0.030846949058466185,0.07030310459983223,0.4877169280222794,0.002936962254000544,0.005518476286696976,0.0010706832197599516,0.007182971205947256,0.0029374030084392544,0.021737113765553186,0.0485865770068834,0.2865508077144274,0.0017242843553319294,0.0035184420963479566,0.0006593641100818996,0.004578612287644551,0.0017245507514090182,0.8790476190476191,0.3260719284058826,1.0,0.0,1.0,0.0,1.0,1.0,-1.0868556882776592,348004,89000,1780,13.362397715231054,1.4013086799968733,1.4380167083145352,16.201723103542463,1446.3516858675139,88
0.00061001204,0.00071987434,1.186276,-1.2865033,0.7964,-0.5531913,-4.2299767,-1.2867504,0.8011285,-0.53827816,-4.233613,-1.2860196,0.7978916,-0.54490435,-4.3008432,0.00061001204,0.0012626785,0.007587163,1.6133445e-08,0.0007198744,0.0015659328,0.009992496,1.4510849e-08,0.043599714,0.8076001,1.0,-1.0,-0.02316175949771305,0.04696302257065374,-0.002654562908517428,-0.28277454714500505,-1.1580879748856523,0.3916288506516575,-0.3996726345704159,-1.8726458302576021,0.08997484,0.35445485,1.0,-1.0,20,-0.03822986457829648,0.05819654015313825,-0.0014657117977638847,-0.33464645321642017,-1.9114932289148245,0.7535648472796207,-0.7772875630082757,-3.5039445709238426,0.13666795645158014,0.41800577385047727,1.0,-1.0,0.02316175949771305,0.04696302257065374,0.28277454714500505,0.002654562908517428,0.006219280802810375,0.0011821969132943175,0.008365735603680828,0.004086856617045548,0.03399534969971209,0.07080988989798905,0.4843191487664247,0.0035792514004787945,0.009725673643442692,0.0018356333018039427,0.012236236000230882,0.006240055018310653,0.02316175949771305,0.04696302257065374,0.28277454714500505,0.002654562908517428,0.006219280802810375,0.0011821969132943175,0.008365735603680828,0.004086856617045548,0.8876190476190476,0.3158345673337586,1.0,0.0,1.0,0.0,1.0,1.0,-1.1580879748856523,352004,90000,1800,13.223699054156896,1.2505483749991981,1.4116222451411886,15.885869674297282,1462.3280346098036,89
0.00075010234,0.0007545925,1.1417522,-1.2447124,0.795307,-0.56936055,-4.4724455,-1.2458965,0.79799026,-0.56803536,-4.4689918,-1.2410764,0.79316723,-0.5666117,-4.5173063,0.00075010234,0.0016169208,0.011158789,3.640253e-08,0.0007545924,0.0016566182,0.0125113875,1.0684522e-07,0.0038422893,0.78543574,1.0,-1.0,-0.02174820912464888,0.04824241645582126,-0.0014107808261211304,-0.2995935877188544,-1.087410456232444,0.4781349330841291,-0.1765134267805939,-2.0074046431204264,0.087389186,0.3533764,1.0,-1.0,20,-0.03250676202874125,0.05107672619226946,-0.0016105542517356776,-0.3283627269484599,-1.6253381014370625,0.7566612578365567,-0.678492377285026,-3.798708835787929,0.09312090867920096,0.38389130784545306,1.0,-1.0,0.02174820912464888,0.04824241645582126,0.2995935877188544,0.0014107808261211304,0.004236548743591176,0.0009946735033566942,0.006854152081056388,0.0023703233799774043,0.03130896252277099,0.07205239519496906,0.49283862309110993,0.0022833598243903845,0.006288803101217491,0.0016036315305578376,0.011487156717333497,0.0034109072943291907,0.02174820912464888,0.04824241645582126,0.2995935877188544,0.0014107808261211304,0.004236548743591176,0.0009946735033566942,0.006854152081056388,0.0023703233799774043,0.8866666666666667,0.31699982474583305,1.0,0.0,1.0,0.0,1.0,1.0,-1.087410456232444,356004,91000,1820,14.262269195867702,1.3410756000084803,1.5023263450275408,17.105671140903723,1479.4074966356566,90
0.0006226192,0.0006703971,1.1741126,-1.2833619,0.86199176,-0.5943482,-4.5469036,-1.2801454,0.85958964,-0.5818639,-4.5105863,-1.2807556,0.8601399,-0.5944083,-4.562406,0.0006226191,0.0016009064,0.009063324,9.606538e-12,0.0006703971,0.001688832,0.009675147,4.3144297e-09,-0.010934566,0.80086815,1.0,-1.0,-0.01647139643155249,0.0384618307358606,-0.0007231410770660979,-0.2620350258569564,-0.8235698215776246,0.3159282728419408,-0.3481217686508672,-1.5881560299164184,0.07253938,0.32954386,1.0,-1.0,20,-0.03144275656650752,0.04859253381260469,-0.0016443160842529792,-0.3111951912884023,-1.572137828325376,0.4622250887758334,-0.792291727439011,-2.4400650198451905,0.11198923053706988,0.42075639306325396,1.0,-1.0,0.01647139643155249,0.0384618307358606,0.2620350258569564,0.0007231410770660979,0.0030373948610146495,0.0018893632289159418,0.008342115752747143,0.001344488819491917,0.0232443912836502,0.05718439592653072,0.45327502633854944,0.0011161577703793502,0.004242859600197275,0.002413670589265681,0.01124227330216146,0.0020716198413649745,0.01647139643155249,0.0384618307358606,0.2620350258569564,0.0007231410770660979,0.0030373948610146495,0.0018893632289159418,0.008342115752747143,0.001344488819491917,0.9057142857142857,0.2922258003109016,1.0,0.0,1.0,0.0,1.0,1.0,-0.8235698215776246,360004,92000,1840,12.568767439108342,1.3150611680030124,1.3870932851714315,15.270921892282786,1494.6028147379693,91
0.00083234865,0.0008573798,1.1022125,-1.1933947,0.6581796,-0.57186717,-3.7883964,-1.1988133,0.65940434,-0.58477473,-3.7630513,-1.2004734,0.66690916,-0.5755179,-3.814804,0.0008323486,0.0024250955,0.020880667,5.5487362e-08,0.0008573798,0.0020865717,0.0146304555,1.5335253e-09,0.031523112,0.7994545,1.0,-1.0,-0.022595156293556747,0.048274220375537955,-0.002222428162537526,-0.27924848487611925,-1.1297578146778369,0.4229140295028763,-0.3878446337671886,-1.9154145260811684,0.08727949,0.34462368,1.0,-1.0,20,-0.029698578098299025,0.04516248344219136,-0.0011843248837743933,-0.26453003800628444,-1.4849289049149512,0.42875131811858186,-0.7885711988935468,-2.3959814909249753,0.06807489513662482,0.39307381306983125,1.0,-1.0,0.022595156293556747,0.048274220375537955,0.27924848487611925,0.002222428162537526,0.0047597297900257175,0.0017519849529812474,0.009792921193867854,0.0022245069248486094,0.031961824140142925,0.06998177798195886,0.46183175625572515,0.003683845945907191,0.0071030485144067705,0.002298886031578795,0.013651890964730934,0.003755374445844714,0.022595156293556747,0.048274220375537955,0.27924848487611925,0.002222428162537526,0.0047597297900257175,0.0017519849529812474,0.009792921193867854,0.0022245069248486094,0.8771428571428571,0.3282731565421127,1.0,0.0,1.0,0.0,1.0,1.0,-1.1297578146778369,364004,93000,1860,12.547137814763119,1.2397065539989853,1.4024240948056104,15.189268463567714,1509.8673321625247,92
0.00082065177,0.00067925634,1.0750232,-1.178409,0.6544275,-0.60214806,-4.1695,-1.1753987,0.651855,-0.58374214,-4.153029,-1.171402,0.646853,-0.58543926,-4.223916,0.00082065177,0.002702949,0.021883186,3.3015226e-09,0.0006792563,0.0020780093,0.018090835,2.9484717e-09,0.11113987,0.7835394,1.0,-1.0,-0.022072857516550363,0.04893478064765867,-0.001676931613126455,-0.2962972555189192,-1.1036428758275183,0.478096312456778,-0.2545246087871901,-2.1911959341360525,0.09551773,0.3561189,1.0,-1.0,20,-0.036393208714884946,0.056698935912500116,-0.0014902387712664572,-0.3225777451439317,-1.8196604357442474,0.5939753339668618,-0.8317197556258926,-3.7849147042035,0.10733737892646623,0.4266805916690728,1.0,-1.0,0.022072857516550363,0.04893478064765867,0.2962972555189192,0.001676931613126455,0.0034109677065057463,0.0011600963193371641,0.007628405930687147,0.0020530543108176038,0.031857924623351616,0.07288330292286394,0.5032146458102522,0.002411825345054408,0.005255467369558488,0.0015227136124943406,0.010501603614883337,0.003356809476838099,0.022072857516550363,0.04893478064765867,0.2962972555189192,0.001676931613126455,0.0034109677065057463,0.0011600963193371641,0.007628405930687147,0.0020530543108176038,0.8828571428571429,0.32159043543498816,1.0,0.0,1.0,0.0,1.0,1.0,-1.1036428758275183,368004,94000,1880,12.648619764251634,1.3152657269965857,1.3941394120338373,15.358024903282057,1525.171650563745,93
0.00063334417,0.0006101258,1.0445294,-1.1433699,0.6072467,-0.56467265,-3.3691585,-1.1441337,0.6096851,-0.5616108,-3.379931,-1.1492443,0.61104554,-0.56487453,-3.4029217,0.0006333441,0.0015188003,0.010370127,3.868905e-12,0.0006101257,0.0012945173,0.010115876,3.1719907e-07,0.015533298,0.800662,1.0,-1.0,-0.02769194293079964,0.053222659526101966,-0.0057577330882775815,-0.32734387171321705,-1.384597146539982,0.3892274233417761,-0.6474356622741655,-2.2816431932031933,0.10430212,0.3683123,1.0,-1.0,20,-0.03259712355067705,0.05160814907711348,-0.001232843788126609,-0.3098196435499049,-1.6298561775338523,0.6244259840029287,-0.7191112052977743,-3.0929290252507937,0.10763013211798038,0.4011936403780938,1.0,-1.0,0.02769194293079964,0.053222659526101966,0.32734387171321705,0.0057577330882775815,0.007320596463471238,0.0011339152241400677,0.010097765719507714,0.005813412851902174,0.03905056449921737,0.08152820997452605,0.561105453606292,0.0066971630054460385,0.009070172837274189,0.000673234339121848,0.010855034283127007,0.008117555245373054,0.02769194293079964,0.053222659526101966,0.32734387171321705,0.0057577330882775815,0.007320596463471238,0.0011339152241400677,0.010097765719507714,0.005813412851902174,0.8685714285714285,0.33786846855073105,1.0,0.0,1.0,0.0,1.0,1.0,-1.384597146539982,372004,95000,1900,12.77191817923449,1.261361693002982,1.397130732992082,15.430410605229554,1540.6070220919792,94
0.0007589725,0.0007687013,1.0263712,-1.1260456,0.6057414,-0.56369865,-3.7120357,-1.1287973,0.6081367,-0.5625327,-3.7236836,-1.1266031,0.6123341,-0.55906296,-3.8023598,0.0007589725,0.0020421776,0.018063394,1.537046e-10,0.0007687013,0.0019183063,0.015892688,4.075591e-08,-0.0043788054,0.8082182,1.0,-1.0,-0.021934559404354476,0.047580688748557885,-0.0017885131653715435,-0.2947802135981808,-1.096727970217724,0.5080470285685978,-0.2919452237248675,-2.0062526789046418,0.100716814,0.3466718,1.0,-1.0,20,-0.027580623709855267,0.040718622798737704,-0.0020570437894859394,-0.24754458726414,-1.3790311854927633,0.4581680711361427,-0.5990155135247001,-2.267146515127534,0.08434408404721308,0.3769670871687517,1.0,-1.0,0.021934559404354476,0.047580688748557885,0.2947802135981808,0.0017885131653715435,0.004125090603250524,0.0009651287355397648,0.007305235857491099,0.0028430009324451186,0.030192614028108085,0.06713412846864741,0.47369252644030774,0.0026346541982884414,0.0058819127798166474,0.0010694255768244744,0.009293129774777975,0.0040663710546905985,0.021934559404354476,0.047580688748557885,0.2947802135981808,0.0017885131653715435,0.004125090603250524,0.0009651287355397648,0.007305235857491099,0.0028430009324451186,0.88,0.32496153618543844,1.0,0.0,1.0,0.0,1.0,1.0,-1.096727970217724,376004,96000,1920,12.753688530807267,1.266547734994674,1.3911060919926967,15.411342357794638,1556.0231876477774,95
0.0007268186,0.00072694477,1.0814613,-1.1647099,0.73221254,-0.58524543,-4.9828815,-1.1681094,0.73060656,-0.59010136,-4.9901514,-1.1617278,0.7283979,-0.58246857,-4.980039,0.0007268186,0.0022146653,0.019902462,1.0842914e-08,0.0007269449,0.0015296425,0.008249499,8.5579416e-08,0.03262918,0.7849793,1.0,-1.0,-0.020875403947334482,0.046089557103446414,-0.001459846774114812,-0.2923147089136696,-1.0437701973667242,0.4598379747149608,-0.28634287514463885,-1.858519711703741,0.0770112,0.3573355,1.0,-1.0,20,-0.033768066648280866,0.05103716844440526,-0.0012225367535722135,-0.3261769947836919,-1.6884033324140433,0.5319715327243287,-0.6350788156027403,-2.725911995767274,0.10051580494773918,0.4202716328226273,1.0,-1.0,0.020875403947334482,0.046089557103446414,0.2923147089136696,0.001459846774114812,0.004083514308385413,0.00155547237742982,0.00842574377901162,0.0026104424257191922,0.029801607913289074,0.06727213554688502,0.4718533174585371,0.0020497908246965013,0.006303630448520693,0.002415820841198945,0.013505899627570317,0.004086944654491498,0.020875403947334482,0.046089557103446414,0.2923147089136696,0.001459846774114812,0.004083514308385413,0.00155547237742982,0.00842574377901162,0.0026104424257191922,0.8895238095238095,0.3134823787935439,1.0,0.0,1.0,0.0,1.0,1.0,-1.0437701973667242,380004,97000,1940,12.977610496091074,1.2718187010032125,1.4185895600676304,15.668018757161917,1571.7784726799728,96
0.00080496003,0.0007561367,1.0955286,-1.1989983,0.7052937,-0.60292387,-3.5559545,-1.1989654,0.70561874,-0.6047936,-3.5287025,-1.1969284,0.71354926,-0.60277885,-3.5419466,0.00080496,0.0019984054,0.01393121,3.480558e-10,0.0007561367,0.0018086239,0.013532537,7.342079e-08,-0.047854614,0.79835945,1.0,-1.0,-0.027480809185697844,0.05086472158340406,-0.001711686061145173,-0.3257271019881393,-1.3740404592848923,0.5007881606258869,-0.7928603653247471,-2.165500220577036,0.09417521,0.35396668,1.0,-1.0,20,-0.03333090038764362,0.04953800206121876,-0.00044505495891811636,-0.28686688933229026,-1.6665450193821811,0.5052215455280556,-0.6001607477779132,-2.4641250093989497,0.12833650634235047,0.4239352584787176,1.0,-1.0,0.027480809185697844,0.05086472158340406,0.3257271019881393,0.001711686061145173,0.009037570123171804,0.0010007806242435825,0.01136898288879371,0.007511034840204909,0.03814867182018196,0.07643591871351717,0.5631551792867904,0.0023797602096070625,0.011594026938090937,0.0012980139536305072,0.014152823695912586,0.007722020189464093,0.027480809185697844,0.05086472158340406,0.3257271019881393,0.001711686061145173,0.009037570123171804,0.0010007806242435825,0.01136898288879371,0.007511034840204909,0.8761904761904762,0.32936412315791586,1.0,0.0,1.0,0.0,1.0,1.0,-1.3740404592848923,384004,98000,1960,13.22988261791761,1.3602905570005532,1.4646914868353633,16.054864661753527,1587.733551104684,97
0.0006054245,0.0003187566,1.0575004,-1.1463103,0.70708495,-0.58532244,-4.119956,-1.145688,0.7006197,-0.582674,-3.9836972,-1.144549,0.70146334,-0.5789957,-4.0393496,0.0006054245,0.0021611827,0.02230241,1.8468462e-09,0.00031875656,0.00081863604,0.006560165,1.8679632e-08,0.09284559,0.7927491,1.0,-1.0,-0.024020740546296382,0.049322353632500156,-0.002361369210761809,-0.27911659503906633,-1.2010370273148192,0.3875178024765197,-0.5635752266033409,-1.837406962906851,0.08937911,0.37906125,1.0,-1.0,20,-0.032604865869022066,0.04998518884487491,-0.0008366522727415908,-0.3177134263959891,-1.630243293451103,0.6217845106193128,-1.0177791746242857,-3.736790876295484,0.1058842072235527,0.40945485685949773,1.0,-1.0,0.024020740546296382,0.049322353632500156,0.27911659503906633,0.002361369210761809,0.004873480847281964,0.0022675742866539216,0.012925043497361618,0.0024630739834204957,0.033475618502540924,0.07115408495503864,0.4705779353387149,0.002930966870499297,0.007200858567445029,0.003414394467794908,0.019006675195193168,0.0039352391524504204,0.024020740546296382,0.049322353632500156,0.27911659503906633,0.002361369210761809,0.004873480847281964,0.0022675742866539216,0.012925043497361618,0.0024630739834204957,0.8714285714285714,0.33472498611028517,1.0,0.0,1.0,0.0,1.0,1.0,-1.2010370273148192,388004,99000,1980,12.706838709971635,1.2595893260004232,1.4458480483153835,15.412276084287441,1603.4887706379668,98
0.0006630872,0.0007595322,1.1165739,-1.2198684,0.66540045,-0.6028479,-4.0890303,-1.227693,0.6725075,-0.6030727,-4.111871,-1.2243484,0.66315484,-0.5952839,-3.9970121,0.00066308724,0.001527862,0.0105962185,4.7072035e-08,0.00075953227,0.0019311038,0.014547519,8.599841e-10,0.1562483,0.78820354,1.0,-1.0,-0.0215656901380393,0.049567403033407995,-0.001251174901023383,-0.30380032324172335,-1.0782845069019653,0.5561215743076702,-0.34648001989750143,-2.36420535179801,0.05996946,0.36164632,1.0,-1.0,20,-0.035254744256678405,0.053334868286007635,-0.0015802169039953,-0.2964766755234348,-1.7627372128339207,0.5265113056277191,-0.8797819350357791,-3.1268810241072935,0.08120959731745053,0.42326164320541376,1.0,-1.0,0.0215656901380393,0.049567403033407995,0.30380032324172335,0.001251174901023383,0.0034188061307341413,0.001196140096407938,0.006458025884694358,0.001991197966390123,0.030648268709637584,0.07435408706269017,0.5192735296942764,0.0018360231373756464,0.004530109948052413,0.0017256324849229314,0.009552038466701218,0.0028586771567752703,0.0215656901380393,0.049567403033407995,0.30380032324172335,0.001251174901023383,0.0034188061307341413,0.001196140096407938,0.006458025884694358,0.001991197966390123,0.8866666666666667,0.31699982474583305,1.0,0.0,1.0,0.0,1.0,1.0,-1.0782845069019653,392004,100000,2000,14.86380910576554,1.6078685030079214,1.6192459582962329,18.090923567069694,1621.2388590620394,99
0.00083200564,0.00081313157,1.098216,-1.1953502,0.73662674,-0.60097545,-4.2570424,-1.1987598,0.73534733,-0.60381377,-4.2345185,-1.1991589,0.7391284,-0.6150818,-4.309518,0.00083200564,0.002539832,0.023484679,4.039572e-08,0.00081313157,0.0027765704,0.025106821,2.0208635e-08,0.16134267,0.778042,1.0,-1.0,-0.024323713814136113,0.04944678240969778,-0.0009271593131807702,-0.3034546361709669,-1.2161856907068056,0.4849137479080191,-0.48927027237924403,-2.2500722084961176,0.11139817,0.3941919,1.0,-1.0,20,-0.033334691838699027,0.05206734600257671,-0.00019485564948235504,-0.3168718325085792,-1.6667345919349514,0.548346706030722,-0.7821991674102449,-2.8456123436321583,0.0972291915251811,0.39622038638313556,1.0,-1.0,0.024323713814136113,0.04944678240969778,0.3034546361709669,0.0009271593131807702,0.005279443520450742,0.000984265283644479,0.008539103343685336,0.003192859097251322,0.03553505755515189,0.07678144693661156,0.5248547125210234,0.0014629000401821385,0.007184483879304593,0.001405469733548815,0.01146521920177443,0.0046304111518885305,0.024323713814136113,0.04944678240969778,0.3034546361709669,0.0009271593131807702,0.005279443520450742,0.000984265283644479,0.008539103343685336,0.003192859097251322,0.88,0.3249615361854384,1.0,0.0,1.0,0.0,1.0,1.0,-1.2161856907068056,396004,101000,2020,13.234453622979345,1.2618597610126017,1.45268849216518,15.949001876157126,1637.2271184012207,100
0.00068885233,0.00058714155,1.1176741,-1.2182755,0.7938245,-0.63074124,-4.3019714,-1.2178016,0.7952697,-0.62141716,-4.3186812,-1.2220598,0.7968304,-0.63513225,-4.4136066,0.00068885233,0.0018311499,0.015889803,8.5353946e-11,0.00058714155,0.0016461558,0.013862407,3.2878376e-09,0.048972994,0.80090255,1.0,-1.0,-0.02514447927898857,0.052110116382673044,-0.0019256717197037648,-0.3075191408891567,-1.2572239639494285,0.46670900697530787,-0.32721289924794755,-2.1425426954999813,0.09004075,0.37513074,1.0,-1.0,20,-0.035117356768910375,0.052304603598640385,-0.0013782730284187669,-0.3071278439239761,-1.7558678384455189,0.506423547243059,-0.8993902819303095,-2.8436646411310504,0.11227916531375376,0.412649326525601,1.0,-1.0,0.02514447927898857,0.052110116382673044,0.3075191408891567,0.0019256717197037648,0.004898373958759809,0.0016935181557960104,0.008794969981209176,0.002027569021184,0.035918778339927106,0.076410940989232,0.5010622556144742,0.003170016300620887,0.007702851524229805,0.002702033523693393,0.014333331482393033,0.003170016300620887,0.02514447927898857,0.052110116382673044,0.3075191408891567,0.0019256717197037648,0.004898373958759809,0.0016935181557960104,0.008794969981209176,0.002027569021184,0.8704761904761905,0.3357787847530714,1.0,0.0,1.0,0.0,1.0,1.0,-1.2572239639494285,400004,102000,2040,13.765278063045116,1.301436403999105,1.4702372692117933,16.536951736256015,1664.6267163194425,101
0.0005283224,0.0006753269,1.0547545,-1.147769,0.7001542,-0.64293987,-4.0526886,-1.144474,0.6974749,-0.6441872,-4.052419,-1.1480925,0.70487785,-0.64364725,-4.1143727,0.0005283224,0.001668488,0.014634032,1.9244908e-09,0.0006753269,0.0021308495,0.015633764,9.829506e-10,-0.032714445,0.79745644,1.0,-1.0,-0.024173176771951122,0.04786683307854747,-0.0020322865078805158,-0.32170674761048984,-1.2086588385975559,0.4661581371298393,-0.7400641596171986,-2.176453171873125,0.14232889,0.37536612,1.0,-1.0,20,-0.034814046398986456,0.05195220824392759,-0.00186553414156075,-0.33328019059022734,-1.7407023199493232,0.7119140738261744,-0.6385521787277186,-3.255148889713784,0.1371328561556496,0.40344962123436423,1.0,-1.0,0.024173176771951122,0.04786683307854747,0.32170674761048984,0.0020322865078805158,0.005302813939796971,0.0025586297544754302,0.01307500415636701,0.0020508679104108223,0.035663635231418946,0.07379958121172929,0.5530387909760068,0.0025201593075376005,0.008152389659423831,0.0040456525634136745,0.019671864154856902,0.0025467280449987043,0.024173176771951122,0.04786683307854747,0.32170674761048984,0.0020322865078805158,0.005302813939796971,0.0025586297544754302,0.01307500415636701,0.0020508679104108223,0.8790476190476191,0.3260719284058826,1.0,0.0,1.0,0.0,1.0,1.0,-1.2086588385975559,404004,103000,2060,14.052104345842963,1.174540298001375,1.4943157220841385,16.720960365928477,1681.3683219783707,102
0.0009565527,0.00088094705,1.1399336,-1.237721,0.7433551,-0.6281425,-4.273101,-1.2374507,0.74083275,-0.6362395,-4.2305946,-1.2402484,0.7454242,-0.63813007,-4.2191615,0.0009565527,0.0025388862,0.018766476,3.9065128e-08,0.0008809471,0.002285506,0.01823356,5.684342e-10,-0.022500463,0.79193926,1.0,-1.0,-0.022646070337935285,0.048226876796419293,-0.000846476835707312,-0.2902995315672121,-1.132303516896764,0.42903680116108267,-0.4462906512619785,-2.0081419985738798,0.09944116,0.36351985,1.0,-1.0,20,-0.03352679950517774,0.04875788292260754,-0.001079634680080551,-0.2664945549523404,-1.676339975258887,0.5892355943288056,-0.6339397672961711,-3.166947153230776,0.08104585979220888,0.4183302094950086,1.0,-1.0,0.022646070337935285,0.048226876796419293,0.2902995315672121,0.000846476835707312,0.004123582369537239,0.0025472819058374578,0.01360628661424225,0.0012007636900957421,0.03183224216773065,0.07099622988476516,0.4768917410655766,0.0013775717193793974,0.005975088240034106,0.0037596544698748485,0.019934789978187865,0.0016958233479949097,0.022646070337935285,0.048226876796419293,0.2902995315672121,0.000846476835707312,0.004123582369537239,0.0025472819058374578,0.01360628661424225,0.0012007636900957421,0.878095238095238,0.32717577986413543,1.0,0.0,1.0,0.0,1.0,1.0,-1.132303516896764,408004,104000,2080,13.932322960055899,1.1959202029975131,1.4891409039410064,16.61738406699442,1698.002372556337,103
0.0012192926,0.0010233241,1.1861202,-1.283902,0.86043435,-0.6205447,-4.842132,-1.2813385,0.8593552,-0.6186054,-4.8313885,-1.2812486,0.8697448,-0.6314872,-4.9667697,0.0012192926,0.0034348497,0.027822407,6.815668e-10,0.0010233242,0.0028105222,0.018328074,2.1709866e-08,0.013017443,0.7932126,1.0,-1.0,-0.023231517491729175,0.0514781447544645,-0.0011789819792596785,-0.31858048065028405,-1.1615758745864586,0.4823302797884236,-0.406328475282185,-2.055763643581287,0.101740144,0.36072567,1.0,-1.0,20,-0.028763568520164484,0.04364403074403483,-0.000432816956579243,-0.30621472357511065,-1.4381784260082244,0.49885383201393324,-0.6439239356951597,-2.7933197675985295,0.07281377941123142,0.38662065452712996,1.0,-1.0,0.023231517491729175,0.0514781447544645,0.31858048065028405,0.0011789819792596785,0.0036680981462587046,0.001941417883084318,0.00766110306967677,0.0012554561869456981,0.03273286745487969,0.07460703149631183,0.5340517876054369,0.0018743455956656135,0.005705544878269838,0.003161657158963213,0.012636592100401384,0.001911015502394059,0.023231517491729175,0.0514781447544645,0.31858048065028405,0.0011789819792596785,0.0036680981462587046,0.001941417883084318,0.00766110306967677,0.0012554561869456981,0.8761904761904762,0.32936412315791586,1.0,0.0,1.0,0.0,1.0,1.0,-1.1615758745864586,412004,105000,2100,13.278478726162575,1.2126358450041153,1.4065815349604236,15.897696106127114,1713.9251914284687,104
0.0008107781,0.00080387254,1.1306884,-1.2313721,0.7364842,-0.61082333,-3.9518158,-1.2307351,0.7362684,-0.6288482,-3.9697769,-1.2255776,0.72881496,-0.61631864,-4.007972,0.0008107781,0.0022618165,0.01641576,6.8780537e-12,0.00080387254,0.0022857327,0.01883179,1.7619787e-08,0.10714993,0.7937408,1.0,-1.0,-0.019671058848240722,0.04681996778168727,-0.000588449857082276,-0.28910881150360346,-0.9835529424120362,0.4109122457467213,-0.3364295775023049,-1.6669776831063237,0.084385835,0.3457686,1.0,-1.0,20,-0.029622641023961956,0.04426747148908282,-0.001141632340745928,-0.3048283095704453,-1.4811320511980974,0.5881330070033157,-0.6807991094899439,-2.6860782101249656,0.10142494616620992,0.37263539549738756,1.0,-1.0,0.019671058848240722,0.04681996778168727,0.28910881150360346,0.000588449857082276,0.0035960696590873996,0.0014620611668645829,0.0059464203003670455,0.000588449857082276,0.029692180993641903,0.07233334144118261,0.4744197524612635,0.0008998568396982876,0.005620686782894735,0.0023753504322099254,0.009827630329842636,0.0008998568396982876,0.019671058848240722,0.04681996778168727,0.28910881150360346,0.000588449857082276,0.0035960696590873996,0.0014620611668645829,0.0059464203003670455,0.000588449857082276,0.8961904761904762,0.305013289179281,1.0,0.0,1.0,0.0,1.0,1.0,-0.9835529424120362,416004,106000,2120,12.829479853258817,1.2368828500038944,1.3955567692028126,15.461919472465524,1729.4108230579295,105
0.00074333086,0.00067031593,1.0957031,-1.1980542,0.6468053,-0.6240467,-3.5258446,-1.1939425,0.64678425,-0.60646826,-3.5183225,-1.2008919,0.64453423,-0.6270201,-3.5677059,0.0007433308,0.002146835,0.016343502,2.9059777e-10,0.00067031593,0.0016580605,0.012749698,7.604118e-09,0.02832982,0.81110275,1.0,-1.0,-0.0221700272722824,0.0491344876497347,-0.0006627359693805265,-0.32160537611010886,-1.1085013636141199,0.5577139327205249,-0.37614992400209235,-2.8382129745127944,0.0900335,0.35942036,1.0,-1.0,20,-0.03075871259021998,0.04449138545557698,-0.0018843411446455682,-0.2671033569050427,-1.537935629510999,0.39337908245247744,-0.7147053539904134,-2.3082707254746153,0.05836305743414969,0.3932002340337116,1.0,-1.0,0.0221700272722824,0.0491344876497347,0.32160537611010886,0.0006627359693805265,0.0036391408376804215,0.0036797117100274648,0.018931389477654208,0.0008841448010988484,0.03166229661194482,0.07305794831231918,0.553435249637668,0.0010562439624924591,0.005289933855041053,0.004909467919397651,0.025300721603814094,0.001409223298492468,0.0221700272722824,0.0491344876497347,0.32160537611010886,0.0006627359693805265,0.0036391408376804215,0.0036797117100274648,0.018931389477654208,0.0008841448010988484,0.8790476190476191,0.3260719284058826,1.0,0.0,1.0,0.0,1.0,1.0,-1.1085013636141199,420004,107000,2140,13.083088600935298,1.2616661749925697,1.4196326075179968,15.764387383445865,1745.196794289397,106
0.000594768,0.00053848815,1.0664775,-1.1583923,0.6015344,-0.63810736,-3.239325,-1.1572276,0.60015804,-0.642045,-3.2436128,-1.1588974,0.60826147,-0.6303206,-3.2839642,0.000594768,0.0013977289,0.009022673,1.5102728e-09,0.00053848815,0.001186257,0.006380186,1.6235049e-09,0.060564663,0.76654917,1.0,-1.0,-0.025142864809957696,0.053206367344641826,-0.0013006183827088036,-0.3041287236371457,-1.2571432404978846,0.485894066445245,-0.4709473781364869,-2.373162740548936,0.11968314,0.3950433,1.0,-1.0,20,-0.030576648414661615,0.04567791035382713,-0.0004818436110028913,-0.26267231608778774,-1.5288324207330812,0.3891954778620686,-0.8733488480677776,-2.3675478715471345,0.05575718267870846,0.3865539263105532,1.0,-1.0,0.025142864809957696,0.053206367344641826,0.3041287236371457,0.0013006183827088036,0.003725968927094505,0.0017459702845674721,0.00948547957055236,0.0013006183827088036,0.03636837247754256,0.07966978633899278,0.48302398226504945,0.0017189056780480272,0.005211429034291244,0.002202288780765906,0.01120714250769117,0.0017189056780480272,0.025142864809957696,0.053206367344641826,0.3041287236371457,0.0013006183827088036,0.003725968927094505,0.0017459702845674721,0.00948547957055236,0.0013006183827088036,0.8685714285714285,0.337868468550731,1.0,0.0,1.0,0.0,1.0,1.0,-1.2571432404978846,424004,108000,2160,12.904974306569784,1.2827361069939798,1.4132850699534174,15.600995483517181,1760.8702372669068,107
0.00078195345,0.0006525387,1.1257501,-1.2206097,0.7806652,-0.6484757,-4.6144247,-1.2172782,0.7792701,-0.6524346,-4.653612,-1.2108028,0.7787055,-0.65068066,-4.6741486,0.00078195357,0.0016112506,0.0087147,1.6331256e-09,0.0006525387,0.001375965,0.007112367,1.6883916e-10,0.04414816,0.7813913,1.0,-1.0,-0.022313050417660248,0.04207773642155431,-0.002568324237430955,-0.3086795921323234,-1.1156525208830121,0.4284368293738408,-0.4975736718018291,-2.096202244233719,0.09050764,0.3434653,1.0,-1.0,20,-0.03459931108243292,0.05075567520089089,-0.001885890774519378,-0.31430445661499207,-1.7299655541216459,0.6440250646083716,-0.6333936914852021,-3.064698691380702,0.11126320142470034,0.40492202881093126,1.0,-1.0,0.022313050417660248,0.04207773642155431,0.3086795921323234,0.002568324237430955,0.008084825899497968,0.0014890031049605626,0.011307636246518378,0.004485593912978604,0.03193794902801213,0.06155108691619325,0.5279601757267327,0.003914070689589821,0.01199949719744883,0.0023633174792992233,0.016158538661092358,0.007188965752119664,0.022313050417660248,0.04207773642155431,0.3086795921323234,0.002568324237430955,0.008084825899497968,0.0014890031049605626,0.011307636246518378,0.004485593912978604,0.8980952380952381,0.3025230262408065,1.0,0.0,1.0,0.0,1.0,1.0,-1.1156525208830121,428004,109000,2180,13.008730550907785,1.3562943400029326,1.3896022299304605,15.754627120841178,1776.5654499537195,108
0.0008060733,0.00068494154,1.0847708,-1.1738805,0.6846075,-0.64577276,-4.579882,-1.1746967,0.686563,-0.6404127,-4.612349,-1.1775008,0.6919211,-0.64609945,-4.5959415,0.0008060733,0.0020124116,0.012470086,3.52518e-08,0.00068494154,0.0017196905,0.011553037,8.083454e-10,0.113198735,0.77411443,1.0,-1.0,-0.020456892293690587,0.04509632449462374,-0.0011722593482970676,-0.2888563403363455,-1.0228446146845294,0.493452848936252,-0.31683650544540937,-1.9160210544560667,0.110594414,0.34663925,1.0,-1.0,20,-0.03134996449483217,0.04735309521244266,-0.0012829170457369075,-0.31929444849871574,-1.5674982247416083,0.6075007058902714,-0.7537590935931958,-3.023208895171504,0.10471795871140235,0.38138307923126097,1.0,-1.0,0.020456892293690587,0.04509632449462374,0.2888563403363455,0.0011722593482970676,0.005057653388929491,0.0016188547742371755,0.007635519606314733,0.002219646726389966,0.029161738577176743,0.06720531389759157,0.49546143422072353,0.0018931672305246422,0.007100007461131127,0.002764327905918674,0.013088497222494444,0.0034433403325689615,0.020456892293690587,0.04509632449462374,0.2888563403363455,0.0011722593482970676,0.005057653388929491,0.0016188547742371755,0.007635519606314733,0.002219646726389966,0.8961904761904762,0.305013289179281,1.0,0.0,1.0,0.0,1.0,1.0,-1.0228446146845294,432004,110000,2200,12.910013668224565,1.2958310510002775,1.397254842275288,15.60309956150013,1792.1188929162163,109
0.00082771276,0.00077594427,1.1734381,-1.2653937,0.78282976,-0.6399129,-5.204492,-1.2676823,0.7844184,-0.64206135,-5.198108,-1.2766445,0.7939241,-0.6530588,-5.3324885,0.0008277127,0.002106582,0.01638309,5.26054e-08,0.00077594427,0.0022281983,0.018058077,3.538517e-09,0.15982707,0.7867829,1.0,-1.0,-0.02377537799371997,0.0516292920628283,-0.0015055967770750815,-0.2925761222381826,-1.1887688996859984,0.49256685085806706,-0.39953438029836913,-2.556276892185646,0.09187926,0.36086944,1.0,-1.0,20,-0.04028362649437804,0.05954638418140923,-0.0013786751024626633,-0.33477192840108055,-2.0141813247189018,0.8244694653150314,-1.0093995964977434,-4.6861433837420625,0.16304520681112733,0.41655393275809055,1.0,-1.0,0.02377537799371997,0.0516292920628283,0.2925761222381826,0.0015055967770750815,0.003701830316081465,0.0020457525589709295,0.012347399639794584,0.002145174108830735,0.034088823353944496,0.07629738816723135,0.431231678434592,0.0017088777958391421,0.005334648411098191,0.0028408144419004777,0.017218269065136307,0.0031729243924931982,0.02377537799371997,0.0516292920628283,0.2925761222381826,0.0015055967770750815,0.003701830316081465,0.0020457525589709295,0.012347399639794584,0.002145174108830735,0.8733333333333333,0.33259919155377127,1.0,0.0,1.0,0.0,1.0,1.0,-1.1887688996859984,436004,111000,2220,13.134758095940924,1.2462790459976532,1.413704111604602,15.79474125354318,1807.9608958597819,110
0.0005635182,0.00058976543,1.1396534,-1.236049,0.7288152,-0.66430104,-3.9902227,-1.2392361,0.7305721,-0.6695132,-4.000432,-1.2376269,0.72828174,-0.6565065,-4.0355616,0.00056351826,0.0016413324,0.0143475495,1.3656631e-11,0.00058976543,0.0015888368,0.012308155,7.244637e-09,0.04977159,0.794237,1.0,-1.0,-0.024032231980309657,0.0485668913854327,-0.0013821888474244532,-0.3427265991642525,-1.2016115990154825,0.5087918379377724,-0.420380404720531,-2.5029759855906044,0.09973809,0.34885344,1.0,-1.0,20,-0.03420184388725637,0.053714689661655345,-0.000780234441693743,-0.29901200744834067,-1.7100921943628182,0.6729032065686159,-0.5041732129763922,-2.798242052904955,0.10655128697312159,0.39884642715361757,1.0,-1.0,0.024032231980309657,0.0485668913854327,0.3427265991642525,0.0013821888474244532,0.006408772185406554,0.000794737209851242,0.007825084737917752,0.0044455244483943696,0.03458882485879728,0.07150868660603238,0.588371342402753,0.0018338464514555675,0.0097141793309143,0.0013286579543075358,0.012138270137521626,0.007663238174111825,0.024032231980309657,0.0485668913854327,0.3427265991642525,0.0013821888474244532,0.006408772185406554,0.000794737209851242,0.007825084737917752,0.0044455244483943696,0.8819047619047619,0.3227208590011918,1.0,0.0,1.0,0.0,1.0,1.0,-1.2016115990154825,440004,112000,2240,13.784580270788865,1.2940315599989844,1.4650403898995137,16.543652220687363,1824.571174021461,111
0.00068772776,0.0006901329,1.1603068,-1.2521286,0.73242605,-0.6757097,-4.129273,-1.2516049,0.73214555,-0.676622,-4.1383233,-1.2497144,0.7404152,-0.66781294,-4.1611404,0.00068772776,0.0017938054,0.013126044,2.6323065e-08,0.0006901329,0.001802477,0.012954087,7.993606e-11,0.1054703,0.78924763,1.0,-1.0,-0.02290649412692724,0.053032536162669904,-0.0011901334049567482,-0.3117760774413931,-1.1453247063463616,0.43018043784920296,-0.5789933097856051,-1.953599150113042,0.08899578,0.359728,1.0,-1.0,20,-0.030431214449640573,0.048572461226979155,-0.0009577565445649476,-0.312836631885065,-1.5215607224820284,0.42840395754547483,-0.8628769567269825,-2.4314421787372438,0.07797287839698085,0.39919443671847754,1.0,-1.0,0.02290649412692724,0.053032536162669904,0.3117760774413931,0.0011901334049567482,0.003105641554632605,0.0009233400022963281,0.004627205004208248,0.001717666778703687,0.03387589548938092,0.08131803834006306,0.5315439522937547,0.0016868366660840323,0.004647082555137937,0.001472764685769061,0.007340398217375109,0.0019291919551195358,0.02290649412692724,0.053032536162669904,0.3117760774413931,0.0011901334049567482,0.003105641554632605,0.0009233400022963281,0.004627205004208248,0.001717666778703687,0.8752380952380953,0.330448743199435,1.0,0.0,1.0,0.0,1.0,1.0,-1.1453247063463616,444004,113000,2260,13.925978976199985,1.3607195390068227,1.4773633800796233,16.76406189528643,1841.3274791577423,112
0.0010998893,0.0010396722,1.2022355,-1.297344,0.73822004,-0.66686064,-3.867158,-1.3000236,0.7426025,-0.6745349,-3.861302,-1.2985657,0.7456087,-0.66434073,-4.050033,0.0010998893,0.0035179087,0.033443324,6.2074434e-08,0.0010396722,0.003629555,0.035619464,1.2543357e-08,0.07694673,0.79467195,1.0,-1.0,-0.024364771384420208,0.050525781258576104,-0.0017590556226928214,-0.3205357375304573,-1.2182385692210107,0.3492399167882232,-0.5931945190476459,-2.1283129916559846,0.08362407,0.34674063,1.0,-1.0,20,-0.033275678426347925,0.052115412910978307,-0.0009012470887677367,-0.31125505592068514,-1.6637839213173962,0.5679019994765857,-0.9283215198864139,-2.9564270078703596,0.11855853520141124,0.39350116612547176,1.0,-1.0,0.024364771384420208,0.050525781258576104,0.3205357375304573,0.0017590556226928214,0.004932324733892962,0.001629109588502189,0.0073195494500243406,0.001759069289865858,0.034260328245380375,0.07292991214089743,0.5442899958517302,0.0030009555827824053,0.007170638660403888,0.0023052514336682354,0.010644456194067398,0.0030316783088216864,0.024364771384420208,0.050525781258576104,0.3205357375304573,0.0017590556226928214,0.004932324733892962,0.001629109588502189,0.0073195494500243406,0.001759069289865858,0.8695238095238095,0.3368265936576435,1.0,0.0,1.0,0.0,1.0,1.0,-1.2182385692210107,448004,114000,2280,13.620698306869599,1.353767462001997,1.4577051675732946,16.43217093644489,1857.7358640882012,113
0.00088727823,0.0010431851,1.1316072,-1.2299824,0.7895763,-0.66067874,-5.0295963,-1.2292533,0.7924467,-0.6556492,-5.0216904,-1.2391655,0.7944235,-0.66071165,-5.0426006,0.0008872782,0.002821995,0.025284234,1.0825261e-09,0.0010431851,0.003094029,0.023455385,2.5971225e-09,-0.035764437,0.78848904,1.0,-1.0,-0.019710270656426127,0.04724756357706251,-0.0007917426467147062,-0.3181507949926785,-0.9855135328213065,0.48963130481075945,-0.31415929590589614,-2.0135545946124926,0.09381381,0.33426172,1.0,-1.0,20,-0.02811206456989744,0.04254636609584994,-0.001509509355113247,-0.26490256641500975,-1.4056032284948723,0.32922887545430984,-0.9638583644036666,-2.1087970951823465,0.0624539419310258,0.385745676540353,1.0,-1.0,0.019710270656426127,0.04724756357706251,0.3181507949926785,0.0007917426467147062,0.00293972614300759,0.0010558425826470551,0.004609730779570501,0.0009625128496105377,0.028030850344274716,0.06903149009039207,0.5449050613571293,0.0012612198636556549,0.004522329410625363,0.0016965981492933883,0.007417707584531613,0.0015775662658659567,0.019710270656426127,0.04724756357706251,0.3181507949926785,0.0007917426467147062,0.00293972614300759,0.0010558425826470551,0.004609730779570501,0.0009625128496105377,0.8885714285714286,0.3146621122695886,1.0,0.0,1.0,0.0,1.0,1.0,-0.9855135328213065,452004,115000,2300,13.688297395900008,1.3296482419973472,1.4833401272044284,16.501285765101784,1874.2282852282951,114
0.0006055748,0.00078517245,1.119989,-1.2087404,0.68997836,-0.66305065,-4.0537195,-1.2076757,0.6930132,-0.6710224,-4.0972323,-1.2010437,0.684935,-0.6648412,-3.9967384,0.0006055748,0.0014505894,0.0103402855,2.6906491e-08,0.00078517245,0.0021047702,0.01389201,7.193993e-09,0.039961163,0.7978629,1.0,-1.0,-0.019346097026881826,0.0446422906185189,-0.0009011037099700152,-0.3051273076001657,-0.9673048513440916,0.4358884392530484,-0.36617379623938157,-1.9756091190904246,0.063519396,0.3420366,1.0,-1.0,20,-0.03144434411843046,0.04857036189041224,-0.0009958593922909983,-0.30673792727433213,-1.5722172059215231,0.4936499137902891,-0.7841893227550011,-2.59806080013567,0.0797721821823545,0.3950526061408037,1.0,-1.0,0.019346097026881826,0.0446422906185189,0.3051273076001657,0.0009011037099700152,0.003856662461050181,0.0012419068111184624,0.0067401080471723935,0.001890973239216544,0.02798591672120499,0.0663925906654978,0.5013666483716388,0.0010904966813693184,0.00584153113446921,0.00217401592638561,0.011401703733301072,0.002725473884527513,0.019346097026881826,0.0446422906185189,0.3051273076001657,0.0009011037099700152,0.003856662461050181,0.0012419068111184624,0.0067401080471723935,0.001890973239216544,0.8961904761904762,0.305013289179281,1.0,0.0,1.0,0.0,1.0,1.0,-0.9673048513440916,456004,116000,2320,13.742522494925652,1.3209042560047237,1.4984798289078753,16.56190657983825,1890.7274061701319,115
0.00080091384,0.0008079646,1.2564604,-1.3519857,0.81010634,-0.6776135,-4.9446325,-1.3519876,0.81111586,-0.68159443,-4.9660277,-1.3634307,0.82701015,-0.6676241,-4.987358,0.0008009138,0.0021897727,0.015579078,5.1159077e-09,0.00080796453,0.0020257672,0.016037228,7.5729645e-11,-0.03741586,0.7947541,1.0,-1.0,-0.023727310586184717,0.050154763753067745,-0.0012057971104704323,-0.3019540416391353,-1.186365529309236,0.5350835822045691,-0.3526674971379249,-2.380955599003986,0.11798648,0.365793,1.0,-1.0,20,-0.0310482280581331,0.04623255270926971,-0.001383205214072606,-0.2892515138287533,-1.552411402906655,0.5239634905516847,-0.5456903891796162,-2.749585514444531,0.08586505066881289,0.38324156655454145,1.0,-1.0,0.023727310586184717,0.050154763753067745,0.3019540416391353,0.0012057971104704323,0.004997876396550314,0.003089511244180329,0.015854097030538347,0.00138540136993684,0.03455857190386619,0.07498024869418773,0.5161189924527314,0.0020118979868493647,0.007703138267360914,0.005147692530474826,0.025861345570435568,0.0022684548558980777,0.023727310586184717,0.050154763753067745,0.3019540416391353,0.0012057971104704323,0.004997876396550314,0.003089511244180329,0.015854097030538347,0.00138540136993684,0.8790476190476191,0.3260719284058826,1.0,0.0,1.0,0.0,1.0,1.0,-1.186365529309236,460004,117000,2340,13.016064872106654,1.2583436929999152,1.4346283076301916,15.70903687273676,1906.4385761358571,116
0.0005917313,0.0004488377,1.0378237,-1.1341183,0.50030094,-0.6837075,-2.8564672,-1.1307423,0.50067806,-0.67800957,-2.8482213,-1.1303184,0.49804774,-0.67270315,-2.7959275,0.0005917313,0.0015363039,0.008396709,7.9148776e-10,0.0004488377,0.001089598,0.007297597,1.0892624e-08,0.030200899,0.7841439,1.0,-1.0,-0.022825222489003594,0.04473973108561458,-0.0037394922119353487,-0.2847856880854037,-1.14126112445018,0.507014794583644,-0.4631733976294712,-2.3240421930143484,0.09637895,0.36355376,1.0,-1.0,20,-0.03149841311532666,0.05255184982851453,-0.001233412723469221,-0.32358764352426433,-1.574920655766333,0.6089646208254208,-0.6551283249292604,-2.573375714684509,0.10632862564935969,0.39070532253985224,1.0,-1.0,0.022825222489003594,0.04473973108561458,0.2847856880854037,0.0037394922119353487,0.007102485807213314,0.0016798280376863442,0.012260307287629975,0.005469937411247222,0.03425314524272111,0.06863737327028549,0.4803339300527339,0.0058697003418884605,0.011144972552276753,0.002935637853860449,0.020630505125351195,0.008003292762247052,0.022825222489003594,0.04473973108561458,0.2847856880854037,0.0037394922119353487,0.007102485807213314,0.0016798280376863442,0.012260307287629975,0.005469937411247222,0.8971428571428571,0.30377220251433174,1.0,0.0,1.0,0.0,1.0,1.0,-1.14126112445018,464004,118000,2360,13.083006828979705,1.260406977002276,1.4200945639895508,15.763508369971532,1922.3156592188025,117
0.00053288776,0.00044395382,1.1701977,-1.2691152,0.7303505,-0.67235684,-4.518072,-1.2717348,0.7338606,-0.6769576,-4.559192,-1.274185,0.7351397,-0.67348945,-4.5337577,0.0005328877,0.0013515865,0.0122636,8.5161446e-08,0.00044395385,0.0011777097,0.010500036,6.4556502e-09,0.12431812,0.8006035,1.0,-1.0,-0.018035695981543268,0.045104929064270854,-0.00022292420342915392,-0.29394627259146977,-0.9017847990771634,0.4248473123242214,-0.2030429823676734,-2.0463343666010583,0.07900056,0.33454025,1.0,-1.0,20,-0.037953601840831505,0.05731776818437433,-0.0017664925506532716,-0.3089267764565005,-1.897680092041575,0.5355567484768113,-0.9756933324594624,-2.8179265342011246,0.14116592763566813,0.4257649842334754,1.0,-1.0,0.018035695981543268,0.045104929064270854,0.29394627259146977,0.00022292420342915392,0.002147090825391735,0.0008479683103816243,0.004237146320510531,0.0008195201107369211,0.02590650077753288,0.06618907256623886,0.43906102282182646,0.00037840701292662926,0.0032893917400732995,0.0014412690316572918,0.0068847782787055944,0.0011522295604404348,0.018035695981543268,0.045104929064270854,0.29394627259146977,0.00022292420342915392,0.002147090825391735,0.0008479683103816243,0.004237146320510531,0.0008195201107369211,0.8942857142857142,0.3074715848825776,1.0,0.0,1.0,0.0,1.0,1.0,-0.9017847990771634,468004,119000,2380,13.418018098382163,1.3740445589937735,1.4562934251007391,16.248356082476676,1938.4833265873167,118
0.00082450674,0.00078687625,1.1704998,-1.2667348,0.7448335,-0.7187449,-3.9475875,-1.2659507,0.7410774,-0.7200408,-3.9404163,-1.2719017,0.74279803,-0.7212747,-3.9639473,0.00082450674,0.0018838599,0.010695651,2.7387301e-09,0.0007868762,0.0017708209,0.009396724,3.5926462e-10,0.029313287,0.78950834,1.0,-1.0,-0.021857835961663494,0.04732639096364057,-0.0011134448803547957,-0.28591833627473445,-1.0928917980831745,0.6324988892449422,-0.1519029111102004,-2.8251681002038254,0.12333922,0.372089,1.0,-1.0,20,-0.02640381897712241,0.04168582145427282,-0.0010256862667928368,-0.3098244184075348,-1.32019094885612,0.46793103229419275,-0.6687874419547788,-2.468055731744273,0.07255381376563425,0.3677963628609618,1.0,-1.0,0.021857835961663494,0.04732639096364057,0.28591833627473445,0.0011134448803547957,0.004393847708106374,0.004450787560823737,0.01950392496101897,0.0013720758618968548,0.03144020406074973,0.07050944868607462,0.49422173696765054,0.0014901649671989758,0.006614554557679125,0.006823800212162298,0.027393150843275912,0.0015153108291704187,0.021857835961663494,0.04732639096364057,0.28591833627473445,0.0011134448803547957,0.004393847708106374,0.004450787560823737,0.01950392496101897,0.0013720758618968548,0.8895238095238095,0.3134823787935439,1.0,0.0,1.0,0.0,1.0,1.0,-1.0928917980831745,472004,120000,2400,12.859469769246061,1.2944512750109425,1.4088491381698987,15.562770182426902,1954.0682672887342,119
0.00082898233,0.0008603077,1.0972472,-1.1935271,0.66595554,-0.68862844,-4.708849,-1.1890678,0.6593843,-0.68446404,-4.6562705,-1.1959616,0.66496503,-0.6827012,-4.627343,0.0008289823,0.0021660472,0.015258166,1.07313326e-07,0.0008603077,0.002017936,0.0125851,2.7456792e-08,0.029729342,0.7769705,1.0,-1.0,-0.020501009426205915,0.046417520263117414,-0.0019819055401809537,-0.269912653386868,-1.025050471310296,0.3424676042951848,-0.2537400753918236,-1.7025471296259131,0.082715616,0.35138628,1.0,-1.0,20,-0.03549334127523683,0.057053716978125765,-0.0005589675536534116,-0.32636397659310357,-1.7746670637618416,0.7032469572950247,-0.718936537893394,-3.1994144227796184,0.1314924164867703,0.42856544420018716,1.0,-1.0,0.020501009426205915,0.046417520263117414,0.269912653386868,0.0019819055401809537,0.0037355368569047358,0.0007317050467660039,0.005071524796857035,0.0023362784115948184,0.03011052938364737,0.0701210426190374,0.44599457618349997,0.0025652988483637063,0.005560880913573694,0.000942618470535977,0.0069813519264723956,0.0033520561895306195,0.020501009426205915,0.046417520263117414,0.269912653386868,0.0019819055401809537,0.0037355368569047358,0.0007317050467660039,0.005071524796857035,0.0023362784115948184,0.8876190476190476,0.3158345673337586,1.0,0.0,1.0,0.0,1.0,1.0,-1.025050471310296,476004,121000,2420,12.619515922066057,1.315887032993487,1.413787899815361,15.349190854874905,1969.411450274638,120
0.00082433963,0.00066139194,1.189187,-1.2952993,0.73044723,-0.69765055,-4.1900706,-1.2874199,0.72553384,-0.68352276,-4.174374,-1.2827762,0.7205855,-0.6814721,-4.132994,0.00082433963,0.0015754414,0.009937803,1.703917e-08,0.00066139194,0.0014089004,0.011475979,4.7066386e-09,0.042636503,0.78911513,1.0,-1.0,-0.024248095325868368,0.05328956163457007,-0.0005974389332905427,-0.3374025010940975,-1.2124047662934185,0.5136943646055403,-0.4529857675940335,-2.3657304095083913,0.09981539,0.37978506,1.0,-1.0,20,-0.030454898337479858,0.048397384734422025,-0.0005417706236043478,-0.2711979150644971,-1.5227449168739926,0.5669386229440602,-0.6524146631160845,-3.0706578903899167,0.06960750281532219,0.3806826747011205,1.0,-1.0,0.024248095325868368,0.05328956163457007,0.3374025010940975,0.0005974389332905427,0.004482570028056098,0.0011452093300024907,0.008184495786991423,0.0018558453029629543,0.036197264583665005,0.08558952645147082,0.5744447593105313,0.0008630438327513479,0.006158893685572949,0.0017465684764012203,0.011528429437383803,0.0029646973174208557,0.024248095325868368,0.05328956163457007,0.3374025010940975,0.0005974389332905427,0.004482570028056098,0.0011452093300024907,0.008184495786991423,0.0018558453029629543,0.8790476190476191,0.3260719284058826,1.0,0.0,1.0,0.0,1.0,1.0,-1.2124047662934185,480004,122000,2440,12.785073477658443,1.3099795739981346,1.422689519895357,15.517742571551935,1984.8849286301993,121
0.0013189188,0.0013963904,1.2083013,-1.3154981,0.7473506,-0.6902257,-3.944033,-1.3152819,0.74798894,-0.6904458,-3.9609826,-1.3022918,0.72917986,-0.6877291,-3.8253415,0.0013189188,0.0033900142,0.02028551,1.0591208e-09,0.0013963904,0.003634861,0.021056397,7.163692e-11,0.13850208,0.7798119,1.0,-1.0,-0.02618968114277514,0.05035305761169437,-0.002390615427293781,-0.3093191444579077,-1.3094840571387567,0.5037790166270056,-0.47466382594128453,-2.1277216622809463,0.098120324,0.3577885,1.0,-1.0,20,-0.030525729568299204,0.046649855288324556,-0.0005826206564382067,-0.2818817757124232,-1.5262864784149603,0.49254767910787245,-0.6419304282951575,-2.7392240971971837,0.10388098313072966,0.4024999606892072,1.0,-1.0,0.02618968114277514,0.05035305761169437,0.3093191444579077,0.002390615427293781,0.007714814797373003,0.0009857000337488225,0.009199622933040736,0.005168910994601574,0.03628770869520981,0.07531550998886831,0.5190634541695636,0.003482392776814898,0.009702767584677453,0.0013478472509632394,0.01215042318221704,0.0055398939368880365,0.02618968114277514,0.05035305761169437,0.3093191444579077,0.002390615427293781,0.007714814797373003,0.0009857000337488225,0.009199622933040736,0.005168910994601574,0.878095238095238,0.32717577986413543,1.0,0.0,1.0,0.0,1.0,1.0,-1.3094840571387567,484004,123000,2460,13.026320363584091,1.2659718709910521,1.4342781668383395,15.726570401413483,2000.6473476366227,122
0.00075775426,0.00083442533,1.2372022,-1.3367535,0.88480365,-0.67208576,-4.7895656,-1.3425183,0.8891125,-0.6792185,-4.7931266,-1.3403482,0.88583255,-0.68313015,-4.7878366,0.0007577543,0.0017215161,0.009961585,2.4573765e-08,0.00083442533,0.0021385134,0.0151623385,2.465189e-09,0.08171687,0.7866094,1.0,-1.0,-0.021312403409839982,0.048414720634072456,-0.0021003273417061685,-0.2923272402077114,-1.065620170491999,0.4674913647057092,-0.39181494738747724,-1.8435992412058608,0.08673337,0.3541426,1.0,-1.0,20,-0.031952165453838444,0.05199993085616092,-0.0016618065407434854,-0.31934266686540186,-1.5976082726919225,0.6814116930836336,-0.6826247973311822,-3.0985485311685865,0.09904750933798076,0.37950558897366765,1.0,-1.0,0.021312403409839982,0.048414720634072456,0.2923272402077114,0.0021003273417061685,0.003335568772572821,0.0009190299189014037,0.0064108638660294506,0.002332753829175805,0.03034474285712214,0.07067106382579338,0.43531397681741735,0.002669446913144885,0.0049109618892146135,0.0014576908689784398,0.008911881077548395,0.0030882414512165834,0.021312403409839982,0.048414720634072456,0.2923272402077114,0.0021003273417061685,0.003335568772572821,0.0009190299189014037,0.0064108638660294506,0.002332753829175805,0.8857142857142857,0.318157963590287,1.0,0.0,1.0,0.0,1.0,1.0,-1.065620170491999,488004,124000,2480,12.468521059709019,1.3019543120026356,1.354205949784955,15.12468132149661,2015.7282582131447,123
0.00055601785,0.00058434583,1.1310818,-1.2309036,0.7167243,-0.68893874,-4.2345996,-1.2304134,0.7142826,-0.69015265,-4.1999063,-1.2300415,0.7138161,-0.68557537,-4.2524676,0.00055601785,0.0012810075,0.009955589,5.848083e-09,0.0005843459,0.0012646934,0.0077986144,2.1504007e-09,0.07347366,0.7808971,1.0,-1.0,-0.018240940710189384,0.04414210342278973,-0.0016584315959976414,-0.26392788820913593,-0.912047035509469,0.3240007433736688,-0.21510637567362242,-1.4990296389387878,0.10279062,0.33690488,1.0,-1.0,20,-0.02751374358766525,0.04411392534931575,-0.0010744435968004045,-0.29450320075887626,-1.3756871793832626,0.5316583495348675,-0.7363451620195878,-2.7636476757881434,0.08168848007047398,0.3834730471037306,1.0,-1.0,0.018240940710189384,0.04414210342278973,0.26392788820913593,0.0016584315959976414,0.0031675546175338374,0.0007342315298291015,0.004904872700019365,0.0016773241298811354,0.028088174882549926,0.07060171187155917,0.4557925632087469,0.002671520509323122,0.0045044944248566485,0.0009793132930089369,0.006397845173822539,0.002671520509323122,0.018240940710189384,0.04414210342278973,0.26392788820913593,0.0016584315959976414,0.0031675546175338374,0.0007342315298291015,0.004904872700019365,0.0016773241298811354,0.900952380952381,0.29872594163985283,1.0,0.0,1.0,0.0,1.0,1.0,-0.912047035509469,492004,125000,2500,12.418941958982032,1.2583290900074644,1.3459049710072577,15.023176019996754,2030.7258368831099,124
0.0008079581,0.0007954674,1.1701164,-1.274292,0.74806845,-0.6793077,-4.056459,-1.277183,0.7513843,-0.6799918,-4.0989847,-1.2764151,0.7553039,-0.6824246,-4.1132593,0.0008079581,0.0018033917,0.010537497,6.933508e-09,0.0007954675,0.001876006,0.014182788,1.8010269e-09,-0.039081454,0.80294514,1.0,-1.0,-0.02523570559952814,0.05341056864367392,-0.0008543494432076409,-0.31678326176590005,-1.2617852799764069,0.49230061605709113,-0.18331939897696797,-2.1595288853361283,0.10396133,0.38377228,1.0,-1.0,20,-0.030768937011626096,0.049410107469722846,-0.0012848824227511184,-0.2899362898718911,-1.5384468505813051,0.5616132355302922,-0.5265715956847272,-2.5008714169057993,0.09268009941644201,0.39720234532317217,1.0,-1.0,0.02523570559952814,0.05341056864367392,0.31678326176590005,0.0008543494432076409,0.005053954997681081,0.002735227932991212,0.016309590247312208,0.001061935554572936,0.03775571077233885,0.08363682190211723,0.5370185858371257,0.0012511630538456914,0.007344974667105149,0.004982350795206137,0.02821108143926973,0.0018376686871123052,0.02523570559952814,0.05341056864367392,0.31678326176590005,0.0008543494432076409,0.005053954997681081,0.002735227932991212,0.016309590247312208,0.001061935554572936,0.8733333333333333,0.3325991915537712,1.0,0.0,1.0,0.0,1.0,1.0,-1.2617852799764069,496004,126000,2520,12.585545710026054,1.2330420770013006,1.365427738899598,15.184015525926952,2045.9369385550526,125
0.0006628423,0.00066860963,1.1821604,-1.2813904,0.8151801,-0.67866313,-4.6404376,-1.2786393,0.81318253,-0.6763541,-4.6248417,-1.2746732,0.8041602,-0.68609476,-4.6172566,0.0006628423,0.0016153132,0.011691268,1.1256418e-10,0.00066860975,0.001703925,0.0122888535,4.1438852e-11,0.029039472,0.77363694,1.0,-1.0,-0.024366708909937366,0.04801001615537891,-0.0019712119301966715,-0.2786518463586632,-1.2183354454968685,0.4245223614563028,-0.6269561577440667,-2.208548504014109,0.11614942,0.3717328,1.0,-1.0,20,-0.034256323724831436,0.05378808891848993,-0.001416406391934636,-0.3356619749982542,-1.7128161862415716,0.5999589822675008,-0.7185239108155137,-2.7004333386829042,0.10841433243377262,0.3996750578128312,1.0,-1.0,0.024366708909937366,0.04801001615537891,0.2786518463586632,0.0019712119301966715,0.005826617582083348,0.0013543719330655873,0.008481606863009722,0.003767434781029312,0.033947677649225856,0.07043824694961565,0.46763237106730093,0.003143493108997191,0.007221904673908594,0.0022906503947126605,0.012590385220692668,0.00412712407193154,0.024366708909937366,0.04801001615537891,0.2786518463586632,0.0019712119301966715,0.005826617582083348,0.0013543719330655873,0.008481606863009722,0.003767434781029312,0.8761904761904762,0.32936412315791586,1.0,0.0,1.0,0.0,1.0,1.0,-1.2183354454968685,500004,127000,2540,12.916000562050613,1.2603630990051897,1.4049414799519582,15.58130514100776,2061.5269441010605,126
0.00056544086,0.00052893616,1.0392547,-1.1231503,0.6750074,-0.6696858,-4.6016345,-1.1258688,0.67599654,-0.6747118,-4.634673,-1.1248138,0.6791186,-0.67191595,-4.589354,0.00056544086,0.0013548823,0.010487775,1.8673951e-09,0.00052893616,0.0016091339,0.015218022,1.5288606e-09,0.07614384,0.7857247,1.0,-1.0,-0.023362872041168183,0.047753590847264306,-0.0025536542519908013,-0.2952070810755716,-1.1681436020584093,0.449184166874057,-0.5185716916825207,-2.0385873226519142,0.103235476,0.38773257,1.0,-1.0,20,-0.03255756596807294,0.05008475107656318,-0.0003295545589762252,-0.29158607127216823,-1.6278782984036468,0.6000105178322096,-0.6301934277643921,-2.507139568613747,0.12457803668229542,0.4182377910343461,1.0,-1.0,0.023362872041168183,0.047753590847264306,0.2952070810755716,0.0025536542519908013,0.005085954091511503,0.0037480564724693952,0.017387893963485987,0.00257535214916389,0.03336620740530867,0.07064748023383606,0.5060718179661752,0.0030559221958908894,0.007435515645686426,0.005867074551182222,0.028763894751735103,0.0030559221958908894,0.023362872041168183,0.047753590847264306,0.2952070810755716,0.0025536542519908013,0.005085954091511503,0.0037480564724693952,0.017387893963485987,0.00257535214916389,0.878095238095238,0.32717577986413543,1.0,0.0,1.0,0.0,1.0,1.0,-1.1681436020584093,504004,128000,2560,13.032481320944498,1.2688768549996894,1.3945438787632156,15.695902054707403,2077.2395960697613,127
0.00062841014,0.00070732704,1.0835915,-1.1725929,0.7584115,-0.6614313,-5.13155,-1.1729875,0.75941724,-0.6581436,-5.1973786,-1.1689389,0.75310314,-0.6570245,-5.0428386,0.00062841014,0.0016169766,0.011503938,6.909353e-10,0.000707327,0.0023396937,0.023882631,2.7773751e-08,-0.00562258,0.78890765,1.0,-1.0,-0.02480855747921395,0.05598186499104796,-0.001548440056271114,-0.2940668319345792,-1.2404278739606978,0.44081114003523714,-0.3183682137963743,-1.8757188077813023,0.1111648,0.36733842,1.0,-1.0,20,-0.030863582400146066,0.04845878843013529,-0.0014337388123550482,-0.31961428945011217,-1.543179120007303,0.5792611054790341,-0.7317175366889729,-3.175964877703843,0.07681253892900618,0.3923332911839009,1.0,-1.0,0.02480855747921395,0.05598186499104796,0.2940668319345792,0.001548440056271114,0.0028159159600566787,0.0005781422357288402,0.004488881068787266,0.002062846759413404,0.035974814257578765,0.08505734330809372,0.5088064113605745,0.0023603803023648506,0.004113553113190284,0.0008621751254315696,0.006430422015880344,0.002691971348381658,0.02480855747921395,0.05598186499104796,0.2940668319345792,0.001548440056271114,0.0028159159600566787,0.0005781422357288402,0.004488881068787266,0.002062846759413404,0.8647619047619047,0.34197770809581596,1.0,0.0,1.0,0.0,1.0,1.0,-1.2404278739606978,508004,129000,2580,13.07706888699613,1.2857660309964558,1.428198696274194,15.79103361426678,2092.985068775044,128
0.00057074806,0.00061174016,1.0613525,-1.1509024,0.64398366,-0.6666243,-3.7576013,-1.1531589,0.64518076,-0.66754067,-3.7386694,-1.1496786,0.6418034,-0.66263247,-3.7355375,0.00057074806,0.0014329094,0.011517802,1.0027179e-10,0.0006117402,0.0016724229,0.012328637,1.5616628e-09,0.010358288,0.7786442,1.0,-1.0,-0.025075596631783527,0.054841923053275766,-0.0030606528655649492,-0.3461219664822042,-1.253779831589176,0.5151531379238532,-0.2654370930837974,-2.2201789767638607,0.107344575,0.36469197,1.0,-1.0,20,-0.033183861973521134,0.05108573841980448,-0.0011032807781671677,-0.3157459207774058,-1.659193098676057,0.5987748361903463,-0.7870547721394632,-2.870041143216933,0.09775219040423565,0.39978813719928036,1.0,-1.0,0.025075596631783527,0.054841923053275766,0.3461219664822042,0.0030606528655649492,0.004144075469673987,0.0006897093353956426,0.006302358793756221,0.0031432154339597292,0.03708329141601194,0.08365432851404102,0.5898912664604887,0.004337342673270253,0.006559169940381264,0.0012131457221055987,0.010110474927237545,0.004638147276092519,0.025075596631783527,0.054841923053275766,0.3461219664822042,0.0030606528655649492,0.004144075469673987,0.0006897093353956426,0.006302358793756221,0.0031432154339597292,0.8742857142857143,0.33152707895680655,1.0,0.0,1.0,0.0,1.0,1.0,-1.253779831589176,512004,130000,2600,13.439919910772005,1.2403746620111633,1.4473538620804902,16.12764843486366,2109.107532777911,129
0.0009892338,0.0011478786,1.268641,-1.3793366,0.982385,-0.64158833,-4.8877635,-1.3808398,0.9805503,-0.6392255,-4.849245,-1.3821204,0.9780967,-0.644494,-4.865391,0.0009892338,0.002708377,0.024978917,1.973692e-08,0.0011478785,0.0031271349,0.026545722,2.684786e-08,0.07919783,0.8014806,1.0,-1.0,-0.02565193026809405,0.05666358348215845,-0.0007517684520785111,-0.32171975856629303,-1.2825965134047028,0.41171262691361216,-0.5378910287205674,-2.0854526646290066,0.09523106,0.37948397,1.0,-1.0,20,-0.030207526402123076,0.04983199188214714,-0.0012476112643247943,-0.2875776100013281,-1.5103763201061535,0.7126658285536599,-0.5922796754228378,-3.1906468874922393,0.059573705336881604,0.38921874502997766,1.0,-1.0,0.02565193026809405,0.05666358348215845,0.32171975856629303,0.0007517684520785111,0.0029494108784885458,0.0009396326060906625,0.005227800433026005,0.0016053229675527805,0.037566435961302776,0.08577802690980366,0.5330297486215265,0.0010626303539631454,0.004561303757712036,0.0015984513300886928,0.00861924723868146,0.002295146160610134,0.02565193026809405,0.05666358348215845,0.32171975856629303,0.0007517684520785111,0.0029494108784885458,0.0009396326060906625,0.005227800433026005,0.0016053229675527805,0.861904761904762,0.34499991784152295,1.0,0.0,1.0,0.0,1.0,1.0,-1.2825965134047028,516004,131000,2620,13.951757325936342,1.2354719419963658,1.4672498121799435,16.65447908011265,2125.689979010014,130
0.0006823471,0.000725079,1.1305244,-1.2354605,0.8246487,-0.66109216,-4.7486887,-1.2365589,0.8251613,-0.65426695,-4.7575254,-1.2321004,0.8226227,-0.65813327,-4.797278,0.0006823471,0.0015132142,0.009738734,8.240622e-09,0.000725079,0.0019438942,0.018587139,5.551115e-11,0.047996115,0.7791225,1.0,-1.0,-0.02247829091249104,0.04974394585287662,-0.00027391811251323815,-0.27992284211447577,-1.123914545624552,0.3835930376179571,-0.5578682139661137,-1.9144778596463334,0.11091737,0.35896808,1.0,-1.0,20,-0.03262471295510703,0.05181356745497885,-0.0018810256938450631,-0.31209074935618203,-1.6312356477553513,0.47311450379353637,-0.8036215810762591,-2.571437107443253,0.11159195151279193,0.39422228231279277,1.0,-1.0,0.02247829091249104,0.04974394585287662,0.27992284211447577,0.00027391811251323815,0.0027703196197255866,0.0008335952319325025,0.004624204390733252,0.0014256272766072547,0.031290575116670646,0.07128436818510378,0.4548170335843268,0.0003931209127063656,0.0041396218726369735,0.0014459975991635919,0.007680849550469354,0.0017545318252399668,0.02247829091249104,0.04974394585287662,0.27992284211447577,0.00027391811251323815,0.0027703196197255866,0.0008335952319325025,0.004624204390733252,0.0014256272766072547,0.8695238095238095,0.3368265936576435,1.0,0.0,1.0,0.0,1.0,1.0,-1.123914545624552,520004,132000,2640,13.892013591947034,1.1636597060132772,1.479891446098918,16.53556474405923,2142.247917999077,131
0.0008042009,0.0006199574,1.1051587,-1.1963022,0.70643115,-0.6298158,-4.161779,-1.2005703,0.7113028,-0.6360933,-4.20728,-1.2033912,0.7175374,-0.6311335,-4.2670493,0.0008042009,0.002305106,0.017333912,1.2172311e-08,0.0006199574,0.0017443588,0.01422814,1.6427748e-11,0.07987704,0.77860236,1.0,-1.0,-0.023322609454173936,0.050777559538536056,-0.0013112571093738343,-0.2994711406526937,-1.1661304727086967,0.5237289793501373,-0.347156117817039,-2.370973789750092,0.09107922,0.36165234,1.0,-1.0,20,-0.033407658864121025,0.05294129066328953,-0.0012230119990094702,-0.3149795800850245,-1.6703829432060513,0.5893225301167695,-0.715109932356321,-2.5718885981830812,0.09925847454702555,0.3991713816408437,1.0,-1.0,0.023322609454173936,0.050777559538536056,0.2994711406526937,0.0013112571093738343,0.0038131866432919233,0.002521467868966985,0.013502053803482367,0.0013149951642852987,0.03391197335494931,0.0763862815730612,0.5176084892787327,0.002059307391223772,0.005981674851647101,0.004260816914095616,0.022562809270696677,0.002100324257742328,0.023322609454173936,0.050777559538536056,0.2994711406526937,0.0013112571093738343,0.0038131866432919233,0.002521467868966985,0.013502053803482367,0.0013149951642852987,0.878095238095238,0.32717577986413543,1.0,0.0,1.0,0.0,1.0,1.0,-1.1661304727086967,524004,133000,2660,13.851315046937088,1.1871793830068782,1.4925319588219281,16.531026388765895,2158.798696637852,132
0.0008167671,0.0007173009,1.0964297,-1.2034888,0.71274966,-0.6598598,-4.618277,-1.2038474,0.71202016,-0.6591732,-4.6056776,-1.1980226,0.7105026,-0.65779066,-4.618454,0.0008167671,0.0020144498,0.013221877,3.5172754e-09,0.0007173009,0.0019431763,0.016657969,4.421986e-08,0.13694353,0.7685492,1.0,-1.0,-0.020533368647556192,0.04625032818974821,-0.0009352970941330253,-0.2706258771857993,-1.0266684323778097,0.29910225933099316,-0.5795473311151779,-1.5387913543410126,0.0827047,0.35070482,1.0,-1.0,20,-0.03528443330111555,0.05390998644925749,-0.0005663985525430572,-0.3267994204713025,-1.7642216650557774,0.5537868042221068,-0.7623158686795077,-2.9472091478446703,0.10101677565484293,0.3782220058651417,1.0,-1.0,0.020533368647556192,0.04625032818974821,0.2706258771857993,0.0009352970941330253,0.0038882552161620173,0.001637485447969844,0.009405718744506917,0.0013717822946818525,0.028834398012339776,0.06770860440295641,0.4324198879569118,0.00137242110183243,0.005070542943107561,0.0017486162876068317,0.010934668627871486,0.002368620502155,0.020533368647556192,0.04625032818974821,0.2706258771857993,0.0009352970941330253,0.0038882552161620173,0.001637485447969844,0.009405718744506917,0.0013717822946818525,0.8857142857142857,0.318157963590287,1.0,0.0,1.0,0.0,1.0,1.0,-1.0266684323778097,528004,134000,2680,13.344958217916428,1.206259995000437,1.4486920490016928,15.999910261918558,2174.792022732785,133
0.0008997791,0.00081227603,1.0453346,-1.1479019,0.6081258,-0.6425162,-4.388432,-1.147957,0.60691744,-0.64519006,-4.3835278,-1.1410822,0.5995252,-0.6420458,-4.250618,0.0008997791,0.002344895,0.01899271,4.106937e-12,0.0008122761,0.0020762547,0.017665008,7.517542e-12,0.057214737,0.79027015,1.0,-1.0,-0.023794989472265243,0.05551466436978507,-0.0004630986977277783,-0.2983056945690651,-1.189749473613262,0.5016453216161997,-0.2059631955958188,-1.9372270814704469,0.09224205,0.3583274,1.0,-1.0,20,-0.0320072405637697,0.0493125014679578,-0.0011299019999237508,-0.2920239281544765,-1.600362028188485,0.5368498860242656,-0.7131039441310734,-2.8619508054203666,0.07246245272136309,0.39604906850911353,1.0,-1.0,0.023794989472265243,0.05551466436978507,0.2983056945690651,0.0004630986977277783,0.0023674968633423726,0.0011040409679765853,0.0043548127885335115,0.0004630986977277783,0.03371514657526711,0.08154901363174615,0.4907001031547626,0.000709834465523751,0.0035858032432308836,0.001676439810294686,0.007032879775428533,0.000709834465523751,0.023794989472265243,0.05551466436978507,0.2983056945690651,0.0004630986977277783,0.0023674968633423726,0.0011040409679765853,0.0043548127885335115,0.0004630986977277783,0.8695238095238095,0.3368265936576435,1.0,0.0,1.0,0.0,1.0,1.0,-1.189749473613262,532004,135000,2700,13.237177595176036,1.1997322590032127,1.4446122471708804,15.881522101350129,2190.76605365712,134
0.00037349638,0.00043194531,1.0203617,-1.1069596,0.63458216,-0.64653075,-4.444213,-1.1082324,0.63430476,-0.6486455,-4.436998,-1.109031,0.64331824,-0.6430716,-4.5401273,0.00037349638,0.0011345828,0.009199565,1.7985613e-08,0.00043194531,0.0012980311,0.01063567,1.2423484e-10,0.039968207,0.7762016,1.0,-1.0,-0.023409704526700797,0.04907877014607032,-0.0005897076756535936,-0.2924714573597139,-1.17048522633504,0.4127852386342432,-0.514666601395509,-2.0260176559862604,0.07590614,0.34817624,1.0,-1.0,20,-0.03438254919241744,0.052529148960055415,-0.0015148901514833687,-0.2933595881793015,-1.7191274596208725,0.5097434823499567,-0.5727430573484769,-2.633975858920799,0.11272105600993228,0.3927053846920542,1.0,-1.0,0.023409704526700797,0.04907877014607032,0.2924714573597139,0.0005897076756535936,0.005137632194272951,0.002456644316288437,0.009346571268571044,0.0005897076756535936,0.032547588973510115,0.07132194323848119,0.4913110197405043,0.000902120941691481,0.00699575279115644,0.00342803639905493,0.012299554963795756,0.000902120941691481,0.023409704526700797,0.04907877014607032,0.2924714573597139,0.0005897076756535936,0.005137632194272951,0.002456644316288437,0.009346571268571044,0.0005897076756535936,0.878095238095238,0.32717577986413543,1.0,0.0,1.0,0.0,1.0,1.0,-1.17048522633504,536004,136000,2720,13.282777440021164,1.2925572829990415,1.4365920959971845,16.01192681901739,2206.7429346371646,135
0.00066621875,0.0007032915,1.0549941,-1.163825,0.6189475,-0.6458259,-3.0854454,-1.1662976,0.6203648,-0.6463381,-3.1011999,-1.1623737,0.614171,-0.6425344,-3.1767058,0.00066621875,0.0016986054,0.013315086,5.551115e-11,0.0007032915,0.0018201632,0.012555322,3.5314294e-09,0.015646107,0.7781327,1.0,-1.0,-0.019743844669463814,0.046161222287519385,-0.000902409147040618,-0.295612976592182,-0.9871922334731907,0.5691232440783621,-0.20725850575436724,-2.3676915187202177,0.07174502,0.3432351,1.0,-1.0,20,-0.0360859345639616,0.0530423132349425,-0.0014275432651116669,-0.2987686682672697,-1.8042967281980797,0.6939067593159168,-0.7607329392432642,-3.4919959631831596,0.11615604525848831,0.4094504479411758,1.0,-1.0,0.019743844669463814,0.046161222287519385,0.295612976592182,0.000902409147040618,0.0035018974701063518,0.0027225886430634694,0.011715905179147477,0.0009174117216552553,0.028380043572747687,0.06739286646913055,0.4668269173554424,0.001315093194086403,0.00554759204561268,0.004629106948242803,0.01969559027799969,0.0013167163785916258,0.019743844669463814,0.046161222287519385,0.295612976592182,0.000902409147040618,0.0035018974701063518,0.0027225886430634694,0.011715905179147477,0.0009174117216552553,0.8961904761904762,0.305013289179281,1.0,0.0,1.0,0.0,1.0,1.0,-0.9871922334731907,540004,137000,2740,12.626649276731769,1.2579640120093245,1.364421621634392,15.249034910375485,2222.063004477546,136
0.0006071838,0.0006743128,1.065878,-1.1550993,0.68568367,-0.64825565,-4.185954,-1.1587048,0.6865423,-0.6486689,-4.188457,-1.1530943,0.68619645,-0.65144926,-4.1726503,0.0006071838,0.0014814379,0.009724857,4.527898e-10,0.0006743128,0.0016698847,0.011998277,1.4168254e-08,0.15491551,0.77030313,1.0,-1.0,-0.02291771293431669,0.050138624589600014,-0.0016603337195791616,-0.29027256618629893,-1.1458856467158345,0.37931677499383826,-0.4256847546030299,-2.011250021319759,0.115213916,0.35490513,1.0,-1.0,20,-0.03226236782251875,0.05214222329467737,-0.0009454245920672408,-0.32758003517762035,-1.6131183911259375,0.5776610276886468,-0.7530354111201087,-3.091159013215551,0.07609876107779015,0.3953830291062966,1.0,-1.0,0.02291771293431669,0.050138624589600014,0.29027256618629893,0.0016603337195791616,0.003584442701058093,0.001557955525212267,0.007407949787276543,0.0019081530727879962,0.033323596212283695,0.07609177089926848,0.49849095996354903,0.0021339035989927646,0.005169726921170663,0.002335972288414057,0.012254098258733429,0.0025221871107894978,0.02291771293431669,0.050138624589600014,0.29027256618629893,0.0016603337195791616,0.003584442701058093,0.001557955525212267,0.007407949787276543,0.0019081530727879962,0.8771428571428571,0.3282731565421127,1.0,0.0,1.0,0.0,1.0,1.0,-1.1458856467158345,544004,138000,2760,13.143288064180524,1.3309155690076295,1.4245374620513758,15.89874109523953,2237.8910909637634,137
0.0010342918,0.0012401058,1.173666,-1.2644647,0.85783494,-0.65686345,-5.42899,-1.2703075,0.8631825,-0.6586606,-5.4877973,-1.2538812,0.8540383,-0.6459039,-5.456776,0.0010342919,0.00367023,0.039234295,2.8533819e-08,0.0012401058,0.0046313945,0.049996495,3.3028925e-07,0.091015965,0.7774987,1.0,-1.0,-0.025229622917637525,0.051641537731046606,-0.0028061712820274197,-0.3080675885662521,-1.261481145881876,0.4923047451629182,-0.4452378325021637,-2.128382701613495,0.11178583,0.3732953,1.0,-1.0,20,-0.033960681053285625,0.05045284498562122,-0.0013892798814253585,-0.3102408822593987,-1.6980340526642812,0.6070466688762319,-0.8132313638940174,-3.2907362990598936,0.1252826338527325,0.39710461143870257,1.0,-1.0,0.025229622917637525,0.051641537731046606,0.3080675885662521,0.0028061712820274197,0.004986949876313766,0.0010183582237739597,0.007072175254802967,0.0030814282423782357,0.03605369073100929,0.07512188262673267,0.5050204689076836,0.003638327515273432,0.007598294983866398,0.001405733051106885,0.009874647053376276,0.004573191011023631,0.025229622917637525,0.051641537731046606,0.3080675885662521,0.0028061712820274197,0.004986949876313766,0.0010183582237739597,0.007072175254802967,0.0030814282423782357,0.8714285714285714,0.33472498611028517,1.0,0.0,1.0,0.0,1.0,1.0,-1.261481145881876,548004,139000,2780,13.465105441733613,1.2588034750078805,1.4480681878485484,16.17197710459004,2254.0815985503286,138
0.0005074163,0.0005771187,1.0180949,-1.1029892,0.6049567,-0.6395307,-4.1718936,-1.105068,0.60653275,-0.63810253,-4.1749187,-1.1037002,0.6086291,-0.6377746,-4.161692,0.0005074163,0.0009562002,0.0049640853,9.643522e-10,0.0005771187,0.0011629406,0.0063699824,1.0754776e-07,0.051544294,0.77965593,1.0,-1.0,-0.019403778689008392,0.04462679239223408,-0.0018121669110841632,-0.304943792747135,-0.9701889344504195,0.4572072299977723,-0.26061060569510397,-1.936145841108735,0.068807274,0.33219764,1.0,-1.0,20,-0.03141672545247474,0.04538990106444477,-0.0011114917840689945,-0.2663480639378994,-1.5708362726237366,0.44574671925609716,-0.616029065294517,-2.506119678007013,0.06489602325192559,0.394504672891273,1.0,-1.0,0.019403778689008392,0.04462679239223408,0.304943792747135,0.0018121669110841632,0.0037127992496306713,0.0014835276817968498,0.007469469207887888,0.002147771915744192,0.02706276277674878,0.06311250246391768,0.5057867994222933,0.003060062492499502,0.005953773726463842,0.002538422782098216,0.01274201261191138,0.0035923142537623853,0.019403778689008392,0.04462679239223408,0.304943792747135,0.0018121669110841632,0.0037127992496306713,0.0014835276817968498,0.007469469207887888,0.002147771915744192,0.8904761904761904,0.31229528442037324,1.0,0.0,1.0,0.0,1.0,1.0,-0.9701889344504195,552004,140000,2800,12.90234235994285,1.2773885159986094,1.4234320916584693,15.603162967599928,2269.7118605119467,139
0.0007792388,0.0008345045,1.1495695,-1.251091,0.80596405,-0.63777775,-4.0920897,-1.2494538,0.80592513,-0.6379541,-4.0825086,-1.255831,0.80754167,-0.6425858,-3.9941454,0.00077923876,0.001866847,0.014686397,2.8654767e-10,0.0008345045,0.0017557982,0.011976715,9.555379e-11,-0.019542813,0.7626979,1.0,-1.0,-0.023566985385863954,0.05149088229459278,-0.0025804886940539442,-0.32191247321676325,-1.1783492692931974,0.5759425839621002,-0.23830236692460866,-2.6504085296468833,0.090750866,0.36667007,1.0,-1.0,20,-0.029249084851381,0.045408196128483465,-0.0006969723165224718,-0.28306011394609754,-1.4624542425690499,0.4141364641174121,-0.7628874956483669,-2.368889143542911,0.09695609568008955,0.40040573582179523,1.0,-1.0,0.023566985385863954,0.05149088229459278,0.32191247321676325,0.0025804886940539442,0.0048924837385585385,0.0017768106420351449,0.010447784054724426,0.0026076397304176605,0.03475257679797643,0.07803932406120957,0.5378836250522161,0.0038485279646503084,0.007436021948070588,0.0025134959880768683,0.013880109053079653,0.004314356545920828,0.023566985385863954,0.05149088229459278,0.32191247321676325,0.0025804886940539442,0.0048924837385585385,0.0017768106420351449,0.010447784054724426,0.0026076397304176605,0.8828571428571429,0.32159043543498816,1.0,0.0,1.0,0.0,1.0,1.0,-1.1783492692931974,556004,141000,2820,12.934384702981333,1.3046727270120755,1.4063001231406815,15.64535755313409,2285.323088730045,140
0.00053080724,0.00053825096,1.0211756,-1.1140845,0.64661974,-0.65273106,-5.042706,-1.1111463,0.6455288,-0.6488173,-5.050855,-1.1183896,0.65070134,-0.6584235,-4.996989,0.00053080724,0.0014218168,0.012351943,1.7524972e-08,0.00053825096,0.0016489677,0.014230927,1.4582739e-08,0.084412165,0.78724194,1.0,-1.0,-0.02007573076269946,0.046923784610236,-0.0014904343421871967,-0.28413161793510794,-1.0037865381349729,0.39956183054295086,-0.3840865880690099,-1.8159284009883006,0.08178088,0.34551963,1.0,-1.0,20,-0.029050948850760313,0.04477477957411577,-0.0005752998347015436,-0.28527455504708005,-1.4525474425380156,0.3993869512329166,-0.830686318557412,-2.2850047442533956,0.0905378678905045,0.3858821620139521,1.0,-1.0,0.02007573076269946,0.046923784610236,0.28413161793510794,0.0014904343421871967,0.003111030141735648,0.00111034546701515,0.005666491789760217,0.001564540472263407,0.028913450897970223,0.06864102191476745,0.44243468359092886,0.002082816754464187,0.004925910688905573,0.0019343477007815624,0.00936763328708795,0.0021638536664544752,0.02007573076269946,0.046923784610236,0.28413161793510794,0.0014904343421871967,0.003111030141735648,0.00111034546701515,0.005666491789760217,0.001564540472263407,0.8866666666666667,0.31699982474583305,1.0,0.0,1.0,0.0,1.0,1.0,-1.0037865381349729,560004,142000,2840,12.665608450042782,1.2707031220052158,1.3707181010831846,15.307029673131183,2300.632822053216,141
0.00041491375,0.00043476204,1.0459802,-1.1498272,0.66627073,-0.6361418,-4.789403,-1.1437323,0.66228884,-0.6326583,-4.7502813,-1.1454763,0.6631677,-0.6318241,-4.7425036,0.00041491375,0.0007747665,0.0058023,3.6448032e-08,0.00043476207,0.0010287014,0.005960511,1.5488922e-08,0.05048861,0.78046983,1.0,-1.0,-0.026382767050969015,0.053826094583766304,-0.001617169202978279,-0.33708469653039186,-1.319138352548451,0.6754741588997912,-0.42658682595891473,-2.704411939531521,0.12599096,0.39457306,1.0,-1.0,20,-0.03315917701926277,0.052287597819360244,-0.00124699567601606,-0.3219369941967561,-1.6579588509631384,0.5360848466994027,-0.9466407819800066,-2.918349972905185,0.09502729999977631,0.4217642975689409,1.0,-1.0,0.026382767050969015,0.053826094583766304,0.33708469653039186,0.001617169202978279,0.00470593516919558,0.0032045555891042736,0.016775138598125603,0.0026603548286925154,0.03871825283143922,0.08167612704842157,0.5797271908154347,0.002373052611672234,0.007215240220517881,0.004885992327010901,0.02483597849930136,0.004065951669986828,0.026382767050969015,0.053826094583766304,0.33708469653039186,0.001617169202978279,0.00470593516919558,0.0032045555891042736,0.016775138598125603,0.0026603548286925154,0.8723809523809524,0.33366514097797945,1.0,0.0,1.0,0.0,1.0,1.0,-1.319138352548451,564004,143000,2860,13.03445604944136,1.2748738010122906,1.4224917032843223,15.731821553737973,2316.3646880099404,142
0.0005610886,0.00069584337,1.1131384,-1.2079685,0.74116063,-0.6514005,-4.240167,-1.2062321,0.738881,-0.65342253,-4.218885,-1.2071834,0.7391442,-0.6467577,-4.1784863,0.0005610886,0.0010643095,0.0066160527,5.4626526e-11,0.00069584337,0.0012682204,0.0066319252,5.293401e-10,0.12837099,0.8048957,1.0,-1.0,-0.02172089804673708,0.049011511937625624,-0.002470120303583094,-0.3094742986808305,-1.0860449023368537,0.45347474704776497,-0.31426676761664296,-1.9113068344525685,0.068004414,0.3429705,1.0,-1.0,20,-0.03315163598484467,0.052111262097107654,-0.0005541472599147142,-0.3189059482378626,-1.6575817992422337,0.6402230098386299,-0.8526503323827174,-2.9001109655487376,0.1215682612897263,0.4024572821571174,1.0,-1.0,0.02172089804673708,0.049011511937625624,0.3094742986808305,0.002470120303583094,0.004301813620279036,0.0010107165239583232,0.006696888398666807,0.0024815498803487093,0.03154244608345604,0.07417662819789357,0.5352092059393332,0.0034877153535414693,0.006499355383475024,0.0018920093577276449,0.011466399010871708,0.003537041982171238,0.02172089804673708,0.049011511937625624,0.3094742986808305,0.002470120303583094,0.004301813620279036,0.0010107165239583232,0.006696888398666807,0.0024815498803487093,0.8857142857142857,0.318157963590287,1.0,0.0,1.0,0.0,1.0,1.0,-1.0860449023368537,568004,144000,2880,12.63425314828055,1.2740222989959875,1.4093430359789636,15.317618483255501,2331.668190875207,143
0.001042733,0.00097495643,1.0792886,-1.1696681,0.7444309,-0.639359,-4.4302835,-1.1704297,0.7445332,-0.64028543,-4.401766,-1.1735046,0.7473147,-0.6381505,-4.287307,0.001042733,0.0026776723,0.020442354,3.3427483e-09,0.00097495643,0.0024399576,0.014701715,1.4551915e-09,0.022115013,0.77684164,1.0,-1.0,-0.024129831325211428,0.051780500928312365,-0.0007630796892323597,-0.2951816405888111,-1.2064915662605715,0.5758061143003954,-0.3010646968115764,-2.2656717399910447,0.10081273,0.3760569,1.0,-1.0,20,-0.03275452343380056,0.050878065808462235,-0.0008133147341092021,-0.2849978633434116,-1.6377261716900278,0.4185466724029471,-0.7855723734489859,-2.315566806042362,0.10059033015128689,0.40931438156267164,1.0,-1.0,0.024129831325211428,0.051780500928312365,0.2951816405888111,0.0007630796892323597,0.004210484491504289,0.004111656772455827,0.02066040355221745,0.0008372819187926705,0.034466034225237176,0.07448187304113933,0.46374383157734556,0.0008971473417009046,0.006684823582985179,0.006656276284525988,0.03300009770867543,0.0009325691479262627,0.024129831325211428,0.051780500928312365,0.2951816405888111,0.0007630796892323597,0.004210484491504289,0.004111656772455827,0.02066040355221745,0.0008372819187926705,0.8761904761904762,0.32936412315791586,1.0,0.0,1.0,0.0,1.0,1.0,-1.2064915662605715,572004,145000,2900,12.604810690085287,1.2600078429968562,1.3796908217045711,15.244509354786715,2346.8992315610085,144
0.0008198912,0.0006836331,1.0387627,-1.1338958,0.66443664,-0.64454526,-4.1583505,-1.1349753,0.66432685,-0.6444068,-4.1904907,-1.1413035,0.67799103,-0.64109635,-4.2700944,0.0008198913,0.0021075336,0.013157667,2.2489587e-08,0.0006836331,0.001936406,0.0137044825,5.293401e-10,0.123674534,0.7656203,1.0,-1.0,-0.02076592277799313,0.048778310012805755,-0.0010222923309489563,-0.28550695852153585,-1.0382961388996566,0.49230477173443205,-0.32874460834496894,-1.9856576944098625,0.08415331,0.3516113,1.0,-1.0,20,-0.03063862068828297,0.04961703814544869,-0.001088737372300898,-0.3106802277555538,-1.5319310344141484,0.5905114393455879,-0.5947309824749455,-2.608032319178836,0.09669554064984194,0.38829556379275904,1.0,-1.0,0.02076592277799313,0.048778310012805755,0.28550695852153585,0.0010222923309489563,0.0033714105248300345,0.0016915630509723655,0.009394445288677637,0.0012518844090822893,0.030240817810894324,0.07239747761213762,0.4715491468464098,0.001735755693323654,0.0050786461491596595,0.002511460092494165,0.01456144438606033,0.002072330811948339,0.02076592277799313,0.048778310012805755,0.28550695852153585,0.0010222923309489563,0.0033714105248300345,0.0016915630509723655,0.009394445288677637,0.0012518844090822893,0.8876190476190476,0.3158345673337586,1.0,0.0,1.0,0.0,1.0,1.0,-1.0382961388996566,576004,146000,2920,13.421518101895344,1.2466034579992993,1.4343751371343387,16.102496697028982,2363.035290025029,145
0.00068494526,0.00064194587,1.1584965,-1.2575989,0.85068744,-0.65361744,-5.581951,-1.2573615,0.85435003,-0.65363777,-5.6131773,-1.2584692,0.85322595,-0.655437,-5.6496425,0.00068494526,0.001768407,0.012758261,3.0925982e-09,0.00064194587,0.0013403412,0.008373174,2.4770408e-09,0.005024048,0.8016092,1.0,-1.0,-0.019228842073289083,0.04654936086211334,-0.0008267107955842395,-0.3108498085414495,-0.9614421036644542,0.435112640220436,-0.20156168843832045,-1.9094197745977264,0.08832501,0.3432355,1.0,-1.0,20,-0.03471854932617802,0.05112245062038494,-0.001128702377431167,-0.3163928559535091,-1.7359274663089006,0.4909852629980343,-0.9917856707084581,-2.740402125995837,0.12113948377749288,0.399521298986414,1.0,-1.0,0.019228842073289083,0.04654936086211334,0.3108498085414495,0.0008267107955842395,0.0026523508511314808,0.001209293078377817,0.00522245557493212,0.0010157730885066425,0.028376909038873153,0.07063596592819033,0.5271172295196718,0.0012395991635887615,0.004228382978428402,0.0021495755387266283,0.008724104952959222,0.0016232755494021145,0.019228842073289083,0.04654936086211334,0.3108498085414495,0.0008267107955842395,0.0026523508511314808,0.001209293078377817,0.00522245557493212,0.0010157730885066425,0.8923809523809524,0.3098986740994818,1.0,0.0,1.0,0.0,1.0,1.0,-0.9614421036644542,580004,147000,2940,12.975498967061867,1.2807714189984836,1.4319290899002226,15.688199475960573,2378.818311952011,146
0.00060838903,0.00069838244,1.1572112,-1.2559111,0.87982476,-0.647177,-4.94359,-1.2562212,0.87757885,-0.64481246,-4.9109197,-1.2597115,0.8873241,-0.6432692,-5.0333962,0.000608389,0.001462745,0.008065132,3.5700864e-08,0.00069838244,0.0020218047,0.015000512,4.1208956e-09,0.13002701,0.7678587,1.0,-1.0,-0.024350490117987813,0.053729297013485444,-0.0010972228363268677,-0.30671651470328176,-1.2175245058993909,0.41467844995927117,-0.16892406307652091,-2.1752231859805597,0.10833163,0.367305,1.0,-1.0,20,-0.031501116149621325,0.04870899442339867,-0.0014015097335973088,-0.2976709142542476,-1.5750558074810663,0.39517980845965395,-0.9896660461314087,-2.3509261295301718,0.10643954615070447,0.3993216544245147,1.0,-1.0,0.024350490117987813,0.053729297013485444,0.30671651470328176,0.0010972228363268677,0.0029143652828040947,0.001462889746119295,0.007164996901018283,0.0013059854604634841,0.035864732299578275,0.08227991445685091,0.5275563695055188,0.0016067305499300188,0.004295589201555067,0.002457188450487943,0.011166412817417981,0.0016786483140398475,0.024350490117987813,0.053729297013485444,0.30671651470328176,0.0010972228363268677,0.0029143652828040947,0.001462889746119295,0.007164996901018283,0.0013059854604634841,0.8704761904761905,0.3357787847530714,1.0,0.0,1.0,0.0,1.0,1.0,-1.2175245058993909,584004,148000,2960,13.165409721113974,1.3757236400124384,1.4346478657971602,15.975781226923573,2394.663717777934,147
0.00093771046,0.00079574424,1.0731456,-1.1654878,0.6419592,-0.6283934,-3.8334868,-1.1647967,0.6424828,-0.6283598,-3.828224,-1.1769888,0.6479077,-0.6328608,-3.812485,0.00093771046,0.0023471012,0.018880635,1.0149756e-07,0.0007957443,0.0017134512,0.011707256,4.3520743e-08,0.005870603,0.7954527,1.0,-1.0,-0.023783125639344697,0.05395220216662831,-0.0011593485407218774,-0.3116769902001271,-1.189156281967235,0.3938716746214592,-0.45097446362144195,-1.7962660514541704,0.09791948,0.358303,1.0,-1.0,20,-0.03078139201052666,0.04662081519834887,-0.0016025205375721553,-0.26561533591142716,-1.5390696005263327,0.502617340425197,-0.7357989074027699,-2.758462528521718,0.08510904703735073,0.3959092111086771,1.0,-1.0,0.023783125639344697,0.05395220216662831,0.3116769902001271,0.0011593485407218774,0.003023243991201318,0.0005977876438914661,0.003914999298559874,0.0018394224823462969,0.03448889961271182,0.08090040076361026,0.5373711143937125,0.0018048267352035602,0.00476045312094937,0.0009455073903440651,0.006249198461339978,0.0031028435333240803,0.023783125639344697,0.05395220216662831,0.3116769902001271,0.0011593485407218774,0.003023243991201318,0.0005977876438914661,0.003914999298559874,0.0018394224823462969,0.8704761904761905,0.3357787847530714,1.0,0.0,1.0,0.0,1.0,1.0,-1.189156281967235,588004,149000,2980,12.660378952219617,1.245216685012565,1.379267226686352,15.284862863918534,2409.9729787168326,148
0.0010371502,0.0011920065,1.1599815,-1.2536998,0.8499086,-0.6383769,-5.266774,-1.2564235,0.8545124,-0.64347345,-5.2402654,-1.2560034,0.8560576,-0.6428307,-5.301618,0.0010371502,0.0026794146,0.02108166,1.3393588e-09,0.0011920065,0.0041029337,0.04112921,3.165548e-08,0.09573579,0.7822956,1.0,-1.0,-0.02393096840582372,0.04882241098921576,-0.0029196284861779938,-0.28182631741885894,-1.1965484202911862,0.3252026300690507,-0.5079456152547588,-1.889542992478211,0.10086307,0.34874305,1.0,-1.0,20,-0.0335781780500693,0.05358032696650016,-0.0017519889039290762,-0.3185315111721971,-1.6789089025034651,0.6818118307833151,-0.826940450288781,-2.737504550234356,0.14443728541585643,0.4138685310513611,1.0,-1.0,0.02393096840582372,0.04882241098921576,0.28182631741885894,0.0029196284861779938,0.005100861276353513,0.0007364682397878746,0.006550641792117603,0.003052346623343994,0.03396006908836417,0.07081695527126076,0.44050332890278776,0.004359819612726107,0.0077657364333541,0.001196737583026943,0.009393450237276849,0.0045360634651967074,0.02393096840582372,0.04882241098921576,0.28182631741885894,0.0029196284861779938,0.005100861276353513,0.0007364682397878746,0.006550641792117603,0.003052346623343994,0.8752380952380953,0.330448743199435,1.0,0.0,1.0,0.0,1.0,1.0,-1.1965484202911862,592004,150000,3000,12.760948366005323,1.2698327169928234,1.3773369687987724,15.408118051796919,2425.3750085155916,149
0.0009146411,0.00079589547,1.1014493,-1.1913247,0.74390525,-0.63515615,-5.272369,-1.1932352,0.74602145,-0.6384587,-5.2679915,-1.1946137,0.75479305,-0.6335209,-5.467804,0.000914641,0.0035772277,0.038194858,2.877698e-13,0.0007958954,0.0036048722,0.039925,4.0371475e-09,0.023820965,0.78150797,1.0,-1.0,-0.022920814662141478,0.05287033292454534,-0.0005977268462264216,-0.3366530415501841,-1.1460407331070739,0.5764608248249429,-0.2276699628553765,-2.391567881516305,0.08472466,0.36130184,1.0,-1.0,20,-0.03320633817338332,0.05293964524681834,-0.0010523720106766382,-0.3156227475406152,-1.6603169086691654,0.48756909022436534,-0.9640584055983609,-2.624683109132947,0.11227809122540608,0.41211430150467304,1.0,-1.0,0.022920814662141478,0.05287033292454534,0.3366530415501841,0.0005977268462264216,0.003220700977000255,0.0017157592977489536,0.009920136153871422,0.0010227395477892319,0.03385969977093808,0.08247320561917308,0.576436296265703,0.0008438233746169144,0.004810295587906869,0.0022782586784880474,0.013166443606040412,0.0013234994203991657,0.022920814662141478,0.05287033292454534,0.3366530415501841,0.0005977268462264216,0.003220700977000255,0.0017157592977489536,0.009920136153871422,0.0010227395477892319,0.8819047619047619,0.3227208590011918,1.0,0.0,1.0,0.0,1.0,1.0,-1.1460407331070739,596004,151000,3020,12.289437960163923,1.2647194049932295,1.4426577389240265,14.996815104081179,2440.6483883876936,150
0.0006040727,0.0005992588,1.0580032,-1.1474569,0.74171394,-0.653549,-4.6162734,-1.1474879,0.7416904,-0.65085006,-4.6259375,-1.1509666,0.7474498,-0.6509903,-4.6438384,0.0006040727,0.0020228967,0.020409234,1.5607839e-08,0.00059925875,0.0023136088,0.024169553,1.3634182e-08,0.04821391,0.76524377,1.0,-1.0,-0.01969506492604814,0.043199745756917145,-0.0014509768919505385,-0.29055735969838453,-0.984753246302407,0.5112023692003446,-0.25989032116172206,-2.3978031429868256,0.09623427,0.32675672,1.0,-1.0,20,-0.03333003762427833,0.052650888824309,-0.0011401698978549828,-0.2960267267627373,-1.6665018812139163,0.6113442151897727,-0.7562077811241797,-3.1120038449896823,0.09341738355016835,0.41200166555873285,1.0,-1.0,0.01969506492604814,0.043199745756917145,0.29055735969838453,0.0014509768919505385,0.004415293586293313,0.0032966388792773707,0.017659597786557003,0.0018112063728874723,0.028022732310392345,0.06321453713281083,0.4982327692927898,0.0020720693622958905,0.006583333918709643,0.004014771021682763,0.021932835527699562,0.003043238351983113,0.01969506492604814,0.043199745756917145,0.29055735969838453,0.0014509768919505385,0.004415293586293313,0.0032966388792773707,0.017659597786557003,0.0018112063728874723,0.8971428571428571,0.30377220251433174,1.0,0.0,1.0,0.0,1.0,1.0,-0.984753246302407,600004,152000,3040,12.533793677925132,1.5430174610082759,1.381860085981316,15.458671224914724,2468.2641807306063,151
0.0009732669,0.00083718094,1.0812066,-1.1791322,0.7444801,-0.64302117,-4.8644333,-1.1790762,0.7458416,-0.65086746,-4.8331184,-1.1780088,0.7400617,-0.64411235,-4.7216206,0.0009732669,0.0041089705,0.040729634,1.8097698e-08,0.0008371809,0.0029747472,0.029072622,9.9319095e-09,0.027993547,0.76863414,1.0,-1.0,-0.026583679615108345,0.05501286240488809,-0.0021453484588513203,-0.32311695975340976,-1.3291839807554173,0.3750502918391875,-0.6299726397130525,-1.928786061723737,0.11613735,0.36903134,1.0,-1.0,20,-0.032439466832718575,0.050116896340718406,-0.0008031644884958316,-0.28783509599000723,-1.621973341635929,0.4129768182911986,-1.007148855130477,-2.6597261719979306,0.08478549340511454,0.39802984877157344,1.0,-1.0,0.026583679615108345,0.05501286240488809,0.32311695975340976,0.0021453484588513203,0.004959400765171606,0.0016720326313885018,0.011282372009068863,0.0030555771996805935,0.039402774786483276,0.08360512286297768,0.5496464324684638,0.002877207218636213,0.007670361077472934,0.0024719189518566083,0.015916289244829837,0.004163211573995601,0.026583679615108345,0.05501286240488809,0.32311695975340976,0.0021453484588513203,0.004959400765171606,0.0016720326313885018,0.011282372009068863,0.0030555771996805935,0.8628571428571429,0.3439981015609694,1.0,0.0,1.0,0.0,1.0,1.0,-1.3291839807554173,604004,153000,3060,12.816710704748402,1.2122126780013787,1.4229529610747704,15.451876343824551,2483.8088885674224,152
0.0009923498,0.0009508057,1.1490214,-1.2598289,0.8448192,-0.6507306,-4.278595,-1.2594924,0.8444119,-0.6507037,-4.29392,-1.2611797,0.84059703,-0.6556633,-4.223766,0.0009923498,0.0031758682,0.02720776,4.8466973e-09,0.0009508058,0.0023398409,0.016356856,1.24234845e-08,-0.090063415,0.7667853,1.0,-1.0,-0.020419508773750258,0.047617419098873064,-0.0006684037896247153,-0.31178483213909397,-1.020975438687513,0.5184197361086303,-0.3000663285780989,-2.181281888581269,0.10363002,0.3648674,1.0,-1.0,20,-0.03281402659288439,0.049952376468301495,-0.0015893805500689188,-0.305653334282804,-1.6407013296442194,0.5475078865510528,-0.5430898694503652,-2.756543639324775,0.12187406894397779,0.4010399734673723,1.0,-1.0,0.020419508773750258,0.047617419098873064,0.31178483213909397,0.0006684037896247153,0.0027550162483538873,0.002650505464155453,0.013591366122686757,0.0009209793566666004,0.029637227272827513,0.07227934102911855,0.5348655614336773,0.0007884332208002234,0.004155347224046672,0.004375347257732518,0.02204356588139464,0.0010172703754928875,0.020419508773750258,0.047617419098873064,0.31178483213909397,0.0006684037896247153,0.0027550162483538873,0.002650505464155453,0.013591366122686757,0.0009209793566666004,0.8857142857142857,0.318157963590287,1.0,0.0,1.0,0.0,1.0,1.0,-1.020975438687513,608004,154000,3080,12.500887165224412,1.3054321689996868,1.3682682907092385,15.174587624933338,2498.9239224173507,153
0.0010342866,0.0010731805,1.1975482,-1.3057915,0.81753117,-0.65720063,-4.801704,-1.3072535,0.81859714,-0.65712035,-4.8041854,-1.3019199,0.8210991,-0.6561911,-4.9608583,0.0010342866,0.00275125,0.025330128,1.2423484e-10,0.0010731805,0.0028326751,0.024546415,2.5270058e-08,0.044567246,0.78976077,1.0,-1.0,-0.02253523170060274,0.05188364729025309,-0.00017372261336294723,-0.2962458830909673,-1.1267615850301371,0.41477759923615687,-0.22690473494020477,-1.8894469946759345,0.107439585,0.37408268,1.0,-1.0,20,-0.028959647359844246,0.04527228593840343,-0.0007184309663437656,-0.2584117640413372,-1.4479823679922126,0.5880109461320718,-0.6038893988982216,-3.190469585167882,0.0947318375050366,0.38445076947050905,1.0,-1.0,0.02253523170060274,0.05188364729025309,0.2962458830909673,0.00017372261336294723,0.002572954069865006,0.0015306687401546223,0.00811484525139981,0.0005479177947653128,0.03322504243346361,0.07939791786135027,0.4874674123450338,0.0002030642570031438,0.0038587819922048052,0.002475866010197954,0.013508346781815811,0.0008950959988790197,0.02253523170060274,0.05188364729025309,0.2962458830909673,0.00017372261336294723,0.002572954069865006,0.0015306687401546223,0.00811484525139981,0.0005479177947653128,0.8742857142857143,0.33152707895680655,1.0,0.0,1.0,0.0,1.0,1.0,-1.1267615850301371,612004,155000,3100,13.02774703684554,1.245763168000849,1.3917114699288504,15.665221674775239,2515.072849340111,154
0.0006503415,0.0007324162,1.035351,-1.1280477,0.53693885,-0.65684736,-3.0125878,-1.1309266,0.542947,-0.6431851,-3.0278533,-1.1338735,0.5447774,-0.6597402,-3.0887945,0.0006503415,0.00128835,0.007175219,3.072742e-09,0.0007324162,0.0015421476,0.011258796,2.4798524e-08,0.076626725,0.7944877,1.0,-1.0,-0.021134239845933035,0.05090921133464953,-0.0008896634587392655,-0.3048344045752094,-1.056711992296652,0.4596092751135139,-0.3848297083050126,-1.9428235640134615,0.091146395,0.34847778,1.0,-1.0,20,-0.034848306459653956,0.05211435402574647,-0.001315547043703866,-0.3260809500605036,-1.7424153229826977,0.778794762253317,-0.469844791877716,-3.426999319719886,0.10731627500478819,0.4181965907719488,1.0,-1.0,0.021134239845933035,0.05090921133464953,0.3048344045752094,0.0008896634587392655,0.002395589542231345,0.0007153764307058966,0.004113742852215777,0.0014150199118529952,0.030293876003784817,0.07593928622693276,0.5222185290099562,0.0015363452304526515,0.0037106035538392776,0.0010144921947979166,0.006068718314547486,0.0020281673338545803,0.021134239845933035,0.05090921133464953,0.3048344045752094,0.0008896634587392655,0.002395589542231345,0.0007153764307058966,0.004113742852215777,0.0014150199118529952,0.8790476190476191,0.3260719284058826,1.0,0.0,1.0,0.0,1.0,1.0,-1.056711992296652,616004,156000,3120,12.821099948734627,1.729977388997213,1.4131515239278087,15.964228861659649,2530.5427317438007,155
0.0007324063,0.00074521964,1.1265892,-1.2248027,0.78470916,-0.64625436,-4.6979895,-1.2262846,0.78480417,-0.6411933,-4.702721,-1.227479,0.790467,-0.64345336,-4.7939878,0.0007324063,0.0022596628,0.022063287,1.1485227e-08,0.00074521964,0.0019976543,0.017940877,2.4356837e-09,-0.019416163,0.7697791,1.0,-1.0,-0.022376793845800134,0.05081452537505068,-0.0008660054111460296,-0.31966268302785567,-1.1188396922900066,0.5295951737250613,-0.27631234805666105,-2.549477346602933,0.10870466,0.3562656,1.0,-1.0,20,-0.03256151930329167,0.050753025085783096,-0.00130212457979269,-0.27693428020268673,-1.6280759651645833,0.5284941012026615,-0.7142278174530106,-2.7259622042825633,0.08241037834687581,0.4075507503631307,1.0,-1.0,0.022376793845800134,0.05081452537505068,0.31966268302785567,0.0008660054111460296,0.003141070344970533,0.0019221083066243469,0.007758551432996347,0.0010125890904478455,0.03154621674648289,0.07497683611376392,0.5510906019667912,0.0012812638593342751,0.0044699109967154035,0.0022768731537154874,0.008266057783833047,0.0014050408142192994,0.022376793845800134,0.05081452537505068,0.31966268302785567,0.0008660054111460296,0.003141070344970533,0.0019221083066243469,0.007758551432996347,0.0010125890904478455,0.88,0.32496153618543844,1.0,0.0,1.0,0.0,1.0,1.0,-1.1188396922900066,620004,157000,3140,13.13489943165041,1.2358110969944391,1.447372399023152,15.818082927668002,2546.2940897354856,156
0.00031692302,0.00033689552,1.0370091,-1.1291485,0.674785,-0.65285754,-4.349527,-1.1269577,0.6723316,-0.6460351,-4.3548703,-1.1305231,0.6721625,-0.6556016,-4.288863,0.00031692302,0.0005843876,0.0036800846,7.5729645e-11,0.00033689546,0.0006875481,0.004356942,6.707083e-09,-0.014215979,0.8209065,1.0,-1.0,-0.021568858312533856,0.04787319399166417,-0.0004444910428061845,-0.3016818987723787,-1.0784429156266928,0.4485290229295286,-0.2519221601383975,-1.9509635045492273,0.075719394,0.34452862,1.0,-1.0,20,-0.02817983974745054,0.04366086823817852,-0.00084870161862731,-0.2662471216126382,-1.408991987372527,0.4359254479793227,-0.7448506133090379,-2.5677070190683486,0.052648873258381135,0.38624965318393806,1.0,-1.0,0.021568858312533856,0.04787319399166417,0.3016818987723787,0.0004444910428061845,0.003946032069859424,0.002648964334159166,0.01368374092183715,0.0014710084755559325,0.03088227833660526,0.07095683246629246,0.5152025497443,0.0004992702138720828,0.005976670966883946,0.004001820720625394,0.021833629418688924,0.002200668500751665,0.021568858312533856,0.04787319399166417,0.3016818987723787,0.0004444910428061845,0.003946032069859424,0.002648964334159166,0.01368374092183715,0.0014710084755559325,0.8876190476190476,0.3158345673337586,1.0,0.0,1.0,0.0,1.0,1.0,-1.0784429156266928,624004,158000,3160,13.191666667975369,1.1696068589953938,1.4311672680196352,15.792440794990398,2562.018399290464,157
0.0009998882,0.0010450959,1.1095196,-1.213504,0.6905568,-0.6576755,-3.8814893,-1.2162248,0.69638646,-0.6527281,-3.897956,-1.2111139,0.68634933,-0.64938575,-3.7754483,0.0009998882,0.0032293797,0.020769091,6.4556502e-09,0.0010450957,0.0026585136,0.017833672,3.1549519e-10,0.11142593,0.7822505,1.0,-1.0,-0.021332625937790423,0.04232285994009429,-0.0017792134318133778,-0.2802697017991956,-1.0666312968895213,0.4625933924247498,-0.21453101377331693,-2.1969180483508954,0.081888236,0.37015405,1.0,-1.0,20,-0.029615572663234075,0.05004909551398955,-0.0006368706255230102,-0.3250037645822616,-1.4807786331617037,0.4261456454001089,-0.7393215948905671,-2.308968773119514,0.082335119473099,0.39104214605145726,1.0,-1.0,0.021332625937790423,0.04232285994009429,0.2802697017991956,0.0017792134318133778,0.00577811034228484,0.0030819234545912525,0.011622313425770407,0.0018933593883923897,0.03019187946490159,0.06323991180652414,0.48184433793691395,0.0023444203084986848,0.00797365772034935,0.004027162834221855,0.015053794172269208,0.002345910071962193,0.021332625937790423,0.04232285994009429,0.2802697017991956,0.0017792134318133778,0.00577811034228484,0.0030819234545912525,0.011622313425770407,0.0018933593883923897,0.8961904761904762,0.305013289179281,1.0,0.0,1.0,0.0,1.0,1.0,-1.0666312968895213,628004,159000,3180,13.149057533868472,1.101498134987196,1.3822148747422034,15.632770543597871,2577.689471621052,158
0.000557679,0.0005364734,1.1451743,-1.2476964,0.7800004,-0.653844,-4.542209,-1.244575,0.7801621,-0.6479793,-4.518662,-1.248447,0.7789337,-0.6536383,-4.533272,0.000557679,0.0011802873,0.0072367857,1.4551915e-11,0.00053647335,0.0011346712,0.006762337,5.2632746e-08,0.025700448,0.80279183,1.0,-1.0,-0.022354497683248237,0.05104991160044243,-0.0004411632954705623,-0.2778032635493857,-1.1177248841624117,0.49169828594405157,-0.23073630976492282,-1.7370059053925109,0.11267849,0.34989405,1.0,-1.0,20,-0.030181294391871647,0.048059696584989736,-0.0015525476982168114,-0.3057114058959432,-1.5090647195935822,0.40073829959664514,-0.8135462779120228,-2.2282205557403953,0.10367791651055051,0.4049058979009325,1.0,-1.0,0.022354497683248237,0.05104991160044243,0.2778032635493857,0.0004411632954705623,0.002950430718608509,0.0017895407680447331,0.007495279595251592,0.0006205407580295812,0.03117078735737561,0.07346816632407571,0.44385730467490425,0.0006629069834211687,0.004309245838722298,0.002490725560404974,0.011137341492959418,0.0009852002509132193,0.022354497683248237,0.05104991160044243,0.2778032635493857,0.0004411632954705623,0.002950430718608509,0.0017895407680447331,0.007495279595251592,0.0006205407580295812,0.8790476190476191,0.3260719284058826,1.0,0.0,1.0,0.0,1.0,1.0,-1.1177248841624117,632004,160000,3200,14.024966621946078,1.1394518879969837,1.522566849773284,16.686985359716346,2594.5105194657954,159
0.00064628094,0.0007258186,1.0769492,-1.1815399,0.6550846,-0.6449349,-3.901299,-1.1785562,0.6522778,-0.6474815,-3.8847663,-1.1848301,0.6588796,-0.641963,-3.874375,0.00064628094,0.0014392898,0.007800636,2.0327434e-08,0.0007258186,0.0016494665,0.010573603,7.003166e-09,0.09033012,0.81668997,1.0,-1.0,-0.020856097108924988,0.04880658707624195,-0.0004375121186084816,-0.32435550349166403,-1.0428048554462492,0.48436579831961146,-0.3264794600268786,-2.14220014041854,0.09278057,0.35972637,1.0,-1.0,20,-0.029079215850689028,0.04482873435706773,-0.0013999976013907972,-0.288167078861244,-1.4539607925344513,0.563404611336711,-0.8311596348028905,-2.9468626795809887,0.08361039357526706,0.38908631293045715,1.0,-1.0,0.020856097108924988,0.04880658707624195,0.32435550349166403,0.0004375121186084816,0.0029604374391838557,0.0013783642578316328,0.006906589970393472,0.0015182267927079547,0.030367555828648276,0.07486346138863392,0.5586674950691795,0.0006473887659285485,0.004368984027165264,0.0016836173754345744,0.009175822678010898,0.0022554521170043695,0.020856097108924988,0.04880658707624195,0.32435550349166403,0.0004375121186084816,0.0029604374391838557,0.0013783642578316328,0.006906589970393472,0.0015182267927079547,0.8857142857142857,0.318157963590287,1.0,0.0,1.0,0.0,1.0,1.0,-1.0428048554462492,636004,161000,3220,13.139467020970187,1.274154835002264,1.4508130851463648,15.864434941118816,2610.3981383529026,160
0.00059890596,0.0004005782,1.0856643,-1.1871532,0.7748549,-0.6339393,-4.5980835,-1.1924124,0.7801066,-0.6410465,-4.635236,-1.1953157,0.78415656,-0.63147616,-4.6974287,0.00059890596,0.0013384566,0.00986947,3.1974423e-12,0.0004005782,0.0007375711,0.003867959,1.2704646e-09,0.15440285,0.7606004,1.0,-1.0,-0.01966895031968008,0.04558054441185263,-0.0015980123418938576,-0.2958577849992186,-0.9834475159840039,0.4163158535632692,-0.45082085693614293,-1.7753603309851438,0.084325306,0.33588377,1.0,-1.0,20,-0.03442247458467324,0.05439067293610898,-0.001384658879855161,-0.3208840633881748,-1.7211237292336623,0.5980304336845117,-0.9323162600415486,-2.7745922285159836,0.10502097933760894,0.3986936209956673,1.0,-1.0,0.01966895031968008,0.04558054441185263,0.2958577849992186,0.0015980123418938576,0.003455913805496996,0.0014786439312863239,0.007717022036688075,0.0016825314177680414,0.02763101000192997,0.06677484017375426,0.5093918613940069,0.0020574464985768093,0.0048995791281654455,0.0020306790841326337,0.009543662076213835,0.0023299238867272726,0.01966895031968008,0.04558054441185263,0.2958577849992186,0.0015980123418938576,0.003455913805496996,0.0014786439312863239,0.007717022036688075,0.0016825314177680414,0.8885714285714286,0.3146621122695886,1.0,0.0,1.0,0.0,1.0,1.0,-0.9834475159840039,640004,162000,3240,13.42333327815868,1.2987341539992485,1.4793988780729705,16.2014663102309,2626.659344815125,161
0.0006203653,0.00044242124,1.1231385,-1.2380298,0.7201229,-0.63213974,-3.852735,-1.2371701,0.7199172,-0.6307093,-3.84743,-1.2366891,0.7227243,-0.6307357,-3.805527,0.00062036526,0.0012311505,0.0075105596,1.6575541e-10,0.00044242127,0.00084851525,0.006546693,6.972165e-10,0.032340117,0.8059952,1.0,-1.0,-0.02111542053454777,0.04841347106877148,-0.0017437437997566405,-0.30132948380687985,-1.0557710267273883,0.5005727226236825,-0.33163307521187413,-2.2271921969387924,0.07582593,0.37161887,1.0,-1.0,20,-0.03233073139871103,0.05071542707478601,-0.0012675939973597228,-0.3286812777706562,-1.6165365699355516,0.498584622055774,-0.6230129789388738,-2.710003353763631,0.10130823805711331,0.3998405116890675,1.0,-1.0,0.02111542053454777,0.04841347106877148,0.30132948380687985,0.0017437437997566405,0.0033426011601124465,0.0009048002689813737,0.005266784036510081,0.001829061442235293,0.03061684391333704,0.07275598398374207,0.5184950648939224,0.002716203527151795,0.004959859163368897,0.0013088543159725367,0.008511956665524567,0.0029794229750101237,0.02111542053454777,0.04841347106877148,0.30132948380687985,0.0017437437997566405,0.0033426011601124465,0.0009048002689813737,0.005266784036510081,0.001829061442235293,0.8838095238095238,0.3204531938257233,1.0,0.0,1.0,0.0,1.0,1.0,-1.0557710267273883,644004,163000,3260,13.62494614564639,1.3574921709951013,1.4938809502054937,16.476319266846986,2643.07013762297,162
0.0004827379,0.00059096754,1.0570872,-1.1517997,0.67805016,-0.6229007,-4.039418,-1.153195,0.6781603,-0.61787117,-4.05935,-1.1473837,0.67573994,-0.61897177,-4.0345035,0.0004827379,0.0009539629,0.006468453,2.5080912e-08,0.0005909676,0.0012532757,0.010294757,2.3264878e-08,0.10859141,0.79790455,1.0,-1.0,-0.022635021235539367,0.049765498720269405,-0.0012825564691352003,-0.30512388250916683,-1.1317510617769682,0.4216441546129642,-0.3590572505966465,-2.192622816560965,0.09288402,0.35769525,1.0,-1.0,20,-0.03298477261945001,0.053115902170646614,-0.0016200998429948491,-0.29295112515454924,-1.6492386309725002,0.7339242052154632,-0.6462483303494919,-3.5336463164121716,0.11077637647100662,0.3968274857963951,1.0,-1.0,0.022635021235539367,0.049765498720269405,0.30512388250916683,0.0012825564691352003,0.0036204074824288768,0.0018026287444214803,0.009763539212876272,0.0016333074675703425,0.03239539204195859,0.07359038547360384,0.5050878561091078,0.001977937350071561,0.0055515817254816035,0.0023026617241961884,0.013055223128289717,0.0024750395335006725,0.022635021235539367,0.049765498720269405,0.30512388250916683,0.0012825564691352003,0.0036204074824288768,0.0018026287444214803,0.009763539212876272,0.0016333074675703425,0.8761904761904762,0.32936412315791586,1.0,0.0,1.0,0.0,1.0,1.0,-1.1317510617769682,648004,164000,3280,13.451946045912337,1.2922364539990667,1.4684529521182412,16.212635452029645,2659.3374078030174,163
0.00038992157,0.0004719321,1.0770385,-1.1711009,0.712061,-0.62943196,-4.6818852,-1.1686647,0.7101163,-0.6285915,-4.6581435,-1.1728125,0.71383643,-0.62554365,-4.6986284,0.00038992157,0.0009951107,0.0057351724,6.1527885e-09,0.00047193217,0.001239184,0.007735704,6.218418e-09,-0.0068000765,0.78153634,1.0,-1.0,-0.025084061371579966,0.054164206372492765,-0.0011434067064284342,-0.3137973187443465,-1.2542030685789982,0.48485433199056405,-0.48380178978760663,-2.4722604116879645,0.109156184,0.37571496,1.0,-1.0,20,-0.03096734390256492,0.05104564887293538,-0.0018121742884814615,-0.33224919412873627,-1.548367195128246,0.5796211514831772,-0.5687540533968121,-2.551707119860009,0.10045578358641252,0.3959474333844546,1.0,-1.0,0.025084061371579966,0.054164206372492765,0.3137973187443465,0.0011434067064284342,0.0035190518472936437,0.0018670992672365097,0.008336978198059997,0.0017504978788196125,0.03597333847088476,0.08119386647181102,0.5410132703130633,0.0014738073594436837,0.005411496107605879,0.0026592698504022917,0.011689398519094701,0.0027362784102467896,0.025084061371579966,0.054164206372492765,0.3137973187443465,0.0011434067064284342,0.0035190518472936437,0.0018670992672365097,0.008336978198059997,0.0017504978788196125,0.8666666666666667,0.339934634239519,1.0,0.0,1.0,0.0,1.0,1.0,-1.2542030685789982,652004,165000,3300,13.7764228170563,1.3467024379933719,1.4841977663600119,16.607323021409684,2675.919709678419,164
0.0006787026,0.0005783734,1.0914605,-1.1996204,0.7213445,-0.6291935,-3.8608222,-1.1988475,0.7201537,-0.62444234,-3.8529673,-1.1991342,0.72168434,-0.6244418,-3.888828,0.0006787026,0.001350251,0.0076753045,2.0791369e-09,0.00057837344,0.0012017076,0.0063707246,2.877698e-13,0.10101229,0.7979474,1.0,-1.0,-0.021188286903342624,0.050115310940475555,-0.0002559901688529671,-0.31069195718824283,-1.0594143451671312,0.4309051688787229,-0.3624079400674319,-1.940529299823739,0.07874858,0.3623924,1.0,-1.0,20,-0.028221126663087327,0.04523046745464448,-0.0007056978258132995,-0.2913074041291121,-1.4110563331543662,0.503699216168614,-0.5725805918395049,-2.2990742771771946,0.07180052773528108,0.4009815309725159,1.0,-1.0,0.021188286903342624,0.050115310940475555,0.31069195718824283,0.0002559901688529671,0.002873688642075259,0.001916876928259594,0.007343653171714219,0.0002578231061156064,0.03126063507562142,0.0770101243128271,0.5161441899553636,0.0004049352865298783,0.004074089962063436,0.0026334119291141537,0.009556249179460852,0.0004124205859075136,0.021188286903342624,0.050115310940475555,0.31069195718824283,0.0002559901688529671,0.002873688642075259,0.001916876928259594,0.007343653171714219,0.0002578231061156064,0.8819047619047619,0.32272085900119185,1.0,0.0,1.0,0.0,1.0,1.0,-1.0594143451671312,656004,166000,3320,13.573891919004382,1.3220198519993573,1.5237794469867367,16.419691217990476,2692.3711023933865,165
0.00053100404,0.00058348716,1.0268247,-1.1213133,0.6563044,-0.63171613,-4.8242292,-1.1169451,0.65631187,-0.63123125,-4.8490386,-1.1200621,0.66170245,-0.6292507,-4.834846,0.00053100404,0.0013625056,0.009517893,7.366907e-11,0.00058348716,0.001396095,0.009473193,4.942855e-10,0.028178,0.8009077,1.0,-1.0,-0.022622334410237345,0.04870114400876417,-0.0021729859166911094,-0.313490066739186,-1.1311167205118673,0.46029479602016843,-0.40722716770123685,-2.2060721560643533,0.10663686,0.3556018,1.0,-1.0,20,-0.03099884712872585,0.04633849418439436,-0.0008587795266583283,-0.3025737997097213,-1.5499423564362924,0.5978559752959698,-0.7606689776095577,-3.0970484368329285,0.0963251491253417,0.4117915319963038,1.0,-1.0,0.022622334410237345,0.04870114400876417,0.313490066739186,0.0021729859166911094,0.004399048930646175,0.001258590744754014,0.00768552739270287,0.0031726613093208678,0.03252100588346716,0.07219983060321195,0.5375004852549465,0.003042612280020833,0.006876147524096617,0.0016510991094112546,0.011057581166941471,0.005098063253018231,0.022622334410237345,0.04870114400876417,0.313490066739186,0.0021729859166911094,0.004399048930646175,0.001258590744754014,0.00768552739270287,0.0031726613093208678,0.88,0.32496153618543844,1.0,0.0,1.0,0.0,1.0,1.0,-1.1311167205118673,660004,167000,3340,14.207531840729644,1.3538215540029341,1.526899400021648,17.088252794754226,2709.4290067691472,166
0.000641587,0.00054978306,0.985025,-1.0728626,0.5571571,-0.63564277,-3.6163373,-1.074096,0.5598636,-0.6354643,-3.6305194,-1.0790222,0.559406,-0.6349554,-3.5786126,0.0006415871,0.001311106,0.008435401,5.9671947e-09,0.0005497831,0.0011146817,0.005925424,1.5010215e-11,-0.015900023,0.80485684,1.0,-1.0,-0.024706031468153346,0.054700786302002855,-0.0012936912760519647,-0.30985748102267535,-1.2353015734076673,0.464951179905032,-0.38360478320068625,-1.9899346980473613,0.079956345,0.3802994,1.0,-1.0,20,-0.03053039855952345,0.050011817054693174,-0.0011463305530159112,-0.32909506321309234,-1.5265199279761728,0.5785215100198438,-0.6356279288427228,-2.58860770100576,0.11588699381747464,0.39222286390780364,1.0,-1.0,0.024706031468153346,0.054700786302002855,0.30985748102267535,0.0012936912760519647,0.004309102554277578,0.0015542571022278953,0.006738324663773319,0.0013100861486184353,0.03691013518307624,0.08525988549587867,0.48921941161506344,0.0013770784341936015,0.006192350110087805,0.002155287333334729,0.009233182990501299,0.0015404618001719772,0.024706031468153346,0.054700786302002855,0.30985748102267535,0.0012936912760519647,0.004309102554277578,0.0015542571022278953,0.006738324663773319,0.0013100861486184353,0.8733333333333333,0.33259919155377127,1.0,0.0,1.0,0.0,1.0,1.0,-1.2353015734076673,664004,168000,3360,13.296974097072962,1.3244820870022522,1.4192039371700957,16.04066012124531,2725.473961183394,167
0.00073782564,0.00063912995,1.0050964,-1.0959201,0.6117622,-0.6234917,-3.577807,-1.0986259,0.6134375,-0.62572336,-3.5750751,-1.1028078,0.62105274,-0.6253222,-3.5538692,0.00073782564,0.0023862536,0.021644434,3.0208923e-08,0.0006391299,0.0021282872,0.020597408,7.3550055e-10,0.12207434,0.7843272,1.0,-1.0,-0.021070717723468316,0.048483303412563024,-0.0014692961393162854,-0.3062224736738543,-1.0535358861734159,0.40791118557017153,-0.4264605410617274,-1.912438153405645,0.07739211,0.37062824,1.0,-1.0,20,-0.03382796641934183,0.05052842767596247,-0.0008193011881949934,-0.2972991953139596,-1.6913983209670913,0.6927890855658374,-0.7665874926364897,-2.9989795260365852,0.08919733477212897,0.3993385660098893,1.0,-1.0,0.021070717723468316,0.048483303412563024,0.3062224736738543,0.0014692961393162854,0.0036912696332948866,0.001244781902539003,0.008073083769877658,0.002304145218722035,0.030780973647557223,0.07313394873656197,0.5293082410182534,0.0023860220154407336,0.005755404599456515,0.001972872593419645,0.012446790382266593,0.003530242457801397,0.021070717723468316,0.048483303412563024,0.3062224736738543,0.0014692961393162854,0.0036912696332948866,0.001244781902539003,0.008073083769877658,0.002304145218722035,0.8847619047619047,0.31930906132459025,1.0,0.0,1.0,0.0,1.0,1.0,-1.0535358861734159,668004,169000,3380,13.310191474010935,1.3295819780032616,1.47543788299663,16.115211335010827,2741.5976410633884,168
0.00071672606,0.0006493089,1.0342611,-1.1296031,0.64716405,-0.6172697,-4.298923,-1.1304586,0.6459915,-0.6145725,-4.289246,-1.1345501,0.65618545,-0.6081895,-4.4234867,0.0007167261,0.0018760958,0.0155161135,1.4930279e-10,0.00064930896,0.0019343317,0.018020546,1.1256418e-10,0.07581156,0.7814242,1.0,-1.0,-0.01846320473283224,0.045870679586762185,-0.0003992751700792391,-0.2737433948270798,-0.9231602366416121,0.38679618511526276,-0.0910287493087523,-1.5190924116293183,0.09198162,0.3356574,1.0,-1.0,20,-0.026563305649631892,0.04232530646966677,-0.0007528373179869818,-0.2534590494393327,-1.328165282481595,0.46545781839370837,-0.6575846773990689,-2.523842767809909,0.06297530956376617,0.3748632589263449,1.0,-1.0,0.01846320473283224,0.045870679586762185,0.2737433948270798,0.0003992751700792391,0.0018581772434707882,0.0011090355964964713,0.004645336854829566,0.0005519674241912168,0.025611624146970085,0.06655953828512678,0.4568581315050352,0.000615282015157842,0.0024774954877572995,0.0015877772749571051,0.007751438898665072,0.0008795354919753917,0.01846320473283224,0.045870679586762185,0.2737433948270798,0.0003992751700792391,0.0018581772434707882,0.0011090355964964713,0.004645336854829566,0.0005519674241912168,0.8866666666666667,0.3169998247458331,1.0,0.0,1.0,0.0,1.0,1.0,-0.9231602366416121,672004,170000,3400,13.565886071010027,1.3370477999997092,1.5222000082867453,16.42513387929648,2758.05130346668,169
0.00045149305,0.0004197224,1.0819103,-1.1807517,0.762293,-0.63516146,-3.923354,-1.1832778,0.764637,-0.63488775,-3.924399,-1.1838304,0.76486605,-0.6301895,-3.894265,0.00045149302,0.0010072105,0.005681151,5.4036775e-12,0.0004197224,0.0010095037,0.0067852954,1.6621584e-09,0.04104818,0.7987954,1.0,-1.0,-0.0222041622539148,0.04789985534430292,-0.00042543361142286076,-0.29227604378361255,-1.11020811269574,0.4498916065256211,-0.3055718245029694,-2.201148787241298,0.13112181,0.3520337,1.0,-1.0,20,-0.03132895845721612,0.04836858137759332,-0.0013079990315728984,-0.3098187146728948,-1.5664479228608061,0.6792983441660028,-0.612635152742088,-3.680027268775485,0.07651426002436156,0.3950893312824052,1.0,-1.0,0.0222041622539148,0.04789985534430292,0.29227604378361255,0.00042543361142286076,0.004514312975425781,0.0025586231081069564,0.009990224191619823,0.00053393011495536,0.03224443562688797,0.0731372618142951,0.4945141860049573,0.0006971820821725372,0.006346657129208324,0.003985827755604172,0.016301312537899793,0.0008198264079541662,0.0222041622539148,0.04789985534430292,0.29227604378361255,0.00042543361142286076,0.004514312975425781,0.0025586231081069564,0.009990224191619823,0.00053393011495536,0.8819047619047619,0.3227208590011918,1.0,0.0,1.0,0.0,1.0,1.0,-1.11020811269574,676004,171000,3420,13.670810048031854,1.3657470879988978,1.4922307996748714,16.528787935705623,2774.540150416389,170
0.00050790154,0.00056442973,1.0586933,-1.156645,0.7286949,-0.6117417,-4.721292,-1.1582417,0.7297801,-0.6089397,-4.7282023,-1.161166,0.7328064,-0.6085925,-4.694515,0.00050790154,0.001213825,0.009013186,1.3648105e-08,0.0005644298,0.0014965495,0.013347955,2.4424494e-08,0.0028468545,0.76116854,1.0,-1.0,-0.02349752939664566,0.05031455516242446,-0.0013262330831205688,-0.2750184109225455,-1.1748764698322833,0.49469693080803256,-0.31408946810622895,-2.1442755148246224,0.082983546,0.3876408,1.0,-1.0,20,-0.032280178173022846,0.052895721242140384,-0.0013286081309078432,-0.31391353131870775,-1.6140089086511424,0.48820593312815064,-0.7786227330612827,-2.4573078386732896,0.09897945470639267,0.4052082203749132,1.0,-1.0,0.02349752939664566,0.05031455516242446,0.2750184109225455,0.0013262330831205688,0.003697714888213516,0.0019128590323717496,0.008009792327765112,0.0015422747412738797,0.03360431713950366,0.07439776841493577,0.44994276062144617,0.0016709819567278655,0.005279342269408318,0.0028686554847685165,0.012105607243426686,0.0018354600256040299,0.02349752939664566,0.05031455516242446,0.2750184109225455,0.0013262330831205688,0.003697714888213516,0.0019128590323717496,0.008009792327765112,0.0015422747412738797,0.8742857142857143,0.33152707895680655,1.0,0.0,1.0,0.0,1.0,1.0,-1.1748764698322833,680004,172000,3440,13.952308480191277,1.3260966070083668,1.4950712549762102,16.773476342175854,2791.366450483605,171
0.0006851391,0.0007615331,1.1568158,-1.26073,0.86438507,-0.6232374,-4.52232,-1.260263,0.8621981,-0.6254808,-4.542411,-1.2538176,0.860289,-0.62007064,-4.4143,0.00068513904,0.0017297196,0.0116682835,5.930417e-09,0.00076153316,0.0020309272,0.0164124,1.5056436e-09,0.0463195,0.7968855,1.0,-1.0,-0.019518692545759473,0.04644869217062892,-0.0006606768293426246,-0.2770337259771934,-0.9759346272879739,0.36790513887224485,-0.2551105702826678,-1.780175809816886,0.079046644,0.3509166,1.0,-1.0,20,-0.03602368608982334,0.054857305968684586,-0.00132033827520735,-0.34198173521770336,-1.801184304491167,0.8144154856555378,-0.7050784186696617,-3.373115153408236,0.11275964739638109,0.3929652981394038,1.0,-1.0,0.019518692545759473,0.04644869217062892,0.2770337259771934,0.0006606768293426246,0.0028930085082805833,0.0013625696341310154,0.005501987351608807,0.000896259444279892,0.028445640415757693,0.06997629868559468,0.46251535420747203,0.0010239544553803798,0.004344469578055445,0.001918368756787091,0.007911619931444874,0.001506361766519998,0.019518692545759473,0.04644869217062892,0.2770337259771934,0.0006606768293426246,0.0028930085082805833,0.0013625696341310154,0.005501987351608807,0.000896259444279892,0.8885714285714286,0.31466211226958857,1.0,0.0,1.0,0.0,1.0,1.0,-0.9759346272879739,684004,173000,3460,14.07504762194003,1.3791724479960976,1.5391493131173775,16.993369383053505,2808.3463819356693,172
0.001205966,0.0010886895,1.061116,-1.1564748,0.8005656,-0.63507843,-4.9284983,-1.1571825,0.7991792,-0.6373147,-4.90815,-1.147927,0.7837376,-0.63813347,-4.677523,0.001205966,0.0060558585,0.06298852,6.8780537e-12,0.0010886895,0.0054261005,0.05318884,4.2728573e-08,0.046736043,0.7826891,1.0,-1.0,-0.025446027008291607,0.05187637141037007,-0.0017065718722655077,-0.3141403324758562,-1.2723013504145804,0.6314522130050957,-0.39171334294145566,-2.6992912965140574,0.13815822,0.38371655,1.0,-1.0,20,-0.030482287338689004,0.0473629846435018,-0.0016990790100218827,-0.319624686252104,-1.5241143669344503,0.5326592231092492,-0.7231005255275587,-2.8960601659733096,0.06928611696118381,0.397923653199301,1.0,-1.0,0.025446027008291607,0.05187637141037007,0.3141403324758562,0.0017065718722655077,0.0057785790095003136,0.0027452578909301253,0.014095660276939544,0.0019429585888951688,0.03776130941526228,0.08170935809488797,0.5424564397109503,0.0025269566003709443,0.007981003195953677,0.003066305701509503,0.016254556366444767,0.003176845788508159,0.025446027008291607,0.05187637141037007,0.3141403324758562,0.0017065718722655077,0.0057785790095003136,0.0027452578909301253,0.014095660276939544,0.0019429585888951688,0.8847619047619047,0.31930906132459025,1.0,0.0,1.0,0.0,1.0,1.0,-1.2723013504145804,688004,174000,3480,14.010202664794633,1.3664380389964208,1.5091773883177666,16.88581809210882,2825.2099541597854,173
0.0007768212,0.00074228435,1.027843,-1.1202971,0.55277646,-0.6254488,-3.0391245,-1.1222997,0.5549646,-0.6239784,-3.0503204,-1.1151302,0.55080724,-0.6237693,-3.019498,0.0007768212,0.00221893,0.020047018,4.7312056e-09,0.00074228435,0.0020464433,0.01773022,1.5710988e-09,0.15157467,0.7978004,1.0,-1.0,-0.023560967102350536,0.05113647839237009,-0.0006623746373543358,-0.2909067327447711,-1.1780483551175271,0.3693102153568863,-0.4307464192658722,-1.7904615889699604,0.12685795,0.35853612,1.0,-1.0,20,-0.030181897435812535,0.04545027011532995,-0.0013530098367849552,-0.28258612844890446,-1.509094871790627,0.4669489499203924,-0.47408689497018,-2.4996892587283153,0.11415797878672633,0.41086258986618457,1.0,-1.0,0.023560967102350536,0.05113647839237009,0.2909067327447711,0.0006623746373543358,0.0037822655224624803,0.0020933427679552512,0.008214946511979985,0.0009858775345879187,0.03375910460876475,0.0776022852269945,0.4697419403591119,0.0009437563908808594,0.004744618475638364,0.0023906973484832867,0.010491775944379278,0.0016106838352569208,0.023560967102350536,0.05113647839237009,0.2909067327447711,0.0006623746373543358,0.0037822655224624803,0.0020933427679552512,0.008214946511979985,0.0009858775345879187,0.8733333333333333,0.33259919155377127,1.0,0.0,1.0,0.0,1.0,1.0,-1.1780483551175271,692004,175000,3500,14.07337772520259,1.3444824910111492,1.552733848016942,16.97059406423068,2842.1582181630074,174
0.000565991,0.0004899073,1.0371159,-1.1276085,0.59766936,-0.6155275,-3.6953154,-1.1260974,0.59535104,-0.61032224,-3.6676211,-1.1255264,0.59358937,-0.610285,-3.672182,0.00056599104,0.0013433838,0.01107287,1.2119759e-08,0.00048990734,0.001232015,0.010833333,1.4069101e-10,0.12403665,0.7833659,1.0,-1.0,-0.02504238290243946,0.05034824343719397,-0.00222427439998876,-0.2862392581957546,-1.2521191451219726,0.3959594031271389,-0.7485252385195661,-1.978223647439154,0.10114041,0.3713433,1.0,-1.0,20,-0.03133322633319682,0.048080219491306024,-0.0015843924520834198,-0.2904338620952909,-1.566661316659841,0.5470142960664635,-0.7680495866045173,-3.118782172585463,0.0769975875251863,0.3871171278283668,1.0,-1.0,0.02504238290243946,0.05034824343719397,0.2862392581957546,0.00222427439998876,0.00557730320275125,0.0021990322518113193,0.009863455309962731,0.002255510289073656,0.0353248938926639,0.07301074617641524,0.4568788421915633,0.0029187882975920086,0.008148406711441503,0.0028434686133899994,0.012823014135591115,0.002991663364357515,0.02504238290243946,0.05034824343719397,0.2862392581957546,0.00222427439998876,0.00557730320275125,0.0021990322518113193,0.009863455309962731,0.002255510289073656,0.8704761904761905,0.3357787847530714,1.0,0.0,1.0,0.0,1.0,1.0,-1.2521191451219726,696004,176000,3520,14.622969245814602,1.321853050001664,1.5757713401690125,17.52059363598528,2859.7139819979784,175
0.00074868416,0.00070685777,1.033653,-1.1258643,0.718567,-0.61433375,-3.994484,-1.1259032,0.71782535,-0.6131479,-4.0065346,-1.1303647,0.73163694,-0.6130786,-4.1500163,0.00074868416,0.0032808557,0.027657533,2.3830218e-09,0.00070685777,0.003014491,0.026289344,4.8052904e-09,-0.0014257965,0.7861164,1.0,-1.0,-0.022811853781576946,0.049406694314942344,-0.0008718323146842278,-0.27554895984192995,-1.1405926890788476,0.40590972252465823,-0.40069808319076816,-1.9474459005624833,0.09326876,0.36046243,1.0,-1.0,20,-0.03373804595215525,0.05175293281999422,-0.0013919417144371473,-0.29402402297946517,-1.686902297607763,0.6125128231238834,-0.7017716960440127,-2.975499794391533,0.06668584975825421,0.40393403472556555,1.0,-1.0,0.022811853781576946,0.049406694314942344,0.27554895984192995,0.0008718323146842278,0.003638050110434656,0.0017498638723140198,0.009513119994958423,0.001327615400962129,0.03230203317586876,0.07149651033915669,0.4361288201303273,0.001298892902682161,0.005515370816280259,0.0028709393492229703,0.014882096929649313,0.0021931117004760983,0.022811853781576946,0.049406694314942344,0.27554895984192995,0.0008718323146842278,0.003638050110434656,0.0017498638723140198,0.009513119994958423,0.001327615400962129,0.8733333333333333,0.3325991915537712,1.0,0.0,1.0,0.0,1.0,1.0,-1.1405926890788476,700004,177000,3540,14.189637435789336,1.3573470949922921,1.595187125276425,17.142171656058053,2876.8795617190335,176
0.0007477847,0.000648834,1.0657661,-1.1540111,0.6192374,-0.62628245,-3.2414932,-1.1530356,0.61735916,-0.6235268,-3.1971498,-1.152569,0.61361426,-0.62279254,-3.1762896,0.0007477846,0.0023560682,0.023290778,1.7808475e-09,0.000648834,0.0019238867,0.018379949,1.2960655e-10,0.054416627,0.795144,1.0,-1.0,-0.024300334182940378,0.05199040361515967,-0.0017227237464501708,-0.34822617983890375,-1.215016709147019,0.34730398435727167,-0.5807924015674439,-2.135935974169397,0.087956846,0.3678333,1.0,-1.0,20,-0.031916871957967025,0.05054683204488693,-0.0012429774889021925,-0.30139501361276816,-1.5958435978983512,0.45483022123910366,-0.8749873808269225,-2.3224521257315613,0.08792484484958717,0.40915635426808833,1.0,-1.0,0.024300334182940378,0.05199040361515967,0.34822617983890375,0.0017227237464501708,0.004451699544193233,0.0011063460790535892,0.008246652686150375,0.002679964831429312,0.03566231053745387,0.07891267212241017,0.6013530166839486,0.002408288043818707,0.006965797867253964,0.0016555522122338137,0.011001309283911437,0.003369662143008805,0.024300334182940378,0.05199040361515967,0.34822617983890375,0.0017227237464501708,0.004451699544193233,0.0011063460790535892,0.008246652686150375,0.002679964831429312,0.8723809523809524,0.33366514097797945,1.0,0.0,1.0,0.0,1.0,1.0,-1.215016709147019,704004,178000,3560,14.314548810725682,1.381832373997895,1.5581833307951456,17.254564515518723,2894.077963468575,177
0.00055620365,0.0004940653,1.108819,-1.1970387,0.75899595,-0.6173992,-4.221194,-1.1950037,0.7581655,-0.6179021,-4.203966,-1.1958327,0.7583389,-0.6161138,-4.2507267,0.00055620365,0.0014595507,0.010826684,1.5948132e-07,0.0004940652,0.00096921244,0.005926819,7.0986417e-10,0.007453223,0.7864716,1.0,-1.0,-0.029428738237373415,0.04899393487437949,-0.0009103430390027512,-0.34280864347848117,-1.471436911868671,0.5569668269975255,-0.5979891611859647,-2.709880379727858,0.14141718,0.38390604,1.0,-1.0,20,-0.0317827708278099,0.050647678503687246,-0.0014633848183759292,-0.3256523469317943,-1.589138541390495,0.4742027157309917,-0.9580603211800105,-2.741768166056026,0.13027589455581387,0.42173894013329594,1.0,-1.0,0.029428738237373415,0.04899393487437949,0.34280864347848117,0.0009103430390027512,0.011423957679474064,0.0034315470566460777,0.017548156274056547,0.002282287690286057,0.040652955662289374,0.07717131400617962,0.5892174379151949,0.001275096019817623,0.013117847871303262,0.0036834954337918633,0.01900621147519138,0.0032933292247569468,0.029428738237373415,0.04899393487437949,0.34280864347848117,0.0009103430390027512,0.011423957679474064,0.0034315470566460777,0.017548156274056547,0.002282287690286057,0.8819047619047619,0.3227208590011918,1.0,0.0,1.0,0.0,1.0,1.0,-1.471436911868671,708004,179000,3580,14.015620833073626,1.3255727009964176,1.4910150727664586,16.832208606836502,2910.8797135213827,178
0.000425171,0.000414773,0.98732734,-1.0730922,0.5521209,-0.6214254,-3.0623565,-1.0698283,0.5495882,-0.62034285,-3.0312214,-1.0716437,0.5537422,-0.6233787,-3.082513,0.000425171,0.0012331526,0.011668644,4.9467985e-09,0.000414773,0.00097437506,0.007021554,8.723649e-09,0.17788096,0.781474,1.0,-1.0,-0.023557134209009203,0.05073324895699588,-0.0004894224128090809,-0.2778318235937237,-1.17785671045046,0.3784709533460408,-0.393793181906788,-1.7662018619907656,0.08565746,0.35623494,1.0,-1.0,20,-0.03183040225176242,0.04950248923885371,-0.000683122064673451,-0.3173720384732491,-1.5915201125881207,0.42947934843741037,-0.9822439699948886,-2.648413773639444,0.10566035653518555,0.3944206232603434,1.0,-1.0,0.023557134209009203,0.05073324895699588,0.2778318235937237,0.0004894224128090809,0.0042619392520540506,0.0023862170799966607,0.009688466679298983,0.0004894224128090809,0.03257827104015822,0.07368380657973725,0.4535349574973824,0.0008272004466347276,0.005574086044977516,0.002937738521124207,0.012053188924953245,0.0008272004466347276,0.023557134209009203,0.05073324895699588,0.2778318235937237,0.0004894224128090809,0.0042619392520540506,0.0023862170799966607,0.009688466679298983,0.0004894224128090809,0.8704761904761905,0.3357787847530714,1.0,0.0,1.0,0.0,1.0,1.0,-1.17785671045046,712004,180000,3600,13.340099776323768,1.2949686719948659,1.4610958262783242,16.09616427459696,2926.9760748519766,179
0.000944476,0.0010262626,1.0382512,-1.1411352,0.69767815,-0.6068877,-3.9428782,-1.1418546,0.69577837,-0.6058817,-3.8917236,-1.1430488,0.70362604,-0.6067223,-3.995936,0.00094447593,0.002459178,0.015930071,1.2033894e-09,0.0010262626,0.002999693,0.018997312,1.0632917e-08,0.09276104,0.75871754,1.0,-1.0,-0.022149756027534665,0.04438340865671428,-0.0031910404367590807,-0.2980678716837285,-1.1074878013767329,0.5506576436704829,-0.37789857834905727,-2.5739648846973866,0.08116386,0.351903,1.0,-1.0,20,-0.030020867900843556,0.049929700664437436,-0.0007578189410482921,-0.2988364273348696,-1.501043395042178,0.6523103075255076,-0.6362163388522494,-3.2968814965633206,0.10033637182675398,0.3986020080269606,1.0,-1.0,0.022149756027534665,0.04438340865671428,0.2980678716837285,0.0031910404367590807,0.006552265401533939,0.0021942551322099617,0.012706517902735918,0.003686591126777094,0.03173785090686355,0.06588067323647785,0.5018137299476289,0.004711297763826436,0.009745869315654012,0.0027462320066443183,0.01789924066538426,0.005489705520212881,0.022149756027534665,0.04438340865671428,0.2980678716837285,0.0031910404367590807,0.006552265401533939,0.0021942551322099617,0.012706517902735918,0.003686591126777094,0.8971428571428571,0.30377220251433174,1.0,0.0,1.0,0.0,1.0,1.0,-1.1074878013767329,716004,181000,3620,13.140903021354461,1.2952966230077436,1.4436380231345538,15.879837667496759,2942.872949798504,180
0.00076023175,0.00080565945,1.0641247,-1.1663563,0.7327189,-0.5945256,-4.295744,-1.1630332,0.7324345,-0.5935588,-4.290207,-1.1662824,0.7374957,-0.6014831,-4.304533,0.00076023175,0.0017879173,0.010635105,1.5149091e-09,0.00080565945,0.0020511542,0.013076022,1.432543e-09,0.082228564,0.80875653,1.0,-1.0,-0.021410540466890275,0.04531189356195826,-0.0017593759281901516,-0.2765463198488299,-1.0705270233445137,0.5176469486847937,-0.2242823220158208,-1.8488137930687345,0.10498611,0.35200596,1.0,-1.0,20,-0.036483277940239076,0.056989380831241714,-0.0009667613769701981,-0.3198795144085207,-1.8241638970119538,0.9654622988943278,-0.6435178669366659,-5.034105936815719,0.08567523377634977,0.40637414242916015,1.0,-1.0,0.021410540466890275,0.04531189356195826,0.2765463198488299,0.0017593759281901516,0.005110059361413006,0.002294222827784631,0.012189875839863537,0.0024982672265036325,0.02999180712560013,0.06375208994753874,0.45007632076637305,0.002657611041725641,0.007868587689503196,0.00351356833999851,0.020383134419905066,0.0038406346083323176,0.021410540466890275,0.04531189356195826,0.2765463198488299,0.0017593759281901516,0.005110059361413006,0.002294222827784631,0.012189875839863537,0.0024982672265036325,0.8904761904761904,0.31229528442037324,1.0,0.0,1.0,0.0,1.0,1.0,-1.0705270233445137,720004,182000,3640,13.686648551985854,1.3129324089968577,1.484994585669483,16.484575546652195,2959.4274136001186,181
0.0005281152,0.0004690341,1.0327115,-1.1313825,0.7222874,-0.6270797,-4.022312,-1.1260103,0.71898824,-0.62443924,-4.0235314,-1.1290896,0.7173332,-0.6244559,-4.0315843,0.0005281152,0.0014452221,0.012486226,1.39139935e-08,0.00046903407,0.0013828811,0.013476625,6.004086e-13,0.071950935,0.7796011,1.0,-1.0,-0.021985895454006577,0.04820714043400685,-0.0018820575598084324,-0.3124706955417221,-1.0992947727003286,0.5130542838363215,-0.3310054403926824,-2.348850776477203,0.106367365,0.35889253,1.0,-1.0,20,-0.03200079700229112,0.05057468615684837,-0.000717588877085599,-0.30042847019034186,-1.6000398501145567,0.5816691499599258,-0.7426482508059787,-2.4924261114138977,0.1047289590047632,0.40337744631670774,1.0,-1.0,0.021985895454006577,0.04820714043400685,0.3124706955417221,0.0018820575598084324,0.004667954330412729,0.0013634828581914917,0.007857493994372085,0.002512351610734381,0.032925789708350604,0.07550199826753781,0.5404773807133946,0.0030596382494401247,0.0068338550589778675,0.0018779911875887146,0.010589055040160993,0.0034830798335652724,0.021985895454006577,0.04820714043400685,0.3124706955417221,0.0018820575598084324,0.004667954330412729,0.0013634828581914917,0.007857493994372085,0.002512351610734381,0.8914285714285715,0.3111007448872274,1.0,0.0,1.0,0.0,1.0,1.0,-1.0992947727003286,724004,183000,3660,13.355786952015478,1.3835692619904876,1.4609528230357682,16.200309037041734,2975.467240812155,182
0.000723736,0.00079975184,1.0508554,-1.1497068,0.7206497,-0.61312425,-4.2963905,-1.1469631,0.71859336,-0.60793227,-4.2684975,-1.1504824,0.72192377,-0.61219656,-4.304029,0.000723736,0.0013105368,0.006283337,3.1740374e-08,0.00079975184,0.0017073391,0.012528407,3.363457e-09,0.024239898,0.78890216,1.0,-1.0,-0.02598548343396229,0.053135024785023716,-0.0024109950936171704,-0.2979943150449397,-1.2992741716981144,0.47916063297780026,-0.3867758814494143,-2.0171643456107895,0.10584777,0.36329722,1.0,-1.0,20,-0.029603851370533677,0.04735143319005533,-0.001373169696283691,-0.31304709114228463,-1.4801925685266837,0.5846150234692671,-0.5503389587494101,-2.785828773664978,0.06960364507351664,0.38288720704998785,1.0,-1.0,0.02598548343396229,0.053135024785023716,0.2979943150449397,0.0024109950936171704,0.005734512253571565,0.0012608737800009486,0.00801259901305841,0.004170130308450959,0.03699533115602118,0.07728503090470279,0.4898753038570222,0.004051518964533471,0.008582050832344212,0.001649556572990595,0.01134025603556682,0.006374313327457942,0.02598548343396229,0.053135024785023716,0.2979943150449397,0.0024109950936171704,0.005734512253571565,0.0012608737800009486,0.00801259901305841,0.004170130308450959,0.8695238095238095,0.3368265936576435,1.0,0.0,1.0,0.0,1.0,1.0,-1.2992741716981144,728004,184000,3680,13.402876095147803,1.2222206790029304,1.4687969880615128,16.093893762212247,2991.5004273653612,183
0.00058934034,0.00068291393,1.1136594,-1.2084581,0.7224601,-0.60289526,-4.3129025,-1.2057855,0.71873903,-0.60120666,-4.2783546,-1.2010627,0.71841687,-0.6019909,-4.2720904,0.0005893403,0.0010585003,0.0061085643,1.7509194e-10,0.00068291393,0.0015004682,0.010784849,5.409916e-09,0.08301493,0.7956369,1.0,-1.0,-0.02042757888497563,0.0492055295014342,-0.0008850736829930846,-0.31877680260936814,-1.0213789442487813,0.5461904933789405,-0.3132430600706504,-2.071649214417969,0.09426826,0.35460752,1.0,-1.0,20,-0.0333768420159332,0.05096033824736869,-0.0015797914568459325,-0.3189772497178403,-1.66884210079666,0.4471728105045505,-0.9141746476265975,-2.573664622979586,0.12683675526916105,0.40995135146002776,1.0,-1.0,0.02042757888497563,0.0492055295014342,0.31877680260936814,0.0008850736829930846,0.0036980338653099924,0.0022170740344857106,0.01239172709126418,0.0017431566500450669,0.030819110121682432,0.07665860602944098,0.5350299966976821,0.0014201154178665916,0.005381018320367033,0.0028246194297758226,0.016591320275628034,0.0019335681086073142,0.02042757888497563,0.0492055295014342,0.31877680260936814,0.0008850736829930846,0.0036980338653099924,0.0022170740344857106,0.01239172709126418,0.0017431566500450669,0.8933333333333333,0.30868898407440604,1.0,0.0,1.0,0.0,1.0,1.0,-1.0213789442487813,732004,185000,3700,13.955409220725414,1.1621251009928528,1.4835140759969363,16.601048397715203,3008.0982051320752,184
0.0006557787,0.0007021059,1.0919412,-1.1863,0.7290862,-0.61373127,-4.0901713,-1.1872282,0.7293285,-0.61305225,-4.0814843,-1.1851922,0.7306701,-0.6077296,-4.2146707,0.0006557786,0.001769328,0.015500081,1.2290968e-08,0.00070210604,0.002197123,0.017738601,2.7102388e-08,0.06254324,0.7986536,1.0,-1.0,-0.022329393592165122,0.04685653646934073,-0.0007995701837289557,-0.2745582025672441,-1.116469679608256,0.5679119517439658,-0.20819771344519242,-2.6284274612745375,0.09287777,0.39235982,1.0,-1.0,20,-0.030149313934079276,0.04556460071699948,-0.0012241268773191837,-0.27283922800068844,-1.5074656967039637,0.45680739862616127,-0.7179554122268154,-2.331284615509415,0.07773868846660915,0.3758994855723868,1.0,-1.0,0.022329393592165122,0.04685653646934073,0.2745582025672441,0.0007995701837289557,0.003703450798209376,0.002811188275923394,0.012197258355340966,0.000854365981148592,0.03103379762246721,0.06671416066268397,0.4448981059877101,0.0010294770827507863,0.005408602395376745,0.0038717575837888384,0.01819438464548842,0.0012216188220144572,0.022329393592165122,0.04685653646934073,0.2745582025672441,0.0007995701837289557,0.003703450798209376,0.002811188275923394,0.012197258355340966,0.000854365981148592,0.88,0.32496153618543844,1.0,0.0,1.0,0.0,1.0,1.0,-1.116469679608256,736004,186000,3720,15.263985568002681,1.1587690570013365,1.594894314664998,18.017648939669016,3026.206347211759,185
0.00063659856,0.00065142295,1.0553524,-1.1454514,0.64911014,-0.62923765,-3.6035523,-1.1446327,0.64941615,-0.6268134,-3.615461,-1.141047,0.64459914,-0.62400925,-3.6901321,0.00063659856,0.0018187127,0.016006928,2.4948932e-10,0.000651423,0.0017671003,0.013463675,1.7708004e-09,0.10608157,0.7661345,1.0,-1.0,-0.021849168220679224,0.04854545695441246,-0.0010346799102125212,-0.31774641992031416,-1.092458411033961,0.4778858756431533,-0.31566473112057986,-2.0636950589270056,0.08151733,0.3450761,1.0,-1.0,20,-0.030385370346838973,0.04720694389325645,-0.0015601928499845272,-0.3124288795954461,-1.5192685173419487,0.5483230032698686,-0.6978168257276859,-2.6327027094787985,0.060775686948531395,0.39940541062227103,1.0,-1.0,0.021849168220679224,0.04854545695441246,0.31774641992031416,0.0010346799102125212,0.004900828548216044,0.0027191465202729835,0.012932074731504598,0.001880136904481271,0.03118678079416557,0.07500387224934191,0.5373233756733355,0.0016577637425285174,0.00637870447905391,0.002922477348091376,0.015033554917724429,0.0027115840903082777,0.021849168220679224,0.04854545695441246,0.31774641992031416,0.0010346799102125212,0.004900828548216044,0.0027191465202729835,0.012932074731504598,0.001880136904481271,0.8914285714285715,0.3111007448872274,1.0,0.0,1.0,0.0,1.0,1.0,-1.092458411033961,740004,187000,3740,13.864582035355852,1.2504442520003067,1.5226247572427383,16.637651044598897,3042.8617648803483,186
0.0007303093,0.00074895343,1.0343704,-1.1306496,0.7081405,-0.63365245,-4.136674,-1.1284518,0.70731056,-0.63024163,-4.1270194,-1.1331205,0.71188736,-0.6299011,-4.2280216,0.0007303092,0.0020581898,0.018324202,4.9640803e-08,0.00074895355,0.0022432467,0.021019602,4.472264e-08,0.10212364,0.79169244,1.0,-1.0,-0.022085440649066368,0.04943417847781327,-0.0011804072475365935,-0.3232100070362981,-1.1042720324533184,0.42647632908829064,-0.453795484749337,-2.106133900893479,0.081695534,0.35083735,1.0,-1.0,20,-0.034294780572241265,0.05441734227701126,-0.002119364932249002,-0.33123910653242433,-1.714739028612063,0.5336178825028937,-0.7595685568701495,-2.917256556852955,0.08320380458710645,0.43658144666742676,1.0,-1.0,0.022085440649066368,0.04943417847781327,0.3232100070362981,0.0011804072475365935,0.003773681521853907,0.0014523757668545771,0.008224153664192635,0.0019256073628490346,0.03206294273926389,0.07376948276156448,0.5384745479641451,0.001979506547094667,0.005710737733403818,0.0019838007131295185,0.011728242736003064,0.0027890387125678873,0.022085440649066368,0.04943417847781327,0.3232100070362981,0.0011804072475365935,0.003773681521853907,0.0014523757668545771,0.008224153664192635,0.0019256073628490346,0.88,0.3249615361854384,1.0,0.0,1.0,0.0,1.0,1.0,-1.1042720324533184,744004,188000,3760,13.826808422119939,1.2683391640021,1.4387290630693315,16.53387664919137,3059.3936617055588,187
0.00050982425,0.00051057787,1.0801709,-1.1872647,0.7864984,-0.61963445,-4.617756,-1.1855894,0.78469205,-0.6190477,-4.597765,-1.1906807,0.78809565,-0.6197022,-4.5576663,0.00050982425,0.0014148465,0.01331217,7.1495506e-08,0.0005105778,0.0016739026,0.016895132,2.6867397e-10,-0.06613461,0.77403647,1.0,-1.0,-0.01802353104232854,0.04113353761912782,-0.0012009204267180204,-0.2542260220566594,-0.9011765521164267,0.3262253669366903,-0.4145671330417192,-1.5037053356685286,0.073782556,0.32192305,1.0,-1.0,20,-0.033633550203934375,0.049076393958930625,-0.0015865201330423698,-0.2914833663426833,-1.6816775101967185,0.5324292154551529,-0.8720971407317196,-2.7937226962933126,0.10413134586572441,0.4083994385647386,1.0,-1.0,0.01802353104232854,0.04113353761912782,0.2542260220566594,0.0012009204267180204,0.0037364905365147422,0.0012814068078940988,0.006183666953639863,0.001200940528779831,0.02536369309176658,0.05828780760023308,0.40584499890231535,0.001715362141893939,0.005817733705388436,0.0020926086861478605,0.010089686207411533,0.001716149364096753,0.01802353104232854,0.04113353761912782,0.2542260220566594,0.0012009204267180204,0.0037364905365147422,0.0012814068078940988,0.006183666953639863,0.001200940528779831,0.8980952380952381,0.3025230262408065,1.0,0.0,1.0,0.0,1.0,1.0,-0.9011765521164267,748004,189000,3780,13.667048788804095,1.2655621020094259,1.4766816113551613,16.409292502168682,3075.815530256703,188
0.00069241924,0.00078477315,1.0862198,-1.1877434,0.74365216,-0.62406075,-4.7726808,-1.1870537,0.7426681,-0.62073004,-4.808956,-1.1957642,0.74328053,-0.63183105,-4.7286325,0.0006924193,0.001381118,0.010078096,5.270536e-09,0.0007847732,0.0016514759,0.008924788,1.2611339e-07,0.04705574,0.7768886,1.0,-1.0,-0.01905059834988683,0.04300397659554144,-0.001333166597073286,-0.3011764946990512,-0.9525299174943415,0.4144310217804356,-0.28633466653028083,-1.9273487642319955,0.07341391,0.3354586,1.0,-1.0,20,-0.034617361174056484,0.05355122508240989,-0.0011830753858182205,-0.3068761866348665,-1.7308680587028245,0.6738941445035749,-0.6199186191148798,-3.1821646771841894,0.09549984721559596,0.41632543853270987,1.0,-1.0,0.01905059834988683,0.04300397659554144,0.3011764946990512,0.001333166597073286,0.004354327748010828,0.001542126912334519,0.007036178309263461,0.0013379065082030732,0.02785558242181355,0.06540622510794616,0.49708476100004695,0.0019636264155391825,0.006594232680862263,0.002160275407874501,0.011625303068327854,0.0019712791070920777,0.01905059834988683,0.04300397659554144,0.3011764946990512,0.001333166597073286,0.004354327748010828,0.001542126912334519,0.007036178309263461,0.0013379065082030732,0.9,0.30000000000000004,1.0,0.0,1.0,0.0,1.0,1.0,-0.9525299174943415,752004,190000,3800,13.16058500717918,1.2791779130056966,1.4373409182298928,15.877103838414769,3091.7300855901267,189
0.00092161447,0.0007818262,1.1029971,-1.2077332,0.7424669,-0.6242758,-5.2049403,-1.2063466,0.7427671,-0.6234571,-5.2190733,-1.2038903,0.74518156,-0.62683946,-5.3948245,0.00092161447,0.0034606808,0.036056004,4.8135576e-09,0.00078182615,0.0029096047,0.030888487,2.383196e-10,0.037352394,0.7898743,1.0,-1.0,-0.02404454525520723,0.04866065363598258,-0.002464961398740965,-0.3020930624670571,-1.2022272627603616,0.49808682130231724,-0.2566590298400916,-1.966118152969893,0.09993227,0.34490672,1.0,-1.0,20,-0.03958075002255426,0.06081069239420549,-0.0010190492193781024,-0.31179759082710534,-1.9790375011277135,0.4238264370086834,-1.0235568424044796,-2.6700037132764973,0.1277939880117624,0.4228388915358886,1.0,-1.0,0.02404454525520723,0.04866065363598258,0.3020930624670571,0.002464961398740965,0.006732309279887986,0.002919649848818876,0.013638762921799032,0.0027782590665020286,0.03485499096377282,0.07466314143628516,0.49944905102625864,0.003908130714080638,0.009382737184877995,0.003114287797356428,0.017479819869781907,0.00408490426513336,0.02404454525520723,0.04866065363598258,0.3020930624670571,0.002464961398740965,0.006732309279887986,0.002919649848818876,0.013638762921799032,0.0027782590665020286,0.8838095238095238,0.3204531938257233,1.0,0.0,1.0,0.0,1.0,1.0,-1.2022272627603616,756004,191000,3820,12.905106741149211,1.3176859060040442,1.401504899127758,15.624297546281014,3107.3426915453892,190
0.0006260962,0.0005999806,1.0040251,-1.0883667,0.6831416,-0.6022295,-4.679629,-1.0879817,0.6835652,-0.60811275,-4.680096,-1.0894334,0.6930746,-0.6111937,-4.8118134,0.00062609615,0.0017581655,0.017472744,1.9787194e-08,0.0005999806,0.0017186688,0.017349422,1.796963e-08,0.0144202905,0.78616005,1.0,-1.0,-0.020153273314096054,0.044370167148419924,-0.001969818061863591,-0.3058966585267173,-1.0076636657048026,0.41933926872820765,-0.4208058988788724,-1.912899780584426,0.07137764,0.347399,1.0,-1.0,20,-0.03474792968349043,0.0517476952432935,-0.0005188346059580517,-0.2750930738577734,-1.7373964841745213,0.40166413378349125,-1.1087887888983543,-2.635216744903382,0.08798604314618187,0.38531416776480526,1.0,-1.0,0.020153273314096054,0.044370167148419924,0.3058966585267173,0.001969818061863591,0.004283937508466886,0.0014313620629959898,0.008571315944769595,0.0024684629227469793,0.028278570400351786,0.06476206417541708,0.5000997811650394,0.0025813623583406664,0.006223476960719391,0.0022711396008154973,0.012854249504824111,0.003200759865787668,0.020153273314096054,0.044370167148419924,0.3058966585267173,0.001969818061863591,0.004283937508466886,0.0014313620629959898,0.008571315944769595,0.0024684629227469793,0.8895238095238095,0.3134823787935439,1.0,0.0,1.0,0.0,1.0,1.0,-1.0076636657048026,760004,192000,3840,12.869306946187862,1.3050746669905493,1.4099172589631053,15.584298872141517,3123.000756901558,191
0.000841874,0.0007296763,1.1193829,-1.2286069,0.76912355,-0.6085641,-3.9772437,-1.22872,0.766016,-0.6099521,-3.9597154,-1.2265806,0.7655658,-0.6135978,-3.992139,0.000841874,0.002239382,0.016596174,2.852812e-07,0.0007296763,0.001955376,0.014269179,1.5121265e-07,0.057437688,0.7746859,1.0,-1.0,-0.023326365619377985,0.04413867853472135,-0.0024790223274687986,-0.305546884639897,-1.1663182809688992,0.49073244358139917,-0.3065241640415454,-2.7229957233354103,0.10439087,0.35742977,1.0,-1.0,20,-0.034780466842655386,0.053271612311424264,-0.0008632420638171159,-0.2965886744023722,-1.739023342132769,0.5467238044205287,-0.8206858419328372,-3.0640689375419665,0.07806976140532264,0.3937128711664434,1.0,-1.0,0.023326365619377985,0.04413867853472135,0.305546884639897,0.0024790223274687986,0.007419941636810355,0.003652947382167545,0.01978614853676211,0.003362787622685688,0.03256138695960238,0.06693526147511372,0.48489765286689934,0.0029243997791421894,0.009817602860316913,0.005767070862287624,0.03274587389673528,0.00422482983002527,0.023326365619377985,0.04413867853472135,0.305546884639897,0.0024790223274687986,0.007419941636810355,0.003652947382167545,0.01978614853676211,0.003362787622685688,0.8942857142857142,0.3074715848825776,1.0,0.0,1.0,0.0,1.0,1.0,-1.1663182809688992,764004,193000,3860,13.115333848109003,1.379783934011357,1.419675667086267,15.914793449206627,3138.8435782747692,192
0.0008058426,0.00070074666,1.0542917,-1.1454134,0.6750973,-0.60740346,-3.8836408,-1.1403446,0.671541,-0.6067456,-3.8753054,-1.142165,0.66807693,-0.60875815,-3.771365,0.00080584246,0.002509854,0.016687645,1.130104e-09,0.00070074666,0.0022073993,0.015741624,2.0327434e-08,0.1969253,0.7553219,1.0,-1.0,-0.026168593654503667,0.05135367333706028,-0.001732319243525479,-0.33644203169766673,-1.3084296827251831,0.5056952062975281,-0.6270513910181624,-2.8851371702573445,0.12658477,0.3837053,1.0,-1.0,20,-0.0320429390643029,0.05034952647192879,-0.0013581178994771118,-0.32582925669217655,-1.6021469532151449,0.5784594263302962,-0.7224736273017447,-3.471253223015637,0.11566624435261114,0.39107600331762765,1.0,-1.0,0.026168593654503667,0.05135367333706028,0.33644203169766673,0.001732319243525479,0.005970962883278004,0.0022403765186362933,0.009563350719389201,0.0022321663023011362,0.0376876385630864,0.07784165891593386,0.5813816011129016,0.0020426682883714423,0.008578675527001957,0.0033991939269893165,0.014108202504726275,0.002731858684030121,0.026168593654503667,0.05135367333706028,0.33644203169766673,0.001732319243525479,0.005970962883278004,0.0022403765186362933,0.009563350719389201,0.0022321663023011362,0.8695238095238095,0.3368265936576435,1.0,0.0,1.0,0.0,1.0,1.0,-1.3084296827251831,768004,194000,3880,13.061877231797553,1.309922580010607,1.4377288317773491,15.809528643585509,3154.6384510643547,193
0.00068633887,0.0005802344,1.0871093,-1.190016,0.7456435,-0.60393614,-4.316758,-1.1901604,0.7450105,-0.6072182,-4.3192997,-1.1922474,0.74671286,-0.5993102,-4.3614874,0.00068633887,0.0013835091,0.007034246,5.3574354e-09,0.00058023445,0.0011964313,0.005559538,1.6883916e-10,0.15514322,0.7741952,1.0,-1.0,-0.023067432912635223,0.049769631244558306,-0.000796849905236925,-0.34725115860926464,-1.1533716456317609,0.6090638574281724,-0.3813864399069849,-2.5327855494288505,0.112651,0.38314557,1.0,-1.0,20,-0.028220579142874083,0.04214090515835148,-0.00035801633231708575,-0.2850209189003657,-1.4110289571437042,0.3552899740306164,-0.8625458904510027,-2.119019375675694,0.07228492803221644,0.4017090177803102,1.0,-1.0,0.023067432912635223,0.049769631244558306,0.34725115860926464,0.000796849905236925,0.0035889672967190705,0.0018867532360205342,0.00822110832791092,0.0012589876796473614,0.033608567056584424,0.0765302376451463,0.5880597376070393,0.0011061497949157242,0.0049600069851062235,0.00250248907975904,0.011317040982808474,0.001887460925262839,0.023067432912635223,0.049769631244558306,0.34725115860926464,0.000796849905236925,0.0035889672967190705,0.0018867532360205342,0.00822110832791092,0.0012589876796473614,0.8857142857142857,0.318157963590287,1.0,0.0,1.0,0.0,1.0,1.0,-1.1533716456317609,772004,195000,3900,12.964194283107645,1.294300759996986,1.4198868454113835,15.678381888516014,3170.3384528968745,194
0.00046119245,0.00045993336,1.0667467,-1.1661196,0.69750124,-0.61878204,-3.966329,-1.1638967,0.69602174,-0.6163261,-3.9529393,-1.1661608,0.6931748,-0.6233503,-3.897676,0.0004611925,0.0012385052,0.008770431,9.792167e-10,0.00045993333,0.0012841361,0.011261882,2.3684962e-08,0.16395739,0.7911297,1.0,-1.0,-0.021968515435003087,0.0494576138425389,-0.0020776566731987066,-0.2825379017281425,-1.0984257717501544,0.4783136707207785,-0.3844422831946535,-2.0270244394781076,0.09885769,0.35596848,1.0,-1.0,20,-0.03212808372655274,0.0499214948008548,-0.0006693969935146399,-0.2913048459100945,-1.6064041863276373,0.5580174783299784,-0.6747055927125616,-2.6186208055060827,0.07437088913670566,0.4033403177848332,1.0,-1.0,0.021968515435003087,0.0494576138425389,0.2825379017281425,0.0020776566731987066,0.0037865641809815467,0.0012041683713351578,0.007750415756981481,0.0026190064489089644,0.03222859791496461,0.0741696182688953,0.4477366686648523,0.003200208290609685,0.005969963514441938,0.0017899207206008097,0.011995422768973113,0.0039493326225964465,0.021968515435003087,0.0494576138425389,0.2825379017281425,0.0020776566731987066,0.0037865641809815467,0.0012041683713351578,0.007750415756981481,0.0026190064489089644,0.8828571428571429,0.32159043543498816,1.0,0.0,1.0,0.0,1.0,1.0,-1.0984257717501544,776004,196000,3920,13.149221563187893,1.3162924609932816,1.4479454993124818,15.913459523493657,3186.2352819723747,195
0.00051169336,0.0005999567,1.0408254,-1.1287982,0.63337815,-0.61010206,-4.122985,-1.1251026,0.63112175,-0.6068781,-4.087678,-1.1266035,0.6350171,-0.6105171,-4.1462994,0.0005116933,0.0012237276,0.009730078,3.283276e-10,0.0005999567,0.0014868611,0.011624492,1.1623911e-09,0.04806577,0.7877351,1.0,-1.0,-0.023451177871609722,0.04875795587843624,-0.0025244779065132154,-0.30620073162982897,-1.172558893580486,0.4646985310004644,-0.4339129031708787,-2.1071587604407984,0.07980616,0.35171446,1.0,-1.0,20,-0.029327611613764727,0.047120848589813136,-0.0015120753444956953,-0.29958663542515135,-1.4663805806882366,0.5198908196918398,-0.5455780430763385,-2.8204417018967214,0.07824939892592939,0.392034840573466,1.0,-1.0,0.023451177871609722,0.04875795587843624,0.30620073162982897,0.0025244779065132154,0.005740647262882547,0.0010842516550107662,0.008152224551237859,0.0029131308208936568,0.0338934842481193,0.07339838586912756,0.5209229731463152,0.0035071970298341778,0.008610758143537815,0.0019348785998950142,0.013156351404538913,0.004505109499423443,0.023451177871609722,0.04875795587843624,0.30620073162982897,0.0025244779065132154,0.005740647262882547,0.0010842516550107662,0.008152224551237859,0.0029131308208936568,0.8828571428571429,0.32159043543498816,1.0,0.0,1.0,0.0,1.0,1.0,-1.172558893580486,780004,197000,3940,12.892362671875162,1.2990018129930831,1.3957976400706684,15.587162124938914,3201.8205809673236,196
0.0003602056,0.00041914807,1.0202247,-1.1087798,0.6378865,-0.60500365,-4.6848736,-1.1062864,0.6373604,-0.60906494,-4.694166,-1.1130482,0.6435189,-0.6078904,-4.740543,0.0003602056,0.0006792009,0.0034306296,1.5056436e-09,0.0004191481,0.0009607636,0.007038946,8.9816155e-11,-0.05115846,0.7587884,1.0,-1.0,-0.02242151130558604,0.04715944014349945,-0.0005789213800581179,-0.2646580529625232,-1.121075565279302,0.49939565283810483,-0.4596090676932648,-2.4358936160595133,0.1290753,0.38362342,1.0,-1.0,20,-0.031644911821859384,0.047106190442140185,-0.0011448829083918872,-0.29036982919029153,-1.5822455910929691,0.47051882337652395,-0.80242400897323,-2.373585981468306,0.08884061417006256,0.40064183268980386,1.0,-1.0,0.02242151130558604,0.04715944014349945,0.2646580529625232,0.0005789213800581179,0.0034820022525148065,0.004370282745062527,0.02000481310991179,0.0005789213800581179,0.032631262298731124,0.07079558608512666,0.41511750246554746,0.0006609837498657289,0.005494148104289272,0.007445266396637981,0.0345619506257584,0.0007977525483238712,0.02242151130558604,0.04715944014349945,0.2646580529625232,0.0005789213800581179,0.0034820022525148065,0.004370282745062527,0.02000481310991179,0.0005789213800581179,0.8771428571428571,0.3282731565421127,1.0,0.0,1.0,0.0,1.0,1.0,-1.121075565279302,784004,198000,3960,12.772653528067167,1.297091303000343,1.4278984759148443,15.497643306982354,3217.295867713314,197
0.00048699675,0.0004612757,1.0263338,-1.1216875,0.69246995,-0.5921897,-4.829023,-1.119844,0.69252384,-0.5876415,-4.836574,-1.1188811,0.69119275,-0.5914463,-4.8647823,0.00048699675,0.0010980302,0.0063072476,6.983228e-09,0.00046127572,0.0009811614,0.0055955774,6.3983094e-09,0.036429573,0.7826625,1.0,-1.0,-0.021781299199017584,0.043753408222319046,-0.002488741241166294,-0.2704660561264138,-1.0890649599508793,0.38039916364315457,-0.48382728678067527,-1.8295521565310617,0.07901792,0.34158966,1.0,-1.0,20,-0.034090970407077696,0.05405605476862646,-0.0009793098625343194,-0.34919917040542825,-1.7045485203538853,0.5831532723284885,-0.9593284208198573,-2.862054609822446,0.09599075581595268,0.39825920279570326,1.0,-1.0,0.021781299199017584,0.043753408222319046,0.2704660561264138,0.002488741241166294,0.005740834045840991,0.0023334248275060226,0.01130686712012131,0.0025827300737329664,0.030322332466126787,0.061460781119696,0.4077399216935754,0.003804059857240069,0.008765878520924338,0.0031135955538086984,0.01697833733773943,0.003804059857240069,0.021781299199017584,0.043753408222319046,0.2704660561264138,0.002488741241166294,0.005740834045840991,0.0023334248275060226,0.01130686712012131,0.0025827300737329664,0.8895238095238095,0.3134823787935439,1.0,0.0,1.0,0.0,1.0,1.0,-1.0890649599508793,788004,199000,3980,12.649795903198537,1.2752954900061013,1.382771923148539,15.307863316353178,3232.5661419346725,198
0.0008910946,0.0006668526,1.0367829,-1.1275151,0.6181917,-0.6099659,-3.561942,-1.1308265,0.6195961,-0.6145384,-3.5533884,-1.1298947,0.6233696,-0.61097056,-3.5506928,0.00089109456,0.0026159934,0.020652398,4.8479038e-08,0.0006668526,0.0019765974,0.01600548,1.2383655e-08,0.06663528,0.7726877,1.0,-1.0,-0.02751960104621287,0.05509730013905376,-0.0022362494651840224,-0.3399772299182287,-1.3759800523106438,0.5917311723796951,-0.4431595906599726,-2.961044748892016,0.11703753,0.3791339,1.0,-1.0,20,-0.03287994569587822,0.04801184258600034,-0.0014638884066564932,-0.2674207916923032,-1.643997284793911,0.46115797163470607,-0.7658237500957946,-2.6594638668563757,0.12530610378812473,0.39891227839629967,1.0,-1.0,0.02751960104621287,0.05509730013905376,0.3399772299182287,0.0022362494651840224,0.005324855851081585,0.0024924902194980443,0.012002794979638009,0.0022978481640704884,0.040342707952568516,0.08324191871766881,0.583951835417837,0.003188348053184742,0.008473402089438099,0.003836091454969006,0.018232378113693715,0.003311331650612634,0.02751960104621287,0.05509730013905376,0.3399772299182287,0.0022362494651840224,0.005324855851081585,0.0024924902194980443,0.012002794979638009,0.0022978481640704884,0.8647619047619047,0.34197770809581596,1.0,0.0,1.0,0.0,1.0,1.0,-1.3759800523106438,792004,200000,4000,12.68352719914401,1.2377510000078473,1.4052425800764468,15.326520779228304,3247.930930463888,199
0.000727346,0.00052808865,1.0504313,-1.1502496,0.7310465,-0.6109883,-5.2883086,-1.1523893,0.7333289,-0.6132804,-5.335291,-1.153258,0.73845357,-0.6118801,-5.435501,0.00072734605,0.0021399222,0.021665625,2.4948932e-10,0.00052808865,0.0012012171,0.0100420825,1.8777516e-08,-0.01675587,0.79673165,1.0,-1.0,-0.025707453297536223,0.04864389532312359,-0.003737345053760956,-0.27706267211881713,-1.2853726648768113,0.5323418573009103,-0.5026956162460645,-2.368984038254644,0.08815798,0.3760655,1.0,-1.0,20,-0.028805405189108173,0.04624414285934604,-0.001156729283675506,-0.3011363247609927,-1.4402702594554087,0.5155860410901658,-0.6987793806886784,-2.4821429268316892,0.09738137091857799,0.37607792740962126,1.0,-1.0,0.025707453297536223,0.04864389532312359,0.27706267211881713,0.003737345053760956,0.00765468455539005,0.00355241897965108,0.018092343649225635,0.004142243297404442,0.03746117728655724,0.07239601731022109,0.4691875128062283,0.005245195057716361,0.011670603037657525,0.005775265035781147,0.028662100229366633,0.005980478169585864,0.025707453297536223,0.04864389532312359,0.27706267211881713,0.003737345053760956,0.00765468455539005,0.00355241897965108,0.018092343649225635,0.004142243297404442,0.8819047619047619,0.3227208590011918,1.0,0.0,1.0,0.0,1.0,1.0,-1.2853726648768113,796004,201000,4020,13.033001926130964,1.2774234840035206,1.4087722938420484,15.719197703976533,3263.659834621867,200
0.0003953381,0.00042232213,1.0782304,-1.1699501,0.7149137,-0.61687005,-4.0611153,-1.1701185,0.7134593,-0.6180595,-4.0642533,-1.1644447,0.71339214,-0.61798173,-4.047716,0.0003953381,0.0008380215,0.004613867,6.0596363e-09,0.00042232213,0.00089942035,0.005466759,6.05036e-09,-0.0063829403,0.78672856,1.0,-1.0,-0.023059168030400274,0.05409806655529227,-0.0013195287306703764,-0.307138880197614,-1.152958401520014,0.5037605636166858,-0.36654774856667,-1.8976546402432068,0.09176613,0.35099277,1.0,-1.0,20,-0.03433741392849442,0.04955847447423632,-0.001057230924220919,-0.29889771984569946,-1.7168706964247213,0.6529420946491323,-0.8871198784846842,-3.5789938758524484,0.10277204612335553,0.39654792678684353,1.0,-1.0,0.023059168030400274,0.05409806655529227,0.307138880197614,0.0013195287306703764,0.003061176675055579,0.0014756721085506155,0.00894178547825426,0.001601657414880805,0.03327952116555994,0.08135546746086167,0.5241504244427007,0.002087275177621143,0.004612070384238741,0.0016626036313617616,0.00998184908720981,0.0024098050527531917,0.023059168030400274,0.05409806655529227,0.307138880197614,0.0013195287306703764,0.003061176675055579,0.0014756721085506155,0.00894178547825426,0.001601657414880805,0.8752380952380953,0.330448743199435,1.0,0.0,1.0,0.0,1.0,1.0,-1.152958401520014,800004,202000,4040,13.470360253981198,1.2862025060021551,1.449221625807695,16.20578438579105,3290.239673418633,201
0.00076175143,0.00075371226,1.0630832,-1.1477666,0.7088348,-0.6128001,-4.387206,-1.1463705,0.7096986,-0.60758954,-4.3878756,-1.1413587,0.7103041,-0.6060142,-4.43752,0.00076175143,0.0015922744,0.012004232,1.5938612e-07,0.00075371226,0.0020318439,0.019039266,3.9094097e-09,0.047210712,0.77177465,1.0,-1.0,-0.024911760837802673,0.05513332140236466,-0.00011113976432193474,-0.31952039944348287,-1.2455880418901335,0.4862684531052971,-0.3858757693485179,-2.4530948126899497,0.107052386,0.38028014,1.0,-1.0,20,-0.03512043063920744,0.0523738735427193,-0.0014528179077000181,-0.3411099669322276,-1.756021531960372,0.5461538232471571,-0.9245424671812406,-2.749286918361593,0.10845490158248484,0.40075095929488525,1.0,-1.0,0.024911760837802673,0.05513332140236466,0.31952039944348287,0.00011113976432193474,0.0030795314112027302,0.0017603271206137095,0.008998085018237432,0.0006690874043013279,0.0369960689516897,0.08446043016842326,0.5439148027810854,0.0001681421184480253,0.0048734552877039445,0.0029519276477445637,0.015283423382485839,0.0011040047313603668,0.024911760837802673,0.05513332140236466,0.31952039944348287,0.00011113976432193474,0.0030795314112027302,0.0017603271206137095,0.008998085018237432,0.0006690874043013279,0.8714285714285714,0.33472498611028517,1.0,0.0,1.0,0.0,1.0,1.0,-1.2455880418901335,804004,203000,4060,13.506973863055464,1.4139306819997728,1.5670493542711483,16.487953899326385,3306.5750112449605,202
0.0004981476,0.00044456226,1.0160267,-1.1062782,0.70113426,-0.61869323,-4.7931895,-1.1047336,0.70005804,-0.61666864,-4.8004127,-1.1082985,0.70198303,-0.61685765,-4.7781253,0.00049814756,0.0014354335,0.011132561,1.3648105e-08,0.00044456223,0.0013097648,0.0096125165,4.1900563e-09,0.10632998,0.7712808,1.0,-1.0,-0.022306567945137527,0.045987288599335104,-0.0019455765926185919,-0.2940033284390189,-1.1153283972568766,0.4363512453507781,-0.32974936335279287,-1.9625576162849538,0.07456661,0.3463866,1.0,-1.0,20,-0.03453430143340697,0.053845606723431576,-0.0007129074988628525,-0.31786402658261803,-1.726715071670349,0.7904558917272289,-0.4595877715951406,-3.040722359024362,0.09155919781317466,0.40584714839405517,1.0,-1.0,0.022306567945137527,0.045987288599335104,0.2940033284390189,0.0019455765926185919,0.005149705305461926,0.0019336351332263396,0.010158977106271358,0.0019455765926185919,0.03053207611808239,0.06379428368725737,0.476225974658119,0.003270818565385865,0.007826921791620561,0.0021753881713622715,0.012924502992414807,0.003270818565385865,0.022306567945137527,0.045987288599335104,0.2940033284390189,0.0019455765926185919,0.005149705305461926,0.0019336351332263396,0.010158977106271358,0.0019455765926185919,0.8847619047619047,0.31930906132459025,1.0,0.0,1.0,0.0,1.0,1.0,-1.1153283972568766,808004,204000,4080,12.901114862790564,1.2598540790058905,1.3918770680611487,15.552846009857603,3322.1847547638317,203
0.0005469442,0.0005504686,1.0786809,-1.1676338,0.7245849,-0.621138,-4.124926,-1.1683693,0.7269283,-0.61743486,-4.114808,-1.1680617,0.72278756,-0.61895734,-4.1376023,0.0005469442,0.0013715595,0.009892269,1.790923e-09,0.0005504686,0.0017587111,0.015360235,8.425616e-11,0.02482307,0.79437506,1.0,-1.0,-0.018530377788197033,0.04220204849993109,-0.0013880904640452504,-0.25208534525141946,-0.9265188894098516,0.3821563214092076,-0.3228779766508265,-1.6078723457801394,0.05999085,0.33616957,1.0,-1.0,20,-0.031404562294666954,0.048475524769393784,-0.0010687867726226308,-0.32621697983285486,-1.570228114733348,0.4893767253317048,-0.9031276803543726,-2.727127367686115,0.09126466912848585,0.39047228913115734,1.0,-1.0,0.018530377788197033,0.04220204849993109,0.25208534525141946,0.0013880904640452504,0.0035387496824402626,0.0015995712432924241,0.00930026186509035,0.002100327166978878,0.025901811501010046,0.05984976448206511,0.41761319023974536,0.0019481564617862407,0.005383214726001547,0.001988373423117193,0.011156337178165804,0.0031745203969688676,0.018530377788197033,0.04220204849993109,0.25208534525141946,0.0013880904640452504,0.0035387496824402626,0.0015995712432924241,0.00930026186509035,0.002100327166978878,0.8980952380952381,0.3025230262408065,1.0,0.0,1.0,0.0,1.0,1.0,-0.9265188894098516,812004,205000,4100,12.872449832153507,1.3171606010000687,1.4012659509899095,15.590876384143485,3337.749902650976,204
0.00058722997,0.0006467294,1.0470046,-1.1443927,0.6171767,-0.61594844,-3.591702,-1.1421793,0.6139074,-0.61494124,-3.55076,-1.1476171,0.62036705,-0.6163768,-3.663436,0.00058722997,0.0014023785,0.0110755805,3.9318024e-09,0.0006467295,0.0017309476,0.012695859,6.765788e-09,0.11592757,0.79676276,1.0,-1.0,-0.02648271670154609,0.051299691276758784,-0.0025680023198122897,-0.2886810228248617,-1.3241358350773043,0.47164867033997243,-0.5063946686353118,-2.136544833247506,0.080312125,0.40669158,1.0,-1.0,20,-0.03213047423129052,0.04804496559890642,-0.0013124615716799666,-0.26635180405168724,-1.6065237115645261,0.5273999111549854,-0.8007231040376723,-2.892087689189716,0.07420856991771536,0.3868422627402634,1.0,-1.0,0.02648271670154609,0.051299691276758784,0.2886810228248617,0.0025680023198122897,0.006325579316596676,0.003005192825661067,0.017859068277176184,0.0025680023198122897,0.03734756225622473,0.07402622798643331,0.45839766020048034,0.0039338962176295456,0.009823085866973155,0.004687397486230167,0.028532552572075237,0.0039338962176295456,0.02648271670154609,0.051299691276758784,0.2886810228248617,0.0025680023198122897,0.006325579316596676,0.003005192825661067,0.017859068277176184,0.0025680023198122897,0.8685714285714285,0.33786846855073105,1.0,0.0,1.0,0.0,1.0,1.0,-1.3241358350773043,816004,206000,4120,13.5222933148616,1.291954779997468,1.4714393969188677,16.285687491777935,3354.0499530197703,205
0.00041019695,0.00040563714,1.0527749,-1.1474049,0.6990553,-0.6318277,-3.857048,-1.1470814,0.69816357,-0.6327947,-3.848847,-1.1414303,0.6941097,-0.6308287,-3.8260744,0.00041019695,0.00093421875,0.0059175715,6.8468253e-10,0.0004056371,0.0009490146,0.005571028,4.997233e-09,0.091039605,0.77463067,1.0,-1.0,-0.026021039519361477,0.048261580696254705,-0.003324491156213634,-0.31492447109367216,-1.3010519759680739,0.5440735533095958,-0.3327949352634116,-2.4104493937354796,0.11068189,0.37643895,1.0,-1.0,20,-0.032536778155643084,0.048257167107664624,-0.0007172053807355087,-0.30579175530949676,-1.6268389077821541,0.6006407307489559,-0.6990059215410968,-2.786607108827963,0.09455815340995445,0.4078905227707085,1.0,-1.0,0.026021039519361477,0.048261580696254705,0.31492447109367216,0.003324491156213634,0.008146113547265419,0.0023402618160193902,0.012116800942639646,0.003324491156213634,0.03831789029818566,0.07430494162390104,0.5433848367359392,0.0036953472054345876,0.011752281283971457,0.003167986645363696,0.016030146995269667,0.003706721862996365,0.026021039519361477,0.048261580696254705,0.31492447109367216,0.003324491156213634,0.008146113547265419,0.0023402618160193902,0.012116800942639646,0.003324491156213634,0.8819047619047619,0.3227208590011918,1.0,0.0,1.0,0.0,1.0,1.0,-1.3010519759680739,820004,207000,4140,13.32679836708121,1.306612350002979,1.4737874811689835,16.107198198253172,3370.1860466350336,206
0.0007969354,0.0006365811,1.0978887,-1.1831157,0.6701532,-0.61494684,-3.5198498,-1.1864939,0.6717429,-0.6159362,-3.5184727,-1.18524,0.6714568,-0.61987734,-3.5473566,0.0007969354,0.0017391207,0.011367738,5.3483973e-10,0.0006365811,0.0013350693,0.0070574405,1.5748812e-07,0.012387495,0.7934108,1.0,-1.0,-0.02052043483635687,0.04767532816302234,-0.0020792352661628743,-0.3225879635205599,-1.0260217418178437,0.5665660890517653,-0.216339250370065,-2.6349892357353166,0.0855079,0.3390406,1.0,-1.0,20,-0.034957921159893546,0.053668411480960965,-0.0007017744648961328,-0.3093399287744805,-1.747896057994677,0.5675439069842134,-0.8689090207587602,-2.8374029399633267,0.10088661254616879,0.39957190685471927,1.0,-1.0,0.02052043483635687,0.04767532816302234,0.3225879635205599,0.0020792352661628743,0.004020819277577933,0.0015607270218368635,0.008485916131963376,0.0022641645683260307,0.03055578621183905,0.07445216834846964,0.5578791637232052,0.00290271936896537,0.006015585384515611,0.002560366024621893,0.014451831633164713,0.0029486061066076735,0.02052043483635687,0.04767532816302234,0.3225879635205599,0.0020792352661628743,0.004020819277577933,0.0015607270218368635,0.008485916131963376,0.0022641645683260307,0.8971428571428571,0.30377220251433174,1.0,0.0,1.0,0.0,1.0,1.0,-1.0260217418178437,824004,208000,4160,13.50947978127806,1.335858744001598,1.5177867109741783,16.363125236253836,3386.567024723292,207
0.00041477857,0.00028546792,0.9773859,-1.0561231,0.52169687,-0.6299447,-4.041595,-1.0572867,0.52106875,-0.62550247,-4.042614,-1.0581369,0.52225363,-0.62288636,-4.0006633,0.00041477854,0.0011286007,0.011219896,7.113332e-09,0.00028546792,0.0008713228,0.0072935647,2.789308e-08,0.050951812,0.75697374,1.0,-1.0,-0.02447733561644585,0.050608500532992644,-0.0014941630661815886,-0.310435248152947,-1.223866780822292,0.4891567426486393,-0.47030821478362406,-2.275602714545098,0.09327092,0.37134498,1.0,-1.0,20,-0.033909476757558545,0.05198969250498092,-0.0016550191726118807,-0.2877899887790894,-1.6954738378779273,0.4526746819298823,-0.8637051303572503,-2.325710978776595,0.11054496150531201,0.40284751303355293,1.0,-1.0,0.02447733561644585,0.050608500532992644,0.310435248152947,0.0014941630661815886,0.005011593123873795,0.0024093500765963506,0.011946318164657244,0.0024940987019820837,0.03557622561782137,0.07586891528021633,0.5195501579706423,0.0022557440960352393,0.00737937974754647,0.0037517192043996354,0.0204180179765327,0.0035064818232761474,0.02447733561644585,0.050608500532992644,0.310435248152947,0.0014941630661815886,0.005011593123873795,0.0024093500765963506,0.011946318164657244,0.0024940987019820837,0.878095238095238,0.32717577986413543,1.0,0.0,1.0,0.0,1.0,1.0,-1.223866780822292,828004,209000,4180,13.71137756689859,1.3568748109973967,1.5058553260023473,16.574107703898335,3403.097377202197,208
0.0005993312,0.00057755574,1.0553018,-1.1529222,0.6267124,-0.63063604,-3.8984613,-1.1520346,0.6265851,-0.6285511,-3.8841872,-1.1493344,0.62795776,-0.62416285,-3.9476159,0.0005993312,0.0011694888,0.00625404,9.507036e-08,0.00057755574,0.0012400117,0.008706178,1.9787194e-10,0.03124874,0.7769382,1.0,-1.0,-0.02356238791745137,0.050861664119235206,-0.000506558959522935,-0.3232651229014281,-1.1781193958725686,0.485980834388944,-0.19880001383071183,-2.1615517232965504,0.095673256,0.34977773,1.0,-1.0,20,-0.03101452423365138,0.045511986511822616,-0.0008417609273527832,-0.26825462815786444,-1.550726211682569,0.4804090375677249,-0.7334874698359575,-2.873046831431717,0.1019048797692314,0.4187164557455345,1.0,-1.0,0.02356238791745137,0.050861664119235206,0.3232651229014281,0.000506558959522935,0.004857994217787176,0.0024129956180101372,0.010173408739601425,0.0019005801550133518,0.0338199595576661,0.07552972063696126,0.5377348431346338,0.0008383641631640598,0.0073392949112531854,0.0034045487225788894,0.013836847067122071,0.0027154982623741053,0.02356238791745137,0.050861664119235206,0.3232651229014281,0.000506558959522935,0.004857994217787176,0.0024129956180101372,0.010173408739601425,0.0019005801550133518,0.878095238095238,0.32717577986413543,1.0,0.0,1.0,0.0,1.0,1.0,-1.1781193958725686,832004,210000,4200,15.62526256381534,1.310639835006441,1.5832913141493918,18.519193712971173,3421.6119204171555,209
0.0004375177,0.00045054656,1.0793009,-1.1778681,0.7115954,-0.6284732,-3.6953444,-1.1747496,0.70987064,-0.633829,-3.6935093,-1.1788304,0.710213,-0.6348934,-3.7458522,0.00043751768,0.0011801758,0.010579929,1.12817276e-08,0.00045054653,0.0012605906,0.011926047,3.0208923e-08,0.11950185,0.77017653,1.0,-1.0,-0.021287257969338138,0.045923918786222144,-0.00293109365693752,-0.30918306477916324,-1.0643628984669067,0.43136409968294603,-0.3679075575736125,-2.1471633789851845,0.07794996,0.33432677,1.0,-1.0,20,-0.03408748001892165,0.04837337861717204,-0.0007702036681800626,-0.29106970142341254,-1.704374000946083,0.6472294717478497,-0.9356036631770722,-3.8479480632802536,0.13984796198612945,0.44285446382170013,1.0,-1.0,0.021287257969338138,0.045923918786222144,0.30918306477916324,0.00293109365693752,0.004932540243500895,0.0011050759801093824,0.0071643110570136165,0.00342454998508552,0.03027830891369082,0.06599821266790122,0.49738608749160906,0.0045910587959086535,0.007892066425594072,0.001969506235321077,0.011275272230512043,0.00536847961204516,0.021287257969338138,0.045923918786222144,0.30918306477916324,0.00293109365693752,0.004932540243500895,0.0011050759801093824,0.0071643110570136165,0.00342454998508552,0.8857142857142857,0.318157963590287,1.0,0.0,1.0,0.0,1.0,1.0,-1.0643628984669067,836004,211000,4220,13.572215891923406,1.3062371300038649,1.4950777454214403,16.37353076734871,3437.954353089488,210
0.00053796486,0.0005024201,1.0904291,-1.1849663,0.68116575,-0.639337,-4.8492723,-1.18457,0.6800973,-0.63618934,-4.844556,-1.1856073,0.67990303,-0.6390803,-4.876108,0.00053796486,0.0015334628,0.012160477,1.4210855e-10,0.0005024201,0.0012877849,0.010851009,6.6098096e-09,-0.022753544,0.7917951,1.0,-1.0,-0.020420239559259895,0.043743990416993846,-0.003576323532513987,-0.30395715941747053,-1.0210119779629947,0.5055444682675516,-0.29139672883265144,-2.053349831328687,0.049341343,0.3730243,1.0,-1.0,20,-0.03312580876829891,0.05150817264708595,-0.0013480401690322337,-0.32613836824390546,-1.656290438414946,0.5816029145711012,-0.8113759792337726,-2.9334720532511813,0.0853750204264362,0.4072659998657008,1.0,-1.0,0.020420239559259895,0.043743990416993846,0.30395715941747053,0.003576323532513987,0.0055096033247183955,0.0011455929306569287,0.008341909201246596,0.003583386858052303,0.029113846082747072,0.06484954689938918,0.5246695372383459,0.004722291660572687,0.00788903193608285,0.001965374315477297,0.013545175084353118,0.004966033102787051,0.020420239559259895,0.043743990416993846,0.30395715941747053,0.003576323532513987,0.0055096033247183955,0.0011455929306569287,0.008341909201246596,0.003583386858052303,0.9019047619047619,0.29744337672618737,1.0,0.0,1.0,0.0,1.0,1.0,-1.0210119779629947,840004,212000,4240,16.458128260826925,1.2756173259986099,1.6472587790485704,19.381004365874105,3457.2506695593765,211
0.0008599632,0.00075598364,1.1640767,-1.2563494,0.77309304,-0.65132034,-4.6948233,-1.2561126,0.7720428,-0.6582268,-4.6732287,-1.251986,0.76555717,-0.64737684,-4.5442038,0.00085996324,0.0025744848,0.022686236,3.261711e-10,0.00075598364,0.0021354335,0.016647447,5.132975e-09,0.008004817,0.77425057,1.0,-1.0,-0.022395381489608394,0.046516870521590016,-0.0010957332712742635,-0.2910947067131193,-1.1197690744804196,0.47628865155721234,-0.345003031206938,-1.8344614033634172,0.11561562,0.37399843,1.0,-1.0,20,-0.03168525770415823,0.0464844375072848,-0.0014829975817337558,-0.2867108203163136,-1.5842628852079117,0.40912359757457895,-0.8777800133428608,-2.279070138186171,0.09912307463161538,0.38625112566569225,1.0,-1.0,0.022395381489608394,0.046516870521590016,0.2910947067131193,0.0010957332712742635,0.004874920223729752,0.003981317102408866,0.014977686581871581,0.0011045455887561493,0.032038928465671385,0.06799893817364877,0.4803877195855758,0.0018612581871227385,0.007235634643096041,0.006005028199650372,0.02497507120708775,0.001880512135565296,0.022395381489608394,0.046516870521590016,0.2910947067131193,0.0010957332712742635,0.004874920223729752,0.003981317102408866,0.014977686581871581,0.0011045455887561493,0.8828571428571429,0.32159043543498816,1.0,0.0,1.0,0.0,1.0,1.0,-1.1197690744804196,844004,213000,4260,13.710158869071165,1.1908092600060627,1.506862083770102,16.40783021284733,3473.6203395122284,212
0.0006648259,0.0006469906,1.1205437,-1.2075871,0.7541597,-0.6533881,-4.4966106,-1.208458,0.7548976,-0.6558095,-4.4866195,-1.2075868,0.7479417,-0.65841174,-4.4056063,0.00066482596,0.0026860868,0.028072713,4.393087e-09,0.0006469906,0.0025831657,0.02733919,1.0206804e-09,0.059009682,0.7720943,1.0,-1.0,-0.022954678706611897,0.04370819647692115,-0.0014883071765689965,-0.2943186430156721,-1.147733935330595,0.5242305258021271,-0.3143293044624529,-2.267272628506019,0.09851807,0.38267076,1.0,-1.0,20,-0.030253917806286574,0.04803722797717192,-0.0013788857693940574,-0.28574266495706957,-1.5126958903143288,0.45776498881661987,-0.7327252108742075,-2.211582179700519,0.06100084181298964,0.3960904825218725,1.0,-1.0,0.022954678706611897,0.04370819647692115,0.2943186430156721,0.0014883071765689965,0.007840157112261013,0.005063295119557899,0.024176110142307552,0.003944196675808099,0.03195824165331305,0.0643944187497502,0.47130007558962134,0.002552378829909798,0.010318404324334734,0.00637355197587181,0.030725785475091492,0.0052604928804723255,0.022954678706611897,0.04370819647692115,0.2943186430156721,0.0014883071765689965,0.007840157112261013,0.005063295119557899,0.024176110142307552,0.003944196675808099,0.8923809523809524,0.3098986740994818,1.0,0.0,1.0,0.0,1.0,1.0,-1.147733935330595,848004,214000,4280,14.50127459889336,1.1533007099933457,1.535481165177771,17.190056474064477,3490.894547116288,213
0.00077432836,0.00067264645,1.1925465,-1.2939336,0.7400559,-0.6566136,-3.5872917,-1.2984114,0.74172735,-0.6561343,-3.6139724,-1.2984626,0.7453729,-0.65580297,-3.574927,0.0007743283,0.0016155477,0.010794903,9.024461e-10,0.0006726465,0.0013464089,0.006638334,4.2987836e-13,0.07517191,0.7684263,1.0,-1.0,-0.022856447018180036,0.0463956938324312,-0.0028230110722607085,-0.30717164949890663,-1.1428223509090019,0.5200286585257976,-0.2589518377197117,-2.589687709438401,0.10691927,0.36359614,1.0,-1.0,20,-0.032397956603563,0.04760094342709389,-0.002033194344088181,-0.3271253340419368,-1.6198978301781497,0.5165004959612629,-0.7853662764835249,-2.5814819035322376,0.07829292273094664,0.39478623697523446,1.0,-1.0,0.022856447018180036,0.0463956938324312,0.30717164949890663,0.0028230110722607085,0.006036510526086609,0.0024784160814694083,0.01302655082522958,0.003574554176387485,0.03396135994710579,0.07076863737456306,0.4959427660227343,0.004331900416125897,0.0093862208798452,0.0037574330900234433,0.021958339702600083,0.0057999329010324785,0.022856447018180036,0.0463956938324312,0.30717164949890663,0.0028230110722607085,0.006036510526086609,0.0024784160814694083,0.01302655082522958,0.003574554176387485,0.8895238095238095,0.3134823787935439,1.0,0.0,1.0,0.0,1.0,1.0,-1.1428223509090019,852004,215000,4300,14.26224706802168,1.237723543003085,1.5330220819887472,17.03299269301351,3507.935987125311,214
0.00042803667,0.00042727467,1.0873675,-1.1854823,0.583246,-0.6569207,-3.4794502,-1.1858685,0.582109,-0.655777,-3.4662097,-1.183845,0.58068603,-0.6567696,-3.4951007,0.00042803664,0.0008729559,0.004722289,4.2987836e-13,0.00042727467,0.0010828647,0.0087118065,2.38872e-08,0.09897137,0.76770073,1.0,-1.0,-0.025483362536292933,0.05213744036671241,-0.0030700095410136105,-0.33908571688167344,-1.2741681268146468,0.5372186745251764,-0.41760955086532264,-2.15578878678675,0.08392691,0.3535153,1.0,-1.0,20,-0.03270684346556618,0.04978164480312004,-0.0007391587464795753,-0.2886751454951372,-1.6353421732783093,0.5166512008233295,-0.9095933943732442,-2.6063602082899675,0.09478510281363606,0.3974358171912588,1.0,-1.0,0.025483362536292933,0.05213744036671241,0.33908571688167344,0.0030700095410136105,0.0066065075291618265,0.002017047924278761,0.012061271723930142,0.003205505964242606,0.03736742219119802,0.07959710186721795,0.5843420595203064,0.004610261208628827,0.009427560667262065,0.002427959526163537,0.015410800908594646,0.0053110209134259595,0.025483362536292933,0.05213744036671241,0.33908571688167344,0.0030700095410136105,0.0066065075291618265,0.002017047924278761,0.012061271723930142,0.003205505964242606,0.8790476190476191,0.3260719284058826,1.0,0.0,1.0,0.0,1.0,1.0,-1.2741681268146468,856004,216000,4320,14.198523554601707,1.2465376390027814,1.5267190490558278,16.971780242660316,3524.960418563991,215
0.00070620945,0.0005927885,1.0675297,-1.1539292,0.673131,-0.633144,-4.4642334,-1.1550167,0.6725307,-0.6376598,-4.469038,-1.1625004,0.6805776,-0.6419341,-4.5097084,0.0007062095,0.0016402354,0.010126214,8.447515e-09,0.00059278856,0.0014979506,0.011712261,4.6171067e-09,0.098127834,0.7705937,1.0,-1.0,-0.02167225522706329,0.04028322089449555,-0.005195328221820288,-0.2974622849329029,-1.0836127613531648,0.3672545497474902,-0.4961213529525171,-1.9291866384837926,0.07293662,0.3274843,1.0,-1.0,20,-0.03180893674334052,0.04740155888375918,-0.002052069326077883,-0.3030430683927862,-1.5904468371670255,0.47067050577728,-0.8241495823584819,-2.3527954914273765,0.09582843038663594,0.39274410175849434,1.0,-1.0,0.02167225522706329,0.04028322089449555,0.2974622849329029,0.005195328221820288,0.008809692960231921,0.002510872503425763,0.014598022705493584,0.0062741128803675056,0.0322668197587977,0.06110131161521841,0.4978709585459337,0.00801083924776104,0.013642396036248453,0.0023244690507494754,0.01837933302679506,0.009373166251553378,0.02167225522706329,0.04028322089449555,0.2974622849329029,0.005195328221820288,0.008809692960231921,0.002510872503425763,0.014598022705493584,0.0062741128803675056,0.9057142857142857,0.2922258003109016,1.0,0.0,1.0,0.0,1.0,1.0,-1.0836127613531648,860004,217000,4340,13.551130013365764,1.2994227620074525,1.4876985672744922,16.33825134264771,3541.321883310651,216
0.0009099405,0.0009668195,1.1788301,-1.2841109,0.8249489,-0.65282637,-4.5454445,-1.2856926,0.8282489,-0.65203905,-4.5637197,-1.2788632,0.81632227,-0.6524417,-4.476896,0.0009099406,0.0026396946,0.022784306,1.1277008e-07,0.0009668195,0.0029541499,0.028635398,1.3219793e-08,0.034537774,0.77442926,1.0,-1.0,-0.02376403377463777,0.04961704770178712,-0.0016177488812113778,-0.31211185971990857,-1.1882016887318887,0.59447930017614,-0.3930666843721149,-2.946752615142345,0.10878079,0.39847174,1.0,-1.0,20,-0.030262274373106714,0.04578728070294062,-0.0007636655337334354,-0.28841102339154157,-1.5131137186553354,0.6202648854511096,-0.7764788941579016,-2.7839712250761757,0.07299856640952043,0.40443654283109276,1.0,-1.0,0.02376403377463777,0.04961704770178712,0.31211185971990857,0.0016177488812113778,0.006238391427546437,0.0054776741503105575,0.02740211831821016,0.0023924511207433375,0.03433441820895582,0.07498171456604978,0.533191308140768,0.002534024735495244,0.008913284576986105,0.00725567055597168,0.03852680476321205,0.004076542560309553,0.02376403377463777,0.04961704770178712,0.31211185971990857,0.0016177488812113778,0.006238391427546437,0.0054776741503105575,0.02740211831821016,0.0023924511207433375,0.8847619047619047,0.31930906132459025,1.0,0.0,1.0,0.0,1.0,1.0,-1.1882016887318887,864004,218000,4360,13.341956322416081,1.3225316180032678,1.5015954038099153,16.166083344229264,3557.5421766489017,217
0.0006077788,0.0006870936,1.1714268,-1.2652621,0.7794917,-0.69291484,-4.2814255,-1.2691773,0.78220034,-0.70044756,-4.2877555,-1.2586792,0.7767169,-0.6958998,-4.2637835,0.0006077788,0.001381364,0.009580285,6.1434413e-09,0.0006870936,0.0015418194,0.010788761,1.790923e-09,0.023771679,0.7802097,1.0,-1.0,-0.021563292113015078,0.045976938216170646,-0.0028956615726479845,-0.30335223683166423,-1.078164605650754,0.5048092461270326,-0.25851084121085205,-2.025630363303191,0.06821438,0.33582282,1.0,-1.0,20,-0.035573741660713976,0.05278969831282969,-0.001800545209257643,-0.2778211320240093,-1.778687083035699,0.3418038118588538,-1.122825634124961,-2.6115056645113235,0.08260862198020744,0.4090773934340942,1.0,-1.0,0.021563292113015078,0.045976938216170646,0.30335223683166423,0.0028956615726479845,0.005792395440467561,0.0019764392995773377,0.011172036370164576,0.003156965685344173,0.031039758672003093,0.06700969229447823,0.48064554823739214,0.004292160225639968,0.009132482815059625,0.0023753725257750504,0.014734110586521604,0.005302373637622898,0.021563292113015078,0.045976938216170646,0.30335223683166423,0.0028956615726479845,0.005792395440467561,0.0019764392995773377,0.011172036370164576,0.003156965685344173,0.8923809523809524,0.3098986740994818,1.0,0.0,1.0,0.0,1.0,1.0,-1.078164605650754,868004,219000,4380,13.68668177316431,1.3771024220041,1.5176320719328942,16.581416267101304,3574.088011276981,218
0.00051149965,0.0006060033,1.1323906,-1.2253556,0.61313784,-0.6720086,-3.5544465,-1.2249883,0.61357284,-0.67054236,-3.5332382,-1.227399,0.6118415,-0.67687714,-3.4958766,0.0005114997,0.0011325828,0.009094856,1.3437251e-09,0.0006060033,0.0013752895,0.010958315,2.9181834e-08,0.031677235,0.7784335,1.0,-1.0,-0.019266996774180697,0.04235357810047685,-0.0012235064167565527,-0.26614730711337453,-0.963349838709035,0.4383708511634553,-0.31369556044796953,-1.9400669015123022,0.08892621,0.35718006,1.0,-1.0,20,-0.03363955163662506,0.05244625765303954,-0.0012454089962943386,-0.3191786099747523,-1.6819775818312532,0.5881645906122682,-0.8061376945986153,-2.880355379190951,0.0914274979830702,0.3959279173431917,1.0,-1.0,0.019266996774180697,0.04235357810047685,0.26614730711337453,0.0012235064167565527,0.004368712464672372,0.003994529693802703,0.01623093256121598,0.001225027910605934,0.027579569102964142,0.06168202258185594,0.4247643685968893,0.0020781197912711317,0.006963688398762019,0.006891620073829837,0.02748985284552699,0.002088568896312315,0.019266996774180697,0.04235357810047685,0.26614730711337453,0.0012235064167565527,0.004368712464672372,0.003994529693802703,0.01623093256121598,0.001225027910605934,0.8942857142857142,0.30747158488257753,1.0,0.0,1.0,0.0,1.0,1.0,-0.963349838709035,872004,220000,4400,13.352209967677481,1.3422891910013277,1.5133659253042424,16.20786508398305,3590.299148657985,219
0.000545924,0.0006102801,1.0551776,-1.1438012,0.5387838,-0.66158843,-3.775213,-1.1434338,0.5404015,-0.66259164,-3.799421,-1.1430808,0.53783166,-0.66085476,-3.8269966,0.00054592406,0.0012044894,0.008116107,7.666618e-09,0.00061028014,0.0013970279,0.007225716,4.8059988e-08,0.11124134,0.7704682,1.0,-1.0,-0.02234984842723994,0.04467134732518368,-0.0003931391590932497,-0.2935777189674972,-1.1174924213619972,0.5815572702180178,-0.3207628422232509,-2.205117468414727,0.114436306,0.36914575,1.0,-1.0,20,-0.03189924677260135,0.04625599309186343,-0.0014835575015584876,-0.2642791733091539,-1.5949623386300678,0.49719072137996334,-0.9289220638223636,-2.8190010781970227,0.1028224604342322,0.41868221576143116,1.0,-1.0,0.02234984842723994,0.04467134732518368,0.2935777189674972,0.0003931391590932497,0.006606569506244964,0.0024758881811361667,0.01670733886577491,0.004692855750342965,0.033391909372578854,0.0687938760379654,0.5042342601951408,0.0005986469014444551,0.010283292612285418,0.004559964079011967,0.028674988500264204,0.006609246934991875,0.02234984842723994,0.04467134732518368,0.2935777189674972,0.0003931391590932497,0.006606569506244964,0.0024758881811361667,0.01670733886577491,0.004692855750342965,0.9,0.3,1.0,0.0,1.0,0.0,1.0,1.0,-1.1174924213619972,876004,221000,4420,13.18290020195127,1.3453634820034495,1.499617901048623,16.027881585003342,3606.292644870977,220
0.0004452793,0.0004934414,1.0495393,-1.131525,0.5156587,-0.654063,-2.883646,-1.1289654,0.5157134,-0.6572101,-2.897633,-1.1338828,0.5178561,-0.65923905,-2.9338934,0.0004452793,0.00095428625,0.0060059708,3.798405e-09,0.0004934414,0.0011463969,0.0078085554,2.4215842e-07,0.085408844,0.7925769,1.0,-1.0,-0.02332748333616753,0.0490680568557977,-0.00254521094065643,-0.2926754274860355,-1.1663741668083762,0.48459731896994745,-0.24978437833899683,-1.9506891692498995,0.09161971,0.36503136,1.0,-1.0,20,-0.03606408496368458,0.05465057832256606,-0.0018989719936554528,-0.33278663345094645,-1.803204248184229,0.5574517545341591,-0.8954460021644499,-2.6795054149881077,0.11440099818190098,0.42524080879497994,1.0,-1.0,0.02332748333616753,0.0490680568557977,0.2926754274860355,0.00254521094065643,0.005394505239241084,0.0025124368111385585,0.015149827526944878,0.003328648209390051,0.03441746399995376,0.0733678263490982,0.4818342780790606,0.004397801282289476,0.0083266664282833,0.003446721286317728,0.02089903769861043,0.004679238333070282,0.02332748333616753,0.0490680568557977,0.2926754274860355,0.00254521094065643,0.005394505239241084,0.0025124368111385585,0.015149827526944878,0.003328648209390051,0.8838095238095238,0.3204531938257233,1.0,0.0,1.0,0.0,1.0,1.0,-1.1663741668083762,880004,222000,4440,13.622860604009475,1.3114145239960635,1.5147033678658772,16.448978495871415,3622.7631844268617,221
0.0010669257,0.0011163233,1.2188119,-1.3242218,0.83956933,-0.6478794,-4.979083,-1.3225379,0.8410151,-0.6508085,-4.972033,-1.3329965,0.8416394,-0.66129565,-4.943421,0.0010669257,0.0027965212,0.021695254,2.0463631e-10,0.0011163232,0.0026082674,0.019332584,1.0513759e-09,0.043065097,0.7927574,1.0,-1.0,-0.021946786852636617,0.045474022469244264,-0.0030953367524364775,-0.28949757545770016,-1.0973393426318307,0.4911064629381327,-0.2445845644833677,-2.1055344514362453,0.062999934,0.36676052,1.0,-1.0,20,-0.03541913473207745,0.053470910356049714,-0.0010485499645775242,-0.2957270987083294,-1.7709567366038725,0.4699733651381938,-0.8099270097141025,-2.5129652119983694,0.07597010655724287,0.4085159676311294,1.0,-1.0,0.021946786852636617,0.045474022469244264,0.28949757545770016,0.0030953367524364775,0.005783495924052122,0.0015873123161172606,0.010261682259063775,0.0036956119422499965,0.03174819393088283,0.066420314821144,0.49023410273395257,0.004202842375563565,0.009146009733017017,0.0024388442322841345,0.0141710456098504,0.005946199681006837,0.021946786852636617,0.045474022469244264,0.28949757545770016,0.0030953367524364775,0.005783495924052122,0.0015873123161172606,0.010261682259063775,0.0036956119422499965,0.8914285714285715,0.3111007448872274,1.0,0.0,1.0,0.0,1.0,1.0,-1.0973393426318307,884004,223000,4460,13.082147158158477,1.3330650220013922,1.4968231751554413,15.91203535531531,3638.6689907551918,222
0.00072794815,0.00074686646,1.2287943,-1.3414102,0.87438786,-0.66194457,-4.2603,-1.343523,0.8748275,-0.6614941,-4.272272,-1.3400756,0.8693935,-0.6586388,-4.1491656,0.0007279482,0.0019537287,0.012398836,4.440622e-09,0.00074686646,0.002156946,0.0151552055,7.4848927e-10,0.04712094,0.78210926,1.0,-1.0,-0.025264444788028275,0.053973367521993325,-0.0011057131874667545,-0.3424961856964456,-1.2632222394014136,0.5484047153478478,-0.3701372537406241,-2.413189170739164,0.11358102,0.3693608,1.0,-1.0,20,-0.027238776244029466,0.042273723310329886,-0.0011134653657382339,-0.3004114007518289,-1.3619388122014735,0.5118445708878264,-0.6525484397814547,-2.7697845327732615,0.05735698902965042,0.3908039585627619,1.0,-1.0,0.025264444788028275,0.053973367521993325,0.3424961856964456,0.0011057131874667545,0.004997741521718109,0.0017531881414033048,0.010521111004135384,0.0018785688244807527,0.03686436026236342,0.08296519595847698,0.579075754734945,0.0018546910777668124,0.00723937735188364,0.002852142440356443,0.016424794774266005,0.002644334720510892,0.025264444788028275,0.053973367521993325,0.3424961856964456,0.0011057131874667545,0.004997741521718109,0.0017531881414033048,0.010521111004135384,0.0018785688244807527,0.8733333333333333,0.3325991915537712,1.0,0.0,1.0,0.0,1.0,1.0,-1.2632222394014136,888004,224000,4480,13.220786432881141,1.3275562899943907,1.4968959649850149,16.045238687860547,3654.70984077506,223
0.00070969394,0.00070311566,1.174755,-1.2746707,0.77323973,-0.6635453,-4.400143,-1.2769964,0.7756351,-0.6638031,-4.414066,-1.2666923,0.77493453,-0.6546183,-4.527367,0.0007096939,0.0022888847,0.022231042,4.7072035e-10,0.0007031157,0.0018556437,0.015119301,2.7397565e-08,0.011556695,0.78865236,1.0,-1.0,-0.021207046919560393,0.05148887225107029,-0.000878450148837482,-0.3603901312576067,-1.0603523459780195,0.5260734030622383,-0.196884621653246,-2.3414562554671443,0.09974444,0.34287947,1.0,-1.0,20,-0.03356833544716445,0.05027448463727271,-0.0006208317328289164,-0.2915022915953582,-1.6784167723582226,0.5504889956799616,-0.7053809123784985,-2.5929236357541763,0.10603584815589223,0.3908058711322968,1.0,-1.0,0.021207046919560393,0.05148887225107029,0.3603901312576067,0.000878450148837482,0.0027001663326221914,0.0012336121763589598,0.005430376798574539,0.0009403571361254832,0.030831964121264873,0.07821856210536057,0.6178563180940777,0.0012385958430081168,0.004004886620617732,0.0017264219230398844,0.00863431464706843,0.0012877971803885446,0.021207046919560393,0.05148887225107029,0.3603901312576067,0.000878450148837482,0.0027001663326221914,0.0012336121763589598,0.005430376798574539,0.0009403571361254832,0.8809523809523809,0.32384453592227247,1.0,0.0,1.0,0.0,1.0,1.0,-1.0603523459780195,892004,225000,4500,13.193634486975498,1.3230592860054458,1.4944793978065718,16.011173170787515,3670.7271798848524,224
0.00047386027,0.0005252861,1.1305306,-1.2220075,0.72959757,-0.6660468,-3.8690062,-1.22171,0.7289178,-0.66089165,-3.8613238,-1.2205069,0.7323001,-0.65769404,-3.8885853,0.00047386024,0.0010568795,0.007720697,6.513247e-09,0.0005252861,0.001181703,0.0075003146,9.555379e-11,0.083052486,0.77697253,1.0,-1.0,-0.024537488879896093,0.04790437423557932,-0.0014374159227231464,-0.33847997711544175,-1.2268744439948047,0.485209245131158,-0.43858677061833246,-2.616799837540169,0.14556718,0.35970458,1.0,-1.0,20,-0.03659798800913676,0.05755894407909687,-0.0014235932919977204,-0.33699677846012693,-1.8298994004568374,0.779289424759864,-0.7995012417569826,-3.714664104185986,0.09766354128624133,0.40803793113751563,1.0,-1.0,0.024537488879896093,0.04790437423557932,0.33847997711544175,0.0014374159227231464,0.005468397406927267,0.0008510612729730863,0.007278813697584934,0.004045969520874804,0.03657082805685198,0.07361834603323184,0.5782315669405191,0.0024277131593900825,0.008578005560341388,0.0016046970932761565,0.01220859582687675,0.005937385582585095,0.024537488879896093,0.04790437423557932,0.33847997711544175,0.0014374159227231464,0.005468397406927267,0.0008510612729730863,0.007278813697584934,0.004045969520874804,0.8809523809523809,0.32384453592227247,1.0,0.0,1.0,0.0,1.0,1.0,-1.2268744439948047,896004,226000,4520,13.699541516878526,1.3295667359925574,1.494656801893143,16.523765054764226,3687.2557174866233,225
0.00071999244,0.00071813137,1.1203793,-1.2238495,0.73030394,-0.6415261,-3.8908427,-1.2221625,0.728825,-0.64078265,-3.8943455,-1.2261586,0.72831243,-0.63998026,-3.9048207,0.00071999244,0.001536774,0.008742098,1.3288414e-08,0.0007181313,0.0014766472,0.009226156,4.9551865e-09,0.046614196,0.79964715,1.0,-1.0,-0.025704969837930424,0.051668587333590525,-0.000651343663520245,-0.2695927669134296,-1.2852484918965212,0.3924206410920427,-0.6387362769946018,-1.961887573377842,0.084538184,0.3921897,1.0,-1.0,20,-0.027607617547767305,0.04445597196883738,-0.0004335953509013913,-0.31957214952015006,-1.3803808773883648,0.5067044408237404,-0.7743622614859111,-2.451947506857574,0.07930713511980585,0.38299869160577776,1.0,-1.0,0.025704969837930424,0.051668587333590525,0.2695927669134296,0.000651343663520245,0.005067020200498452,0.002486263828094755,0.013090084703649424,0.0007910859974606176,0.03537586475907932,0.07381685115025935,0.42216878043889455,0.0007735136199443632,0.006779396943733098,0.004128346353623573,0.020295295797518098,0.0011587086925594764,0.025704969837930424,0.051668587333590525,0.2695927669134296,0.000651343663520245,0.005067020200498452,0.002486263828094755,0.013090084703649424,0.0007910859974606176,0.8657142857142858,0.3409590315924918,1.0,0.0,1.0,0.0,1.0,1.0,-1.2852484918965212,900004,227000,4540,13.267096812705859,1.3345520989969373,1.5185960181843257,16.12024492988712,3703.4069276305236,226
0.00043111978,0.0005174695,1.1294134,-1.227376,0.7322608,-0.64266545,-4.847638,-1.2257214,0.73219305,-0.64468485,-4.870739,-1.2246163,0.72846115,-0.64407253,-4.7628517,0.0004311198,0.00097380026,0.007188736,6.7226225e-10,0.0005174695,0.0013518117,0.011639663,6.0305183e-10,0.030423714,0.7928291,1.0,-1.0,-0.022150599232781114,0.0402828120638596,-0.001437883781017334,-0.2508306395755217,-1.1075299616390561,0.320451481994561,-0.5731874399844317,-1.6558255688000747,0.04411464,0.34278813,1.0,-1.0,20,-0.03464049700902834,0.05294421903409596,-0.001186442908052027,-0.34417315680991606,-1.7320248504514169,0.5724583068257922,-0.8274497090821935,-2.8153849049230666,0.0962528657470305,0.39833051290567817,1.0,-1.0,0.022150599232781114,0.0402828120638596,0.2508306395755217,0.001437883781017334,0.008123906229545544,0.001596783913934282,0.010479401189981193,0.0038723134380602964,0.03173580292377632,0.056792247793738766,0.4040682499258522,0.002408382699146429,0.012681542000754295,0.0029894761764923767,0.01662892755770909,0.005924509626792744,0.022150599232781114,0.0402828120638596,0.2508306395755217,0.001437883781017334,0.008123906229545544,0.001596783913934282,0.010479401189981193,0.0038723134380602964,0.8942857142857142,0.30747158488257753,1.0,0.0,1.0,0.0,1.0,1.0,-1.1075299616390561,904004,228000,4560,13.37213829785469,1.3668739999993704,1.4686764102225425,16.207688708076603,3719.5933762345812,227
0.00052746065,0.0005637477,1.129149,-1.2311687,0.68954194,-0.65105385,-3.6181464,-1.2300975,0.689079,-0.6469979,-3.5963285,-1.2353019,0.68975365,-0.64497805,-3.5968275,0.00052746065,0.0014085644,0.010085085,6.474821e-11,0.00056374766,0.0013863235,0.009518917,2.104754e-08,0.012187615,0.78868604,1.0,-1.0,-0.023045095908487478,0.04872362659650889,-0.0031893584420717,-0.31201341729743676,-1.152254795424374,0.4181905933501519,-0.3864397044136824,-2.0123834480248153,0.08989434,0.34504882,1.0,-1.0,20,-0.0360043142638263,0.05507349106692304,-0.0021852117595349187,-0.31092248584899945,-1.8002157131913148,0.6097871682212065,-0.8179578091188388,-2.895369062971302,0.11604548350962902,0.413995097169348,1.0,-1.0,0.023045095908487478,0.04872362659650889,0.31201341729743676,0.0031893584420717,0.005814745659428268,0.003260376336060059,0.019758066688728308,0.0039457030517180925,0.03405172936804467,0.07407104163475497,0.5255569135397413,0.003843304475453141,0.009265981897824816,0.00575863479400957,0.03415975851562342,0.005851038436956835,0.023045095908487478,0.04872362659650889,0.31201341729743676,0.0031893584420717,0.005814745659428268,0.003260376336060059,0.019758066688728308,0.0039457030517180925,0.8828571428571429,0.32159043543498816,1.0,0.0,1.0,0.0,1.0,1.0,-1.152254795424374,908004,229000,4580,13.701810418948298,1.3448406099923886,1.4716664051520638,16.51831743409275,3736.098866641696,228
0.00068946416,0.00074315723,1.0553916,-1.1363994,0.62699914,-0.64793134,-4.8637757,-1.1358619,0.6283002,-0.64692545,-4.8612294,-1.1459775,0.6381148,-0.6529317,-5.0210037,0.00068946416,0.002412079,0.024720643,8.425616e-09,0.00074315723,0.0025399064,0.025527827,2.8141045e-09,0.07760551,0.78592265,1.0,-1.0,-0.021871485350349218,0.042905381478484,-0.004979846859581112,-0.2822255598644908,-1.093574267517461,0.3880100757446787,-0.4329267506064173,-1.9086241980309828,0.08828007,0.3322161,1.0,-1.0,20,-0.035519467700995504,0.05322892653721108,-0.0007635143530927561,-0.2877102075223371,-1.7759733850497756,0.5172888233214391,-0.6444407665983518,-3.030083105109711,0.12384934118304546,0.3997793602476824,1.0,-1.0,0.021871485350349218,0.042905381478484,0.2822255598644908,0.004979846859581112,0.0070716130090470435,0.0010506424480457499,0.009229884146744086,0.005001943998126834,0.03193882135782042,0.06256206752126364,0.4662152586465961,0.007171871585985673,0.011153385076645237,0.0016653250681059907,0.013767405640106423,0.00771502487977376,0.021871485350349218,0.042905381478484,0.2822255598644908,0.004979846859581112,0.0070716130090470435,0.0010506424480457499,0.009229884146744086,0.005001943998126834,0.8923809523809524,0.3098986740994818,1.0,0.0,1.0,0.0,1.0,1.0,-1.093574267517461,912004,230000,4600,13.546287765188026,1.3323596419941168,1.4946867502876557,16.3733341574698,3752.4811089811556,229
0.00080596283,0.00088252866,1.108428,-1.2076398,0.6815366,-0.6578373,-4.281599,-1.2089586,0.68170524,-0.66098833,-4.3054705,-1.2018787,0.67658025,-0.6532832,-4.22745,0.00080596283,0.0017610441,0.01050331,1.1668661e-07,0.00088252866,0.0021374198,0.0134968925,1.5381971e-09,0.12120602,0.7784928,1.0,-1.0,-0.025200710959732472,0.049752985989157346,-0.0025732761049306408,-0.30060062754972594,-1.2600355479866234,0.49231396387490595,-0.38445110696453777,-1.9110558154682986,0.11955572,0.3655136,1.0,-1.0,20,-0.029078344059120107,0.04511193830069607,-0.0004632971076843707,-0.31626285730777015,-1.453917202956005,0.4853191731451018,-0.7611002323251616,-2.592454599572679,0.09579763253110814,0.3889193313374125,1.0,-1.0,0.025200710959732472,0.049752985989157346,0.30060062754972594,0.0025732761049306408,0.006796670457053203,0.002308284927007629,0.012734659154721849,0.004029743236590151,0.03737925701706278,0.07523885134699271,0.5152837737251523,0.003282275507438648,0.010817620536599418,0.0034643420675426703,0.019018248443372313,0.0061091202539344525,0.025200710959732472,0.049752985989157346,0.30060062754972594,0.0025732761049306408,0.006796670457053203,0.002308284927007629,0.012734659154721849,0.004029743236590151,0.8838095238095238,0.3204531938257233,1.0,0.0,1.0,0.0,1.0,1.0,-1.2600355479866234,916004,231000,4620,16.44564863150299,1.3416461419983534,1.5928969059023075,19.38019167940365,3771.837746947567,230
0.0008127776,0.00088467804,1.1675274,-1.2690823,0.8070489,-0.65396345,-4.176239,-1.2722354,0.80749243,-0.6590022,-4.1597843,-1.2710277,0.81399643,-0.6573871,-4.341317,0.00081277755,0.0026445538,0.0272508,1.226455e-08,0.0008846781,0.003144618,0.03295418,5.7670636e-08,0.038063407,0.8010615,1.0,-1.0,-0.022380964706379753,0.050003681451734346,-0.0008314956588077233,-0.30031137611668973,-1.1190482353189877,0.48901166103628513,-0.21221905468185392,-1.9053002762630424,0.09703829,0.3427139,1.0,-1.0,20,-0.0319461916949635,0.049812617239336214,-0.0009674974510031142,-0.31635821821591564,-1.5973095847481749,0.4485787137802034,-0.7765120827068793,-2.3512137950391216,0.09562099042712802,0.40809954567173845,1.0,-1.0,0.022380964706379753,0.050003681451734346,0.30031137611668973,0.0008314956588077233,0.004121683302388261,0.0016172730455861492,0.007380051002293699,0.0017040897001674522,0.03172577145496893,0.07252979191131821,0.5094656637656363,0.0012489211727762656,0.0062262878452734914,0.001996429828744342,0.00948265952033328,0.002921032282676317,0.022380964706379753,0.050003681451734346,0.30031137611668973,0.0008314956588077233,0.004121683302388261,0.0016172730455861492,0.007380051002293699,0.0017040897001674522,0.8819047619047619,0.3227208590011918,1.0,0.0,1.0,0.0,1.0,1.0,-1.1190482353189877,920004,232000,4640,12.738102693067049,1.3183490259980317,1.381703135150019,15.4381548542151,3787.214520644804,231
0.0005901733,0.00061561575,1.130386,-1.2304089,0.73634434,-0.6518002,-4.3352904,-1.2311671,0.7394101,-0.65196615,-4.348955,-1.2274606,0.73111504,-0.6548841,-4.3101716,0.00059017335,0.00156534,0.013325929,6.266987e-12,0.00061561575,0.0016932738,0.01666751,1.5105584e-08,0.14440364,0.79289144,1.0,-1.0,-0.022591697177006282,0.046051687085675676,-0.002283732443920895,-0.2742406114559941,-1.1295848588503143,0.4414867306860994,-0.4059258077317566,-1.7328277487023422,0.094696954,0.34853265,1.0,-1.0,20,-0.033019868690766424,0.052723966121863364,-0.0004963945215212986,-0.3169347901598645,-1.650993434538321,0.576088532464731,-0.6435744095128524,-2.570599524768877,0.10227471645705595,0.3894822337535276,1.0,-1.0,0.022591697177006282,0.046051687085675676,0.2742406114559941,0.002283732443920895,0.006118419663312018,0.0024722822354322216,0.012981641023480248,0.0038975254111422862,0.032790943132024346,0.06974364671166994,0.4695744250602528,0.003852000699288238,0.009067845344357568,0.003540897566373307,0.021498508227406288,0.006076935511914055,0.022591697177006282,0.046051687085675676,0.2742406114559941,0.002283732443920895,0.006118419663312018,0.0024722822354322216,0.012981641023480248,0.0038975254111422862,0.8885714285714286,0.3146621122695886,1.0,0.0,1.0,0.0,1.0,1.0,-1.1295848588503143,924004,233000,4660,12.598663986937026,1.2584693590033567,1.3910098349006148,15.248143180840998,3802.4568286296417,232
0.00070103304,0.0005922336,1.0958393,-1.1919361,0.65299326,-0.65117764,-4.2060704,-1.1891205,0.65105414,-0.6501044,-4.180887,-1.1884923,0.6511047,-0.6490802,-4.1401834,0.00070103304,0.0013782496,0.007314899,2.383196e-10,0.0005922336,0.0012949453,0.007938131,7.510849e-09,0.1879484,0.7791677,1.0,-1.0,-0.02205696017368593,0.04528702968735028,-0.0008466015225931482,-0.28410979958482335,-1.1028480086842964,0.6273374348610865,-0.20488402429938588,-2.2436930190626665,0.109715074,0.34926286,1.0,-1.0,20,-0.029880946477923515,0.04400313899690565,-0.0005638109406317426,-0.2736051260136233,-1.4940473238961758,0.5234706866448418,-0.7509829224711847,-3.1331192439108118,0.05304722591601662,0.37722539891814855,1.0,-1.0,0.02205696017368593,0.04528702968735028,0.28410979958482335,0.0008466015225931482,0.006131327726527085,0.00357164478810306,0.01812305122435755,0.002412135649944012,0.03076903017001456,0.0644250962889987,0.4567558931426464,0.0012269202342727603,0.009074431806998393,0.005223490569286699,0.027507433573178794,0.003881483676223263,0.02205696017368593,0.04528702968735028,0.28410979958482335,0.0008466015225931482,0.006131327726527085,0.00357164478810306,0.01812305122435755,0.002412135649944012,0.8942857142857142,0.30747158488257753,1.0,0.0,1.0,0.0,1.0,1.0,-1.1028480086842964,928004,234000,4680,12.39298451700597,1.2527819859969895,1.3541340387746459,14.999900541777606,3817.474822675431,233
0.00062708824,0.00063404476,1.0867095,-1.1825447,0.7227833,-0.65202177,-3.972132,-1.181828,0.72352797,-0.652047,-3.9439878,-1.1798383,0.7187637,-0.65067244,-3.9026794,0.0006270882,0.00146305,0.012893699,8.712519e-09,0.0006340448,0.0014975858,0.012702469,1.4496493e-10,0.059738446,0.79403245,1.0,-1.0,-0.024700389129050232,0.047271666519973825,-0.001848415358220642,-0.32155748898585546,-1.2350194564525114,0.5888564757059562,-0.5925845328061978,-2.4466499018734202,0.12894991,0.41580796,1.0,-1.0,20,-0.03322671009470754,0.052928892125597066,-0.0009184801500296794,-0.35643274935241875,-1.6613355047353775,0.5738558028227901,-0.6192002078795873,-2.921779794531941,0.10551067620097267,0.39695859700447567,1.0,-1.0,0.024700389129050232,0.047271666519973825,0.32155748898585546,0.001848415358220642,0.006908553161581786,0.003660745860283747,0.01594948934924887,0.002766938597021378,0.03626198260188727,0.07183726294653445,0.546785228232133,0.002844169681808034,0.010101113675148906,0.004351759548612155,0.020184869978987684,0.0042328418789063516,0.024700389129050232,0.047271666519973825,0.32155748898585546,0.001848415358220642,0.006908553161581786,0.003660745860283747,0.01594948934924887,0.002766938597021378,0.8828571428571429,0.32159043543498816,1.0,0.0,1.0,0.0,1.0,1.0,-1.2350194564525114,932004,235000,4700,12.316100096781156,1.2701514229993336,1.3613175682694418,14.947569088049931,3832.408644775496,234
0.00059510284,0.00062921364,1.1009313,-1.2010994,0.7707097,-0.6526091,-4.8985043,-1.203613,0.771248,-0.652338,-4.8715262,-1.2030985,0.7647678,-0.6507844,-4.9310946,0.0005951029,0.0014586671,0.0114333145,2.2737368e-11,0.00062921364,0.0014562963,0.009402826,1.8673951e-09,0.07606015,0.7901847,1.0,-1.0,-0.021624150461682267,0.0483773177832036,-0.002202098505650782,-0.3301869508670216,-1.0812075230841134,0.42656123339444635,-0.5156279087457727,-2.0849609473157886,0.07135164,0.35890642,1.0,-1.0,20,-0.03321006610130516,0.04873949831222613,-0.0010303545662634045,-0.28618985786334583,-1.6605033050652576,0.5497464238313795,-0.6590988045257018,-2.6180501687424687,0.07314854386046811,0.40481062760498493,1.0,-1.0,0.021624150461682267,0.0483773177832036,0.3301869508670216,0.002202098505650782,0.004254303479743824,0.0018460818919964945,0.011171924132675938,0.0022021056176982474,0.03164065174655525,0.07542885913146856,0.5601331739265697,0.0027693005345061084,0.006069645792501579,0.002889825270030183,0.01567860363430562,0.0027693188645863814,0.021624150461682267,0.0483773177832036,0.3301869508670216,0.002202098505650782,0.004254303479743824,0.0018460818919964945,0.011171924132675938,0.0022021056176982474,0.8866666666666667,0.31699982474583305,1.0,0.0,1.0,0.0,1.0,1.0,-1.0812075230841134,936004,236000,4720,12.521280161992763,1.25778755400097,1.3986438560968963,15.17771157209063,3847.5867128305836,235
0.0006329253,0.00067573006,1.0471234,-1.1379714,0.61330795,-0.64969504,-3.5141048,-1.1409042,0.6145796,-0.6498245,-3.5129857,-1.1409461,0.6148835,-0.6554357,-3.5500817,0.00063292537,0.0014235752,0.0072068195,6.331735e-09,0.00067573006,0.0015446601,0.00892837,4.5044004e-09,0.091388464,0.8051281,1.0,-1.0,-0.021449757707464382,0.0458971028303593,-0.003194071919321765,-0.3179438829818427,-1.0724878853732192,0.6506393996398854,-0.2640356221551961,-2.7087649469358137,0.113779165,0.36679167,1.0,-1.0,20,-0.03162751196418021,0.04990069386492703,-0.0005126313828135656,-0.3357812046234479,-1.5813755982090105,0.4839180839356808,-0.8235491955915921,-2.6562504256658075,0.12625115265094466,0.397414143305449,1.0,-1.0,0.021449757707464382,0.0458971028303593,0.3179438829818427,0.003194071919321765,0.005198608316035533,0.0020718161100500036,0.01167425078918336,0.003412814707620619,0.03189158400524967,0.0704370765058732,0.5360226186958553,0.004905150298920703,0.008350352804538566,0.0032258646468114912,0.017009463862654006,0.00492882694054651,0.021449757707464382,0.0458971028303593,0.3179438829818427,0.003194071919321765,0.005198608316035533,0.0020718161100500036,0.01167425078918336,0.003412814707620619,0.8980952380952381,0.3025230262408065,1.0,0.0,1.0,0.0,1.0,1.0,-1.0724878853732192,940004,237000,4740,12.973233924116357,1.2576691930007655,1.3964059547433862,15.627309071860509,3863.1707875884895,236
0.0007619818,0.00068777055,1.0921348,-1.1757905,0.6851043,-0.65337974,-4.6644306,-1.175978,0.68688834,-0.6534818,-4.6355133,-1.1821404,0.69633573,-0.65248245,-4.677225,0.00076198176,0.0028777688,0.031059014,9.713986e-08,0.00068777055,0.0018891515,0.017518092,2.2240002e-08,0.06088784,0.8052589,1.0,-1.0,-0.02269292587269684,0.04617862719454827,-0.0022699851535966384,-0.2721060096604825,-1.1346462936348418,0.4177329672665,-0.46013518829537403,-1.8232430257524017,0.061917394,0.34493366,1.0,-1.0,20,-0.031204971972354358,0.04797953899093493,-0.0012913476024082728,-0.2888758284358453,-1.560248598617718,0.5945328493526391,-0.7000370893507738,-2.929253474893865,0.08571750228967312,0.4023861295115377,1.0,-1.0,0.02269292587269684,0.04617862719454827,0.2721060096604825,0.0022699851535966384,0.006429837596505937,0.0019704910445661216,0.010552022297110372,0.0022699851535966384,0.03221940697654594,0.06752327208976588,0.4512750360229863,0.0024847571461083517,0.009624047513612302,0.0026225227686055425,0.01392122170314402,0.002743410157674986,0.02269292587269684,0.04617862719454827,0.2721060096604825,0.0022699851535966384,0.006429837596505937,0.0019704910445661216,0.010552022297110372,0.0022699851535966384,0.8876190476190476,0.3158345673337586,1.0,0.0,1.0,0.0,1.0,1.0,-1.1346462936348418,944004,238000,4760,12.76814976692549,1.2145338780101156,1.3969208731286926,15.379604518064298,3878.5475770305347,237
0.00067257317,0.0006761567,1.0522162,-1.1432611,0.6576125,-0.63945675,-4.7784405,-1.141715,0.6564334,-0.63969433,-4.767262,-1.1500924,0.6637105,-0.64767987,-4.7898874,0.0006725732,0.0015007125,0.010099792,2.4180657e-09,0.0006761568,0.0017226521,0.013568866,9.049529e-09,0.06763705,0.78106594,1.0,-1.0,-0.019718314405609942,0.04454759920373612,-0.0016665917681182225,-0.26927202736920997,-0.9859157202804971,0.5003449241943135,-0.28854112878119087,-1.8631344552539264,0.07063491,0.34455824,1.0,-1.0,20,-0.033280219511927465,0.053403380258515196,-0.001541773839416185,-0.326943601452039,-1.6640109755963732,0.5831014623142645,-0.4970856788599128,-2.620611335984181,0.10063959950146881,0.4085914600339449,1.0,-1.0,0.019718314405609942,0.04454759920373612,0.26927202736920997,0.0016665917681182225,0.0041296198565191665,0.0009315073287188721,0.006049360833615627,0.0018754789828738297,0.027360897396279414,0.06191664215158321,0.41934939860096687,0.001775937235381192,0.006724913778919565,0.001575316050105176,0.00959263511579378,0.002688128688972141,0.019718314405609942,0.04454759920373612,0.26927202736920997,0.0016665917681182225,0.0041296198565191665,0.0009315073287188721,0.006049360833615627,0.0018754789828738297,0.8923809523809524,0.3098986740994818,1.0,0.0,1.0,0.0,1.0,1.0,-0.9859157202804971,948004,239000,4780,12.905381219898118,1.2118960639927536,1.3792721970676212,15.496549480958492,3893.964933482479,238
0.0010218114,0.0009689081,1.0933669,-1.1971571,0.7333681,-0.6546101,-3.9757,-1.1961372,0.73351026,-0.6506414,-3.9426527,-1.1996082,0.7376125,-0.6461036,-3.9050457,0.0010218115,0.0026959816,0.018335177,1.0534805e-08,0.00096890796,0.002543742,0.020043036,4.3520743e-10,0.08872014,0.7767952,1.0,-1.0,-0.024119306061868653,0.05132972621470607,-0.002102613485603461,-0.298016346459351,-1.2059653030934328,0.5257478389898101,-0.388993323792722,-2.213492229613799,0.12331595,0.37585932,1.0,-1.0,20,-0.03442048736865506,0.05210540956200532,-0.0019588390868498407,-0.28713879560329514,-1.7210243684327526,0.5198456659796682,-0.9086803688208603,-2.7323511933110094,0.12534499479759606,0.42344706672429533,1.0,-1.0,0.024119306061868653,0.05132972621470607,0.298016346459351,0.002102613485603461,0.004064447708534284,0.0018539304759895166,0.009532002836476138,0.002357532947698787,0.03542614596584001,0.07720348579370474,0.5154153403031873,0.002360878088588543,0.006286497453491618,0.0028780841543785437,0.014339243371866234,0.0029765407386075776,0.024119306061868653,0.05132972621470607,0.298016346459351,0.002102613485603461,0.004064447708534284,0.0018539304759895166,0.009532002836476138,0.002357532947698787,0.8771428571428571,0.3282731565421127,1.0,0.0,1.0,0.0,1.0,1.0,-1.2059653030934328,952004,240000,4800,13.005913259228691,1.1330258630041499,1.3895139265514445,15.528453048784286,3909.4901363672834,239
0.00053891644,0.0005125558,1.1787648,-1.2883844,0.85610723,-0.65200645,-4.686784,-1.2851129,0.8546159,-0.6478877,-4.6695547,-1.2855647,0.8537642,-0.64375454,-4.6721992,0.00053891644,0.0010638757,0.0054322802,1.6590892e-08,0.0005125558,0.0010604821,0.0056844223,7.614517e-09,0.018139238,0.79591566,1.0,-1.0,-0.021725799871791185,0.04740244914070632,-0.0007223082283414841,-0.27124298318275364,-1.086289993589559,0.40537085699578446,-0.4145060800850624,-1.8913219139251902,0.09723429,0.3570166,1.0,-1.0,20,-0.03397762976310252,0.052763746061704635,-0.0017582659717495746,-0.2781880488146778,-1.698881488155126,0.4295317471811628,-1.067987985210597,-2.685520421069253,0.1488809034117929,0.4300690913104834,1.0,-1.0,0.021725799871791185,0.04740244914070632,0.27124298318275364,0.0007223082283414841,0.0042167563701421456,0.002788177236260982,0.009779711976359304,0.0013064893944707816,0.030532671057732046,0.07016383769630867,0.43011631331903455,0.0010536184775066237,0.00560886278465352,0.0036048588022631264,0.015827521889699436,0.0021142676439127456,0.021725799871791185,0.04740244914070632,0.27124298318275364,0.0007223082283414841,0.0042167563701421456,0.002788177236260982,0.009779711976359304,0.0013064893944707816,0.8838095238095238,0.3204531938257233,1.0,0.0,1.0,0.0,1.0,1.0,-1.086289993589559,956004,241000,4820,13.31141662299342,1.131071267009247,1.3890849487215746,15.831572838724242,3925.323038750008,240
0.0005439181,0.00063014973,1.1176908,-1.2182,0.78833705,-0.65307236,-4.454033,-1.2235575,0.78962624,-0.6556475,-4.4664183,-1.2144754,0.78862774,-0.6528607,-4.434605,0.0005439181,0.0014516563,0.009933192,1.5164247e-08,0.0006301497,0.0013799588,0.010715534,1.0917521e-08,0.0570512,0.7662819,1.0,-1.0,-0.021475190782121248,0.04586530396777285,-0.001967742125514666,-0.2753223326513596,-1.0737595391060624,0.42578169082773915,-0.38689779199274305,-1.9499899879043787,0.07250583,0.37062532,1.0,-1.0,20,-0.030922831097924347,0.048806659594817794,-0.0009873361619933262,-0.2932602344826057,-1.5461415548962174,0.49082276611996795,-0.6474085295011952,-2.315497754504775,0.10516775985323146,0.4087888843337613,1.0,-1.0,0.021475190782121248,0.04586530396777285,0.2753223326513596,0.001967742125514666,0.003916908938551609,0.0022201950023729745,0.012919085157389522,0.0022559678699283054,0.02948201467407817,0.06502836943615282,0.4600033842550581,0.002916760873420063,0.005776213572228174,0.0036473789710950435,0.02078141430719286,0.0033131856924648387,0.021475190782121248,0.04586530396777285,0.2753223326513596,0.001967742125514666,0.003916908938551609,0.0022201950023729745,0.012919085157389522,0.0022559678699283054,0.8838095238095238,0.3204531938257233,1.0,0.0,1.0,0.0,1.0,1.0,-1.0737595391060624,960004,242000,4840,12.82196365915297,1.1317221960052848,1.3821901585470187,15.335876013705274,3940.7426070126967,241
0.00065604737,0.0007566664,1.0941888,-1.1882112,0.68616974,-0.65247846,-4.210911,-1.189808,0.68507564,-0.65671057,-4.224271,-1.1883457,0.6900582,-0.6520487,-4.163306,0.0006560473,0.0017404218,0.012435924,1.1261001e-09,0.0007566664,0.0020852578,0.017531727,8.5649177e-10,0.099703334,0.79651403,1.0,-1.0,-0.02186368574258316,0.04850133510540239,-0.002081501096831019,-0.2957954731880318,-1.0931842871291582,0.4828657943650548,-0.3119044978483595,-2.0143953784262956,0.061326664,0.33436546,1.0,-1.0,20,-0.031034893813734924,0.04738599696198347,-0.0015029481198836573,-0.27284677356411785,-1.5517446906867463,0.5403959574949327,-0.8610950885138806,-2.8330849583635462,0.08210024928787202,0.37626991350789185,1.0,-1.0,0.02186368574258316,0.04850133510540239,0.2957954731880318,0.002081501096831019,0.004472631392619804,0.0015306563016258224,0.008663607748846528,0.0024089941492054525,0.030307692210083316,0.0682113355976629,0.48223078326958496,0.0033304707544081283,0.006868367481210053,0.002319243828581979,0.012587565929471745,0.003990449332563817,0.02186368574258316,0.04850133510540239,0.2957954731880318,0.002081501096831019,0.004472631392619804,0.0015306563016258224,0.008663607748846528,0.0024089941492054525,0.8895238095238095,0.3134823787935439,1.0,0.0,1.0,0.0,1.0,1.0,-1.0931842871291582,964004,243000,4860,12.735881203014287,1.2157633119932143,1.3520095749991015,15.303654090006603,3956.0697222687013,242
0.0007073786,0.00077075604,0.98925567,-1.071837,0.5283703,-0.65934706,-3.814704,-1.0722649,0.5270501,-0.6627895,-3.814585,-1.0731004,0.53494245,-0.6600556,-3.9316747,0.00070737867,0.0018913837,0.013682162,1.7746604e-08,0.00077075604,0.0020408873,0.013710009,1.1897683e-10,0.06388263,0.77542686,1.0,-1.0,-0.02477081278191795,0.048597002351695846,-0.003135657757100297,-0.31380639459842136,-1.2385406390958975,0.443820798943691,-0.49654675880636856,-2.1712667612808625,0.06368241,0.40926814,1.0,-1.0,20,-0.03174964673454737,0.04897271414932687,-0.0007239116372706101,-0.3257155968989931,-1.5874823367273687,0.6021980855283798,-0.8762405732497006,-3.3089458743835998,0.08373544641751529,0.41773811358976853,1.0,-1.0,0.02477081278191795,0.048597002351695846,0.31380639459842136,0.003135657757100297,0.006498668059607334,0.0027534444901898053,0.017680393484107215,0.004369793968605093,0.03553440432657241,0.07283860441357795,0.5286259860868807,0.0042747245133343825,0.009597892098233302,0.004127343164119576,0.02563597789436678,0.005419279950781286,0.02477081278191795,0.048597002351695846,0.31380639459842136,0.003135657757100297,0.006498668059607334,0.0027534444901898053,0.017680393484107215,0.004369793968605093,0.88,0.3249615361854384,1.0,0.0,1.0,0.0,1.0,1.0,-1.2385406390958975,968004,244000,4880,12.665541571754147,1.2392456559900893,1.3615620929631405,15.266349320707377,3971.356541028392,243
0.00062934135,0.0006995766,1.0524421,-1.1465747,0.6149235,-0.67255086,-3.640482,-1.1414878,0.6112036,-0.6665145,-3.6420438,-1.1465482,0.6139755,-0.6686846,-3.488845,0.00062934135,0.0021821046,0.02299373,2.6110744e-08,0.00069957663,0.0023206451,0.023469847,6.638917e-09,-0.0010394305,0.79742634,1.0,-1.0,-0.02621670258131529,0.04825356504954592,-0.002995644797614415,-0.29335552526646863,-1.3108351290657645,0.5420356603350686,-0.5269700313150962,-2.34339654504367,0.11285152,0.3513207,1.0,-1.0,20,-0.028005674915054204,0.0448330392803692,-0.0011509087091798047,-0.3279186148799756,-1.40028374575271,0.531917496627612,-0.6036226839526992,-2.9309732634189705,0.08408498817206944,0.4035648196315639,1.0,-1.0,0.02621670258131529,0.04825356504954592,0.29335552526646863,0.002995644797614415,0.00851894363125795,0.0017938867600186034,0.011792820937304226,0.002995644797614415,0.037310933751333625,0.07165901884823016,0.4998176528358418,0.0036291815828780535,0.012284851895594614,0.002460272902799489,0.016136165048681355,0.0048559947070703005,0.02621670258131529,0.04825356504954592,0.29335552526646863,0.002995644797614415,0.00851894363125795,0.0017938867600186034,0.011792820937304226,0.002995644797614415,0.8857142857142857,0.318157963590287,1.0,0.0,1.0,0.0,1.0,1.0,-1.3108351290657645,972004,245000,4900,12.669850787191535,1.2611746509937802,1.381109074849519,15.312134513034835,3986.6891179044324,244
0.0006364671,0.0007641971,1.1114705,-1.2023656,0.68257886,-0.6731039,-4.290183,-1.2042058,0.684094,-0.6755889,-4.3021913,-1.1984937,0.679864,-0.6690364,-4.2228847,0.0006364672,0.0013990197,0.008079527,2.3501855e-08,0.0007641971,0.001635876,0.00902564,4.5864287e-08,0.10401114,0.7820854,1.0,-1.0,-0.026447669472489305,0.05643422023331158,-0.0019005174265693068,-0.3183700184086728,-1.322383473624465,0.49885200708260674,-0.5114853507869971,-2.071428448544993,0.09625911,0.37202394,1.0,-1.0,20,-0.02976451348736007,0.04792682777403762,-0.0008261529427354925,-0.3249407865033905,-1.4882256743680036,0.5492172900338588,-0.6285938194051711,-2.7309596152173365,0.09845676999465627,0.38842598252490834,1.0,-1.0,0.026447669472489305,0.05643422023331158,0.3183700184086728,0.0019005174265693068,0.00426158626351088,0.0012874724019857656,0.009094400978352584,0.002981514149006276,0.03821870899617621,0.08403500872009587,0.5364486174514771,0.003186298774382041,0.006813572119125515,0.0019229002013010023,0.013817529085814267,0.004779020072176218,0.026447669472489305,0.05643422023331158,0.3183700184086728,0.0019005174265693068,0.00426158626351088,0.0012874724019857656,0.009094400978352584,0.002981514149006276,0.8609523809523809,0.34599621195152885,1.0,0.0,1.0,0.0,1.0,1.0,-1.322383473624465,976004,246000,4920,12.401790330070071,1.2808194120007101,1.348058386342018,15.030668128412799,4001.6940803958423,245
0.000887233,0.00080772873,1.1311074,-1.2231399,0.6954611,-0.6741265,-4.1095123,-1.2285998,0.6984894,-0.6770029,-4.132999,-1.2322016,0.71216965,-0.67422277,-4.1613383,0.000887233,0.0034572585,0.035291295,2.2341204e-09,0.0008077286,0.003484947,0.035403986,2.0520474e-11,0.10454452,0.7847404,1.0,-1.0,-0.023178838722997582,0.05151812004110586,-0.002623001624273994,-0.31201187316000245,-1.1589419361498794,0.593345345496803,-0.28203749534044137,-2.47154527307118,0.10511674,0.36704382,1.0,-1.0,20,-0.033590110171147505,0.04958773680173807,-0.0015183080260394554,-0.29641365357062716,-1.6795055085573751,0.43795557456110024,-0.8728762076163261,-2.7265397607311574,0.11955177821750952,0.39609685976819653,1.0,-1.0,0.023178838722997582,0.05151812004110586,0.31201187316000245,0.002623001624273994,0.004494174708957875,0.0031718934608618195,0.018145604395385,0.00280693123235707,0.03380826106453388,0.08032063257325468,0.5241481398277701,0.003440142994346987,0.006179932499070957,0.005132798854411544,0.02858363848254475,0.0035032234297111275,0.023178838722997582,0.05151812004110586,0.31201187316000245,0.002623001624273994,0.004494174708957875,0.0031718934608618195,0.018145604395385,0.00280693123235707,0.8847619047619047,0.31930906132459025,1.0,0.0,1.0,0.0,1.0,1.0,-1.1589419361498794,980004,247000,4940,12.230897674890002,1.2556486180110369,1.3507392050232738,14.837285497924313,4016.524373192762,246
0.0004435022,0.00045944896,1.1562834,-1.263524,0.77675164,-0.6944024,-4.454033,-1.264665,0.7765991,-0.6931929,-4.4637523,-1.2626439,0.7815759,-0.6889447,-4.4780602,0.0004435022,0.0013072316,0.012707629,9.625424e-09,0.00045944896,0.0010283117,0.0074333586,1.6088052e-08,0.056787502,0.80519897,1.0,-1.0,-0.025867896087004044,0.045044077278901196,-0.0035797510794041668,-0.2982596844881785,-1.2933948043502024,0.44911947445505324,-0.741127145045481,-2.229765229479404,0.12868544,0.36145648,1.0,-1.0,20,-0.037368282580033406,0.05543100961029343,-0.0013569717640872737,-0.2900657098929569,-1.86841412900167,0.6973498619153982,-0.7260089159891087,-4.00905261454235,0.09840066339661162,0.3985350615616351,1.0,-1.0,0.025867896087004044,0.045044077278901196,0.2982596844881785,0.0035797510794041668,0.009052608331807002,0.002573858605693824,0.015461135122459299,0.0036346683665149523,0.037785701702650124,0.06772434418608107,0.48148164484230527,0.00524466307955937,0.013650340592021823,0.004250736733094131,0.02473564376450152,0.005352319205313139,0.025867896087004044,0.045044077278901196,0.2982596844881785,0.0035797510794041668,0.009052608331807002,0.002573858605693824,0.015461135122459299,0.0036346683665149523,0.8876190476190476,0.3158345673337586,1.0,0.0,1.0,0.0,1.0,1.0,-1.2933948043502024,984004,248000,4960,12.569023696836666,1.2488547719985945,1.3772106979740784,15.195089166809339,4031.72100529859,247
0.000532748,0.0004735852,1.0956682,-1.1742553,0.69229025,-0.6725846,-4.480277,-1.1729927,0.6911407,-0.67877734,-4.476782,-1.1768816,0.69277847,-0.6780108,-4.5370417,0.00053274806,0.0013409094,0.008938421,3.6384904e-09,0.0004735852,0.0011484588,0.008350109,1.3393588e-09,0.10351395,0.7852646,1.0,-1.0,-0.023023510577366256,0.04801049783288542,-0.0017663869672653787,-0.2846867955053644,-1.1511755288683128,0.4881029040768291,-0.32799163564807055,-2.045190136791628,0.10019136,0.35231134,1.0,-1.0,20,-0.029800267876597716,0.04403837360061382,-0.0015613078332452426,-0.27095390288533766,-1.4900133938298858,0.5044406629782484,-0.6404624157053068,-2.6220562141160446,0.0856772209208248,0.4011222025813138,1.0,-1.0,0.023023510577366256,0.04801049783288542,0.2846867955053644,0.0017663869672653787,0.005406635524438069,0.0036526642363059695,0.020277509793994123,0.0023178986356893567,0.0339708021743806,0.072650310635084,0.46175483530792727,0.002421491029239317,0.008661917019927938,0.006008562956489858,0.03273416416243169,0.003334886679886899,0.023023510577366256,0.04801049783288542,0.2846867955053644,0.0017663869672653787,0.005406635524438069,0.0036526642363059695,0.020277509793994123,0.0023178986356893567,0.8857142857142857,0.318157963590287,1.0,0.0,1.0,0.0,1.0,1.0,-1.1511755288683128,988004,249000,4980,12.63285058789188,1.2505158150015632,1.379985468040104,15.263351870933548,4046.992166883545,248
0.0006572127,0.00070540846,1.1199099,-1.2129686,0.7034775,-0.67273563,-3.637209,-1.2122998,0.703564,-0.67127246,-3.6320434,-1.2115712,0.70892876,-0.6756892,-3.7565744,0.0006572127,0.0017329179,0.014248111,3.6584712e-08,0.0007054084,0.0018830977,0.015507977,2.9290845e-09,-0.08628092,0.77357036,1.0,-1.0,-0.01962881045316975,0.047527891598226346,-0.0010318730876817857,-0.31953964513488603,-0.9814405226584875,0.478186938654563,-0.14103496687827488,-1.9710681824451355,0.081558876,0.34272906,1.0,-1.0,20,-0.03266644515912165,0.049623205864156486,-0.0010483709647638626,-0.29170090215145295,-1.6333222579560824,0.4614717883674237,-0.8720402785627128,-2.493105522959724,0.11214581741140114,0.39302184379483457,1.0,-1.0,0.01962881045316975,0.047527891598226346,0.31953964513488603,0.0010318730876817857,0.0026669086612579745,0.0008717485146017445,0.004519848576777061,0.0010698665789197837,0.028665095213154333,0.07165369444475256,0.5402724831328263,0.0012331096304585981,0.0040828566969368,0.0014049564536278095,0.006663266458785372,0.0014478840201344323,0.01962881045316975,0.047527891598226346,0.31953964513488603,0.0010318730876817857,0.0026669086612579745,0.0008717485146017445,0.004519848576777061,0.0010698665789197837,0.8914285714285715,0.3111007448872274,1.0,0.0,1.0,0.0,1.0,1.0,-0.9814405226584875,992004,250000,5000,12.522376098073437,1.258677343997988,1.3566039349534549,15.13765737702488,4062.1282113975612,249
0.0006953487,0.00075580843,1.1457591,-1.244544,0.6703738,-0.66936463,-4.1974406,-1.2447758,0.67227113,-0.66120803,-4.27113,-1.2421372,0.66441786,-0.66250634,-4.1032453,0.0006953487,0.0015365133,0.009038872,4.9719837e-09,0.00075580843,0.0026568368,0.028185315,6.096812e-11,0.07918609,0.7882587,1.0,-1.0,-0.023008076935552534,0.05020765616372131,-0.00045237776558779846,-0.31148126605043525,-1.1504038467776265,0.5026936288536639,-0.16045434811503478,-2.2808977212943136,0.09636595,0.4042405,1.0,-1.0,20,-0.03439273742948846,0.052558819847142654,-0.0013252825000171344,-0.28912832972437796,-1.7196368714744232,0.5005819996232524,-0.9318027325457396,-2.6380749684622464,0.1015695081722614,0.3933931487750907,1.0,-1.0,0.023008076935552534,0.05020765616372131,0.31148126605043525,0.00045237776558779846,0.003961900388193222,0.0037650330662908284,0.013896104874795064,0.00045539019396339674,0.03227941035028182,0.07358298401697767,0.5218983543041169,0.0005860760622770061,0.005131488051239851,0.004876429557806453,0.017182122774401468,0.0005942348996270316,0.023008076935552534,0.05020765616372131,0.31148126605043525,0.00045237776558779846,0.003961900388193222,0.0037650330662908284,0.013896104874795064,0.00045539019396339674,0.8819047619047619,0.3227208590011918,1.0,0.0,1.0,0.0,1.0,1.0,-1.1504038467776265,996004,251000,5020,12.579143703682348,1.2574126539984718,1.34874530415982,15.18530166184064,4077.319590673389,250
0.0005704269,0.00065215,1.1082915,-1.19632,0.6871206,-0.6751892,-4.7628336,-1.1977079,0.688345,-0.67485845,-4.7761564,-1.1976849,0.6868201,-0.66925794,-4.7632947,0.0005704269,0.0011992769,0.0060158046,2.185061e-10,0.00065214996,0.0015643748,0.009722977,3.0208923e-08,0.052933443,0.7656972,1.0,-1.0,-0.02286655882405945,0.04352747843055432,-0.0028414860662729054,-0.28760925147159117,-1.1433279412029727,0.54608010377314,-0.3285226068089832,-2.438513715053841,0.11636773,0.3564004,1.0,-1.0,20,-0.03436980093676749,0.05289490379654915,-0.0021682751939959373,-0.3404621050670367,-1.7184900468383746,0.5600321121214061,-0.5210631454565109,-2.6014055077063327,0.1000964208431559,0.4262120987735202,1.0,-1.0,0.02286655882405945,0.04352747843055432,0.28760925147159117,0.0028414860662729054,0.0069538993443547985,0.0037497508523071806,0.02124448401543219,0.0028454734469543675,0.03298475336368484,0.06513714225415099,0.49768897341933493,0.004867957166062253,0.010346252197856388,0.005237892103529879,0.03092677937430973,0.004875816580242234,0.02286655882405945,0.04352747843055432,0.28760925147159117,0.0028414860662729054,0.0069538993443547985,0.0037497508523071806,0.02124448401543219,0.0028454734469543675,0.9,0.30000000000000004,1.0,0.0,1.0,0.0,1.0,1.0,-1.1433279412029727,1000004,252000,5040,12.942039846180705,1.2638468190125423,1.3966264170012437,15.602513082194491,4101.9219626195845,251
0.00081924326,0.0008577377,1.206056,-1.3053234,0.80838495,-0.68169963,-4.5140142,-1.3036041,0.80622977,-0.6814478,-4.497172,-1.3028518,0.8037994,-0.6806721,-4.3788786,0.00081924326,0.0021697881,0.018261645,8.5649177e-10,0.0008577377,0.0021194562,0.013993301,1.8777122e-09,0.18570639,0.76137614,1.0,-1.0,-0.027773176978111824,0.0489334326614511,-0.006920797884660786,-0.29577621732831466,-1.388658848905591,0.39034430544732274,-0.49189485167609903,-2.2914294181351744,0.06603321,0.35592857,1.0,-1.0,20,-0.03641364616724469,0.058530218549061444,-0.0012861610843185984,-0.34267395440232745,-1.8206823083622345,0.6147508240641167,-0.7112182696961439,-3.1436379500966862,0.0817114529079274,0.4081365830879665,1.0,-1.0,0.027773176978111824,0.0489334326614511,0.29577621732831466,0.006920797884660786,0.009997893634093417,0.001233426386310783,0.012329335231415097,0.006920808864119693,0.040378749433617536,0.07566928174507863,0.4775200682776334,0.009727091690625023,0.013908840301973126,0.001613852749497072,0.01691895557096232,0.009787408512207142,0.027773176978111824,0.0489334326614511,0.29577621732831466,0.006920797884660786,0.009997893634093417,0.001233426386310783,0.012329335231415097,0.006920808864119693,0.878095238095238,0.32717577986413543,1.0,0.0,1.0,0.0,1.0,1.0,-1.388658848905591,1004004,253000,5060,12.547738013978233,1.2730334470106754,1.359458361112047,15.180229822100955,4117.081441864706,252
0.00037178234,0.00039539603,1.1057107,-1.1949569,0.60049516,-0.6802596,-4.195472,-1.1971712,0.60188705,-0.68043816,-4.2120047,-1.1964333,0.6042778,-0.6800238,-4.268614,0.00037178234,0.0008214359,0.0054375883,4.3520743e-10,0.00039539603,0.0007660087,0.005347999,5.014101e-09,-0.021804363,0.8092947,1.0,-1.0,-0.02434385512980671,0.05174280600413025,-0.0012006460379744108,-0.3559569331017306,-1.2171927564903355,0.538512157154055,-0.22835577593308742,-2.339699946917302,0.081296235,0.34677508,1.0,-1.0,20,-0.03399113873607335,0.05045517494413018,-0.0013981088103265375,-0.27506671627660206,-1.6995569368036676,0.40167152609403806,-1.1026843238573707,-2.7356664850703556,0.08767768014020128,0.41948629041831986,1.0,-1.0,0.02434385512980671,0.05174280600413025,0.3559569331017306,0.0012006460379744108,0.005480402261703416,0.0027840773528970014,0.016017151932462354,0.0016487074933827098,0.03514012043715782,0.07711801901333816,0.6119525116673983,0.0017470952915885352,0.008550104168450543,0.004236435141800041,0.024151419586514025,0.0028226715112599776,0.02434385512980671,0.05174280600413025,0.3559569331017306,0.0012006460379744108,0.005480402261703416,0.0027840773528970014,0.016017151932462354,0.0016487074933827098,0.8771428571428571,0.3282731565421127,1.0,0.0,1.0,0.0,1.0,1.0,-1.2171927564903355,1008004,254000,5080,12.42891769304697,1.2520409959979588,1.3565022250113543,15.037460914056282,4132.360306110742,253
0.00069173466,0.00072842144,1.2304295,-1.3345349,0.7923811,-0.69273204,-4.185941,-1.336315,0.7940006,-0.69394445,-4.203147,-1.3388753,0.80095536,-0.6914835,-4.2480083,0.0006917346,0.0015395194,0.008130526,2.9679228e-09,0.00072842144,0.0017065994,0.013610751,9.240608e-12,0.10673094,0.77641493,1.0,-1.0,-0.02091975735128605,0.04700531089865605,-0.0008866191791667818,-0.33112327717668216,-1.0459878675643026,0.5539457635831904,-0.2651487102278844,-2.440680764352484,0.1076577,0.3486203,1.0,-1.0,20,-0.03651969068703069,0.05653968621025421,-0.0012352759560493086,-0.29015499289858676,-1.8259845343515344,0.5950994331388327,-0.7311271465610116,-3.444682422500754,0.11290226098528201,0.4032754005629693,1.0,-1.0,0.02091975735128605,0.04700531089865605,0.33112327717668216,0.0008866191791667818,0.004298551876289158,0.003749397044096096,0.01939754727564402,0.0008884103417904386,0.029990357212975417,0.07022288096091045,0.5678949702712373,0.001484884371590417,0.006437726526629759,0.005678531200884981,0.030033198403103478,0.001489565075061386,0.02091975735128605,0.04700531089865605,0.33112327717668216,0.0008866191791667818,0.004298551876289158,0.003749397044096096,0.01939754727564402,0.0008884103417904386,0.8904761904761904,0.31229528442037324,1.0,0.0,1.0,0.0,1.0,1.0,-1.0459878675643026,1012004,255000,5100,13.307277838990558,1.4954453359969193,1.504070897033671,16.306794072021148,4148.396904881767,254
0.00078838976,0.000736297,1.2269435,-1.3173946,0.88210136,-0.67927194,-5.018933,-1.3190975,0.88212633,-0.68090993,-5.0281243,-1.313776,0.88351977,-0.67499316,-4.901906,0.0007883898,0.0018662893,0.013695274,5.7270544e-08,0.00073629705,0.0019007897,0.015931064,1.2383655e-08,0.100454174,0.7683249,1.0,-1.0,-0.025308260890019675,0.04988386055299866,-0.0010477096787895972,-0.31999117997615034,-1.265413044500984,0.5131586564710714,-0.331107451277875,-2.2786248925429042,0.10819711,0.39243627,1.0,-1.0,20,-0.03493925650767723,0.051668067924155237,-0.000658152443545685,-0.28764776277922527,-1.7469628253838614,0.6023785907720787,-0.9927478649085171,-3.4492625942127026,0.10717698217050516,0.40508385713488293,1.0,-1.0,0.025308260890019675,0.04988386055299866,0.31999117997615034,0.0010477096787895972,0.0058635731140859,0.004932481010848832,0.017546645945163367,0.002037918946916358,0.036407030138800686,0.07469907970836605,0.5506688640104866,0.001546976873788547,0.008365268827063324,0.007343421200539843,0.024782233711962115,0.002649658960400203,0.025308260890019675,0.04988386055299866,0.31999117997615034,0.0010477096787895972,0.0058635731140859,0.004932481010848832,0.017546645945163367,0.002037918946916358,0.8761904761904762,0.32936412315791586,1.0,0.0,1.0,0.0,1.0,1.0,-1.265413044500984,1016004,256000,5120,12.70315844315337,1.2237327539914986,1.3526549011148745,15.279546098259743,4163.727639802033,255
0.0006591341,0.00053741224,1.1766177,-1.2686367,0.72600996,-0.6801905,-4.1724944,-1.2695389,0.7256883,-0.6768309,-4.165576,-1.2684221,0.7263219,-0.66807723,-4.254289,0.0006591341,0.0021934565,0.021827215,2.3540139e-09,0.00053741224,0.0016969799,0.015714057,4.6171067e-11,0.04475944,0.7732875,1.0,-1.0,-0.023533059464981798,0.05112476258209548,-0.001512258688627717,-0.3060660087177542,-1.17665297324909,0.41268851533328876,-0.6493654468627882,-1.997996524448159,0.08300785,0.3588724,1.0,-1.0,20,-0.03381862478408131,0.05215554195464026,-0.0007024007392385476,-0.29395597035894605,-1.6909312392040659,0.6536595315329803,-0.7157793874544734,-3.43643772537216,0.07431114161199374,0.3899583382255528,1.0,-1.0,0.023533059464981798,0.05112476258209548,0.3060660087177542,0.001512258688627717,0.003960864939784779,0.0033204272350168622,0.016389787475810456,0.001762527495362749,0.03339676168628138,0.07477699328820692,0.4955093133240561,0.002153270204993313,0.006226076233411966,0.005398023517147498,0.02594866875923632,0.0025594855147662576,0.023533059464981798,0.05112476258209548,0.3060660087177542,0.001512258688627717,0.003960864939784779,0.0033204272350168622,0.016389787475810456,0.001762527495362749,0.8723809523809524,0.3336651409779794,1.0,0.0,1.0,0.0,1.0,1.0,-1.17665297324909,1020004,257000,5140,12.355165422864957,1.2756637220008997,1.3576449262327515,14.988474071098608,4178.708318208141,256
0.0005677486,0.00052503153,1.1986303,-1.3055437,0.7229985,-0.6816498,-3.5681524,-1.303936,0.7221354,-0.6782969,-3.5527673,-1.307085,0.7241704,-0.6809215,-3.5458515,0.0005677487,0.0011386484,0.007949712,3.5700864e-10,0.00052503153,0.0010131147,0.005872394,1.2283294e-09,0.10769305,0.790102,1.0,-1.0,-0.018961175407313128,0.04462366738633347,-0.0016397421285524157,-0.27578808445839137,-0.9480587703656563,0.44399812943653827,-0.22035640129306325,-1.8356279094372034,0.10096826,0.33943722,1.0,-1.0,20,-0.02955153918450275,0.044804657666527595,-0.001463424144113099,-0.30390160628149726,-1.477576959225138,0.5634124512061517,-0.6732200917434376,-2.8207113432032234,0.09060199430216505,0.3799774799426672,1.0,-1.0,0.018961175407313128,0.04462366738633347,0.27578808445839137,0.0016397421285524157,0.003217745954362896,0.001084559223515872,0.006757876165482871,0.0023005089999730472,0.026870441923101465,0.06511692961621146,0.43562451292949933,0.002292937043144174,0.004657503733980574,0.0014241211072301804,0.009373381833952699,0.0025219229228628133,0.018961175407313128,0.04462366738633347,0.27578808445839137,0.0016397421285524157,0.003217745954362896,0.001084559223515872,0.006757876165482871,0.0023005089999730472,0.8952380952380953,0.3062463845869243,1.0,0.0,1.0,0.0,1.0,1.0,-0.9480587703656563,1024004,258000,5160,12.542706243068096,1.2676339479949092,1.3760256451787427,15.186365836241748,4193.879072671392,257
0.00042143307,0.0004614876,1.1121789,-1.2101994,0.712487,-0.67870027,-4.5530715,-1.2088454,0.70999503,-0.6790923,-4.52862,-1.20897,0.71394014,-0.67853916,-4.506403,0.00042143307,0.0007414285,0.0029635082,4.0371475e-09,0.0004614876,0.00096227217,0.005972574,8.403745e-09,0.039877057,0.76132196,1.0,-1.0,-0.024520305246165598,0.04932216565445328,-0.0008001826625181696,-0.2738060688586416,-1.2260152623082798,0.5124557276933693,-0.41526898706987864,-2.230891363872859,0.11663648,0.3946232,1.0,-1.0,20,-0.03031715461242802,0.048133311662894245,-0.0013298973306703377,-0.293191209740288,-1.5158577306214012,0.511894455393017,-0.8080781640283797,-2.303758681145513,0.0914411557171144,0.3783738913161694,1.0,-1.0,0.024520305246165598,0.04932216565445328,0.2738060688586416,0.0008001826625181696,0.0059174656455103095,0.007906722077758353,0.035003076033339624,0.0011923456583804292,0.0347567463613491,0.07113758535309489,0.42447044492396924,0.001384176290086964,0.008625736173918605,0.011857777732072429,0.052545543220710034,0.0015958512112377449,0.024520305246165598,0.04932216565445328,0.2738060688586416,0.0008001826625181696,0.0059174656455103095,0.007906722077758353,0.035003076033339624,0.0011923456583804292,0.8723809523809524,0.33366514097797945,1.0,0.0,1.0,0.0,1.0,1.0,-1.2260152623082798,1028004,259000,5180,12.44551157009846,1.2527632669953164,1.378369168145582,15.076644005239359,4208.987065226625,258
0.0004709351,0.00045132657,1.1790298,-1.2700093,0.7696094,-0.67334443,-4.6897173,-1.2679873,0.7662704,-0.67618173,-4.6732183,-1.2715282,0.77097744,-0.6725026,-4.6958365,0.00047093513,0.0009803005,0.005148531,1.2556711e-10,0.00045132657,0.00088980026,0.0047018635,5.9579897e-09,0.054069098,0.79759187,1.0,-1.0,-0.02193833731390626,0.04976903915221952,-0.00035679504448480525,-0.2833765882278239,-1.0969168656953128,0.44551298470392525,-0.17253093268483474,-1.7158891991316119,0.09185472,0.34255528,1.0,-1.0,20,-0.032440789390483546,0.05219695978161063,-0.0014000182450560161,-0.345989181927644,-1.6220394695241773,0.612734675314936,-0.787982161032962,-2.7974230617776863,0.12781986196185052,0.40609195739379766,1.0,-1.0,0.02193833731390626,0.04976903915221952,0.2833765882278239,0.00035679504448480525,0.0027331561614196095,0.0010000342539161849,0.005336199904489226,0.0012863947171588871,0.02991258130589652,0.06865983843167418,0.45715115438938003,0.0005356280733851693,0.004258027635793164,0.0014461180950513922,0.007676650954337845,0.001970975421192178,0.02193833731390626,0.04976903915221952,0.2833765882278239,0.00035679504448480525,0.0027331561614196095,0.0010000342539161849,0.005336199904489226,0.0012863947171588871,0.8752380952380953,0.330448743199435,1.0,0.0,1.0,0.0,1.0,1.0,-1.0969168656953128,1032004,260000,5200,12.96498925992637,1.2844909720006399,1.3742966050631367,15.623776836990146,4224.607675128602,259
0.00062691845,0.00067258294,1.0885429,-1.1778531,0.6094777,-0.68715453,-3.6119056,-1.1800696,0.6113258,-0.6838521,-3.631474,-1.1744606,0.6070938,-0.68595123,-3.573874,0.0006269185,0.0014754516,0.008902121,9.220432e-09,0.00067258294,0.0016427118,0.012995312,2.0090738e-09,0.06138928,0.77076596,1.0,-1.0,-0.02601964312305072,0.05009231980410257,-0.004200569648798783,-0.3168932921186483,-1.300982156152536,0.5602116613482614,-0.26652266566738964,-2.3131000828347585,0.07679649,0.36316124,1.0,-1.0,20,-0.03421345254826183,0.05158053588010561,-0.0004867259890543973,-0.29381168335380764,-1.7106726274130915,0.5430762593588698,-0.7351762185939387,-3.0295155759928756,0.09340417435005614,0.3910899994943948,1.0,-1.0,0.02601964312305072,0.05009231980410257,0.3168932921186483,0.004200569648798783,0.00809474682234852,0.002143578304449797,0.013119285613165409,0.005052896190567381,0.03820305323544633,0.07600458018748589,0.5241763856380337,0.004610727734196282,0.012203924644424487,0.0028696619465077926,0.017787012528725082,0.0065941795042487525,0.02601964312305072,0.05009231980410257,0.3168932921186483,0.004200569648798783,0.00809474682234852,0.002143578304449797,0.013119285613165409,0.005052896190567381,0.8838095238095238,0.3204531938257233,1.0,0.0,1.0,0.0,1.0,1.0,-1.300982156152536,1036004,261000,5220,12.517949635948753,1.2814747829979751,1.3519456278590951,15.151370046805823,4239.750334541415,260
0.00079293223,0.0007975099,1.1739008,-1.2732551,0.65302896,-0.6885391,-3.7127788,-1.269845,0.6504328,-0.6849996,-3.662896,-1.2647774,0.65386605,-0.69016117,-3.826209,0.00079293223,0.0017705627,0.012866424,2.8413126e-08,0.0007975099,0.002610228,0.026671184,1.1478056e-07,0.038002133,0.79823476,1.0,-1.0,-0.024826599135988402,0.05397636022318808,-0.002067732615079736,-0.28792369155522896,-1.2413299567994203,0.4057134067545643,-0.40483560688462,-1.984350993839613,0.08870547,0.36588085,1.0,-1.0,20,-0.031385808922095644,0.04807082250936509,-0.0010614767561452092,-0.30684668765590783,-1.569290446104782,0.5125402642397242,-0.9118351430025924,-2.718027290169956,0.08842684865966402,0.40827764407568945,1.0,-1.0,0.024826599135988402,0.05397636022318808,0.28792369155522896,0.002067732615079736,0.004225636878042731,0.000930724798208639,0.007814635786368821,0.002828453466108086,0.03586846416733572,0.08108772332523109,0.46181341501843903,0.00345008441156513,0.00614406249237688,0.0016663224718964087,0.01234539063530296,0.0040649685985258924,0.024826599135988402,0.05397636022318808,0.28792369155522896,0.002067732615079736,0.004225636878042731,0.000930724798208639,0.007814635786368821,0.002828453466108086,0.8695238095238095,0.3368265936576435,1.0,0.0,1.0,0.0,1.0,1.0,-1.2413299567994203,1040004,262000,5240,12.62485243412084,1.2732498710101936,1.3589980760443723,15.257100381175405,4255.003148987598,261
0.0004973447,0.0005350604,1.1375618,-1.2346152,0.6230299,-0.68496734,-3.6254778,-1.2315983,0.62071896,-0.6970639,-3.6319518,-1.2321324,0.6199166,-0.6934467,-3.6241765,0.0004973447,0.002098076,0.022859583,9.9914e-09,0.0005350605,0.002737264,0.030763159,1.9122126e-08,0.1609594,0.7800618,1.0,-1.0,-0.022527470812682533,0.04813268911538737,-0.0018443468361469025,-0.3088555556100698,-1.1263735406341269,0.5812960557636576,-0.2061233859022687,-2.39785089352098,0.12455778,0.37312114,1.0,-1.0,20,-0.03215222735124554,0.050146775234259484,-0.00042899785641353354,-0.2969829485639105,-1.6076113675622772,0.7946659668729287,-0.7451931590792006,-3.345688220173851,0.07136247261841062,0.3897506571021274,1.0,-1.0,0.022527470812682533,0.04813268911538737,0.3088555556100698,0.0018443468361469025,0.004473042253441211,0.0030854000726366166,0.017415872825849527,0.0022114093600577533,0.03304910337803557,0.07380061123712563,0.5317368597891886,0.0023503854606371083,0.006560966114638674,0.003876228865788317,0.022284630032269076,0.0026381372232318484,0.022527470812682533,0.04813268911538737,0.3088555556100698,0.0018443468361469025,0.004473042253441211,0.0030854000726366166,0.017415872825849527,0.0022114093600577533,0.8895238095238095,0.3134823787935439,1.0,0.0,1.0,0.0,1.0,1.0,-1.1263735406341269,1044004,263000,5260,12.544220330906683,1.2690651199955028,1.3453641980304383,15.158649648932624,4270.236070491534,262
0.00041158372,0.000559183,1.1277826,-1.2212056,0.6601449,-0.66765606,-3.932701,-1.2192626,0.6610907,-0.6591872,-3.9180036,-1.2233722,0.658187,-0.65752083,-3.8828335,0.00041158372,0.000789353,0.0048220307,9.908163e-11,0.000559183,0.0011243054,0.008030355,2.8585454e-09,0.054956034,0.7858955,1.0,-1.0,-0.025109822382456206,0.05556148328943759,-0.001992755448657214,-0.31293650492878594,-1.2554911191228104,0.6441941873205437,-0.14342294547908285,-2.427434296071939,0.11005619,0.37224016,1.0,-1.0,20,-0.03678766824595458,0.057656183246066924,-0.0012323686213807075,-0.31467030551367137,-1.8393834122977288,0.550704720187199,-0.7605558705644806,-2.7152042880170577,0.08489537734070587,0.45610961042795356,1.0,-1.0,0.025109822382456206,0.05556148328943759,0.31293650492878594,0.001992755448657214,0.0040685973471283965,0.0015037681016734014,0.008747519160235792,0.0020565430978440446,0.03690794911127308,0.08566783828136285,0.5236797271666325,0.002574226986187679,0.006026796819201041,0.0028177277024959706,0.014653125317675458,0.002749082146558203,0.025109822382456206,0.05556148328943759,0.31293650492878594,0.001992755448657214,0.0040685973471283965,0.0015037681016734014,0.008747519160235792,0.0020565430978440446,0.8752380952380953,0.33044874319943496,1.0,0.0,1.0,0.0,1.0,1.0,-1.2554911191228104,1048004,264000,5280,13.435702746239258,1.3442578289977973,1.4541294298978755,16.23409000513493,4286.4554006136605,263
0.00058306113,0.00059249427,1.1731697,-1.2758168,0.7039424,-0.7063931,-3.8381126,-1.2737067,0.70559275,-0.6787301,-3.814377,-1.2706301,0.7025515,-0.68919134,-3.8052351,0.00058306113,0.0014761799,0.012507281,1.2852311e-08,0.00059249427,0.001568922,0.013425414,3.1391778e-11,0.092702,0.7653884,1.0,-1.0,-0.022039931019127587,0.051477887230159974,-0.0011565012308476083,-0.31232445776398604,-1.1019965509563794,0.5039266449780639,-0.26267516553528353,-1.9380286861224074,0.08251331,0.3679312,1.0,-1.0,20,-0.029311200036584453,0.04493605529158443,-0.0004920987016216433,-0.28419831690137787,-1.4655600018292227,0.5435161156884314,-0.9111605569778386,-2.9900162086534157,0.08356740550395547,0.394720224570149,1.0,-1.0,0.022039931019127587,0.051477887230159974,0.31232445776398604,0.0011565012308476083,0.0031979922856460474,0.001484055136069821,0.008956119134235371,0.0011693211035132527,0.03169810350653624,0.07707396337575943,0.5287746725905786,0.0014619300359955331,0.004600782095889219,0.001968481252287675,0.011601974386264036,0.00158402392752309,0.022039931019127587,0.051477887230159974,0.31232445776398604,0.0011565012308476083,0.0031979922856460474,0.001484055136069821,0.008956119134235371,0.0011693211035132527,0.8809523809523809,0.32384453592227247,1.0,0.0,1.0,0.0,1.0,1.0,-1.1019965509563794,1052004,265000,5300,14.007557514269138,1.329301010002382,1.4898112659575418,16.82666979022906,4303.317217690899,264
0.0008163353,0.0008080632,1.1101488,-1.2052919,0.6859816,-0.6962203,-4.231988,-1.2060719,0.68409055,-0.6975219,-4.2644315,-1.2004116,0.6853862,-0.69385815,-4.3038325,0.0008163353,0.002846945,0.024929428,1.0339946e-08,0.00080806314,0.0030267478,0.024845328,3.1338132e-10,0.099483244,0.7847216,1.0,-1.0,-0.024573596431481593,0.05158386704698734,-0.0016969578727856192,-0.31719897801418123,-1.2286798215740797,0.5369622357314273,-0.40973607876577556,-2.926488052064602,0.12542872,0.3716297,1.0,-1.0,20,-0.03694356853560199,0.053996361940333415,-0.0009847636713905916,-0.30301822308866194,-1.8471784267801,0.6865805531434831,-0.8992314938561726,-3.5660282157338283,0.1459192673850095,0.4424935654290044,1.0,-1.0,0.024573596431481593,0.05158386704698734,0.31719897801418123,0.0016969578727856192,0.0042161775013331675,0.0022872171124826827,0.014052333595112373,0.0022899688800271886,0.034207385858403584,0.07417827325816725,0.5480783542848321,0.0024962643459985334,0.006335759935677307,0.0026394061176041672,0.01660229935674845,0.003686093854161271,0.024573596431481593,0.05158386704698734,0.31719897801418123,0.0016969578727856192,0.0042161775013331675,0.0022872171124826827,0.014052333595112373,0.0022899688800271886,0.8704761904761905,0.3357787847530714,1.0,0.0,1.0,0.0,1.0,1.0,-1.2286798215740797,1056004,266000,5320,12.759194114871207,1.364946185000008,1.372632274942589,15.496772574813804,4318.711334672713,265
0.0004026438,0.00047171043,1.1357733,-1.2294474,0.67722636,-0.70293623,-4.116092,-1.2266128,0.6785271,-0.701597,-4.1269026,-1.2298057,0.67840713,-0.7014128,-4.143966,0.0004026438,0.00087412447,0.0051192506,1.5076296e-08,0.00047171043,0.0009509858,0.004849088,1.4424817e-08,0.0740414,0.79844403,1.0,-1.0,-0.02566496033535629,0.05361038989753465,-0.0033874187130119764,-0.3030857826280291,-1.2832480167678149,0.5113260485119755,-0.2790189226108815,-2.031297619824014,0.08313192,0.36167648,1.0,-1.0,20,-0.02690407517255285,0.04116907334765548,-0.0009728781307546428,-0.3105198719880113,-1.3452037586276426,0.4739650952993261,-0.631005935872519,-2.515593282931616,0.06172095382853915,0.39694805088831836,1.0,-1.0,0.02566496033535629,0.05361038989753465,0.3030857826280291,0.0033874187130119764,0.005399338976687878,0.0010317195416501533,0.007082567805316747,0.0034571923822219945,0.03740186245191995,0.08135242902390226,0.4996432942211708,0.005327073505743241,0.008254041381742308,0.0019717575943704454,0.01154115742584741,0.0053324257899993455,0.02566496033535629,0.05361038989753465,0.3030857826280291,0.0033874187130119764,0.005399338976687878,0.0010317195416501533,0.007082567805316747,0.0034571923822219945,0.8714285714285714,0.33472498611028517,1.0,0.0,1.0,0.0,1.0,1.0,-1.2832480167678149,1060004,267000,5340,12.781511861132458,1.2626051609986462,1.402892884449102,15.447009906580206,4334.201643114284,266
0.0005924704,0.00059506996,1.1710429,-1.2673824,0.71549505,-0.68827105,-4.4601736,-1.2675188,0.71766776,-0.6893804,-4.459528,-1.265379,0.7122702,-0.6893029,-4.4573727,0.0005924704,0.0017713521,0.017807066,1.2383771e-07,0.00059506996,0.001751008,0.016338078,6.004086e-09,0.03542136,0.7864956,1.0,-1.0,-0.02553598226416699,0.04987205915082821,-0.0008537889277084123,-0.29044352571441673,-1.2767991132083494,0.4368787099139642,-0.6304958457766777,-2.1948170404669165,0.10586703,0.35977527,1.0,-1.0,20,-0.029209273588457846,0.045769974978115725,-0.0009197383103147208,-0.30837108782844747,-1.4604636794228922,0.5649988184051004,-0.6224793097366573,-2.5592279803522366,0.10520668877135067,0.38915061409242224,1.0,-1.0,0.02553598226416699,0.04987205915082821,0.29044352571441673,0.0008537889277084123,0.007213720736540023,0.0037546430012825927,0.022682630943993764,0.0008537889277084123,0.03741255263464186,0.07413626531663894,0.47286241682830277,0.0014576784387041828,0.011151154670800158,0.0059375537948407765,0.035841211347974994,0.0014576784387041828,0.02553598226416699,0.04987205915082821,0.29044352571441673,0.0008537889277084123,0.007213720736540023,0.0037546430012825927,0.022682630943993764,0.0008537889277084123,0.8790476190476191,0.3260719284058826,1.0,0.0,1.0,0.0,1.0,1.0,-1.2767991132083494,1064004,268000,5360,12.887520717093139,1.3060662720090477,1.3958641253120732,15.58945111441426,4349.739238304712,267
0.00084503624,0.0007593554,1.1468534,-1.2365117,0.62819886,-0.70739245,-3.4069557,-1.2409158,0.63099986,-0.70040655,-3.4270952,-1.2355975,0.628106,-0.70081306,-3.4171073,0.0008450363,0.0024482277,0.019321049,1.0855331e-08,0.00075935543,0.002206155,0.018722149,1.2596818e-08,0.0941985,0.79457223,1.0,-1.0,-0.021514750137507394,0.05111258400036312,-0.0008988792609617626,-0.32613731254595996,-1.0757375068753696,0.4558054169827927,-0.4225863680173667,-2.1159947343019883,0.06505973,0.3560533,1.0,-1.0,20,-0.03108298561637802,0.04901129108059385,-0.0012228925074630717,-0.2810669154638758,-1.554149280818901,0.48158868440941355,-0.8232606695366158,-2.7465310952439665,0.09398413728348186,0.4062676143665769,1.0,-1.0,0.021514750137507394,0.05111258400036312,0.32613731254595996,0.0008988792609617626,0.0027385256577882066,0.0008332522897813966,0.00453304834413393,0.001659754194585012,0.03060777945189342,0.07720614890404455,0.5470940500541497,0.0015060299394857035,0.003889088630986079,0.001213984643792681,0.006312771057847999,0.002271527990132645,0.021514750137507394,0.05111258400036312,0.32613731254595996,0.0008988792609617626,0.0027385256577882066,0.0008332522897813966,0.00453304834413393,0.001659754194585012,0.88,0.3249615361854384,1.0,0.0,1.0,0.0,1.0,1.0,-1.0757375068753696,1068004,269000,5380,12.495494760849397,1.255686535994755,1.3547595687559806,15.105940865600132,4364.859104137315,268
0.00061918073,0.0006059436,1.1560571,-1.2480118,0.6750625,-0.68520284,-4.576765,-1.2480245,0.67477965,-0.68528175,-4.544923,-1.255297,0.6851104,-0.68554854,-4.652111,0.00061918073,0.0015641595,0.012114983,1.0510348e-10,0.0006059436,0.0016053612,0.011489316,2.2284894e-09,0.017904038,0.7923663,1.0,-1.0,-0.02468021065017427,0.051371840145134864,-0.003177178725239157,-0.30910870808973184,-1.2340105325087134,0.5327093925332262,-0.3186165909513779,-2.1462014509112675,0.090464935,0.36119846,1.0,-1.0,20,-0.030782489469371243,0.04728143359740274,-0.0009114396342887332,-0.29844349868845443,-1.5391244734685618,0.6155075995192264,-0.5954261723327413,-2.91768697933891,0.07057097807852376,0.3827793402887707,1.0,-1.0,0.02468021065017427,0.051371840145134864,0.30910870808973184,0.003177178725239157,0.0053342677941919355,0.0018224887367084975,0.0116512640108853,0.003419651891451042,0.03608206150517502,0.0766319117393702,0.5194936233259415,0.004088442791602143,0.008557303325196093,0.0028970014904365106,0.01968760727895813,0.005383668203265191,0.02468021065017427,0.051371840145134864,0.30910870808973184,0.003177178725239157,0.0053342677941919355,0.0018224887367084975,0.0116512640108853,0.003419651891451042,0.88,0.3249615361854384,1.0,0.0,1.0,0.0,1.0,1.0,-1.2340105325087134,1072004,270000,5400,13.000022370935767,1.268502046004869,1.4285285487858346,15.69705296572647,4380.6030628530425,269
0.0013500726,0.0011902143,1.2447387,-1.3432323,0.90053725,-0.70122075,-4.4663053,-1.3427265,0.9013648,-0.6906426,-4.497445,-1.3445464,0.90567714,-0.69309676,-4.7379565,0.0013500723,0.006816873,0.07379441,5.972112e-08,0.0011902143,0.00533728,0.05784574,5.735616e-08,0.006619744,0.7973412,1.0,-1.0,-0.02398952265900897,0.050138178804297724,-0.0017019159201307034,-0.2819929231784275,-1.1994761329504489,0.491566203884407,-0.16807878228862191,-2.2701713399157146,0.10494781,0.35369268,1.0,-1.0,20,-0.032027908919873435,0.050351112366806595,-0.001142930887614406,-0.3180899490003743,-1.6013954459936717,0.6186599706029735,-0.7228457942522354,-2.5954999508457806,0.09042126562300856,0.39183778052905316,1.0,-1.0,0.02398952265900897,0.050138178804297724,0.2819929231784275,0.0017019159201307034,0.0051370139507367725,0.002264233745346289,0.014611867536057078,0.003035760121813416,0.034872434409837616,0.07406337075605378,0.46253033143917743,0.002302579139784173,0.008103163392636847,0.003928646522041698,0.024686284854200213,0.004484639456127145,0.02398952265900897,0.050138178804297724,0.2819929231784275,0.0017019159201307034,0.0051370139507367725,0.002264233745346289,0.014611867536057078,0.003035760121813416,0.8790476190476191,0.3260719284058826,1.0,0.0,1.0,0.0,1.0,1.0,-1.1994761329504489,1076004,271000,5420,13.702574438080774,1.3176690230029635,1.5282562230277108,16.548499684111448,4397.115926141152,270
0.00055351347,0.00047302077,1.2289715,-1.3319118,0.7626828,-0.68707395,-4.4907284,-1.3310137,0.7631295,-0.6886951,-4.4772406,-1.3320363,0.76444775,-0.68843305,-4.523772,0.00055351347,0.0012917452,0.009108185,2.555511e-08,0.00047302074,0.0010354158,0.008410741,1.3089938e-09,0.04710285,0.78928596,1.0,-1.0,-0.023036717292350375,0.046753093313723716,-0.004807029467481193,-0.28167035113346656,-1.1518358646175189,0.3682401658455482,-0.3963309677168329,-1.8699866539173142,0.05037233,0.35695076,1.0,-1.0,20,-0.030556081797752502,0.04503988732379129,-0.0008905840687282253,-0.2716596133373085,-1.5278040898876253,0.36368064663206545,-0.6994289109762543,-2.1726616069742453,0.055320716720091166,0.38074873731015246,1.0,-1.0,0.023036717292350375,0.046753093313723716,0.28167035113346656,0.004807029467481193,0.006162064247560611,0.0005278697933176618,0.00709211944630013,0.005050775485866365,0.0333806113247522,0.06945652857143915,0.48639875875206523,0.007277241098722173,0.009434601126319709,0.001172963491935581,0.011995065348760672,0.007317014349258258,0.023036717292350375,0.046753093313723716,0.28167035113346656,0.004807029467481193,0.006162064247560611,0.0005278697933176618,0.00709211944630013,0.005050775485866365,0.8847619047619047,0.31930906132459025,1.0,0.0,1.0,0.0,1.0,1.0,-1.1518358646175189,1080004,272000,5440,14.09771401490434,1.2809512020030525,1.560030420034309,16.938695636941702,4414.014925883093,271
0.0008283942,0.0007652765,1.1781995,-1.2669065,0.7475477,-0.6918327,-4.396579,-1.2664573,0.7486357,-0.69489324,-4.4044085,-1.270037,0.7578098,-0.692616,-4.4169583,0.0008283942,0.0021231065,0.011929015,2.578929e-09,0.00076527643,0.0019571015,0.0099895885,1.0003319e-08,-0.067491375,0.7756518,1.0,-1.0,-0.024561320659502395,0.04893517402321244,-0.004047964422433733,-0.28700868627104387,-1.2280660329751196,0.47147436942597015,-0.40913742197816566,-2.103003056025541,0.10532965,0.3515758,1.0,-1.0,20,-0.03624368510001784,0.05352965692233432,-0.0013007083290700555,-0.3074656284003934,-1.8121842550008922,0.5785280033530701,-0.7140939332045263,-2.9000789767542705,0.14121704434027402,0.4230844925062872,1.0,-1.0,0.024561320659502395,0.04893517402321244,0.28700868627104387,0.004047964422433733,0.005999331799895636,0.0026618188549759076,0.015420800260907228,0.004048208531352707,0.03480683356154331,0.07166991064033033,0.4934842849836154,0.004925360030273579,0.008781249644915369,0.004763403841387078,0.025681542041616268,0.004925394986588644,0.024561320659502395,0.04893517402321244,0.28700868627104387,0.004047964422433733,0.005999331799895636,0.0026618188549759076,0.015420800260907228,0.004048208531352707,0.8752380952380953,0.330448743199435,1.0,0.0,1.0,0.0,1.0,1.0,-1.2280660329751196,1084004,273000,5460,14.177288228049292,1.2422706699871924,1.5334165692038368,16.95297546724032,4430.853778217337,272
0.00053366355,0.00047614455,1.0861714,-1.1644808,0.51668525,-0.6822587,-2.976911,-1.1649313,0.5190472,-0.68300533,-2.9933689,-1.1608105,0.5155547,-0.67693406,-2.9884076,0.00053366355,0.0011541208,0.007168596,4.0903421e-07,0.00047614455,0.0010625815,0.0068964334,4.6968637e-08,0.06485591,0.7850306,1.0,-1.0,-0.024836601711558947,0.05396525600437127,-0.0013233100446459853,-0.30972308470951204,-1.2418300855779472,0.6374137218611984,-0.15918320801095687,-2.5796786054935343,0.103209004,0.37592247,1.0,-1.0,20,-0.03510510673837173,0.054334482207919726,-0.0007526626558658387,-0.3359908163624033,-1.7552553369185868,0.5534349736300453,-0.8237317995448513,-2.7723522399760214,0.11300444709149315,0.4293235626382237,1.0,-1.0,0.024836601711558947,0.05396525600437127,0.30972308470951204,0.0013233100446459853,0.004490760306906828,0.0030853286463939237,0.016868633397044377,0.0023659064676144954,0.03646377359666666,0.0819526903892317,0.5350930847725845,0.001976665412784258,0.0069545033318639945,0.005008677724483086,0.027802379528260257,0.00345065354931786,0.024836601711558947,0.05396525600437127,0.30972308470951204,0.0013233100446459853,0.004490760306906828,0.0030853286463939237,0.016868633397044377,0.0023659064676144954,0.8761904761904762,0.32936412315791586,1.0,0.0,1.0,0.0,1.0,1.0,-1.2418300855779472,1088004,274000,5480,13.795967521989951,1.127798043002258,1.4633875030413037,16.387153068033513,4447.288595703358,273
0.0006940419,0.0005823615,1.1698842,-1.2676201,0.7586041,-0.6771028,-4.7697735,-1.2691365,0.7600322,-0.6753239,-4.7745905,-1.2754599,0.76038784,-0.6723381,-4.748763,0.00069404196,0.0015755243,0.009594432,3.2605527e-09,0.0005823615,0.001240932,0.0068142153,1.5340916e-08,0.059706736,0.7888713,1.0,-1.0,-0.02054109091283916,0.04542152662938735,-0.002319505307525643,-0.2619609320977208,-1.027054545641958,0.4392753911195577,-0.2990531089540064,-2.304009860226382,0.08084033,0.3586365,1.0,-1.0,20,-0.03369757192760335,0.048750278770195374,-0.0011697064831899398,-0.2697727721379232,-1.6848785963801678,0.5708551173211749,-0.8759887564551772,-3.380642124963663,0.07629477004867957,0.3952548784572227,1.0,-1.0,0.02054109091283916,0.04542152662938735,0.2619609320977208,0.002319505307525643,0.003790134305209385,0.0017536692188672084,0.011179371423023903,0.002378383734661689,0.03011225737437352,0.06876788028854076,0.443118617982065,0.003386466144632949,0.005789955072362887,0.0029038834964934287,0.018124416461086118,0.0034891381523948217,0.02054109091283916,0.04542152662938735,0.2619609320977208,0.002319505307525643,0.003790134305209385,0.0017536692188672084,0.011179371423023903,0.002378383734661689,0.8895238095238095,0.3134823787935439,1.0,0.0,1.0,0.0,1.0,1.0,-1.027054545641958,1092004,275000,5500,14.21179743326502,1.1760984919965267,1.4654756698291749,16.85337159509072,4464.265977383446,274
0.00061535963,0.00079332606,1.2087829,-1.3143303,0.84120435,-0.67850447,-5.2427673,-1.3155371,0.84215397,-0.6786119,-5.225474,-1.310629,0.83214986,-0.6766972,-5.1473317,0.00061535963,0.0016176051,0.011247819,1.4643007e-09,0.000793326,0.003021602,0.031270806,3.0332217e-09,0.0073492476,0.791785,1.0,-1.0,-0.01897956262664465,0.041958577863911495,-0.003855541513234279,-0.3049186241089996,-0.9489781313322327,0.4499799951098601,-0.27926457522039533,-1.8358026944016543,0.063046746,0.32494015,1.0,-1.0,20,-0.033663720411850596,0.052105645592269045,-0.001196768213444934,-0.28249647710486187,-1.6831860205925295,0.7239293224627048,-0.8430565639972178,-3.2656025915672604,0.08242866066443319,0.39358098425083815,1.0,-1.0,0.01897956262664465,0.041958577863911495,0.3049186241089996,0.003855541513234279,0.00543628810696004,0.0006514332886830287,0.006654349754718204,0.004048640512589662,0.027980984872820146,0.06537993806700376,0.5224403853463957,0.0043535130595454,0.00793621651779723,0.0014889411339383556,0.010300841096944194,0.005266870638805085,0.01897956262664465,0.041958577863911495,0.3049186241089996,0.003855541513234279,0.00543628810696004,0.0006514332886830287,0.006654349754718204,0.004048640512589662,0.9076190476190477,0.28956296727679215,1.0,0.0,1.0,0.0,1.0,1.0,-0.9489781313322327,1096004,276000,5520,13.744989523023833,1.300247577004484,1.4503763000539038,16.49561340008222,4480.7158121005195,275
0.00067179895,0.0007673293,1.1812255,-1.2943542,0.73430836,-0.68232346,-4.2730055,-1.2955935,0.73817116,-0.68067145,-4.3148174,-1.2935957,0.7303471,-0.67944086,-4.2315674,0.00067179895,0.001680471,0.0132638,1.6427748e-11,0.00076732936,0.0018792126,0.010830107,5.014101e-09,0.053792465,0.78627264,1.0,-1.0,-0.02234993200188437,0.04631527552741593,-0.004050629330223697,-0.3073056112169124,-1.1174966000942186,0.42591339359626473,-0.30269477232713904,-2.1592133308042363,0.07375811,0.3351769,1.0,-1.0,20,-0.031055270769244244,0.047187485323315036,-0.001463992812333212,-0.28302414356998834,-1.5527635384622127,0.4450974045750164,-0.8605265348102403,-2.6771680461016123,0.10644519976187268,0.3942457297788344,1.0,-1.0,0.02234993200188437,0.04631527552741593,0.3073056112169124,0.004050629330223697,0.005908576135615656,0.0009951191275766604,0.007989846004855571,0.004365054530279555,0.03287139064660239,0.06793365004686357,0.4966988505493986,0.006332275876883592,0.009916806422260435,0.001801554519711391,0.013244858124323716,0.006474064917318015,0.02234993200188437,0.04631527552741593,0.3073056112169124,0.004050629330223697,0.005908576135615656,0.0009951191275766604,0.007989846004855571,0.004365054530279555,0.8866666666666667,0.31699982474583305,1.0,0.0,1.0,0.0,1.0,1.0,-1.1174966000942186,1100004,277000,5540,12.880730750985094,1.2552853030065307,1.3517178075708216,15.487733861562447,4496.191060149053,276
0.0008176755,0.0008179361,1.2219286,-1.3293651,0.81069326,-0.67835706,-4.636836,-1.3294591,0.81063867,-0.6799015,-4.673728,-1.3251772,0.804258,-0.685841,-4.528097,0.0008176755,0.0019115488,0.013752811,8.656972e-09,0.00081793603,0.0022531857,0.02120834,4.119025e-08,0.00064817816,0.78070974,1.0,-1.0,-0.025688285773372246,0.051356779032155735,-0.0020811234788687756,-0.29361938759184564,-1.2844142886686118,0.5507919317031366,-0.37499200481900036,-2.4571433784145986,0.1010779,0.3642636,1.0,-1.0,20,-0.031348082600778086,0.04676921310016562,-0.00037731157137569027,-0.28360266478100826,-1.5674041300389043,0.48883666589099173,-0.8034099464768794,-2.701479092309028,0.07291595739532886,0.3970021947582246,1.0,-1.0,0.025688285773372246,0.051356779032155735,0.29361938759184564,0.0020811234788687756,0.0059537778843212355,0.00216830906581369,0.01320562080847902,0.0040019068588942695,0.03726326462432373,0.07480140729948988,0.4720497190511507,0.002903400627248906,0.009606438993454643,0.0033961251121917796,0.02204480862404734,0.006379669373299798,0.025688285773372246,0.051356779032155735,0.29361938759184564,0.0020811234788687756,0.0059537778843212355,0.00216830906581369,0.01320562080847902,0.0040019068588942695,0.8742857142857143,0.33152707895680655,1.0,0.0,1.0,0.0,1.0,1.0,-1.2844142886686118,1104004,278000,5560,12.825955690292176,1.2422486650029896,1.3859355458553182,15.454139901150484,4511.6718211491825,277
0.00051757065,0.00053893536,1.1166215,-1.2112625,0.67364985,-0.6881004,-4.196621,-1.2105006,0.6709771,-0.68757385,-4.1832647,-1.2047865,0.66765743,-0.6847602,-4.220453,0.00051757065,0.0012418128,0.008561406,2.0737389e-08,0.0005389353,0.0011505369,0.0071125277,4.3144297e-09,0.016061103,0.7682393,1.0,-1.0,-0.029706144127188795,0.055192140120594056,-0.004530263199589762,-0.3493396375853194,-1.4853072063594397,0.5647899526973947,-0.3634898295683768,-3.155422070512126,0.1338837,0.39783615,1.0,-1.0,20,-0.03369726619689768,0.05319352521264003,-0.0014093577191570644,-0.32494472763988186,-1.684863309844884,0.5918556970630662,-0.7500391293937266,-2.4463647302893223,0.10810410312800135,0.3967096467865696,1.0,-1.0,0.029706144127188795,0.055192140120594056,0.3493396375853194,0.004530263199589762,0.007129141451563802,0.0016959539408271812,0.013679374372612416,0.0053685261790382575,0.04381684455218058,0.08387855194938895,0.6024809332030931,0.004843486260321689,0.011482047138981745,0.002439598547078353,0.01988672818025017,0.00813871345407826,0.029706144127188795,0.055192140120594056,0.3493396375853194,0.004530263199589762,0.007129141451563802,0.0016959539408271812,0.013679374372612416,0.0053685261790382575,0.861904761904762,0.3449999178415229,1.0,0.0,1.0,0.0,1.0,1.0,-1.4853072063594397,1108004,279000,5580,12.817320352914976,1.271704825994675,1.4000146669714013,15.489039845881052,4527.193930423076,278
0.00044358685,0.0004659352,1.1835326,-1.2720842,0.787198,-0.6769105,-4.221626,-1.2738018,0.78828007,-0.67791104,-4.2224183,-1.2753339,0.7899378,-0.68253905,-4.214638,0.00044358685,0.0011227034,0.008355251,7.066916e-10,0.00046593518,0.0010545226,0.006436814,1.7826096e-10,0.049353506,0.7719324,1.0,-1.0,-0.026918882819557052,0.05249726207231989,-0.0025947053821895084,-0.3313276933562855,-1.3459441409778523,0.5130765667851664,-0.4116290962830194,-2.212049101178376,0.08879536,0.37073636,1.0,-1.0,20,-0.03304804174916139,0.05084492591530893,-0.0015335350793684124,-0.302304252017785,-1.6524020874580696,0.5249502727846156,-0.5797560176423168,-2.5235892102170023,0.10969171462378423,0.400081968694352,1.0,-1.0,0.026918882819557052,0.05249726207231989,0.3313276933562855,0.0025947053821895084,0.007030583103723694,0.0013284573332015895,0.00901618361536794,0.002670777846036281,0.03935612056278812,0.07736893105683267,0.5585322462052391,0.0030826330487040716,0.011532246191571529,0.002459396263710481,0.015388799031527775,0.0031309286521889433,0.026918882819557052,0.05249726207231989,0.3313276933562855,0.0025947053821895084,0.007030583103723694,0.0013284573332015895,0.00901618361536794,0.002670777846036281,0.8704761904761905,0.3357787847530714,1.0,0.0,1.0,0.0,1.0,1.0,-1.3459441409778523,1112004,280000,5600,13.260760391000076,1.3027406339970184,1.417384992048028,15.980886017045123,4543.181590905122,279
0.00073079235,0.00073823927,1.0983729,-1.1905288,0.59739536,-0.68154025,-3.6853402,-1.1905919,0.59887534,-0.68479466,-3.7045739,-1.1963367,0.60589486,-0.68286014,-3.7768676,0.00073079235,0.0017871457,0.013440558,2.377206e-09,0.0007382393,0.0016783151,0.011150882,2.420144e-10,0.010388315,0.78336644,1.0,-1.0,-0.02582595767774757,0.05260098612092586,-0.003724909600770366,-0.3109701511820999,-1.2912978838873788,0.5511169152804305,-0.23870878616265348,-2.3747421932993094,0.11993635,0.3871969,1.0,-1.0,20,-0.031020448553203947,0.04833727457142608,-0.0016413707622157786,-0.2953693651183425,-1.5510224276601976,0.6178477290069035,-0.6667091756853389,-2.493997470690843,0.08290380432768253,0.39519950713058655,1.0,-1.0,0.02582595767774757,0.05260098612092586,0.3109701511820999,0.003724909600770366,0.005038782970949485,0.0011930972985581998,0.00857311768828979,0.003947549153154829,0.03834548184485432,0.07934079938671035,0.5186568500831163,0.005149582759036708,0.00813409217601603,0.0019087705210153612,0.012958803375378178,0.005958899946010565,0.02582595767774757,0.05260098612092586,0.3109701511820999,0.003724909600770366,0.005038782970949485,0.0011930972985581998,0.00857311768828979,0.003947549153154829,0.8733333333333333,0.3325991915537712,1.0,0.0,1.0,0.0,1.0,1.0,-1.2912978838873788,1116004,281000,5620,13.848098448172095,1.3098002749902662,1.5088929258199641,16.666791648982326,4559.889040452123,280
0.00079447404,0.00068104756,1.1620942,-1.2628801,0.77603596,-0.6912636,-4.7635274,-1.2634352,0.77594656,-0.6904487,-4.792919,-1.2594025,0.7695009,-0.6882142,-4.813068,0.00079447415,0.0017676826,0.011397805,3.0004834e-09,0.00068104756,0.0017464939,0.015579019,9.204406e-08,0.03428295,0.77714914,1.0,-1.0,-0.026478098714636935,0.052782949767732894,-0.0027415872220289306,-0.31616256961251976,-1.3239049357318469,0.47687660543749366,-0.577438338450999,-2.2466229961562343,0.0899331,0.37037894,1.0,-1.0,20,-0.02819012071255978,0.042142366546578346,-0.0008261320007043096,-0.29690510483108623,-1.4095060356279892,0.5036861942820163,-0.6819436396978149,-2.512893784607881,0.07519220570740114,0.37813128653532335,1.0,-1.0,0.026478098714636935,0.052782949767732894,0.31616256961251976,0.0027415872220289306,0.006210047503369032,0.001105462192194276,0.008785048835879982,0.003981543697561822,0.03934648758303775,0.079261079349776,0.5374326754283569,0.0031733599157333856,0.010140670015803105,0.0022107507209836743,0.014996350488082483,0.005961233186517895,0.026478098714636935,0.052782949767732894,0.31616256961251976,0.0027415872220289306,0.006210047503369032,0.001105462192194276,0.008785048835879982,0.003981543697561822,0.8704761904761905,0.3357787847530714,1.0,0.0,1.0,0.0,1.0,1.0,-1.3239049357318469,1120004,282000,5640,13.708431070903316,1.3509500670043053,1.5002695200382732,16.559650657945895,4576.458180354079,281
0.0005399843,0.0005104032,1.1350195,-1.225759,0.6615439,-0.6857782,-4.42712,-1.2266631,0.66239166,-0.696876,-4.4585533,-1.2339698,0.66830844,-0.69250953,-4.3992186,0.0005399843,0.001026857,0.005193037,6.6486336e-09,0.0005104032,0.001135007,0.006050212,3.0595402e-09,0.07310478,0.79818213,1.0,-1.0,-0.02412595528429263,0.050267655606317345,-0.004008733166513339,-0.32640468908376014,-1.2062977642146315,0.586542233115432,-0.32960743734537834,-2.373480171427577,0.11114421,0.3694321,1.0,-1.0,20,-0.030210256781278397,0.04527419909361208,-0.0009169962845942614,-0.2773614475676591,-1.51051283906392,0.5385026774312581,-0.7544214174691491,-2.7357308310661903,0.0916479209191768,0.40694146658875857,1.0,-1.0,0.02412595528429263,0.050267655606317345,0.32640468908376014,0.004008733166513339,0.005592647370353092,0.0009456872329293113,0.008369639026745925,0.004226138213603862,0.03494054046131266,0.07497700742417293,0.5628120449543785,0.005777469808873509,0.008751998925313215,0.001829205291085165,0.013710657555025152,0.00640227887952638,0.02412595528429263,0.050267655606317345,0.32640468908376014,0.004008733166513339,0.005592647370353092,0.0009456872329293113,0.008369639026745925,0.004226138213603862,0.8857142857142857,0.318157963590287,1.0,0.0,1.0,0.0,1.0,1.0,-1.2062977642146315,1124004,283000,5660,13.734238474906306,1.3611180909938412,1.5060737811145373,16.601430347014684,4593.048142476095,282
0.00063936174,0.0006142309,1.1742197,-1.2581306,0.7417403,-0.7092561,-4.371703,-1.2568345,0.741918,-0.7122551,-4.349133,-1.2565788,0.738164,-0.71248496,-4.3048677,0.0006393618,0.0016757309,0.009969106,3.0463667e-09,0.0006142309,0.0019818086,0.018974973,3.5527137e-13,0.05717203,0.77642906,1.0,-1.0,-0.025129989751411976,0.05270877632755933,-0.004333312829392301,-0.31281254992064406,-1.2564994875705988,0.4240821196160047,-0.42006659686682596,-2.1427128614734077,0.06738718,0.36790314,1.0,-1.0,20,-0.03309449168571173,0.049423671326587974,-0.0013230327229684852,-0.34034447344842067,-1.6547245842855864,0.6647549528996844,-0.6463259760145256,-3.067660580019855,0.11133826810626893,0.3987706435370091,1.0,-1.0,0.025129989751411976,0.05270877632755933,0.31281254992064406,0.004333312829392301,0.005309833152398037,0.0008313786103730036,0.007858781501758344,0.004333349748247082,0.03697482696302854,0.079242777046994,0.517783372292943,0.005771142691578204,0.008201032922694513,0.0017809746143724152,0.013508242781290938,0.005776004612683738,0.025129989751411976,0.05270877632755933,0.31281254992064406,0.004333312829392301,0.005309833152398037,0.0008313786103730036,0.007858781501758344,0.004333349748247082,0.8742857142857143,0.33152707895680655,1.0,0.0,1.0,0.0,1.0,1.0,-1.2564994875705988,1128004,284000,5680,13.932664626117912,1.3500570010073716,1.4956902021513088,16.778411829276592,4609.820467412341,283
0.0005896664,0.00064722734,1.1009486,-1.1906912,0.59667563,-0.6955431,-3.4892476,-1.1914068,0.59737194,-0.6982169,-3.5004396,-1.1889383,0.6004491,-0.68906814,-3.5002959,0.0005896664,0.0013579366,0.008355795,3.091749e-10,0.0006472274,0.0016290412,0.011846247,1.39139935e-08,-0.023600766,0.7726401,1.0,-1.0,-0.02646987137053213,0.052532516144946875,-0.0036137915554732,-0.3369776734483198,-1.3234935685266063,0.4391952398755997,-0.30796931256315646,-2.254217825872298,0.074735776,0.3593554,1.0,-1.0,20,-0.03532777191836416,0.05097406235439114,-0.0018382049965496327,-0.29768312972109945,-1.7663885959182082,0.7533187587167527,-0.6319436895347633,-3.4322387661318743,0.14208938254691342,0.4143953368296343,1.0,-1.0,0.02646987137053213,0.052532516144946875,0.3369776734483198,0.0036137915554732,0.00687545922713876,0.0032615827200743732,0.015543458768736557,0.0048565504371283555,0.03887169116546839,0.07991663394739078,0.5691592474332887,0.005886710458498132,0.010371532060900666,0.004814605175178759,0.022424043973700264,0.006737422754298977,0.02646987137053213,0.052532516144946875,0.3369776734483198,0.0036137915554732,0.00687545922713876,0.0032615827200743732,0.015543458768736557,0.0048565504371283555,0.8714285714285714,0.33472498611028517,1.0,0.0,1.0,0.0,1.0,1.0,-1.3234935685266063,1132004,285000,5700,14.24158654497296,1.3438916870072717,1.514605147880502,17.100083379860735,4626.909906753193,284
0.00048919755,0.00048392027,1.1613362,-1.2542726,0.7434382,-0.70303744,-4.866742,-1.2525275,0.7412056,-0.70248336,-4.851489,-1.2507524,0.7350103,-0.6962991,-4.7848954,0.00048919755,0.001073276,0.0066988845,1.208042e-08,0.00048392024,0.00104353,0.006424922,6.162143e-09,0.08759185,0.780192,1.0,-1.0,-0.027202380811609115,0.050675141092419544,-0.004862848478959756,-0.30142670872767685,-1.3601190405804562,0.45011129189075416,-0.6246261271461544,-2.256949645618981,0.10423173,0.36015674,1.0,-1.0,20,-0.033524716393264854,0.052142210982555746,-0.0010769450847539104,-0.3051407768278376,-1.6762358196632428,0.6298337124628143,-0.7478770338067567,-2.6224172562738826,0.06551942442871538,0.4012942232460947,1.0,-1.0,0.027202380811609115,0.050675141092419544,0.30142670872767685,0.004862848478959756,0.008083333101755923,0.0024738877837489617,0.013362949319016547,0.004862848478959756,0.04043710235642963,0.07546224509001993,0.4860987423232182,0.006987363277065589,0.013139589632112151,0.0035543206537246384,0.020918423891330945,0.007545654017482806,0.027202380811609115,0.050675141092419544,0.30142670872767685,0.004862848478959756,0.008083333101755923,0.0024738877837489617,0.013362949319016547,0.004862848478959756,0.8733333333333333,0.3325991915537712,1.0,0.0,1.0,0.0,1.0,1.0,-1.3601190405804562,1136004,286000,5720,14.123207430340699,1.3340611969906604,1.4984315591282211,16.95570018645958,4643.841547208678,285
0.00072239764,0.00077971665,1.283038,-1.3823094,0.83628947,-0.7114172,-4.269204,-1.3836567,0.83573097,-0.70483017,-4.260663,-1.3795837,0.8378349,-0.7043548,-4.2740583,0.00072239764,0.0016898273,0.010073022,1.6100836e-07,0.0007797167,0.0020262073,0.018119128,5.376002e-10,0.05551642,0.77200145,1.0,-1.0,-0.022547804619227303,0.047323458089402276,-0.002060848779620514,-0.32174147262978636,-1.127390230961365,0.613193071911941,-0.1854211832103919,-2.248975401715465,0.08886187,0.35454568,1.0,-1.0,20,-0.03390324268390435,0.050758577978310786,-0.0015567723372412433,-0.2895355978707497,-1.6951621341952177,0.5979580647814292,-0.7217819967253765,-2.754089180975534,0.09817384699163002,0.40814256154052314,1.0,-1.0,0.022547804619227303,0.047323458089402276,0.32174147262978636,0.002060848779620514,0.00631163366178329,0.004182767266593638,0.017208018345116354,0.0026219019260471364,0.032741628018455426,0.07160015312029713,0.5558987802112857,0.0030566505516752343,0.008915295119594154,0.005582249986834465,0.026302940191790913,0.004058857040288834,0.022547804619227303,0.047323458089402276,0.32174147262978636,0.002060848779620514,0.00631163366178329,0.004182767266593638,0.017208018345116354,0.0026219019260471364,0.8971428571428571,0.30377220251433174,1.0,0.0,1.0,0.0,1.0,1.0,-1.127390230961365,1140004,287000,5740,13.121419389586663,1.309860793990083,1.4234544247883605,15.854734608365106,4659.663084715052,286
0.00069122855,0.00062637514,1.1748734,-1.2686868,0.73769516,-0.7219764,-4.897659,-1.2710712,0.73883986,-0.7243752,-4.8976192,-1.2624356,0.72764677,-0.72036684,-4.7776,0.00069122855,0.0016752417,0.014414167,1.7889818e-08,0.0006263751,0.0016436522,0.014404665,2.680881e-08,0.1261266,0.77027655,1.0,-1.0,-0.026230516486336775,0.05296616608171698,-0.0030693266040329116,-0.31924011311935346,-1.3115258243168388,0.5586412017626696,-0.41663867736612614,-2.198173839819061,0.12040269,0.3679991,1.0,-1.0,20,-0.030033270849541684,0.04472737759154382,-0.0011614077975966172,-0.27437783940515986,-1.5016635424770843,0.5046182616358657,-0.8000313582796333,-2.548364578231342,0.08634643340388522,0.4057631971478431,1.0,-1.0,0.026230516486336775,0.05296616608171698,0.31924011311935346,0.0030693266040329116,0.0072160096150009345,0.002061583888756904,0.013283300465070357,0.005068379058228125,0.03949762416519654,0.08074290029685757,0.5448989265264461,0.00518443892564284,0.011663423324029885,0.0030900521666482926,0.02040625264131457,0.007028229480597642,0.026230516486336775,0.05296616608171698,0.31924011311935346,0.0030693266040329116,0.0072160096150009345,0.002061583888756904,0.013283300465070357,0.005068379058228125,0.8809523809523809,0.32384453592227247,1.0,0.0,1.0,0.0,1.0,1.0,-1.3115258243168388,1144004,288000,5760,12.902463051010272,1.2773470649990486,1.3774205010704463,15.557230617079767,4675.225651226123,287
0.0004959038,0.000589935,1.1834682,-1.2743266,0.6832886,-0.68685305,-4.5585732,-1.2760503,0.68263,-0.6962968,-4.535082,-1.2711391,0.67773765,-0.7032097,-4.5811462,0.0004959037,0.001107964,0.0070296875,1.118066e-08,0.00058993493,0.001247659,0.008716792,5.201528e-11,-0.014696918,0.7997903,1.0,-1.0,-0.023431912418638078,0.046043373169641466,-0.0033909298562385193,-0.2901439522786482,-1.1715956209319038,0.5650417225284933,-0.3818542066045173,-2.2242060781007345,0.062578194,0.3597263,1.0,-1.0,20,-0.03231247560596546,0.05009788492514544,-0.0013459121458094503,-0.347524938169092,-1.615623780298273,0.5132386541131264,-0.7419879811104164,-2.710316604746878,0.06960432454895442,0.4136907129151807,1.0,-1.0,0.023431912418638078,0.046043373169641466,0.2901439522786482,0.0033909298562385193,0.007345492140020031,0.00483045607941195,0.019803401593647938,0.003474099203121838,0.033148736184451924,0.06540346826286904,0.4493411367214825,0.004544212021730568,0.010729339311253038,0.005666163516217088,0.024908604001668083,0.005244061532957381,0.023431912418638078,0.046043373169641466,0.2901439522786482,0.0033909298562385193,0.007345492140020031,0.00483045607941195,0.019803401593647938,0.003474099203121838,0.8895238095238095,0.3134823787935439,1.0,0.0,1.0,0.0,1.0,1.0,-1.1715956209319038,1148004,289000,5780,12.590547344036167,1.283047788994736,1.3740355674090097,15.247630700439913,4690.449869096556,288
0.00068429677,0.0006818083,1.2192365,-1.315474,0.85081196,-0.6354891,-4.858704,-1.315094,0.850788,-0.6424312,-4.8616424,-1.3187213,0.85450727,-0.62912774,-4.8703456,0.00068429677,0.0019180209,0.012704511,3.9751402e-08,0.00068180833,0.0019643374,0.013378934,1.652953e-08,-0.053655624,0.7764331,1.0,-1.0,-0.02525948755265514,0.053668845774704446,-0.0034477121870943235,-0.32544282704779254,-1.262974377632757,0.41693987658255993,-0.4831529528065626,-2.2868577944556803,0.09710075,0.3668411,1.0,-1.0,20,-0.03200291281515965,0.046175311574383975,-0.0012843623790560028,-0.30033911807909264,-1.600145640757982,0.45414392168143247,-0.9288710805848822,-2.4832520331582892,0.07662574107898229,0.3946019933855258,1.0,-1.0,0.02525948755265514,0.053668845774704446,0.32544282704779254,0.0034477121870943235,0.005295552546093267,0.0017437875742618227,0.010317499081063693,0.0037300459231738043,0.03838966857994008,0.08374906495321176,0.5499245916058111,0.005343183690939418,0.00841316592072848,0.002451910836904027,0.016188363537130684,0.005588391981389995,0.02525948755265514,0.053668845774704446,0.32544282704779254,0.0034477121870943235,0.005295552546093267,0.0017437875742618227,0.010317499081063693,0.0037300459231738043,0.8714285714285714,0.3347249861102852,1.0,0.0,1.0,0.0,1.0,1.0,-1.262974377632757,1152004,290000,5800,13.303629549249308,1.2599724680039799,1.4005455570440972,15.964147574297385,4706.399806866844,289
0.000619828,0.0006179195,1.2523828,-1.3484583,0.76679814,-0.6308188,-4.4057703,-1.3462474,0.76689285,-0.65286005,-4.422187,-1.3533983,0.77278787,-0.6182643,-4.53945,0.00061982806,0.0017995054,0.017870307,9.208989e-11,0.00061791943,0.0014579268,0.013750685,3.2038404e-08,0.0105766095,0.8000539,1.0,-1.0,-0.027762100862800163,0.05179199337812432,-0.0034850745458054086,-0.29192922929443094,-1.3881050431400084,0.33984259758466434,-0.7234031930546457,-2.0127738613290442,0.11507733,0.3820676,1.0,-1.0,20,-0.02947162989713241,0.044339622219285994,-0.0013542268355546722,-0.26749269187895724,-1.4735814948566204,0.5678845337727296,-0.6941353844752955,-2.65506234428798,0.08272216553423498,0.3829752753598767,1.0,-1.0,0.027762100862800163,0.05179199337812432,0.29192922929443094,0.0034850745458054086,0.0076840490458630895,0.0019250185729062068,0.010828498481631728,0.004958721280588055,0.04273128996482266,0.08152937980554041,0.49414227260813326,0.0057162751308307835,0.012379689715359132,0.00410990624182735,0.01853942134166854,0.005750489802823985,0.027762100862800163,0.05179199337812432,0.29192922929443094,0.0034850745458054086,0.0076840490458630895,0.0019250185729062068,0.010828498481631728,0.004958721280588055,0.8752380952380953,0.330448743199435,1.0,0.0,1.0,0.0,1.0,1.0,-1.3881050431400084,1156004,291000,5820,12.886816335871117,1.2462509690085426,1.408751852271962,15.541819157151622,4721.987121186001,290
0.00044610308,0.0005765662,1.2016838,-1.2877011,0.75759304,-0.6646287,-4.566369,-1.2839279,0.75715536,-0.65055376,-4.53606,-1.2876108,0.7647302,-0.65520376,-4.598982,0.00044610308,0.0022001686,0.024641983,7.338849e-08,0.00057656626,0.002162697,0.023040248,6.3268146e-10,-0.06466463,0.7789755,1.0,-1.0,-0.027008023944770934,0.04968000981854798,-0.006151834289084306,-0.3288181794472314,-1.3504011972385466,0.468977892094972,-0.6062424628151718,-2.3118220801011806,0.09580604,0.35307786,1.0,-1.0,20,-0.03551260712342285,0.053560740086947806,-0.0016306352090675767,-0.341319956393616,-1.7756303561711426,0.7010891788523899,-0.7256417551664931,-3.189845857304366,0.08142263610305628,0.4083498356903078,1.0,-1.0,0.027008023944770934,0.04968000981854798,0.3288181794472314,0.006151834289084306,0.008853437428373986,0.002330106088524836,0.015474232978622703,0.006529992961009467,0.040053859748271047,0.07352201742380621,0.5534100178952563,0.008800106562004167,0.013938065852586107,0.0030082838908961677,0.021405111704166813,0.009351389856231277,0.027008023944770934,0.04968000981854798,0.3288181794472314,0.006151834289084306,0.008853437428373986,0.002330106088524836,0.015474232978622703,0.006529992961009467,0.8761904761904762,0.32936412315791586,1.0,0.0,1.0,0.0,1.0,1.0,-1.3504011972385466,1160004,292000,5840,13.099175020935945,1.2919237850001082,1.4226525991543895,15.813751405090443,4737.837512022088,291
0.0004109175,0.00033513497,1.1542372,-1.2502706,0.6284731,-0.7418605,-4.418013,-1.2513132,0.6290752,-0.72888696,-4.424569,-1.2509537,0.63155687,-0.73876584,-4.5120983,0.00041091754,0.0011455473,0.008852028,2.4986605e-08,0.00033513497,0.0010302644,0.0082537,1.8417268e-11,0.0010786398,0.7844989,1.0,-1.0,-0.027045390126115284,0.0520190610778553,-0.004509463932615507,-0.3063513674551419,-1.3522695063057644,0.43099170513119417,-0.6553304971507187,-2.1514704780827705,0.111740865,0.3635633,1.0,-1.0,20,-0.029582840382178024,0.041457407484528,-0.0006716025467433859,-0.29404533452437065,-1.479142019108901,0.4521253737272688,-0.6114875650246443,-2.449562159085941,0.06498189467194043,0.3962010945453774,1.0,-1.0,0.027045390126115284,0.0520190610778553,0.3063513674551419,0.004509463932615507,0.007954022331893764,0.0017468892358756258,0.012790525151461176,0.0055376633664728815,0.0405010017544192,0.07956007101887705,0.519219971360467,0.007554975981490186,0.012416328216155289,0.002951451665047368,0.020371591778994697,0.008495807655111279,0.027045390126115284,0.0520190610778553,0.3063513674551419,0.004509463932615507,0.007954022331893764,0.0017468892358756258,0.012790525151461176,0.0055376633664728815,0.8761904761904762,0.32936412315791586,1.0,0.0,1.0,0.0,1.0,1.0,-1.3522695063057644,1164004,293000,5860,13.741714481118834,1.3285859019961208,1.4902566682721954,16.56055705138715,4754.4037968894845,292
0.00072523666,0.00065347704,1.2524188,-1.3467419,0.71643615,-0.74625087,-4.1043653,-1.3480341,0.72019637,-0.74564016,-4.1569915,-1.3558401,0.72019565,-0.75661904,-4.144173,0.00072523666,0.0014140293,0.010152911,5.6402882e-09,0.00065347704,0.0012125168,0.006808922,1.2516669e-08,0.09389243,0.8012351,1.0,-1.0,-0.030007064405147426,0.05117182045448419,-0.005175561576763462,-0.34108004923375684,-1.5003532202573717,0.4075769356361185,-0.7732678624896919,-2.4690955156055576,0.12435029,0.39548242,1.0,-1.0,20,-0.03186962951274145,0.04884872643938547,-0.0016985989909336417,-0.3468419547715285,-1.5934814756370723,0.6378703372036207,-0.7026519655563287,-3.5742697569870785,0.07254169124315628,0.39488924723584257,1.0,-1.0,0.030007064405147426,0.05117182045448419,0.34108004923375684,0.005175561576763462,0.010957710650874062,0.0020051980517480222,0.01626408266714413,0.008393880042002555,0.045565222818426565,0.07885202730144676,0.5780311330160313,0.008340883468421934,0.01777748572511005,0.0032214026734824113,0.02620581112937133,0.013632746739630261,0.030007064405147426,0.05117182045448419,0.34108004923375684,0.005175561576763462,0.010957710650874062,0.0020051980517480222,0.01626408266714413,0.008393880042002555,0.8714285714285714,0.33472498611028517,1.0,0.0,1.0,0.0,1.0,1.0,-1.5003532202573717,1168004,294000,5880,13.739143425773364,1.3353255679976428,1.4879925226268824,16.56246151639789,4770.951225268902,293
0.00056477654,0.0005473356,1.2221272,-1.3133094,0.67866355,-0.73275054,-4.3764973,-1.3142802,0.6769324,-0.7381886,-4.343312,-1.3110409,0.6764409,-0.73664325,-4.3447056,0.0005647765,0.0014751484,0.011309297,5.8754637e-09,0.0005473356,0.0013682087,0.0089708185,9.254805e-09,0.06857591,0.7976586,1.0,-1.0,-0.02444949545423287,0.045958870187608115,-0.004731985731961907,-0.3185711248584888,-1.2224747727116436,0.466033882610175,-0.5338607192691831,-2.0499006472810093,0.06472256,0.37133822,1.0,-1.0,20,-0.035930481917773635,0.053044922971730954,-0.0008605262119964496,-0.29955414607750536,-1.7965240958886821,0.6288103635235248,-0.8448197708196472,-3.550947014059881,0.10937471907678929,0.4282053840069748,1.0,-1.0,0.02444949545423287,0.045958870187608115,0.3185711248584888,0.004731985731961907,0.008624547492932403,0.0027643547505788227,0.01515640970914574,0.005261666041120657,0.03658603812272035,0.0706744679277716,0.5473484250349907,0.006973868931398258,0.01317660286043427,0.0038919844317184594,0.020964596514687822,0.007579221244370077,0.02444949545423287,0.045958870187608115,0.3185711248584888,0.004731985731961907,0.008624547492932403,0.0027643547505788227,0.01515640970914574,0.005261666041120657,0.8942857142857142,0.3074715848825776,1.0,0.0,1.0,0.0,1.0,1.0,-1.2224747727116436,1172004,295000,5900,13.567275498935487,1.3200723390036728,1.499556840833975,16.386904678773135,4787.380789092684,294
0.0006476218,0.00057380256,1.2224361,-1.3168826,0.5881992,-0.76806676,-4.322836,-1.3137643,0.5882628,-0.77369404,-4.322572,-1.308505,0.58742607,-0.7664352,-4.397534,0.0006476218,0.0013642554,0.007925836,8.014936e-09,0.0005738026,0.0013544331,0.0114626,1.1623911e-09,0.05445726,0.79437596,1.0,-1.0,-0.023417994782168307,0.04176235552848845,-0.0059777510327647014,-0.28008167361015274,-1.1708997391084153,0.3645698679945788,-0.5830202173327242,-1.8369126504037647,0.08205822,0.33676928,1.0,-1.0,20,-0.033041399326347434,0.05117952977024059,-0.0010461676249644144,-0.27716008756853117,-1.6520699663173712,0.5175097220625575,-0.8301575859923962,-2.578567646364172,0.06549730746640527,0.41352548263333383,1.0,-1.0,0.023417994782168307,0.04176235552848845,0.28008167361015274,0.0059777510327647014,0.009593041788055503,0.001766099277025778,0.014449378574900062,0.006809332035007979,0.03600655430937521,0.0642247098470593,0.4735276093129092,0.00968652107264037,0.015986240409839435,0.0032172097073188775,0.023603049052183633,0.01058106237795349,0.023417994782168307,0.04176235552848845,0.28008167361015274,0.0059777510327647014,0.009593041788055503,0.001766099277025778,0.014449378574900062,0.006809332035007979,0.9028571428571428,0.2961521947394271,1.0,0.0,1.0,0.0,1.0,1.0,-1.1708997391084153,1176004,296000,5920,14.8944069310528,1.3631758620031178,1.5479241589491721,17.80550695200509,4805.254826675693,295
0.0007824634,0.000667558,1.3126235,-1.4191303,0.81133324,-0.8363631,-4.991276,-1.4175186,0.8107716,-0.82973415,-4.9936557,-1.4242849,0.8158832,-0.83703256,-5.016338,0.0007824634,0.0016418041,0.010881777,5.7613395e-08,0.000667558,0.001339712,0.008179141,4.829548e-08,0.031132752,0.78153896,1.0,-1.0,-0.028513222872557545,0.050916294185535754,-0.003969386792225354,-0.32131763068301467,-1.4256611436278777,0.41118399473276546,-0.5045429128788704,-2.190629766576124,0.09999845,0.38102016,1.0,-1.0,20,-0.03328684924536201,0.04866572582362423,-0.002152526528428496,-0.29590720613275556,-1.6643424622681007,0.539048937192912,-0.8433362370924683,-2.8958387194088235,0.10220693372773237,0.4165658333359563,1.0,-1.0,0.028513222872557545,0.050916294185535754,0.32131763068301467,0.003969386792225354,0.008778056821294919,0.0017956824135327034,0.010898204785659352,0.004121960575087203,0.04301966834514374,0.07784911596077333,0.5462863130642389,0.0056330231307530065,0.014263465015030221,0.003377218633576657,0.01859024499424808,0.006641347617105484,0.028513222872557545,0.050916294185535754,0.32131763068301467,0.003969386792225354,0.008778056821294919,0.0017956824135327034,0.010898204785659352,0.004121960575087203,0.8771428571428571,0.3282731565421127,1.0,0.0,1.0,0.0,1.0,1.0,-1.4256611436278777,1180004,297000,5940,16.744565448898356,1.432504570009769,1.6223168458673172,19.799386864775443,4824.93071933747,296
0.00056848757,0.00061692845,1.2987238,-1.3885419,0.6788915,-0.8511826,-4.238943,-1.3908486,0.6786263,-0.85256356,-4.246273,-1.3920743,0.68173707,-0.8450104,-4.233411,0.00056848757,0.0014528015,0.012657661,1.8984316e-09,0.00061692845,0.0013280957,0.007608568,4.4521187e-10,-0.005792778,0.7936088,1.0,-1.0,-0.028854073634247416,0.048960224008757415,-0.004255901895975632,-0.32978159862846107,-1.442703681712371,0.4833756068130379,-0.7915369521014269,-2.6155618564975005,0.10358978,0.3784592,1.0,-1.0,20,-0.039798279556470105,0.05857297021935883,-0.0008041653982904881,-0.3363147946914499,-1.989913977823506,0.6191377887443904,-1.0754598710414651,-3.130521804570415,0.11186923753594533,0.42718896010583207,1.0,-1.0,0.028854073634247416,0.048960224008757415,0.32978159862846107,0.004255901895975632,0.010067178056468349,0.001980649142231865,0.014971482121463806,0.006576080350337592,0.042947061498941105,0.07471641270360159,0.5677320006371083,0.004877674581215685,0.015831091116138632,0.0034992508353009783,0.02370266471263413,0.010396697938344052,0.028854073634247416,0.048960224008757415,0.32978159862846107,0.004255901895975632,0.010067178056468349,0.001980649142231865,0.014971482121463806,0.006576080350337592,0.8704761904761905,0.3357787847530713,1.0,0.0,1.0,0.0,1.0,1.0,-1.442703681712371,1184004,298000,5960,13.451836998967337,1.308960765003576,1.471066514030099,16.231864278001012,4841.162797147466,297
0.00038932278,0.0005798612,1.4420927,-1.5408866,0.8257156,-0.8600633,-4.3881564,-1.5388261,0.826091,-0.85270476,-4.428646,-1.5431838,0.8248496,-0.85728604,-4.37636,0.0003893228,0.0008948138,0.005855305,2.2060362e-09,0.0005798612,0.0010802564,0.0059249834,3.05295e-09,0.014957033,0.807685,1.0,-1.0,-0.026799314681646976,0.046774497206961745,-0.005347130053942391,-0.3041054956590325,-1.3399657340823492,0.4290909539547141,-0.7041799227490293,-2.358132158585852,0.107088566,0.38145155,1.0,-1.0,20,-0.03145244075826857,0.04556097846502831,-0.0014807078854320152,-0.304259663164535,-1.5726220379134284,0.5135998254153701,-0.8314566458678342,-2.7465731465699994,0.08096413297078234,0.4071751959150212,1.0,-1.0,0.026799314681646976,0.046774497206961745,0.3041054956590325,0.005347130053942391,0.009890592182772471,0.0014037663243463918,0.012485909753867956,0.007077458224703222,0.040959429015269555,0.07134509908757698,0.5124311537213426,0.007538791550320334,0.016380562240041578,0.0022136340587222514,0.02029935137669184,0.011968905554021886,0.026799314681646976,0.046774497206961745,0.3041054956590325,0.005347130053942391,0.009890592182772471,0.0014037663243463918,0.012485909753867956,0.007077458224703222,0.8838095238095238,0.3204531938257233,1.0,0.0,1.0,0.0,1.0,1.0,-1.3399657340823492,1188004,299000,5980,13.586778311131638,1.3102644509926904,1.497630813944852,16.39467357606918,4857.567199040583,298
0.00058571436,0.0005135257,1.300119,-1.3913772,0.6612409,-0.86651164,-4.3063517,-1.3876134,0.6601342,-0.8664737,-4.3046174,-1.3965273,0.66832024,-0.8714839,-4.4278917,0.00058571436,0.0015753093,0.014771989,3.261711e-10,0.0005135257,0.0015043964,0.01519656,1.2789769e-13,0.03454697,0.8039348,1.0,-1.0,-0.026812335672627585,0.04844193845722891,-0.0022675999464808593,-0.344096884965614,-1.3406167836313787,0.47120733887524513,-0.5825052331936503,-2.3085202119366612,0.123926274,0.3877504,1.0,-1.0,20,-0.030817907676563727,0.047550387431675584,-0.001166127143389961,-0.3353694848794461,-1.5408953838281865,0.5701223609132571,-0.8186165149216023,-2.909404849364105,0.07359872695279826,0.3966356406459235,1.0,-1.0,0.026812335672627585,0.04844193845722891,0.344096884965614,0.0022675999464808593,0.007838336056452294,0.00207388082779645,0.012460141122450412,0.0022675999464808593,0.04000618822261584,0.07459964639452275,0.5921498912654306,0.003361622878313708,0.01207323705093355,0.003205372678664846,0.018327909637212092,0.003910831450687102,0.026812335672627585,0.04844193845722891,0.344096884965614,0.0022675999464808593,0.007838336056452294,0.00207388082779645,0.012460141122450412,0.0022675999464808593,0.8790476190476191,0.3260719284058826,1.0,0.0,1.0,0.0,1.0,1.0,-1.3406167836313787,1192004,300000,6000,13.582328036965919,1.3198318149952684,1.5065510938875377,16.408710945848725,4873.9744089664455,299
