QF1 Loss,QF2 Loss,Policy Loss,Q1 Predictions Mean,Q1 Predictions Std,Q1 Predictions Max,Q1 Predictions Min,Q2 Predictions Mean,Q2 Predictions Std,Q2 Predictions Max,Q2 Predictions Min,Q Targets Mean,Q Targets Std,Q Targets Max,Q Targets Min,Bellman Errors 1 Mean,Bellman Errors 1 Std,Bellman Errors 1 Max,Bellman Errors 1 Min,Bellman Errors 2 Mean,Bellman Errors 2 Std,Bellman Errors 2 Max,Bellman Errors 2 Min,Policy Action Mean,Policy Action Std,Policy Action Max,Policy Action Min,Test Rewards Mean,Test Rewards Std,Test Rewards Max,Test Rewards Min,Test Returns Mean,Test Returns Std,Test Returns Max,Test Returns Min,Test Actions Mean,Test Actions Std,Test Actions Max,Test Actions Min,Num Paths,Exploration Rewards Mean,Exploration Rewards Std,Exploration Rewards Max,Exploration Rewards Min,Exploration Returns Mean,Exploration Returns Std,Exploration Returns Max,Exploration Returns Min,Exploration Actions Mean,Exploration Actions Std,Exploration Actions Max,Exploration Actions Min,hand_distance Mean,hand_distance Std,hand_distance Max,hand_distance Min,Final hand_distance Mean,Final hand_distance Std,Final hand_distance Max,Final hand_distance Min,puck_distance Mean,puck_distance Std,puck_distance Max,puck_distance Min,Final puck_distance Mean,Final puck_distance Std,Final puck_distance Max,Final puck_distance Min,touch_distance Mean,touch_distance Std,touch_distance Max,touch_distance Min,Final touch_distance Mean,Final touch_distance Std,Final touch_distance Max,Final touch_distance Min,success Mean,success Std,success Max,success Min,Final success Mean,Final success Std,Final success Max,Final success Min,AverageReturn,Number of train steps total,Number of env steps total,Number of rollouts total,Train Time (s),(Previous) Eval Time (s),Sample Time (s),Epoch Time (s),Total Train Time (s),Epoch
0.02027551,0.02080983,0.050607566,-0.0011944827,0.00026357942,-0.00040951977,-0.0018247655,0.0009466214,0.00034072102,0.0016568061,0.00016140821,-0.12623455,0.068110086,-0.00069881877,-0.27499202,0.02027551,0.016847339,0.075267166,3.4178157e-08,0.020809827,0.017109679,0.07587459,2.2185113e-06,0.00055867084,0.0026227732,0.0033560267,-0.0022920552,-0.13746255563037152,0.05396074228140726,-0.06878928685171612,-0.23503124108914386,-13.746255563037154,5.348537758503104,-7.168021288642283,-22.88989336644317,-0.0056697056,0.023444189,0.017815378,-0.02923485,10,-0.15743330589393248,0.0491410826402496,-0.05023561247331553,-0.25546890882055795,-15.743330589393247,4.020294183430688,-7.8354815963785365,-21.84854905952683,0.00532243072855912,0.36816907957149436,1.0,-1.0,0.09113423930201352,0.02384644710175582,0.14674994288881527,0.05717256870429914,0.08765806716333441,0.01818916688618932,0.11126445273011099,0.05783244968513607,0.09656273357207572,0.06728682048229576,0.20756598315960223,0.020585317881272394,0.09656262863318582,0.0672868435108153,0.20756598315960223,0.02058707295393188,0.09621179531343454,0.0036660446756702184,0.10536789022883501,0.09239516603723222,0.09520545735735773,8.69627963419083e-05,0.09530566327875323,0.0950355350772694,0.0,0.0,0.0,0.0,0.0,0.0,0.0,0.0,-13.746255563037154,4,4000,40,0.0921969206247013,0.00044760300079360604,1.4186894077574834,1.5113339313829783,13.367159112676745,3
0.007694195,0.008077426,0.18078163,-0.18629989,0.00065306306,-0.18497074,-0.18838874,-0.1894418,0.0006780348,-0.18803535,-0.19153072,-0.12846059,0.065958664,-0.002716346,-0.25177944,0.007694195,0.009493458,0.033690438,3.0640383e-08,0.008077426,0.009895695,0.035114605,7.185455e-08,-0.005675757,0.023417646,0.017849704,-0.029308544,-0.17479489960976424,0.038280667888432096,-0.07533569792453361,-0.23945695910632114,-17.479489960976426,3.71027390074589,-9.811872808601047,-21.97765779602093,0.9999816,2.4820634e-05,0.9999999,0.99990004,10,-0.20099675533057193,0.051166565689977295,-0.04066810726948823,-0.3243638135004105,-20.09967553305719,4.776376542386631,-13.142229071742115,-29.27727156576282,0.8514035201285768,0.2242150336090658,1.0,-0.6930392279729518,0.11400878126077366,0.023135451221346286,0.15676506435316848,0.038859734497065514,0.12950969416335978,0.01762025859308642,0.15676506435316848,0.09072871243104327,0.13611957427000332,0.040195420553669925,0.19509358218210515,0.07148508525976448,0.13611975543231297,0.04019525794245626,0.19509358218210515,0.0714865236128219,0.11962908854710334,0.015736513190748983,0.13676703656866282,0.07540169347568441,0.13676679007255757,1.825753182664597e-07,0.13676703656866282,0.13676636476859122,0.0,0.0,0.0,0.0,0.0,0.0,0.0,0.0,-17.479489960976426,4004,5000,50,8.302230500412406,1.5291621340147685,1.3206560240359977,11.152048658463173,24.2626492541458,4
0.00079280976,0.000620435,2.5238762,-2.4871237,1.0934639,-0.34788793,-5.442272,-2.4958737,1.0928599,-0.3495214,-5.441809,-2.4919548,1.0956993,-0.3362502,-5.444039,0.00079280965,0.0019917865,0.020382198,1.4210855e-12,0.00062043493,0.00090584875,0.0056623337,4.6495643e-09,0.9999769,2.9971434e-05,0.99999994,0.9998558,-0.15101774635323112,0.04141342683620181,-0.07629270401621051,-0.25616785884736043,-15.101774635323109,4.140870907863548,-7.6859988797520815,-25.45677854437921,-0.49802667,0.6983209,0.99999785,-0.99946404,10,-0.15891807876591202,0.047519134331474686,-0.0831428667125148,-0.24438630156012195,-15.891807876591198,4.705490262733679,-8.494515701055397,-23.710874220476036,-0.2752827369026552,0.7048809358966248,1.0,-1.0,0.10298575101731504,0.030474798528688982,0.15741279804855743,0.063335164802211,0.10453811476802781,0.029555884306488617,0.153334745938273,0.06759617699666158,0.1094982890520851,0.04379238853084449,0.2115593783782399,0.05038088655974668,0.10949812598516484,0.04379242262427487,0.21155873381478463,0.05038088655974668,0.1092944991410955,0.004622572833871611,0.12758082779760113,0.10494362266177099,0.11024862564459074,0.003277062042033206,0.11868337651311377,0.10713519208139184,0.0,0.0,0.0,0.0,0.0,0.0,0.0,0.0,-15.101774635323109,8004,6000,60,8.700265053485055,1.271981711994158,1.4795026420615613,11.451749407540774,35.99034914272488,5
0.0029376436,0.0035919016,4.0157247,-4.0374775,1.8807151,-1.3927356,-10.399322,-4.0200562,1.8797815,-1.4006405,-10.385981,-4.0472116,1.8852206,-1.4008223,-10.393213,0.0029376436,0.0074985106,0.06744325,5.861922e-08,0.0035919014,0.008499379,0.062906444,3.304912e-08,-0.49585295,0.82431895,1.0,-0.9999986,-0.15386094553979796,0.05138048021012995,-0.021310209934988528,-0.23533268940513502,-15.386094553979795,4.881317233810515,-8.54035597469436,-21.90750860517478,0.271976,0.64986634,1.0,-0.9999968,10,-0.1706132980560466,0.060254773697569215,-0.07844512313481423,-0.3076553076140363,-17.06132980560466,5.758550286360163,-10.381835840266197,-28.53846006066657,0.06375663185171652,0.7233566075239497,1.0,-1.0,0.09570414282569581,0.02715322497625242,0.1410768874251881,0.027528597338114556,0.10512397220055969,0.02153191824478973,0.1410768874251881,0.06693303799021669,0.12064648305356229,0.056161826245879606,0.19326725219906443,0.0065383039049868134,0.1241187159086403,0.055825150692673964,0.19326725219906443,0.037339138727823296,0.08894228823666041,0.025739988791256798,0.14585290795840075,0.056290895612416285,0.09275615830373742,0.025515264241476796,0.14585290795840075,0.06673146586820089,0.0018181818181818182,0.042601361868581746,1.0,0.0,0.0,0.0,0.0,0.0,-15.386094553979795,12004,7000,70,8.766066145035438,1.5478397280094214,1.4393020835705101,11.75320795661537,47.548199425276835,6
0.006437649,0.0068769287,4.785719,-4.9144683,2.37824,-2.0824907,-11.485883,-4.92288,2.376175,-2.0962574,-11.494401,-4.9082937,2.3655808,-2.0364995,-11.3781395,0.006437649,0.028613552,0.32167494,7.689598e-07,0.0068769283,0.033518523,0.37802827,2.1393589e-07,0.02013471,0.87379926,1.0,-1.0,-0.12938343886914383,0.05286954587990233,-0.03712861088419645,-0.2218037531927213,-12.938343886914383,5.181271263724134,-4.048600637597465,-21.614195527416342,0.003274758,0.5325296,1.0,-1.0,10,-0.13071943662484745,0.05332064673260814,-0.018978807989729722,-0.24069378042143413,-13.071943662484747,5.0191883246604965,-4.324285272970359,-21.535889905222326,0.051759113083644614,0.5590445970614801,1.0,-1.0,0.07464866288034833,0.02628277793172424,0.1522342719984087,0.030544646945543177,0.07429379851679135,0.02456528549111895,0.11248710297960121,0.03762039529216335,0.10864740122055379,0.049355295564192304,0.20085057616478805,0.02987240852714726,0.10780497914802557,0.049676751691933516,0.20085000441426554,0.02987240852714726,0.09794518459410775,0.02426338443530406,0.1413529426992804,0.05646830871430261,0.09847759521434081,0.02259431070234685,0.13271163693996813,0.06306565992844358,0.0,0.0,0.0,0.0,0.0,0.0,0.0,0.0,-12.938343886914383,16004,8000,80,8.35695765420678,1.3528482410183642,1.4392086507868953,11.14901454601204,58.801196820277255,7
0.03928421,0.03774947,5.051898,-5.0912194,3.001964,-1.4760354,-14.522281,-5.0947413,3.0109217,-1.4772564,-14.64073,-5.1130896,3.000638,-1.4991752,-14.534526,0.039284207,0.3449455,3.921807,3.8184235e-06,0.03774947,0.32082498,3.6473308,8.21276e-08,-0.0666351,0.8449216,1.0,-1.0,-0.15256699486454492,0.042660932068795,-0.08648766530389022,-0.23434237817269923,-15.256699486454492,4.211569814362518,-8.969192173661554,-23.105410632229663,-0.088108964,0.5123844,1.0,-1.0,10,-0.11536781052621517,0.04457403526676375,-0.01187968659651026,-0.22922655311386006,-11.536781052621516,3.5753046091160723,-4.828401713686866,-16.11661203554214,-0.026548798658969246,0.6256565657636423,1.0,-1.0,0.0881191560292756,0.02772236097422936,0.14394803999395725,0.03255626649832736,0.08830414268518037,0.02730314884298419,0.13056886207386395,0.039545283596087326,0.1264888842434841,0.038609918499696305,0.20093046990382799,0.06243476918208289,0.12647889872794485,0.03861617729697291,0.2009301481292314,0.06243476918208289,0.0883136921776133,0.01857747511712827,0.1281934557803923,0.0573493027144403,0.08932132100879282,0.018205436310471914,0.11330957395667667,0.06104459770600633,0.0,0.0,0.0,0.0,0.0,0.0,0.0,0.0,-15.256699486454492,20004,9000,90,8.894921323168091,1.4573832440073602,1.4681738289946225,11.820478396170074,70.6508895654406,8
0.024859171,0.020677295,5.7058206,-5.7356544,3.7520008,-1.0586152,-21.459923,-5.760979,3.76724,-1.0379702,-21.589945,-5.7745924,3.7606459,-1.0086008,-21.562569,0.024859171,0.082812615,0.7848028,2.7113492e-07,0.020677295,0.06247623,0.55446655,6.2221784e-07,-0.29257664,0.73406434,1.0,-1.0,-0.13710577829985765,0.03376458199174992,-0.054794737936654826,-0.2084943068302602,-13.710577829985768,3.3066970137139284,-6.0921144624364185,-19.987513276226412,-0.024720239,0.3900108,1.0,-1.0,10,-0.12106404882779628,0.0542529760315115,-0.03069139678059463,-0.23850021061724994,-12.106404882779628,5.0841969790862125,-5.501036067175633,-22.45335835082731,-0.0665889239864708,0.5602402525224384,1.0,-1.0,0.07422645322377254,0.015436920948250388,0.1495353738593018,0.040002531348323656,0.07641396543580732,0.013077045629249748,0.10407021320022423,0.053479701573214314,0.1181586985195429,0.034548814196020704,0.19210776000282537,0.049236694423222364,0.11801382196231303,0.03424933524626695,0.18507410966594656,0.049236694423222364,0.08093449820243388,0.021898867185836043,0.13525656494194355,0.056925566593665176,0.08439881284263952,0.022818918538559038,0.13525656494194355,0.06146929631355438,0.0,0.0,0.0,0.0,0.0,0.0,0.0,0.0,-13.710577829985768,24004,10000,100,9.206883506674785,1.4860510349972174,1.5763324380095582,12.26926697968156,82.92445239805966,9
0.026252411,0.033450257,6.1136312,-6.275853,4.896834,-0.5814972,-21.275307,-6.293154,4.9050484,-0.6207573,-21.334976,-6.230693,4.8902154,-0.5543188,-21.236185,0.02625241,0.051804636,0.35201943,4.0671977e-05,0.033450257,0.06482405,0.40446526,2.1825828e-07,-0.20562153,0.8441421,1.0,-1.0,-0.12249510840225078,0.03713759895971987,-0.05661504795863026,-0.1958371784707832,-12.249510840225078,3.5515144052838514,-6.959952758074224,-18.013052028551467,0.010389606,0.43782967,1.0,-1.0,10,-0.12101928518314664,0.045185093741733025,-0.03511054861207378,-0.25310944397011936,-12.101928518314663,4.1049863827080655,-6.98270986177974,-19.22502344843781,0.015475263474304474,0.5496129599994992,1.0,-1.0,0.0707027013415446,0.021893143330759524,0.1427004319153262,0.03058745111027481,0.0683793075369973,0.021386473561122957,0.11649703386230364,0.0415871617685599,0.09908263856380932,0.04524507573710837,0.15212828113456678,0.025239820646298143,0.09750298246110999,0.04512674331220896,0.15212794040834945,0.025239820646298143,0.07943344051763039,0.01550414534786244,0.11674396090479171,0.057621171363072474,0.07917797638776339,0.015567365890829127,0.11178939746978014,0.06184891884772575,0.0,0.0,0.0,0.0,0.0,0.0,0.0,0.0,-12.249510840225078,28004,11000,110,8.911082237260416,1.490376498986734,1.512366393202683,11.913825129449833,94.84253581048688,10
0.043609798,0.040452257,5.677706,-5.8039403,4.4159813,0.11422001,-16.389408,-5.7823777,4.40998,0.09731414,-16.361048,-5.7541494,4.3991632,0.09229115,-16.33121,0.0436098,0.19879924,2.2171192,5.6752506e-06,0.040452257,0.21690488,2.4183729,2.3540139e-07,-0.031953603,0.85337687,1.0,-1.0,-0.13960533656749916,0.03787477976029669,-0.0835458574065344,-0.2391860451367339,-13.960533656749915,3.498676585348678,-8.715859386323116,-20.091767056820707,-0.003974643,0.5352791,1.0,-1.0,10,-0.11327899645359983,0.03508628338065708,-0.0250509067654034,-0.1919192003104561,-11.327899645359981,3.2740852560198013,-5.868361598230383,-16.10493789305276,-0.005336008674526308,0.5198020700413887,1.0,-1.0,0.05767483910130763,0.024440962519821155,0.15406125239758853,0.028599424170807502,0.05633588271373096,0.02040179073576255,0.09394911258300577,0.03596665505019922,0.12942722387020578,0.03555511719090572,0.18709326646670896,0.0644112847861731,0.12738036861381527,0.03489765812502508,0.18546567121310123,0.06441266301101765,0.07087388344983007,0.014961563986457347,0.11579814773325607,0.056710847681169116,0.07012823071449083,0.012284801231210585,0.10764697475303613,0.06227725607095466,0.0,0.0,0.0,0.0,0.0,0.0,0.0,0.0,-13.960533656749915,32004,12000,120,8.903691448940663,1.4944554139801767,1.4816049789951649,11.879751841916004,106.71343058039201,11
0.026919875,0.038224593,5.846266,-5.909314,4.8848734,0.57295394,-23.79157,-5.882986,4.87326,0.6434235,-23.431387,-5.9909306,4.9017763,0.5327484,-24.878948,0.026919873,0.10629953,1.18239,2.6804014e-07,0.038224593,0.18520129,2.0954337,2.6977102e-07,-0.087377064,0.79126227,1.0,-1.0,-0.12742130045395683,0.04461887168797178,-0.04668127980984809,-0.22543320392550756,-12.742130045395681,4.407817114281176,-5.199571082440776,-19.535661565148924,0.0038491627,0.46208414,1.0,-0.99999833,10,-0.1070695282604197,0.042707271783369694,-0.02943255463291132,-0.237374396661833,-10.70695282604197,3.8462332424342867,-5.504852605788383,-17.448504775445077,0.024101764717631327,0.47014257391012354,1.0,-1.0,0.06572851084268094,0.02376253210186134,0.12639029938116295,0.027691933724160244,0.0669559416645543,0.02231863040798076,0.10115058386731447,0.03511673581623063,0.10437905617078798,0.05814345811279731,0.20361936683828627,0.025722961209052018,0.10373458602450268,0.05755258929746512,0.18774228313089972,0.025722961209052018,0.08261459086941955,0.021286638824830447,0.1348044665505446,0.05652920472751525,0.08400498009094261,0.019838476730912883,0.12494502314038748,0.06121887958812424,0.0,0.0,0.0,0.0,0.0,0.0,0.0,0.0,-12.742130045395681,36004,13000,130,8.691198087239172,1.4862433200178202,1.4836105668509845,11.661051974107977,118.36607441550586,12
0.048612744,0.05208969,6.876165,-6.9774394,5.4681144,1.0696067,-22.063501,-6.9538403,5.4612317,0.98811287,-22.305082,-6.9268017,5.395245,0.9529543,-22.222223,0.048612744,0.13819242,0.98879725,2.6672353e-08,0.05208969,0.16814789,1.3399041,1.4172434e-07,-0.38232282,0.71723056,1.0,-1.0,-0.11261683388367806,0.04326399442164568,-0.023851178950681534,-0.1888761351634394,-11.261683388367807,4.16543375280025,-3.4907384301301585,-16.59658830721865,-0.05636318,0.49022532,1.0,-1.0,10,-0.1287708292194948,0.0421398906945517,-0.044520830115243375,-0.22024723427843332,-12.87708292194948,3.9410760940776095,-6.322163704691825,-17.785583251535876,0.02603314029606105,0.4878763102159698,1.0,-1.0,0.06412437514457366,0.028015595156564564,0.15955570015088522,0.029370718564560288,0.06358405595841689,0.024630556442022764,0.13444097111172476,0.03871617438139172,0.09457053489157694,0.042171380594642774,0.15651340408289674,0.005953533252079595,0.09479127147013915,0.04197469966788639,0.1565131336104239,0.024818207694453392,0.08035704191948373,0.0188168972906605,0.11026502195056578,0.05742100788404313,0.08140575076287626,0.017137838865404126,0.11026502195056578,0.06370522598532376,0.01,0.09949874371066199,1.0,0.0,0.0,0.0,0.0,0.0,-11.261683388367807,40004,14000,140,8.870666297443677,1.4772623650205787,1.5101438741548918,11.858072536619147,130.2512754071504,13
0.033252094,0.031142458,6.203598,-6.2819157,5.078458,2.200626,-18.815022,-6.264515,5.0649953,2.1926408,-18.621403,-6.317577,5.1017327,2.1769576,-18.844025,0.033252098,0.08871164,0.7745647,1.1623911e-09,0.031142455,0.08410249,0.86372846,6.411051e-06,-0.24595451,0.78267497,1.0,-1.0,-0.12323455726789612,0.029977752054177693,-0.06268039428550282,-0.23447562206290126,-12.32345572678961,2.5982226302840172,-9.319240891942844,-17.433751591373095,0.04568795,0.6431579,1.0,-1.0,10,-0.1238819197454836,0.04050144141457014,-0.029209418169208804,-0.23625197592973152,-12.38819197454836,3.266364481204062,-6.346990920675197,-18.700353017468043,-0.013660488930976041,0.47557851020020847,1.0,-1.0,0.06054259984981934,0.01968527895996666,0.14596008701533456,0.030922387712913064,0.06093027708736425,0.012727393775663596,0.08389275738120702,0.04418796944846111,0.1092058072130567,0.03359078135196053,0.20082738264165398,0.05767517069723335,0.10705840555096337,0.032641811167770686,0.16919741889593015,0.05767548446261467,0.07513228162099238,0.010723049767002881,0.10915129547528256,0.05647135938585906,0.07908344711879695,0.009167081271197133,0.09563044003399301,0.0627237136036769,0.0,0.0,0.0,0.0,0.0,0.0,0.0,0.0,-12.32345572678961,44004,15000,150,8.257149862794904,1.5050005480006803,1.4276083456061315,11.189758756401716,141.42346016160445,14
0.028498337,0.033713944,6.6432977,-6.745066,5.062998,2.41238,-15.574871,-6.717516,5.078275,2.4830792,-15.79609,-6.74688,5.100517,2.6219923,-15.589658,0.028498337,0.07716594,0.6506114,1.466924e-08,0.033713944,0.09013263,0.58973116,2.7287575e-05,-0.14056168,0.88014895,1.0,-1.0,-0.12193125777760284,0.047866155240336744,-0.06525495041345564,-0.2190319650296323,-12.193125777760287,4.741942434768989,-7.302790901389038,-20.74056407722743,0.022172935,0.3291713,1.0,-0.9999891,10,-0.13312605855841517,0.03250462618774497,-0.060886897661503334,-0.22186921525704487,-13.312605855841515,2.8960265524614783,-7.732591843344696,-16.665480128751824,-0.06238016652933851,0.60897713039234,1.0,-1.0,0.0776187423773966,0.022117699725149483,0.14114299115139578,0.032112146491014855,0.07833203318177002,0.020829301865945445,0.12293884317549493,0.04918418902216342,0.09603844201666518,0.04937253135594186,0.19786797539747497,0.041602698081488663,0.09562347130721928,0.049573081801632946,0.19651377821370036,0.041602698081488663,0.07359281609907212,0.009712651676078444,0.1080863588416398,0.056764675906711415,0.0740687672892892,0.006313661507034174,0.0842239846832543,0.06548951348713318,0.0,0.0,0.0,0.0,0.0,0.0,0.0,0.0,-12.193125777760287,48004,16000,160,8.526137180975638,1.4873853029857855,1.4544646407593973,11.467987124720821,152.82089026732137,15
0.029464357,0.023421016,7.062219,-7.2068377,5.6185446,2.8316844,-21.239777,-7.178206,5.5893393,2.7943902,-21.263191,-7.1239257,5.5552416,2.8846827,-21.05934,0.029464355,0.053261504,0.38471448,1.3536919e-08,0.023421016,0.046638217,0.4196726,4.6207024e-06,-0.23307464,0.83683896,1.0,-1.0,-0.09986212131816413,0.04395198641034891,-0.029660378269504337,-0.2472540199598064,-9.986212131816412,4.182901615215491,-3.6307423096526086,-16.893607843833124,-0.01164492,0.49092036,1.0,-0.999997,10,-0.12240478803133127,0.041352126103734704,-0.04424283546386744,-0.261162703020879,-12.240478803133131,3.3124860041516553,-8.103336626093547,-18.690908621399753,0.02521642104267424,0.5179429230406054,1.0,-1.0,0.05617288727946066,0.021754126258702565,0.1503502338233827,0.03021528361538599,0.05835762614086035,0.018824854106757546,0.10321910836732223,0.04015033563881525,0.08441854454100482,0.04617325381365936,0.20425399163134206,0.018225583844737138,0.08242352905462101,0.04551864120338873,0.16059264345729632,0.01823136706537517,0.07276523614600941,0.015326490021774579,0.11670894617606642,0.056374997329598414,0.07258110232163753,0.012766883209798007,0.10964349787003608,0.06289177552909181,0.04090909090909091,0.19807962335909934,1.0,0.0,0.0,0.0,0.0,0.0,-9.986212131816412,52004,17000,170,8.551714519126108,1.4165754340065178,1.4242610700894147,11.39255102322204,164.2267701185483,16
0.024635235,0.021893652,7.31577,-7.430003,6.304183,2.878441,-27.863071,-7.4115744,6.30102,3.0440502,-28.085705,-7.368575,6.309226,2.96809,-28.217657,0.024635233,0.04500789,0.37746733,8.951554e-06,0.021893654,0.03499442,0.20689043,2.8547225e-07,-0.21962121,0.8478421,1.0,-1.0,-0.1232288361212618,0.04088500746124785,-0.057252457034888196,-0.2184450793343799,-12.32288361212618,3.976999628300409,-6.524967968176313,-20.943308994669312,-0.060551424,0.69878644,1.0,-1.0,10,-0.11651415855894132,0.030286336784785928,-0.05949819926672456,-0.25521191100783813,-11.651415855894129,2.186945135718124,-8.136395546978536,-14.94510565792696,0.059283563276271926,0.5924745268220718,1.0,-1.0,0.07194399871263928,0.023088485840209377,0.15410186770390957,0.029472607393613546,0.07598334622657718,0.021645488330725885,0.12478352370048577,0.04401203043832543,0.09835491163411032,0.04931483452563813,0.1995261058744988,0.010537745361825921,0.09720021988625165,0.04915573201334705,0.1995252698170849,0.010537745361825921,0.08893092702772391,0.017172129058706492,0.11898612406108583,0.05637867732953623,0.09170641618538103,0.016416907823811534,0.11898612406108583,0.06353716314511378,0.0,0.0,0.0,0.0,0.0,0.0,0.0,0.0,-12.32288361212618,56004,18000,180,8.289617099944735,1.4299183969851583,1.4043907330778893,11.123926230007783,175.36112382647116,17
0.044529554,0.051007494,8.053536,-8.036118,6.3024697,3.2408104,-29.116333,-8.047572,6.2810745,3.2338622,-29.117027,-8.10121,6.31532,3.3339305,-29.248526,0.044529557,0.1552215,1.4917394,3.3877768e-08,0.051007494,0.20494044,2.2058444,6.9573514e-07,-0.36971158,0.7581785,1.0,-1.0,-0.1417145702898767,0.037059006104234446,-0.09117442637487189,-0.24682933680510147,-14.17145702898767,3.6104211567013214,-9.968222823365904,-21.555265262935276,-0.03304977,0.53554845,1.0,-1.0,10,-0.10225078435788691,0.03357537179111809,-0.04118461742990258,-0.23233472671567518,-10.225078435788692,2.8209014181561387,-5.824120397036054,-15.908164512358885,0.010200245319155464,0.5917790024434827,1.0,-1.0,0.08622655979932325,0.026865152380610827,0.1697720778295888,0.03570341711945336,0.08479444004353222,0.02603796197292774,0.1261627219844916,0.04598579424534708,0.11294103297622854,0.03894876807783489,0.20291035474638527,0.04589888408094311,0.11208928894097946,0.03902143797246902,0.19920849148593503,0.04590059488356713,0.08448204630092321,0.01839177613558825,0.12555355572877352,0.056346065265941936,0.08401859420061598,0.01807474187610262,0.11370550920352435,0.06086215642423106,0.0,0.0,0.0,0.0,0.0,0.0,0.0,0.0,-14.17145702898767,60004,19000,190,8.392399076576112,1.4408310599974357,1.4314739509427454,11.264704087516293,186.6143359449634,18
0.066703714,0.05879266,7.4023137,-7.3789973,6.941171,3.3988082,-28.55356,-7.366434,6.94093,3.4263217,-28.60619,-7.491374,6.9628897,3.3282895,-28.945642,0.06670372,0.14138052,0.8564177,3.8858918e-05,0.05879266,0.12700531,0.9908163,2.4164365e-08,-0.23888247,0.83679163,1.0,-1.0,-0.13257213904406606,0.05340153881665437,-0.04209225590085159,-0.21416149550137484,-13.257213904406605,5.29829075232803,-4.625083741083434,-20.241557081608487,-0.11879593,0.47421238,1.0,-1.0,10,-0.14278412899597556,0.06087324293287604,-0.018156983504033067,-0.24776673473182556,-14.278412899597555,5.872915376337755,-5.489191931458875,-22.77394832157881,0.02187179706355495,0.6126762031156816,1.0,-1.0,0.07569425808472696,0.026742864981168187,0.13892924864940465,0.029814345077953733,0.07775334857251433,0.028819065755327188,0.13892924864940465,0.0357868309838594,0.10326209173584337,0.0652461172805545,0.20169913973909195,0.006936859483117223,0.1029740302553681,0.06552476035122028,0.20169913973909195,0.006936859483117223,0.091538484186697,0.024467273054574606,0.13474968916716382,0.05667262331910803,0.09258763986738341,0.02618495022049108,0.13474968916716382,0.06229815851720474,0.04909090909090909,0.21605784349460028,1.0,0.0,0.0,0.0,0.0,0.0,-13.257213904406605,64004,20000,200,8.67085274431156,1.4293896009912714,1.439349085703725,11.539591431006556,198.18629484198755,19
0.06360729,0.06800464,8.012965,-8.050285,6.593871,3.395104,-24.135727,-8.070969,6.5892,3.4016216,-24.160572,-8.124147,6.6362824,3.2709742,-23.903574,0.06360729,0.29058823,2.9394462,9.460413e-06,0.06800464,0.25741097,2.4644918,2.2418135e-06,-0.31154105,0.8013583,1.0,-1.0,-0.10301689821715684,0.04517840337030598,-0.03812160782731866,-0.2132340378570788,-10.301689821715685,4.430596345715783,-4.105525303614853,-18.17027149629132,0.071697086,0.30285004,1.0,-0.99997157,10,-0.1299656222667965,0.056539650202890576,-0.018537391125668067,-0.22554564542347183,-12.996562226679648,5.388183322863733,-3.93137452036638,-21.123348497048514,-0.021270277231879686,0.5658152464432966,1.0,-1.0,0.06157210526654287,0.022822756357709358,0.13737236979476605,0.028501780059308004,0.0641572526274782,0.023657590726523132,0.12259958700169572,0.034636413955843944,0.08361606318756032,0.04830404036040208,0.1844183889003679,0.016366283790844562,0.0830647354184117,0.04810908195146123,0.176277041256966,0.016366283790844562,0.07809096685346269,0.02095438101632286,0.13142712434445084,0.05773926477056512,0.08131314526882125,0.023809865071079843,0.13142712434445084,0.06184819166238054,0.0,0.0,0.0,0.0,0.0,0.0,0.0,0.0,-10.301689821715685,68004,21000,210,8.277889863325981,1.4615378309972584,1.4409012159740087,11.180328910297249,209.32696725131245,20
0.06921354,0.047540113,7.579811,-7.725011,6.5647497,2.9933238,-25.282646,-7.678176,6.5715895,3.2150073,-25.318277,-7.6603913,6.635636,3.3213766,-25.405283,0.06921355,0.17480366,1.8059319,6.726623e-07,0.047540113,0.121095896,1.1948844,2.3134719e-05,-0.08483582,0.84146446,1.0,-1.0,-0.1356433154590873,0.043096304670469966,-0.04480081766031819,-0.24488029429376118,-13.564331545908727,4.150703785297326,-7.9811599837233835,-21.88230276961316,0.057045177,0.61673254,1.0,-1.0,10,-0.11064487616657323,0.040584734720420367,-0.023289851938981365,-0.24271853046447806,-11.064487616657322,3.4666780161800705,-5.0455718491206145,-16.231460024646697,0.0594464389383667,0.5067935212467147,1.0,-1.0,0.08261798334282625,0.03753646092753887,0.1526984681011104,0.03352676720235505,0.08418464382078099,0.037867545183428344,0.14902307944566284,0.039483073469737916,0.10426748913426603,0.046114311652470805,0.19864337007258406,0.02590755223459663,0.10286894760927953,0.04490442104090695,0.1986432888861633,0.02590755223459663,0.10216800967047737,0.032249623181052275,0.1461948305377578,0.05667235184395324,0.10435588647727463,0.03326082689014321,0.1461948305377578,0.061096893025983,0.0,0.0,0.0,0.0,0.0,0.0,0.0,0.0,-13.564331545908727,72004,22000,220,8.163688934466336,1.4220925440022256,1.423575139226159,11.00935661769472,220.3438795900438,21
0.06645497,0.08169852,7.6091924,-7.595976,6.915746,3.335716,-26.359598,-7.5274878,6.894009,3.484334,-26.257496,-7.6208363,6.9216084,3.4517388,-26.296673,0.06645497,0.46901605,5.3337626,3.5243488e-07,0.08169851,0.56598115,6.433992,5.4536727e-08,-0.18965568,0.8301124,1.0,-1.0,-0.1332005065333999,0.044625310110767154,-0.06678744942133664,-0.26017234056193633,-13.320050653339992,4.345498905168413,-7.579275994701187,-19.72867247538523,-0.01806212,0.58462065,1.0,-1.0,10,-0.09575475778046297,0.04594099465030937,-0.01431789993866008,-0.22328345028089946,-9.575475778046297,3.9962226877293983,-5.134522205673228,-16.50679980677298,0.001582980014297604,0.465311792440046,1.0,-1.0,0.08601602038569044,0.033599209650835,0.16310235825892522,0.031543026783649494,0.08596133685372992,0.03235585689958337,0.16310235825892522,0.04588818223839095,0.0996494056523742,0.047053682907093525,0.21532598033730693,0.04271540463749516,0.0977467444631729,0.04445937856728018,0.18442687014587392,0.04271540463749516,0.093562883512698,0.03090206593688326,0.14617992116662237,0.05708024304696686,0.09459540216553262,0.03170930934876776,0.14617992116662237,0.06965672333523731,0.0,0.0,0.0,0.0,0.0,0.0,0.0,0.0,-13.320050653339992,76004,23000,230,8.704984861600678,1.4294570079946425,1.4477312862291,11.582173155824421,231.92350646288833,22
0.029502658,0.038151883,7.6752996,-7.783879,6.9777513,3.18764,-26.1691,-7.801691,6.981285,3.2271523,-26.128578,-7.798058,6.9839134,3.2438788,-25.756516,0.029502656,0.094898626,0.9261118,2.1836968e-09,0.03815188,0.1229698,1.1541058,5.1951247e-06,-0.3947299,0.7574872,1.0,-1.0,-0.10426630567917536,0.04063447020327112,-0.03737542507327386,-0.21465019237703373,-10.426630567917535,3.8312174987830545,-4.061322067447029,-19.258595945684984,0.025405593,0.3212306,1.0,-0.9998849,10,-0.11333047855821365,0.040362966269922286,-0.028357043766842702,-0.21837501990991273,-11.333047855821365,3.495203215724526,-5.920777063602981,-17.693646848923443,-0.020058551043078347,0.5714113898393931,1.0,-1.0,0.05128857941495479,0.01775796672626862,0.1404328514030528,0.027903533677628052,0.05092456951945068,0.014802977876617938,0.08559943754946686,0.03406094875286593,0.09358022839168409,0.042311067597751155,0.19921372379199387,0.03767975153223428,0.09146585945605068,0.041710196303665806,0.18863876004351274,0.03767975153223428,0.06661039412303622,0.01059507273560254,0.1101912868281936,0.05672111671033549,0.06742720756967584,0.006500325704447522,0.0824984602034811,0.06149617488580665,0.0,0.0,0.0,0.0,0.0,0.0,0.0,0.0,-10.426630567917535,80004,24000,240,8.191656189243076,1.4271014670084696,1.4684965563064907,11.087254212558037,243.0459499664139,23
0.031514976,0.030771408,7.0350943,-7.182883,6.7781763,3.2862282,-25.601547,-7.14231,6.7828326,3.3023422,-25.386711,-7.1077795,6.755198,3.3274083,-25.290018,0.031514976,0.055913016,0.3516529,2.1935275e-06,0.030771408,0.058335874,0.3155271,8.036073e-06,-0.12723367,0.8485786,1.0,-1.0,-0.12185216954885275,0.043838680433346995,-0.0459965943138653,-0.22553382532599647,-12.185216954885272,4.2163578350335715,-4.912857794834938,-19.988059034792574,0.027610678,0.47947845,1.0,-1.0,10,-0.12438149759116106,0.051384005689741635,-0.037257438261884365,-0.2392171344387492,-12.438149759116106,4.688450188343908,-6.475615183794771,-22.342528865567107,0.01914477327591561,0.58899058637657,1.0,-1.0,0.05545135574009293,0.025225612360870626,0.1464734404393384,0.028449193258130227,0.056323368710719766,0.02338417471961862,0.10208756195615938,0.035535747648126885,0.11003827454672846,0.0439629790828771,0.20028750956900693,0.04038029361953047,0.10802483579282861,0.04309845260159803,0.18064003005434168,0.04038167748897154,0.07057961097945752,0.01152699782111423,0.10876052052284328,0.056968228949968384,0.07330920133027619,0.012046746391367272,0.10321827119229113,0.061362968508341435,0.0,0.0,0.0,0.0,0.0,0.0,0.0,0.0,-12.185216954885272,84004,25000,250,8.203902058739914,1.4622402639943175,1.4352925400889944,11.101434862823226,254.1211894772714,24
0.036845244,0.029063538,7.1372395,-7.1163664,5.876154,2.8119273,-25.961767,-7.140826,5.8580694,2.633062,-25.759388,-7.152525,5.8855824,2.7262497,-26.035759,0.036845244,0.06853149,0.4727651,8.381903e-07,0.029063536,0.04864203,0.30218244,3.1018863e-07,-0.12649316,0.835147,1.0,-1.0,-0.1131982509129166,0.04134808117994598,-0.025380196133160456,-0.2181210928185858,-11.319825091291664,3.968547813825282,-6.228365739935539,-19.801826652525236,-0.07468567,0.5367261,1.0,-1.0,10,-0.12259266530652006,0.049910516196268614,-0.040647386552167375,-0.23086829756658914,-12.259266530652004,4.811051784460029,-5.981868346632157,-21.333111622294805,0.016678423665175704,0.557169624096417,1.0,-1.0,0.07561013282920037,0.026937505348861673,0.1428914702790682,0.031022577706727412,0.07503629739503757,0.026413893108205362,0.12649047022096765,0.03783008064833937,0.0825785410759701,0.047010590210778365,0.18254729766203814,0.018038806398063538,0.07930752204324763,0.048540751931648134,0.17578815560923125,0.019402195382427222,0.08503995548747235,0.019203694212399813,0.11982957025762211,0.0568751104563739,0.09128728799631798,0.019250084666373152,0.11982957025762211,0.0645705585607686,0.0,0.0,0.0,0.0,0.0,0.0,0.0,0.0,-11.319825091291664,88004,26000,260,8.39653577687568,1.4371683850185946,1.4597119179961737,11.293416079890449,265.45617860215134,25
0.04100912,0.03168111,7.1228642,-7.207016,6.7186837,2.5458312,-32.214497,-7.200325,6.73479,2.6710858,-32.189766,-7.22474,6.7348514,2.6664445,-32.41517,0.04100912,0.15954469,1.69475,1.9122126e-10,0.03168111,0.0979968,0.97835577,9.990873e-08,-0.3101807,0.80196106,1.0,-1.0,-0.11026951154385628,0.02775810229077853,-0.05432417098652579,-0.17372627321979645,-11.026951154385628,2.519340661676578,-5.911649333893758,-14.271776086454778,-0.0013412856,0.6354509,1.0,-1.0,10,-0.10929281954100488,0.04069476114469441,-0.024536400536049878,-0.22338450188855702,-10.929281954100487,3.479184495602986,-7.057142476153276,-17.328303380172596,0.06599342834673114,0.5630326516457996,1.0,-1.0,0.07206737613716536,0.026416397733544247,0.15651954156587214,0.0347714272642354,0.06694606212708046,0.015397593541477364,0.09067440875252672,0.04301825015712025,0.08589939263152334,0.024556306017637735,0.13646168962169006,0.030558719934910734,0.0842363004204894,0.02415728407032731,0.1364614902312224,0.043363314919808736,0.0879964120674058,0.02046397979408573,0.13484681803464826,0.057370950619566145,0.08577187987135963,0.01835163682536941,0.12592674135865253,0.06336369148857687,0.0,0.0,0.0,0.0,0.0,0.0,0.0,0.0,-11.026951154385628,92004,27000,270,8.350009099405725,1.4777053870202508,1.4379554971237667,11.265669983549742,276.7187678856717,26
0.02740867,0.033136465,7.057685,-7.170241,6.8097086,2.3995512,-32.186325,-7.174862,6.790792,2.4552755,-32.364456,-7.1595516,6.7760797,2.3454504,-32.448204,0.027408669,0.052439597,0.35857195,1.4233534e-05,0.03313646,0.07727739,0.58279717,1.0421195e-07,-0.39121908,0.7807081,1.0,-1.0,-0.13909206412232136,0.045211433646366324,-0.058571712615198834,-0.23581003894206704,-13.909206412232134,4.3124364791925025,-6.078932270516168,-19.949503160021855,0.010792558,0.6398394,1.0,-0.99999994,10,-0.08591760152889677,0.04755552128732127,-0.013982738240359258,-0.2496444228362941,-8.59176015288968,4.13901973448525,-4.113556703216587,-18.060848573549222,0.03364774873581416,0.5347309340031816,1.0,-1.0,0.060059751983337226,0.021911032179287568,0.15379358484320857,0.029583338690663215,0.058209440942870644,0.01692602300753316,0.08131949473335785,0.03452917680650239,0.12723248462110207,0.04536800059015239,0.20400908660189446,0.0567093273638707,0.12518233109921797,0.045919608875193786,0.18788113578048699,0.05671098362023273,0.08154014913001914,0.022402765947024977,0.14374086293531552,0.05702043227868166,0.07966166021209593,0.021249400153778995,0.14374086293531552,0.06269052320244575,0.0,0.0,0.0,0.0,0.0,0.0,0.0,0.0,-13.909206412232134,96004,28000,280,8.575551232934231,1.4749144420202356,1.4494362667028327,11.4999019416573,288.21262605834636,27
0.043374654,0.025900342,7.511159,-7.5131903,6.616127,2.1383119,-25.58676,-7.5344286,6.6440725,2.0593188,-25.617311,-7.576209,6.6731706,1.9195925,-25.706919,0.043374658,0.094812706,0.7369641,7.166135e-06,0.025900343,0.05133625,0.36184877,1.18608355e-07,-0.20073077,0.8221908,1.0,-1.0,-0.13202367380193897,0.041286560016980625,-0.07091194222286663,-0.22707133527325307,-13.202367380193897,3.994374483441387,-7.400229321486371,-19.551467937759757,0.011090629,0.3705102,1.0,-0.9999614,10,-0.106268570776241,0.033258544709871454,-0.025565178237401415,-0.24001548252113175,-10.626857077624098,2.3511603434314337,-5.046915276271545,-13.213941255677735,0.03933765048105629,0.5474614474412202,1.0,-1.0,0.07567795199947538,0.029224368492956246,0.1558835407870458,0.03455267234980211,0.07325078822311126,0.026683201164854845,0.12951872252640187,0.04310752548904316,0.10712784030502459,0.044905245279194685,0.19470690531579324,0.04531886268704837,0.10581219535404623,0.04555551129422036,0.18326162885578817,0.045319069481185865,0.0754756700772,0.014259480144571512,0.126463534362361,0.057109584059383704,0.0736221777634306,0.009521960725196286,0.09267642488619243,0.06309451555795491,0.0,0.0,0.0,0.0,0.0,0.0,0.0,0.0,-13.202367380193897,100004,29000,290,8.292195387388347,1.4700819100253284,1.4163833475322463,11.178660644945921,299.40156204628875,28
0.15102755,0.15333252,6.7821827,-6.7596903,6.494933,2.093593,-30.097534,-6.7325807,6.4722033,2.1811123,-29.697968,-6.8745613,6.4937162,1.7051073,-30.403402,0.15102756,1.1423575,12.996173,2.1398e-05,0.1533325,1.0617996,12.082817,9.60672e-07,-0.34256068,0.76561195,1.0,-1.0,-0.1062552956773195,0.035650360952347374,-0.04608936997482447,-0.18680249756004252,-10.625529567731952,3.4808921896126006,-4.925861008564274,-15.59250565818392,-0.0074873944,0.47602385,1.0,-0.9999928,10,-0.08965221658516416,0.03863237991671289,-0.019946968020213198,-0.2156136187067857,-8.965221658516416,3.1573126326181846,-5.20917815410074,-14.989436063465655,0.04762816066344382,0.5284892779239927,1.0,-1.0,0.07599230364142046,0.02545625376758755,0.14301343064435096,0.029677074038741133,0.07909775131379874,0.0260826560821042,0.13896345436060853,0.03925469846228204,0.0748985934292767,0.03826160660325365,0.12330538760171043,0.012188568360580932,0.07439673870637947,0.03811100521337658,0.12330538760171043,0.012189493301009317,0.08389187226799047,0.02003784349099301,0.1283537139889432,0.05620104144314151,0.08788462121170966,0.02145314016684283,0.12493258670634064,0.06215247315219984,0.0,0.0,0.0,0.0,0.0,0.0,0.0,0.0,-10.625529567731952,104004,30000,300,8.501763137814123,1.4796052900201175,1.4857576570066158,11.467126084840856,310.85774693408166,29
0.059177145,0.05467528,6.375019,-6.5246744,5.6188974,2.403766,-23.720518,-6.584776,5.6399903,2.5091732,-23.862957,-6.537248,5.6500745,2.55213,-23.837765,0.059177145,0.21469118,2.1505363,4.1931435e-05,0.05467528,0.17945439,1.6912181,1.5047186e-05,-0.20549697,0.847573,1.0,-1.0,-0.076310679793829,0.03256908640122734,-0.026581678863761195,-0.19603975110978775,-7.631067979382899,2.997296902071248,-3.764799675257002,-14.022966309871899,-0.016398009,0.4754877,1.0,-1.0,10,-0.09734454964198345,0.047960375883636344,-0.013502979603490636,-0.2326529019866819,-9.734454964198346,4.114410518804659,-4.545043963662257,-17.066687862270015,0.03035334147893704,0.4732152596546051,1.0,-1.0,0.05963492691205183,0.021171093033059245,0.12575212641393388,0.028484921624159817,0.061001967871871225,0.01969744785754866,0.0955977216729829,0.040626179433039096,0.05416854678203303,0.029814943771572698,0.1768632674907933,0.022765918642448108,0.0514760983649033,0.027379078468308466,0.11637436372909887,0.02276592366925201,0.08173874173727058,0.02501117056625755,0.15587136682681896,0.05659122796009694,0.08379577372669021,0.026274647489092032,0.15587136682681896,0.06070054232175586,0.012727272727272728,0.11209500103126077,1.0,0.0,0.0,0.0,0.0,0.0,-7.631067979382899,108004,31000,310,8.69202407693956,1.468312965997029,1.4564160278241616,11.616753070760751,322.5030802828551,30
0.034324307,0.027920047,7.503422,-7.5276585,6.092835,0.5606429,-21.854897,-7.5226974,6.0738106,0.5274464,-21.777351,-7.52679,6.0839863,0.41055173,-21.863798,0.03432431,0.07997744,0.56637764,2.944589e-07,0.027920045,0.059774578,0.40410265,3.8072267e-07,-0.21493004,0.8415253,1.0,-1.0,-0.13118405969084837,0.04941051492632316,-0.012299803767619086,-0.25848481072829743,-13.11840596908484,4.638307077189041,-6.323032310271081,-20.496767772356584,-0.021406062,0.73232883,1.0,-1.0,10,-0.08719852170737033,0.042590600136818535,-0.01188159247744233,-0.26121539979704533,-8.719852170737033,3.5210953959351796,-4.3145291196520725,-15.989102268130225,0.03986872416607455,0.532154933534951,1.0,-1.0,0.07261871783480567,0.025796475124920584,0.15837815764534566,0.03175453729495677,0.07504341032035024,0.021193798260860694,0.12690149919270724,0.05286887691308938,0.1068760206877844,0.056877941609774635,0.21283014644652953,0.007005782002910632,0.10222716189421828,0.05685110247448186,0.19533418676550057,0.008095059098241396,0.08368789599646709,0.02365377065145937,0.16122156676064409,0.05675572520506568,0.08948410957215625,0.02784707481720335,0.16122156676064409,0.06403606871672844,0.031818181818181815,0.17551576887552564,1.0,0.0,0.0,0.0,0.0,0.0,-13.11840596908484,112004,32000,320,8.294394843018381,1.498203688999638,1.4289284511178266,11.221526983135846,333.68945253497805,31
0.035112016,0.037437625,7.411208,-7.5590377,6.742924,3.388079,-32.412033,-7.57447,6.738696,3.4575999,-32.32709,-7.4924307,6.7027717,3.4861195,-32.39496,0.035112016,0.071623385,0.37838426,4.533249e-07,0.037437625,0.07035769,0.46081942,4.180707e-06,-0.13573848,0.87171257,1.0,-1.0,-0.0873596464654437,0.03974195540382622,-0.023645727619617054,-0.18214150966399978,-8.735964646544367,3.662992021779383,-3.2245244375277737,-14.602590772820056,0.046005137,0.4962375,1.0,-0.99999994,10,-0.10538928955087812,0.04108045203714836,-0.022156820402734485,-0.22153785377048615,-10.538928955087812,3.5330357250443534,-5.74725900328878,-17.103920157368126,0.0934105027513946,0.5843066340508672,1.0,-1.0,0.06172266131953797,0.026566804810843,0.14602370489134514,0.027736850747080016,0.062268742428539144,0.023845669057541298,0.1174073982038179,0.038092856972859204,0.06278863063410163,0.04235102243603941,0.15373690301564152,0.014620783402255895,0.060131699669602814,0.04149620053533079,0.14470868032094242,0.014622097029039313,0.07380313854101489,0.014005100249357718,0.1103168130525219,0.05675988331422779,0.07482594836627578,0.013738405096739632,0.106112288170409,0.061368933006599985,0.11272727272727273,0.31625912589322036,1.0,0.0,0.0,0.0,0.0,0.0,-8.735964646544367,116004,33000,330,8.284896857541753,1.461703609005781,1.425271935906494,11.171872402454028,344.7726848964521,32
0.07710628,0.041391175,7.153775,-7.2477336,7.088046,3.393744,-41.22764,-7.2713127,7.058967,3.3235714,-40.674637,-7.2630634,7.0546646,3.4837923,-40.720345,0.07710628,0.36801097,3.9803479,1.72297e-07,0.04139117,0.13207027,1.1771164,3.3353217e-08,-0.18040812,0.8125519,1.0,-1.0,-0.12347510970912821,0.04739758232156849,-0.04098612936332808,-0.22850363943277607,-12.34751097091282,4.593044187874639,-4.694056223773773,-17.379853476461925,0.0524707,0.62478757,1.0,-1.0,10,-0.07948192651106699,0.034382379433660175,-0.01197020180086043,-0.179546962455852,-7.948192651106699,2.7384653876232474,-3.455978208121472,-11.615731072185437,0.07214047390825719,0.5202360111103388,1.0,-1.0,0.061739631738338845,0.032416148502682575,0.1675594201301858,0.02872206199838283,0.06051673752484199,0.031295532942077466,0.15119637549156317,0.038072234877078046,0.10288300571124136,0.05506051500236247,0.1961197397764346,0.011084776000724765,0.10101586064267995,0.054020154168386215,0.16262992633022694,0.011084776000724765,0.08320288028006693,0.02059729859246964,0.13046731364567662,0.056955174579117925,0.08125044945685357,0.020175831745941893,0.1276702192787709,0.06241109923641383,0.0,0.0,0.0,0.0,0.0,0.0,0.0,0.0,-12.34751097091282,120004,34000,340,8.213607560523087,1.3731667780084535,1.42964316427242,11.01641750280396,355.85860713530565,33
0.03928443,0.0464345,7.23601,-7.344943,7.0218596,4.7411165,-31.53832,-7.3797474,7.024028,4.6989083,-31.376907,-7.3764343,7.015631,4.6123023,-31.496311,0.03928443,0.15080254,1.5884514,7.504474e-08,0.0464345,0.1910857,1.9322414,1.1536386e-06,-0.20436427,0.8354136,1.0,-1.0,-0.09452375871871431,0.03159192909208635,-0.029630231522959575,-0.21519142779006978,-9.452375871871432,2.8462215418139842,-6.624262743979987,-16.64677664180209,0.07409104,0.5644448,1.0,-0.9999632,10,-0.09820742788436805,0.0380293821887553,-0.028944257158868985,-0.2157256192096805,-9.820742788436805,3.1660507861209477,-6.342949457957879,-16.161657969752238,0.11036455608935483,0.568847125594322,1.0,-1.0,0.06716134094935966,0.019855618167025742,0.14763561047832244,0.028382885583089188,0.06808665120034187,0.014006029835306338,0.08316866828334446,0.035467453668304935,0.0686572220873861,0.037860358334625054,0.15890802762805242,0.007081469944809345,0.06560673199452763,0.03667760284061687,0.13598819679208005,0.007081469944809345,0.0799678746353966,0.018995491272344907,0.12979856478080196,0.05650600134538976,0.08289593646877234,0.02123046356283257,0.12979856478080196,0.06317540051599187,0.0009090909090909091,0.030137426280455955,1.0,0.0,0.0,0.0,0.0,0.0,-9.452375871871432,124004,35000,350,8.178098649485037,1.4426774900057353,1.3856261408654973,11.00640228035627,366.81269789265934,34
0.077033035,0.08565687,7.054951,-7.1781616,6.532082,2.531004,-29.760242,-7.1651235,6.546014,2.756498,-29.74068,-7.17525,6.5676184,2.4938793,-30.374857,0.077033035,0.17742336,1.3125945,1.2370392e-06,0.08565687,0.1679261,0.78287774,2.5370866e-05,0.06235314,0.8460298,1.0,-1.0,-0.08693507436917997,0.0412379144102503,-0.025048089731140206,-0.22389264252467495,-8.693507436917999,3.6988222389766636,-2.853316081431883,-15.231011936548441,0.04442059,0.59948903,1.0,-1.0,10,-0.08275729212552918,0.03208561493062479,-0.012578314491356685,-0.19803412442726134,-8.275729212552921,2.225316442268196,-4.230105274671366,-11.73206327924155,-0.008164666164390176,0.5613620039296834,1.0,-1.0,0.053532815714080834,0.016408371070908215,0.14596257428502235,0.02886299844206801,0.054351444627370384,0.010700814674206797,0.07106227893198305,0.039524622324946045,0.07336636945694681,0.04287903101167045,0.17833031905226987,0.007055328514001535,0.06949654191827459,0.0404231532898261,0.14417923989054535,0.007055328514001535,0.07569562613933373,0.01418537619320375,0.11693145289503513,0.05671404100855118,0.07821593883767715,0.013502264417121065,0.1079446089081772,0.06430822339361582,0.08545454545454545,0.2795569103343762,1.0,0.0,0.09090909090909091,0.2874797872880344,1.0,0.0,-8.693507436917999,128004,36000,360,8.310607391904341,1.3905992280051578,1.4164836706477217,11.11769029055722,377.90427384816576,35
0.032439183,0.04413835,7.0061593,-7.0750713,6.1842217,4.2378526,-26.63343,-7.050048,6.221529,4.4247804,-26.889727,-7.0259075,6.2013073,4.4396977,-26.648289,0.03243918,0.094487265,1.0145407,1.0344371e-07,0.04413835,0.18173541,1.7880099,6.3108837e-07,-0.1340001,0.8738793,1.0,-1.0,-0.13170658454553372,0.0482862396874904,-0.06349252220966156,-0.21560939452557243,-13.17065845455337,4.504424189016084,-7.607640505683043,-19.855101778054692,0.12590037,0.58587086,1.0,-1.0,10,-0.08765607739569174,0.04036698327957197,-0.013284135744530915,-0.22990338767338583,-8.765607739569173,3.0171058942412277,-6.310581235363203,-15.438375892121211,0.04002776101744322,0.5719505138916386,1.0,-1.0,0.06868294842885517,0.028957511861254278,0.16096401739066546,0.02822877854835382,0.07271068226283187,0.02874650141060694,0.12093504055795823,0.04443766405182273,0.11530798437805584,0.044247077726107246,0.19394048260491478,0.06107118266831645,0.11243093660590847,0.04479077951131168,0.1939398876736731,0.06107118266831645,0.08524726455215811,0.02130671811677367,0.1329079935479357,0.056374430119536,0.09190670734863125,0.024240010431869918,0.1257026280416256,0.06462411735488408,0.0,0.0,0.0,0.0,0.0,0.0,0.0,0.0,-13.17065845455337,132004,37000,370,8.284906823653728,1.3650559219822753,1.4149825736531056,11.064945319289109,389.0612865355215,36
0.09368621,0.08746727,7.5948873,-7.636089,7.114737,3.6377902,-30.817907,-7.6790733,7.121767,3.1746466,-30.870348,-7.717233,7.2076983,2.8959517,-30.809713,0.093686216,0.48795003,5.333481,2.7939046e-07,0.08746726,0.44209328,4.8429074,8.573991e-06,-0.12219461,0.8139793,1.0,-1.0,-0.10411005196388536,0.04070881581319674,-0.035286537572694024,-0.24750635677064922,-10.411005196388535,3.7430729379334813,-5.467896485615947,-17.627133931082916,0.020431252,0.4697564,1.0,-1.0,10,-0.11000080893331517,0.04847182354793781,-0.010622864435237566,-0.23877015265888063,-11.00008089333152,3.8942290352454343,-3.898555401558979,-16.451798408457197,0.11474420474174293,0.5575600897715739,1.0,-1.0,0.06174407947242057,0.02525525806151662,0.14883226055523333,0.028764227274357967,0.06229572014496762,0.021917785405249173,0.11696846765483376,0.04141928012845044,0.08652693080193212,0.03982105351762494,0.1996233048859865,0.00994157372679259,0.08289840465843921,0.03671198458193734,0.1538214739836453,0.00994157372679259,0.07435280199267727,0.012417051072202628,0.11990306609500932,0.057274217973116125,0.0747028912617172,0.007485730012380867,0.08763492644996454,0.06418741519827204,0.0027272727272727275,0.052152034579139875,1.0,0.0,0.0,0.0,0.0,0.0,-10.411005196388535,136004,38000,380,8.172728160978295,1.4577524680062197,1.3876027010264806,11.018083330010995,400.04869592448813,37
0.064475454,0.05833205,7.2448735,-7.2558527,7.0433784,0.46698657,-35.777287,-7.2544937,7.05609,0.4844327,-36.22139,-7.351109,7.1080685,0.52902335,-36.16703,0.06447545,0.18747772,1.4690015,1.311583e-06,0.05833205,0.15353192,0.8762243,8.9590344e-07,-0.1406862,0.81469226,1.0,-1.0,-0.10486832959513523,0.036381353380870195,-0.05055905553680623,-0.22879303694564532,-10.486832959513523,2.9790438869361076,-6.742315633783478,-15.915621801549365,0.044257935,0.5338086,1.0,-0.9999997,10,-0.0865430656910423,0.03520210081866628,-0.01980981646863677,-0.22064503989723633,-8.65430656910423,2.677703028969877,-3.9520577708918725,-13.830996112598953,0.036269119412900314,0.5277917100630621,1.0,-1.0,0.07620386905355474,0.023685280430340478,0.14890204123196926,0.030007319200728848,0.07510212387079097,0.021719516345540545,0.13012448818782826,0.04114680789822584,0.07503429747918626,0.03817765245179837,0.19369117926085197,0.024784394918786288,0.06654257056024432,0.03429409975506993,0.13083282521340556,0.024784418670254358,0.07356163149844522,0.010707873373608751,0.11205550696319629,0.05674520637970095,0.07550813034243675,0.008399795091795477,0.09030634261613947,0.06187677637640911,0.0,0.0,0.0,0.0,0.0,0.0,0.0,0.0,-10.486832959513523,140004,39000,390,8.216821744746994,1.4260181059944443,1.4060462164052296,11.048886067146668,411.0778207536205,38
0.023185305,0.02973264,6.2378025,-6.3617907,6.39471,5.7447033,-33.273514,-6.3919024,6.369789,5.6074476,-33.412704,-6.3779736,6.364184,5.569766,-33.370388,0.023185305,0.037095223,0.18862763,1.3359968e-06,0.029732637,0.05127328,0.34661633,3.6053107e-06,-0.0967026,0.88703614,1.0,-1.0,-0.0858422635340971,0.04343255569654963,-0.038219099249150165,-0.2037156923091627,-8.584226353409706,3.9778694856264023,-4.305007964622388,-16.81425822563235,0.045406003,0.42900142,1.0,-1.0,10,-0.08799079082255776,0.0446826979436269,-0.006839701607573205,-0.2164835264966028,-8.799079082255773,3.362782393161458,-3.7612238927818447,-13.640868457136309,0.06268065476218428,0.5573166493150792,1.0,-1.0,0.05581115652066479,0.02476123718357107,0.14076837821545313,0.02815359570393541,0.055349472561811025,0.02256396138751664,0.10681799082735285,0.03851239950095156,0.07148660824093002,0.03835078965552226,0.18529384747023508,0.03256063376621511,0.06742838332349438,0.036985748263395235,0.14139488275278073,0.03256143620858442,0.06724921624854568,0.01174252000257006,0.11636085684317857,0.05635556091079103,0.06803711676629076,0.009073247113819016,0.09444809987711415,0.06206461979342057,0.0,0.0,0.0,0.0,0.0,0.0,0.0,0.0,-8.584226353409706,144004,40000,400,8.147106728632934,1.406681447988376,1.4021801190101542,10.955968295631465,422.0522758362349,39
0.037890304,0.03457314,6.4908495,-6.616222,5.793588,5.8590913,-26.92035,-6.6229773,5.78058,5.9869294,-26.80343,-6.567793,5.7617216,6.1073236,-26.713331,0.0378903,0.06503502,0.34303448,1.9958607e-06,0.03457314,0.081174895,0.5885966,2.4536405e-06,-0.14866728,0.85149515,1.0,-1.0,-0.09224631459977256,0.04231392950417909,-0.028302600633284766,-0.202655536074574,-9.224631459977257,3.901259754811318,-4.154013277174999,-14.923346968273131,0.04077344,0.5699479,1.0,-1.0,10,-0.10233258765474156,0.05320216090023387,-0.023068492260879654,-0.23555759433567336,-10.233258765474156,4.836876373811403,-5.230195284306576,-20.274309892857023,0.09095659527608001,0.528832588628875,1.0,-1.0,0.0674162521084343,0.02426821839688327,0.13844468165837512,0.029638774965236616,0.06980589771083542,0.025651793851631008,0.1217169922334188,0.03866956988725306,0.06807398901784231,0.0401144933996878,0.17888312800716388,0.00834918755969931,0.0643051058606245,0.037164806789956,0.11949447125966739,0.008928519115140383,0.07407665288807903,0.01258466964385332,0.10876025506077508,0.05637248654846606,0.0784110699906638,0.01299354941225762,0.0980230156919797,0.06428904368553891,0.006363636363636364,0.07951817714125348,1.0,0.0,0.0,0.0,0.0,0.0,-9.224631459977257,148004,41000,410,8.177431451505981,1.4249650629935786,1.369338108052034,10.971734622551594,433.0222567728488,40
0.051525977,0.048632085,6.161866,-6.233916,6.0549364,3.4081542,-25.915394,-6.1797733,6.0257416,3.505629,-26.107784,-6.2194853,6.084578,3.607057,-26.189425,0.051525977,0.099512674,0.70436394,2.5671378e-07,0.048632085,0.12660432,1.1466082,2.651683e-08,0.02696827,0.8758533,1.0,-1.0,-0.10445353695931388,0.04971768755947249,-0.03571248198557995,-0.23159320987527257,-10.445353695931388,4.804264579411544,-4.374615873783996,-21.380254091710285,0.08392465,0.49298868,1.0,-0.99994844,10,-0.08619212655496651,0.04080653957035303,-0.02088460233435051,-0.21955738956853915,-8.61921265549665,3.178831322896353,-5.226964351328167,-16.707166501806633,0.08751285620650547,0.5179278169028798,1.0,-1.0,0.06685984372799507,0.02233670697313981,0.1418579220943963,0.02967954832931068,0.06661329056853406,0.019902766544506897,0.09547483038456299,0.0362514698417893,0.0811508452176154,0.05356978342111809,0.1947037155902088,0.008256259446268106,0.07966341455975112,0.05365006533068878,0.19388780110262316,0.008256259446268106,0.08141341373778219,0.024621686813893786,0.14373587468015184,0.056407742745216136,0.08265949577318808,0.026483108411656128,0.14373587468015184,0.06188131210798259,0.0018181818181818182,0.04260136186858175,1.0,0.0,0.0,0.0,0.0,0.0,-10.445353695931388,152004,42000,420,8.271399184159236,1.4234205030079465,1.4300400763750076,11.12485976354219,444.1511068933469,41
0.027957201,0.03723803,6.896056,-6.991282,6.457786,2.9893007,-24.334864,-6.994541,6.462852,2.8293993,-24.266268,-6.97294,6.4385123,3.1599007,-24.276728,0.027957201,0.041857094,0.2908546,1.1623911e-07,0.03723803,0.123549886,1.3190182,1.858134e-07,-0.075933814,0.84644026,1.0,-1.0,-0.09878438692611038,0.04849634831503829,-0.011902841099380931,-0.22010400782013628,-9.878438692611038,4.515520854850571,-2.16145986855544,-16.06267744101525,0.023777748,0.65153337,1.0,-1.0,10,-0.08717301532798541,0.04620420134338928,-0.015329557341088948,-0.22623952125011204,-8.71730153279854,3.595120970460446,-3.1969628211828014,-14.438362614664417,0.07218776827439899,0.5467809482158928,1.0,-1.0,0.06687147687022373,0.02802866698913998,0.15578150193924017,0.03043359814380471,0.06747078884667673,0.0259683021058697,0.13024895544825418,0.038641084663221824,0.07721539982548688,0.04425704210516226,0.19496024074561,0.00874336549275758,0.0740962052584526,0.041140403855681476,0.14989560024248808,0.01408217926986022,0.07745279147744782,0.02080744304668901,0.1424615670683255,0.05647885122835491,0.08154352584423072,0.021081008733333184,0.1424615670683255,0.06528567016639285,0.0890909090909091,0.2848749181803558,1.0,0.0,0.09090909090909091,0.28747978728803447,1.0,0.0,-9.878438692611038,156004,43000,430,8.194548001658404,1.4273200019961223,1.4045399694878142,11.02640797314234,455.1277984745102,42
0.0231076,0.029000191,6.7043514,-6.7656927,6.6652417,5.166542,-33.6341,-6.8060465,6.713756,5.493043,-33.723316,-6.7723055,6.6906753,5.5463634,-33.485336,0.0231076,0.043493453,0.3250834,2.1921153e-06,0.029000191,0.07245062,0.49822506,4.9711434e-07,-0.13823077,0.8435922,1.0,-1.0,-0.08631274868799466,0.03120747842159292,-0.03485048403875676,-0.21062390544346807,-8.631274868799467,2.6326758718144854,-3.799910672971006,-12.398655128625837,0.02610642,0.5623651,1.0,-1.0,10,-0.09398999573989178,0.03360295509339599,-0.02653177030568829,-0.2487140516788533,-9.398999573989178,2.4400232862219426,-6.2401884539926025,-13.500380010900658,0.051867120461925494,0.5790616998333187,1.0,-1.0,0.06600009847163488,0.02531816892231833,0.1540376959846396,0.02999836471612432,0.064755595711509,0.022349566956756675,0.1168269356991168,0.03756989925632991,0.06133090651967008,0.02593253234444692,0.15110851502737552,0.026172044686745607,0.05795497292036728,0.02191203207157131,0.09339896516579553,0.026173611617511253,0.07805699999454992,0.02131319412385611,0.13582824540123384,0.056676953311345916,0.07998732462225094,0.019978740933351682,0.13511152681583052,0.06333522250659263,0.0,0.0,0.0,0.0,0.0,0.0,0.0,0.0,-8.631274868799467,160004,44000,440,8.241911779972725,1.3790883800247684,1.4005091182189062,11.0215092782164,466.19486534773023,43
0.68464994,0.31835487,6.416438,-6.557513,6.372544,3.319732,-38.560814,-6.570718,6.380617,3.5007026,-38.455215,-6.600068,6.4162745,3.4584985,-38.192806,0.68465,7.4022655,84.101494,1.2306832e-06,0.31835487,3.362419,38.20934,6.266987e-10,-0.23049997,0.8589172,1.0,-1.0,-0.10470859411930926,0.03824371577482584,-0.06416235852942873,-0.22699988637734225,-10.470859411930926,3.4709683064656804,-7.033115743081517,-18.806859135465803,0.03560126,0.6012648,1.0,-1.0,10,-0.09078669704415014,0.04138568275145428,-0.016776792639387954,-0.21058420516248288,-9.078669704415015,3.2405456213218966,-5.135527516197958,-15.029098268270081,0.05311367872266832,0.5218152309069785,1.0,-1.0,0.060099620599299894,0.021253360034825666,0.14496475517460825,0.029657036583282084,0.05945892832730435,0.01623259416867303,0.09586328389618956,0.03971146810523186,0.0879065828575118,0.040279083723278875,0.19913387312647038,0.03594414219341944,0.08386686867138878,0.03806507355581584,0.17738465020262834,0.036411850773342906,0.07469813314290129,0.012705506285722557,0.11484385743157845,0.05703838035909236,0.07507078869543958,0.00973277824013138,0.09580649165238095,0.062104409053752335,0.0,0.0,0.0,0.0,0.0,0.0,0.0,0.0,-10.470859411930926,164004,45000,450,8.256347902206471,1.42326130301808,1.4031174381962046,11.082726643420756,477.318161512143,44
0.02870857,0.029354014,6.349237,-6.4600925,6.3935485,0.91096115,-28.412987,-6.4545717,6.3954268,0.88125134,-28.596498,-6.4430223,6.396547,1.109493,-28.5379,0.02870857,0.0497158,0.34161568,1.1286793e-06,0.029354014,0.08810859,0.821353,3.937676e-06,0.053470295,0.86758476,1.0,-1.0,-0.08934380019290634,0.05102346954067963,-0.038007336427901404,-0.23635503291707335,-8.934380019290638,4.824382364279766,-4.641819995158157,-21.33237595541956,0.05473465,0.5768,1.0,-0.99999976,10,-0.08944372256112817,0.040566207107987126,-0.022671733864222457,-0.2360094741139279,-8.944372256112818,3.5601282867449355,-4.895806429073188,-15.799685446743895,0.030693619275921784,0.5972958372215073,1.0,-1.0,0.05956467126712175,0.025032278175947845,0.15456266342455033,0.028760573677877592,0.05900592804960629,0.01995488883644327,0.10103661948356424,0.033943585571447034,0.07276137379885794,0.04653258605449794,0.18092478457983202,0.02395948324489461,0.06790698453941174,0.043395861444786424,0.18092478457983202,0.023959544242390267,0.0744103857923021,0.013733846649109214,0.1176364446325228,0.05687892126456529,0.0746499397780998,0.011334115291006938,0.10048678757061777,0.06198268113181749,0.0,0.0,0.0,0.0,0.0,0.0,0.0,0.0,-8.934380019290638,168004,46000,460,8.324694291164633,1.4639006060024258,1.4019784853735473,11.190573382540606,488.48414462670917,45
0.12455422,0.1043922,6.040884,-6.058039,5.746962,1.94837,-27.535498,-6.0483,5.7439117,2.0741138,-27.43214,-6.0919056,5.8298683,1.9436737,-27.673075,0.124554224,1.1275643,12.795104,3.0384763e-07,0.1043922,0.9316664,10.581254,4.7279173e-08,-0.010589283,0.87967247,1.0,-1.0,-0.07254667484044472,0.04370532981451446,-0.022544650409191198,-0.225281898529212,-7.2546674840444725,4.061125763457067,-2.690312460997064,-16.962881591827323,0.02890755,0.56536037,1.0,-1.0,10,-0.08437585381078906,0.044234879675360946,-0.017364437227623028,-0.1970513038555329,-8.437585381078907,3.4645935571890054,-4.625344043479439,-16.33348251564701,0.06205301768021147,0.5150755917330803,1.0,-1.0,0.05336622980468374,0.022233581778746833,0.1567661074165888,0.02893281490294218,0.05075310656080962,0.011166481544315104,0.07510582899374114,0.03559785323572461,0.059081678448092576,0.0375021553727866,0.17324993647937112,0.018447696726765418,0.054270469210421377,0.031507865757287645,0.11440016920602214,0.018447696726765418,0.07468242065735875,0.016201182031319403,0.1249068156889043,0.05692178011485134,0.07603274030976061,0.014768824803494599,0.11863787754637356,0.06373734809167768,0.08545454545454545,0.27955691033437624,1.0,0.0,0.09090909090909091,0.28747978728803447,1.0,0.0,-7.2546674840444725,172004,47000,470,8.37766373870545,1.4394694799848367,1.425661921093706,11.242795139783993,499.70183007756714,46
0.026178245,0.034446087,6.29652,-6.3954678,6.445892,2.9510815,-35.19187,-6.379853,6.4048805,2.5525584,-35.042862,-6.3774896,6.481151,3.0292413,-35.481823,0.026178243,0.04006009,0.21768019,8.170453e-06,0.03444609,0.07705124,0.66697353,7.2122043e-07,-0.18284613,0.87065023,1.0,-1.0,-0.09496343258321245,0.052098480672918564,-0.017484579137154975,-0.24543921229428603,-9.496343258321247,4.283701818068887,-3.7052224444106043,-16.4624371039612,0.11833545,0.45243996,1.0,-1.0,10,-0.08370511447306984,0.04416504875114997,-0.018517407682827537,-0.22313633823339024,-8.370511447306985,3.758027706653107,-3.679551424384256,-16.434185513402117,0.012247401094892025,0.5370676265404698,1.0,-1.0,0.06718487090388092,0.020265576946247883,0.15363860481106345,0.03061723033595781,0.06821412871312754,0.014788286445159246,0.08749186466677779,0.038673283704268945,0.06701629440243898,0.05912282218114045,0.2083935993942498,0.009255949993386995,0.052812338737584626,0.04269201040015268,0.1293482071920131,0.010336514707695029,0.080150354871987,0.014835180531363618,0.1220728859306506,0.05667905734287525,0.08439337841675189,0.011033500045101658,0.1065452582280343,0.068763963132547,0.019090909090909092,0.1368446063277312,1.0,0.0,0.0,0.0,0.0,0.0,-9.496343258321247,176004,48000,480,8.434763239318272,1.4145415590028279,1.4232408713723999,11.2725456696935,510.95570760627743,47
0.035301477,0.05407761,6.079164,-6.155014,6.348069,3.0252903,-32.379753,-6.141869,6.3660526,2.9545076,-31.940514,-6.151703,6.353965,3.0471334,-32.276543,0.035301477,0.08608791,0.6109746,2.3517009e-07,0.054077607,0.2038611,2.0219238,1.8268088e-06,-0.32464707,0.7823211,1.0,-1.0,-0.09323133412634509,0.04401250945159056,-0.029574345380985377,-0.23381093619023993,-9.323133412634506,4.057849903071442,-3.6535089469995143,-15.011450602111008,0.024991611,0.6029712,1.0,-1.0,10,-0.0858260834519957,0.03924468519349954,-0.01974055399683424,-0.2132513454616397,-8.58260834519957,3.344892346692443,-4.235124863779821,-13.951914721356063,0.029941801701125044,0.5684544361922018,1.0,-1.0,0.06827822404258177,0.0326599945520786,0.16128661804726563,0.028230859261436293,0.06677525996164695,0.032754153028730984,0.15325810259294237,0.03794939117798832,0.06588648328040583,0.03983438612928185,0.20661165577475984,0.006995830230891309,0.06053207280790855,0.03434172350153314,0.10372066459752809,0.006995830230891309,0.06952745936539076,0.010945772633052691,0.11102762317186966,0.05684533892903837,0.07110097052078654,0.010829527327423713,0.09862843306374253,0.061574337945389385,0.008181818181818182,0.09008260671771133,1.0,0.0,0.0,0.0,0.0,0.0,-9.323133412634506,180004,49000,490,8.206178391352296,1.396918807993643,1.4346159931155853,11.037713192461524,522.0396532657032,48
0.037364997,0.042954274,5.987366,-6.0432005,6.011492,2.4599462,-26.430355,-6.03086,5.9829535,2.5981274,-26.473095,-6.0508404,6.013568,2.40762,-26.305775,0.037364997,0.09143388,0.8122307,3.180412e-08,0.042954274,0.117239,1.0721587,2.9368317e-07,-0.22352064,0.85614824,1.0,-1.0,-0.09655739904407434,0.03807147498402519,-0.03509405604792494,-0.2411023318556747,-9.655739904407433,3.197148355367684,-5.1071164037340875,-15.61307109894453,-0.01291974,0.62031394,1.0,-1.0,10,-0.09555634860984796,0.048061284578765365,-0.0220036263224454,-0.23839415129425265,-9.555634860984796,4.067641751290433,-5.067649553872426,-16.025918460883183,0.026086165569787965,0.6084302931692376,1.0,-1.0,0.06766015506083851,0.029221451696073566,0.1442814549567779,0.029209219439558294,0.06970584058864591,0.029135939446401585,0.1377341784836616,0.038102477482330095,0.07120008088553903,0.035365730672529225,0.1962328707030462,0.0248984246828693,0.058325175138288395,0.023430883598128664,0.09157508683343665,0.0248984246828693,0.07619822232883247,0.016592386891742163,0.13389898762435493,0.05676493135117368,0.08027909012797475,0.020826996514719018,0.13389898762435493,0.06356760223555982,0.0,0.0,0.0,0.0,0.0,0.0,0.0,0.0,-9.655739904407433,184004,50000,500,8.156794298178283,1.4423608939978294,1.3874547013547271,10.98660989353084,533.0187782382709,49
0.0436961,0.03864377,5.9327846,-6.044924,6.1601567,2.6727731,-29.904049,-6.0743713,6.1887565,2.5146716,-29.968706,-6.0397363,6.169822,2.6644857,-29.819466,0.0436961,0.16286162,1.7325915,3.2470873e-06,0.038643766,0.12491626,1.2172037,8.9663615e-10,-0.20722094,0.83912396,1.0,-1.0,-0.09740270130441434,0.03602352638428895,-0.023684787129966602,-0.2238501441273798,-9.740270130441433,3.173619721240037,-4.291886755211529,-13.85944213420834,0.029441975,0.5378345,1.0,-1.0,10,-0.07552165926958665,0.03716152032085037,-0.007839408210188316,-0.2020234571435549,-7.552165926958662,2.945794255628658,-3.3085001980220516,-14.088412392595037,0.03281911366137986,0.5690862152295857,1.0,-1.0,0.07750158900191642,0.028343041650245454,0.15343065554504068,0.02786759973838159,0.08153534163645054,0.02753071627836478,0.12350057437199542,0.037891659219651264,0.06129877145092084,0.03695649794727438,0.19740103947878343,0.022781693354128277,0.05445916385570893,0.028891882486830715,0.11345040605780764,0.022783116267672467,0.07591631399753035,0.02367573773688103,0.1548123074214043,0.05666385031887706,0.07752010485329582,0.025159577126765097,0.1487294883589434,0.062097985951622685,0.0027272727272727275,0.052152034579139875,1.0,0.0,0.0,0.0,0.0,0.0,-9.740270130441433,188004,51000,510,8.165598326246254,1.4346731400000863,1.4177420521737076,11.018013518420048,544.0364972757234,50
0.029627915,0.031061187,6.149565,-6.2358193,6.5333323,2.4279082,-31.231712,-6.2702293,6.57633,2.2514534,-31.355965,-6.233466,6.524841,2.2637255,-31.112513,0.029627915,0.06613282,0.5206296,4.5492307e-06,0.031061187,0.05804694,0.43760997,2.1959694e-07,-0.0076131895,0.88282627,1.0,-1.0,-0.10143437403137111,0.031975299317431614,-0.04188971742122584,-0.20177894773285854,-10.143437403137108,2.82855486185665,-7.069616454093425,-17.16991910212028,0.05003864,0.49895233,1.0,-1.0,10,-0.09462771293878477,0.052597783049853686,-0.02379854266825699,-0.23618514348758768,-9.462771293878479,4.5296173619874525,-4.128115126990818,-19.611832969613996,-0.004295076708139561,0.613501449016397,1.0,-1.0,0.059122888479520505,0.019774333900904384,0.14447210559706042,0.028007699420364,0.0596011689189537,0.018708482705923454,0.1005097041599317,0.03536247713784111,0.08282737306321569,0.040108899779573645,0.1726353474475595,0.03345846427406768,0.07768022413894184,0.03574233732783915,0.1467805825360651,0.03345846427406768,0.07629350261542643,0.02364508295890514,0.1590899389728785,0.05627212619043821,0.07944526267701067,0.025254298775266963,0.15121167093971938,0.061476673772386976,0.0,0.0,0.0,0.0,0.0,0.0,0.0,0.0,-10.143437403137108,192004,52000,520,8.385787640174385,1.435569356981432,1.4450918663060293,11.266448863461846,560.7399149712,51
0.3059816,0.2251566,5.3834453,-5.5309486,5.660839,5.329969,-26.921034,-5.5644445,5.705983,5.439987,-26.826046,-5.5884266,5.7417383,5.563257,-26.5503,0.30598158,2.7271063,30.949724,6.175251e-07,0.22515664,1.7710923,19.986403,1.225399e-06,-0.09135655,0.8771496,1.0,-1.0,-0.08957042975929294,0.03864619802568471,-0.023803581501541868,-0.20396200017637447,-8.957042975929294,3.16563182857814,-4.596326967495653,-15.488248974578408,0.038614724,0.6275415,1.0,-1.0,10,-0.0662710889046065,0.03056393830735511,-0.015756033121369098,-0.19156459957227287,-6.627108890460647,1.5700536463203179,-4.575355339039062,-9.705979198498447,0.06919766451224245,0.5056376426237537,1.0,-1.0,0.05302013638133836,0.020072015464488172,0.15156017719556367,0.027511185589766084,0.05408153338479873,0.014374854330642945,0.09350681631034555,0.03554134305230155,0.07453837075740108,0.04256346292259456,0.17338593365899438,0.019986862886860145,0.06389914096092887,0.03818041394866237,0.1466110084650082,0.019986862886860145,0.07722925275993318,0.015811687101597322,0.11923159771813581,0.05698696441163078,0.0805787764882208,0.015730244668251087,0.11697981977429146,0.06148708912144042,0.011818181818181818,0.10806716613613135,1.0,0.0,0.0,0.0,0.0,0.0,-8.957042975929294,196004,53000,530,8.256353148812195,1.4432215609995183,1.4208075397473294,11.120382249559043,571.8159769777558,52
0.10073349,0.12146899,5.8586307,-5.9845476,6.201021,4.4863186,-26.10589,-5.9911575,6.204848,4.442639,-26.155972,-5.9642897,6.247292,4.51609,-26.055649,0.100733496,0.61030847,5.175246,3.908398e-06,0.121468976,0.7540919,7.6563215,1.0082836e-05,0.00044831634,0.8801311,1.0,-1.0,-0.08574701350016548,0.03706652431225682,-0.02410748906863979,-0.22856174973299517,-8.574701350016547,2.8547944353995574,-2.923762805873433,-13.162446672405224,0.0538654,0.5980295,1.0,-1.0,10,-0.09241180903580332,0.04427381813468185,-0.024875786462939264,-0.2378905587937871,-9.241180903580332,3.1910312687642928,-4.341103574924154,-14.076349822090355,0.04756706460886948,0.5257623444261987,1.0,-1.0,0.053643883422432086,0.018663005680966505,0.15008456011202048,0.02905557172539639,0.052192811049268824,0.014085869019981304,0.0737325320013016,0.03479934207952949,0.07261123795845999,0.03594597272090095,0.1937595367034892,0.019800851176352934,0.06595465176059866,0.02846155850521916,0.11377838911633696,0.021008984424687103,0.07411454512867821,0.014287615715709003,0.11608554803656371,0.05659886336178119,0.07472911441232997,0.012331601526423224,0.09948827982322969,0.0622218689965038,0.08363636363636363,0.2768416917916259,1.0,0.0,0.09090909090909091,0.2874797872880344,1.0,0.0,-8.574701350016547,200004,54000,540,8.191827859234763,1.3990387190133333,1.426993921137182,11.017860499385279,582.8575543091283,53
0.061237574,0.049030382,6.3963737,-6.4427238,6.749279,1.21819,-33.45046,-6.4806633,6.698494,1.243244,-32.873413,-6.5313525,6.704958,1.1605817,-32.742313,0.06123757,0.15333024,1.3155594,1.9218768e-07,0.049030386,0.13524333,0.9841011,3.7617588e-07,0.08886267,0.8206753,1.0,-1.0,-0.08221701228611977,0.05630092830021081,-0.011846370797180586,-0.23376176409306584,-8.221701228611977,5.367793749325868,-1.9664141511006583,-18.67474390573214,0.08253109,0.48511726,1.0,-1.0,10,-0.06335645630633746,0.028685284398447256,-0.014390620799556029,-0.16984580486469142,-6.3356456306337465,1.8096226587869197,-3.6375425588184833,-9.597119063099697,0.03431302099009244,0.5789428221711971,1.0,-1.0,0.05212772155558592,0.019937851660922223,0.15016774838581592,0.02960477885105942,0.05369775384496089,0.016768372362423747,0.09522130919240897,0.034626663388004054,0.07138300871287799,0.05304919082347857,0.18557799124614094,0.01108758509149304,0.06798716660171919,0.051678533414018124,0.16488683731354406,0.01108758509149304,0.07084094938990308,0.012401458369389209,0.10925173526056135,0.057040524234307693,0.07072145069639903,0.011276360787204412,0.10312912876629421,0.061114197077196904,0.1572727272727273,0.3640577104374053,1.0,0.0,0.09090909090909091,0.28747978728803447,1.0,0.0,-8.221701228611977,204004,55000,550,8.622384775691899,1.4232559069932904,1.4120642339112237,11.457704916596413,594.2949725657527,54
0.017075568,0.016243014,6.761447,-6.835538,6.3829145,0.6409975,-28.472729,-6.85526,6.4079833,0.6312617,-28.863312,-6.863038,6.4159822,0.6258532,-28.874397,0.017075567,0.031253558,0.1774623,8.6991713e-07,0.016243014,0.04656464,0.50182617,1.5931184e-06,0.07790615,0.87214726,1.0,-1.0,-0.09446662661742858,0.04803098567213645,-0.04245919961349229,-0.23574615906984084,-9.446662661742856,4.421320042955451,-4.854847078257467,-19.02831014791719,0.018685995,0.59894586,1.0,-1.0,10,-0.07281297825819542,0.042563235098140986,-0.014093783021987643,-0.2020174056304961,-7.281297825819543,3.6206083472361534,-3.469926678177554,-13.247724564933074,0.07096127523742124,0.5456143348304565,1.0,-1.0,0.06692875205648545,0.034398322785440895,0.1649996759905262,0.027920363759603148,0.06736217992174756,0.03495046331252345,0.1649996759905262,0.03596610970116439,0.06917552888110141,0.042010674153112014,0.21823513821281018,0.029470762103058275,0.0631152187309822,0.03729193042310198,0.16308766546798253,0.029470762103058275,0.07616171792005456,0.015257636114395548,0.11186337891061382,0.05643325011197445,0.07863714999922204,0.013656987321549349,0.10599023856607377,0.061861752363765864,0.0,0.0,0.0,0.0,0.0,0.0,0.0,0.0,-9.446662661742856,208004,56000,560,8.242153763450915,1.4024945679993834,1.3965278206160292,11.041176152066328,605.3818936108728,55
0.03572981,0.041619934,5.7079644,-5.8075976,5.539744,2.8116045,-24.135756,-5.793801,5.530259,2.608086,-24.169888,-5.8441973,5.5419483,2.7365327,-24.298439,0.03572981,0.118852995,1.0042751,8.1309736e-08,0.041619934,0.12425342,1.245912,3.5628823e-06,-0.28523162,0.82935554,1.0,-1.0,-0.08608365736040684,0.044226553638964265,-0.030732656736201975,-0.23159805607850018,-8.608365736040684,4.036140616528478,-3.4179076612342834,-17.45381745766461,0.017425423,0.61297226,1.0,-1.0,10,-0.0764373866134268,0.04402049293197549,-0.010311397037826324,-0.22802820348212594,-7.643738661342678,3.7547438919484555,-3.098705208284633,-15.239291131950814,0.04207794441629964,0.5153912894786077,1.0,-1.0,0.05279033247943521,0.01908005993992431,0.14411184225656298,0.028146317480296,0.05225792646508445,0.014104755291398739,0.07557862057027208,0.034237082589929094,0.07444196241283711,0.04078967422258216,0.18884406821827313,0.025472234380028266,0.06893180770647804,0.03900210127763516,0.1596317404287176,0.025472234380028266,0.07286445246701768,0.01447596445146516,0.11962911340845829,0.05743017892762311,0.07448624288759677,0.014685727720935354,0.1035791001906556,0.06244233800674242,0.011818181818181818,0.10806716613613135,1.0,0.0,0.0,0.0,0.0,0.0,-8.608365736040684,212004,57000,570,8.513490803656168,1.4483798930014018,1.4098590228823014,11.371729719539871,616.7637032564089,56
0.0433504,0.046831653,6.9170837,-6.974304,6.6853538,2.556837,-25.049007,-6.911347,6.6925297,2.4723792,-24.996807,-6.9402046,6.619415,2.462693,-24.723923,0.0433504,0.09683441,0.6504395,5.2649157e-06,0.046831653,0.15816447,1.6750584,5.5319006e-08,-0.1424191,0.84607255,1.0,-1.0,-0.06724474719977654,0.03729166397276123,-0.015598090949076828,-0.19286544010365583,-6.724474719977656,3.0723391150745734,-3.867738889585732,-15.387998655643234,0.09375296,0.57805145,1.0,-1.0,10,-0.0900919222122513,0.048289832817131347,-0.01731481304154259,-0.23934383882915108,-9.009192221225131,4.095500109370134,-4.45725560804052,-17.18474316559349,0.05931602604177501,0.5635765172685756,1.0,-1.0,0.06426470314419608,0.02896193259028359,0.15597571080802408,0.02839311502701529,0.06642925937371973,0.028794855451500706,0.14708887563019302,0.0354190215825667,0.0371357998775335,0.02678414281675132,0.16172587624093018,0.006799629287869276,0.03220864940411824,0.019417333760959894,0.07153262057938174,0.006799629287869276,0.08595932352574276,0.03385876138892502,0.1817321661727168,0.0563648724170819,0.08869017966851782,0.03495744554196569,0.17395456859758926,0.0651045839114702,0.057272727272727274,0.23236299615788886,1.0,0.0,0.0,0.0,0.0,0.0,-6.724474719977656,216004,58000,580,8.22678731844644,1.459003011987079,1.4194109167438,11.10520124717732,627.7786525786214,57
0.030769225,0.036264334,6.2255936,-6.2840667,6.1630173,4.309046,-28.734873,-6.2798204,6.166243,4.44041,-28.716433,-6.3226724,6.1746416,4.436974,-28.677275,0.030769225,0.05422789,0.30264816,2.3292092e-05,0.03626433,0.07323643,0.5222734,1.7607817e-07,0.19084965,0.86484015,1.0,-1.0,-0.07960356207505986,0.03795740112050024,-0.022466527021006412,-0.22833861987528378,-7.960356207505987,3.191702425878181,-3.3355771113836914,-13.06489440730129,0.024399543,0.5476755,1.0,-1.0,10,-0.09435812789611926,0.0470104153026939,-0.02975090481394208,-0.21332346562178156,-9.435812789611926,2.991595069967987,-4.618308617237226,-13.684735001974868,0.040145734683577,0.5956360231292515,1.0,-1.0,0.057207384583267254,0.017525197573299667,0.1502393188335776,0.028424701626018217,0.059661875556630446,0.013330267660357659,0.07501708446850797,0.03660032478561586,0.061587113861633506,0.03815907234252694,0.1833443784295476,0.012748748021983137,0.05626412490463942,0.03381033305222319,0.11071139349504594,0.012748748021983137,0.07421511213744238,0.013389482230465573,0.11879288336924991,0.05657307654834495,0.07458090892150676,0.009000661298132729,0.09288201519695886,0.0651074459848859,0.13090909090909092,0.3373009054634249,1.0,0.0,0.18181818181818182,0.385694607919935,1.0,0.0,-7.960356207505987,220004,59000,590,8.605100069893524,1.369333077018382,1.41398561684764,11.388418763759546,639.2022004744213,58
0.11721858,0.1815854,5.711356,-5.7654905,5.5469093,1.7670934,-22.341185,-5.7625456,5.5290647,1.6787975,-22.383987,-5.707156,5.5665765,1.7038833,-22.13011,0.117218584,0.9036472,10.281441,1.485911e-05,0.18158537,1.6881883,19.199568,1.8953165e-07,-0.43128613,0.8024533,1.0,-1.0,-0.07070341736372013,0.038351290102617085,-0.017531248995189787,-0.2144619839880751,-7.070341736372012,2.9565402559544207,-2.6338904848404328,-12.968041757353737,0.023314629,0.6076865,1.0,-1.0,10,-0.08883282116245036,0.03923641161258645,-0.01730617131767685,-0.20158699479124453,-8.883282116245038,2.742476839579656,-5.230166647232708,-12.458826688969596,0.04643031612348763,0.5559755325312019,1.0,-1.0,0.04857655031048316,0.018640708315765475,0.15386161352424949,0.02743573907274964,0.0493866718753957,0.015017365613401218,0.08606226460702181,0.03418503232688644,0.05758539314518167,0.0378815095929965,0.17568202682751807,0.018087050459442932,0.051392251703941925,0.0313982325528739,0.11979661339004867,0.018087050459442932,0.08680316126279246,0.02591793306753796,0.15254199535943957,0.05697881955919537,0.08881547807040371,0.025712238650193155,0.150680705293485,0.062107019483130695,0.08,0.2712931993250108,1.0,0.0,0.09090909090909091,0.28747978728803447,1.0,0.0,-7.070341736372012,224004,60000,600,8.514776560652535,1.404253043991048,1.4189741084119305,11.338003713055514,650.5624793723982,59
0.06455405,0.073344484,6.1986804,-6.2635098,5.810661,2.21354,-34.127148,-6.26588,5.8030286,2.267679,-34.190002,-6.315015,5.810147,2.2297199,-34.409878,0.06455405,0.25679877,2.4744391,1.3564673e-08,0.07334449,0.29815575,3.1039712,3.3870043e-07,-0.08857309,0.86460483,1.0,-1.0,-0.09684442845384766,0.04848914419904406,-0.008965705522448453,-0.23962843274832318,-9.684442845384767,4.345273855466849,-1.254652552706402,-17.629358108082364,0.0049006185,0.58082503,1.0,-1.0,10,-0.09179589593720468,0.045824358186525985,-0.019288904645474992,-0.2441901958271679,-9.179589593720467,3.692678158006375,-6.145372428859249,-17.87162690492803,0.06213496555798427,0.5549996765163221,1.0,-1.0,0.07245142822065687,0.028072242731255397,0.14888469467994295,0.028691485750518955,0.07836396407151064,0.029581786593966885,0.147599649213534,0.035414330661571694,0.07167712982850974,0.041043086704767584,0.20205759441282203,0.01012338113375554,0.06436949007337699,0.03433247641509411,0.11710232195125835,0.01012338113375554,0.08148987343339381,0.024039219360073548,0.15321002218193266,0.05654693194777963,0.08611018853428352,0.02521308590140397,0.1499212112549989,0.06313073204093665,0.08636363636363636,0.2809002646450977,1.0,0.0,0.09090909090909091,0.2874797872880344,1.0,0.0,-9.684442845384767,228004,61000,610,8.296243651391705,1.428000557993073,1.3966677196149249,11.120911928999703,661.660817633383,60
0.047038063,0.034968987,6.6515207,-6.755696,6.9937587,2.6331995,-30.621498,-6.7825594,7.020714,2.4506106,-30.549507,-6.7679825,7.007104,2.4955018,-30.595232,0.047038063,0.22378346,2.2437315,1.1461907e-07,0.03496899,0.14001387,1.3069279,4.649447e-06,-0.0013963133,0.8438962,1.0,-1.0,-0.06057129109069081,0.0345931433044505,-0.024001187139051413,-0.19280076241144678,-6.057129109069083,2.2599431855244476,-3.421193011462323,-9.80218839801333,-0.0019417589,0.41789898,1.0,-0.99999684,10,-0.08338720250983851,0.032732801137256684,-0.011081105848228143,-0.22932736126131917,-8.338720250983851,2.0232870077513834,-4.536517088792432,-11.03473437394641,0.07108315761780079,0.5214798613499068,1.0,-1.0,0.056935055387249064,0.03072059682228875,0.15152309623204688,0.027896526337796546,0.06548457724768497,0.03707663132986491,0.15152309623204688,0.03649457176275417,0.036251149119430746,0.01968067348561505,0.1604545973780434,0.0056845181706599406,0.03189597958701442,0.012131857320286744,0.04833065706545624,0.009659133209300704,0.07458025318503222,0.020249890832425614,0.14430263804116997,0.05635709057757375,0.07581839939808054,0.02004221340298005,0.12925461773684416,0.061523576622719414,0.08,0.2712931993250108,1.0,0.0,0.0,0.0,0.0,0.0,-6.057129109069083,232004,62000,620,8.337039856967749,1.4037024739955086,1.3965941823262256,11.137336513289483,672.845772344619,61
0.10510934,0.05327309,6.845579,-7.000158,6.3579216,1.6912351,-24.141941,-7.012059,6.3853884,1.575358,-24.484993,-6.973236,6.4061646,1.8358766,-24.18285,0.10510935,0.33150354,2.9660103,2.0861173e-06,0.053273097,0.1339219,1.2684913,3.6269944e-07,-0.07567729,0.8400962,1.0,-1.0,-0.08324150931002942,0.040387062434183274,-0.030124462450019908,-0.22956812511951324,-8.32415093100294,3.1031637485132677,-4.213165446222004,-14.448614616775739,0.022102227,0.4752651,1.0,-1.0,10,-0.07435065684409857,0.03906171378611576,-0.008705958165136715,-0.2136772016881916,-7.435065684409858,2.4966232757203555,-3.5595986115369125,-11.867203699782548,0.018757174798141808,0.47667679574437505,1.0,-1.0,0.06351353645048616,0.025206299401152463,0.15207344636461373,0.030089033609778153,0.06356771341111703,0.024877463302789404,0.11329347289204741,0.03556840465694068,0.06081339776035019,0.035172803610810204,0.19844787975747147,0.017747786690572948,0.05139601598367465,0.02188335144301836,0.08529690632942992,0.017756866429114795,0.08080030644164643,0.022682742863911608,0.15233551942124895,0.05708212551541756,0.08547184943384432,0.023971681637206924,0.15233551942124895,0.06620395825403377,0.0,0.0,0.0,0.0,0.0,0.0,0.0,0.0,-8.32415093100294,236004,63000,630,8.408019641006831,1.4520373370032758,1.3945977859257255,11.254654763935832,684.0713147176139,62
0.04065371,0.033400305,7.172954,-7.226503,7.1804104,2.1730187,-29.10263,-7.244073,7.1845455,2.1766272,-29.051884,-7.296289,7.2107434,2.2958121,-29.076136,0.040653713,0.07068895,0.5787597,2.0954758e-07,0.033400305,0.077766724,0.69878197,3.5475978e-08,-0.16842315,0.8163128,1.0,-1.0,-0.07506942261237193,0.03615306051540362,-0.01922384644599891,-0.2131591996876746,-7.506942261237191,2.925128039853309,-2.4064778362505326,-12.393177632091833,0.057697322,0.54108435,1.0,-1.0,10,-0.06470906690026916,0.03128333779876318,-0.003901701522559047,-0.21468532035665347,-6.470906690026917,1.7042423926380224,-3.9062787052265837,-9.142001467786391,0.08859525508123016,0.5294872342012624,1.0,-1.0,0.06342823749507433,0.020153698453111386,0.12035586866690597,0.02879145553277092,0.06632175560055789,0.019274396123352536,0.10890407097700819,0.03761505477917109,0.05050699844924063,0.0323971612423972,0.1781357005728702,0.015979459559433896,0.042195913154761296,0.02018439581104269,0.07480172457003971,0.015979459559433896,0.07572760921463369,0.011302613100821873,0.10790807105064888,0.0571090769903651,0.0778657958164695,0.010363129305612265,0.09760102463702663,0.06676074219569807,0.08818181818181818,0.2835591386712249,1.0,0.0,0.09090909090909091,0.2874797872880344,1.0,0.0,-7.506942261237191,240004,64000,640,8.322030220995657,1.422501460998319,1.405233261961257,11.149764943955233,695.1527705285407,63
0.024568146,0.031112853,6.5917244,-6.6716647,7.0218153,2.4585662,-32.11076,-6.7177305,7.05156,2.4179287,-32.182716,-6.6687746,7.0428925,2.4936793,-32.007454,0.024568148,0.04992163,0.36733302,9.443838e-07,0.031112857,0.057674613,0.34838215,5.464814e-06,0.05930511,0.8569577,1.0,-1.0,-0.08604743478668901,0.04254870378327438,-0.025590269491078618,-0.24889589305098014,-8.604743478668901,3.673496302025265,-3.6945955634987677,-16.20435070233779,0.041647088,0.44886398,1.0,-1.0,10,-0.06676889856124861,0.029017093961922834,-0.019558671609237497,-0.18617997868301303,-6.676889856124859,1.9359441078474078,-4.44908831309256,-9.633996742582683,0.022392984107092482,0.5050100023633062,1.0,-1.0,0.07359151726057275,0.03449333807666293,0.15557031793956375,0.0303902161991483,0.07434506703031767,0.0319072001710439,0.1370166060201715,0.04338742784596733,0.05117267296299647,0.0324498471704852,0.2004935529897468,0.019746235539959956,0.043239839805127744,0.02025956696631329,0.08246453406817035,0.019746235539959956,0.07839210012814705,0.024844452646217468,0.18079315987480718,0.056632082049529874,0.08375795217782224,0.03156516413825384,0.18079315987480718,0.061542059552195556,0.045454545454545456,0.20829889522526548,1.0,0.0,0.0,0.0,0.0,0.0,-8.604743478668901,244004,65000,650,8.233758841757663,1.3543911699962337,1.4396638816979248,11.027813893451821,706.2764882240444,64
0.091047615,0.0601921,6.1811476,-6.291876,6.4777365,2.6493232,-30.054497,-6.2235765,6.4857736,2.7105334,-30.24289,-6.198453,6.476095,2.8832214,-30.079779,0.091047615,0.43387857,4.334287,2.2329937e-07,0.060192097,0.2725302,2.5627599,2.446177e-08,-0.023105517,0.85317016,1.0,-1.0,-0.07935880014736826,0.04891536722882141,-0.011599560809194978,-0.25244532694126354,-7.93588001473683,4.143091757048141,-3.3898023472054604,-16.552440143750598,0.054936197,0.52710545,1.0,-1.0,10,-0.06737266622120346,0.03286669051670173,-0.016373280717291286,-0.20555311592182907,-6.737266622120346,1.3841891110720963,-4.4486162201759525,-9.299902178932788,0.041549942256057765,0.4552473711340595,1.0,-1.0,0.0591499416165189,0.02598531229957767,0.15525096336384264,0.02883050597324612,0.06220550612622286,0.022784469357833,0.10613928449735974,0.03888901826157423,0.05687681205610675,0.048981682514468466,0.20954300974405005,0.01049766975157266,0.04944246436518358,0.04308426936679778,0.1435595882395407,0.010498078662008813,0.09403646580771062,0.02397062894688124,0.1368545743718005,0.05670349466519062,0.10150636108283076,0.02597772052572442,0.1368545743718005,0.06491261410100596,0.10727272727272727,0.3094596730693651,1.0,0.0,0.0,0.0,0.0,0.0,-7.93588001473683,248004,66000,660,8.190075027057901,1.4503186540096067,1.387264658958884,11.027658340026392,717.214014892088,65
0.058370627,0.058686055,5.8777075,-5.9474297,6.3320384,3.9556262,-24.04883,-5.9769726,6.3543353,3.9229357,-24.189371,-5.9649687,6.333431,3.799635,-23.876661,0.058370627,0.26239443,2.49731,1.8833987e-07,0.05868605,0.25239527,2.574432,3.3766057e-07,0.051593333,0.8568369,1.0,-1.0,-0.06859817674417129,0.03103611335182738,-0.023235230619164382,-0.2194766115069985,-6.859817674417131,2.1409280433541165,-3.208175357667616,-11.242067760072084,0.029813863,0.4083614,1.0,-1.0,10,-0.09324951582476766,0.043158477726701734,-0.006631560779068123,-0.2229662643494546,-9.324951582476766,3.5952952669957505,-2.662867740586995,-16.014904406094708,0.018057039358925785,0.5280455605504993,1.0,-1.0,0.057725585341490686,0.01701052805742444,0.15357657200711028,0.030270526934559103,0.05740362389312899,0.010300835412865781,0.08186114108676215,0.041641988719801654,0.04774221149470138,0.027992481185305635,0.16173400381385036,0.010260591152439378,0.04287763851413827,0.020984419603066594,0.08143059261261465,0.017777345963763406,0.07362552767514752,0.010891404878579737,0.10672643818661708,0.056211518052823414,0.07458029773010749,0.009031921758202985,0.09278265958099703,0.06243246160787293,0.08363636363636363,0.2768416917916259,1.0,0.0,0.09090909090909091,0.2874797872880344,1.0,0.0,-6.859817674417131,252004,67000,670,8.200100655842107,1.3605366919946391,1.4183396521839313,10.978977000020677,728.2500761070987,66
0.030942723,0.02823637,7.3899155,-7.4912157,7.4223228,2.374474,-33.6591,-7.455283,7.4273734,2.2584872,-33.46282,-7.468211,7.403337,2.381414,-33.65134,0.030942723,0.0674945,0.5860648,1.7881845e-08,0.028236372,0.05477607,0.38729545,2.3029102e-06,-0.095460415,0.82968754,1.0,-1.0,-0.0740608392257901,0.03037649839301656,-0.00832571916796597,-0.20637809666104676,-7.406083922579009,2.444439724691444,-2.3502775596502383,-10.809323053133852,-0.013606784,0.5390339,1.0,-1.0,10,-0.08649190169840537,0.029631989634895464,-0.03780996544587872,-0.22507818425606077,-8.649190169840535,1.3515931912203591,-6.457276169590635,-10.296921565798035,-0.003206851890800602,0.5632728247677562,1.0,-1.0,0.059421281938847555,0.01771147299025167,0.14800946054435754,0.028077568964178082,0.06164532267364982,0.01608784442548081,0.08926748170566799,0.036927036198850634,0.05175815165490342,0.02983081904431987,0.17035344677063272,0.009291842732297826,0.04758233060527397,0.02481459307358185,0.08155603968364382,0.009291842732297826,0.07987745368840204,0.024773117778330852,0.16245437709336746,0.05676983348511795,0.08476202917627325,0.027174088464283368,0.16245437709336746,0.0614212401422061,0.17454545454545456,0.37957784292945135,1.0,0.0,0.18181818181818182,0.38569460791993493,1.0,0.0,-7.406083922579009,256004,68000,680,8.452832953887992,1.41750859800959,1.453412343020318,11.3237538949179,739.612648827926,67
0.110083096,0.10717101,6.6067033,-6.7068605,7.363944,3.0478075,-36.412292,-6.705472,7.36729,2.887777,-36.304592,-6.7635264,7.459435,2.9631333,-36.679043,0.11008308,0.8410713,9.3204565,4.3699984e-06,0.10717102,0.8386487,9.501374,4.8135576e-09,-0.03524687,0.86252755,1.0,-1.0,-0.08175079355681561,0.03883535273537287,-0.017642926085434666,-0.24526075461485625,-8.17507935568156,3.176845753885868,-4.357537487311619,-13.550599187105572,0.04564367,0.48731765,1.0,-1.0,10,-0.07279631349967557,0.04107918166727547,-0.006212753994772281,-0.22399515248821034,-7.279631349967557,2.3111690677127292,-4.050137380397389,-10.42071336000643,0.009066002902205163,0.5595547724844534,1.0,-1.0,0.06404612622545183,0.023247965569308283,0.15434554688612276,0.028375433515709345,0.06579183290126053,0.021712566611726596,0.104789655280814,0.044174823725415896,0.058151291820853074,0.03612860413603822,0.20448538673443836,0.014659250122262803,0.05184676044094084,0.028326174515866307,0.10293788929129546,0.014660147546297164,0.07150949827864854,0.00896370014467173,0.10925071274499103,0.056647363238523187,0.07338695757552371,0.007775210491697252,0.08876648656245799,0.06679934121394526,0.013636363636363636,0.11597591656520975,1.0,0.0,0.0,0.0,0.0,0.0,-8.17507935568156,260004,69000,690,8.344125264062313,1.456740979978349,1.443006831483217,11.24387307552388,750.7689592604875,68
0.046815403,0.036237843,6.3511286,-6.393053,6.3772907,2.5601501,-29.103645,-6.3854494,6.38571,2.7167478,-29.486012,-6.3754416,6.3772073,2.8186424,-29.274643,0.046815403,0.0947285,0.72425425,7.191971e-07,0.036237843,0.07476216,0.5842512,1.7249499e-07,0.2765336,0.83187085,1.0,-1.0,-0.0712124139950131,0.04256675376089471,-0.011650185677172608,-0.2582300259516013,-7.121241399501309,3.58648373095238,-1.936241034545436,-14.877741519499716,0.04386637,0.4811181,1.0,-1.0,10,-0.10511021159818518,0.035619936356873466,-0.04599762431169931,-0.2503910397198275,-10.511021159818517,2.28246940141111,-6.735891413390517,-14.513561260193063,0.0042255511516771345,0.6229736152100008,1.0,-1.0,0.06522226537581197,0.0268943296135066,0.15381936831390414,0.030047339668950766,0.0663942732056942,0.02404846617610006,0.13036563539330678,0.03743898485108171,0.04190074816416459,0.0341435035495167,0.20919725625309607,0.00679146295577251,0.03562311408730105,0.025270673587287375,0.07787214993475967,0.008368751106286307,0.07449672416401432,0.013242358766855996,0.1106489572771787,0.05668502718475156,0.07613740463362327,0.011971493770050546,0.10951906720046373,0.06602101671351644,0.17454545454545456,0.37957784292945135,1.0,0.0,0.18181818181818182,0.38569460791993493,1.0,0.0,-7.121241399501309,264004,70000,700,8.21921208302956,1.3690329230157658,1.4434282199072186,11.031673225952545,761.8203159294499,69
0.051046923,0.043221705,7.373687,-7.4803963,7.6175804,2.1585152,-32.484642,-7.474988,7.5969076,1.9836289,-32.303925,-7.5723057,7.632298,2.0044992,-32.577988,0.051046923,0.14345008,1.1000764,1.0785889e-06,0.043221705,0.10919348,0.9116242,1.1836625e-05,0.10455924,0.8550052,1.0,-1.0,-0.07873469930841401,0.03362407430238719,-0.011433277801464076,-0.22157354061894224,-7.873469930841399,2.8178926037353755,-3.028884535882866,-12.204555866960366,0.05461806,0.6064788,1.0,-0.9999998,10,-0.08832480166543343,0.04293450933785334,-0.008967721363284028,-0.22672856607150135,-8.832480166543341,3.53998072700802,-3.5544119472286275,-12.780007645395326,0.10661785841131334,0.5577716905770796,1.0,-1.0,0.05824322658591626,0.018693539913760635,0.1409259002500201,0.028877676577376925,0.0589341670174236,0.015625304501916775,0.09528813144373556,0.03686895420424778,0.05947982073647848,0.03454753538632217,0.18736074278212594,0.006567444406294294,0.05478944346444243,0.029141677088004324,0.11060959025845503,0.010190034638409456,0.0752561507768855,0.011948238543292715,0.10672689371566443,0.05646591726928405,0.08058274054180212,0.011282411438809009,0.1038863048023287,0.06385210988434538,0.09,0.2861817604250837,1.0,0.0,0.09090909090909091,0.2874797872880344,1.0,0.0,-7.873469930841399,268004,71000,710,8.421667746530147,1.3893262239871547,1.429084489471279,11.240078459988581,773.04636240541,70
0.06916027,0.06469715,6.5833416,-6.6954327,6.534479,2.8488026,-26.69256,-6.741904,6.551806,2.75812,-26.80046,-6.7513347,6.571348,2.960451,-26.980312,0.06916027,0.360876,3.9331884,4.2980287e-06,0.064697154,0.39179298,4.3637404,2.9653256e-07,0.19674182,0.837436,1.0,-1.0,-0.07915367005104212,0.03612039642343949,-0.02327480174798064,-0.21613992044079117,-7.915367005104215,3.1471810481742373,-2.787262699984849,-13.44345883628068,0.06797996,0.53418434,1.0,-1.0,10,-0.07326750194380979,0.038456230459178425,-0.02072573798881466,-0.23117720739709058,-7.32675019438098,1.899283487720293,-4.828793260985709,-10.354682434336738,0.014795815764158306,0.48422761781468476,1.0,-1.0,0.06507998853757,0.024637836623941978,0.15161055814756697,0.028280808555365994,0.06357513274181263,0.022765276555789648,0.11066674018753198,0.03458880304801472,0.05342565611251189,0.029969598124111853,0.19046988115161814,0.020000996586309567,0.04660719456212852,0.02322847238570623,0.09973361667958575,0.020000996586309567,0.0788412629411842,0.022561901901506875,0.15499051692323218,0.05647627529070353,0.0763493922511873,0.019387324876526005,0.13018679814653286,0.06346672258048124,0.08454545454545455,0.2782040989294677,1.0,0.0,0.09090909090909091,0.28747978728803447,1.0,0.0,-7.915367005104215,272004,72000,720,8.689393731183372,1.3747260370000731,1.4508332244877238,11.51495299267117,784.6335586870846,71
0.041080654,0.041665733,7.253349,-7.3297825,7.353495,2.2782145,-31.581894,-7.2870536,7.3200603,2.2762897,-31.482685,-7.245596,7.3730283,2.3902571,-31.50086,0.041080654,0.11757544,0.87250656,1.6350532e-07,0.041665733,0.15665957,1.3030804,2.0911124e-05,-0.1461252,0.7956777,1.0,-1.0,-0.09315919229342098,0.04496073327244885,-0.0286832038308185,-0.23307848129621114,-9.315919229342098,3.9707350181058745,-3.4620371477911647,-16.285045823139935,0.067605674,0.57165825,1.0,-1.0,10,-0.08711741498917927,0.03486031502225201,-0.017868726269410398,-0.19521431331925426,-8.711741498917927,2.310591778064227,-5.846803869946869,-12.451756943935345,0.06935566620169133,0.5517727710517212,1.0,-1.0,0.07476289904872738,0.029924544196358312,0.15515409701697105,0.028780668448050613,0.0811568583827686,0.03204695486321959,0.14347057536635166,0.0459490167737125,0.06280563249880604,0.037330054886686385,0.19120262826824905,0.010818846056053204,0.05474488471614208,0.02811086737872869,0.10216505595676077,0.010818846056053204,0.07155394152885887,0.01021148675104433,0.11340414139774824,0.05644342410970679,0.07248720772325096,0.007074129385581276,0.08714260401261617,0.06349708612952654,0.08272727272727273,0.2754695465462202,1.0,0.0,0.09090909090909091,0.2874797872880344,1.0,0.0,-9.315919229342098,276004,73000,730,8.31412273607566,1.4471434000006411,1.4205979268008377,11.181864062877139,795.7827496709651,72
0.026238777,0.016519796,6.632884,-6.6809416,7.4192834,1.9406419,-39.16568,-6.68297,7.4075856,1.9393694,-39.07055,-6.653475,7.414294,1.8686348,-39.206844,0.026238777,0.074155726,0.7375574,1.7858817e-07,0.016519796,0.048521124,0.5252996,3.529658e-08,0.01605421,0.8590884,1.0,-1.0,-0.10283696634873969,0.052119331731203616,-0.017028048151812598,-0.2393637838631897,-10.28369663487397,4.8294066458115,-2.1167540607952504,-19.42482807282563,0.0651678,0.56174165,1.0,-1.0,10,-0.07673015947132447,0.0409264504880789,-0.01921878776811947,-0.21072451312180454,-7.673015947132448,3.1424219094501433,-3.9305604302261097,-15.369166653198526,0.06835805552262145,0.5276317219029059,1.0,-1.0,0.07245890022990396,0.026985297964090587,0.15112853218012895,0.028229271824447115,0.07483337237366994,0.025139280035805418,0.12515556239307213,0.0385645933718359,0.07706835718853366,0.04994877569468042,0.20738246272355373,0.013784448577189582,0.06891296675850594,0.04342498628531965,0.17669433280834912,0.013784448577189582,0.07206702986599607,0.012883274772444808,0.1147045619363683,0.056955026723935355,0.07660902850792774,0.014642787377681625,0.10904669669450764,0.06285849239289934,0.08636363636363636,0.2809002646450977,1.0,0.0,0.09090909090909091,0.28747978728803447,1.0,0.0,-10.28369663487397,280004,74000,740,8.645838885451667,1.4148622290231287,1.4258980494050775,11.486599163879873,807.2163845898758,73
0.032492727,0.039993122,7.1256065,-7.2347956,7.718409,1.951875,-29.065184,-7.227117,7.720764,1.8474926,-29.195072,-7.2125044,7.7235966,2.1499004,-28.991938,0.032492727,0.13679115,1.4831277,8.95001e-07,0.039993126,0.10777826,0.88094056,1.7949611e-07,-0.011161558,0.8386991,1.0,-1.0,-0.08506153131677055,0.03555421452210175,-0.022496476346173716,-0.23258309741240213,-8.506153131677053,2.6806056411974417,-5.07498381363643,-12.514206590659382,0.054423533,0.47819933,1.0,-1.0,10,-0.07040990745508144,0.04111888865161491,-0.012986960696247132,-0.2733961394765415,-7.040990745508144,2.4233864915224044,-3.746349477087646,-11.796741358616678,0.10405591569974029,0.5220993078067201,1.0,-1.0,0.06403530860590213,0.01824189870974889,0.12581579987901112,0.029090689119887405,0.06669145564842319,0.016439353169735004,0.08677993777391645,0.04606644972281049,0.06171245268174051,0.03625984241526358,0.19756115651775696,0.02033849941601256,0.051043992284930166,0.022196993201098487,0.09133805697782037,0.02097076567545203,0.07722593827665786,0.02175098406003868,0.13076204366607913,0.057021237912442936,0.08182274482409214,0.022614600644872928,0.12691237672625014,0.06252160159714212,0.01090909090909091,0.1038753225969869,1.0,0.0,0.0,0.0,0.0,0.0,-8.506153131677053,284004,75000,750,8.206383737298893,1.3622228339954745,1.4264309500576928,10.99503752135206,818.2872598102258,74
0.027711501,0.035997182,6.660466,-6.736726,6.5224185,1.5542445,-29.653868,-6.6962166,6.4946995,1.5402501,-29.43886,-6.6868944,6.4702888,1.6667656,-29.391127,0.027711503,0.059960686,0.5097126,5.658208e-07,0.035997182,0.09131272,0.63103384,2.8559964e-07,0.09983231,0.84148633,1.0,-1.0,-0.08796435097002052,0.039375880585232344,-0.03842268213085492,-0.22710062664984795,-8.79643509700205,3.1707146362962817,-5.20403679412668,-16.877222083971176,0.04390167,0.47734034,1.0,-1.0,10,-0.08770181583599705,0.0436081744804038,-0.014654149890498255,-0.22286061970191437,-8.770181583599705,3.3547693666880414,-3.845893422077841,-14.126014238681764,0.04111264796986839,0.5594790120681318,1.0,-1.0,0.056134621586837595,0.01830468323451731,0.149149906587187,0.029311570870291005,0.054855820594827964,0.011583488215036295,0.0799184197340481,0.04064758938461552,0.0728572744394308,0.040489411577484674,0.2009879619617172,0.023833243430704382,0.06584659668827157,0.03585846132766947,0.16258247185753869,0.02383423057094051,0.07683759659894408,0.015396766767347666,0.11665136203793976,0.05694317438499271,0.07902345047716897,0.01388732629323991,0.11665136203793976,0.061592534953829964,0.0,0.0,0.0,0.0,0.0,0.0,0.0,0.0,-8.79643509700205,288004,76000,760,8.311617684055818,1.4379735279944725,1.4253921295749024,11.174983341625193,829.4240299449011,75
0.036491744,0.042224687,6.6975536,-6.7820683,6.8064785,1.5577985,-27.557035,-6.8056183,6.8195114,1.5662407,-27.566244,-6.7485065,6.8274126,1.6451576,-27.553415,0.03649174,0.1221008,1.0207078,3.8900544e-07,0.042224687,0.13331108,1.1571527,5.6900276e-06,-0.059519365,0.8019021,1.0,-1.0,-0.09685658966973162,0.042380298318010934,-0.04251415551575725,-0.23767581500453705,-9.685658966973163,3.389988782309467,-5.746569427700003,-15.22341844446993,0.03769087,0.54720944,1.0,-1.0,10,-0.09842515433437976,0.04011552721337597,-0.006890017345724763,-0.22108042082423754,-9.842515433437972,3.100253341216649,-3.2754285750142644,-14.794365659683777,0.020118571429907535,0.5730383470659518,1.0,-1.0,0.070576949663824,0.023343210888203465,0.1533511963789801,0.02768557943137971,0.07069700570294081,0.01967009601200147,0.10107623506337342,0.04616772265763796,0.07146396089698964,0.039642786506872515,0.218287290760592,0.024805380308604602,0.06061819009750825,0.02641196780740191,0.10776753611231892,0.024806919308034883,0.07289629624868002,0.011926352461144072,0.12373868807051688,0.056838675385682325,0.07651227072590382,0.009803052753920138,0.09512633568540288,0.06339014587907449,0.0,0.0,0.0,0.0,0.0,0.0,0.0,0.0,-9.685658966973163,292004,77000,770,8.229839467880083,1.399669881007867,1.4376277998671867,11.067137148755137,840.5368733026844,76
0.043564204,0.053846404,6.663618,-6.7551575,7.0543,1.1693566,-31.227797,-6.772971,7.069721,1.1929737,-31.363281,-6.7381983,7.0706115,1.205417,-31.318127,0.0435642,0.1587974,1.529821,4.385962e-06,0.053846404,0.19650511,1.5608482,3.0875583e-06,0.0046612173,0.84832215,1.0,-1.0,-0.07013120908054293,0.038383976251928784,-0.017419833777033013,-0.23362249153207224,-7.013120908054293,2.927829599583029,-2.703106684218815,-12.975008216996269,0.04277715,0.3752901,1.0,-1.0,10,-0.08855612515374232,0.04454817389569437,-0.008256474980513602,-0.22359281344647933,-8.855612515374233,3.6007980134276676,-4.020705270336269,-14.074640375957602,0.0509390672318439,0.5654009080457302,1.0,-1.0,0.05526365427290628,0.02257825562726161,0.13518262377132922,0.0295572461722697,0.05749147088194622,0.020016254308043626,0.10885629657256113,0.037624093986365535,0.05404502731333784,0.03224890767438621,0.19424399790234265,0.015327255030585707,0.046722765336592656,0.021787094197510955,0.0820813031414846,0.015327255030585707,0.06937835671995427,0.009031695030018414,0.10925186023797018,0.05749264154433043,0.07138462708446003,0.005646505571958198,0.08427365252591326,0.06624470013189591,0.16454545454545455,0.3707698045066296,1.0,0.0,0.18181818181818182,0.385694607919935,1.0,0.0,-7.013120908054293,296004,78000,780,8.25137927616015,1.445480085996678,1.3830025737697724,11.079861935926601,851.5451756006223,77
0.062481835,0.064287476,6.3052864,-6.479974,6.6455026,1.3207508,-30.801695,-6.487818,6.643848,1.3245894,-30.834625,-6.453717,6.6340513,1.1219058,-30.700562,0.06248183,0.22097574,1.7385467,4.169989e-06,0.064287476,0.22463894,1.6548871,4.539833e-05,-0.085727036,0.8423985,1.0,-1.0,-0.0895801737816076,0.0509554911596203,-0.018920037808807133,-0.24005873240702438,-8.95801737816076,4.304406334908234,-2.754989073295815,-15.379810205760162,0.059577692,0.59500825,1.0,-1.0,10,-0.0755588557116925,0.04214056442613355,-0.00810469024102689,-0.22773893945184573,-7.5558855711692505,2.681533931125162,-4.008568439233508,-13.269389821708844,0.04761835351804756,0.4833178503541314,1.0,-1.0,0.07141393157784341,0.028473670659924188,0.14955121006132363,0.030568087705324584,0.07414380264806932,0.02694238511597714,0.13465719911727975,0.03896915619404611,0.06274579477961158,0.044408650362424515,0.21107402033461378,0.017156327814402888,0.051814905077299474,0.030036298876807484,0.10092890654382113,0.017156327814402888,0.08290855756605514,0.023712471262250713,0.14512559640510117,0.05668324172082661,0.08932356315833913,0.02560188022022266,0.12980574682508947,0.06362956906473587,0.16,0.36660605559646714,1.0,0.0,0.18181818181818182,0.38569460791993493,1.0,0.0,-8.95801737816076,300004,79000,790,8.493305063457228,1.3740191260003485,1.4452918861643411,11.312616075621918,862.8650721082522,78
0.048680246,0.057049412,6.388891,-6.5520735,6.406878,1.5273477,-32.094784,-6.557619,6.388321,1.4964037,-31.980614,-6.5084577,6.396446,1.5205073,-32.202595,0.048680246,0.11974945,1.1385713,1.8747309e-06,0.05704941,0.15159343,1.3751132,8.8324705e-06,0.07727842,0.88588125,1.0,-1.0,-0.09109016636973859,0.04527755828298086,-0.0073371032254291885,-0.20315204687549024,-9.109016636973859,3.9381878819561473,-3.691750334270715,-16.96219702023238,0.05444071,0.4934719,1.0,-1.0,10,-0.0701357536305568,0.03488835441023232,-0.007550857819545096,-0.2308553041376564,-7.013575363055679,2.0171764712893987,-4.433313010561325,-10.95781950902781,0.036377355650709084,0.5437317862336174,1.0,-1.0,0.07903640359721326,0.03007935655660653,0.14925771628201934,0.028793503991297733,0.08454210854776024,0.02895644769390942,0.148258672304151,0.05142298521599395,0.05373703045405099,0.038489659096475115,0.18695137471404602,0.00785029411086887,0.04418090716900497,0.02746579923754194,0.09306349837851449,0.00785029411086887,0.08129057327394833,0.02175080309855939,0.16387728050834985,0.05690374181228681,0.08884891717554334,0.028811720527633467,0.16387728050834985,0.06335912800565993,0.09636363636363636,0.2950892847095828,1.0,0.0,0.09090909090909091,0.2874797872880344,1.0,0.0,-9.109016636973859,304004,80000,800,8.292028544878121,1.3814953189867083,1.4208744847564958,11.094398348621326,873.9428201019182,79
0.04698175,0.046935715,6.6165724,-6.8003755,6.8941827,1.3633298,-29.110266,-6.7575684,6.8271446,1.2191402,-29.083136,-6.7900057,6.851471,0.9169354,-29.285786,0.046981744,0.14622551,1.5501933,1.2286425e-06,0.046935715,0.17132269,1.8184915,1.3266435e-06,0.07343161,0.8391741,1.0,-1.0,-0.0818353579534524,0.04604587350839083,-0.012707470298161353,-0.236821921323182,-8.183535795345238,3.920424777346038,-2.825823672389797,-15.70150669949577,0.12564863,0.5497631,1.0,-1.0,10,-0.08410398791402944,0.04152458755388334,-0.013900228031669973,-0.23924708062016745,-8.410398791402944,2.9496404737533393,-5.098061252699995,-14.478166547177153,0.013878466286046533,0.5694841242574858,1.0,-1.0,0.06426292005118084,0.026099197185820808,0.15590069427822045,0.028228074597485244,0.06778791874506217,0.023996876288594413,0.11622352011831373,0.03626205658097827,0.05768153872349051,0.04364714422984383,0.21614210460491565,0.011175778472228804,0.04924053022288243,0.03546816580095341,0.12788446277056817,0.012302787534307738,0.08812233028990385,0.025631385157696557,0.14577050232675393,0.05694100938378388,0.09347900462997255,0.02473718723158288,0.14321964105963758,0.06829426124269665,0.10272727272727272,0.303602338866632,1.0,0.0,0.09090909090909091,0.2874797872880344,1.0,0.0,-8.183535795345238,308004,81000,810,8.24008449394023,1.3649395120155532,1.4194282380922232,11.024452244048007,884.9625292808632,80
0.027159218,0.030008318,6.5623016,-6.6654987,7.2722745,1.7226919,-41.19424,-6.6595364,7.2722554,1.5518194,-41.208908,-6.6360426,7.292051,1.6751629,-41.11734,0.027159218,0.046453495,0.2879026,2.761235e-07,0.030008318,0.05610407,0.33118737,7.731469e-07,0.11532574,0.88795173,1.0,-1.0,-0.10671402518688486,0.04548707971449714,-0.027707633134652913,-0.252716855242185,-10.671402518688486,4.037621036892769,-3.323330209804692,-15.284337991188321,0.069768585,0.7205388,1.0,-1.0,10,-0.08281342140688096,0.044970103957748656,-0.00764512888527581,-0.24406045253017128,-8.281342140688098,3.163200998192031,-3.6463815324856936,-16.200109537934907,0.07958471947424406,0.5773553746107224,1.0,-1.0,0.07861512693051532,0.027295561529784896,0.1593058218707276,0.028653444197613433,0.08576278799077883,0.02527936258008007,0.1364827239700487,0.0426222963543366,0.07636836448782668,0.042455889923897344,0.21998207351316826,0.019490160285666833,0.06728753957091411,0.03192364770621966,0.10928009563501719,0.019490160285666833,0.07108155486268022,0.011168222665153875,0.11004120595297832,0.05647904616010296,0.07296575605609222,0.009945837007312807,0.1001194312206161,0.06246652762609958,0.05909090909090909,0.23579476998805338,1.0,0.0,0.0,0.0,0.0,0.0,-10.671402518688486,312004,82000,820,8.307627421745565,1.3602420710085426,1.3754926492110826,11.04336214196519,896.0451437928423,81
0.0410002,0.06878625,5.7888217,-5.8886843,5.7962813,2.145023,-35.18052,-5.9190226,5.788038,2.1347308,-35.05406,-5.893594,5.8377833,2.1588407,-35.130207,0.041000202,0.1122615,0.85937506,6.4518196e-07,0.06878625,0.3772836,4.190816,2.9019147e-06,-0.18023041,0.798054,1.0,-1.0,-0.07275255412780007,0.04520424487568046,-0.012003376619449953,-0.2225559850203665,-7.275255412780006,4.052979463600474,-3.144465908663463,-16.35001700772805,-0.008092374,0.48523188,1.0,-1.0,10,-0.07355468162358333,0.04921055304843836,-0.007764629321501719,-0.23377567422824483,-7.355468162358332,4.0927111105815825,-3.6592084836938725,-14.888177891658112,-0.004617608720272706,0.5098723419045333,1.0,-1.0,0.06870746403959689,0.0332717750081169,0.15734944998969957,0.030702983601003004,0.07162700731818034,0.03284257684655148,0.1514795624787221,0.039786130078662565,0.04009616204556762,0.03167645475005437,0.190104671548341,0.009306035362852115,0.03407424325214709,0.020898442792047306,0.07780801617348139,0.009306618814905309,0.0716583932379398,0.010173222339350257,0.106727560267863,0.05688164943381113,0.07409578260651112,0.008366081961258562,0.0916176711615866,0.06352018278242566,0.17454545454545456,0.3795778429294513,1.0,0.0,0.18181818181818182,0.38569460791993493,1.0,0.0,-7.275255412780006,316004,83000,830,8.532814146979945,1.3999697510153055,1.4272265656327363,11.360010463627987,907.4018931603932,82
0.04205079,0.039444946,6.3263226,-6.486943,6.7423987,2.153831,-32.902645,-6.439389,6.7354603,2.2286103,-32.925022,-6.4660635,6.760005,2.2376382,-32.889324,0.042050786,0.13205181,1.1527907,4.305625e-09,0.03944495,0.19951099,2.220736,5.4191264e-07,0.059298996,0.8744165,1.0,-1.0,-0.07607419914697984,0.05085754754527081,-0.012639977087006506,-0.23037741230008313,-7.607419914697982,4.303008982784579,-2.6804739178636385,-16.03990199403299,0.066825144,0.36337575,1.0,-1.0,10,-0.08748022924736946,0.041080052060049714,-0.012395215840483241,-0.23638440774013092,-8.748022924736945,2.6038963894520237,-4.3211847978409015,-12.894364188816379,0.05285140489430486,0.5674438353327046,1.0,-1.0,0.06175558172168673,0.0329005212068795,0.14489096101999865,0.03007379516862701,0.061172794247740685,0.029554420582118126,0.13321560773741523,0.0371781092628495,0.05645476280589521,0.03830104674885012,0.19319020021609293,0.010123787319162605,0.04881613824627648,0.029571441133163182,0.09194924909498714,0.010123787319162605,0.08025389837142385,0.01808213651797153,0.11645729198016021,0.05729507515384156,0.08380027594453046,0.016944706635987718,0.11636019438719897,0.0641176655138694,0.14909090909090908,0.35617805928686197,1.0,0.0,0.09090909090909091,0.2874797872880344,1.0,0.0,-7.607419914697982,320004,84000,840,8.368983386695618,1.3968467229860835,1.4242466718424112,11.190076781524112,918.5332577949448,83
0.13181013,0.11224762,7.071823,-7.1535807,8.141038,2.3032398,-41.538456,-7.124115,8.149794,2.4512584,-41.561687,-7.176223,8.186346,2.2617223,-41.78443,0.13181013,0.9595969,10.894943,3.0618486e-07,0.11224763,0.8100465,9.199627,1.3621657e-06,0.17221698,0.8522724,1.0,-1.0,-0.06663758674341419,0.037985966182047914,-0.01675267439867382,-0.22061461117016418,-6.66375867434142,2.964955388610113,-2.76152926867712,-13.68084123117757,0.03345107,0.451631,1.0,-1.0,10,-0.07207063458884744,0.03264037732009008,-0.010435010009963438,-0.22394714511202957,-7.207063458884744,1.1928020063652087,-5.427267810171741,-9.333097735333968,0.02114597663401272,0.5578228936567714,1.0,-1.0,0.05812514241376995,0.022620975078806106,0.14658831149797077,0.02920275309625905,0.056779619620597944,0.01734576400613348,0.08658063337443508,0.038469581423675646,0.04436509658169336,0.03319780808705516,0.17441572347406428,0.0075171487803606775,0.03834475113456885,0.025846680090566027,0.10892600513896396,0.016101261413125147,0.0783108218805304,0.022378722097210493,0.14194534687989033,0.057012444680506834,0.081407474819816,0.02254161513205799,0.13993030364956507,0.06563035105328871,0.1572727272727273,0.3640577104374053,1.0,0.0,0.09090909090909091,0.2874797872880344,1.0,0.0,-6.66375867434142,324004,85000,850,8.4092126537289,1.337991458014585,1.4484660237794742,11.19567013552296,929.7888705894584,84
0.045444205,0.025479253,7.362809,-7.468027,8.174528,0.8533467,-37.697933,-7.4603176,8.167091,0.8175163,-37.66085,-7.50941,8.195409,0.85020584,-37.74277,0.04544421,0.15747173,1.4488169,9.400742e-08,0.025479253,0.0979109,1.0789573,1.9005098e-07,0.021074854,0.85104525,1.0,-1.0,-0.06663398173985816,0.03263019622371918,-0.021083373007288346,-0.21225740420062544,-6.663398173985818,2.6563218112306757,-2.7062447415900888,-11.375558951921333,0.02891075,0.531845,1.0,-1.0,10,-0.08541607399418269,0.05510792665034246,-0.007687025470400228,-0.23439191398469933,-8.54160739941827,4.656920447061096,-2.9975225627001207,-15.443409299484678,0.07215362133441827,0.5514907364643731,1.0,-1.0,0.05473795456216435,0.02015395257301569,0.14840079126320468,0.028425853604346563,0.05497402359376697,0.018182951245026516,0.10949710168182143,0.03745091466343325,0.04723412481452676,0.029666725598234526,0.18749349963437378,0.009143612957202972,0.04199119810226821,0.02238553165028552,0.09436292704085561,0.009143612957202972,0.07375461544215366,0.014349781602335056,0.12023987592724242,0.056211785468314734,0.07619187984549954,0.01396668671324925,0.10545246284472766,0.06284245049800984,0.17,0.375632799419859,1.0,0.0,0.18181818181818182,0.385694607919935,1.0,0.0,-6.663398173985818,328004,86000,860,8.530741914524697,1.3998658169875853,1.410351280530449,11.340959012042731,941.142255576473,85
0.071114175,0.029456137,6.808139,-6.863581,6.8729444,2.675618,-31.879057,-6.8674254,6.8443174,2.588154,-31.597836,-6.880085,6.8332667,2.6757243,-31.63458,0.071114175,0.3256005,3.57381,1.13070655e-08,0.029456139,0.053522207,0.37030765,2.4309793e-07,-0.09547951,0.86395544,1.0,-1.0,-0.08345729239280483,0.04898777024539014,-0.025556190477852105,-0.25079293517577594,-8.345729239280484,4.067126521196265,-3.8287977460294838,-15.788878491026862,-0.06446766,0.49471766,1.0,-1.0,10,-0.07166854256691672,0.033134374797351825,-0.02142388291185665,-0.22187541401678426,-7.166854256691673,1.952225807895591,-5.1460586761373355,-10.993008273234679,0.02550336890623291,0.5820184166654283,1.0,-1.0,0.06873252381137511,0.038049035851748784,0.15670501399909667,0.028623324030771866,0.07046497304429218,0.037320487969506176,0.15670501399909667,0.03605092721038476,0.053487075905767366,0.037454300733894934,0.19806355397325584,0.019424214774658576,0.04397997326121437,0.0230244167110704,0.10187077897484034,0.01943531105425049,0.07836574129770009,0.030344714497940857,0.18600625898083456,0.05651617579164472,0.08122016210380625,0.033756691099768595,0.1841352235752414,0.06007225888659949,0.06454545454545454,0.2457220764257359,1.0,0.0,0.0,0.0,0.0,0.0,-8.345729239280484,332004,87000,870,8.257243548025144,1.4104913379997015,1.4242935029615182,11.092028388986364,952.2332921054622,86
0.018353136,0.018995965,7.4177,-7.4268613,7.398377,2.3371177,-28.267942,-7.4561105,7.4212623,2.3564885,-28.276947,-7.4702783,7.4119277,2.351609,-28.337933,0.018353138,0.031974427,0.19063848,7.1304385e-08,0.018995965,0.04342889,0.4072491,2.914112e-08,-0.037191827,0.86672354,1.0,-1.0,-0.0801218127628361,0.04426400185250498,-0.028965981502272396,-0.25396431952339277,-8.012181276283611,3.804067353438366,-3.236321299930666,-15.380037678059661,0.035426803,0.49035606,1.0,-1.0,10,-0.0707058263994984,0.03405911573171454,-0.020283532729376483,-0.2132444537317666,-7.070582639949841,1.9790580306152696,-4.359633174727949,-11.495001003681955,0.010269498248310048,0.5413816459965527,1.0,-1.0,0.06819359504328343,0.02751587118949038,0.15043192480964426,0.03050969895960873,0.07006680512655104,0.02706643861591847,0.13746055260492882,0.04055790824947919,0.050869859187932034,0.03801634707730343,0.20970168755590393,0.014592564859071332,0.042085609563155636,0.02453347773572628,0.10323325365223221,0.014592564859071332,0.07049614116755007,0.009947907956391352,0.10673238446856684,0.05665928756932076,0.07372579555620568,0.00915631134968302,0.09074144967089502,0.060243797439265286,0.035454545454545454,0.18492571660306478,1.0,0.0,0.0,0.0,0.0,0.0,-8.012181276283611,336004,88000,880,8.280428408645093,1.4110414080205373,1.4352869610593189,11.12675677772495,963.3726941292116,87
0.15996313,0.15440883,6.8075047,-6.9603786,7.3320146,1.237539,-28.962858,-6.9306827,7.276823,1.2538073,-29.012445,-6.9848566,7.2889924,1.1536539,-29.136759,0.15996313,0.9466436,8.646584,8.830699e-06,0.15440884,1.1476235,12.911441,1.11349445e-05,-0.044722326,0.8608969,1.0,-1.0,-0.06633325493640747,0.038009221361517534,-0.02080867654114049,-0.2191402816678638,-6.633325493640746,2.840571597107112,-3.2574267267691797,-12.151951013631795,0.060178943,0.5047452,1.0,-1.0,10,-0.09141023186326526,0.04176300753211093,-0.0040967599106908476,-0.2360095639147232,-9.141023186326526,3.363633402120591,-3.4653310715519305,-14.457228448561533,0.01190841961405402,0.5473419746603676,1.0,-1.0,0.05955589593080072,0.023834807115078557,0.1535975446680639,0.029174351524957065,0.05956930333920472,0.019001244979856235,0.09921578748340171,0.04065483823909397,0.042764073547333845,0.030941912647833632,0.19350081978964,0.016984133409652078,0.03410582936718971,0.017524692665433717,0.07343014084159374,0.016984133409652078,0.08506314517165779,0.0222666594354527,0.15090248053178623,0.0567542975817253,0.08942704411183588,0.022866078955655924,0.14645185748073278,0.06256152280663937,0.16,0.36660605559646714,1.0,0.0,0.09090909090909091,0.28747978728803447,1.0,0.0,-6.633325493640746,340004,89000,890,8.201809340796899,1.4223207439936232,1.4111370050231926,11.035267089813715,974.3978885509714,88
0.025958432,0.026133485,6.23549,-6.280178,6.265762,2.4857366,-30.328045,-6.29725,6.263913,2.5261333,-30.303707,-6.2940674,6.286556,2.5183554,-30.336767,0.025958432,0.084450394,0.82199967,4.046763e-06,0.026133485,0.07750396,0.7134099,1.0623085e-06,-0.027692646,0.8506339,1.0,-1.0,-0.09360463104816127,0.036044071320024726,-0.028922321207037523,-0.24708307151873515,-9.360463104816127,2.4867136644368255,-5.726522358004509,-12.870884310024154,0.0003330439,0.64186627,1.0,-1.0,10,-0.06793563047683895,0.03715833193156877,-0.008123792372533217,-0.21321127558423023,-6.793563047683895,1.6915870792888295,-3.414973842418177,-9.719240416020401,0.022430223662474547,0.48841594495936497,1.0,-1.0,0.08250188520053038,0.027108871546236823,0.15198070428753563,0.02975964621090348,0.0850087033353685,0.028666636988936907,0.12875974957503203,0.04529786379247575,0.04887102082456749,0.03518494605859201,0.2075928066732246,0.009738083854897375,0.03890509596912279,0.019288557409401382,0.08802103620855486,0.009738083854897375,0.1008284493608603,0.04592072423702632,0.21188401286722366,0.05647881804042346,0.1036251849466776,0.04867664650261131,0.21188401286722366,0.06268993713816072,0.0009090909090909091,0.03013742628045596,1.0,0.0,0.0,0.0,0.0,0.0,-9.360463104816127,344004,90000,900,8.420477792533347,1.412328845995944,1.4542940524988808,11.287100691028172,985.6827508260321,89
0.047045786,0.055646,6.11138,-6.26427,7.000996,2.3717368,-31.043598,-6.2592545,6.979729,2.2900786,-31.174858,-6.2502527,7.0208855,2.3170207,-31.48917,0.04704579,0.17022891,1.7890673,1.5607208e-07,0.055645995,0.2568799,2.4011023,1.9404215e-05,0.07864012,0.90216786,1.0,-1.0,-0.06439304348964621,0.03640979401639504,-0.02202004563109507,-0.22455055552949643,-6.439304348964621,2.865797067380796,-3.308999019344616,-12.283942191808856,0.028801933,0.6561857,1.0,-1.0,10,-0.0910631182227504,0.050764656546287694,-0.010051972638878371,-0.25323343586771047,-9.10631182227504,3.554145528771498,-3.49668487224751,-14.02917734190544,0.0521974543542162,0.6049235123400304,1.0,-1.0,0.056086170848245735,0.027179331176151133,0.1472354324902074,0.028584213247055904,0.05529077728045824,0.02037669634223566,0.10110439398966407,0.03683438486046746,0.04447289925118408,0.025735222639623814,0.18553492838389068,0.01578602935725598,0.0389254210284958,0.01592329665422494,0.07443689729215207,0.015787125764054586,0.07281484157624393,0.011044523673903541,0.10859177748261516,0.0564654604032868,0.07499120756951705,0.010221818243429959,0.09447420086218668,0.0612340116802135,0.16545454545454547,0.37159028356911483,1.0,0.0,0.09090909090909091,0.2874797872880344,1.0,0.0,-6.439304348964621,348004,91000,910,8.540375035663601,1.4103416059806477,1.4142876621626783,11.365004303806927,997.0381197808601,90
0.048169967,0.034723114,7.159811,-7.30814,7.436274,2.2883961,-30.287943,-7.239524,7.422377,2.1198356,-30.241873,-7.2452974,7.4025044,2.2112792,-30.1634,0.048169963,0.23135178,2.5009644,9.630103e-07,0.034723114,0.0805496,0.61098653,1.7737077e-06,-0.030084342,0.8861256,1.0,-1.0,-0.055517033058451626,0.038818635338856156,-0.0059459504888936,-0.21091491963217418,-5.551703305845162,3.2868734538526643,-2.0218879023808114,-12.186431159759163,0.042342953,0.47457695,1.0,-1.0,10,-0.0585453054548056,0.03785178830206612,-0.010143088980089436,-0.18426010018495065,-5.854530545480559,2.0965700795180506,-3.496733896704835,-10.049579288107914,0.026833900778985634,0.5068966284809285,1.0,-1.0,0.055086111581114955,0.023518802954371795,0.1426826643678452,0.028681616736002287,0.05467576692828205,0.02084093684369344,0.09309659044295612,0.03557839197954312,0.03295753095719851,0.03156208235570694,0.1771221726139804,0.005170296744232265,0.027231654915662387,0.024324948902534914,0.08215737166225176,0.005170296744232265,0.07227246391137375,0.009488570572895842,0.11148927282372749,0.056369283896314536,0.0750258103073642,0.008029526023642564,0.09445047980017017,0.06320744491109143,0.4818181818181818,0.499669312133138,1.0,0.0,0.5454545454545454,0.49792959773196915,1.0,0.0,-5.551703305845162,352004,92000,920,8.269880805397406,1.4007542630133685,1.4418024724291172,11.112437540839892,1008.1678886477312,91
0.0241164,0.025794052,7.2340097,-7.3177395,7.8558903,1.2670345,-33.884468,-7.2622166,7.828984,1.1209998,-33.77705,-7.2802753,7.8533535,1.1991996,-33.905914,0.0241164,0.049962576,0.32768008,1.2879354e-06,0.025794048,0.048151482,0.2664261,1.8253922e-07,0.08915213,0.82830936,1.0,-1.0,-0.05432431058626032,0.037015991847748696,-0.012306216017968169,-0.20567317707836147,-5.4324310586260305,2.652272720415948,-1.8497088417002499,-11.380892574226682,0.03627981,0.4900817,1.0,-1.0,10,-0.06851495721725877,0.04028041187779628,-0.01192502218995025,-0.22979173434718977,-6.851495721725875,2.1537448106705255,-4.662317236663711,-11.013921312202275,0.03571959917975251,0.5114573968798724,1.0,-1.0,0.051505427684263985,0.023031572972690706,0.15604031211282934,0.027548050561261077,0.05238083659300892,0.01956434262943897,0.08824119201373669,0.03359157476681479,0.036701244430331584,0.02850526637618021,0.19669520273759983,0.008015994059480456,0.029771152982919782,0.017608044125690944,0.06707538493915426,0.008016174150888986,0.08848787753884699,0.031366470446696035,0.17461491840152504,0.05684024151252851,0.09130923087411018,0.03027904999070277,0.16639979468079777,0.06352290182229589,0.31727272727272726,0.46541459345582714,1.0,0.0,0.36363636363636365,0.48104569292083466,1.0,0.0,-5.4324310586260305,356004,93000,930,8.162820428377017,1.418372818006901,1.386434004176408,10.967627250560327,1019.1688439492718,92
0.08046054,0.052024473,6.651513,-6.7264404,6.746328,0.40297598,-29.760406,-6.7566814,6.7848945,0.37677032,-29.70031,-6.7823324,6.7898726,0.32223594,-29.713755,0.080460526,0.46997985,4.2925143,1.8793855e-10,0.052024473,0.23625894,2.191103,3.8190046e-07,-0.03695549,0.8354178,1.0,-1.0,-0.08065981433317745,0.030076192297218023,-0.022854427938576147,-0.21063999834293504,-8.065981433317743,2.437687874753104,-3.292590425663376,-11.918050933600965,0.059972506,0.64714175,1.0,-1.0,10,-0.07888532804962112,0.0416483961455027,-0.015246117931463502,-0.224058162919692,-7.888532804962115,2.638330498758253,-3.3765188843838656,-13.002662545409345,0.020131082098870694,0.5276967182882947,1.0,-1.0,0.06406106180768334,0.018004616663476886,0.1369397487465672,0.027401511267277072,0.06311836274326772,0.018260285428852524,0.09333137298548241,0.04146756546646383,0.05675449470626051,0.028448253217954987,0.18299181360145156,0.0150367481989566,0.0513206125023108,0.022570693702546316,0.08550359764030936,0.015140878200426644,0.08908268832227287,0.042961081989150336,0.2054140102108407,0.056382652627157186,0.09415916140505919,0.045660693257988536,0.2054140102108407,0.06156610250118514,0.08545454545454545,0.27955691033437624,1.0,0.0,0.09090909090909091,0.2874797872880344,1.0,0.0,-8.065981433317743,360004,94000,940,8.235434182191966,1.45195888998569,1.4372717349324375,11.124664807110094,1030.221667337435,93
0.038051575,0.056371413,6.5952353,-6.7665215,7.2783628,0.9030868,-32.235607,-6.7909307,7.286055,0.7164991,-32.46271,-6.704625,7.2565417,0.7704489,-32.252613,0.038051575,0.13957213,1.5184077,7.256818e-07,0.056371413,0.16584894,1.492669,7.139497e-07,-0.12219108,0.80553365,1.0,-1.0,-0.06888813836739377,0.04963393562513163,-0.008871317860921745,-0.22292483343269615,-6.888813836739377,4.3101857872706555,-2.4094785114405655,-16.101946310682706,0.04132304,0.5294951,1.0,-0.9999993,10,-0.09097973678508381,0.049007558860068176,-0.009729759400845554,-0.2507318951848909,-9.097973678508382,3.4651026880673426,-3.758975682852229,-17.150928137448076,0.006150625413851725,0.5891841851972588,1.0,-1.0,0.05879813634347917,0.028004060421993757,0.1496680596575728,0.028491312709555867,0.05865833307430031,0.028515291175200394,0.13774219497157636,0.033733508624864066,0.0487960231726155,0.04035340674649007,0.2013134488661688,0.006506480287760973,0.04289752968723439,0.03526951961128925,0.10624116643674318,0.006506545730022142,0.07384538801037716,0.010129397176952042,0.10856600130498072,0.056307108306154256,0.07700927450226984,0.008619269521181527,0.09653494500238967,0.06587343708984723,0.3209090909090909,0.4668259271730649,1.0,0.0,0.36363636363636365,0.4810456929208346,1.0,0.0,-6.888813836739377,364004,95000,950,8.258011267258553,1.3801151769876014,1.4348818188009318,11.073008263047086,1041.3124922025017,94
0.08118013,0.06037516,7.519329,-7.674641,8.454296,2.1116872,-35.233208,-7.6789923,8.442637,2.1637638,-35.18696,-7.6441746,8.417637,1.9059925,-35.29903,0.08118013,0.44222715,4.9217343,2.4911287e-08,0.060375158,0.2295663,2.4812222,2.0627667e-06,0.0040021166,0.8462127,1.0,-1.0,-0.06155032627579676,0.032581906144710626,-0.021490706643263722,-0.1888591227778019,-6.155032627579673,2.3509166005464133,-2.722284825504491,-10.197494814785358,0.031219643,0.43831488,1.0,-1.0,10,-0.0677162270811144,0.03481819272668689,-0.01975040137805574,-0.20996774621239775,-6.771622708111441,2.2607760349360633,-3.8041357602968144,-12.720612162809543,0.03571818523581477,0.5757125668989208,1.0,-1.0,0.057106688969800985,0.020636085307322614,0.1479116105079351,0.03150103961755994,0.056913429244777373,0.01667384809446735,0.0906090470359314,0.03895391277672961,0.03751852405701301,0.028194486856890636,0.17704580331008493,0.011245261195726046,0.03137375696271687,0.016158495023253675,0.0618444727509177,0.011246216006401128,0.08727650851632118,0.040770017779240754,0.2412672366001271,0.05672696571467565,0.09076403271718404,0.040726025029711656,0.21648053606625575,0.0673731341535614,0.24,0.4270831300812524,1.0,0.0,0.18181818181818182,0.38569460791993493,1.0,0.0,-6.155032627579673,368004,96000,960,8.252887245966122,1.3979400399839506,1.3886540068197064,11.039481292769779,1052.323374214262,95
0.041409012,0.051730223,6.4596033,-6.540085,7.326922,1.7947812,-43.30968,-6.550857,7.325722,1.8782618,-43.187515,-6.4831495,7.2953424,1.8053976,-43.04964,0.041409012,0.07247379,0.40436944,1.2320925e-05,0.051730223,0.099316604,0.7751658,8.557436e-09,0.0864092,0.81529677,1.0,-1.0,-0.0702885969291452,0.03998980603337076,-0.016461937467448333,-0.24483778874111567,-7.02885969291452,3.139905964790385,-3.2426853549165533,-14.451257867313386,0.023842365,0.58125454,1.0,-1.0,10,-0.07578184401761091,0.044971033376024885,-0.008220439391514374,-0.252135511402636,-7.57818440176109,3.0302194058521343,-3.1365945377325115,-14.61813038706084,0.06224319345267596,0.5617596078642348,1.0,-1.0,0.05677970785590666,0.02353672296284212,0.15309106913567386,0.029181665126330247,0.05705665536823527,0.02168572488207219,0.11310170060390327,0.03428659187459201,0.04809045571056401,0.037727715915245236,0.20087229626931313,0.008898521021206375,0.04045814014708811,0.029657653982179788,0.11814450869068352,0.013525648226117104,0.09004508687484065,0.03291023767036281,0.18644638961718377,0.05651693406632506,0.0911406624685159,0.03138108339774105,0.16976307247235323,0.062316843097158944,0.07818181818181819,0.26845748543783116,1.0,0.0,0.09090909090909091,0.2874797872880344,1.0,0.0,-7.02885969291452,372004,97000,970,8.313819189934293,1.3697024770081043,1.388516600127332,11.072038267069729,1063.4479164933437,96
0.12713075,0.08508594,6.8873806,-7.0122256,7.778353,1.0440454,-37.786297,-7.039401,7.775173,1.0826939,-37.705475,-7.10211,7.855874,1.0885699,-37.76514,0.12713075,0.5702853,5.430451,3.1523058e-08,0.08508595,0.34092882,3.2133145,6.8281224e-08,-0.16002148,0.8114197,1.0,-1.0,-0.06613183872332522,0.042007350809129325,-0.017452304933020118,-0.24477769941164162,-6.613183872332522,3.0724980340580745,-2.6312949415727873,-12.975752457753408,-0.005048605,0.3543604,1.0,-1.0,10,-0.07465091788805187,0.044244813957861624,-0.011415723632354435,-0.2299886898212811,-7.465091788805187,3.4797841786159447,-3.510675284002495,-15.827601632689483,0.043338040836264136,0.523061308671685,1.0,-1.0,0.0637234840138985,0.029863704194173467,0.14852155441641543,0.02889655762766162,0.06273764193147084,0.0284232025059484,0.12369024666928725,0.0347242449029678,0.03491442140690472,0.030891387308167116,0.19935561863214618,0.0054189222043262595,0.02591869985798306,0.011766389345401917,0.03991402923533267,0.00717839967443706,0.08004363081234146,0.023132933932246632,0.15361945805872204,0.056932173922652464,0.08420530917740457,0.023882422761534187,0.15284409324971893,0.06470793181355557,0.2381818181818182,0.42597093758779075,1.0,0.0,0.2727272727272727,0.4453617714151233,1.0,0.0,-6.613183872332522,376004,98000,980,8.375745878496673,1.4227842839900404,1.396742464567069,11.195272627053782,1074.6845491563727,97
0.035181314,0.030867834,6.663732,-6.8083515,7.2074566,0.9924792,-28.0051,-6.851065,7.235139,0.90229964,-27.859386,-6.8617673,7.233328,0.8850663,-27.960974,0.03518131,0.10249143,0.8088925,8.1309736e-08,0.03086783,0.08804628,0.73774207,7.78878e-06,-0.031099975,0.83828086,1.0,-1.0,-0.04688317325949106,0.026143921595980717,-0.0069776010582742855,-0.1677509760008418,-4.688317325949107,1.2216846209638839,-2.308350246468052,-7.08012980246611,0.028025389,0.45330647,1.0,-1.0,10,-0.061565458565319656,0.030509401309842595,-0.012005643230948852,-0.24007304236337784,-6.156545856531965,1.6822636850144277,-3.5175399654601693,-8.411058499000221,0.05695755680003427,0.528317841547982,1.0,-1.0,0.04806011342861273,0.01582939217364078,0.14100597040272167,0.028375857399720282,0.04808056921024673,0.009996008656366632,0.0703372492840251,0.03469921032562561,0.02894627813642031,0.021301250665302373,0.10977189336623178,0.005370928177406777,0.023491886487009582,0.012364768606900238,0.045032677615206795,0.006221609899074688,0.08156018225430935,0.013958265881159853,0.10950957929741627,0.056748340039591685,0.08299370660759431,0.013149668747766503,0.10950957929741627,0.06715163409482136,0.2772727272727273,0.44765227798311386,1.0,0.0,0.18181818181818182,0.38569460791993493,1.0,0.0,-4.688317325949107,380004,99000,990,8.176072423841106,1.4635153459967114,1.367595090501709,11.007182860339526,1085.6877461457043,98
0.11689133,0.14233032,6.057731,-6.2392645,7.35285,1.3310431,-40.73921,-6.210867,7.3501425,1.3672869,-40.28967,-6.2213655,7.326677,1.4821194,-40.538086,0.116891325,0.891846,9.814,4.882744e-08,0.14233032,1.1746615,13.222235,5.0440804e-08,-0.06728175,0.84889954,1.0,-1.0,-0.1049458706037744,0.04311110946110682,-0.026734854835958343,-0.22856273036909364,-10.49458706037744,3.9908894721837034,-3.6417733941539683,-16.102006995022712,0.0047563207,0.546777,1.0,-1.0,10,-0.07771632697316212,0.047822864217981875,-0.01032247482015691,-0.22604194359381954,-7.771632697316212,3.6034494346942,-3.229746010903141,-13.72278941913364,-0.02016793695045003,0.5203539772887512,1.0,-1.0,0.07532377791588046,0.03380598718829395,0.15224861269804665,0.02877163816703987,0.07757910069032549,0.032079134216966225,0.1521290521414797,0.04478448955928261,0.07319085564158713,0.0423211577297663,0.19468755130645146,0.013046873681393841,0.06819083965699382,0.03840721621678483,0.13080053626935098,0.013048242457264566,0.07322068072999162,0.012763507094087684,0.12065320005618002,0.05626260212372367,0.0741012197642855,0.009279969811621264,0.09097777629732123,0.06004878950812018,0.06727272727272728,0.2504937273426553,1.0,0.0,0.0,0.0,0.0,0.0,-10.49458706037744,384004,100000,1000,8.289689482189715,1.4596623080142308,1.448034314555116,11.197386104759062,1096.8029007825244,99
0.053619966,0.081669204,5.9413867,-6.0055256,6.4908314,1.3079096,-27.139849,-6.04933,6.4969583,1.357977,-27.104723,-6.001175,6.44933,1.3273873,-27.26985,0.053619962,0.27527243,2.8931653,4.2364832e-07,0.081669204,0.4181806,4.029883,1.16686615e-05,0.034140296,0.81971896,1.0,-1.0,-0.06123279945169163,0.03808685702389419,-0.010436150869304684,-0.20783428168252008,-6.123279945169162,3.3379928602659628,-2.241633071402477,-14.265846429539002,0.017001757,0.6073565,1.0,-1.0,10,-0.07583169826410026,0.03858518549834668,-0.02723413788023542,-0.2295985068318496,-7.583169826410024,2.027682063760558,-4.455426983818712,-12.079809947512922,0.03388480900256115,0.5389505205771611,1.0,-1.0,0.05689499939319541,0.02677560330754931,0.1525463109489268,0.02879368736330314,0.058708391074766435,0.029493222997931227,0.13681808728504632,0.03846715667524597,0.03864589043312967,0.027501760356739482,0.19802788882382816,0.0058667197038910395,0.03390474482445714,0.018991826867523702,0.06665661076395173,0.006733524084634406,0.08201142717146633,0.028205845147012142,0.1750893202438907,0.05652490624526509,0.08163581613942507,0.028240633539121082,0.1668625771615159,0.06245509038818517,0.21818181818181817,0.4130115160582017,1.0,0.0,0.18181818181818182,0.385694607919935,1.0,0.0,-6.123279945169162,388004,101000,1010,8.319970190204913,1.377925480977865,1.4313358836225234,11.129231554805301,1107.9599150833092,100
0.0369151,0.04581736,6.565448,-6.6793766,7.25689,1.3490025,-30.636662,-6.688428,7.2494946,1.303861,-30.839823,-6.7256207,7.2142854,1.2744642,-30.613262,0.0369151,0.123761,1.0252419,1.9553127e-08,0.04581736,0.2317451,2.3940718,6.048506e-07,-0.0018833391,0.806284,1.0,-1.0,-0.07279064863204963,0.043177965889747816,-0.02000640150348528,-0.23140185869946928,-7.279064863204963,3.1791825283213244,-4.010043619660791,-12.484902223233322,0.03022299,0.4405137,1.0,-1.0,10,-0.0670195260509379,0.039358424647972345,-0.009989861906564052,-0.22090322910654803,-6.701952605093791,2.89942432809834,-2.53121683256006,-10.786275304474852,0.025796894678165108,0.5383795705825262,1.0,-1.0,0.06386602884716884,0.028597000833688418,0.15745078035216933,0.029570712424195643,0.06252608624654425,0.02512791645030303,0.11303856119335916,0.041530442512862246,0.04687346049519459,0.033926703459703764,0.1922451175405026,0.01808985413427049,0.03797964500686491,0.021787332758601254,0.09936492660676777,0.018091913380366947,0.08390296252093797,0.018876394476601697,0.13475921236587593,0.05638239608008642,0.08734112217464336,0.018202366245161722,0.12926152279148245,0.0651264188363377,0.10545454545454545,0.30713821692768983,1.0,0.0,0.0,0.0,0.0,0.0,-7.279064863204963,392004,102000,1020,8.307892144774087,1.4059859199915081,1.4351524886733387,11.149030553438934,1124.6264338758192,101
0.037459224,0.040296666,7.1932507,-7.2725744,7.453082,1.2834454,-30.394323,-7.254217,7.413611,1.1178434,-30.22408,-7.2417364,7.396992,1.0994005,-30.331604,0.03745923,0.11870404,1.261967,4.7752105e-06,0.040296663,0.10951666,1.0647279,7.531655e-07,-0.11395372,0.85453635,1.0,-1.0,-0.07117419706153234,0.04156675444679684,-0.017725164004736782,-0.22095993783097426,-7.117419706153234,3.4288906613500822,-2.6382364341114255,-13.791060847423992,0.034734428,0.40708,1.0,-1.0,10,-0.05743756466145386,0.033213835019699135,-0.01013109499482294,-0.20916002909254663,-5.743756466145387,1.8555975876571342,-3.461340656778076,-10.20545794254565,0.05032133211707291,0.5325959311350761,1.0,-1.0,0.06549776772085888,0.027687139024473444,0.15232135517951065,0.030359587860128743,0.06620632064655195,0.02472641651131664,0.11753464619966951,0.036817174041905064,0.041189624733274435,0.032481416347366364,0.19405416532288636,0.012599528525979477,0.031964030707548274,0.015018262517335457,0.05472760680034761,0.012601550948774859,0.07515242898859477,0.009563741984464297,0.11976458943604035,0.05670029497892597,0.07752793677940722,0.006753203809151539,0.09174502109028056,0.07095558098417085,0.25272727272727274,0.4345758833013027,1.0,0.0,0.2727272727272727,0.4453617714151233,1.0,0.0,-7.117419706153234,396004,103000,1030,8.208356196380919,1.390191815997241,1.4077959889254998,11.00634400130366,1135.6433828900626,102
0.051335156,0.06490134,6.6871357,-6.7352037,7.403956,1.306461,-32.108074,-6.7540154,7.41614,1.2857144,-32.13327,-6.7670107,7.426849,1.3096316,-32.04209,0.05133516,0.24943587,2.5730665,3.898153e-06,0.06490134,0.2779228,2.2538984,5.974564e-07,0.043695316,0.8372631,1.0,-1.0,-0.06396049647375432,0.0344253511710268,-0.016349036601654567,-0.22952741282272462,-6.396049647375431,2.4628666368853738,-3.0576114822529306,-11.592275035866841,0.045800727,0.41259164,1.0,-1.0,10,-0.06055305258706357,0.03805303417104529,-0.005323976751177606,-0.22651176604551282,-6.055305258706357,2.2092663869121285,-3.2785055354478523,-10.12174462106496,0.039072194252209015,0.49460559631139034,1.0,-1.0,0.05581448457807426,0.01874144955692896,0.1514708476965489,0.028308260046386393,0.05862861267786463,0.01692550503575468,0.0914180848885062,0.03379815624573667,0.044022673947659796,0.030940519537350206,0.20184940354673955,0.013258780318560034,0.03669569544696546,0.0216299177490022,0.07970076049536544,0.01326023463894119,0.08093194926124732,0.021017145767951023,0.1281552143078781,0.05680836052630484,0.08461915254247843,0.02173607496611491,0.1281552143078781,0.06278350415667731,0.15545454545454546,0.36233745286965036,1.0,0.0,0.18181818181818182,0.38569460791993493,1.0,0.0,-6.396049647375431,400004,104000,1040,8.126659211004153,1.4000241920002736,1.4199242132308427,10.94660761623527,1146.586523401289,103
0.104362845,0.12651671,7.257539,-7.41572,8.009601,0.8610252,-32.5018,-7.3971863,8.011088,0.90344435,-32.639668,-7.4481015,8.029169,0.81404525,-32.56309,0.10436283,0.91040796,10.334239,2.7066337e-05,0.12651671,1.1410602,12.966932,8.5927604e-07,-0.028341241,0.82190824,1.0,-1.0,-0.07834404401436346,0.04278437741950605,-0.019194165494975466,-0.24228574531385294,-7.834404401436347,3.2684554986959657,-2.643879082306691,-13.873261140970804,-0.018345201,0.5718188,1.0,-1.0,10,-0.05843793270448657,0.03787644386481805,-0.011187516893047107,-0.22375083836887033,-5.843793270448657,2.5779958597243926,-2.928346324765527,-10.758739007583193,0.04008516425596885,0.4768752167941854,1.0,-1.0,0.06967024995532622,0.02538963024716486,0.14045400405745134,0.02983073209390336,0.0705933169631036,0.02382478084469696,0.11593882704656422,0.0379789314181158,0.0451286973868921,0.03923840160588356,0.19934035423074226,0.009997909447595363,0.034797628858546155,0.020152560755785406,0.06762229425741684,0.00999990711042188,0.09577124168579336,0.037670435812740474,0.19818115746665702,0.056578491607831134,0.10076778166131031,0.03917343538210339,0.19377690453131952,0.06242224588145939,0.16636363636363635,0.37240673578696737,1.0,0.0,0.18181818181818182,0.38569460791993493,1.0,0.0,-7.834404401436347,404004,105000,1050,8.403192683588713,1.3963617690023966,1.4322384157276247,11.231792868318735,1157.8029508836044,104
0.031118486,0.025235936,6.6345005,-6.7471924,7.72113,1.1318271,-33.58315,-6.706395,7.71296,1.1625233,-33.571518,-6.7182183,7.718143,1.2203269,-33.472797,0.031118484,0.096998185,0.9986908,6.101423e-06,0.025235936,0.05045696,0.30158195,1.271644e-05,0.12782203,0.8335649,1.0,-1.0,-0.06103151125218741,0.05204969408599325,-0.008767629886542677,-0.21477216452596062,-6.103151125218742,4.436998171957132,-1.863373033877077,-17.32997317441801,0.041505177,0.46546513,1.0,-1.0,10,-0.06581386586258317,0.03903990654522966,-0.007843524469716772,-0.24219551756186447,-6.581386586258317,2.8318304811411106,-2.9345980520903137,-10.98035597007228,0.04295461534397428,0.5321950409725291,1.0,-1.0,0.05929937479555336,0.03764662433695556,0.16247563934094789,0.028602357791074725,0.059420428098257955,0.038006464096608045,0.15943044527837713,0.03411313956183708,0.03773339417965876,0.033526002855409874,0.1984782409873023,0.009555838256031386,0.0289695009950098,0.01770421935325221,0.0676767422499947,0.009558439714663256,0.07766659227048213,0.022795423654625897,0.14854143182185647,0.05694315476956952,0.08033671336263794,0.024274377262078664,0.14608867711786264,0.06412156904610888,0.3563636363636364,0.4789244147475907,1.0,0.0,0.2727272727272727,0.4453617714151233,1.0,0.0,-6.103151125218742,408004,106000,1060,8.237110645481152,1.382461922999937,1.4195491058053449,11.039121674286434,1168.8844446398434,105
0.07014118,0.07123746,6.905238,-6.9781704,7.635653,1.2680423,-25.74493,-6.998721,7.665574,1.1693107,-25.771719,-7.0497937,7.685417,1.1002855,-25.978762,0.07014118,0.31572086,2.9184701,6.540213e-07,0.07123746,0.3815602,3.1826098,1.0569092e-06,-0.056997307,0.83289367,1.0,-1.0,-0.09528575127513562,0.04577103123714086,-0.014579180143429063,-0.2424096838222355,-9.528575127513564,3.7466290195614405,-2.4603818377090385,-15.24915257575859,0.066121876,0.55535346,1.0,-1.0,10,-0.0746633203029217,0.041923361937647875,-0.004740507005976891,-0.23694240857277832,-7.466332030292172,3.1299704834698923,-3.171782603977746,-13.039040956286932,0.06423028042620399,0.4898555107803438,1.0,-1.0,0.0795302160855313,0.03481300653147496,0.14335233480743495,0.029111008079102055,0.08645802638250186,0.03569251956032638,0.14315659184103444,0.037079791965791614,0.05802056849464682,0.03822819719715651,0.19803051350601386,0.007022080915689592,0.04465096359019578,0.015918252392009023,0.0641043631578923,0.0070232379068331545,0.08860316551383399,0.04193249939701828,0.20581891637061017,0.05652382233197418,0.09263880867497266,0.04533469575098485,0.20581891637061017,0.06345518293164604,0.08545454545454545,0.27955691033437624,1.0,0.0,0.09090909090909091,0.2874797872880344,1.0,0.0,-9.528575127513564,412004,107000,1070,8.178341072140029,1.4236517879762687,1.400081440951908,11.002074301068205,1179.872352433944,106
0.15415883,0.16230083,6.3861146,-6.561179,7.5636888,1.6410916,-32.955338,-6.597625,7.5851927,1.6904002,-33.025352,-6.540494,7.6049314,1.8251624,-32.894146,0.15415886,0.99964803,11.193927,1.7953653e-06,0.16230084,1.2671354,14.360384,6.358703e-05,0.045760673,0.8563233,1.0,-1.0,-0.0659142461090119,0.04419095685443312,-0.014637449154542808,-0.23880826887781714,-6.591424610901188,3.5793852016642265,-2.6471497556656214,-13.225943779397507,0.044873115,0.5398581,1.0,-1.0,10,-0.06266043584525834,0.03911898722159899,-0.007709938031321644,-0.2569455902364955,-6.266043584525834,2.673863972966351,-2.4740011857700135,-10.12225870624356,0.09675302148471746,0.45053216521450756,1.0,-1.0,0.0613183862554732,0.026751259685693158,0.14162146718071428,0.028232353087116992,0.061468777631842,0.02538458025272453,0.11792028495938296,0.03875430867801608,0.041050224254500015,0.03571354722743075,0.1990487127364876,0.0095091621865033,0.03172436124030787,0.01965501990255916,0.06617738132096136,0.009891049340467252,0.08950696360748862,0.026474538208950092,0.14984935518733228,0.056876668496245286,0.09405754703262255,0.024605331005859658,0.13444092581585357,0.06572567532266335,0.2290909090909091,0.4202478607474521,1.0,0.0,0.18181818181818182,0.385694607919935,1.0,0.0,-6.591424610901188,416004,108000,1080,8.230553147324827,1.4096369660110213,1.4196229126537219,11.05981302598957,1190.928805732925,107
0.07932283,0.08975206,6.5382614,-6.6639547,7.0493126,2.269879,-27.980942,-6.6559286,7.023196,2.310589,-27.91376,-6.6667557,7.0410748,2.150409,-28.015814,0.07932283,0.2712433,2.7508743,2.869514e-08,0.08975206,0.33051693,3.031741,4.6138672e-07,-0.010718681,0.8510166,1.0,-1.0,-0.08152716593030448,0.05550656005862119,-0.006195007513826704,-0.25312318487976776,-8.15271659303045,4.778328713949304,-1.3945712668247943,-16.604242243877415,0.13348813,0.5702467,1.0,-1.0,10,-0.06954391000768487,0.04763464204106052,-0.011479390520760897,-0.2361797940870426,-6.954391000768487,3.8872536740926793,-3.8339795168713766,-17.627479658705283,0.0958536690500279,0.5164262832024765,1.0,-1.0,0.06683654798784933,0.029841595020614464,0.16081655319460425,0.028078505909877562,0.06941486249456458,0.028962632679243275,0.1304494899058011,0.03506313982704661,0.05610653813175912,0.04967034289220809,0.2168956999789833,0.00596532409993585,0.04541756934790409,0.03920370293837902,0.1448130177260495,0.005965736031827075,0.08332650017473087,0.03244955378002576,0.1847676786431153,0.05728203987087677,0.09228499752934159,0.04059442022315939,0.18464705523675776,0.06348950500306408,0.18545454545454546,0.3886658680985422,1.0,0.0,0.18181818181818182,0.38569460791993493,1.0,0.0,-8.15271659303045,420004,109000,1090,8.374427026166813,1.40650132598239,1.400833632418653,11.181761984567856,1202.0783393094607,108
0.018283118,0.016992964,6.5522995,-6.5845156,7.5340257,1.4088503,-34.744564,-6.613927,7.532389,1.5177683,-34.69393,-6.612534,7.5509424,1.5852807,-34.800785,0.018283118,0.037294533,0.27543488,1.8499213e-07,0.016992964,0.02926668,0.2317446,8.8600154e-07,-0.09404771,0.8382241,1.0,-1.0,-0.07557639255789025,0.044711420535782316,-0.020529789011167168,-0.2407860621302297,-7.557639255789027,3.3532935656840457,-2.6417681121710777,-13.240650843924863,0.025724655,0.48966125,1.0,-1.0,10,-0.07679843120167769,0.0411963893359642,-0.00918495280796278,-0.23821355564595295,-7.6798431201677655,2.2335187992919328,-3.4117406233648757,-11.713252841300223,0.028652430109122575,0.5557708241231251,1.0,-1.0,0.06038209709447965,0.02782797510479431,0.15355696480993633,0.028805085008797388,0.06225167905520985,0.02788211016646977,0.12355941111079446,0.03738577482616439,0.053721043217170035,0.03791109368844251,0.21630162071537448,0.019238052538729646,0.0408309626147543,0.014180559717348704,0.0652287594978764,0.019238052538729646,0.08759645422827002,0.03219277044016588,0.15769715691214656,0.05666749459958938,0.09288617853395639,0.0332769060495187,0.15687976124814917,0.062433553784055754,0.16090909090909092,0.36744707832815987,1.0,0.0,0.09090909090909091,0.2874797872880344,1.0,0.0,-7.557639255789027,424004,110000,1100,8.17404477155651,1.3743416350043844,1.4038148604740854,10.95220126703498,1213.0517824834387,109
0.062416673,0.063298166,6.368147,-6.462247,7.0830674,1.7435268,-30.060726,-6.5104165,7.073032,1.6722682,-30.007154,-6.481431,7.0673285,1.6294386,-29.580513,0.06241667,0.29663548,3.1894631,2.4356837e-09,0.063298166,0.2918778,2.9448314,2.4686017e-06,0.0906827,0.83775395,1.0,-1.0,-0.06007520010434516,0.03945776257039403,-0.018913903265928574,-0.1940667955192316,-6.007520010434515,2.885180493247879,-2.830004629956519,-11.771117078550947,0.10357307,0.42972592,1.0,-1.0,10,-0.07509647181827916,0.03899425681713418,-0.01777488689151489,-0.21048617809419462,-7.509647181827916,2.50884214477698,-4.3893550669400145,-13.778254725586448,0.10263674475102248,0.5625299037853344,1.0,-1.0,0.05786236436834216,0.02842196108122352,0.15031170619549966,0.028136347124972347,0.05829185253465207,0.03037094083171648,0.12139740815329972,0.03438928731487772,0.035124908538084004,0.02928342462823756,0.16853471366250347,0.008077413485394189,0.02625927942428957,0.010793824769563247,0.04311445215616185,0.008077413485394189,0.08330530911493973,0.020296191615420196,0.1231102915111882,0.056730387255687,0.08953840479868289,0.01967290411620456,0.11911749395684537,0.06205022837128247,0.2872727272727273,0.45248989760879355,1.0,0.0,0.18181818181818182,0.38569460791993493,1.0,0.0,-6.007520010434515,428004,111000,1110,8.632250161812408,1.3960994920053054,1.4087923462793697,11.437142000097083,1224.5436880665948,110
0.031077363,0.036754183,6.7077703,-6.802845,7.4508977,1.8950468,-33.38267,-6.765561,7.4384937,1.8940396,-33.21298,-6.800234,7.461658,1.8199507,-33.298096,0.031077363,0.10310462,0.96311134,1.3904446e-07,0.036754183,0.12302356,1.0249724,5.751615e-06,0.04328735,0.83535063,1.0,-1.0,-0.08282857551778482,0.048744408900190134,-0.006130503050798932,-0.24523005693044447,-8.28285755177848,4.307405194491786,-2.4817228769745214,-15.189357884325752,0.076573536,0.5970682,1.0,-1.0,10,-0.08126583621920339,0.05098840903060439,-0.008002070179071574,-0.22019592846428118,-8.126583621920336,4.204742788742407,-3.3412308413594443,-14.821179179168633,0.01216747884837796,0.5578260707097615,1.0,-1.0,0.06340572506652617,0.029489160203485576,0.14146624957591933,0.02887177630075742,0.06512023462853228,0.026496855152154837,0.1250512806605308,0.038690806295142544,0.05849018118022865,0.04502995732510718,0.21938852628119565,0.005819103151650644,0.04990392092183327,0.033351987078618354,0.09700287181537341,0.005890038594078838,0.08253508048919687,0.023828270844183787,0.1581112042831276,0.05646906877817948,0.08363213352284793,0.021256091966268674,0.13440422240520752,0.06311211258352283,0.17363636363636364,0.37879648475072225,1.0,0.0,0.18181818181818182,0.385694607919935,1.0,0.0,-8.28285755177848,432004,112000,1120,8.721707506425446,1.4518693099962547,1.4557372606068384,11.629314077028539,1236.0774284705985,111
0.051621236,0.04783705,5.505822,-5.582363,6.2104754,1.7501388,-25.69849,-5.590623,6.221339,1.6943519,-25.672459,-5.5530767,6.1757894,1.5559787,-25.530441,0.051621243,0.15828027,1.4843382,2.175556e-06,0.04783705,0.17318997,1.4921471,3.9183025e-08,-0.0098567605,0.8541702,1.0,-1.0,-0.0704141745585549,0.033760695848110645,-0.03361379307418175,-0.20811747501862282,-7.041417455855492,2.640575048389131,-4.520962076996689,-14.324311659222186,0.027276026,0.44163427,1.0,-1.0,10,-0.07600768744418931,0.0452242365749833,-0.00892148725441794,-0.24143308585504494,-7.6007687444189305,2.986521947406768,-2.8249771468781413,-12.1140113221967,0.05089334834901,0.5446297282822591,1.0,-1.0,0.05888541762210601,0.02043498710002868,0.1480759063162192,0.02860603016105686,0.05897937131639187,0.01727581166164409,0.09387849302881326,0.03696481162909796,0.04613954388928887,0.03296759519477725,0.1697472348663969,0.011989547789662762,0.039158061334502926,0.024696772039014686,0.09963195817587094,0.011989547789662762,0.08459322192983854,0.0221541434570226,0.14660684087843462,0.056453947147348534,0.08878972852539876,0.023272414775153648,0.14660684087843462,0.06718203829096055,0.0,0.0,0.0,0.0,0.0,0.0,0.0,0.0,-7.041417455855492,436004,113000,1130,8.032596688222839,1.3552532499888912,1.3794051991426386,10.767255137354368,1246.915391019982,112
0.34488943,0.33867368,7.426206,-7.475109,8.044242,1.3985204,-34.258434,-7.4710727,8.062778,1.3720495,-34.24034,-7.5187597,8.20468,1.4039109,-36.756454,0.34488946,3.6407278,41.3713,5.733782e-07,0.33867368,3.570855,40.578514,4.063567e-06,-1.5623868e-05,0.8425015,1.0,-1.0,-0.08219440138726812,0.043715221097511026,-0.021806058634874743,-0.24111020844205164,-8.219440138726812,3.546259179238505,-3.773809850300918,-15.577753263987479,0.1072967,0.5522851,1.0,-1.0,10,-0.06901714863555282,0.049130660639438224,-0.009897659979745042,-0.20383977674258727,-6.901714863555282,4.031149029445594,-3.3462341591856015,-18.459184513341043,0.06795458960581063,0.5472872504109392,1.0,-1.0,0.06755351639149891,0.028251361998893533,0.1472759553972451,0.028463741430944732,0.07273296082339989,0.02905836870346939,0.13876952316668636,0.04093805907695336,0.05132799045041303,0.04216241025685439,0.20698228745439018,0.010863868841884856,0.03828944719718217,0.02234745792643419,0.09974715502516274,0.010863868841884856,0.07492622073516646,0.01450060486882795,0.11512273971867039,0.0563515958405319,0.07593203687449906,0.013892106905692852,0.11356229302158583,0.06234765264688512,0.08636363636363636,0.28090026464509776,1.0,0.0,0.09090909090909091,0.2874797872880344,1.0,0.0,-8.219440138726812,440004,114000,1140,8.153226904280018,1.4261200329929125,1.395886919752229,10.97523385702516,1257.859978769964,113
0.040972218,0.047213014,6.15582,-6.3040204,6.995707,2.1909597,-31.217072,-6.259706,6.97861,2.1586068,-31.133514,-6.326477,7.0124006,2.0994623,-31.285128,0.040972218,0.10801134,0.8148545,5.0523836e-06,0.04721301,0.10666106,0.74657893,1.5967316e-10,0.036448076,0.8388392,1.0,-1.0,-0.05762283883453938,0.032384366862375995,-0.005653717024233744,-0.19391841938219498,-5.7622838834539385,2.115954160296258,-1.977919234964408,-8.809050468080956,0.055447213,0.5196715,1.0,-1.0,10,-0.07686157894246923,0.043333521952858486,-0.01573008519566067,-0.21447491395236068,-7.686157894246922,3.202094968375349,-3.0911956217850176,-14.516193542956508,0.05258154444137995,0.513902332167429,1.0,-1.0,0.05705634469239725,0.021347795047548815,0.1308844765603952,0.029664906693242708,0.05999006421981494,0.0198946866179232,0.0889713951271774,0.03536634507876195,0.033135697226033885,0.024855869219512862,0.16453851084477086,0.007095213489452856,0.0262131190029472,0.014055388226014397,0.05589376656720459,0.007096939926467378,0.08012634668538524,0.016712531135095136,0.12770332979969742,0.057141169548610225,0.0849016381666528,0.015391480212431188,0.11944813546482623,0.06386225351872253,0.24181818181818182,0.42818471336600816,1.0,0.0,0.18181818181818182,0.385694607919935,1.0,0.0,-5.7622838834539385,444004,115000,1150,8.135831394145498,1.3957302240014542,1.3723262423591223,10.903887860506075,1268.7767513544823,114
0.0794128,0.08783296,7.420069,-7.525688,8.344539,1.9660892,-37.30735,-7.521118,8.352955,1.9337273,-37.317013,-7.53137,8.36756,1.8578495,-37.564102,0.0794128,0.39078182,3.4592688,4.469266e-07,0.08783296,0.6753177,7.594514,8.734787e-09,0.13728651,0.81584924,1.0,-1.0,-0.07963386580878154,0.04467876351860105,-0.012888341602020697,-0.23193497695593343,-7.963386580878152,3.635037420386977,-3.412447007191195,-13.26914025936629,0.0065877256,0.44460645,1.0,-1.0,10,-0.08532594828241932,0.049916308187298364,-0.014027125344462826,-0.22596325902092404,-8.532594828241933,4.251211198609232,-3.1083843989899003,-17.117832905752284,0.08324962975538608,0.5737717439397406,1.0,-1.0,0.06342606373536559,0.02438346514177707,0.15367440265762441,0.029538904794352245,0.06469085330714718,0.024645081741497557,0.11299214757609084,0.03813728047538685,0.05274734721957874,0.04440042890497205,0.20586769728136528,0.006165273862875477,0.040857437975937334,0.03347855067694205,0.12466652885004123,0.006165942086155323,0.07494678142304509,0.015119083341779778,0.1257391452753798,0.05675092074561343,0.07791806727091086,0.013817573967236211,0.1107616055101842,0.06283307860356063,0.23,0.4208325082500163,1.0,0.0,0.2727272727272727,0.4453617714151233,1.0,0.0,-7.963386580878152,448004,116000,1160,8.160794294672087,1.4087838380073663,1.3970406181470025,10.966618750826456,1279.7482602422824,115
0.26715213,0.32456273,7.2708015,-7.3560476,7.9314475,1.8401682,-38.521595,-7.359152,7.943668,1.8096883,-38.665928,-7.3609457,7.937157,1.8382007,-38.418507,0.26715213,2.0448103,22.402182,2.7731497e-07,0.32456273,2.6382656,29.321358,1.9956046e-07,-0.006737508,0.8252111,1.0,-1.0,-0.06616939594058319,0.03717157398759787,-0.01877346720040531,-0.21305116694523524,-6.61693959405832,2.982386088794306,-3.6480039866068146,-14.323923257621727,0.062185496,0.4282569,1.0,-1.0,10,-0.07467452089359546,0.04047099980277568,-0.003488202244935125,-0.21709929193578967,-7.467452089359545,2.9637834998334562,-2.896528859591598,-12.6765220767231,0.04539248410017685,0.5530902523613325,1.0,-1.0,0.06041068860417604,0.0232189327229434,0.13527334217896977,0.02930260580807132,0.06246165927692949,0.024899750625892253,0.13527334217896977,0.03815523086171594,0.040392624254227745,0.03203314983134546,0.18712041356514664,0.006384422329661095,0.03149702984427133,0.01614267528872456,0.062051873559936584,0.011292355574498095,0.08444018202391171,0.021710330937803196,0.15829655697674835,0.05626581054122376,0.08920564161937211,0.02223735812526935,0.14485287249500928,0.06262398659727404,0.14545454545454545,0.35255853508482393,1.0,0.0,0.09090909090909091,0.28747978728803447,1.0,0.0,-6.61693959405832,452004,117000,1170,8.271756092610303,1.4139837880211417,1.405015686963452,11.090755567594897,1290.772663302807,116
0.09390162,0.064390786,6.8772326,-6.954857,8.050123,1.7239288,-31.28322,-6.931838,8.060356,1.7045803,-31.115763,-6.923565,8.099763,1.8177456,-31.162762,0.09390163,0.7011169,7.959683,7.685159e-08,0.064390786,0.44146708,5.0106883,3.0570518e-06,0.0027546268,0.8286807,1.0,-1.0,-0.0837977080991021,0.04106587865279637,-0.02572633304383551,-0.24611085159393187,-8.37977080991021,3.168686262237926,-4.435711415255286,-13.18583618478348,0.10142807,0.61665875,1.0,-1.0,10,-0.06982475921836635,0.04468254301017492,-0.011974939563816976,-0.23354050885566321,-6.9824759218366355,3.250956750778257,-3.6952406957567363,-13.959349544173685,0.08448307107751638,0.5432445186762377,1.0,-1.0,0.07080354077200363,0.026821048250962876,0.1554070118392647,0.02933970189591288,0.07005866838800988,0.02392190117490201,0.12819533187484491,0.04811424173658561,0.05385382409153126,0.035152514608421705,0.20443266910230445,0.012691122681963242,0.0445318370131687,0.023136506064118795,0.09529737123319125,0.01269298383065496,0.0879879486833604,0.022357812920549662,0.14815550268712985,0.05674209329660657,0.09321726817393046,0.020917778119090763,0.1417423137532487,0.0717087087559283,0.00909090909090909,0.09491187735373229,1.0,0.0,0.0,0.0,0.0,0.0,-8.37977080991021,456004,118000,1180,8.167946863308316,1.3481415809947066,1.369115248293383,10.885203692596406,1301.6569548793195,117
0.1622241,0.10550806,6.705813,-6.8181715,7.4367847,1.3125106,-30.041037,-6.829297,7.382298,1.2352357,-30.048393,-6.82974,7.462808,1.178275,-30.106436,0.16222408,0.8521198,7.2505684,9.932367e-06,0.105508044,0.7101433,7.9274497,2.0764865e-06,0.17563504,0.8143255,1.0,-1.0,-0.08253917993971098,0.045858250558802376,-0.025721561630088537,-0.2394529351936281,-8.253917993971099,3.7244772654923017,-3.6249103004436036,-15.317133414662374,-0.0064850077,0.49217173,1.0,-1.0,10,-0.07917649856236034,0.03991962073559806,-0.011628165846697874,-0.22020737939122456,-7.917649856236037,2.5529640324186085,-3.7406079631144236,-11.717443711576934,0.09031505275947702,0.5689286309927258,1.0,-1.0,0.06813138145558399,0.031175928348940243,0.15785155807099097,0.029432947031086693,0.07033054884702604,0.026073484313435015,0.13113925799780174,0.039450331903223314,0.05014547388051917,0.04251573891811871,0.20810518269072267,0.01150714937021014,0.036558781611344744,0.023508206910374356,0.09465808105447823,0.01150714937021014,0.07125979601674123,0.016196792664085583,0.12684344095606348,0.05696748831009891,0.0746369805102573,0.017308939858061863,0.12350763895167052,0.06245859543569916,0.11545454545454545,0.31956970036039045,1.0,0.0,0.09090909090909091,0.2874797872880344,1.0,0.0,-8.253917993971099,460004,119000,1190,8.05661846511066,1.3468971559777856,1.3737737108604051,10.77728933194885,1312.5342820082442,118
0.03678766,0.050180487,6.5560503,-6.6693397,7.3152747,1.9929242,-33.9763,-6.6418543,7.3203564,1.9617215,-33.65909,-6.6420684,7.303737,1.9406422,-33.51096,0.03678766,0.14727527,1.5994952,2.6906491e-06,0.050180487,0.35106736,3.9933405,1.1871691e-08,-0.008316018,0.83817774,1.0,-1.0,-0.06866423701793846,0.034668069488418225,-0.02801172941763424,-0.23187178858509544,-6.866423701793846,2.732533695086517,-3.8690448223944185,-14.122731525034496,0.022738777,0.44788808,1.0,-1.0,10,-0.06770381153460756,0.03697683666652157,-0.01096781041310377,-0.2377522977881501,-6.7703811534607565,2.445831696256239,-3.6923242779740537,-10.620850348416015,0.07676669657296485,0.5128901234842627,1.0,-1.0,0.06132480607925172,0.024729021326368568,0.1457288101902777,0.027591589414057847,0.06250131735388409,0.024229956820708016,0.13097703096519211,0.03643841206265977,0.0439788023677816,0.025444594673499316,0.19773755744072483,0.02066340553149697,0.03805112730654319,0.014779225353980834,0.06328005251240562,0.021463151067738682,0.07936433936982208,0.02691654183993466,0.1558546530469492,0.056500271260429544,0.08088854357979572,0.02642187045563934,0.1383564333076602,0.0627103939094407,0.05272727272727273,0.22348849509094762,1.0,0.0,0.0,0.0,0.0,0.0,-6.866423701793846,464004,120000,1200,8.143178630270995,1.4470914179983083,1.3761493224883452,10.966419370757649,1323.4262736100063,119
0.072338566,0.06314924,7.1223645,-7.2740946,8.529907,1.262739,-37.34721,-7.309926,8.561304,1.1067293,-37.456005,-7.2936444,8.582009,1.2408444,-37.089806,0.072338566,0.21805957,1.761809,1.4924453e-06,0.06314924,0.19745702,2.0598695,4.6459777e-06,0.11221889,0.7849348,1.0,-1.0,-0.07177603987343197,0.03691099004784393,-0.006105714619832859,-0.20320949803700006,-7.177603987343196,3.0997464933429706,-2.105159349900033,-11.272185800342509,0.035708077,0.4873269,1.0,-1.0,10,-0.06192663522562934,0.045184064900694286,-0.006815391735949692,-0.23970335416947555,-6.192663522562934,3.0226782637672605,-2.8246405166916433,-11.868226867524287,0.06342435982956122,0.526182222861949,1.0,-1.0,0.06415722636486104,0.022706393864104942,0.14654098626975623,0.028784798777361415,0.06860422995689042,0.02496001997951069,0.111426530910769,0.037247719898463545,0.045755033566256806,0.02900214070965084,0.18127299852116902,0.006217934443422003,0.03918910049636375,0.01886362677619905,0.06482635724814456,0.006217934443422003,0.07819641498468811,0.015924388409642828,0.12433773059137686,0.05673622479202299,0.08172980565790847,0.016909223377098073,0.12433773059137686,0.065215802490468,0.22727272727272727,0.4190702026042221,1.0,0.0,0.18181818181818182,0.38569460791993493,1.0,0.0,-7.177603987343196,468004,121000,1210,8.201663674903102,1.3732115069869906,1.3984311962558422,10.973306378145935,1334.42646986412,120
0.11568431,0.14272612,6.926425,-7.0062823,7.9248886,1.026591,-35.658115,-7.021423,7.9616613,1.1510241,-35.712826,-7.066201,7.9599547,1.0283704,-35.676254,0.1156843,0.7838956,8.5067625,9.837095e-09,0.14272612,1.1289209,12.616786,2.7726092e-06,0.027541276,0.8233219,1.0,-1.0,-0.06898942798546949,0.04453347756561039,-0.011667575500630316,-0.20758589118320864,-6.898942798546951,3.8304590452373,-1.4365367976820813,-14.473408402876824,0.03808185,0.5212565,1.0,-1.0,10,-0.08454120521373305,0.039705353468597764,-0.008369516442038108,-0.21236817450027184,-8.454120521373307,2.8142501446729145,-5.3558475974966155,-14.081265136319749,0.02932337814956293,0.5660125221340876,1.0,-1.0,0.05694784363671022,0.023258790677997434,0.14958049683899338,0.029534446653989077,0.05812356135365286,0.02146542193127211,0.10484749193877316,0.03613528580978028,0.052416304801456176,0.03690893971922195,0.19614331398057072,0.00776975379545848,0.046028800707665664,0.02786979897940219,0.09683371390918848,0.009523468367383263,0.08639722784392849,0.03088063634534332,0.18323268425356823,0.056700557595516475,0.09073013920404456,0.03123377637172322,0.18031897131189048,0.06449019770672115,0.08727272727272728,0.2822342969008328,1.0,0.0,0.09090909090909091,0.2874797872880344,1.0,0.0,-6.898942798546951,472004,122000,1220,8.180884964211145,1.39985566798714,1.4096175302402116,10.990358162438497,1345.3613328045758,121
0.04049746,0.033761308,6.453251,-6.6001024,6.610017,1.120543,-29.848003,-6.6228247,6.588432,1.1766735,-29.845768,-6.5568805,6.571411,1.1903492,-29.71539,0.04049746,0.06972383,0.5022884,1.2642349e-06,0.03376131,0.0813036,0.5976378,4.1580697e-06,0.037429728,0.84278303,1.0,-1.0,-0.06139789663646582,0.0407757800940875,-0.011175666096137578,-0.22862176781891574,-6.1397896636465825,3.0132884525586383,-2.4035207670556544,-10.29023726905466,-0.015373242,0.5148254,1.0,-1.0,10,-0.06312373082896104,0.03630510241032125,-0.010556111778338116,-0.22652176672004307,-6.312373082896103,1.9715247057064669,-3.51809434827358,-10.636063527507618,0.03683433115441102,0.5452004521778143,1.0,-1.0,0.05619086246650332,0.0229274429285344,0.1300602970947987,0.028396393378792052,0.05566020205025259,0.019456428308702856,0.09892280382893034,0.03408405258163916,0.038295612484202206,0.0358131310629692,0.20049067561414116,0.007529917717899131,0.029336383884713033,0.019275956074804673,0.061981497237114914,0.007531987295631897,0.0836097619977983,0.025543997443467487,0.1440683429876589,0.0564660661656184,0.08789268580323599,0.02757636175822473,0.14364318169704662,0.06037577688160135,0.3145454545454546,0.4643345901074439,1.0,0.0,0.2727272727272727,0.4453617714151233,1.0,0.0,-6.1397896636465825,476004,123000,1230,8.234710833057761,1.3446151459938847,1.4163105298066512,10.995636508858297,1356.4534903395106,122
0.09571819,0.070473894,7.0952554,-7.288683,8.240699,0.91528034,-36.09086,-7.295121,8.280299,0.9190091,-35.95911,-7.2761602,8.256927,0.84353733,-35.96832,0.09571819,0.4195394,3.6741443,1.3692706e-06,0.070473894,0.32792664,3.140247,4.4920757e-06,0.06246548,0.8468165,1.0,-1.0,-0.07357025455099464,0.034696505917433486,-0.02731772146655837,-0.25468090060024917,-7.357025455099464,2.2831667349323705,-4.073681912271378,-10.676159821317428,-0.004534285,0.5710694,1.0,-1.0,10,-0.0747990332611125,0.04703911884460631,-0.0054300262355674945,-0.23018345284599923,-7.479903326111247,3.3419074929036032,-2.5242036630709968,-13.255816497261144,0.01528482218969261,0.582811088421691,1.0,-1.0,0.06103514105777288,0.019631868030957227,0.14731458771998598,0.029405769435396006,0.06294612032000685,0.019313268356685103,0.09983951639706634,0.04003825855372064,0.04609032661695555,0.03650623591419212,0.20957646517705308,0.016578492932232666,0.03618237559157473,0.021397259073370183,0.08772066954781854,0.016578492932232666,0.09176253970814482,0.025163383544669505,0.15082475354708488,0.056501109972768755,0.09472758178842532,0.026901954601029066,0.15082475354708488,0.06209267983236676,0.016363636363636365,0.12686949108668735,1.0,0.0,0.0,0.0,0.0,0.0,-7.357025455099464,480004,124000,1240,8.171171213325579,1.441292029019678,1.3973673803266138,11.00983062267187,1367.4565735641809,123
0.028200129,0.023884194,6.346629,-6.416729,6.487423,0.8000041,-26.063248,-6.424515,6.513266,0.91550076,-26.27362,-6.4161434,6.509513,0.8938154,-26.157522,0.028200129,0.075297944,0.5724788,2.5616127e-06,0.023884196,0.04928532,0.30751425,1.5288606e-07,-0.14190069,0.84758776,1.0,-1.0,-0.0716791206963512,0.04723489363689643,-0.010582042990175242,-0.24640844245741322,-7.167912069635117,3.71812314874768,-2.1865511391078383,-15.42469158020174,0.059974294,0.54868126,1.0,-1.0,10,-0.09673776418827701,0.04907292573834517,-0.019970722238603193,-0.23885644434514272,-9.6737764188277,3.9044338092171684,-4.63478684633355,-17.98222955328037,0.0921158340060857,0.6068425363879413,1.0,-1.0,0.06266921836649868,0.026251926039152555,0.13975680152125583,0.030109812959185734,0.06305051429972569,0.02470352644255722,0.12757888986072988,0.037257535936536634,0.047190020802308795,0.04015790835958335,0.2047595718918413,0.0050480865558757545,0.037343128373829144,0.024626366118063542,0.08567241787639167,0.005048384270306166,0.0853184573709031,0.02359045870619002,0.14299651647827746,0.056591812230026524,0.09185290034972166,0.0233542429264373,0.14299651647827746,0.06759300416355891,0.1781818181818182,0.38266572599494675,1.0,0.0,0.18181818181818182,0.385694607919935,1.0,0.0,-7.167912069635117,484004,125000,1250,8.150636118545663,1.4347752020112239,1.4019348499423359,10.987346170499222,1378.39880775669,124
0.08170666,0.073797606,7.236194,-7.286381,8.417307,0.6869887,-41.273384,-7.279331,8.395864,0.6693826,-41.02075,-7.314182,8.395707,0.6173659,-41.284885,0.08170665,0.57916665,6.5365186,5.621986e-08,0.07379761,0.42113817,3.4988937,6.05036e-07,0.08149027,0.8353364,1.0,-1.0,-0.060522064378094174,0.04108614930463874,-0.021412025420359963,-0.2094024513840213,-6.052206437809417,2.6225547082290728,-2.8926344485695266,-13.087554678344869,0.031254895,0.40934142,1.0,-0.99999994,10,-0.06481526738504127,0.03751224071795464,-0.004754553630509292,-0.21854584528540041,-6.481526738504125,2.339464447535363,-3.2406491499840944,-10.99453206355766,0.03946946876063322,0.580237837273769,1.0,-1.0,0.05053451867915386,0.016308727696148627,0.14866933220786568,0.02925287640761642,0.04959322136515242,0.007052278201452547,0.059537094983708634,0.04074296270509785,0.043653903640917806,0.041001670947955565,0.19030401227740384,0.00935269270484637,0.033345494650514396,0.029532023879702756,0.11515548127347877,0.00935764937096428,0.08373439464282759,0.02171975068186422,0.12667441904311277,0.056771318102820836,0.0875029176428801,0.02132496058785272,0.12667441904311277,0.06459099094059903,0.21454545454545454,0.4105066412122206,1.0,0.0,0.18181818181818182,0.385694607919935,1.0,0.0,-6.052206437809417,488004,126000,1260,8.08677389487275,1.3902899919776246,1.3913752443622798,10.868439131212654,1389.3255849289126,125
0.03606719,0.04279334,7.305705,-7.332836,8.19367,1.4570631,-35.755276,-7.3334837,8.196802,1.359969,-35.766796,-7.393111,8.22769,1.5377824,-36.02443,0.036067188,0.09423009,0.9353343,5.8100852e-08,0.04279334,0.12565066,1.232436,5.286273e-06,-0.034186006,0.8544007,1.0,-1.0,-0.09979426791271084,0.045390871423278766,-0.023713511822452283,-0.23073879097329436,-9.979426791271084,3.7882724825304557,-3.6682553963141293,-17.62141252969832,0.030937882,0.47778448,1.0,-1.0,10,-0.058893171850365814,0.037976502207049345,-0.010694287412227855,-0.21119098112054296,-5.889317185036581,2.679614489012623,-3.2474145502234575,-10.46347093803903,0.03402974921134476,0.5448309090663199,1.0,-1.0,0.06060374152024944,0.02822185078709856,0.16077478907396675,0.029040310052959824,0.060474550055555014,0.02775642455165101,0.11117996282453599,0.03380829233431263,0.07887463223762953,0.048597999884643785,0.20563594627578102,0.023768807814960095,0.06985619372770172,0.04295929818187369,0.16750593790600476,0.02377603583444995,0.08859475211215499,0.044768789196156254,0.2191793551472386,0.05658070951951285,0.0984822877315667,0.050259355227776234,0.2191793551472386,0.06333045690493552,0.046363636363636364,0.21027137129618206,1.0,0.0,0.0,0.0,0.0,0.0,-9.979426791271084,492004,127000,1270,8.207796978676924,1.4483087190019432,1.4186813347041607,11.074787032383028,1400.3571579502604,126
0.052551724,0.050931573,7.115208,-7.2119503,7.6660795,1.2836106,-38.81154,-7.2291317,7.6602383,1.207324,-38.938362,-7.1713924,7.642857,1.2658017,-38.991123,0.052551724,0.1456058,1.1051999,4.9467985e-07,0.050931573,0.13618717,0.8729177,9.858388e-07,-0.040243328,0.81005514,1.0,-1.0,-0.06800739819397843,0.03561930668533853,-0.01956705030623781,-0.23887975613527038,-6.800739819397842,2.2727432052166305,-3.8839871614029966,-12.40487523190347,0.040944632,0.51018345,1.0,-1.0,10,-0.07145907047998988,0.03772609710679802,-0.01744589043797664,-0.2246212859045319,-7.145907047998986,1.9069104666439642,-4.161339189945898,-10.172963835640607,0.13934101202210747,0.5574263488182228,1.0,-1.0,0.060568162856200314,0.021937520079484654,0.1464935373101279,0.02998423725704658,0.05566302569202968,0.010927617757829572,0.07563529340151283,0.038662258404003,0.04338751864130613,0.031556682742559516,0.19170150041163608,0.01150284141331592,0.03474250134521716,0.015425348234368523,0.06353263791427435,0.01150284141331592,0.1015669881290867,0.03436898304223851,0.18502143467229168,0.05676202806184444,0.1163512794431088,0.035174139292765055,0.18502143467229168,0.06871635492849908,0.06272727272727273,0.2424717756430036,1.0,0.0,0.0,0.0,0.0,0.0,-6.800739819397842,496004,128000,1280,8.200640632305294,1.4077028699975926,1.3831769784737844,10.991520480776671,1411.2860020520748,127
0.036494143,0.036286242,7.002826,-7.0492706,7.599611,1.1781553,-32.617744,-7.0836067,7.6178374,1.2067598,-32.63554,-7.0452986,7.623189,1.387676,-32.647804,0.03649414,0.112510286,1.1470857,3.6893177e-06,0.036286242,0.119699955,1.2760798,7.051133e-07,-0.1066347,0.79862934,1.0,-1.0,-0.08074591351790168,0.05087172519452795,-0.011484116672327712,-0.24823626759340198,-8.074591351790167,4.486940071324847,-1.693705622875398,-15.189138212620339,0.054877147,0.6576719,1.0,-1.0,10,-0.0583287915982789,0.046454279919571385,-0.003573698708040725,-0.21251029548703404,-5.832879159827888,3.17404401760029,-2.6475663562068785,-14.300673603217701,0.05057733692348848,0.5412080463797638,1.0,-1.0,0.06763186125300254,0.0291042931025048,0.15345471305435388,0.02868058184830788,0.06693579725360789,0.027053122065761447,0.1320923289146364,0.03720424762190634,0.05370519369133804,0.043825310949545754,0.21228702610680228,0.008587193273080896,0.04493180325030631,0.03301635107329109,0.10149994185474615,0.00858975338754115,0.07617603774159125,0.015531569030098908,0.13006902623209637,0.0566696735401609,0.07908000966593204,0.016287387120000548,0.11265970424383077,0.06446854598537748,0.24909090909090909,0.4324865640678026,1.0,0.0,0.2727272727272727,0.4453617714151233,1.0,0.0,-8.074591351790167,500004,129000,1290,8.091019441257231,1.3428537430008873,1.383410806156462,10.81728399041458,1422.1278976475005,128
0.026914828,0.022368088,6.7534633,-6.805531,7.179055,1.3527527,-36.909073,-6.824767,7.202157,1.3682156,-36.994057,-6.843295,7.197597,1.3428537,-36.918858,0.026914831,0.07470982,0.75684506,1.8671486e-06,0.022368087,0.041084893,0.23311749,7.111352e-08,0.021041736,0.83220553,1.0,-1.0,-0.06537961008064343,0.03988065230650073,-0.017547119798735158,-0.21485254855827882,-6.537961008064343,2.7180116483572143,-2.56240579022943,-12.232386665169305,0.028229084,0.52137285,1.0,-0.9999998,10,-0.06738842734188814,0.037559414687788784,-0.011921097958201112,-0.2200664598879559,-6.738842734188816,2.2067051179789217,-3.7154665076177342,-10.733856396771628,0.05574728915038172,0.5584230566366778,1.0,-1.0,0.056906514737512216,0.020849633924691434,0.14170112631033527,0.028725278707218794,0.055653215298458125,0.01587756318929127,0.0852401554287093,0.03457659454380897,0.04339605571667765,0.03657851636123499,0.19229598848381013,0.005003637388718519,0.032994545365805386,0.022483374912700135,0.09236200536507216,0.005031751866358942,0.09672509091654108,0.043132487293159466,0.19103727568492868,0.05652943003119675,0.10511353630716481,0.044991526380102884,0.1819287597793743,0.06610704570919197,0.08181818181818182,0.27408751693966066,1.0,0.0,0.09090909090909091,0.2874797872880344,1.0,0.0,-6.537961008064343,504004,130000,1300,8.067623341747094,1.3685486619942822,1.422898141288897,10.859070145030273,1433.0352188205288,129
0.030786978,0.027801171,7.1718774,-7.216904,7.597029,1.2048008,-31.702288,-7.2105284,7.605236,1.1663414,-31.884644,-7.254556,7.5940666,0.9997584,-31.87411,0.030786978,0.07245373,0.5612569,6.2336076e-06,0.027801173,0.05664677,0.4389118,1.4497397e-07,-0.036162503,0.813505,1.0,-1.0,-0.057146543180931944,0.03571718368855834,-0.016420924571677153,-0.2462788305483949,-5.714654318093195,2.2045254162316588,-2.862407183826228,-11.417085234533312,0.010806926,0.39228305,1.0,-0.99999994,10,-0.06705405628531881,0.048111055022325,-0.004527456121266918,-0.2239705166399297,-6.70540562853188,3.249950512494869,-3.3081001054452783,-13.357909699414236,0.0708714902106514,0.6065158541461584,1.0,-1.0,0.05494052256530912,0.017730268250339402,0.1476092384491926,0.0294351774991996,0.05364998913223211,0.012451022393399637,0.08189350439379457,0.03412251158041389,0.03447549250130849,0.03258447494623269,0.22051814384519366,0.009898374573391055,0.025173952529003195,0.014988080116880631,0.06658436596133849,0.00995834943453035,0.09210480770904778,0.03441527391009528,0.16475062409050373,0.05657084347182174,0.09677984039842952,0.0346443563707927,0.16475062409050373,0.06035370519182795,0.21181818181818182,0.40859667114334336,1.0,0.0,0.18181818181818182,0.385694607919935,1.0,0.0,-5.714654318093195,508004,131000,1310,8.077096873195842,1.416100129019469,1.3510161273297854,10.844213129545096,1443.8250952090602,130
0.045307428,0.04523489,7.2953167,-7.393914,8.83699,1.9838141,-35.37508,-7.385717,8.84577,1.9298692,-35.518818,-7.355581,8.797,1.942588,-35.053486,0.045307428,0.16704188,1.4220145,4.3741443e-07,0.04523489,0.13058062,0.9817648,5.264642e-08,-0.01690603,0.8154339,1.0,-1.0,-0.06419580570395103,0.04315867179101113,-0.00500705109997716,-0.22433452850637006,-6.419580570395102,2.744461935483892,-1.54411379007017,-11.278644650832671,0.03183528,0.6098868,1.0,-1.0,10,-0.07033280362111904,0.04116922053703156,-0.006599187753548421,-0.2330999390664319,-7.033280362111904,2.558521324563885,-4.280785536840048,-13.675044050688497,0.04376902609326704,0.5565876428250572,1.0,-1.0,0.05944612656292758,0.025203846113481455,0.14980270919298072,0.029252344932044875,0.05871517027123092,0.022491542069087125,0.10360549198198798,0.036064854429218494,0.04082930691219413,0.03457374653274035,0.19853279262627038,0.00619912621577395,0.029713136993254504,0.014104026344510157,0.05454242642341843,0.00619912621577395,0.10907117746901712,0.0354299053895178,0.1673286408943533,0.056604448435798906,0.11944771073500701,0.03476280370225445,0.15962216223047,0.0680628660945798,0.21636363636363637,0.41176499756917234,1.0,0.0,0.2727272727272727,0.4453617714151233,1.0,0.0,-6.419580570395102,512004,132000,1320,8.436507500475273,1.3621901589795016,1.4107299838215113,11.209427643276285,1455.0662033863773,131
0.027536204,0.017926686,6.188368,-6.2954636,6.56048,1.7941563,-27.390461,-6.313408,6.570176,1.7856543,-27.533808,-6.2825994,6.5587525,1.8768581,-27.407532,0.027536202,0.051051807,0.3454758,9.5018504e-07,0.017926687,0.032901667,0.22988577,2.7712667e-07,-0.030478092,0.83633095,1.0,-1.0,-0.08063591245873868,0.05564901910305628,-0.012361237722175683,-0.24285957433222843,-8.063591245873868,5.005640254623725,-2.251898767933675,-17.29303663348301,0.09498584,0.64709276,1.0,-1.0,10,-0.05729872549034238,0.03648850194988691,-0.009623145175319743,-0.21808169335755803,-5.729872549034239,1.8800084484654178,-2.939633821131093,-9.582703375744053,0.06346726071540097,0.5216060884557715,1.0,-1.0,0.06820570327047669,0.03286283226797289,0.1338814698733479,0.028521348061433863,0.06853731908136962,0.030355503376997783,0.12664465610350759,0.03907477422037822,0.050754722346480305,0.04910108351784404,0.20723705744089455,0.005501660630944201,0.04239076407963447,0.039321871392561325,0.15088948957671441,0.005502496896214152,0.08121858229341795,0.021716973848135705,0.14536178167176583,0.05694245125878705,0.08667284155510499,0.020272916295439616,0.13514598829593222,0.06521376355198234,0.33090909090909093,0.47054039620717997,1.0,0.0,0.36363636363636365,0.48104569292083466,1.0,0.0,-8.063591245873868,516004,133000,1330,8.252389985020272,1.3937899970042054,1.3873478238238022,11.03352780584828,1466.0931529271766,132
0.063370466,0.045468383,7.911531,-8.0646515,8.68223,1.4448584,-36.07647,-8.023497,8.644668,1.4414766,-35.470184,-8.000531,8.648383,1.5094905,-34.82428,0.06337046,0.18123208,1.5679789,5.788796e-05,0.045468383,0.10616936,0.8864397,5.252341e-06,0.068344496,0.8407962,1.0,-1.0,-0.06331131725363612,0.04007662952087164,-0.010648383883980464,-0.24465945326076116,-6.331131725363611,2.6825491605827065,-2.3612098611797236,-10.259986320726854,0.039100215,0.58853555,1.0,-1.0,10,-0.06882415803591102,0.037047695700619034,-0.021764866560046513,-0.25149460520121625,-6.882415803591103,2.336288103707493,-4.362616452007906,-10.904899453301551,0.08841801822169612,0.6119432509270416,1.0,-1.0,0.06120429372661169,0.02197646995379274,0.1518286068254993,0.028897327218772584,0.059835502992514895,0.01519699563024261,0.08243735350290482,0.03684276745124497,0.03388132499680393,0.03572358800181956,0.19675438086455138,0.007800728433699123,0.023925330014678017,0.017679098640017793,0.06571566530737522,0.007804800899775802,0.08919669418099008,0.027341098871638922,0.15422067917664561,0.057212119132258245,0.09609820242987467,0.02936545058539613,0.1462861853373656,0.06530534034989698,0.29,0.4537620521815371,1.0,0.0,0.36363636363636365,0.48104569292083466,1.0,0.0,-6.331131725363611,520004,134000,1340,8.47633323215996,1.3881840129906777,1.3745748544170056,11.239092099567642,1477.2982821637415,133
0.030645587,0.030554079,6.663726,-6.7891006,7.6402073,1.2704474,-33.637226,-6.783811,7.670308,1.3645577,-33.82588,-6.7972155,7.696986,1.5239542,-33.86799,0.030645587,0.08848743,0.73821074,9.384849e-07,0.030554075,0.06733532,0.43790907,3.274181e-09,0.19342253,0.81405073,1.0,-1.0,-0.07998210077026305,0.050702426177456295,-0.008478774679712229,-0.2373448913906376,-7.998210077026304,4.0947864281052295,-2.3560127568520346,-14.80571573248546,0.09526514,0.6291943,1.0,-1.0,10,-0.0876927139908312,0.043114248213187004,-0.013396086256116786,-0.2097598085083556,-8.76927139908312,3.367195652449241,-4.45856267857697,-15.334422205834553,0.0788963702097156,0.6081473061111405,1.0,-1.0,0.06770810876466335,0.029998088314051773,0.1627310273340486,0.029696090227099625,0.0677887661855467,0.026334457982753686,0.11553468876778339,0.03566135634748194,0.051831696219007725,0.043374984946771576,0.20778422247544123,0.006189441485266914,0.04029244788663219,0.030152389183671205,0.10622903253589619,0.0061911285181280515,0.08716362768557571,0.03228482549742247,0.19471985643190476,0.056630959265562913,0.09243778268978202,0.03768864803737658,0.1941783025785839,0.06258182156734866,0.16818181818181818,0.3740276650394674,1.0,0.0,0.18181818181818182,0.38569460791993493,1.0,0.0,-7.998210077026304,524004,135000,1350,8.224491570988903,1.3538323510147166,1.3964732599561103,10.97479718195973,1488.3177753327182,134
0.03517717,0.058484092,6.5317636,-6.63167,7.6082296,1.629952,-30.394182,-6.6464233,7.626407,1.565496,-30.511532,-6.6266236,7.5964127,1.4812188,-30.35515,0.03517717,0.16196115,1.7403139,1.1716338e-06,0.058484085,0.30466345,3.0766604,2.5840394e-09,-0.16780753,0.8279079,1.0,-1.0,-0.07503195694454919,0.047510428437964776,-0.02057561157532791,-0.2138962632209898,-7.503195694454919,4.283536133250185,-3.3352405120780797,-17.555259418986868,0.04578779,0.6000466,1.0,-1.0,10,-0.07669124316923488,0.04606916998265629,-0.002580709623592022,-0.23599022717153167,-7.669124316923489,2.6693105599256746,-2.9943966616169497,-13.293178927811876,0.05918863847960547,0.5794933242090771,1.0,-1.0,0.06592217597252771,0.02800789123499144,0.1432885035317231,0.027542617301647514,0.06924989062352876,0.0289369573290265,0.14044950073366788,0.043562322837024235,0.047491320326606454,0.04015219497950682,0.19831659747269678,0.010921743766253897,0.040991145740301944,0.032728062348151524,0.10761217651456104,0.010921743766253897,0.08526870952516023,0.030898790890928056,0.1808451429051421,0.057011012302235715,0.09032016899093939,0.032428309805229524,0.17752093987607953,0.0642406259261626,0.1590909090909091,0.3657608395325246,1.0,0.0,0.18181818181818182,0.38569460791993493,1.0,0.0,-7.503195694454919,528004,136000,1360,8.247312928142492,1.3986056160065345,1.4075536040763836,11.05347214822541,1499.3955766698928,135
0.055557422,0.06627536,7.1720915,-7.251841,7.3495545,1.4218614,-31.154566,-7.2510786,7.3469095,1.4867766,-31.062859,-7.2676373,7.3747845,1.3940601,-31.112822,0.05555742,0.37748995,4.2629776,2.5048828e-06,0.06627536,0.40452325,4.4433146,5.708241e-06,0.1171619,0.8367162,1.0,-1.0,-0.07081594312779137,0.04667504822587623,-0.013441149703918845,-0.22706967012588086,-7.081594312779138,3.7332424505309216,-3.7158514597765677,-14.946266375765733,0.06152651,0.50964123,1.0,-1.0,10,-0.06202096808708985,0.04640134406898771,-0.0020915321550399116,-0.2150882920558566,-6.202096808708987,3.003848617496024,-2.534314120802256,-11.877056019188132,0.03658971139810103,0.5143080349409018,1.0,-1.0,0.06431169578906215,0.03305665671997062,0.15013023500523137,0.029472862378255412,0.06287269712608408,0.03345965062792318,0.1463671708303937,0.03521536142932768,0.04454491935942462,0.03296866387905253,0.20963833422870476,0.009998132264984767,0.03655567202804396,0.0192314564397684,0.07479007628471573,0.010003626686873893,0.08902941498114804,0.03221788702129333,0.19083548041146342,0.05664926749913155,0.09542311207088519,0.032520628130658674,0.1868518727403321,0.06858238384771799,0.14545454545454545,0.3525585350848239,1.0,0.0,0.09090909090909091,0.28747978728803447,1.0,0.0,-7.081594312779138,532004,137000,1370,8.122056436957791,1.4232214379881043,1.395998288091505,10.9412761630374,1510.2865298189572,136
0.025903545,0.023281954,7.922841,-8.044909,8.336393,1.4646609,-37.45172,-8.01811,8.34028,1.5823592,-37.33336,-7.99943,8.349374,1.5917861,-37.488327,0.025903545,0.04401065,0.24840373,2.1123706e-06,0.023281954,0.04691627,0.45470598,1.2450073e-08,0.11876659,0.78552884,1.0,-1.0,-0.06821999410617068,0.0499483715585724,-0.008867986258083925,-0.2454476426787948,-6.821999410617067,3.9122379707564336,-1.7105988740305529,-13.627098928214869,0.06951228,0.64426607,1.0,-1.0,10,-0.06293166905733277,0.04182529017504113,-0.0062743288126828195,-0.20402737589411193,-6.293166905733275,3.113110036570068,-3.753682656482986,-14.698213481703329,0.07784949686319348,0.5500445747214242,1.0,-1.0,0.060874014089070144,0.029539217207355164,0.14555197925056773,0.02828694264056507,0.06303471820637682,0.028942127549200745,0.11867588477983558,0.03405490435082018,0.045058597464519325,0.04015889077154847,0.19954128160237197,0.0067362916997266405,0.033685825354767496,0.025396943974938444,0.08347068882970914,0.009854968043145186,0.08779727988042113,0.028716400335067147,0.15208857187181327,0.05652283833958048,0.08963593081015299,0.027393644689825514,0.14889088527442576,0.06161275720236309,0.3481818181818182,0.4763939962566925,1.0,0.0,0.2727272727272727,0.4453617714151233,1.0,0.0,-6.821999410617067,536004,138000,1380,8.191469133395003,1.372790563997114,1.3922873346600682,10.956547032052185,1521.2985768959916,137
0.11172521,0.052027777,8.159061,-8.332074,8.891757,0.72647107,-34.492535,-8.305015,8.877921,0.8005469,-34.372692,-8.253075,8.846354,0.75911736,-34.65862,0.11172521,0.5965762,5.736434,1.2167005e-05,0.052027777,0.19205824,1.9177423,6.939465e-07,-0.01225893,0.8232183,1.0,-1.0,-0.06271016859460475,0.038648678616714394,-0.013607031665968324,-0.21323768815056457,-6.271016859460474,2.36594645665566,-2.3030357863697466,-10.933424938085667,0.036651686,0.42105412,1.0,-1.0,10,-0.073354090515646,0.04465109009590951,-0.010366016616873122,-0.23721637772335818,-7.335409051564598,3.0496748630024637,-3.163759548095588,-12.677812708649393,0.054856176768434795,0.598519999599351,1.0,-1.0,0.05751345697821296,0.024845472351142293,0.14898291061744318,0.029139132413860448,0.05476997050985379,0.019455215557534856,0.10718970318984877,0.03481923618500244,0.038756045490500296,0.032200978409240695,0.18731918836683076,0.006228818925370999,0.028051657983027535,0.011617954647709086,0.0458969720325248,0.006510240719060669,0.08771950404098065,0.03832800248226019,0.20931318054489187,0.05679693760870509,0.09717660525503774,0.04305510539855219,0.19268026318229395,0.06369486875445972,0.22090909090909092,0.41485933093376354,1.0,0.0,0.18181818181818182,0.38569460791993493,1.0,0.0,-6.271016859460474,540004,139000,1390,8.144891211937647,1.4286265439877752,1.392274005425861,10.965791761351284,1532.2454114274296,138
0.027594885,0.031656094,7.421434,-7.5242476,8.537206,0.77679116,-35.312283,-7.497687,8.527112,0.81965137,-35.260357,-7.5078325,8.523786,0.7660435,-35.185722,0.027594885,0.04673039,0.21233943,5.293401e-10,0.031656094,0.090306245,0.9091764,8.872017e-08,-0.056242824,0.8425585,1.0,-1.0,-0.06071839683639688,0.04528068910017349,-0.010423040218678924,-0.23159842705886316,-6.071839683639689,3.3894345937901575,-2.6082679028682447,-14.264164352151216,0.074098,0.5382999,1.0,-1.0,10,-0.07557890455534758,0.050237313265713415,-0.010671340134281532,-0.21563725730939595,-7.557890455534755,4.301786813611427,-3.2270315670132046,-15.216576847670797,0.07356514917700764,0.5744968160933296,1.0,-1.0,0.05149635497435169,0.019371337828165542,0.1399447481144181,0.02858474592080713,0.051247782767450394,0.014987307907107455,0.08206238002995593,0.03406899737977588,0.04433281183151602,0.04284179458433323,0.18653306681002055,0.007907589371095035,0.034713126716386565,0.03319544688872973,0.12042147128095683,0.007911745407875887,0.08399869903090013,0.01733760250715664,0.13405851052960716,0.05677395767670298,0.0875143390079782,0.014859594992401975,0.11439486822248358,0.06832445937060092,0.3245454545454545,0.4682047655453102,1.0,0.0,0.36363636363636365,0.4810456929208346,1.0,0.0,-6.071839683639689,544004,140000,1400,8.093705736711854,1.4096032090019435,1.4038028310460504,10.907111776759848,1543.113559724181,139
0.05508225,0.05830528,7.274581,-7.319486,8.155488,0.64525694,-36.769684,-7.3157372,8.143732,0.56455624,-36.820137,-7.3548803,8.151564,0.62069184,-37.013916,0.055082243,0.32990095,3.6397507,5.2532414e-07,0.05830528,0.24695206,2.6967878,2.7793653e-06,-0.010314968,0.8543846,1.0,-1.0,-0.06597417964201381,0.04162405895148116,-0.019447535713759873,-0.23005412077567208,-6.597417964201381,3.3435410083828745,-3.1006348051128203,-12.505125728057713,0.030685227,0.41013646,1.0,-1.0,10,-0.07767454865603039,0.04569927595918006,-0.009131996210265439,-0.21369461455934585,-7.76745486560304,3.063563040665004,-3.5134615559141578,-12.96790744892549,0.04519484406480639,0.5709192379860852,1.0,-1.0,0.061882810794299185,0.02867787944114692,0.1579957510242337,0.030002998141060746,0.06197748887823799,0.026531380263282698,0.11394058705230665,0.038127321583173196,0.039877608289555194,0.02939128890269426,0.17474289517058644,0.008639706548008599,0.03266010707814307,0.01773080332689831,0.0587269551067889,0.008738950108595956,0.07666741411858079,0.020441201834438164,0.13630581206988854,0.056813124682121324,0.07861399810543486,0.021717238321260098,0.13630581206988854,0.06339405335980819,0.3190909090909091,0.4661243405213316,1.0,0.0,0.18181818181818182,0.38569460791993493,1.0,0.0,-6.597417964201381,548004,141000,1410,8.139270101935836,1.37099936400773,1.3915509261423722,10.901820392085938,1554.050718127226,140
0.06771668,0.065406054,6.7046967,-6.7671676,7.5964985,1.3762516,-34.69892,-6.730893,7.604233,1.3866514,-34.662468,-6.8356495,7.638136,1.4056339,-34.899715,0.06771668,0.3162645,3.4536147,2.78509e-07,0.065406054,0.26030904,2.4780207,2.5612312e-06,-0.115707025,0.82773346,1.0,-1.0,-0.07988501349726959,0.043311964380360946,-0.009364501931062797,-0.23648648247598783,-7.98850134972696,3.533396317657131,-2.7444457045454436,-12.79730721722061,0.02628203,0.56320345,1.0,-1.0,10,-0.06491433646022245,0.044523624705654304,-0.00298663404719356,-0.2276036299759302,-6.491433646022246,2.791565560574803,-2.698007907152287,-12.43070061200449,0.04313304653208567,0.5429234742096762,1.0,-1.0,0.06666117707921787,0.027351803856149864,0.14479196733157068,0.028499930490634543,0.06974393033027058,0.02552387121382251,0.11488183252999967,0.03473486585874491,0.049654352280789356,0.04052122067807059,0.18895122952098092,0.009156401815050686,0.04134581489980021,0.03133156578988269,0.11837812127502398,0.009160647954427623,0.09548872654218632,0.03375137834507863,0.19526252634202962,0.056415162891207855,0.0987639986331888,0.031334818324585394,0.17374751889661236,0.06368204307435055,0.23363636363636364,0.4231434901107902,1.0,0.0,0.18181818181818182,0.38569460791993493,1.0,0.0,-7.98850134972696,552004,142000,1420,8.182261233741883,1.4066157990018837,1.406647312658606,10.995524345402373,1565.0478968856332,141
0.0548125,0.059409365,6.7045035,-6.796707,7.5570164,1.8713156,-33.097473,-6.808057,7.5493813,1.7406571,-33.04562,-6.8446727,7.5582123,1.7503599,-33.20569,0.0548125,0.3605326,4.0942636,2.511572e-07,0.059409365,0.46672368,5.3073983,1.30502885e-05,-0.052858707,0.8214366,1.0,-1.0,-0.07264360902053416,0.04222100069749001,-0.01865299437643969,-0.20415856974131616,-7.264360902053417,3.572501149812322,-2.7333408674429847,-13.619250524810813,0.028363386,0.4526494,1.0,-1.0,10,-0.06481237461014035,0.03650691147575908,-0.0036239811920405506,-0.23135964930034658,-6.481237461014034,2.0594688266407175,-2.549550556560714,-9.152455111054584,0.03523714136800533,0.5343521927784038,1.0,-1.0,0.06879036727235982,0.031586867236833335,0.15043690812693836,0.030675725095445926,0.07019428545589225,0.03145312658214726,0.12779719063046505,0.035648470049187225,0.037720471395419834,0.030582476271010045,0.18868099522225917,0.015587542124318794,0.030230508014187172,0.020432238004494542,0.07346230188783419,0.015587542124318794,0.08046669825575573,0.015781005290019783,0.12133027104052203,0.056547694047391434,0.0821942368189592,0.015240313630121733,0.1186095030509741,0.06341127536299677,0.12272727272727273,0.3281238931504354,1.0,0.0,0.09090909090909091,0.2874797872880344,1.0,0.0,-7.264360902053417,556004,143000,1430,8.261946463084314,1.4081897329888307,1.4037631758255884,11.073899371898733,1576.1268364445714,142
0.03036405,0.03237293,7.161809,-7.2497206,8.357173,1.519685,-34.084976,-7.2863874,8.371696,1.4969909,-34.0327,-7.298957,8.341286,1.4902924,-34.21766,0.03036405,0.058337077,0.4479562,5.097592e-07,0.03237293,0.06437362,0.57143444,3.8662984e-07,-0.12552509,0.8370154,1.0,-1.0,-0.0633244058278659,0.04412687931436488,-0.016832244855274146,-0.2529129444358078,-6.33244058278659,3.6893361263393305,-3.2893115195574216,-16.73320489536235,0.028175822,0.4889113,1.0,-1.0,10,-0.05840679460997309,0.03825631207509587,-0.01038055691986083,-0.21871958615338993,-5.840679460997309,1.5802788620563943,-3.596426612820534,-9.195474586618024,0.0310220071332502,0.4954166918503132,1.0,-1.0,0.05992647638887569,0.02577771674343069,0.14993808126558852,0.03007284984612174,0.060932805088101366,0.02364386336751328,0.11479275141112498,0.03769289507094316,0.03719903253711504,0.0366805299457553,0.21042855423645737,0.007198132165453518,0.030075041919244483,0.02529400265310096,0.1023353104909515,0.007289720835622732,0.08219880848244603,0.027363588877116343,0.16044207102967378,0.056666405919629625,0.08531674642007178,0.03035472034161142,0.1554378435162704,0.06259087345407113,0.3118181818181818,0.4632360125311774,1.0,0.0,0.36363636363636365,0.4810456929208346,1.0,0.0,-6.33244058278659,560004,144000,1440,8.332000611699186,1.4134645349986386,1.4618770181841683,11.207342164881993,1587.2909358334146,143
0.027346188,0.022990521,6.8673296,-6.978613,7.7681236,1.5581443,-37.965923,-6.968918,7.7948165,1.6473931,-37.94974,-6.98491,7.783539,1.6803857,-38.10996,0.027346186,0.06056971,0.5077359,1.7020502e-06,0.022990521,0.04695786,0.3573241,3.328978e-07,0.09172087,0.8570019,1.0,-1.0,-0.054206531656774415,0.03236790393988917,-0.023053683113427946,-0.22296957793360656,-5.420653165677442,1.7998549469443326,-2.9671110570898493,-8.257652166823458,0.019822346,0.43937832,1.0,-1.0,10,-0.06787341786754385,0.03980126804095139,-0.006230035115823839,-0.22757511129328775,-6.787341786754387,3.1342960050752446,-3.4345039151011996,-15.143705993574205,0.07126657317080083,0.5540279895951443,1.0,-1.0,0.05315532573175027,0.020642602385840897,0.15905874260508182,0.028938441366145894,0.05267114744950987,0.014397041075199967,0.074230887011634,0.03406672297608611,0.031812059770661434,0.02677616238036665,0.16338650098399402,0.008696948081652474,0.02443432053777274,0.00879959687529697,0.04299534916365059,0.008696948081652474,0.08428298026300339,0.029457722731883528,0.1871019669449262,0.056839065029553194,0.08682694975028037,0.02864914875737958,0.17196250154703377,0.06267334970282859,0.22,0.41424630354415964,1.0,0.0,0.2727272727272727,0.4453617714151233,1.0,0.0,-5.420653165677442,564004,145000,1450,8.34533154082601,1.370379450992914,1.3954860048252158,11.11119699664414,1598.4061470250308,144
0.029260835,0.028320352,7.811463,-7.8798795,9.434228,1.7395129,-40.828262,-7.8939834,9.437563,1.7074589,-40.901825,-7.835923,9.41062,1.6372659,-40.529957,0.029260835,0.08534036,0.90010375,2.0090738e-07,0.02832035,0.083430156,0.83424586,2.9076036e-06,0.1416617,0.83143336,1.0,-1.0,-0.05140506354577165,0.03340854340179261,-0.012826032786658722,-0.20753222740644564,-5.140506354577164,1.785490738566829,-2.765949657616194,-8.2730210436327,0.03119393,0.5550314,1.0,-1.0,10,-0.06597873983942928,0.05263143594886877,-0.006401392972071436,-0.2380126574885818,-6.597873983942928,3.048232569502142,-3.2527843521854836,-13.102676654675472,0.04706395686991688,0.5972228558155044,1.0,-1.0,0.05205168910547486,0.017642709658282452,0.14217359449739486,0.02834512592454782,0.05139481284177055,0.011988938352888239,0.06827033010631527,0.03713747473113053,0.03003791032703083,0.029412060856494747,0.18404096243335943,0.009146397724046634,0.021605493622555285,0.012575952016647182,0.05745872081276046,0.009146397724046634,0.08552924577087996,0.031015380767626867,0.18385904179840595,0.05679645968948689,0.09074328745773155,0.03473139380742159,0.18385904179840595,0.06496878110839813,0.39454545454545453,0.4887528402403153,1.0,0.0,0.36363636363636365,0.4810456929208347,1.0,0.0,-5.140506354577164,568004,146000,1460,8.164055958332028,1.3746009450114798,1.391240421886323,10.929897325229831,1609.319470980292,145
0.10295638,0.080687836,7.356159,-7.578216,8.12241,1.1760427,-34.257484,-7.5418677,8.124025,1.2232754,-34.408806,-7.553771,8.096665,1.2272836,-34.419666,0.102956384,0.6209475,6.8490715,1.53114e-06,0.080687836,0.39464957,4.1633315,8.625029e-06,0.11524587,0.84153074,1.0,-1.0,-0.061537601691940634,0.039383430978754866,-0.010625512908201415,-0.22760498828666256,-6.1537601691940615,2.995261772323773,-2.712990289273471,-11.112133720004701,0.033178207,0.5241372,1.0,-1.0,10,-0.061867785736926154,0.032076341942614287,-0.014037345265290779,-0.2299323388765047,-6.1867785736926155,1.4776007586430606,-3.779273919229638,-9.0275703826547,0.016901645460352725,0.5202794263837769,1.0,-1.0,0.051373347450069634,0.01674936670767686,0.15034311333572914,0.028142864835851197,0.05086917162676725,0.010078764324033276,0.0691831078562535,0.03590226015301181,0.04472902460830113,0.03825218264699734,0.20297528364583017,0.006366326568510877,0.03730407917637103,0.028411870251725008,0.09738039193901142,0.006531242590173474,0.07588659454808601,0.011054353122431384,0.10876112113668221,0.05705389948066869,0.07976063289750232,0.010038248219642856,0.1001886831017476,0.06674297143429558,0.25272727272727274,0.4345758833013027,1.0,0.0,0.2727272727272727,0.4453617714151233,1.0,0.0,-6.1537601691940615,572004,147000,1470,8.249401792651042,1.3581500430009328,1.421458536759019,11.029010372410994,1620.4197762917029,146
0.1618903,0.08974524,6.4767656,-6.599365,7.3367314,1.364316,-32.02799,-6.609082,7.359157,1.283182,-31.96627,-6.5304008,7.3435254,1.371499,-31.945541,0.1618903,1.2850935,14.617312,4.3301043e-09,0.08974524,0.54240245,6.143943,1.9161325e-07,0.017290741,0.8521988,1.0,-1.0,-0.06350143879744198,0.041754557881146896,-0.01883204668585434,-0.23348898049300404,-6.350143879744198,2.959544235602364,-3.2825209008014786,-12.361449775524129,0.071580805,0.584952,1.0,-1.0,10,-0.0642843524716041,0.04015603106116378,-0.005591758668616388,-0.2433009417094058,-6.428435247160411,2.558310145124201,-2.8292675764878017,-10.10991067025129,0.044281426804015506,0.5595757832201969,1.0,-1.0,0.05915837469643683,0.02556090973374044,0.1455287972397134,0.028871030874648106,0.05987922251691611,0.024295781366742524,0.11313702006032847,0.03571407692589734,0.04048303380005815,0.03257396822593035,0.20677442085219516,0.005857460044028054,0.03211747166703785,0.018328566651234127,0.07143444147978188,0.005857460044028054,0.07746615965435172,0.015439069435579197,0.12574873259949162,0.0567864603510887,0.07946952116325891,0.014563971392317616,0.12137418940969236,0.06447614355056992,0.2018181818181818,0.40135720163687755,1.0,0.0,0.09090909090909091,0.2874797872880344,1.0,0.0,-6.350143879744198,576004,148000,1480,8.311213247274281,1.4295651839929633,1.4148348188900854,11.15561325015733,1631.568590833922,147
0.05100634,0.07951236,6.9786115,-7.1679697,7.834049,1.4480907,-41.55943,-7.1838226,7.8624516,1.4985026,-41.225098,-7.1381392,7.8115406,1.6476942,-41.356953,0.05100634,0.1396424,1.0129467,5.0513114e-07,0.07951236,0.3988439,4.242183,9.555379e-09,-0.0004909057,0.82550204,1.0,-1.0,-0.07307400698663524,0.03558909559278788,-0.019378183842100445,-0.21759601492026567,-7.307400698663525,2.162448830044147,-3.3257892731208685,-10.079877732554333,0.08111701,0.60211366,1.0,-1.0,10,-0.08593952715954348,0.04413949353973109,-0.0029201392617987823,-0.22921855609905933,-8.593952715954348,2.9442869638089295,-4.198231184802857,-13.261157956843158,0.10563153902485413,0.6165311982550615,1.0,-1.0,0.06545442633174249,0.018035295736904586,0.13281324415921303,0.02959510331698418,0.0676245101348613,0.015729976119244902,0.09275514497529115,0.04123983411693336,0.04215309879706536,0.037486647865351115,0.1812896713601727,0.006489206251443254,0.030749040798091164,0.0182592256651506,0.05970748458327022,0.006489206251443254,0.10959817140461334,0.04860784929685872,0.21284647977002724,0.056764527912208845,0.12243527342830164,0.049752191921680386,0.2016613794927443,0.06925083856046894,0.16090909090909092,0.36744707832815987,1.0,0.0,0.18181818181818182,0.385694607919935,1.0,0.0,-7.307400698663525,580004,149000,1490,8.327474637015257,1.4230553710076492,1.3960394337191246,11.146569441742031,1642.649824500695,148
0.032030016,0.051656377,6.700533,-6.8182497,7.7763295,1.4526746,-32.829052,-6.835265,7.773733,1.4821378,-32.889046,-6.8417406,7.7771974,1.3565339,-32.775112,0.032030016,0.1383704,1.3419073,1.00588124e-07,0.05165638,0.24722527,2.245642,2.176611e-06,0.1457429,0.81658065,1.0,-1.0,-0.07403567921616758,0.03997658755379753,-0.006640815155216959,-0.2293513524086918,-7.403567921616758,3.0840558367545614,-2.3419083947522497,-12.37194412058534,0.014886277,0.4557821,1.0,-1.0,10,-0.08942335212748506,0.03812652715615836,-0.0183491124805698,-0.23718634206853584,-8.942335212748507,2.599110977029988,-5.02061221801976,-11.646464314270297,0.0834911745394094,0.6081682485547366,1.0,-1.0,0.06862474164638532,0.026808151358687145,0.14618223040348496,0.028443918112335834,0.0666736412265981,0.021741563572853874,0.10634908949183221,0.03641771935575571,0.04109946113403473,0.03165328403150799,0.18772940803021473,0.0076559468434223505,0.03138929201965122,0.014496489242409575,0.06776799900519928,0.0076559468434223505,0.07637337240339971,0.01447736040533813,0.1117081911094397,0.05626965950904219,0.0804299775972348,0.01290170681612036,0.09786816255169886,0.06141975578154643,0.1009090909090909,0.301208310444768,1.0,0.0,0.09090909090909091,0.2874797872880344,1.0,0.0,-7.403567921616758,584004,150000,1500,8.27769451282802,1.3579388000071049,1.4184944029839244,11.05412771581905,1653.749400054512,149
0.03491629,0.03940823,6.8536496,-6.9107847,8.124607,0.5424148,-33.380066,-6.903737,8.152547,0.5503319,-33.484516,-6.8749313,8.099148,0.49386415,-33.138134,0.03491629,0.056428533,0.3701475,4.6463134e-07,0.03940823,0.08403221,0.5788085,5.493534e-07,0.027138215,0.8184693,1.0,-1.0,-0.08591050061656584,0.05544517038820061,-0.02008569891571591,-0.24457343857840372,-8.591050061656585,4.916237578266124,-3.3105148618620404,-16.9941135416672,0.12799123,0.62405443,1.0,-1.0,10,-0.05302208002537977,0.03405562949225747,-0.006147013255320051,-0.19881312759492423,-5.302208002537975,2.153276471567066,-2.6858775697618014,-10.745286929833949,0.04182531395702165,0.5290674554543504,1.0,-1.0,0.06585574500356213,0.037065898589805475,0.16137427813521232,0.027601097756806206,0.07088594348834101,0.04022355704994968,0.14440074933368344,0.03437113310489867,0.06296225795440548,0.04376548890281408,0.20712744871766325,0.01845467245455269,0.05423187886446284,0.036624341637669075,0.14015462872023704,0.018459732084465684,0.07364370202518376,0.011587800307378632,0.10876154586765274,0.057405737798646356,0.07381810288267215,0.01045626336343674,0.09769341801070971,0.06454258783219748,0.09090909090909091,0.28747978728803447,1.0,0.0,0.09090909090909091,0.2874797872880344,1.0,0.0,-8.591050061656585,588004,151000,1510,8.088929974503117,1.4035727320006117,1.4380302071513142,10.930532913655043,1664.6889904531417,150
0.037115265,0.051393695,6.1707916,-6.2136536,7.6905575,1.1059372,-35.431797,-6.2642922,7.6911216,1.0261604,-35.603016,-6.2575674,7.715391,0.9982977,-35.74731,0.037115265,0.11628035,1.2078345,7.1304385e-10,0.051393695,0.1992889,1.7881808,5.024822e-06,0.1258266,0.86724246,1.0,-1.0,-0.0673469929650574,0.043778245923891644,-0.010412125279622863,-0.24365424080690795,-6.734699296505741,3.422364680735071,-1.3368196499001301,-13.207449361262174,0.039092608,0.6067195,1.0,-1.0,10,-0.07162620350978467,0.037122850237599106,-0.01183065589052383,-0.2300140544428845,-7.162620350978467,1.2200702233751513,-5.555037208210606,-9.553315317122385,0.04817211268524618,0.5367540855437203,1.0,-1.0,0.06407026761165642,0.02730972066156394,0.1539316550312894,0.02906988219851445,0.06568606101661166,0.027688549993049084,0.11946217366117806,0.03467543258056714,0.038466773326373827,0.0349802735633861,0.1936757376678056,0.007942633459125454,0.02893032019960984,0.017585295437621985,0.06801613004740234,0.0079842044347098,0.08621157615347419,0.02758836041022583,0.17022515963513618,0.05691994775282998,0.08742313978264891,0.02946173350031767,0.16447706476487609,0.0608113102433705,0.17181818181818181,0.3772223405564363,1.0,0.0,0.18181818181818182,0.385694607919935,1.0,0.0,-6.734699296505741,592004,152000,1520,8.21751017565839,1.4129274250008166,1.3884354713954963,11.018873072054703,1680.8943324622232,151
0.08637172,0.06656221,6.506215,-6.633441,7.3134313,0.75876564,-30.369473,-6.582547,7.280694,0.83968794,-30.314499,-6.6138673,7.284388,0.8466235,-30.407745,0.08637172,0.5711381,6.462672,4.3381588e-06,0.066562206,0.28649718,3.1020286,4.1808016e-07,-0.029860493,0.81869626,1.0,-1.0,-0.07421795035803086,0.04453892275775028,-0.013108080693216397,-0.22181362333000176,-7.421795035803086,3.575064586652141,-2.2971568203633153,-12.222562655447291,0.03340863,0.5823161,1.0,-1.0,10,-0.07255282137750353,0.037084258287145504,-0.015498107847417711,-0.22034351613690872,-7.2552821377503545,2.2622151816996463,-5.283228029238634,-12.727547336828396,0.04678549328542106,0.5662060825834805,1.0,-1.0,0.07034032411428796,0.028557594182369948,0.15128540519302325,0.029640874988279033,0.07083917627691495,0.025748687507777857,0.11710981057008826,0.03850352243714741,0.03924350511390155,0.035149068328487444,0.17319336538585298,0.009254042864483893,0.029522640923244158,0.018704263073929105,0.075392827841016,0.009259019824694053,0.08302018206587315,0.024558835487390508,0.1410165684999536,0.05676221664393873,0.09105572671624418,0.02543438530145092,0.1410165684999536,0.061597677757569115,0.2990909090909091,0.45785973527935675,1.0,0.0,0.2727272727272727,0.4453617714151233,1.0,0.0,-7.421795035803086,596004,153000,1530,8.32765177974943,1.4032109249965288,1.4116498547082301,11.14251255945419,1692.0922723636904,152
0.023364726,0.04345166,6.366042,-6.4924707,7.633808,0.6364038,-31.20601,-6.4732246,7.629532,0.63869077,-31.225208,-6.468786,7.632411,0.6653155,-31.00881,0.023364726,0.05197943,0.38423136,1.7953653e-08,0.043451663,0.17021415,1.7160974,1.4347606e-06,-0.014570674,0.8242744,1.0,-1.0,-0.06579700719994623,0.04045996137069463,-0.022067079581946696,-0.24920478710458338,-6.579700719994622,3.2146516370920266,-3.7454665493137838,-15.249114976564556,0.06386531,0.5431801,1.0,-1.0,10,-0.06909382137612316,0.03807034187230642,-0.010053520193501655,-0.22239589119588524,-6.909382137612314,1.856761392180917,-4.855807794420565,-10.523386329908794,0.029765095831107927,0.5648258705133301,1.0,-1.0,0.06332887586816033,0.020075115390096286,0.14907742002867888,0.031835074746172844,0.06508700839938969,0.015906312740860573,0.0902388261921628,0.04166825623901533,0.03255977678953476,0.040515050467749086,0.20154482216085906,0.008159997015786683,0.024323725193307413,0.03036827031976335,0.11898900973706275,0.008640283839975227,0.07798686913073283,0.013828859142489549,0.11084159786866066,0.056476345629872825,0.08106348498833887,0.01205919668655941,0.10189034723031783,0.06494152087246675,0.16090909090909092,0.3674470783281598,1.0,0.0,0.09090909090909091,0.2874797872880344,1.0,0.0,-6.579700719994622,600004,154000,1540,8.365551775234053,1.457681520987535,1.432150892505888,11.255384188727476,1703.1989816553832,153
0.03028876,0.032988302,7.3958893,-7.5234947,8.739725,0.61747384,-35.23899,-7.5068865,8.709547,0.63151515,-35.274124,-7.5153627,8.722049,0.57941437,-35.581802,0.03028876,0.063326955,0.37653276,1.3782128e-06,0.032988302,0.088687755,0.782466,3.3667457e-06,0.19606163,0.8168435,1.0,-1.0,-0.08147347970438759,0.051098939241869375,-0.02238233932594662,-0.2461705261423068,-8.147347970438759,4.366326597579172,-3.1063909969837575,-19.53270067636474,0.0690561,0.62859315,1.0,-1.0,10,-0.04759763007133313,0.03019977710354051,-0.0046526858958571195,-0.15929978736218228,-4.759763007133313,1.208486236210137,-3.17048522136867,-6.765484821951255,0.02795645268019217,0.4881960195332405,1.0,-1.0,0.06938366335827606,0.03056254268181735,0.15579881647405883,0.029418234763938633,0.07237294318480701,0.03226252756622057,0.1343672885940964,0.03982591586149258,0.04916900838315656,0.046187738720002404,0.19303620185078846,0.01030797936151301,0.03884301158565972,0.03571083929644924,0.14684849431697472,0.015311284056218776,0.08980673145846349,0.034261240650400725,0.18136828654837744,0.0567862883249623,0.09715001356508424,0.036449743167662814,0.18096424991091767,0.06441150391914638,0.11,0.31288975694324034,1.0,0.0,0.09090909090909091,0.2874797872880344,1.0,0.0,-8.147347970438759,604004,155000,1550,8.171870762656908,1.3091869240161031,1.447972369089257,10.929030055762269,1714.1867244541645,154
0.18713608,0.12182477,6.134861,-6.2635427,6.890597,0.7285187,-29.051682,-6.28414,6.872291,0.66319096,-28.928688,-6.2391853,6.8670707,0.7251063,-29.060852,0.18713607,1.5269717,17.252584,1.1897682e-06,0.12182477,0.76083916,8.487378,7.1758046e-07,0.051759664,0.8408007,1.0,-1.0,-0.07390857345971644,0.05872889643791102,-0.006072220232052819,-0.25763717242980017,-7.390857345971643,5.530139774976412,-2.72334257803677,-17.682804561927195,0.06461552,0.37926453,1.0,-0.9998924,10,-0.08561600362288002,0.05141154203321882,-0.013693496309848171,-0.22494565164151595,-8.561600362288,4.248224621176095,-3.5092888573617076,-15.855162273482865,0.06118704519109834,0.5308234021812805,1.0,-1.0,0.05271046354283947,0.020656705802512075,0.1566572210750039,0.028066659937087745,0.05387656688839501,0.01815851230859054,0.09106444178540539,0.037828092537538965,0.058946027464264354,0.05788088337771036,0.21206718453054804,0.0072120109512003846,0.053355325433532406,0.05492880909200751,0.16140662407463374,0.0072120109512003846,0.07813575986065692,0.02234563839691373,0.14089982363997147,0.0564308110524173,0.083273337828202,0.02258247495524631,0.14089982363997147,0.06501731776079041,0.4018181818181818,0.49026557147989946,1.0,0.0,0.45454545454545453,0.49792959773196915,1.0,0.0,-7.390857345971643,608004,156000,1560,8.137235940987011,1.3680964090162888,1.3896395422634669,10.894971892266767,1725.1307195044064,155
0.07878075,0.057966135,7.4309745,-7.5126476,7.675125,0.80211484,-28.44616,-7.467911,7.674633,0.8335129,-28.262226,-7.463876,7.6537113,0.8610189,-28.132593,0.07878075,0.46682557,5.299606,1.3420663e-06,0.05796613,0.15080981,1.1967355,2.9337316e-05,0.030640084,0.80699974,1.0,-1.0,-0.0700179333073291,0.04921429111176386,-0.006231074054487114,-0.2326873503433459,-7.001793330732911,3.8522591650356914,-2.0954802961802814,-13.643136111026795,0.028363217,0.5923862,1.0,-1.0,10,-0.08655626750999246,0.05271693157861777,-0.01278183943680204,-0.26159478591492097,-8.655626750999243,3.964349961077488,-3.794718434809638,-17.317789337993517,0.06197821059546273,0.5945890590929616,1.0,-1.0,0.06182802458344721,0.024901700912553795,0.14259516205635872,0.02876857984340687,0.06060398206815366,0.02129631308064115,0.10153672671392362,0.03872441907938289,0.047151235899070595,0.04168724613218056,0.19193458641059788,0.007974640017275963,0.03756555343144421,0.030269810278433076,0.09930862052165508,0.007980638703868163,0.08926508799774284,0.03855209964818263,0.20063757345842897,0.05666415270250713,0.09413263113779692,0.03727139058908392,0.17990011917740248,0.06876328602873528,0.31,0.46249324319388707,1.0,0.0,0.36363636363636365,0.4810456929208346,1.0,0.0,-7.001793330732911,612004,157000,1570,8.574196540779667,1.4173393530072644,1.3932866628165357,11.384822556603467,1736.4766590219806,156
0.09604475,0.0675449,7.840952,-7.9089794,8.159268,0.85804904,-33.321877,-7.894699,8.158749,0.91957533,-33.426582,-7.968268,8.205151,0.8588689,-33.380245,0.09604474,0.7060745,8.027792,6.7217354e-07,0.0675449,0.3780918,4.277787,7.63117e-07,-0.0037563816,0.85777986,1.0,-1.0,-0.06479444128417015,0.032022068410118724,-0.015830150183005383,-0.18928991659627264,-6.479444128417015,2.2213299867505265,-3.0239198082842917,-10.90096112755086,-0.009024456,0.378997,1.0,-1.0,10,-0.09318524221062194,0.04622546901753936,-0.008650688789658342,-0.22239408638057206,-9.318524221062194,2.9959926888099693,-4.325779998878454,-15.806309129132092,0.055866312150472726,0.560013113774036,1.0,-1.0,0.0618179317684935,0.019547791683211614,0.11751193575577361,0.029303666196443007,0.06339745739180519,0.018371424772226082,0.10276977632496079,0.04250041622524619,0.03303265182836359,0.029902026427834332,0.16882227970437116,0.005712692194925261,0.02456198120914285,0.011026082922045996,0.04096368641703935,0.00734113839445366,0.09765074117044427,0.044170308185812836,0.22397084176151189,0.056526917633379234,0.10535371315324493,0.0471900669196263,0.22130019535608114,0.06471519410126016,0.09636363636363636,0.29508928470958284,1.0,0.0,0.09090909090909091,0.2874797872880344,1.0,0.0,-6.479444128417015,616004,158000,1580,8.784804760129191,1.3787093440187164,1.3897663208190352,11.553280424966943,1748.0818293729099,157
0.04562362,0.03777323,7.45753,-7.541296,8.523536,0.82668984,-35.37585,-7.5637865,8.529952,0.8129161,-35.36649,-7.5182877,8.527127,0.77915585,-35.31345,0.045623623,0.15862882,1.5294883,5.7343465e-07,0.03777323,0.15304697,1.70571,5.873636e-07,0.03329976,0.83289766,1.0,-1.0,-0.061519742274340566,0.04078655946337369,-0.015446177387090336,-0.23565865883680273,-6.151974227434058,2.639106600981094,-2.4203326181765448,-12.563156294278327,0.027229901,0.618905,1.0,-1.0,10,-0.07446336338968704,0.04236385938662912,-0.009073274688513253,-0.22001620683460138,-7.446336338968703,2.628212868573357,-4.268164358592349,-13.492209494004811,0.004452180233170244,0.5605041891022486,1.0,-1.0,0.05273020338643634,0.023812177038056985,0.1418024948000642,0.029127739622073427,0.052630102681955476,0.018926179807550833,0.10794078021182445,0.0380140175366232,0.04408850148404323,0.03499679897865736,0.2062561728953685,0.014473191583075218,0.03424229583713076,0.011852071758961084,0.05731188225828218,0.014527752523736283,0.11520546383047686,0.05822834086369013,0.22996455123743145,0.05661263934036194,0.12618264958241845,0.0618929518553503,0.2299140628942172,0.0654449679418423,0.16272727272727272,0.3691166583046836,1.0,0.0,0.18181818181818182,0.38569460791993493,1.0,0.0,-6.151974227434058,620004,159000,1590,8.437120723596308,1.4308068199898116,1.4485830121557228,11.316510555741843,1759.38019595269,158
0.038055584,0.04468879,7.7621775,-7.8132777,8.924631,1.0853251,-35.807674,-7.8354177,8.926853,0.9829353,-35.879555,-7.850131,8.93986,0.9705275,-35.922817,0.038055584,0.08748696,0.6815715,5.533366e-07,0.04468879,0.17551038,1.705872,1.4388667e-07,0.106658384,0.8478265,1.0,-1.0,-0.044293818446091614,0.03675484020739813,-0.004993447964715648,-0.2142169259496082,-4.429381844609161,2.006918067973203,-1.3527826580012472,-8.762127789719194,0.03675459,0.59238034,1.0,-1.0,10,-0.07338123458914332,0.04938639657856338,-0.0027832434117959493,-0.1955905574523198,-7.338123458914334,3.899977401996881,-3.378292965442938,-14.699132287634885,0.031070349808070774,0.5583511829913891,1.0,-1.0,0.048276275382113154,0.018510471448804418,0.14668070423309665,0.028422703520277252,0.04686918545729871,0.008452943051090678,0.06707266940478741,0.03778616325519103,0.028903177435930055,0.029840200977803513,0.1884525441759578,0.006347301781423689,0.020567963777401627,0.010997809902335483,0.04625032740586443,0.006362732716613599,0.10337803234183937,0.05253024091299256,0.20561747195745927,0.05660189672728132,0.11094044646855879,0.053458743837388085,0.19868765402811547,0.06525231551504954,0.37727272727272726,0.48470405045648796,1.0,0.0,0.36363636363636365,0.4810456929208346,1.0,0.0,-4.429381844609161,624004,160000,1600,8.271674768679077,1.4128794390126131,1.443617778510088,11.128171986201778,1770.4561225259094,159
0.09596456,0.09070104,5.6562624,-5.749007,6.396145,0.88585186,-33.56814,-5.6964283,6.392434,0.9339792,-33.564533,-5.762304,6.4181333,0.92932045,-33.444744,0.09596456,0.6785143,7.590625,1.4741705e-05,0.09070106,0.60876554,6.8776684,1.6064624e-06,0.052886315,0.85100275,1.0,-1.0,-0.06572857486133807,0.040250384348038924,-0.011981804371783245,-0.21445536695682574,-6.572857486133807,3.1196743165534073,-2.0011991002655356,-12.643281036146451,0.023730017,0.3909231,1.0,-0.99999875,10,-0.06606411704076944,0.04431456935477707,-0.0050585152857453505,-0.247479350318954,-6.606411704076943,3.234228136887692,-2.8479382552469996,-13.314880973904428,0.05545740006629249,0.5301990122280087,1.0,-1.0,0.0589037914400293,0.02190802692458715,0.14784946978271296,0.028465033518935232,0.05790209546022305,0.01631798247938205,0.08367841136019046,0.036535923535702924,0.040978592279991295,0.03628773155593152,0.16287771725419556,0.005578464240963064,0.034195240626357926,0.029835870287689713,0.10101210147643674,0.00558054191182854,0.07398908387488387,0.011471908456356922,0.10876024909569376,0.056696795766261736,0.07553941781281998,0.00866593705210129,0.09057560720719766,0.061998124055937895,0.28,0.44899888641287294,1.0,0.0,0.2727272727272727,0.4453617714151233,1.0,0.0,-6.572857486133807,628004,161000,1610,8.266789691144368,1.3608415390190203,1.3841016640362795,11.011732894199667,1781.5322048491216,160
0.045040026,0.03699388,7.6332064,-7.7814655,8.725737,0.74206996,-37.432213,-7.729034,8.714524,0.7372688,-37.28155,-7.7373347,8.690053,0.7911874,-37.201427,0.045040026,0.20895247,2.3150947,3.9752763e-07,0.03699388,0.17606835,1.7891986,3.8595317e-08,-0.11664919,0.8407434,1.0,-1.0,-0.07396300849475677,0.05663189905266209,-0.013102181228992793,-0.23350375842926868,-7.396300849475678,5.062288564132656,-1.846823372139069,-15.85069133408443,0.03091767,0.5815306,1.0,-0.99999994,10,-0.06754293534120032,0.0373380222114351,-0.018033764350641225,-0.23336971871562048,-6.754293534120032,1.803403970098024,-4.384439351026829,-9.544371048804132,0.061918527614566427,0.5716552495456036,1.0,-1.0,0.05725941232469921,0.026703162818943624,0.1497405869666019,0.02769981926200331,0.05683268038127509,0.025212293885613874,0.1110170134784126,0.035171792682211545,0.05679727997636954,0.05034857005739423,0.20341027580037355,0.011361084648968331,0.047225371186485135,0.04102140351377954,0.1228725127829165,0.011361879205693983,0.09047370552934575,0.029387872638020236,0.17181049498939968,0.05641291821031621,0.09628823315122757,0.02986604765296673,0.17181049498939968,0.06366933272854013,0.4090909090909091,0.49166608301781667,1.0,0.0,0.45454545454545453,0.49792959773196915,1.0,0.0,-7.396300849475678,632004,162000,1620,8.077406815107679,1.42536877800012,1.37407281898777,10.876848412095569,1792.3648730362183,161
0.054546718,0.06714097,7.6871443,-7.802603,8.810698,0.5782131,-32.81555,-7.743075,8.779374,0.5521586,-32.56335,-7.7987385,8.782391,0.58501565,-32.66706,0.05454671,0.3272131,3.6652462,4.833842e-07,0.06714097,0.34228662,3.6372705,4.5106653e-06,-0.006386876,0.86406684,1.0,-1.0,-0.06594544636406253,0.03503565097942026,-0.01331448019319301,-0.2405053705950643,-6.594544636406254,2.0424274862296308,-2.5395252431704396,-8.59657261988973,0.033834502,0.49257502,1.0,-0.9999998,10,-0.050724057427811116,0.03732089571566634,-0.008539822396861957,-0.20582186027070845,-5.072405742781113,1.8363624249745298,-2.5446964587135055,-8.95844710718996,0.042375775105959905,0.5588656021956233,1.0,-1.0,0.06046650014653543,0.019793780833757105,0.1529541294625976,0.028394178614204228,0.059083560006760356,0.016098228276037036,0.08503316693970542,0.03457388943986548,0.0395021704031306,0.032042000947516684,0.19731223329132247,0.008312576947595223,0.02977488670393622,0.013892994103205259,0.05866108710687982,0.008317217839102544,0.08554135837964623,0.02882835570943041,0.18735077808508843,0.056538349753839874,0.09172266786829875,0.032729281943335194,0.18735077808508843,0.06363865255660885,0.15363636363636363,0.36059982169291027,1.0,0.0,0.18181818181818182,0.385694607919935,1.0,0.0,-6.594544636406254,636004,163000,1630,8.342199780890951,1.381521672999952,1.4114988563233055,11.135220310214208,1803.5188642324065,162
0.038316466,0.038744804,7.8160167,-7.8995686,8.851928,1.2503715,-34.325733,-7.883927,8.838704,1.282455,-34.228336,-7.838723,8.803677,1.025429,-34.264843,0.038316466,0.13609424,1.4598296,9.127893e-06,0.038744804,0.14050251,1.564405,3.6374118e-07,-0.06914078,0.85807174,1.0,-1.0,-0.07039814852258763,0.04651535418768101,-0.006915584297077172,-0.24756483162301907,-7.039814852258764,4.017216664530996,-1.933621692794979,-14.384193890703044,0.02801541,0.44442835,1.0,-1.0,10,-0.06109921862645315,0.04226086601753764,-0.007486005515831472,-0.24405443762045795,-6.109921862645316,2.347762149344962,-3.1508360448621033,-10.905450400425199,0.06529912880710034,0.5869873734240845,1.0,-1.0,0.06071222441742332,0.028958280278132204,0.15978017126997,0.02845154507360467,0.06375038582388805,0.02803880294657492,0.12920353489323091,0.03734977881621123,0.04542083039359582,0.03938222489856819,0.1975431008588989,0.006544640600195786,0.03710209895406042,0.025725816108825607,0.09493377352967577,0.006544640600195786,0.07855850283160055,0.017808060219764117,0.12778464082854488,0.056644552562143215,0.07994128459035349,0.01647943522771796,0.11993448283720683,0.0642261431910751,0.2772727272727273,0.44765227798311386,1.0,0.0,0.2727272727272727,0.4453617714151233,1.0,0.0,-7.039814852258764,640004,164000,1640,8.239749699714594,1.4004340740211774,1.4052086063893512,11.045392380125122,1814.5613290645415,163
0.026213743,0.02564978,6.8506765,-6.9525456,8.049985,1.0865192,-32.59901,-6.95183,8.049327,1.1406162,-32.668827,-6.940468,8.0329685,1.0287021,-32.645294,0.026213743,0.060770303,0.41494614,2.835964e-07,0.025649782,0.056070276,0.4428835,1.3608095e-08,0.010623608,0.82946914,1.0,-1.0,-0.08790070667045546,0.05257981197247904,-0.013016653262255831,-0.23173984713445928,-8.790070667045546,4.3972324700673076,-3.1744764925801934,-17.99325186404468,0.12303313,0.6300166,1.0,-1.0,10,-0.06797381012988524,0.04100262351548605,-0.004255714363332518,-0.22135708207519716,-6.797381012988524,2.8192013492425807,-4.062910431403552,-13.994410087996647,0.05182379446624148,0.5567294920914885,1.0,-1.0,0.0712409996815332,0.02925749126001285,0.1518770705487411,0.030288666824278974,0.07488095496038619,0.029876676905373524,0.13594841399457686,0.03456249770109948,0.054636442143381245,0.051445422342471056,0.20388488120585682,0.006158961882579998,0.041833163825825484,0.03841879799075681,0.12043681456242755,0.011131823801148822,0.09496318979160599,0.03800245506242964,0.19711512858883495,0.0567168228075051,0.09960233206513962,0.03755326403101562,0.19199507481112715,0.06832896968772788,0.22636363636363635,0.4184771684284195,1.0,0.0,0.18181818181818182,0.38569460791993493,1.0,0.0,-8.790070667045546,644004,165000,1650,8.621036207681755,1.398027365008602,1.4249514348921366,11.444015007582493,1826.0344328510982,164
0.07377299,0.07428167,7.9141703,-7.9886165,8.971315,1.1507334,-33.7968,-8.000231,8.977419,1.1872878,-33.737274,-8.0101795,9.004409,1.150126,-33.811447,0.07377298,0.4061377,4.445859,1.0622267e-07,0.07428167,0.54195666,6.132148,7.832423e-07,-0.1053796,0.86382747,1.0,-1.0,-0.0782361600174308,0.048527617539461505,-0.014846456043572404,-0.24583850836495097,-7.82361600174308,3.5048633582922233,-3.2473718770723408,-14.488999308752105,0.027813463,0.6110008,1.0,-1.0,10,-0.052604511403431246,0.03937501588500355,-0.006555820796160837,-0.20423504144622787,-5.2604511403431236,2.096380859921411,-2.701934924994576,-9.43901295502616,0.03304689842566881,0.5596833037644624,1.0,-1.0,0.06877613641255893,0.030295274598307102,0.14652722163955256,0.02886357414594426,0.06853775221746426,0.02890888464710284,0.12689146295243786,0.03516683262219332,0.046127877784217876,0.04174066803738501,0.2099251986364193,0.008466189313885023,0.03412019650883655,0.02303469210939174,0.08695342615490229,0.011845267328068818,0.10502259825150559,0.051353468215287565,0.2206134279993826,0.05673744569812865,0.11102954437619755,0.051690606450321086,0.2170475012491021,0.06174647945143379,0.15272727272727274,0.35972441242229025,1.0,0.0,0.18181818181818182,0.38569460791993493,1.0,0.0,-7.82361600174308,648004,166000,1660,8.18743002251722,1.4267389949818607,1.4219672744511627,11.036136291950243,1837.082971681084,165
0.041883703,0.047364533,6.689563,-6.8112144,7.832104,1.3225073,-34.997646,-6.836191,7.8250957,1.2822185,-35.07102,-6.825635,7.8011436,1.3135676,-34.91134,0.0418837,0.17545529,1.7701342,1.001274e-05,0.047364533,0.19831587,1.7104326,1.8650317e-06,0.059438445,0.8640316,1.0,-1.0,-0.08455537919379576,0.05054893600965226,-0.017462686964947554,-0.23323878228305375,-8.455537919379577,4.511997107754963,-3.206398456943846,-18.132008172724618,0.042154934,0.47234455,1.0,-0.99995905,10,-0.07930519472054054,0.043644005803102806,-0.0073086275315522075,-0.22694418440488384,-7.930519472054054,2.943768006150991,-4.261057615094712,-13.372793583837987,0.06771011743520057,0.5871874206180342,1.0,-1.0,0.05913453907645136,0.018262661871529466,0.1418070778657312,0.029160205058485104,0.0592259457519146,0.01698141301489795,0.09347054379133232,0.0394695446861845,0.06155994286137578,0.05579000775066842,0.19981617057701115,0.013816678161308469,0.052796206239192456,0.05202484774074631,0.17361253986396907,0.0138228460466139,0.07788437095590023,0.022216701865945064,0.15183981471827362,0.05633809979110944,0.08165147391399342,0.02324064930604182,0.15183981471827362,0.06682628774314879,0.08454545454545455,0.2782040989294677,1.0,0.0,0.09090909090909091,0.28747978728803447,1.0,0.0,-8.455537919379577,652004,167000,1670,8.309883357782383,1.4395788830006495,1.3676679723721463,11.117130213155178,1848.1735189612373,166
0.18740217,0.16451126,7.666757,-7.701029,9.553767,0.7672188,-38.339424,-7.7039366,9.535699,0.7000864,-38.148273,-7.711464,9.549326,0.7463919,-38.58032,0.1874022,1.5749856,17.907814,9.3145354e-07,0.16451126,1.3690945,15.565141,6.0147136e-07,-0.009331058,0.8357906,1.0,-1.0,-0.06599523462925351,0.04033221859508623,-0.019791107932640155,-0.2192500230663245,-6.599523462925353,3.6336330813535835,-2.8667566444328787,-16.57420792811102,0.033300024,0.4545814,1.0,-0.9999999,10,-0.0941652078249882,0.04541822644981535,-0.013825363493000042,-0.2473252423001973,-9.416520782498818,3.183282201910391,-3.145882118782461,-14.779155696135795,0.03766284564276077,0.6267742528338087,1.0,-1.0,0.05173687498175316,0.017589176709325444,0.14593240114967188,0.0315128078559181,0.05551178749200743,0.01921601308088198,0.10489472011785898,0.03591886591473711,0.04826675818773894,0.040955894879072696,0.19254835435787582,0.014523819228576526,0.04092369358767733,0.031021381924106067,0.11643379800027323,0.014534226306077234,0.07633537278811003,0.014630344725006622,0.11259264651368284,0.05646779804099428,0.07999673798486794,0.014976373225426512,0.1122714256994945,0.06497543490489542,0.22090909090909092,0.41485933093376354,1.0,0.0,0.18181818181818182,0.385694607919935,1.0,0.0,-6.599523462925353,656004,168000,1680,8.15678201985429,1.4130647599813528,1.3959653124329634,10.965812092268607,1859.1674987305596,167
0.11380726,0.10533893,7.515287,-7.6682825,8.360358,1.0016127,-35.790756,-7.6459746,8.358213,1.0517396,-35.794792,-7.6811485,8.412294,1.0429249,-35.7782,0.113807276,0.59186417,4.9561625,5.0633753e-06,0.10533894,0.5888465,5.08048,4.7385882e-07,-0.024014097,0.87017053,1.0,-1.0,-0.06575573979747598,0.03724436055006789,-0.017605300965418468,-0.2502308360758652,-6.5755739797476,2.9759651043023583,-2.8025940509402134,-11.678696688098043,0.03559969,0.5520991,1.0,-1.0,10,-0.05922970887580362,0.03456710108723789,-0.005590219834446175,-0.2087164733658346,-5.922970887580362,1.9223735851933745,-3.1596791515565537,-9.74152419309801,0.043706252431396864,0.5428942255011854,1.0,-1.0,0.056168076432465075,0.01813642841603309,0.13545196719364724,0.02819247593829851,0.058976042340683744,0.015447249789321969,0.08471189926219433,0.03882830501851958,0.04409463650418634,0.03672566056711408,0.22021532958266948,0.014762655816629645,0.03770163999452252,0.027021735854209774,0.09428589986867505,0.014773427563594609,0.07417349106223879,0.02157732821344451,0.15377876279828065,0.05662557995151845,0.0776021904552539,0.01948511003516761,0.1344327540910769,0.062165579121314665,0.17,0.375632799419859,1.0,0.0,0.18181818181818182,0.38569460791993493,1.0,0.0,-6.5755739797476,660004,169000,1690,8.145220846141456,1.4415032640099525,1.403055452654371,10.98977956280578,1870.0996848503128,168
0.048352085,0.04908447,7.3804493,-7.5207872,9.061498,0.827663,-37.659637,-7.565585,9.074482,0.81673443,-37.76745,-7.5381155,9.0912895,0.8812617,-37.988796,0.048352085,0.18991946,1.9268472,1.0323285e-08,0.04908447,0.2779319,3.1337423,5.455606e-07,0.017815802,0.83257127,1.0,-1.0,-0.06986553257229683,0.04259374531884004,-0.018837636709593753,-0.222283195116305,-6.986553257229682,3.576589826734701,-3.3168495911768785,-15.379527159656815,0.04998138,0.5389911,1.0,-1.0,10,-0.07838135729717118,0.04228187256861658,-0.011931366315167525,-0.24971170690389535,-7.838135729717118,2.81288531690789,-5.057520592000705,-13.990760473722746,0.03293185882412311,0.6003459185293503,1.0,-1.0,0.06675998973681824,0.029538894018153586,0.15981100692042605,0.030086217809751348,0.06635745413132606,0.029431897558949767,0.1445779917233195,0.040517525130239485,0.03834966176484195,0.03214099379955686,0.17675725039036272,0.012521076528436249,0.03120401464485498,0.020006431165794702,0.07387391908060058,0.012521076528436249,0.07921423026364176,0.01855902570635633,0.15115382394375168,0.05644276744286194,0.08508437337053944,0.021957685147818273,0.14180493984477172,0.06806559275461706,0.14272727272727273,0.3497945087435014,1.0,0.0,0.09090909090909091,0.2874797872880344,1.0,0.0,-6.986553257229682,664004,170000,1700,8.21933571761474,1.384693119005533,1.4002762302407064,11.00430506686098,1881.0790330152086,169
0.02748976,0.04571891,7.5332117,-7.5767517,8.885132,1.274289,-33.90911,-7.5767255,8.879735,1.1423976,-33.90917,-7.610851,8.875772,1.125723,-33.904976,0.027489763,0.08968849,0.9648267,7.70831e-08,0.04571892,0.33882195,3.8551226,3.0458068e-08,0.04638584,0.837294,1.0,-1.0,-0.05036261337449171,0.03600589875710027,-0.00847758441709142,-0.19831709953672,-5.036261337449172,2.077182821280137,-2.2872347259099803,-9.06395821822748,0.037384987,0.48211536,1.0,-0.9999998,10,-0.08645414960619509,0.048258125178526616,-0.01133765498836434,-0.23542603786660277,-8.64541496061951,2.9991704939766324,-4.790855619070182,-14.772760402463847,0.03958954164969603,0.5564120622129546,1.0,-1.0,0.04848580455496085,0.02077287029543793,0.14999814123694208,0.02910051892095486,0.04713262677483107,0.012328571267962045,0.08098728771068198,0.034809930102805836,0.03500864692694353,0.03029832752191132,0.16569614781721362,0.006667055095196997,0.025382719605419844,0.015733180761799397,0.06313915094785037,0.006748772245895705,0.09067391506895414,0.04015106959689842,0.21986818165029146,0.05667310860767662,0.09984340096762749,0.043273007666441723,0.21069660294216683,0.06860330581531275,0.4490909090909091,0.4974015123246108,1.0,0.0,0.45454545454545453,0.49792959773196915,1.0,0.0,-5.036261337449172,668004,171000,1710,8.181371765880613,1.3593923840089701,1.4443048880784772,10.98506903796806,1892.0958784982213,170
0.12899582,0.11819528,6.645803,-6.777836,7.8988123,1.0237396,-28.666842,-6.789555,7.9105105,0.9988636,-28.741539,-6.7289257,7.8611917,0.98085684,-28.5365,0.12899582,0.67419225,6.88012,9.386127e-10,0.11819529,0.6099888,6.1169252,2.0668779e-08,0.018941924,0.82055455,1.0,-1.0,-0.05173763113921131,0.032334788795206924,-0.00981491537362936,-0.20076273028709818,-5.173763113921131,1.7758417868123795,-2.298790878804255,-7.431764680512258,0.031334937,0.51762015,1.0,-1.0,10,-0.06232332964483979,0.043573967786711826,-0.0074891243161807584,-0.22693543858038548,-6.232332964483981,2.838198364936677,-3.305534943711818,-13.404358504347634,0.05087752997601949,0.5642874007528506,1.0,-1.0,0.05112767954549114,0.018542212696947735,0.16032057892050106,0.03020309776501975,0.04980919362019205,0.011174592788744615,0.07604306611533321,0.03885022372349819,0.032212568985715034,0.027566605083578433,0.1807572045284418,0.007349060982334534,0.025391304708090003,0.015113209551318197,0.05445597855023873,0.007349060982334534,0.09507857494259107,0.038050048009522136,0.18568334962676294,0.057348860424131294,0.10203652348849626,0.04067404627756005,0.18156019818967714,0.06609001598393256,0.3518181818181818,0.4775375888454548,1.0,0.0,0.36363636363636365,0.48104569292083466,1.0,0.0,-5.173763113921131,672004,172000,1720,8.132918151211925,1.39118627802236,1.3864095681346953,10.91051399736898,1902.9708925075538,171
0.026059914,0.026398193,7.6854897,-7.7543783,8.567929,0.4507177,-37.6167,-7.7700605,8.568364,0.49291182,-37.581707,-7.7599254,8.588864,0.42849505,-37.56337,0.026059918,0.05184568,0.42823046,1.2492674e-06,0.026398193,0.056972053,0.42725277,4.1894864e-08,-0.06382004,0.86469984,1.0,-1.0,-0.06687767499089496,0.03578518371750228,-0.019465255638789467,-0.22349033921283382,-6.687767499089495,2.478286538124605,-3.3490651004585295,-12.785787280308384,0.022316221,0.4412136,1.0,-1.0,10,-0.06449160707608208,0.04533742075668462,-0.004275298813792987,-0.2406920575728013,-6.449160707608208,3.144720545062887,-2.9693058268824077,-12.517043178467729,0.060967685784987735,0.4763446614694762,1.0,-1.0,0.064471589362374,0.022961682135011943,0.15508937468172623,0.028864128065179004,0.06270185858008245,0.016379571727205368,0.09869738189034456,0.04164477644202543,0.035401055955476296,0.02908041714382793,0.20352730411064743,0.007896091147907024,0.026530918503183665,0.01464185853680395,0.053883569528790996,0.007903290348168108,0.07613961633444559,0.015229901307519908,0.11957197298587147,0.056852432510802964,0.0798507183530197,0.014671407380428074,0.11465251929303205,0.06246085552482608,0.20454545454545456,0.4033690761204284,1.0,0.0,0.18181818181818182,0.385694607919935,1.0,0.0,-6.687767499089495,676004,173000,1730,8.131477027462097,1.355889191996539,1.4264917336695362,10.913857953128172,1913.917171929672,172
0.13498953,0.115439534,6.232216,-6.3910413,7.140227,0.7037176,-27.787882,-6.416056,7.1563945,0.63684356,-27.3674,-6.4303694,7.154614,0.6994034,-27.355345,0.13498953,0.8897329,9.895953,8.20819e-11,0.11543955,0.7744432,8.644826,8.712519e-09,0.17854413,0.83684814,1.0,-1.0,-0.07420121182391057,0.04671078807192826,-0.018291025659217877,-0.21965597879351195,-7.420121182391054,4.1075595199447745,-2.720947143040842,-17.005303359196517,0.03307683,0.4231369,1.0,-1.0,10,-0.0833755049634035,0.03964360557302141,-0.013194522129617928,-0.23712600127141625,-8.337550496340352,2.573049838521427,-4.611156621589171,-14.421907704318139,0.06173880677294795,0.5698801950617324,1.0,-1.0,0.06735975162498813,0.03290059941642026,0.16483547733232218,0.027506881088110162,0.07041727296441246,0.035880198465916315,0.160708791068958,0.03864003343143451,0.042972537569146554,0.03575269028884617,0.18311183678174553,0.007374847887024188,0.03426314126778921,0.02269634714728379,0.08768642315362188,0.007381314689208048,0.0741429228640511,0.010594582513537221,0.10925193740064158,0.05702906430808063,0.07849431213166645,0.009725949382322518,0.0936979345682942,0.06344821550895112,0.23454545454545456,0.42371439000524946,1.0,0.0,0.2727272727272727,0.4453617714151233,1.0,0.0,-7.420121182391054,680004,174000,1740,8.253854310169118,1.3885928289964795,1.408831002714578,11.051278141880175,1924.9621456535533,173
0.049538687,0.051629834,7.146765,-7.184002,8.323703,1.029262,-33.2035,-7.228274,8.3167095,0.917613,-33.17486,-7.256552,8.349096,0.9470032,-33.159317,0.049538683,0.20445138,1.7647381,4.9467985e-07,0.051629826,0.23673883,2.0524604,2.868752e-07,0.09287287,0.81587714,1.0,-1.0,-0.06576048882302465,0.049245477762765895,-0.02026158477258694,-0.23799697397930467,-6.576048882302465,4.031870416102013,-2.821730628281488,-16.20470191422207,0.08685016,0.57382756,1.0,-1.0,10,-0.06035594830264888,0.04044684676137117,-0.008354593285096504,-0.21503075111873146,-6.035594830264887,1.9134603847569112,-3.406259077710808,-9.620562775775515,0.030761903608451827,0.5078230209685439,1.0,-1.0,0.05487979121156252,0.02665552929517921,0.14435191529150698,0.029118211368607837,0.055132998383737926,0.02750530249434909,0.11940037297037782,0.03364766291213391,0.04920191362111712,0.041216102522665374,0.21220859429555244,0.01599950707384853,0.04073384852479625,0.03266941515354811,0.1274468431980777,0.01599950707384853,0.09711224135356857,0.036178169995655755,0.20536388369573452,0.05663174474269554,0.10342897634316275,0.03310566226386859,0.17904181119500032,0.06735748691525315,0.2790909090909091,0.44855230860371126,1.0,0.0,0.18181818181818182,0.38569460791993493,1.0,0.0,-6.576048882302465,684004,175000,1750,8.126624507945962,1.3835034150106367,1.4252967822540086,10.935424705210607,1935.9097231597698,174
0.053484924,0.04192625,6.619502,-6.8054056,7.0641,1.1995533,-28.00908,-6.846815,7.0908012,1.223286,-27.960592,-6.801884,7.069413,1.1315393,-27.980824,0.053484928,0.13326082,0.81700444,1.8030511e-07,0.041926254,0.124162376,1.2070695,2.8674754e-07,-0.0064107534,0.868111,1.0,-1.0,-0.05271301898260935,0.039199737089984685,-0.008986878150131605,-0.2158941854813039,-5.271301898260935,2.8099656739203183,-2.529734149849038,-12.183613681461965,0.03107125,0.5652636,1.0,-1.0,10,-0.06583009907582237,0.04320504385609592,-0.007000205731486759,-0.24367648594036573,-6.583009907582235,2.6339414234390683,-2.988641253032706,-11.274483847003234,0.049175289272949674,0.5463883852795723,1.0,-1.0,0.05350918103091496,0.02522992029545493,0.15294022109471947,0.028815492063981617,0.055669386940412964,0.025080308548346246,0.11449224614538381,0.03464854824161422,0.032079685348708684,0.028810327333151187,0.19607136850312853,0.009297741868996158,0.024992933029571084,0.012517420016566558,0.05396368312465055,0.009297741868996158,0.09713524264269466,0.040323385411652805,0.19629678518633645,0.056171945375796534,0.10548688937950294,0.04267946772407818,0.19401774693080626,0.06714563586997148,0.31363636363636366,0.46397046785471413,1.0,0.0,0.18181818181818182,0.38569460791993493,1.0,0.0,-5.271301898260935,688004,176000,1760,8.234968493750785,1.394934039999498,1.3915194061701186,11.021421939920401,1946.929935870663,175
0.027406577,0.035843335,7.28872,-7.394516,7.9102893,0.9613098,-32.989006,-7.3765626,7.907543,1.0834405,-32.949947,-7.4084167,7.949157,1.1753725,-32.686535,0.027406577,0.049721155,0.32254094,2.7437043e-08,0.035843335,0.09803541,0.98053676,7.2735997e-06,0.12355273,0.8615351,1.0,-1.0,-0.08996563663005966,0.046689851964055784,-0.021068504799759528,-0.23640813727377238,-8.996563663005965,4.157821677839564,-3.414703727972794,-16.676343302984883,0.004802801,0.5120406,1.0,-1.0,10,-0.07908491101330788,0.05521898178126447,-0.003133103668073256,-0.22856798101603915,-7.908491101330787,4.666277155152189,-2.054127974882953,-15.96874134155002,0.12003035929347931,0.6077508448208875,1.0,-1.0,0.07242409760263312,0.030685308119607464,0.14753682215093872,0.028169335232112416,0.07432127007328095,0.029988856820309807,0.12842438113674035,0.03930842253265325,0.050964581963226445,0.04994923386813764,0.19209267019650836,0.0053782843560082234,0.04180257613413316,0.04089765891322445,0.1553650402295967,0.007428505368933878,0.07584850864621956,0.01786575775002055,0.12652943844192158,0.05687345069835213,0.07819831353692624,0.01820647403876969,0.12652943844192158,0.06009192734739189,0.15545454545454546,0.3623374528696504,1.0,0.0,0.18181818181818182,0.38569460791993493,1.0,0.0,-8.996563663005965,692004,177000,1770,8.345288356591482,1.3938871420104988,1.3692540925985668,11.108429591200547,1958.128068074846,176
0.043017566,0.038538933,7.644431,-7.7278504,8.252873,0.9380064,-33.097683,-7.7195973,8.24629,0.94352686,-32.98562,-7.7621584,8.26366,0.91092426,-33.112934,0.043017566,0.19276145,1.8715571,1.0412805e-06,0.038538933,0.16030373,1.2159961,1.8015328e-07,0.02673772,0.8396976,1.0,-1.0,-0.06007746048255216,0.044297721805385194,-0.009209263382845022,-0.2339018219235267,-6.007746048255215,3.246200493633238,-3.29246886767114,-12.883582536375691,0.02885325,0.61545783,1.0,-1.0,10,-0.08005604797412727,0.05480452385457504,-0.0067025235729624025,-0.23898700475354137,-8.005604797412726,4.306891965500643,-2.7784651072643696,-15.476777605430366,0.03655856770870472,0.5775760228542021,1.0,-1.0,0.05424710191716841,0.02356213666461746,0.14217677708694743,0.0299729443663892,0.055459633901344875,0.024595306756909976,0.12180685174972614,0.03773388613875231,0.040699370452532364,0.037855039924645936,0.2058680986332242,0.0065418683153093855,0.031040226101978305,0.02557008914489865,0.08844338100817245,0.0065418683153093855,0.09523111044014859,0.028710639881172215,0.16519196685699106,0.05681414617382291,0.10139888666354245,0.02973780718017592,0.1544965442876671,0.06550289311533021,0.39545454545454545,0.48894810351803614,1.0,0.0,0.36363636363636365,0.48104569292083466,1.0,0.0,-6.007746048255215,696004,178000,1780,8.447373687697109,1.4842063779942691,1.4083276226883754,11.339907688379753,1969.410765263252,177
0.027297087,0.054823663,6.4289737,-6.536025,7.3483043,1.1360022,-26.365736,-6.5511045,7.3194795,1.0513308,-26.5563,-6.535513,7.3403144,1.1588928,-26.37542,0.027297085,0.09096084,0.97648907,1.5943224e-06,0.054823667,0.38262844,4.3139873,8.5841987e-07,-0.055175006,0.8386466,1.0,-1.0,-0.04884897234157667,0.03243869300424982,-0.016408156155439137,-0.19541267482218397,-4.884897234157666,1.9147091641721117,-1.9716196148663478,-9.031616005853596,0.029746518,0.514493,1.0,-1.0,10,-0.048141722311537904,0.039344821556794154,-0.005922254282945598,-0.2518995388924884,-4.81417223115379,2.531894352365892,-3.125352951197898,-12.06031560842422,0.042637388941369564,0.4880808522105935,1.0,-1.0,0.05251665433184338,0.021469156494316643,0.1451103510272601,0.028220907712841612,0.052030473514901025,0.016180781195076425,0.0936669958002142,0.03584679586527485,0.02564120653046649,0.02433333843060583,0.16225203453635584,0.009723705624736591,0.018520826109701582,0.0058036102973759015,0.0294726402495381,0.009723705624736591,0.08940927065389453,0.03421634725947546,0.19051202666731276,0.0568113923160727,0.09425197157158395,0.033566197578058676,0.1808692920874158,0.0672799530982957,0.39636363636363636,0.4891415992657253,1.0,0.0,0.2727272727272727,0.4453617714151233,1.0,0.0,-4.884897234157666,700004,179000,1790,8.246343872800935,1.4269866870017722,1.40481475595152,11.078145315754227,1980.445700239041,178
0.537596,0.6953432,6.6925526,-6.84833,7.6677384,1.1919292,-31.984688,-6.826741,7.636803,1.1331275,-31.968334,-6.967292,7.8231835,1.13228,-31.923147,0.5375961,4.170135,45.41261,3.5520898e-08,0.6953432,6.0088034,67.40761,9.7288535e-08,0.10350047,0.8689371,1.0,-1.0,-0.0648516392464593,0.036981313915080194,-0.013995023244710093,-0.21591270949979688,-6.485163924645929,3.2036921713734166,-1.9282766107891363,-12.394968803818774,0.029563187,0.36380774,1.0,-1.0,10,-0.06186018699949681,0.03417224676637445,-0.00597585245544022,-0.22691182790526043,-6.186018699949681,1.6604563427211314,-4.208932255306538,-9.785433123912314,0.06501459257959687,0.5483240813145177,1.0,-1.0,0.05822911128438317,0.019717416856763106,0.15018209295334387,0.029829678770016625,0.060929358168479,0.017844164169924393,0.09185739956822989,0.037595025383916306,0.03814886953044867,0.036546533551579136,0.20382501436194347,0.006287893767482636,0.03309754702976936,0.031278535185352944,0.09821388554312818,0.006387898190448442,0.08866698830366232,0.05126371219456474,0.23221273604532114,0.056443530810002765,0.09562192647399877,0.057438239852158075,0.23221273604532114,0.06300298795106263,0.2590909090909091,0.438135606767306,1.0,0.0,0.2727272727272727,0.4453617714151233,1.0,0.0,-6.485163924645929,704004,180000,1800,8.128832373447949,1.3839192570012528,1.38720517285401,10.899956803303212,1991.384281204315,179
0.13817273,0.26020843,7.731772,-7.7741933,9.0341625,1.7560031,-38.563366,-7.7469726,9.025396,1.9106711,-38.598618,-7.7887173,9.019714,1.6938071,-38.48482,0.13817275,1.1265407,12.58158,1.9122126e-06,0.26020843,1.9130496,18.960598,1.53114e-08,-0.03341498,0.83889174,1.0,-1.0,-0.08245748119392839,0.04839939434534619,-0.014416934045071545,-0.24191955337646015,-8.24574811939284,3.7157018744193357,-2.5548891401700526,-14.746034013346526,0.035653222,0.6381461,1.0,-1.0,10,-0.06875724313959779,0.037097254310944794,-0.015568212182251963,-0.22291171041681046,-6.875724313959779,2.095427164464753,-4.105483623295874,-11.207751451201965,0.024835997967324983,0.5407244426529718,1.0,-1.0,0.06932169205577488,0.023948326168017623,0.1519738512988743,0.029798402605480532,0.07016761497587418,0.022746094636641696,0.10569248381572195,0.03660572511473808,0.05024864173668194,0.04808520651854384,0.20647969779132497,0.006549466404150594,0.03532420294426235,0.02948781217773591,0.11088177777784125,0.006550204921987288,0.08775299623032193,0.02694166967661706,0.14561374645286845,0.056770784287412834,0.0975601264134689,0.028692033492946627,0.14324624570457556,0.06046298970728137,0.1590909090909091,0.3657608395325246,1.0,0.0,0.18181818181818182,0.385694607919935,1.0,0.0,-8.24574811939284,708004,181000,1810,8.168507567810593,1.4228830729844049,1.4236962709401269,11.015086911735125,2002.3822998150426,180
0.076231346,0.071535066,6.04185,-6.0928125,7.1117625,1.5407938,-37.570076,-6.0869436,7.103938,1.2358669,-37.534283,-6.1264987,7.0759115,1.2839416,-37.27494,0.076231346,0.18601997,1.6324697,9.796644e-06,0.071535066,0.20681213,2.0929549,6.478658e-07,-0.06338094,0.8554295,1.0,-1.0,-0.07320463153329794,0.04412776332196915,-0.009404978956214973,-0.21764044477597655,-7.320463153329794,3.810960078427948,-2.6357805938148777,-13.929400967230256,0.069766924,0.60498357,1.0,-1.0,10,-0.05215577313818111,0.0386407380015057,-0.0105127570460379,-0.21024787385323063,-5.215577313818112,1.9283163320824142,-2.7407719293718795,-9.286402115580767,0.05236097911772841,0.5447081419549967,1.0,-1.0,0.07138427667004704,0.03299886443357275,0.15505750487629086,0.028961925541267714,0.0739654463055207,0.03299091687166352,0.14441456733170485,0.03914027425678939,0.034722863928925964,0.032333387684159214,0.19389272775262872,0.0068424365357028115,0.027294660508710742,0.016821321841098597,0.06685219075507182,0.006957431101800475,0.08959608794487324,0.025059406747078117,0.15794924141265515,0.05771124920796006,0.09624293429001032,0.025861315649011982,0.15639982270126657,0.0677436526737165,0.26636363636363636,0.44205661355393927,1.0,0.0,0.2727272727272727,0.4453617714151233,1.0,0.0,-7.320463153329794,712004,182000,1820,8.150972720701247,1.4061421590158716,1.4099459555582143,10.967060835275333,2013.299492472288,181
0.03220517,0.026002482,6.6445227,-6.761468,8.049817,1.1370339,-37.458782,-6.7706947,8.063197,1.1081154,-37.506203,-6.787218,8.083081,1.1624457,-37.480618,0.032205172,0.06832645,0.44947535,1.1397424e-07,0.026002482,0.05463591,0.42781493,8.8073335e-08,0.17762035,0.85944706,1.0,-1.0,-0.05808000808115603,0.0481595556403306,-0.0051957058843428595,-0.22894366085227097,-5.808000808115602,3.892168364316281,-1.3530156162281772,-14.842043905542484,0.05571128,0.4812259,1.0,-1.0,10,-0.06586791400291622,0.042288479252636395,-0.007867130619192784,-0.24623174344229154,-6.586791400291622,2.3034230983513604,-3.578940096224218,-10.54354770604131,0.04699983208215591,0.5658793515030367,1.0,-1.0,0.06083755899956306,0.03357636366654949,0.14786400352457257,0.028415960757450332,0.06086017791881205,0.0329646025658783,0.14210867226314303,0.03378164314069198,0.02916604449833587,0.03286464369889026,0.18453713331553234,0.007167082857671683,0.01958354598225657,0.013182520965431604,0.04455410702156416,0.007199108598331919,0.08675117457712887,0.02974426212305287,0.1727228382912813,0.05642101611392364,0.09395977632140434,0.03322716539239004,0.1695524691496518,0.06489726315957825,0.39181818181818184,0.4881564239205257,1.0,0.0,0.36363636363636365,0.48104569292083466,1.0,0.0,-5.808000808115602,716004,183000,1830,8.154937781684566,1.356298478989629,1.4140089601278305,10.925245220802026,2024.273465585109,182
0.08534042,0.062435634,7.288969,-7.4600363,8.565775,1.0834856,-36.838017,-7.4194045,8.546549,1.1342001,-37.02169,-7.4624634,8.554091,1.0653838,-36.68561,0.08534042,0.43717945,4.6015525,8.4584747e-07,0.06243563,0.19363208,1.4671931,6.176593e-06,0.11683875,0.8325807,1.0,-1.0,-0.08213952044562753,0.04380684802130605,-0.028156924068432076,-0.2503240375305741,-8.213952044562753,3.2852504485468015,-5.388265240261481,-16.67035094957415,0.07730579,0.5698301,1.0,-1.0,10,-0.0700636717561316,0.04345487010953057,-0.005670269164317399,-0.2258340388309272,-7.00636717561316,2.4975708468176676,-3.7700753355595515,-11.244683071772252,0.04249596742010651,0.5870046061170369,1.0,-1.0,0.07406659109853624,0.030535012087770923,0.1595890929450757,0.03021130034015152,0.07133200771171595,0.032970237488607564,0.1595504222898351,0.03563723652929079,0.04257131957135713,0.03887618671765725,0.2091412227584479,0.010052355897989968,0.03005770448436331,0.017603284568556237,0.07150960223501585,0.010052355897989968,0.10611390974932201,0.04880569169107656,0.2600105864065839,0.05730094181873148,0.11716751441355024,0.050287502765902575,0.2568697027398089,0.06587582665095713,0.057272727272727274,0.23236299615788886,1.0,0.0,0.09090909090909091,0.28747978728803447,1.0,0.0,-8.213952044562753,720004,184000,1840,8.0669997370278,1.4052230060042348,1.3924075528047979,10.864630295836832,2035.115464140952,183
0.16620962,0.13378935,7.9277096,-8.069134,8.401852,0.7891944,-31.047638,-8.052438,8.360357,0.76437175,-31.108692,-8.079641,8.405855,0.7720712,-31.174791,0.16620964,1.1282713,11.05811,3.1600357e-06,0.13378936,0.86831915,8.8353815,5.215795e-06,-0.08534174,0.8744672,1.0,-1.0,-0.07523038776407485,0.04160355018079794,-0.019157128186313235,-0.249985012195161,-7.523038776407484,2.8206717078758725,-2.7745364239552806,-12.050693774760335,0.027681926,0.6147656,1.0,-1.0,10,-0.06640238525961875,0.03853715950182524,-0.006151521271992627,-0.2269921352922856,-6.640238525961875,2.6121827517283553,-2.517016995714602,-12.37044119710051,0.09398206531562382,0.607115580756553,1.0,-1.0,0.06620449935013979,0.023315349227947573,0.14907690437634033,0.02899121431118673,0.06625442414421054,0.021015020954305113,0.10893234866503275,0.03738634626194831,0.04506360544951858,0.03816277613308967,0.20495922425453827,0.013346125341969411,0.03275808003730395,0.013763081870537925,0.0627689658140026,0.013346125341969411,0.08906516271744414,0.025032224299354425,0.13649186008412648,0.057057441538358435,0.0949238484309287,0.024043295790866243,0.13161150397210095,0.063993929199249,0.14363636363636365,0.35072062767634005,1.0,0.0,0.09090909090909091,0.2874797872880344,1.0,0.0,-7.523038776407484,724004,185000,1850,8.101718831952894,1.383042397996178,1.3813554213556927,10.866116651304765,2045.9840800822421,184
0.07638113,0.08241529,6.974207,-7.16457,8.141086,0.42838386,-33.91529,-7.1514416,8.123435,0.3806244,-33.77669,-7.20029,8.145888,0.3190597,-33.748264,0.07638113,0.33722764,2.833173,2.761235e-07,0.08241528,0.38503495,3.5437818,1.0668941e-07,0.18295732,0.8284376,1.0,-1.0,-0.05836535274604348,0.04391590752735741,-0.007268687194695348,-0.23425478226863877,-5.836535274604347,3.395342520951335,-2.01780968352044,-14.425418870446482,0.02285148,0.5659281,1.0,-1.0,10,-0.08331078559415014,0.047696005149995835,-0.009540558904089436,-0.23360858503827717,-8.331078559415014,3.3025815571422306,-2.934557607028977,-13.621536413983746,0.009737020385721704,0.55726925676276,1.0,-1.0,0.05402420334527268,0.020647852136969673,0.1334953432065679,0.028227628647023082,0.05437526802208795,0.0179819881203351,0.09336237277705658,0.03460821223633797,0.036503721930302616,0.04120916701311659,0.2094628544946756,0.005888477982118395,0.025931456401966382,0.0221253876056532,0.08979848980443302,0.005888477982118395,0.08351776066932129,0.0166304421495836,0.11795501161394763,0.056292234086127976,0.08667255022344406,0.016415443954524468,0.1113958290993483,0.06788071842017133,0.3190909090909091,0.4661243405213316,1.0,0.0,0.36363636363636365,0.4810456929208346,1.0,0.0,-5.836535274604347,728004,186000,1860,8.192719171813224,1.3863021090219263,1.4527647962386254,11.031786077073775,2057.044238616334,185
0.06307936,0.12686646,6.614977,-6.8162527,7.6428075,0.899469,-32.107265,-6.7702913,7.6016808,0.84640527,-32.15548,-6.8139153,7.6926103,0.9162633,-32.173553,0.06307936,0.418493,4.7511787,4.604317e-08,0.12686646,1.0949705,12.432643,9.024461e-08,0.076823294,0.8585054,1.0,-1.0,-0.05320425704547232,0.037661079768606616,-0.014316807212517909,-0.23158663531214868,-5.320425704547232,2.585376975792993,-2.1835981501481645,-9.542282248530332,-0.032629203,0.5117481,1.0,-0.99997836,10,-0.06629217893188394,0.042291922477074584,-0.011259889901112749,-0.24035090322473449,-6.629217893188395,3.221131276740561,-2.4250941890674094,-12.659933247189793,0.02147765167882251,0.5456552264660554,1.0,-1.0,0.05461733974106282,0.021822749460983358,0.14324041919326944,0.028293702548765943,0.05453243559445952,0.01846970737118899,0.08525033228637525,0.03383867233480805,0.029368514540676915,0.030360561957818718,0.1841144900242176,0.007107599418355855,0.020542097642949037,0.009928130743410379,0.03894196979524814,0.008581253432024493,0.08252407622497837,0.031025184630724203,0.16363330155286193,0.05632918325070716,0.08689607764522944,0.033531689410365,0.1606746489112162,0.06016724460872347,0.4172727272727273,0.49310870844785076,1.0,0.0,0.45454545454545453,0.49792959773196915,1.0,0.0,-5.320425704547232,732004,187000,1870,8.359204985754332,1.4139524630154483,1.4411414263595361,11.214298875129316,2068.268332413456,186
0.047524817,0.028211527,7.6321726,-7.755479,8.634761,0.7524396,-33.33189,-7.7283697,8.645412,0.89238787,-33.04366,-7.6944823,8.640265,0.84895533,-33.142963,0.047524814,0.1144741,0.8662066,4.071114e-05,0.028211527,0.06803628,0.606326,5.244173e-07,0.10687518,0.8623359,1.0,-1.0,-0.08903019021805766,0.04680235043711554,-0.026655887839210215,-0.24933808573962307,-8.903019021805765,3.7008193511298804,-4.552842271785258,-15.461872098973773,0.01662903,0.5349046,1.0,-1.0,10,-0.05764584040858993,0.03596346661745254,-0.005891494582768368,-0.2175985000570946,-5.764584040858993,1.585788301898238,-2.9774553807583723,-8.312000242168462,0.05147978969631179,0.5190970260167621,1.0,-1.0,0.07994019899104014,0.03448722765325608,0.15040692536276057,0.030227379103177122,0.08310809173356802,0.035765543468024054,0.14805357349246387,0.042244824644616444,0.043888698642167934,0.04039385644794116,0.20182001902679114,0.006425101515287568,0.029636699928726275,0.018779254623559567,0.06061283725071978,0.006432066387127086,0.08145860944714464,0.029527505236635894,0.18408165748251462,0.05655102119882112,0.0852963734712003,0.033456458395418866,0.18408165748251462,0.06004493525520563,0.1481818181818182,0.3552801246089468,1.0,0.0,0.18181818181818182,0.385694607919935,1.0,0.0,-8.903019021805765,736004,188000,1880,8.162309672043193,1.4239649999944959,1.4041724739072379,10.990447145944927,2079.2245416364167,187
0.040093552,0.035511833,7.5585327,-7.6684356,8.770437,0.5572083,-37.260067,-7.67725,8.777115,0.5201919,-37.25136,-7.6409416,8.762211,0.65211564,-36.959183,0.040093552,0.076690525,0.48363322,4.2718716e-06,0.035511833,0.06270603,0.34034973,1.5853061e-07,-0.02330356,0.8161828,1.0,-1.0,-0.05458027936403906,0.04165800541854571,-0.013046661291478003,-0.24475372655346486,-5.458027936403906,3.08858726216337,-2.549181578665362,-11.730172875511853,0.028093148,0.5884979,1.0,-1.0,10,-0.07051152514640188,0.04577682804736952,-0.004879634254487767,-0.2545082074550027,-7.051152514640188,2.9079930491371213,-4.716668113112307,-13.447789944167186,0.020878429032929625,0.5449148745081382,1.0,-1.0,0.05059803998032092,0.0203958784073632,0.1485669306301248,0.028207420305616872,0.05006180525786342,0.016110863842091285,0.09134879276394584,0.03411153186002545,0.036588944440628414,0.037260572975609405,0.2118586132236708,0.008610623470239177,0.027548109836338274,0.02269063056418393,0.08249932498682681,0.008626072344153938,0.09067205604532859,0.03408299429075161,0.20018449083839063,0.056520985331668036,0.09432531347472879,0.03316718242397605,0.16716233163462427,0.06318282898227313,0.4318181818181818,0.49532942540234925,1.0,0.0,0.36363636363636365,0.48104569292083466,1.0,0.0,-5.458027936403906,740004,189000,1890,8.1943309387716,1.3899313519941643,1.433922032272676,11.01818432303844,2090.268150244461,188
0.12556347,0.2093063,7.27847,-7.473009,8.375569,0.9467392,-34.34877,-7.4857445,8.353402,0.82109433,-34.350708,-7.5032825,8.389149,0.920787,-34.37429,0.12556346,0.86013925,9.535434,6.2086315e-06,0.20930631,1.8723311,21.147617,2.0429539e-08,0.095805265,0.85779685,1.0,-1.0,-0.08857583003035169,0.048162439673868976,-0.005116484446897558,-0.23682708928183188,-8.857583003035169,3.693870050845023,-1.9101945412028019,-13.37821519828524,0.062432818,0.6180712,1.0,-1.0,10,-0.06961649900842831,0.04816619726636923,-0.010543764698292032,-0.21197402322064937,-6.961649900842831,2.7081827713441937,-3.5765160603156922,-14.223426504251762,0.03974228335892073,0.5711014332980939,1.0,-1.0,0.07189749157212208,0.035404476873120344,0.14731056121678848,0.028824772167435477,0.06593542495397396,0.03016175404231107,0.11958104795774525,0.03639635308929024,0.056513286348155056,0.040252142643461546,0.20492165445431965,0.005765963172502103,0.04541145229586364,0.025841135679110144,0.07963691663834305,0.005765963172502103,0.10115393607506086,0.03621062790083609,0.21179726236924623,0.056717260963128034,0.12065416571286923,0.042849068797806276,0.21089605294114425,0.06423775904413487,0.1990909090909091,0.39931656490592077,1.0,0.0,0.18181818181818182,0.38569460791993493,1.0,0.0,-8.857583003035169,744004,190000,1900,8.20308313012356,1.4155200890090782,1.4083389409061056,11.026942160038743,2101.1848644464917,189
0.035052154,0.039067574,6.329727,-6.4351034,6.873868,0.8767903,-29.741089,-6.468851,6.874187,0.8373322,-29.860834,-6.472585,6.8797393,0.68154025,-29.589651,0.035052154,0.114685245,1.2278262,3.1836018e-06,0.039067578,0.11380577,0.9731386,2.0069913e-06,-0.123448424,0.8172891,1.0,-1.0,-0.05356855727859198,0.03621363315105259,-0.008306845486014368,-0.2309711125716195,-5.356855727859196,1.9439763132645733,-1.5862547088112315,-8.199050859765261,0.019128134,0.4980492,1.0,-1.0,10,-0.06357689893063037,0.037889963239752154,-0.010192740766569142,-0.23747624236144008,-6.3576898930630374,2.3491849124615984,-4.299793249001254,-11.784655158922053,0.018208856391975992,0.5757601985318185,1.0,-1.0,0.05309858164266516,0.016379714021530233,0.13895042654127768,0.02809932211191915,0.053884406512232,0.010208525496793214,0.06625619356321259,0.03436438954224347,0.031545215991701694,0.03266549439486724,0.18683743630977628,0.006398192234410329,0.021163327478561117,0.00822133420859397,0.03674349606942922,0.00957860651530331,0.0921825253098601,0.02049342274455328,0.14478757130752062,0.05643148253890848,0.09746195105835725,0.020344959092492385,0.14114362900403532,0.06974242742566522,0.28545454545454546,0.4516306543336981,1.0,0.0,0.18181818181818182,0.38569460791993493,1.0,0.0,-5.356855727859196,748004,191000,1910,8.183709400473163,1.30577594100032,1.4424940350581892,10.931979376531672,2112.2765799540502,190
0.31953418,0.2787227,7.222975,-7.3157587,7.790716,0.58178174,-32.49147,-7.3416157,7.792125,0.6020381,-32.42128,-7.366972,7.8999066,0.49409357,-32.559467,0.31953415,3.2277324,36.66876,3.9591333e-07,0.27872273,2.5723612,29.177343,8.7125187e-07,-0.028802222,0.847236,1.0,-1.0,-0.07226405158949159,0.03763557679023657,-0.015732031131700342,-0.23536808234002382,-7.226405158949159,2.657378005149217,-2.3931400783329515,-11.51341104690131,0.104333684,0.5466843,1.0,-0.99999976,10,-0.06768439275988551,0.043942471663619864,-0.009183372649932232,-0.2401789213102673,-6.76843927598855,2.0554705263088113,-3.0497809935349625,-8.785603338129217,0.04579427868753993,0.5810697476257438,1.0,-1.0,0.07145661787162882,0.02572148073443015,0.16691619788839693,0.028630660823140523,0.07305001746348314,0.02298940028444909,0.11216285646542391,0.036539488057498265,0.032017230520853986,0.029797023257389445,0.183136802676076,0.014091592430142713,0.02279970405277888,0.0059402482774190595,0.03249220078900002,0.014099344956680325,0.10235886418355006,0.06593003040043964,0.27369651236451625,0.05696814284886916,0.11373511827779409,0.0730719084753474,0.27369651236451625,0.06432007356058307,0.16272727272727272,0.3691166583046836,1.0,0.0,0.18181818181818182,0.38569460791993493,1.0,0.0,-7.226405158949159,752004,192000,1920,8.387056900333846,1.4656126180198044,1.4001671478908975,11.252836666244548,2123.465118088294,191
0.019118639,0.021539252,6.3554993,-6.3963556,7.567277,0.19187751,-31.98688,-6.41088,7.55829,0.26449215,-32.06876,-6.3728275,7.5469966,0.2769019,-32.105503,0.019118639,0.054133456,0.56281406,5.867696e-08,0.021539252,0.044470984,0.32402113,1.2679165e-07,0.18062414,0.848464,1.0,-1.0,-0.05819842290965917,0.032467594763033444,-0.022542144190733773,-0.21134371888767528,-5.819842290965915,2.1647516713829233,-3.3196705395206116,-11.21894336466969,0.036410455,0.57598007,1.0,-1.0,10,-0.05437513127504111,0.039961535339596004,-0.007742049561460547,-0.21031921215497137,-5.43751312750411,2.0366528181946304,-3.1970889303023036,-9.955425915570666,0.021700159779330278,0.4947199007802848,1.0,-1.0,0.053607802136444956,0.014520108730062561,0.14947484308177514,0.027961118563229304,0.05281486726420024,0.0074454165052701944,0.06748904961129357,0.04298355107664367,0.03567254086639071,0.03396580911374086,0.1760652293622542,0.005174206095194362,0.030061236853658288,0.026909488572837342,0.10082847400867012,0.00519441323997846,0.08669818761656449,0.02546551704159968,0.1664261269313343,0.05713699033817523,0.08981464536051222,0.027473622148795764,0.1664261269313343,0.06484483765654457,0.21545454545454545,0.41113730589368885,1.0,0.0,0.09090909090909091,0.2874797872880344,1.0,0.0,-5.819842290965915,756004,193000,1930,8.154981489555212,1.402053710015025,1.4171237611153629,10.9741589606856,2134.453570994985,192
0.03917622,0.0313946,7.3380437,-7.4700937,8.481098,1.7613205,-34.200108,-7.4618044,8.500891,1.629572,-34.202778,-7.5064235,8.501986,1.5658793,-34.29533,0.039176222,0.2633924,2.994631,1.7443006e-06,0.0313946,0.12627266,1.4101381,1.2240798e-06,0.06058865,0.8214964,1.0,-1.0,-0.0671839370113498,0.03809758947010707,-0.012937212186310968,-0.2306715759147503,-6.71839370113498,2.5883786340419475,-3.4722456045927927,-12.299074373008944,0.023536347,0.5975623,1.0,-1.0,10,-0.052565916764457335,0.03774052278175314,-0.006837954601019975,-0.2112812853856565,-5.2565916764457326,1.5667471021384365,-2.518749442774851,-7.8824344920315585,0.02660665368484229,0.4766218606706898,1.0,-1.0,0.061396830996797845,0.024343182763993273,0.15333034037367874,0.028813816021416572,0.05741589511069764,0.016669475548780465,0.10029130470392024,0.03903430424560766,0.03819394437016006,0.03387452123612788,0.19832219085002042,0.007777437619013799,0.02935552500169051,0.018079772809349175,0.06286238700465359,0.0077869837279910216,0.08248091382171577,0.02402007278507732,0.1552246994456348,0.056769619515272436,0.09018437180639274,0.02594627799733416,0.13930269263078848,0.06509926712479526,0.1709090909090909,0.3764295067522192,1.0,0.0,0.18181818181818182,0.38569460791993493,1.0,0.0,-6.71839370113498,760004,194000,1940,8.147631218947936,1.4161208800214808,1.4260439501376823,10.989796049107099,2145.4732083611016,193
0.06492689,0.044399012,6.46941,-6.578923,7.192404,0.90351605,-30.462915,-6.5624037,7.1875978,0.7599791,-30.481928,-6.6222687,7.236281,0.7721408,-30.515694,0.06492689,0.39262414,4.4297223,1.4107436e-05,0.04439901,0.18356802,2.032795,2.0354637e-06,-0.09146577,0.85171604,1.0,-1.0,-0.08274962121481913,0.049806728964181146,-0.013220389313888048,-0.23838604649120962,-8.274962121481913,4.23600885952261,-2.8929651343753817,-16.092950854525995,0.0851397,0.57683384,1.0,-1.0,10,-0.06926899720656249,0.045046207778379484,-0.010360605226943964,-0.224311729180295,-6.926899720656247,3.17434632588322,-2.3698897519580777,-13.649740027340963,0.052525670899750077,0.5403875176357331,1.0,-1.0,0.07276526454851669,0.034381596026311544,0.16462657989384552,0.028970498167394776,0.07538889740499582,0.035916456168894065,0.1525983676563895,0.036545551964048004,0.04912950379640126,0.03910702376640209,0.21601934731750683,0.01332114511197231,0.03783265264502867,0.021305956595690657,0.07403999391330399,0.01334796727155514,0.08014571702524373,0.021622786125083483,0.13865422340336978,0.057000731015581396,0.08130191177084406,0.019276085237957312,0.13549257461649358,0.0661267571110539,0.1590909090909091,0.36576083953252453,1.0,0.0,0.18181818181818182,0.38569460791993493,1.0,0.0,-8.274962121481913,764004,195000,1950,8.18640552877332,1.446158517996082,1.4048430910916068,11.03740713786101,2156.429709050979,194
0.035151772,0.035332948,7.157469,-7.3059726,8.034354,0.9385498,-32.954617,-7.2814903,8.022844,0.8411472,-32.901123,-7.2653084,8.022358,0.93973607,-33.00337,0.035151772,0.1529752,1.6656036,1.0951135e-07,0.035332944,0.17842302,1.9887531,7.043127e-09,0.021051917,0.8439047,1.0,-1.0,-0.06402472854173033,0.0375844406381108,-0.015458004029004335,-0.2290260963741211,-6.402472854173035,2.8872236871934454,-2.2736908046577744,-13.866599243641982,0.020142997,0.4516836,1.0,-0.99999976,10,-0.0636453981587775,0.05020851340454394,-0.005556212639101999,-0.24462823011925924,-6.36453981587775,3.1356404197324728,-2.9631177835498947,-12.852075480259112,0.056297740288580596,0.564300907821648,1.0,-1.0,0.05961108570850302,0.02505666667082929,0.14644833656717646,0.02815676321517792,0.062239579137528284,0.026660706246052268,0.13867749877959815,0.035205853522330084,0.035848490087645304,0.03207083701015451,0.20058313567173608,0.007164542568694324,0.025183990188193128,0.012767929413107327,0.047337733811515396,0.007171633020470203,0.08214457609711064,0.03093918896318967,0.18702644235739904,0.05694471405632955,0.08794545771833094,0.03602870846105081,0.18702644235739904,0.06291702236095503,0.19090909090909092,0.3930175694766779,1.0,0.0,0.18181818181818182,0.38569460791993493,1.0,0.0,-6.402472854173035,768004,196000,1960,8.315582791925408,1.3666402609960642,1.4271757935057394,11.109398846427212,2167.5980102423637,195
0.060036004,0.0723914,7.854516,-7.9771175,8.4049,0.7261457,-37.010147,-7.964711,8.405933,0.694733,-36.958897,-7.9147663,8.476096,0.81738824,-38.855423,0.060036004,0.3216265,3.4050431,1.2477918e-05,0.0723914,0.34223676,3.5968122,1.0825261e-07,-0.00519275,0.8550318,1.0,-1.0,-0.05537829822864128,0.043111473472546236,-0.003210005559290289,-0.22266424991115327,-5.537829822864129,3.547413495576408,-0.6268993459907245,-13.542777092968715,0.040283926,0.40772277,1.0,-1.0,10,-0.06588806818901713,0.04115981453022402,-0.00413539351657853,-0.22817562990235468,-6.5888068189017135,3.1996232327418808,-2.1609274632475106,-11.340273865604333,0.0537162254492639,0.5739316491218004,1.0,-1.0,0.05531439570621413,0.022764810890106384,0.16466680365233274,0.027787024343878655,0.054613472801515954,0.017878878904382216,0.10131272887029204,0.03395105559015909,0.03389440285022313,0.03588947639338427,0.180852954823977,0.005919140180084798,0.02229707858261442,0.01327636755635022,0.05025549334936465,0.005921186553691016,0.07462960582653089,0.01966073847494325,0.15283121153192925,0.05681649181944764,0.0822704941076669,0.02597465120937299,0.14287489715659957,0.06228303431637302,0.3372727272727273,0.47277884334088366,1.0,0.0,0.36363636363636365,0.48104569292083466,1.0,0.0,-5.537829822864129,772004,197000,1970,8.130887547449674,1.4248772829887457,1.3923369027324952,10.948101733170915,2178.4821685835777,196
0.04547978,0.032890677,6.8037634,-6.927512,7.839902,0.34972242,-32.477604,-6.9582376,7.84453,0.42943838,-32.409306,-6.937989,7.8591056,0.5101917,-32.581123,0.045479782,0.22732013,2.452565,2.6361488e-07,0.032890677,0.14299111,1.441467,4.3834657e-06,-0.11318934,0.8224798,1.0,-1.0,-0.06988428968589351,0.04792166667613628,-0.013703182219046765,-0.23175827205987257,-6.988428968589353,3.4927790739789613,-3.6969724635286982,-15.951174554151052,0.024349676,0.65429586,1.0,-1.0,10,-0.05804741032833289,0.035100311771291394,-0.009670333549362703,-0.20041162172261384,-5.80474103283329,2.256576390955463,-3.7357181138401594,-9.481727201647583,0.006187706110753788,0.5792262451313216,1.0,-1.0,0.062491913345662536,0.028670453132059168,0.14968158959833386,0.028684260165652724,0.062366894216441524,0.02373624096615531,0.11637709378619367,0.03614115862474733,0.04201855473040156,0.04177055848157675,0.2029101813788198,0.005123852154154434,0.03037486256955605,0.024198147607493153,0.09673180466735933,0.005123852154154434,0.09443451090010052,0.03462134739679488,0.18446171925360583,0.056922623165248785,0.09992235987881058,0.030178096112510138,0.16196250087182892,0.06039807684411808,0.22,0.41424630354415964,1.0,0.0,0.18181818181818182,0.38569460791993493,1.0,0.0,-6.988428968589353,776004,198000,1980,8.138047344487859,1.3615008140041027,1.4127652154420502,10.912313373934012,2189.417730988469,197
0.02526037,0.03279295,7.2198615,-7.3235245,8.680523,0.82221216,-33.283604,-7.328485,8.664348,0.81097686,-33.457535,-7.231736,8.651041,1.0546257,-33.082333,0.02526037,0.038928602,0.2265225,4.6659125e-06,0.03279295,0.08516759,0.7276483,0.00012578361,0.08226181,0.8551877,1.0,-1.0,-0.06585912139896627,0.04611072102448895,-0.013744996410093111,-0.2453105360596111,-6.585912139896629,3.7277076907429043,-2.384291349845495,-12.513791627860487,0.013927281,0.38937005,1.0,-1.0,10,-0.051995058707844974,0.035050609408353424,-0.00730293908837182,-0.20052256742025476,-5.199505870784497,1.5572136092177302,-2.8267790545452383,-7.166045073248188,0.023825713157746314,0.5275418529323349,1.0,-1.0,0.0643762044994487,0.029378171021824218,0.14963215325631085,0.029871736928358344,0.06536446041321047,0.028517356014414005,0.12775268863478645,0.039279367751389606,0.03187964099410133,0.03794195281378204,0.20476500935339254,0.005359283057910554,0.021838989417062724,0.017105588220647585,0.054828486814103315,0.005359283057910554,0.07702022852924999,0.01773631055254654,0.1319571346113386,0.05685476929327808,0.08115758626262436,0.018185454863528093,0.11860695768808902,0.06284018412177254,0.4263636363636364,0.49454796122359374,1.0,0.0,0.45454545454545453,0.49792959773196915,1.0,0.0,-6.585912139896629,780004,199000,1990,8.135660904779797,1.385098350001499,1.4248385559476446,10.945597810728941,2200.4503186581424,198
0.11534837,0.057795554,7.6515684,-7.7479067,8.684182,0.7862606,-34.274063,-7.7932844,8.697227,0.7246828,-34.410286,-7.8375916,8.726933,0.66387504,-34.338097,0.11534837,0.5472301,4.8837924,6.2957406e-07,0.05779555,0.29717433,3.2947047,2.189645e-06,-0.049203698,0.8410181,1.0,-1.0,-0.06738842022069629,0.038271395903651,-0.017802363173733706,-0.22342358916081553,-6.738842022069627,2.4042240735814975,-3.047216161490394,-10.507595166101257,0.031408574,0.47205853,1.0,-1.0,10,-0.06430785988988737,0.050037698656236,-0.012722439273576185,-0.21883339036496718,-6.4307859889887355,3.577107448732105,-3.892811801710349,-16.773497551366415,0.062488188010060584,0.5580525559555753,1.0,-1.0,0.06551223925314521,0.021645808712374523,0.14742664980248857,0.03012181915165372,0.0666193417920916,0.019171535891309092,0.09384641108196276,0.03833603551711917,0.031513866558864484,0.03541988357650691,0.19809995029165928,0.006039563423653712,0.020124266266708532,0.011903358910051365,0.0532369925726323,0.007001180338078301,0.08149665872465409,0.020450954813338112,0.12260112660529501,0.05670029889753357,0.0832740452858865,0.020840487447964177,0.12084594118474487,0.06384835797205078,0.22272727272727272,0.41607671733797336,1.0,0.0,0.18181818181818182,0.38569460791993493,1.0,0.0,-6.738842022069627,784004,200000,2000,8.23488823880325,1.4728233559872024,1.3806817449512891,11.088393339741742,2211.505819664948,199
0.033866435,0.08923933,7.719095,-7.834573,8.357364,0.72849095,-31.456287,-7.8250422,8.323549,0.55112326,-31.362064,-7.8622446,8.383974,0.57288545,-31.505531,0.033866443,0.17498079,1.9304442,1.8453096e-07,0.08923935,0.70228326,7.9318433,1.5145536e-06,-0.0497102,0.8386088,1.0,-1.0,-0.07604910308004005,0.04245112865775917,-0.01814079274110617,-0.24143073601281115,-7.604910308004006,3.2752969223071604,-3.2875224958644687,-15.638325339521067,0.023986945,0.5955599,1.0,-1.0,10,-0.06551812274047851,0.04251388938145661,-0.009244016787950194,-0.23055034203238092,-6.55181227404785,3.2183003438523388,-3.859422582849222,-14.423280221748135,0.07834146100408922,0.5058231697067548,1.0,-1.0,0.06754447142022002,0.030394337086443964,0.15849627045743378,0.028481635297448706,0.07215847755073783,0.03015179824259315,0.15605091981307512,0.03650558110459242,0.045199785021478596,0.033864268372376445,0.20238106512130555,0.012488712929531418,0.034656018990867905,0.018449321787679836,0.0622416878704987,0.012503245512353437,0.09671766939258647,0.04735990222970106,0.24661064462437257,0.05698010454226135,0.1064415296555549,0.05604521564918789,0.2433633309093804,0.06323104313303417,0.15545454545454546,0.3623374528696504,1.0,0.0,0.18181818181818182,0.38569460791993493,1.0,0.0,-7.604910308004006,788004,201000,2010,8.073201770050218,1.43906703099492,1.3891066454525571,10.901375446497696,2222.3346328444313,200
0.0357916,0.032108955,7.558522,-7.7205076,8.552407,0.5103208,-33.827366,-7.7046247,8.539863,0.5069562,-33.877087,-7.7064166,8.521772,0.523788,-33.8611,0.0357916,0.13942233,1.3841441,6.3724738e-06,0.032108955,0.14115004,1.4699657,3.4796685e-06,0.008791172,0.87346953,1.0,-1.0,-0.06505786067332518,0.053149883682194025,-0.014893697932362482,-0.24119220069390723,-6.505786067332517,4.593323984858562,-2.6581227035552253,-15.688986171328287,0.040734913,0.4333706,1.0,-1.0,10,-0.05218926002455245,0.040445237478759465,-0.0070757559694170505,-0.2235550262781274,-5.2189260024552455,2.550991059176821,-2.7331754141117233,-12.245121263751026,0.04032153167211126,0.5353812057252325,1.0,-1.0,0.05538847946826986,0.03208250386191272,0.1566480742665057,0.028327403759006168,0.052751706047031804,0.02746699508786242,0.13672235983735512,0.033800433958509304,0.045271684526281386,0.04419702316692667,0.19401902293770654,0.01298449789603914,0.03600564827742843,0.036900920987123324,0.14318560659573137,0.012996024285368151,0.07345610598119166,0.010798918942437364,0.10672795627068703,0.05635385148436137,0.07846641162947779,0.009735689552831474,0.09504259328779827,0.06441718138059975,0.47545454545454546,0.4993971572417659,1.0,0.0,0.45454545454545453,0.49792959773196915,1.0,0.0,-6.505786067332517,792004,202000,2020,8.140574430348352,1.3677309019840322,1.3926760170725174,10.900981349404901,2238.450594998838,201
0.051411532,0.04948491,6.701871,-6.8041124,7.3788652,0.3654195,-30.481674,-6.802266,7.36405,0.45023274,-30.454872,-6.7950897,7.3845267,0.39825314,-31.130394,0.05141154,0.20712426,2.032492,2.161471e-09,0.04948491,0.23979051,2.447626,4.2433385e-08,0.031279784,0.8464629,1.0,-1.0,-0.060845117098479826,0.029950089686381767,-0.021409133923462248,-0.19810512357185558,-6.084511709847984,1.831543980908795,-3.1431194855299136,-9.985424115276908,0.058952257,0.45788217,1.0,-1.0,10,-0.06164261208566493,0.03443367253925389,-0.009537960771926797,-0.22473442910025504,-6.164261208566494,1.566190961812426,-4.530194447314743,-9.62330648737701,0.028160129129146543,0.5506094092986897,1.0,-1.0,0.06110694902101174,0.021378452241953616,0.14536390632783933,0.028962786326501823,0.05883786779731984,0.015312485010439811,0.08801502340223231,0.03529549066688208,0.027136145123823004,0.027815260926784147,0.16670924164824638,0.009599013052026057,0.018446283477522193,0.009388479291260028,0.040509668523615996,0.009612895366570418,0.08435321194170198,0.029446350429067247,0.18703744840606173,0.05676526207642979,0.09502348348696406,0.03688902957966398,0.18703744840606173,0.0654243858418887,0.19363636363636363,0.3951472160018967,1.0,0.0,0.18181818181818182,0.38569460791993493,1.0,0.0,-6.084511709847984,796004,203000,2030,8.197591587057104,1.4047023450257257,1.3906755318457726,10.992969463928603,2249.3491800758347,202
0.03129785,0.033738863,7.146719,-7.2404013,8.380307,0.66240144,-35.205162,-7.258526,8.4107275,0.6490735,-35.176342,-7.252818,8.426365,0.62244743,-35.191975,0.03129785,0.08749336,0.7978568,9.369842e-09,0.033738866,0.11652557,1.1117382,2.0810398e-07,0.059811883,0.8453371,1.0,-1.0,-0.04813282437279156,0.033166582312999744,-0.006433610307519419,-0.18486555729550222,-4.813282437279155,2.361980106998093,-1.5671162181847036,-9.66584151042443,0.040806692,0.44458652,1.0,-1.0,10,-0.066591864289006,0.04561386412008465,-0.008111642045186144,-0.22094368951199353,-6.6591864289005995,2.061832061166168,-3.7605796892499272,-10.532740846529078,0.029123601263829933,0.5315742847050516,1.0,-1.0,0.051917913939120215,0.01873083692382914,0.14331960689875853,0.028584359036123736,0.050881224689405834,0.01036064710157616,0.06482348982411386,0.03786089308572862,0.028416576324754847,0.025187226103239556,0.1611759941096201,0.0066778549387895925,0.021585873171706602,0.010583242058750952,0.03957778013059056,0.007569711782637882,0.08354643903703834,0.016427155309541887,0.11550865591392555,0.05630766270398365,0.08751121577763411,0.01493855071748751,0.10939240499472842,0.06685137127347664,0.3572727272727273,0.4791961243789798,1.0,0.0,0.18181818181818182,0.385694607919935,1.0,0.0,-4.813282437279155,800004,204000,2040,8.016948532516835,1.3105288369988557,1.416842343955068,10.744319713470759,2260.1617626702355,203
0.0373295,0.03501872,6.91204,-6.920947,7.9898753,0.20749399,-34.87611,-6.9224253,7.994289,0.13313419,-34.78483,-6.921646,8.004224,0.095777765,-34.95242,0.0373295,0.14305495,1.5324478,2.0137522e-06,0.03501872,0.14650832,1.590712,6.8681493e-07,0.0070413686,0.85483193,1.0,-1.0,-0.06580207945231405,0.031729622530812164,-0.025438286795541797,-0.20865543028023933,-6.580207945231405,1.444646040732777,-5.069520527181771,-9.414034339114234,0.07179889,0.566401,1.0,-0.9999998,10,-0.08343944429084578,0.04897199936316462,-0.007726657553692148,-0.21984102945929695,-8.343944429084576,3.3895438229651003,-3.6110007294238184,-14.699381150328087,0.04472319899472394,0.5765056343743331,1.0,-1.0,0.05736929620097216,0.020087263809479255,0.1491740496239192,0.029212330690544297,0.05533883729615137,0.011584310164208052,0.07631005040857326,0.03406391211884313,0.04140221476588902,0.03087069705330197,0.18813173334592295,0.013258388788946036,0.03220241683254163,0.014923033359481568,0.06912607493155794,0.013265025481343999,0.10127580937536168,0.05067074163055862,0.23846247318465466,0.057014892630954626,0.11098137912800513,0.05332856839824278,0.23846247318465466,0.06556237329162896,0.004545454545454545,0.06726658448613064,1.0,0.0,0.0,0.0,0.0,0.0,-6.580207945231405,804004,205000,2050,8.232255080103641,1.3790812079969328,1.4101408374262974,11.021477125526872,2271.2133089047566,204
0.038101055,0.023426745,7.3915334,-7.4652824,7.9814515,0.40992424,-29.44794,-7.4749565,7.9705424,0.43508548,-29.45759,-7.4347305,7.980447,0.51119757,-29.454975,0.038101055,0.14557567,1.5877111,3.0951037e-06,0.023426743,0.04508395,0.38062498,1.414552e-07,0.057561163,0.85577166,1.0,-1.0,-0.07707299508664188,0.050646194632431966,-0.021849359794308236,-0.20308337305329593,-7.707299508664189,3.989253548795662,-2.91162658109451,-17.833441384869797,0.057764255,0.5169513,1.0,-1.0,10,-0.053807083668457094,0.03380986268643616,-0.00616679220063305,-0.18638281794975403,-5.380708366845709,1.3008407038228411,-3.5493994582048045,-7.30324202244448,0.03418508890767437,0.45719141791273127,1.0,-1.0,0.05853273318320486,0.02936670389438525,0.16635320047958493,0.027592132823690406,0.05807276475753284,0.0307269338960499,0.1517309992610993,0.03595259440578462,0.05753611570465599,0.04476798589774532,0.18977622853768575,0.008453299364797408,0.043865701370117326,0.028107053663189444,0.10140082643020305,0.00889388115596806,0.09623570774948237,0.04526329786414445,0.2221486745881457,0.05681732742081416,0.1080148368994588,0.04587603594612642,0.21748117450652515,0.06445616784818203,0.24,0.42708313008125237,1.0,0.0,0.2727272727272727,0.4453617714151233,1.0,0.0,-7.707299508664189,808004,206000,2060,8.55940446612658,1.4093389350164216,1.428863468754571,11.397606869897572,2282.5857929296035,205
0.062132075,0.052315883,7.079254,-7.147261,7.3494406,0.3194976,-26.019169,-7.1587315,7.348631,0.2480616,-26.023787,-7.1831255,7.360868,0.28026816,-26.192482,0.06213208,0.33553162,3.7549188,1.2666434e-05,0.052315887,0.17396022,1.665259,1.2224872e-07,0.03641408,0.8426351,1.0,-1.0,-0.058335738552591894,0.042603949345738766,-0.0032594379929331784,-0.22067513621342336,-5.833573855259189,2.834445044727384,-1.2501683872205709,-10.839326326532033,0.024939546,0.55706567,1.0,-1.0,10,-0.06499810480116817,0.03791413949830939,-0.005533687480666868,-0.21679423849597468,-6.499810480116816,1.3105441560582192,-4.718911487972155,-9.046675443992616,0.040894791930435326,0.5284528078301314,1.0,-1.0,0.05755605449178662,0.026028396971121987,0.15603374606791243,0.029467514892174147,0.053544918426334354,0.01681872711569652,0.08345165882493662,0.0368813052058534,0.033214627278944954,0.03345739130754284,0.20827160059965716,0.005227027941587261,0.02326566884724274,0.013573463967234,0.044041109336814925,0.005452570779731144,0.09900106192026122,0.043806572094350876,0.2633601830792423,0.05663084951308203,0.11501144868645231,0.05319029281701025,0.2550153224973445,0.06702702435139524,0.3845454545454545,0.4864876647294198,1.0,0.0,0.45454545454545453,0.49792959773196915,1.0,0.0,-5.833573855259189,812004,207000,2070,8.263090575870592,1.3844986430194695,1.4408918941917364,11.088481113081798,2293.6839590846794,206
0.04241957,0.050943874,7.766552,-7.866217,8.453773,0.7129346,-31.434809,-7.895945,8.459127,0.7412641,-31.425947,-7.8630633,8.449085,0.7150125,-31.405735,0.042419568,0.26072648,2.7561884,2.8521754e-09,0.05094388,0.23957855,2.2875028,1.3939316e-06,0.10783752,0.8085787,1.0,-1.0,-0.07624880750504376,0.044480429059431205,-0.007268833234243322,-0.2168338046196627,-7.624880750504377,3.4544542770392557,-1.1443934666213142,-12.875926668572138,0.023116466,0.5581175,1.0,-1.0,10,-0.06761762281842192,0.043509489123577036,-0.011530584658951936,-0.22511279080691637,-6.761762281842192,2.760663744962139,-3.8433035555620707,-13.69756767107406,0.01497093412977092,0.5876022919152173,1.0,-1.0,0.063957927071714,0.02543733494945495,0.15769402524818368,0.028234286207010833,0.06277184376570845,0.02144088377557065,0.11428929827387803,0.03510268444427079,0.049378150371644954,0.04014955585020585,0.18156881285251633,0.007646301128110189,0.03691975796708374,0.025311626724082718,0.10170420825369747,0.008687720069640126,0.08643578393045985,0.04050784585929207,0.22679550424986022,0.05664351057489399,0.09436535966850014,0.044963209774576865,0.22679550424986022,0.06724002289742946,0.15,0.3570714214271425,1.0,0.0,0.18181818181818182,0.38569460791993493,1.0,0.0,-7.624880750504377,816004,208000,2080,8.130184670357266,1.3944375730061438,1.4244323508464731,10.949054594209883,2304.6375501248986,207
0.04157792,0.038916927,6.931937,-7.0352983,8.71851,0.46013242,-33.85581,-7.0383477,8.733874,0.49194488,-33.763683,-6.981564,8.731826,0.45730677,-33.7142,0.04157792,0.1498869,1.4999411,6.2431354e-08,0.038916927,0.19556323,1.9431242,4.5316438e-07,-0.037343163,0.8446814,1.0,-1.0,-0.05576098671933402,0.038972527571431013,-0.015390075241605829,-0.20272675281723884,-5.576098671933402,2.830962527603989,-3.6950204510955924,-14.201513838243228,0.030809069,0.47550654,1.0,-1.0,10,-0.06953830215020265,0.05067650022865543,-0.009689778751258288,-0.21428070054445064,-6.9538302150202655,3.544588649266969,-3.187320321449841,-15.263799721397573,0.0720727699557583,0.5508477324363599,1.0,-1.0,0.05157909390012911,0.016496786337770797,0.13657012885726091,0.03182548567245622,0.0510206579159947,0.010716672889512965,0.07672761724880843,0.04019357480851589,0.03570042621698117,0.03815449667392364,0.1910570635128255,0.009530058598561866,0.02292032313064726,0.01321846799827788,0.059513857163759516,0.00954139306871403,0.08293434111929755,0.018172353521355905,0.15888301729370116,0.05699811864784469,0.09310679214877947,0.026031590598103543,0.15870858328769122,0.06724257063604547,0.2736363636363636,0.4458245216811558,1.0,0.0,0.2727272727272727,0.4453617714151233,1.0,0.0,-5.576098671933402,820004,209000,2090,8.46909449857776,1.399603923986433,1.4045904062804766,11.27328882884467,2315.884365442733,208
0.07365849,0.08197941,7.12453,-7.2179637,7.756333,0.5183104,-30.014954,-7.2296915,7.7611785,0.40487275,-30.056768,-7.2559433,7.7717657,0.4740497,-30.216133,0.07365849,0.34187722,3.0114782,4.1040772e-07,0.08197941,0.38942495,3.5919611,3.0749892e-05,0.084074385,0.84561425,1.0,-1.0,-0.08704135685704233,0.0341857380028598,-0.031788751486142186,-0.21313761641440082,-8.704135685704232,2.6067422429509133,-3.4833714194109073,-13.073230167850065,0.051761135,0.6158257,1.0,-0.99999976,10,-0.06449450763959487,0.036917592214065736,-0.004717385210456984,-0.20573597143006753,-6.449450763959487,2.356959397846305,-3.888221506932665,-12.24278712160947,0.05144047613050014,0.5165257162992742,1.0,-1.0,0.06874186891901217,0.024273569868690205,0.14865178995900524,0.027421967689160623,0.07267527760144533,0.02227737043233191,0.10418585641715991,0.03381675355989076,0.05738264603479488,0.0347691414813954,0.19262473299746563,0.013385873813298668,0.04618667089983093,0.023024067576259247,0.10672681178547587,0.014385754031103403,0.0747159894870845,0.015292455501814175,0.12947449803404643,0.05762737524519314,0.07521876948043958,0.013527266443797354,0.11333535559888737,0.06593603817268033,0.03909090909090909,0.193811273968661,1.0,0.0,0.0,0.0,0.0,0.0,-8.704135685704232,824004,210000,2100,8.05568838911131,1.3731341949896887,1.418852465430973,10.847675049531972,2326.733982644306,209
0.021813229,0.021811327,6.4224005,-6.5270896,7.852813,0.4620758,-29.966253,-6.5107045,7.854758,0.54295576,-29.831978,-6.570973,7.849013,0.431511,-29.865364,0.02181323,0.053761613,0.49026814,6.4818755e-06,0.021811325,0.03972045,0.28136188,8.453641e-06,0.15988226,0.8116838,1.0,-1.0,-0.07493407597144662,0.045454017544948704,-0.013720107197143738,-0.2232644906778677,-7.493407597144662,3.670541519726712,-2.0281597014388932,-16.540923110191276,0.006369061,0.5918276,1.0,-1.0,10,-0.05895137567210617,0.04159913788878089,-0.0025616178452316342,-0.22983551596405577,-5.895137567210615,2.3763619991361304,-2.9816294485870958,-9.603153393550558,0.04222274063453471,0.5302151417166505,1.0,-1.0,0.06717941176201521,0.03447669466342511,0.160611835741861,0.02883953406209177,0.07151052752596317,0.03633192479985837,0.160611835741861,0.035701942324954494,0.04221377917481569,0.034458753252310466,0.192988354354704,0.008662881400867796,0.03164614188467406,0.012196795585008025,0.050532594812943414,0.00867380928304776,0.09055965181058925,0.03397247526471836,0.1888241184184188,0.05660945352030745,0.09207894261447103,0.03398889033476553,0.16891842615571742,0.06338368833627832,0.16545454545454547,0.37159028356911483,1.0,0.0,0.18181818181818182,0.38569460791993493,1.0,0.0,-7.493407597144662,828004,211000,2110,8.608541620371398,1.3753739040112123,1.4304250847490039,11.414340609131614,2338.2011257164413,210
0.09839682,0.10652366,7.2588215,-7.3066587,8.02591,0.6903105,-32.01323,-7.3104,8.037725,0.6093588,-31.9534,-7.3237815,8.05611,0.6164894,-31.867666,0.098396815,0.8696922,9.890212,5.0208564e-07,0.10652368,0.93226796,10.601775,6.684042e-08,-0.01393158,0.85489225,1.0,-1.0,-0.06978244011787511,0.04251133755521103,-0.017674551435595334,-0.2502263293544448,-6.978244011787511,3.194200305223197,-3.4784230673364687,-12.045883751222453,0.026939707,0.51956505,1.0,-1.0,10,-0.06423792796821688,0.04195841607503077,-0.005786788884258346,-0.2526716403789638,-6.423792796821689,1.963200362289777,-2.903920477412695,-9.275896172008949,-0.010119132128130722,0.5387389208237332,1.0,-1.0,0.05879835089688137,0.02460736296940687,0.1495759794575141,0.029376187687847076,0.06245248905808695,0.026383314635867013,0.1141146061723051,0.039627339644464916,0.04643577688196295,0.03911636629739395,0.2040560593196122,0.013209144227064385,0.03562352456248268,0.02141726504150041,0.07817937495830873,0.013221969964229459,0.08112240328294201,0.023802912470398993,0.1705307103659187,0.056644678540787134,0.08372338851523323,0.023706790805478946,0.14778486839458335,0.06252889116223337,0.14727272727272728,0.3543775826352171,1.0,0.0,0.09090909090909091,0.2874797872880344,1.0,0.0,-6.978244011787511,832004,212000,2120,8.276442882255651,1.4285763869993389,1.403236173413461,11.108255442668451,2349.2754938590224,211
0.015956106,0.017643394,7.211084,-7.324312,8.536632,0.6174953,-35.94211,-7.335312,8.551605,0.63470185,-36.04256,-7.333325,8.545759,0.6112317,-35.951218,0.015956106,0.03588971,0.3074381,6.1009814e-08,0.017643394,0.036571342,0.27149358,9.488667e-08,0.048731297,0.81923497,1.0,-1.0,-0.06648788243762298,0.038592604938527446,-0.02299692369098541,-0.23447605018878026,-6.648788243762297,2.466044659144981,-2.5846054303126587,-11.567758091651196,0.023772465,0.49457365,1.0,-1.0,10,-0.06470859593914541,0.04284240583321987,-0.009446888464956898,-0.21435958185662093,-6.470859593914542,3.3497677732300835,-3.238946155737788,-13.11423778506706,-0.0071009439845488714,0.5558468579539304,1.0,-1.0,0.06328217022444069,0.021781954986590416,0.1374429607203023,0.029654081770940807,0.061353138694499654,0.019519131815945605,0.11213011466285157,0.04010516263024095,0.03309869869295848,0.03699957727004983,0.21050700504741926,0.005172221281993514,0.021901096642890562,0.014488390800227778,0.0582770869699898,0.005175114570324271,0.09716872026180151,0.04565730755502893,0.25066192184282166,0.05680158898464871,0.1048455493827216,0.0457231664962612,0.22511341568215656,0.06533102861903735,0.19363636363636363,0.3951472160018967,1.0,0.0,0.18181818181818182,0.38569460791993493,1.0,0.0,-6.648788243762297,836004,213000,2130,8.230019886919763,1.3953273569932207,1.4141842932149302,11.039531537127914,2360.3848183251393,212
0.03738202,0.03533423,6.879274,-7.0639296,8.360742,0.28434816,-36.79077,-7.0814877,8.366725,0.24998748,-36.91357,-7.0674295,8.3723755,0.27917123,-36.78689,0.03738202,0.14485897,1.3613222,6.3035977e-06,0.035334233,0.15181229,1.5137353,6.1789984e-07,0.05852665,0.8544593,1.0,-1.0,-0.05571783101571839,0.038787777858814335,-0.014198536696829373,-0.20286631733881244,-5.571783101571838,2.5663480441898243,-2.377989415070735,-9.898089814940876,0.02742022,0.57513183,1.0,-1.0,10,-0.06510892051570218,0.049166000881323904,-0.009724997384411222,-0.2647832402420875,-6.510892051570218,3.7102653452488954,-2.8643921967665875,-15.488576026112668,0.04490401894042014,0.5161281235878614,1.0,-1.0,0.05234635466884315,0.022906710844392286,0.13265507430911969,0.02792111215018451,0.05548460491338769,0.02219847275131361,0.10071550614037567,0.03645102520214743,0.03624318590985274,0.03240459188205484,0.17452941456303855,0.007127003844717544,0.026439377530451835,0.01585495391160912,0.05191888028770909,0.011100156162526909,0.09565805699470642,0.03461095499032923,0.1638438868852109,0.056641194488458065,0.10197763670061165,0.036748008428296716,0.1638438868852109,0.06442432064646601,0.4009090909090909,0.4900826376597493,1.0,0.0,0.45454545454545453,0.49792959773196915,1.0,0.0,-5.571783101571838,840004,214000,2140,8.207496025424916,1.4658083030080888,1.365785945818061,11.039090274251066,2371.345289498393,213
0.13121495,0.16808368,7.010873,-7.1601086,7.9983053,0.49020946,-38.48032,-7.169532,8.021918,0.45581058,-38.67696,-7.183607,7.9776835,0.5318543,-38.4218,0.13121495,0.6884734,6.9440603,4.9955474e-07,0.16808367,1.2208109,13.553116,9.250395e-06,0.00781915,0.8471595,1.0,-1.0,-0.05901416634249658,0.04609606011070631,-0.00573857751898704,-0.24621541085058712,-5.9014166342496575,3.7450944129403747,-1.474693245501957,-12.536516704133962,0.01698531,0.5685295,1.0,-0.9999997,10,-0.07261492276194643,0.04524199134514652,-0.006445415783952402,-0.22635559459780483,-7.2614922761946445,3.1380287609714963,-3.0927385663255085,-12.824629270524827,0.04668779154930766,0.5430134764398123,1.0,-1.0,0.05657242496842542,0.030280789717410883,0.1521451687407614,0.02883227147104258,0.05546559484518787,0.026813120921421105,0.11888595626966711,0.03752624646117509,0.03441762401943528,0.036107764064693605,0.20280630309218833,0.005768832653128275,0.026257060763439997,0.020802100878374835,0.06470707567688422,0.005964460782063928,0.09176725735729926,0.036933137364550686,0.18793851889741992,0.056592759212587954,0.10024611979826997,0.0396773835026076,0.17634439800164875,0.06488688537172273,0.3809090909090909,0.48561029166596215,1.0,0.0,0.2727272727272727,0.4453617714151233,1.0,0.0,-5.9014166342496575,844004,215000,2150,8.467665950156515,1.3868207659979817,1.4127043967600912,11.267191112914588,2382.6541891302913,214
0.05228193,0.039695814,6.9033337,-7.007018,8.0771,0.20540413,-35.673496,-7.0103593,8.059525,0.18344915,-35.646725,-6.9427805,7.996235,0.2186646,-35.16684,0.05228193,0.13897143,1.2529539,3.1889215e-08,0.039695814,0.0769849,0.44403425,2.2632832e-08,-0.005584443,0.870436,1.0,-1.0,-0.03932084610462031,0.025502811402773107,-0.0154574167313183,-0.1895791673634915,-3.9320846104620313,0.901294011120752,-2.1963913850735914,-5.480579181102252,0.030658007,0.4165348,1.0,-1.0,10,-0.059237050708184226,0.03916993091334533,-0.008263285131254145,-0.24102568304435232,-5.923705070818422,2.150084400407941,-2.968264327917353,-9.197533386900101,0.03970296147568024,0.5736845270739681,1.0,-1.0,0.04499225419727926,0.016909869785238278,0.1514795950744883,0.028443355278047606,0.04557637162144195,0.007555176946693367,0.06164261168112536,0.03611002888449063,0.023444518287703633,0.019761814102973715,0.13240619521481145,0.008219197928171508,0.01709435362446689,0.006703861561246186,0.030607810492624087,0.008726534698429345,0.07683345279743214,0.022239499474876932,0.15156054986310827,0.05666904146137758,0.07993097150023117,0.02444338909397138,0.1514469989881279,0.0625548603135302,0.4218181818181818,0.49384977807607155,1.0,0.0,0.18181818181818182,0.38569460791993493,1.0,0.0,-3.9320846104620313,848004,216000,2160,8.291877719893819,1.4286364110012073,1.4109162355016451,11.131430366396671,2393.73508935672,215
0.03455192,0.10303457,7.844301,-7.9373937,9.042232,0.12133899,-37.889183,-7.931495,9.050132,0.19879672,-38.038795,-7.9477,9.043426,0.11354915,-37.85787,0.034551915,0.08553581,0.83216274,1.7626116e-06,0.103034556,0.7504205,8.36201,4.769481e-06,0.24621746,0.7798101,1.0,-1.0,-0.08999004911005745,0.040806593740092385,-0.0321412206356057,-0.244201492641133,-8.999004911005745,3.078949893725011,-4.597883229288944,-15.5620906536062,0.027761586,0.6981477,1.0,-1.0,10,-0.05040964984176918,0.03321687943670274,-0.008484064317579296,-0.21242549503862812,-5.040964984176918,0.8360802043212648,-3.29086119691693,-6.231320250597354,0.036768693479271364,0.5337177726906706,1.0,-1.0,0.07409465373206923,0.025612774337492573,0.14702095420564817,0.028451792014481243,0.07395711276350164,0.022993419881917634,0.12199750639894136,0.04221887461110293,0.05582393155558768,0.03964713436257968,0.2074106972286253,0.012536705629703448,0.041060372899721205,0.022814102263210692,0.0883463348435316,0.012545414822846901,0.08290214206305274,0.02846284873636706,0.20573925488633385,0.05705966933395681,0.09522700232448181,0.03565816610797034,0.19054999570693495,0.06586468366673025,0.0,0.0,0.0,0.0,0.0,0.0,0.0,0.0,-8.999004911005745,852004,217000,2170,8.247795564791886,1.3780122520111036,1.4289691330050118,11.054776949808002,2404.8273769665393,216
0.07397312,0.0866226,6.8546705,-6.911515,7.626306,0.15388504,-35.00305,-6.914373,7.6179843,0.15147114,-34.980278,-6.9534907,7.637052,0.25148076,-35.008644,0.07397313,0.59398633,6.718988,4.520416e-07,0.086622596,0.6514074,7.228973,2.6099187e-06,-0.00082153827,0.8232494,1.0,-1.0,-0.05790699988698907,0.04008636508590602,-0.0077693899197116625,-0.2312297435947099,-5.790699988698905,3.2168166981450756,-3.3347031813970753,-14.003858827227948,0.03614243,0.4820573,1.0,-1.0,10,-0.0694800258235029,0.04946755622700113,-0.008095518069969769,-0.2540577621181817,-6.94800258235029,3.5639825231518896,-2.949591587388198,-13.650328986124714,0.02965024738963755,0.5229413314099574,1.0,-1.0,0.0554579996362278,0.021959965012569943,0.14094064370947318,0.0288073670685795,0.0577349667015627,0.021663096332046345,0.1099044874373331,0.03457144334573037,0.03567172781984813,0.034432189438300335,0.19941866551493737,0.007928989591552403,0.02752277238783686,0.021630162306161757,0.08666362539687611,0.008803772407720126,0.08636623548680845,0.024508269040363094,0.16874517882038945,0.05680624694839804,0.09726590435059651,0.0304227976882899,0.16874517882038945,0.06516983514187602,0.33636363636363636,0.4724649621885921,1.0,0.0,0.18181818181818182,0.385694607919935,1.0,0.0,-5.790699988698905,856004,218000,2180,8.32732928515179,1.4159219799912535,1.445138808194315,11.18839007333736,2415.9654071689,217
0.033620283,0.024741326,7.612359,-7.695716,8.723571,0.45345655,-33.76924,-7.688331,8.703954,0.46077394,-33.64642,-7.633547,8.691086,0.4752237,-33.601604,0.033620283,0.12758556,1.3677578,9.370419e-07,0.024741326,0.09076795,0.66345197,3.7553255e-06,-0.021301735,0.8477921,1.0,-1.0,-0.05070323226062168,0.031659924106193164,-0.016970976904325637,-0.20200205228232446,-5.070323226062168,1.7679177978861034,-2.2529478508881353,-9.562958023230655,0.049460363,0.5267059,1.0,-0.9999995,10,-0.05544676932728778,0.04365243025343896,-0.0019592851839226313,-0.22577868900716785,-5.544676932728776,2.5763073804535765,-2.6324820172237047,-11.389232850692984,0.042296873173130654,0.5435767454126155,1.0,-1.0,0.051948638929759455,0.018323439252924796,0.14834883812526886,0.028645368689464816,0.05210532623407587,0.01037443618387598,0.07425021380492897,0.03768944232138137,0.02989905133446253,0.026528396401542708,0.17536100346577435,0.009442650188116696,0.021654962147087016,0.011613306199386835,0.050329379277504825,0.009442650188116696,0.08821976743268206,0.02713440867058851,0.14462487535750498,0.056641247302715345,0.0930718811281773,0.02759437243253256,0.14422458267712326,0.06394746832655505,0.3609090909090909,0.4802642179137068,1.0,0.0,0.2727272727272727,0.4453617714151233,1.0,0.0,-5.070323226062168,860004,219000,2190,8.560567219217774,1.36578826099867,1.4080978377896827,11.334453318006126,2427.353025818942,218
0.033201803,0.02642655,7.190773,-7.2630343,8.1062975,0.137276,-32.23043,-7.24874,8.084765,0.09145063,-32.043636,-7.287756,8.1126175,0.14136954,-32.353073,0.033201803,0.14042409,1.5432217,3.2198386e-09,0.026426552,0.078045234,0.7843635,1.2535347e-06,-0.02203209,0.85151887,1.0,-1.0,-0.06238449797630812,0.042224108542242275,-0.015908107810176337,-0.21164435993499636,-6.238449797630813,3.1481300184756846,-2.4959127027223866,-12.42177473938553,0.049899492,0.5963401,1.0,-1.0,10,-0.0762442043661019,0.04317398720322744,-0.011853076427216263,-0.22434709058595073,-7.624420436610191,2.982053725055135,-3.062810079120459,-12.319364997150052,0.028706189990349375,0.5730516453538604,1.0,-1.0,0.06137267599557488,0.028694846031984318,0.15480817605539696,0.03078814486982103,0.060044686558917565,0.024678005943490386,0.11189985551725448,0.03697563902183111,0.0345127786263383,0.031145555865436266,0.1827350085195393,0.00892925802021876,0.025381493585632162,0.015719330118701868,0.06075702659780155,0.008944263036535813,0.08661802402653515,0.028941046313403048,0.16901140585874316,0.05727645150937502,0.09170280472595288,0.030443189982955768,0.16901140585874316,0.062202455611958266,0.2390909090909091,0.426528365154056,1.0,0.0,0.18181818181818182,0.385694607919935,1.0,0.0,-6.238449797630813,864004,220000,2200,8.236414225335466,1.419321696012048,1.4073549702879973,11.063090891635511,2438.37308060957,219
0.037277766,0.05064402,6.82084,-6.9452677,7.844339,0.34006026,-33.86671,-6.9741545,7.8546677,0.39078256,-33.658558,-6.9388304,7.8614593,0.3787665,-33.809452,0.037277766,0.13829136,1.1321024,1.5833158e-06,0.050644018,0.22533363,1.9787422,7.194405e-06,-0.043122254,0.8551032,1.0,-1.0,-0.07096137093524352,0.049500928365320364,-0.015285781874826484,-0.26158482078806955,-7.0961370935243515,3.1454080361312298,-2.1349931911762954,-12.168128545662702,0.08128587,0.45575738,1.0,-0.99999905,10,-0.05885366052450576,0.03762243456844904,-0.005177674842183801,-0.25894311718477464,-5.885366052450575,1.8706326674836518,-2.844622847028221,-9.203580100251214,0.05516724236096722,0.5433605486834698,1.0,-1.0,0.0568591774440488,0.02290920129041635,0.1584470787600423,0.029408425438124802,0.056852758313230486,0.017592599183145673,0.08667390054366562,0.0352932129494357,0.048215764242544264,0.05040711702982042,0.21462389762314216,0.01108752173185321,0.030368562690923247,0.029006335522483537,0.11689632734400268,0.01108752173185321,0.1027441361932554,0.05708300153046376,0.23739145731316869,0.05652343046766713,0.12327816015429591,0.0661349224093181,0.2284097415946617,0.06317058057662683,0.21454545454545454,0.4105066412122206,1.0,0.0,0.18181818181818182,0.38569460791993493,1.0,0.0,-7.0961370935243515,868004,221000,2210,8.236248005996458,1.3763554299948737,1.386888795910636,10.999492231901968,2449.365754879487,220
0.04558166,0.029274821,6.4950995,-6.5884647,7.692251,0.25586694,-31.334011,-6.6114535,7.676888,0.18471956,-31.323332,-6.5656347,7.646082,0.1685382,-31.207888,0.04558166,0.19503333,2.094034,1.04732116e-07,0.029274821,0.077057004,0.6264369,3.1231684e-07,0.11320041,0.8247108,1.0,-1.0,-0.07239544233143812,0.04283455430886665,-0.016200471112917805,-0.2443689023329166,-7.239544233143812,3.038909334183636,-3.9915066858924946,-12.645325309438666,0.038181465,0.6713542,1.0,-1.0,10,-0.06640816441509483,0.049625987112538544,-0.005506766404404273,-0.23848376748806233,-6.640816441509484,3.383542374350499,-3.03982415551241,-15.656625144510599,0.034529504239912356,0.5160664645635211,1.0,-1.0,0.06781774996485583,0.02682247602457503,0.15450948961168362,0.032446474665764495,0.06825463608843738,0.025570095806954934,0.12961570391997015,0.0466109085864627,0.03868225469991542,0.03680772269630678,0.20429874312511986,0.0060865054977592556,0.027818330321223484,0.018199568333883406,0.06227880463262191,0.006090626758174308,0.08545318667366457,0.02881457127052467,0.1806208479232724,0.056870227156833264,0.09191545342519335,0.028616365993288328,0.155191202567122,0.061085041921104734,0.27545454545454545,0.44674303446497654,1.0,0.0,0.18181818181818182,0.38569460791993493,1.0,0.0,-7.239544233143812,872004,222000,2220,8.20679921496776,1.3700887739832979,1.427651918871561,11.004539907822618,2460.4063369373034,221
0.050523065,0.059276544,6.690646,-6.8140593,7.6649837,0.2569073,-32.70618,-6.7972608,7.6770334,0.21906623,-32.730125,-6.840523,7.7050104,0.20182781,-32.680317,0.05052307,0.18486147,1.6972914,4.6886635e-07,0.059276544,0.26219946,1.8253552,8.754347e-08,0.019171417,0.87629706,1.0,-1.0,-0.04563954509819094,0.03820447088454988,-0.006539850506781638,-0.21361551693642622,-4.563954509819094,2.073885228328196,-1.4433050259535645,-9.478989751268761,0.02709735,0.6009469,1.0,-1.0,10,-0.052009664310331646,0.03238122379651696,-0.007762623653456591,-0.20821579700057752,-5.200966431033163,1.6414416774709493,-2.5699159915197494,-7.762783912652447,0.057190830231233565,0.5279492842312993,1.0,-1.0,0.0493151371004461,0.02132380495990242,0.15479611642848592,0.028378957645927766,0.04716422880021007,0.012962247503409147,0.07449597129734116,0.03396201693354398,0.027345752813325897,0.030731389268243637,0.1764528887083041,0.005393845441950578,0.01758039427524445,0.007719307901563088,0.031167442804107996,0.005719403931888026,0.10223470478797649,0.04074186386668317,0.2284004178940639,0.05705780032196376,0.10943578948114388,0.04085455926856558,0.20673085453527595,0.06487201095166657,0.3972727272727273,0.48933332958017123,1.0,0.0,0.36363636363636365,0.48104569292083466,1.0,0.0,-4.563954509819094,876004,223000,2230,8.276485611626413,1.4063527910038829,1.3995504139747936,11.08238881660509,2471.5009942588804,222
0.038362235,0.031980053,7.4138956,-7.509011,8.735702,0.13125712,-38.09242,-7.508867,8.747509,0.052304417,-38.05901,-7.5508933,8.747293,0.06646487,-38.18197,0.038362242,0.19380859,1.9694177,5.6050396e-08,0.031980053,0.17193659,1.8907351,3.1525502e-07,-0.03148851,0.8291935,1.0,-1.0,-0.05999404614876765,0.045292543584294645,-0.015179867548157745,-0.2271787634690321,-5.999404614876766,2.6046269204482964,-3.307450454628577,-13.256360941732183,0.03389889,0.47385582,1.0,-1.0,10,-0.0691826262684057,0.043598735181429094,-0.005360047023002492,-0.2206325916512313,-6.918262626840571,3.1372149014036714,-2.241796985756843,-12.295055506747389,0.059222149699329506,0.5673813650691293,1.0,-1.0,0.0558306211146638,0.024171468796494375,0.15383532284733084,0.030212261833339676,0.052688512415013995,0.016625220016508388,0.09082347686567664,0.037873678555115434,0.036984236928300634,0.04049987533725317,0.1935812094238797,0.006264845642332458,0.02361149533207603,0.018454861153100823,0.0746372863420393,0.00627328302445437,0.10550014858324289,0.049876896162759046,0.18741880897540242,0.056640214816160106,0.11942500487167655,0.05048831715587864,0.18741880897540242,0.06461609232228563,0.3654545454545455,0.4815573908280892,1.0,0.0,0.45454545454545453,0.49792959773196915,1.0,0.0,-5.999404614876766,880004,224000,2240,8.360423616162734,1.4192149419977795,1.429444282402983,11.209082840563497,2482.652889365505,223
0.03115985,0.037760105,7.6288176,-7.7035875,9.180376,0.5714483,-36.23492,-7.7214484,9.172062,0.52743256,-36.156048,-7.7189455,9.166011,0.5580563,-36.254612,0.031159852,0.16223101,1.7163485,1.7826096e-08,0.0377601,0.21983065,2.3317769,3.3068083e-08,-0.014872339,0.84859455,1.0,-1.0,-0.06329959471193947,0.04032002343038725,-0.0032317622184484434,-0.2414962770439262,-6.329959471193945,2.479896454734431,-1.0638295524011767,-9.782036703060978,0.03964124,0.51089,1.0,-1.0,10,-0.06834003192838145,0.03681456773610149,-0.006473100739259508,-0.23794431582884687,-6.834003192838144,2.3259333785620817,-4.016720953796677,-11.88409400477014,0.06233042927868679,0.5571526318628452,1.0,-1.0,0.061091928103499865,0.02382254130138961,0.15956527241341245,0.02813530960237672,0.05808757909560453,0.014957779124907533,0.08762832211058559,0.03531802847213345,0.03501366471326046,0.03458720279619537,0.20347203408398934,0.005750516967504019,0.02530855737421159,0.015620249035248756,0.058575749743741835,0.005750516967504019,0.08580012090378357,0.033596515476495295,0.194877285884433,0.05661746216609056,0.09431513379544337,0.037616548396731064,0.194877285884433,0.06431450518667423,0.23363636363636364,0.4231434901107903,1.0,0.0,0.2727272727272727,0.4453617714151233,1.0,0.0,-6.329959471193945,884004,225000,2250,8.101171028538374,1.3623768320248928,1.3984398640750442,10.861987724638311,2493.550494613155,224
0.14382307,0.08956701,7.3676467,-7.471741,8.264532,0.4795263,-36.30516,-7.497492,8.261167,0.2827087,-36.080643,-7.5498176,8.321918,0.4036186,-36.573715,0.14382307,0.6015152,4.641876,3.852041e-06,0.089567006,0.3425891,3.0026157,6.726623e-09,0.016480763,0.8476382,1.0,-1.0,-0.06767599495553081,0.04469270035184189,-0.014921645236877057,-0.24022919960532707,-6.76759949555308,3.42754688561479,-2.2436827257710994,-12.873176465879844,0.033326432,0.60432297,1.0,-1.0,10,-0.0632099306162047,0.0404384586469765,-0.007263434784545966,-0.1891419383568381,-6.32099306162047,2.8789525550101738,-3.3448908107391593,-12.170979770447087,0.035926366750936925,0.4960199148922496,1.0,-1.0,0.05723377958344389,0.026566520527438544,0.14725201614059946,0.027886268136626976,0.05681927358111076,0.020849491474404375,0.11137126955578895,0.037628662055845516,0.04509683902206,0.040203467366123215,0.21622337999189678,0.011571765632994965,0.035627993603074774,0.02547240681556249,0.099064086252071,0.011587054919527103,0.09142846544604602,0.04566488007104104,0.21228464310369907,0.0565755656172839,0.10039734929861246,0.05116766359896219,0.21228464310369907,0.06250798443263252,0.2309090909090909,0.42141438352840793,1.0,0.0,0.18181818181818182,0.385694607919935,1.0,0.0,-6.76759949555308,888004,226000,2260,8.172133992571617,1.3987897460174281,1.4140669124899432,10.984990651078988,2504.5302791961876,225
0.05811589,0.06598204,6.6334352,-6.7627587,7.785083,0.49008584,-32.784893,-6.7342324,7.7959185,0.54899025,-32.783337,-6.756158,7.776117,0.5195321,-32.819427,0.05811589,0.25054052,2.2223735,7.104995e-08,0.06598204,0.3537524,3.500999,2.4238545e-08,0.023445163,0.8413876,1.0,-1.0,-0.07442426283244258,0.05393180014002057,-0.008005718348386015,-0.2527514420292163,-7.4424262832442585,4.6633945828288255,-2.2023618272684535,-16.26742398973715,0.045300134,0.61569047,1.0,-1.0,10,-0.06006588247577659,0.04327772839771294,-0.006619766739547665,-0.2656403764738481,-6.006588247577659,2.840467979715452,-2.317700949143227,-12.37688296968254,0.05892843123400995,0.5189262304897869,1.0,-1.0,0.06636406668230962,0.03623943482897119,0.15802433875141145,0.028889169669008907,0.06527452575004637,0.033491690446952244,0.13702462868805146,0.036837724662676666,0.04550719848325195,0.04137724220437415,0.2126685357179775,0.005172880378028952,0.03231793264211031,0.025012374993616818,0.07019078903544636,0.005207497884843687,0.08493989283529561,0.020483412108844457,0.1522526359662496,0.056916801070966194,0.09425158173973465,0.02244263236968065,0.14144709625185944,0.06850576897913473,0.4081818181818182,0.4914971225628929,1.0,0.0,0.45454545454545453,0.49792959773196915,1.0,0.0,-7.4424262832442585,892004,227000,2270,8.129962665756466,1.3938207890023477,1.3892604473803658,10.91304390213918,2515.460085923376,226
0.07883309,0.05446238,7.460306,-7.573307,8.320138,0.5428738,-40.92001,-7.536289,8.301564,0.56293607,-40.899628,-7.552586,8.350513,0.5700775,-40.95929,0.07883309,0.4920635,4.526559,7.4861973e-06,0.054462377,0.45113662,5.1327457,1.0257681e-06,-0.051801354,0.8293693,1.0,-1.0,-0.04040949938076406,0.03879223747993269,-0.006225973350513386,-0.244670491152326,-4.0409499380764045,2.833019408620472,-2.039233953553748,-10.781566910324834,0.037236754,0.49450898,1.0,-0.9999989,10,-0.06466722766348139,0.04326001754253773,-0.009813901017070864,-0.23644471707780443,-6.466722766348137,3.2078217767838524,-3.04068127433575,-13.244308414919294,0.03500493034671449,0.55894744090053,1.0,-1.0,0.04681789192312814,0.01920974801752177,0.1394225974440434,0.02828354292885053,0.04669076761976661,0.01275232306304306,0.07781004086407906,0.036384694014402794,0.0269704571968074,0.031087730100423885,0.20452610907769792,0.0077417246077338886,0.02081406038156332,0.02118456427140431,0.07611788266369819,0.00775551821182095,0.08585259799880951,0.018544957025838513,0.12529058516750666,0.056901893975899356,0.08968889361333654,0.01831599083300005,0.12529058516750666,0.06690838339141368,0.6454545454545455,0.4783753497062861,1.0,0.0,0.7272727272727273,0.4453617714151233,1.0,0.0,-4.0409499380764045,896004,228000,2280,8.25527209660504,1.4098882359976415,1.4174290672817733,11.082589399884455,2526.461151183292,227
0.059479773,0.024794823,7.2422633,-7.354808,8.518058,1.3734586,-34.570915,-7.348164,8.463747,1.4076867,-33.988365,-7.3402576,8.482236,1.3748971,-34.164642,0.059479766,0.39986795,4.4952364,1.5113827e-06,0.024794824,0.07419702,0.5871646,4.2119646e-06,0.03792943,0.8570854,1.0,-1.0,-0.06795288857801231,0.03885531691486465,-0.024638496963812425,-0.24932243037614987,-6.79528885780123,2.4875628002356986,-4.3939829146505955,-12.15074046359143,0.034417182,0.5488192,1.0,-1.0,10,-0.0682037005197946,0.04708464627196019,-0.0037930064240846847,-0.2608394992328388,-6.820370051979461,3.417082595020315,-3.0118731722246515,-14.073670411331761,0.04661361680669826,0.5571259377161083,1.0,-1.0,0.0590583754804709,0.022170228704457635,0.15921588028921466,0.029450492888136982,0.05920826269983322,0.018938182362290855,0.10153320639777964,0.03698140912709197,0.04338418695094646,0.03558655580684859,0.21686873982500476,0.011446733663272226,0.033592938435615526,0.014783465322780125,0.06655222642753135,0.011446733663272226,0.10595301000678019,0.04791932251369488,0.21015061605638016,0.05662573923735119,0.1155400609686307,0.04935065611453085,0.21015061605638016,0.0648860142687283,0.042727272727272725,0.20224157063413545,1.0,0.0,0.0,0.0,0.0,0.0,-6.79528885780123,900004,229000,2290,8.314075061818585,1.3290585869981442,1.4156803203222807,11.05881396913901,2537.617121298448,228
0.04871783,0.03156071,7.13221,-7.273946,7.7253428,0.26927355,-30.81276,-7.2752137,7.7472014,0.2495361,-30.97192,-7.293413,7.745286,0.36520588,-30.838655,0.04871783,0.3195599,3.601118,4.5316438e-07,0.03156071,0.0869895,0.6835468,3.2117265e-07,-0.14968282,0.82642174,1.0,-1.0,-0.0736339857717913,0.043536937061306,-0.005617768993544548,-0.23526888160319168,-7.3633985771791295,3.3475301474447803,-2.461851565364519,-14.51882740499876,0.046827752,0.6547633,1.0,-1.0,10,-0.07798122757208674,0.05523375261219394,-0.006419670521016162,-0.25139138480387374,-7.798122757208672,4.473514468654095,-3.218119967682386,-16.038120764825795,0.08545373063636084,0.589271802071065,1.0,-1.0,0.06533782165583844,0.02865072546717299,0.14954003105938432,0.029073091560175464,0.06411513805313797,0.024648841817169868,0.11594644916367654,0.03610895668375912,0.04532974366572236,0.03468696979183705,0.2148077926598262,0.007000713469187952,0.03482161793379763,0.016014071412921355,0.07492193116358836,0.007000713469187952,0.08626901342020196,0.030758588112776625,0.18606525852036546,0.05700074791029173,0.09350425805369621,0.03141282155241756,0.1744991750652399,0.0689477939835866,0.08,0.2712931993250108,1.0,0.0,0.09090909090909091,0.28747978728803447,1.0,0.0,-7.3633985771791295,904004,230000,2300,8.333923004363896,1.4260197050170973,1.36529015150154,11.125232860882534,2548.698365228338,229
0.014250668,0.01953193,7.3339143,-7.3645763,7.9399776,0.6930404,-35.169235,-7.3523703,7.94119,0.7111734,-35.35548,-7.3707705,7.942617,0.7265509,-35.02851,0.014250667,0.02475368,0.15790716,6.9951875e-07,0.019531932,0.03747544,0.2427595,8.083454e-08,-0.0002908595,0.8412404,1.0,-1.0,-0.05543320892004338,0.04171072715661964,-0.013107131410916163,-0.21413338085805286,-5.5433208920043375,3.5173515291820623,-1.8458012314144543,-14.51347504126682,0.072008364,0.47003394,1.0,-1.0,10,-0.057190002545877736,0.04103750204494371,-0.008296855161106915,-0.22731218705014306,-5.719000254587774,2.6028548580677424,-2.604264934985535,-10.178254735432366,0.026424507480467305,0.5734548401070598,1.0,-1.0,0.0585770744311899,0.029437411488640066,0.15094628688235323,0.028853444027174383,0.06091098468441925,0.029332240303816946,0.1410626844648339,0.036455320255686464,0.029352819375783674,0.026560820260518984,0.19563353838887126,0.006577981110439132,0.023226942464103093,0.012554819336370461,0.05471512335580194,0.007495838846497878,0.08088700470709868,0.015105238897789334,0.10966477634214344,0.05664015455424948,0.08356943086714896,0.013311550336840467,0.10423128132246562,0.06258488092535505,0.4127272727272727,0.49232455867484426,1.0,0.0,0.45454545454545453,0.49792959773196915,1.0,0.0,-5.5433208920043375,908004,231000,2310,8.325632571766619,1.382528459012974,1.4209725324180909,11.129133563197684,2559.8274746015377,230
0.09152373,0.08256516,7.3050814,-7.423874,8.197565,1.0986693,-38.763943,-7.404088,8.167401,1.051371,-38.7548,-7.389023,8.190498,1.0377628,-38.84044,0.09152374,0.43394,4.312153,4.046242e-07,0.08256516,0.47181085,5.265992,3.490796e-06,-0.09570427,0.85404044,1.0,-1.0,-0.06679561301949155,0.04637955448942979,-0.008374012300757011,-0.2386985650276201,-6.679561301949156,3.4933605619647334,-1.7593297269165074,-13.60604844939867,0.09855727,0.68237245,1.0,-1.0,10,-0.07613607618491548,0.046250374988493693,-0.012604351530473405,-0.22386723031654376,-7.613607618491548,3.648433064824371,-4.283103979954615,-14.784132104025486,0.04851854636655094,0.5934321925847151,1.0,-1.0,0.05776212736154901,0.026109383233374625,0.14883399983016413,0.029189678563828158,0.054648146192929375,0.022155194111036013,0.10562220744681079,0.03389422507310807,0.048198528871797666,0.03716605706323543,0.1971060742260665,0.008321273166406924,0.03751248172417204,0.02260631436783941,0.0868395217138904,0.008321273166406924,0.10091362041614874,0.03633821965034101,0.18136281616548777,0.05673777206164184,0.11294585988307007,0.03424646418398068,0.17085014497622475,0.06489850210593075,0.2409090909090909,0.42763524273198794,1.0,0.0,0.2727272727272727,0.4453617714151233,1.0,0.0,-6.679561301949156,912004,232000,2320,8.19561932689976,1.3826195330184419,1.3873985639947932,10.965637423912995,2570.8131173924194,231
0.025536317,0.031295653,7.258245,-7.3137145,8.026505,1.059001,-37.48793,-7.288891,8.02531,1.0723561,-37.53669,-7.298101,8.047553,1.1401805,-37.751644,0.025536317,0.10503235,1.162149,3.248806e-08,0.03129565,0.12747394,1.1893429,1.5169513e-05,0.004757412,0.864874,1.0,-1.0,-0.0634288579719177,0.0375035650949828,-0.023586327118960144,-0.20426990212837692,-6.342885797191772,2.5531676655795845,-3.707706160762865,-13.164255757525275,0.0331918,0.5554669,1.0,-1.0,10,-0.047235521695948,0.03344091999822494,-0.00497777610413394,-0.16922794851383566,-4.7235521695948,1.213246658229967,-3.038819578814536,-7.5947432607411764,0.03641858291186816,0.5068626131143402,1.0,-1.0,0.051597575729906066,0.016346035316931087,0.1484851815583941,0.029059354580528017,0.04776404567566137,0.008075901256753244,0.06351340191964078,0.03581149771171062,0.04624784448261229,0.03676567290281579,0.17176210751985635,0.0077209383252294485,0.031450927111978125,0.011892084445640624,0.050741399904735425,0.0077209383252294485,0.09717263124755547,0.037503630081471374,0.20251175053503698,0.056544539367533744,0.11198385211092843,0.03560960211938809,0.1759782335252534,0.06305306527351548,0.1572727272727273,0.3640577104374053,1.0,0.0,0.18181818181818182,0.385694607919935,1.0,0.0,-6.342885797191772,916004,233000,2330,8.364015286846552,1.4031837669899687,1.4057025477814022,11.172901601617923,2581.9596163820243,232
0.12398718,0.09585689,7.3722787,-7.502245,8.427227,0.18782008,-36.615437,-7.5235868,8.414191,0.22547588,-36.629124,-7.569813,8.419833,0.15586774,-36.86366,0.12398719,0.98682386,11.166644,4.2008662e-07,0.09585689,0.6599361,7.368259,6.610586e-06,-0.15347238,0.8233293,1.0,-1.0,-0.06124812294540991,0.04222377082666935,-0.008199924589151189,-0.2442061305688202,-6.124812294540991,2.816592594008055,-2.2026191451440456,-11.320435340136802,0.035560247,0.6068328,1.0,-1.0,10,-0.05546426738112564,0.03410958892515538,-0.0144094062782311,-0.22272324119823417,-5.546426738112565,1.8055965530386278,-3.4713735661355942,-9.917077749625298,0.0345461331339703,0.549273560777073,1.0,-1.0,0.05560314431469833,0.025976171201671696,0.15006600857977326,0.027891033827319427,0.050435585095579175,0.014667961439364526,0.09181448334836484,0.033935618186057594,0.040300677252032166,0.03465243061126114,0.1970431961199787,0.006651658481534006,0.026388030923048325,0.01791332056258956,0.07231462474793807,0.006653089604917693,0.09219921903859184,0.0396132330400897,0.23830856373340856,0.05686458904169566,0.1121023326505218,0.05464752697086888,0.23583248919283198,0.07100618194293801,0.24454545454545454,0.42981737424935673,1.0,0.0,0.18181818181818182,0.38569460791993493,1.0,0.0,-6.124812294540991,920004,234000,2340,8.33756203413941,1.377193704014644,1.409997058508452,11.124752796662506,2593.0841454037,233
0.028863948,0.060901113,7.836706,-7.928605,8.034996,0.27646294,-34.84112,-7.929809,8.069294,0.3305189,-34.80436,-7.9416685,8.046287,0.24313147,-34.681408,0.028863948,0.07840098,0.80813956,7.6241435e-10,0.06090111,0.35550493,3.9729388,7.820918e-06,-0.11201044,0.8647147,1.0,-1.0,-0.061287564422060105,0.037017581561196715,-0.02198515399161867,-0.24130981658388598,-6.128756442206009,1.924275783139329,-3.5754541759169767,-10.412861742846637,0.034356225,0.55832106,1.0,-1.0,10,-0.0636612560295457,0.040567538051825565,-0.00830909282863288,-0.22427322992856324,-6.366125602954568,2.5978515632666723,-3.874503751625846,-12.935070884359043,0.03408874332118141,0.5802420537018845,1.0,-1.0,0.05501073955950803,0.01939813724797257,0.15589672197381316,0.02841958153247792,0.056657692161769684,0.014356824748497659,0.08325955908218872,0.03828713412408961,0.039656125140105934,0.034429814715088436,0.1940830985720041,0.010854105411983433,0.02870254847205581,0.014191620385156848,0.06785118295982315,0.010873379415224425,0.10669236442393075,0.04023685127432751,0.20155205597758066,0.05694779981977243,0.11344703717961607,0.04157707854137183,0.1889436093938357,0.06460547208991993,0.08363636363636363,0.2768416917916259,1.0,0.0,0.09090909090909091,0.2874797872880344,1.0,0.0,-6.128756442206009,924004,235000,2350,8.22534854785772,1.3769821920141112,1.39578062997316,10.998111369844992,2604.097942307475,234
0.09563198,0.10589137,6.9173803,-6.979091,7.406224,0.48210052,-31.595846,-6.9759145,7.395984,0.50949836,-31.69379,-7.026491,7.4282417,0.29693937,-31.309252,0.09563198,0.41249326,3.6155653,4.584763e-09,0.10589138,0.50085306,4.590954,3.2496655e-06,-0.15439679,0.8533637,1.0,-1.0,-0.06087086382825604,0.03622190408901341,-0.022170106183664478,-0.2359244266666227,-6.087086382825603,2.5285783393130172,-3.062976138456336,-11.490458389021898,0.02086954,0.50051504,1.0,-1.0,10,-0.060246832772690724,0.044597767129348494,-0.003262615781074423,-0.22561006717873353,-6.024683277269071,2.1731731482518044,-2.713185113925316,-11.063678516497898,0.03297753601446664,0.5492006381526331,1.0,-1.0,0.05979929931107126,0.02324686308611021,0.14910200460563597,0.028516588842915015,0.059102365693218806,0.020945617084674847,0.09888515413494342,0.03653356708802971,0.034036889413358876,0.028596442713134728,0.2021701075599384,0.011831089364175424,0.02672087735674714,0.013011595364621332,0.054672998437677874,0.011843404217106118,0.07051090552724958,0.012482413402027166,0.10859655686627114,0.056733833123450886,0.07043435348262292,0.008502301575494562,0.08683178063406499,0.060820415754959806,0.17636363636363636,0.38112924859190667,1.0,0.0,0.09090909090909091,0.28747978728803447,1.0,0.0,-6.087086382825603,928004,236000,2360,8.225570472801337,1.3928139560157433,1.437027216219576,11.055411645036656,2615.153580644459,235
0.02046838,0.051384673,7.184388,-7.3330107,7.820622,0.6205947,-33.585087,-7.3052216,7.8112364,0.64636827,-33.576645,-7.3116374,7.8108797,0.6228103,-33.62946,0.02046838,0.07502172,0.7878845,3.083324e-07,0.051384673,0.29958558,3.0692244,1.4844409e-07,0.023747751,0.8273226,1.0,-1.0,-0.0567563950135619,0.04226102500501386,-0.010919175835632533,-0.224631963858879,-5.67563950135619,3.1224860542291015,-2.0175059658069525,-12.929139586851887,0.04129677,0.53551877,1.0,-1.0,10,-0.0652409389081615,0.04405217117925788,-0.014271597283915388,-0.24844263586332554,-6.524093890816149,2.6504544838622635,-3.052146676335517,-11.876926833073698,0.044823667443192154,0.5708628412411503,1.0,-1.0,0.05351909800163485,0.025256158258366024,0.15194869201033043,0.028847336248538528,0.053858999349399556,0.025244289588723323,0.1262738532030492,0.03369003566714002,0.03840382024819889,0.03293213697465023,0.19505058431519662,0.006654020291784891,0.029231788247035883,0.018546962438000233,0.07325338098639747,0.006665422701077427,0.08711527242541264,0.02753061955210091,0.15063566350973231,0.05690559994535139,0.09471334145645921,0.029262783829868955,0.15063566350973231,0.0639244985008788,0.33,0.4702127178203499,1.0,0.0,0.36363636363636365,0.48104569292083466,1.0,0.0,-5.67563950135619,932004,237000,2370,8.79547817542334,1.3943226369738113,1.4484560088894796,11.638256821286632,2626.7765251887904,236
0.016148577,0.019238174,6.31084,-6.4712086,7.537049,0.3758272,-36.30401,-6.4944286,7.5374527,0.33812702,-36.327053,-6.4626446,7.535825,0.30943736,-36.38356,0.016148577,0.03174309,0.26239365,2.006937e-07,0.019238176,0.047115028,0.409504,2.084576e-07,-0.06856548,0.85631824,1.0,-1.0,-0.07653205394891176,0.04276592579268842,-0.0223919758794622,-0.2444726141661821,-7.653205394891177,3.039587150899466,-4.290740022234976,-13.936491048359786,0.051593587,0.6830753,1.0,-1.0,10,-0.056351335590840074,0.03792783777513846,-0.005243573663210746,-0.20022130271542624,-5.635133559084008,2.242948712326703,-2.5269346977661784,-9.650852675829857,0.018257841831240157,0.5168547958787288,1.0,-1.0,0.0698739637656647,0.03304085544777546,0.15608701423510715,0.028387778594276474,0.06361891901153281,0.028916514837003665,0.1384775800394897,0.03588024508621597,0.04048250724060212,0.03382362840123199,0.19217160552090246,0.016382024491214373,0.027714387498762136,0.006494424943019913,0.0382999232474409,0.01640006971033718,0.09776135623091439,0.04061032449374294,0.21599064062223458,0.056322643051095175,0.11640791887775165,0.04637298312383064,0.21239378767086858,0.067774236705985,0.04818181818181818,0.21415025234286417,1.0,0.0,0.0,0.0,0.0,0.0,-7.653205394891177,936004,238000,2380,8.152807749109343,1.378135277016554,1.413183068507351,10.944126094633248,2637.70588552946,237
0.05460752,0.06325306,7.68464,-7.794444,8.6352825,0.16689241,-34.56553,-7.78201,8.650903,0.19325107,-34.709946,-7.7229486,8.607719,0.28189892,-34.502975,0.05460752,0.2543307,2.7612097,6.0129665e-08,0.06325306,0.39293465,4.440676,2.3392332e-08,-0.019720307,0.8603692,1.0,-1.0,-0.05471753216329284,0.04113212003814734,-0.009364023630218765,-0.20810747687730208,-5.471753216329284,2.9385737137017376,-2.193533061234872,-11.646653361508676,0.040440284,0.60868895,1.0,-0.99999994,10,-0.062948087031652,0.04208746174956184,-0.0050685392084030235,-0.23098591646836147,-6.2948087031652,2.2032118474484825,-3.278938324781433,-11.343277840299274,0.0014539747058526836,0.5731708744611801,1.0,-1.0,0.052493589340099525,0.02332278068120387,0.14327191635032827,0.029470463397598238,0.051147673326402486,0.01691112930007394,0.09008977107653757,0.03755870895583992,0.03830805522518512,0.03155769083271794,0.18262119017079292,0.010561493540615212,0.02931667278721163,0.01770463781904894,0.06490622328987715,0.010569711545681062,0.09270874740878386,0.027938858639981988,0.1516338168067031,0.05664670757756774,0.09894706888553519,0.028273018148371278,0.1516338168067031,0.06825755630476049,0.38272727272727275,0.4860525768247881,1.0,0.0,0.2727272727272727,0.4453617714151233,1.0,0.0,-5.471753216329284,940004,239000,2390,8.229622686369112,1.3636911479989067,1.4370052672165912,11.03031910158461,2648.765489068028,238
0.148523,0.1729814,7.7137613,-7.854889,8.392565,0.25072032,-33.680183,-7.8570848,8.3789015,0.2650643,-33.490776,-7.870249,8.394063,0.2625312,-33.67302,0.148523,1.2519127,14.213026,3.965164e-06,0.17298138,1.2451619,13.823811,5.645661e-07,-0.00956782,0.8553953,1.0,-1.0,-0.06453063020530238,0.0427183197792888,-0.012823362546137706,-0.21949009329521016,-6.453063020530238,3.3711891132675054,-3.096906860124811,-16.268185379910857,0.057822715,0.52747786,1.0,-1.0,10,-0.04968843929344517,0.035630689728044,-0.00997703991649544,-0.2089230568421585,-4.9688439293445175,0.9189957001051235,-3.5246538369574765,-7.061088610721245,0.05096089179326904,0.5458499335321904,1.0,-1.0,0.06112566214267544,0.031653327078143556,0.1707173715110888,0.028153895043961943,0.059143189445973236,0.027832186879557113,0.1453760225655547,0.04076934533044064,0.036117592498594406,0.031648432726982645,0.20716271133652414,0.0062681708264729595,0.02620250889813047,0.014444832428815987,0.0568190486726113,0.00666194836219836,0.08587098607306119,0.016717048770318692,0.11961542536342425,0.0569632166293621,0.0918508991518921,0.014760738863507799,0.11451486884230629,0.06974380172404125,0.1590909090909091,0.3657608395325246,1.0,0.0,0.18181818181818182,0.38569460791993493,1.0,0.0,-6.453063020530238,944004,240000,2400,8.227468486264115,1.3937019860022701,1.4081444015318993,11.029314873798285,2659.8158708908595,239
0.016573537,0.021218322,6.997525,-7.0819254,7.476561,0.35444313,-34.844704,-7.083587,7.47565,0.2718765,-35.011806,-7.092126,7.4855776,0.37012246,-35.035255,0.016573537,0.0371291,0.28161183,2.8725844e-07,0.02121832,0.0570572,0.44564095,4.802812e-07,0.015527578,0.82492673,1.0,-1.0,-0.06581101550549377,0.04581235021976984,-0.02112788010769841,-0.21461714401893006,-6.581101550549377,4.077741719975707,-3.356263628839619,-16.649650176390452,0.060364034,0.46124777,1.0,-1.0,10,-0.07242807322466913,0.04183796304453793,-0.012635395929359302,-0.21912132888506447,-7.242807322466912,2.71232321258089,-4.320253160858948,-13.695738850942817,0.06205305227873442,0.5721505236781418,1.0,-1.0,0.06201790985654606,0.03197244496716687,0.1580146134689956,0.030209352406934283,0.06488368887150417,0.032071186722186035,0.14360652469840782,0.04033492882064696,0.038818295043180136,0.03377595953139863,0.20302574917742297,0.00853530476318596,0.031542720075122016,0.02042956130067607,0.08240542552601393,0.011131499180943414,0.0885455498008536,0.03111948414513687,0.1890911849291937,0.05664089019673031,0.09473668371826642,0.033566371108842905,0.18805227418725526,0.06522370890737,0.1990909090909091,0.39931656490592077,1.0,0.0,0.09090909090909091,0.28747978728803447,1.0,0.0,-6.581101550549377,948004,241000,2410,8.628700631816173,1.4145820950216148,1.4003233982948586,11.443606125132646,2671.219574341958,240
0.027685674,0.035575427,6.306029,-6.409909,7.2118025,0.25517887,-32.018326,-6.380643,7.1753883,0.1375516,-31.810238,-6.3909492,7.193635,0.23671949,-31.7712,0.027685674,0.083927855,0.8609565,2.5156485e-06,0.035575427,0.09031902,0.8243423,1.4108721e-06,0.26663214,0.8444116,1.0,-1.0,-0.04893164842233825,0.03168473160544143,-0.010989496937548098,-0.20715616750909013,-4.893164842233824,1.9019043303208825,-2.3573416330807184,-8.149805011064654,0.08117439,0.49252865,1.0,-0.9999991,10,-0.05565849842671564,0.03724197766297629,-0.005044417137318822,-0.1869810083188741,-5.565849842671564,2.7202824821868035,-3.019437459875238,-11.072589296074113,0.07182806678868206,0.5417755507240635,1.0,-1.0,0.049701592188845546,0.01887637653832522,0.14343112306957095,0.028503973493776102,0.04938142235086884,0.01378797790898752,0.08678298716385469,0.0351596639506529,0.030598249516681424,0.02670808270114163,0.17261967556871435,0.008830421274594824,0.022656898712448057,0.010267024176742984,0.039006181413506244,0.008846028961171877,0.0963008400936433,0.04398471227361205,0.22612143160401668,0.05696562492729251,0.10452022966888443,0.04608488182504116,0.22612143160401668,0.0622223133986215,0.4018181818181818,0.49026557147989946,1.0,0.0,0.36363636363636365,0.48104569292083466,1.0,0.0,-4.893164842233824,952004,242000,2420,8.290974853909574,1.3750868779898155,1.3963135521917138,11.062375284091104,2682.2778264571098,241
0.21981318,0.18612462,6.4231634,-6.5210285,7.541222,0.38819087,-34.224884,-6.5401278,7.5463314,0.37679338,-34.343666,-6.57723,7.549128,0.42587477,-34.27872,0.21981318,2.0771906,23.483667,2.881643e-08,0.18612461,1.6289259,18.346508,1.0510348e-06,0.055044465,0.8406213,1.0,-1.0,-0.06287832295797519,0.04728002330347614,-0.0009409276874298673,-0.22807325051716618,-6.28783229579752,3.6490784013844877,-1.0744995328027538,-12.627938197982596,0.004072329,0.59840685,1.0,-1.0,10,-0.07285616332140911,0.04413712017747419,-0.0078674862015252,-0.21119998104937013,-7.285616332140913,3.013287304845012,-3.684452208779156,-11.994935029604505,0.024418697118430643,0.565706161739768,1.0,-1.0,0.060196289439606955,0.028147615320940362,0.15238769168475172,0.028254640649483652,0.06395317837406153,0.03264691201802829,0.14176698082164282,0.033718943836298254,0.03783214189820861,0.036774760114839704,0.19853516408075322,0.004966832622658036,0.027528338801860022,0.019215922273926416,0.06877070176761484,0.00501166947632622,0.1005506971157148,0.03685526089663374,0.20260114557932676,0.05674075153175833,0.10749085592060306,0.039598956542579014,0.20260114557932676,0.06891764474700035,0.36818181818181817,0.482311068649838,1.0,0.0,0.2727272727272727,0.4453617714151233,1.0,0.0,-6.28783229579752,956004,243000,2430,8.24814480682835,1.3712751200073399,1.4289628352271393,11.048382762062829,2693.384443399089,242
0.12861866,0.16118515,7.568943,-7.6440516,8.556042,0.5705037,-33.93515,-7.633935,8.543529,0.5780527,-33.83201,-7.67144,8.554184,0.6096708,-33.77212,0.12861866,1.0642006,11.999935,8.185452e-12,0.16118513,1.3575457,15.266568,1.1796476e-06,-0.094325684,0.8281919,1.0,-1.0,-0.0562775011746462,0.03322941459867087,-0.013522584634757164,-0.2049946333262245,-5.627750117464622,1.392295101187604,-2.997699000660567,-8.678087425050823,0.03559803,0.43868265,1.0,-1.0,10,-0.07824336728202266,0.04716550490993236,-0.015011455676114947,-0.2293585618956067,-7.824336728202267,3.568215730755096,-3.4790592489901577,-14.465603676823637,0.02850162210755655,0.5977265864261893,1.0,-1.0,0.0551076758317492,0.019287119137899118,0.1436103956885866,0.02977610732362457,0.053013912660723486,0.010664149543360008,0.07975993894488864,0.03608212197918197,0.032316643106873016,0.028518745412241073,0.16833386960327237,0.007669439746607146,0.02349139999644384,0.01214171433816702,0.049342907407973445,0.007686592164902006,0.09497738644289958,0.039573153750779674,0.18558837715786292,0.05659730267060175,0.10331435852705403,0.04300341504222318,0.182872540449177,0.06522766451289755,0.22363636363636363,0.41668110167833117,1.0,0.0,0.18181818181818182,0.385694607919935,1.0,0.0,-5.627750117464622,960004,244000,2440,8.287766405730508,1.43019225000171,1.4200780601822771,11.138036715914495,2704.51037408298,243
0.028278925,0.021536939,6.642967,-6.7442956,7.752801,0.7489475,-31.734444,-6.7092466,7.7349253,0.73228586,-31.3555,-6.726223,7.747337,0.7096608,-31.452057,0.028278925,0.044738524,0.23130453,6.463315e-07,0.02153694,0.04020305,0.2962745,5.494417e-07,0.003503438,0.8505829,1.0,-1.0,-0.053691079880383005,0.045311089495277374,-0.010865947053941102,-0.22687780808213356,-5.369107988038301,3.3406521138693903,-1.8645112616120503,-12.700184810995106,0.06532558,0.48214102,1.0,-1.0,10,-0.05001707800887408,0.039642673136800956,-0.0027069704393486082,-0.20367117317093428,-5.0017078008874085,2.359259673204691,-2.7933729975976545,-11.321915274018336,0.032338688141493196,0.5142947580074186,1.0,-1.0,0.055963093696886436,0.02943834338089209,0.14841043398263262,0.02960866984735,0.057282236357994315,0.027715036176716,0.11668496617158691,0.03524757822513903,0.03193204911056039,0.03189406966985778,0.18027315747672035,0.006605424475442191,0.023318155581747366,0.014537374776986805,0.05312092458029321,0.006605424475442191,0.09307906974539593,0.03990269396177811,0.18733369219426493,0.056741044225285954,0.09827410951568796,0.04117755957019268,0.18733369219426493,0.06546750849879127,0.5263636363636364,0.4993044749225526,1.0,0.0,0.45454545454545453,0.49792959773196915,1.0,0.0,-5.369107988038301,964004,245000,2450,8.250461708026705,1.4181059109978378,1.4156279575254302,11.084195576549973,2715.516376643558,244
0.04998862,0.062090553,6.7649612,-6.8568687,7.6129136,0.97824407,-35.997353,-6.858978,7.5992937,1.0062566,-35.998093,-6.880042,7.562258,1.0971029,-35.94339,0.04998862,0.18016747,1.4683601,1.5558267e-05,0.062090557,0.28873008,2.8804784,9.421953e-06,0.14662693,0.8270157,1.0,-1.0,-0.059772150379455255,0.03939138676841806,-0.01253873022423034,-0.230627604751475,-5.977215037945526,2.5417674409861846,-2.1508494988522813,-11.578991149103262,0.030384703,0.56265,1.0,-1.0,10,-0.05180299732349145,0.03973336076384454,-0.004640740819148392,-0.209634565510937,-5.180299732349146,2.6039047400116972,-2.4865196386368202,-11.254060458213615,0.03538394468671562,0.487512616951928,1.0,-1.0,0.0557692111391288,0.021210476359338395,0.15525350674941366,0.028227366467081284,0.057253446290165176,0.021106889402833565,0.11004664905147084,0.034546238133328286,0.03729856133979417,0.034169838670474934,0.1934435457396805,0.010852269221258376,0.027019664735784765,0.012502944859163225,0.0474538940010091,0.010867710767231479,0.09473123474711422,0.025093336419089837,0.14857882306516265,0.05676558164677022,0.09940972466164535,0.02152383845709293,0.13387454136755125,0.06516180500220824,0.2381818181818182,0.42597093758779075,1.0,0.0,0.2727272727272727,0.4453617714151233,1.0,0.0,-5.977215037945526,968004,246000,2460,8.20283437485341,1.3399890290165786,1.3961051858204883,10.938928589690477,2726.5518910632236,245
0.03945427,0.03066336,7.2813754,-7.373315,8.833813,1.0314031,-31.803116,-7.3489,8.842945,1.033952,-31.69,-7.3466043,8.837517,1.0655622,-32.24263,0.03945427,0.17652662,1.6809647,2.0954758e-09,0.03066336,0.12533091,1.106957,7.232466e-07,-0.08266571,0.8305006,1.0,-1.0,-0.05697770070011865,0.03288894511463743,-0.017442714493406054,-0.21567788497968615,-5.697770070011864,1.6335801425042957,-2.895680967728407,-8.389399460323776,0.024085913,0.54576844,1.0,-1.0,10,-0.05366377806658936,0.0341872116335419,-0.009688745571140078,-0.2176823378759064,-5.366377806658936,1.7406289441287983,-3.585222177419866,-9.046992556229478,0.06667999643471671,0.5181647036017586,1.0,-1.0,0.053404877144868204,0.017288088069985046,0.15382503509388146,0.027584359654013495,0.053524138197442235,0.01094746591935358,0.06946849377964252,0.034116286442510545,0.035917973635237875,0.029582419596726535,0.18714739235262953,0.015586931943448703,0.027881432765747238,0.011397840191178019,0.048728837083215494,0.015586931943448703,0.10249134293269725,0.04866759411573183,0.20710250548309983,0.05674439207868779,0.1128566127570024,0.05232164885934144,0.20710250548309983,0.06468400091456591,0.20909090909090908,0.4066594408426371,1.0,0.0,0.09090909090909091,0.2874797872880344,1.0,0.0,-5.697770070011864,972004,247000,2470,8.409426036232617,1.4370056990010198,1.4105193363502622,11.256951071583899,2737.765354767762,246
0.070629336,0.06674991,7.4012604,-7.501781,8.157237,0.58882266,-33.127174,-7.4966793,8.157914,0.5999437,-33.23016,-7.498179,8.151122,0.6983762,-33.2791,0.07062933,0.39174956,3.3972166,2.8076547e-06,0.06674991,0.41578555,4.1902204,3.0687784e-07,-0.055246983,0.8656932,1.0,-1.0,-0.055280463812230604,0.0363004516916898,-0.010846698778453626,-0.1909812062181008,-5.52804638122306,2.342977306555035,-2.4510657188167078,-10.69574337790429,0.038100637,0.503867,1.0,-1.0,10,-0.06530903105741467,0.04977236064740846,-0.006356409607401873,-0.22783030855162292,-6.530903105741466,3.928844494458221,-3.2168041846905293,-14.642104849131377,0.008221888785186053,0.5877033408981558,1.0,-1.0,0.05768877892830218,0.02585136143617526,0.15824480614741893,0.02944601260428459,0.056202483074717625,0.022007268483128565,0.11348581570747289,0.039384222522444376,0.026645900616546064,0.026972725605798494,0.16623727738990857,0.007412674530230471,0.01871705825537618,0.011813155074025243,0.039963310776341,0.007417101343784648,0.07879990212855698,0.023643921413584262,0.16168424476015403,0.05634953204184055,0.08294652073827792,0.025310255710524622,0.1551410867332445,0.06057521143320114,0.38636363636363635,0.48691557467337615,1.0,0.0,0.36363636363636365,0.4810456929208346,1.0,0.0,-5.52804638122306,976004,248000,2480,8.274271665897686,1.3937164329981897,1.4288800310750958,11.096868129970971,2748.899668136786,247
0.042923316,0.045980617,6.579467,-6.709461,7.8765254,0.7385108,-30.75812,-6.692299,7.862779,0.7990884,-30.762959,-6.6485243,7.8579717,0.843365,-30.73531,0.04292332,0.14459759,1.0625911,2.511094e-05,0.045980614,0.13655764,1.2385314,4.2374144e-05,-0.04024242,0.8260647,1.0,-1.0,-0.05841874359890803,0.03545499020926212,-0.008894979587316847,-0.20784990646289464,-5.841874359890801,2.1780834201292394,-1.3135790247576047,-9.263967478797651,0.053816434,0.5875196,1.0,-1.0,10,-0.06488142714938809,0.044172212990338675,-0.0018229398886456035,-0.23703411698309299,-6.4881427149388085,3.3228064900828826,-1.681390131963092,-12.44297951235243,0.01563316938353117,0.5444756662242806,1.0,-1.0,0.05815676516604247,0.019945418789149506,0.1526759738231812,0.028492520266753495,0.05911395083351252,0.018258388743543307,0.08793866704551687,0.03501630066543278,0.03167892799039043,0.030870308035040896,0.1613746402071412,0.0059824190205282676,0.02253531402189837,0.011356831149437115,0.04054138009448093,0.00598821650362089,0.1147649352073655,0.050948318078540576,0.2383381869468444,0.05693410838221516,0.12361868424836185,0.05325974847730383,0.2383381869468444,0.06616445354637507,0.25636363636363635,0.4366249217738831,1.0,0.0,0.2727272727272727,0.4453617714151233,1.0,0.0,-5.841874359890801,980004,249000,2490,8.273733615380479,1.4319324719836004,1.4358564271824434,11.141522514546523,2760.005368312326,248
0.081958406,0.10508346,7.506113,-7.590342,8.31255,0.3369733,-34.895554,-7.6121216,8.329825,0.31468958,-34.90006,-7.5718393,8.330293,0.4438918,-34.81328,0.0819584,0.58326304,6.504656,7.849312e-07,0.10508345,0.71574855,7.549508,2.7737775e-07,-0.16444397,0.84678125,1.0,-1.0,-0.08121091722713399,0.04125901392055057,-0.010458886500091146,-0.23306823136941007,-8.121091722713398,3.2232226021406833,-2.5466462010492026,-12.651539630094264,0.026716622,0.6304144,1.0,-1.0,10,-0.07334456615573887,0.05141598358188684,-0.006656525376608414,-0.24624089862746365,-7.334456615573886,3.85849980002014,-2.073101623488046,-14.258939530801072,0.07223738196667745,0.5913544788726489,1.0,-1.0,0.06263486869977349,0.019763123360496834,0.14167536576204987,0.02862238253744069,0.06265746071195812,0.01839350593620901,0.09386470123699851,0.034935834740306225,0.05851603698277613,0.03967276980640668,0.20354733933638308,0.006786903672428311,0.05158340217524835,0.03129980077578664,0.10570758284473887,0.006797402788477805,0.10662397391637608,0.03709482248331307,0.20103234130800937,0.05672956372437,0.11370457771924078,0.03335393570264836,0.18099371772305334,0.06712468525118447,0.13545454545454547,0.34220843293269076,1.0,0.0,0.18181818181818182,0.38569460791993493,1.0,0.0,-8.121091722713398,984004,250000,2500,8.125405866099754,1.3958651979919523,1.3844455195649061,10.905716583656613,2770.9189184200077,249
0.054100987,0.04457315,7.174598,-7.2229447,8.197711,1.3771073,-38.459457,-7.2480254,8.203033,1.3629137,-38.48051,-7.2671003,8.213449,1.417691,-38.916325,0.054100987,0.2882621,3.186972,1.5682392e-06,0.044573154,0.26276413,2.9145238,1.3973115e-06,-0.073207654,0.8823816,1.0,-1.0,-0.07394392187424788,0.04216106982317723,-0.018845379395891558,-0.23002027132057318,-7.3943921874247875,3.178696224506973,-3.7617911777297284,-13.879839688154503,0.05052515,0.57202107,1.0,-1.0,10,-0.06921116145767175,0.046254487323265786,-0.008773214774567585,-0.21024599056324503,-6.921116145767174,3.4800917146808072,-3.171328903750603,-15.834057226939796,0.06942596277329659,0.5668489617595331,1.0,-1.0,0.06679043622075646,0.027461787377716047,0.1444212819579923,0.02806162594149645,0.06956261358673382,0.027123151644408455,0.11734932914385528,0.03762072459544945,0.04094630061978079,0.03779221064155039,0.22245269819546365,0.011238145912032904,0.03013628478748478,0.017043150712432332,0.07755304811033868,0.011245366414980956,0.08974764156526377,0.03487826391711218,0.18967075072610673,0.056528125884930315,0.09120848731609824,0.03836905027306211,0.18952876444370312,0.06349300556034695,0.05818181818181818,0.23408693730081573,1.0,0.0,0.0,0.0,0.0,0.0,-7.3943921874247875,988004,251000,2510,8.24098795527243,1.404015550011536,1.385152518429095,11.030156023713062,2781.947026167676,250
0.03648933,0.047226064,7.2174587,-7.276247,7.981907,1.3045843,-34.757423,-7.3042846,7.990446,1.2571967,-34.855473,-7.3023176,8.013712,1.2983196,-34.682465,0.036489327,0.124530174,1.1089797,2.2726185e-06,0.04722606,0.15309747,1.2594892,1.5823034e-06,-0.032872677,0.86906445,1.0,-1.0,-0.06336354404866468,0.03807420249941421,-0.015306794441975465,-0.23019685280013236,-6.336354404866468,2.2915696317013,-4.317949686379703,-10.748711206478614,0.033649676,0.5918381,1.0,-1.0,10,-0.053473840372690006,0.037186193723930915,-0.004859936871314704,-0.21709715141712624,-5.347384037269,1.8457652106033806,-2.7774057468673337,-10.196886665169878,0.02611163562150011,0.48510091863358507,1.0,-1.0,0.055845194792006274,0.019690643364936262,0.15093370214132257,0.02801065238689484,0.05815036415301542,0.018555759908820073,0.10566573188808982,0.038034716179097754,0.04041822913089003,0.03707039926849994,0.2019721687944035,0.012610610420500032,0.028371287609337846,0.018063019475607442,0.07429818890889996,0.012620368556156706,0.08816544410140796,0.030037845649703108,0.182398667031263,0.05674272717249091,0.09448682865711393,0.03338335091355575,0.181456488788696,0.06462101870217238,0.10363636363636364,0.3047882343014491,1.0,0.0,0.09090909090909091,0.2874797872880344,1.0,0.0,-6.336354404866468,992004,252000,2520,8.276190661097644,1.40223189999233,1.4632113247935195,11.141633885883493,2798.3459521155746,251
0.022802262,0.03397558,8.111849,-8.234615,8.91699,0.83880013,-35.113834,-8.238949,8.905202,0.82978266,-35.065018,-8.229649,8.9056425,0.813027,-35.089848,0.022802263,0.09818228,1.0678083,2.2252547e-07,0.03397558,0.17376769,1.9247032,3.091749e-08,0.14299905,0.8522186,1.0,-1.0,-0.059428136066033026,0.032722579010732805,-0.02202531282137404,-0.22458286771318842,-5.942813606603303,1.201722046812417,-3.3521486197915413,-7.685755356185522,0.02991414,0.479928,1.0,-1.0,10,-0.07063626771422643,0.047534001666154985,-0.009164553233417647,-0.24580148564310364,-7.063626771422643,3.2248190381794015,-3.207802015283906,-13.303619516634187,0.06772833813056289,0.5644537367987437,1.0,-1.0,0.04776241952071612,0.016481974140376388,0.1370288195642662,0.029080793727204277,0.04710806666509107,0.00721548400577955,0.059969565757721575,0.03570312133860194,0.047083436514174494,0.02935093340368532,0.19869140474693067,0.016156391354494846,0.03801747059765758,0.014306279799199672,0.06733086054971227,0.016175968834891974,0.07553560098750903,0.018427308735836347,0.13641226065563067,0.05638491666511247,0.07850637062596194,0.018507842872690132,0.1285663583517458,0.06282401988748051,0.08363636363636363,0.2768416917916259,1.0,0.0,0.0,0.0,0.0,0.0,-5.942813606603303,996004,253000,2530,8.20256992636132,1.3717957230110187,1.406481556216022,10.980847205588361,2809.334511556168,252
0.045121394,0.049975935,7.224039,-7.332023,7.8207173,0.9135135,-32.105335,-7.321026,7.8191667,0.86610234,-32.26989,-7.3397083,7.8529563,0.9830713,-32.192066,0.045121387,0.31654322,3.5918653,5.525734e-06,0.049975928,0.43912786,4.9910936,1.7826096e-08,-0.07502521,0.86970997,1.0,-1.0,-0.06809702595543451,0.04182322538486844,-0.011812000306444905,-0.21157823702008557,-6.809702595543451,3.2260493539833655,-1.6655072626437704,-11.769150161834434,0.018792812,0.6369965,1.0,-1.0,10,-0.054019287877724795,0.03901493520908438,-0.009047038556875138,-0.22499989631976355,-5.401928787772478,2.270066440432389,-2.939618498312017,-11.285010871435478,0.044985912952200925,0.5913377862240627,1.0,-1.0,0.04897406217094017,0.01950141207717566,0.15069559797317253,0.028824453265206183,0.05487546693252574,0.019461376133893735,0.09506904402864295,0.0354024271186741,0.055552478677262325,0.038870892426695995,0.18597392357816808,0.009271831436198598,0.035647941285659374,0.01851812374138893,0.07357609302197497,0.009286828989438445,0.07939690410758087,0.021874095053713308,0.1628700453029167,0.05654453183571529,0.09032984947618304,0.02485082533071327,0.1628700453029167,0.0642293654759705,0.1709090909090909,0.3764295067522192,1.0,0.0,0.18181818181818182,0.38569460791993493,1.0,0.0,-6.809702595543451,1000004,254000,2540,8.178970239998307,1.3798540639982093,1.4018709282681812,10.960695232264698,2820.345739247423,253
0.04978083,0.03898561,7.2665367,-7.3086414,8.131279,0.64281297,-35.04722,-7.319045,8.121786,0.6945128,-35.025986,-7.331285,8.116119,0.63365215,-34.94137,0.049780834,0.29202452,3.2023537,3.0892343e-06,0.038985606,0.16439268,1.7602663,1.3894668e-05,-0.101349294,0.80032337,1.0,-1.0,-0.0595789261330844,0.03986778107293166,-0.01410082942548126,-0.24370429337904878,-5.957892613308437,2.869078858524669,-2.7718810541996324,-11.708498026134745,0.025667576,0.58192456,1.0,-1.0,10,-0.05199725661585726,0.0376924690017732,-0.006609716528804115,-0.20674581878220777,-5.1997256615857275,2.072542698460212,-2.494262788700022,-10.056214599517308,0.026224268154816273,0.5024081425430732,1.0,-1.0,0.05723162687991955,0.02430060172797328,0.1529657816840177,0.02998783118044624,0.0565108649330389,0.022159348921212838,0.11477293176214566,0.03871670818293068,0.03741987854972678,0.030535283529138327,0.19171538590322595,0.009246020660717658,0.029310989564951925,0.01506188588951177,0.058577015100823936,0.010390357967020735,0.09649795980820113,0.0534242188289365,0.26333265184852744,0.05656791541048636,0.1073222507419493,0.05880765651366392,0.26333265184852744,0.0667140846665611,0.31272727272727274,0.46360427696456247,1.0,0.0,0.18181818181818182,0.38569460791993493,1.0,0.0,-5.957892613308437,1004004,255000,2550,8.119144164142199,1.4309582900023088,1.4213638544897549,10.971466308634263,2831.323634339089,254
0.033442263,0.018413836,7.4426837,-7.503132,8.439198,0.27800655,-36.117367,-7.4799128,8.433959,0.3913774,-36.175457,-7.4885635,8.450269,0.4039191,-36.263443,0.033442266,0.12196783,1.1504265,7.849312e-07,0.018413834,0.09082782,1.0132174,1.6039703e-06,-0.03774365,0.8741286,1.0,-1.0,-0.07799465743898935,0.04559584033211538,-0.01613243082210254,-0.24767167646857996,-7.799465743898938,3.0904774994700706,-4.120739356714685,-12.556074286195654,-0.016541256,0.5795326,1.0,-1.0,10,-0.0751046683434057,0.03837404627606668,-0.018460169646566955,-0.24780760074785899,-7.510466834340572,1.923065331883951,-4.306793600978953,-10.204547924950475,0.09507472519972895,0.6277750230508019,1.0,-1.0,0.061681771278835826,0.02434048547176048,0.15115190552877855,0.029004248543388043,0.05944757887917478,0.022302322829559736,0.10910296618243999,0.03705284045767525,0.051818983861010005,0.04688050810450259,0.20274097529125581,0.010197393171055523,0.034080808418463754,0.02592913521400515,0.08119177836850391,0.012423059674957753,0.10109241734485512,0.057681213924016025,0.25922790025941617,0.057293101952312714,0.12050333378540538,0.06785035876519711,0.25922790025941617,0.06485640239385658,0.1290909090909091,0.33530053128647397,1.0,0.0,0.18181818181818182,0.385694607919935,1.0,0.0,-7.799465743898938,1008004,256000,2560,8.371218672284158,1.4390292640018743,1.4161329437920358,11.226380880078068,2842.4865097181173,255
0.06276563,0.049452692,7.4762373,-7.624282,8.23899,0.36444527,-35.928062,-7.6222715,8.238517,0.25177366,-35.958355,-7.633693,8.245936,0.39182743,-35.9167,0.06276563,0.24342883,1.929297,2.2133463e-06,0.049452692,0.22903103,1.9420319,2.5259305e-07,0.0978433,0.8614787,1.0,-1.0,-0.06453215653989211,0.031604670172481225,-0.017852332911129188,-0.1939149303586835,-6.453215653989208,1.9005994464674945,-3.9559558881351258,-11.339869145799234,0.03647999,0.531686,1.0,-1.0,10,-0.07033692482496667,0.051086189518675294,-0.00859702989937966,-0.22714738146610797,-7.0336924824966705,3.7987663919863834,-2.3996203612091125,-16.1509990556913,0.03468849592744898,0.5941815285771528,1.0,-1.0,0.05701582503175945,0.020630332700255577,0.14286069673607962,0.028132899965730356,0.05819501001145078,0.0166839317730526,0.09882263362407236,0.03915372888210964,0.04114056356247524,0.029297592981848284,0.1693021239469773,0.008322743504006667,0.03311314288390508,0.01900712331384275,0.06219359754502646,0.008801327621816572,0.08859866122608417,0.03119394336319571,0.17188267581359445,0.05719159019929966,0.0960290691988137,0.03301441186544374,0.15897083160646613,0.06396688582083258,0.16818181818181818,0.3740276650394674,1.0,0.0,0.09090909090909091,0.2874797872880344,1.0,0.0,-6.453215653989208,1012004,257000,2570,8.252177234098781,1.374666640011128,1.4275218690163456,11.054365743126255,2853.523917240236,256
0.061720848,0.064490885,6.164072,-6.3807716,7.102959,1.3193847,-31.25003,-6.424322,7.100791,1.2930195,-31.542543,-6.345888,7.0493145,1.3634063,-31.397099,0.06172085,0.31954205,3.075799,3.3842298e-09,0.06449088,0.31184116,3.390793,1.6871527e-06,0.10140914,0.83021116,1.0,-1.0,-0.06935236906720463,0.04035264360371731,-0.0184328260718982,-0.2595906516019439,-6.935236906720463,2.756580231973528,-2.830383894437597,-12.55823855199013,0.05163943,0.6350152,1.0,-1.0,10,-0.08117430674290273,0.04810541775859792,-0.0070460884048854176,-0.23388135257079165,-8.117430674290272,3.6193495311935284,-3.8513396024537108,-14.788251322964724,0.028971931865974465,0.5985617201381093,1.0,-1.0,0.06262295023621886,0.023032182439218032,0.14509044083455244,0.031364799787714434,0.06482211583527274,0.02151390150069221,0.11335498441873576,0.0404241962902826,0.04179510314539368,0.03589714253040056,0.21746991691174378,0.010687407813393628,0.031187585615433732,0.017810723718080984,0.06670683141163689,0.010705538672480756,0.08945613652562036,0.03523776287816816,0.205472556811462,0.056831624690068944,0.09493699694154371,0.03687626559039602,0.19831240068583464,0.06273540573925157,0.19363636363636363,0.3951472160018966,1.0,0.0,0.18181818181818182,0.385694607919935,1.0,0.0,-6.935236906720463,1016004,258000,2580,8.221736808249261,1.3577274779963773,1.4165187775506638,10.995983063796302,2864.4857723200403,257
0.105210185,0.058190417,7.8716326,-7.9893203,8.684484,1.4196558,-33.587418,-8.037008,8.691193,1.3384438,-33.62016,-8.04373,8.684467,1.4130738,-33.50707,0.10521018,0.9392014,10.66658,4.769481e-08,0.058190417,0.41848588,4.7231116,7.0351257e-07,0.061385218,0.840498,1.0,-1.0,-0.055962342256656396,0.03701823019499929,-0.018291283048300095,-0.23091925483815687,-5.59623422566564,2.089186762567994,-2.991791037332358,-9.195544800504127,0.02421129,0.46512356,1.0,-1.0,10,-0.05635999212505062,0.03527123360041291,-0.013129179383962832,-0.21580467711618903,-5.6359992125050615,1.312622188353845,-3.4233459424997865,-8.186428124165655,0.02784085647944088,0.5706467516256499,1.0,-1.0,0.05187580805541825,0.019560767032452117,0.15508068909621225,0.029870572781229492,0.04924674353434682,0.011407608609776358,0.07123888605538427,0.034582916683132923,0.03706732425496193,0.032369268375203396,0.18029972373798672,0.009740537059443449,0.026198543479383562,0.009978304316205078,0.04762564118663935,0.009757577542018636,0.09473380838321643,0.045612723548800554,0.22868747570945167,0.056604476708124844,0.10683640887560998,0.051889622824911046,0.22868747570945167,0.0663709427634516,0.2381818181818182,0.42597093758779075,1.0,0.0,0.09090909090909091,0.2874797872880344,1.0,0.0,-5.59623422566564,1020004,259000,2590,8.13465917724534,1.3240258650039323,1.4235158730880357,10.882200915337307,2875.4173897984438,258
0.02224296,0.022683877,7.3036485,-7.363805,8.415693,0.33747536,-35.11557,-7.35435,8.417467,0.4575197,-35.085278,-7.352376,8.437018,0.35917872,-35.097816,0.02224296,0.052737217,0.44130966,3.5397434e-08,0.02268388,0.05417686,0.33553094,9.369842e-07,0.066600986,0.87212396,1.0,-1.0,-0.09446049862783633,0.05670834474324137,-0.012804891153734317,-0.2225134506817563,-9.446049862783633,3.8314054081468623,-3.427946802699434,-16.187493052275485,0.03409144,0.58463955,1.0,-1.0,10,-0.09380007566229302,0.05489721454715984,-0.011663644197803219,-0.24100262591494115,-9.380007566229303,4.4939960043749,-3.5477225176021703,-15.956106851860543,0.010001831413845516,0.6199148511267515,1.0,-1.0,0.053101540513082156,0.016751443162159655,0.15752463076367698,0.028922953593520723,0.0500621148800626,0.010599238057110393,0.06966624424245861,0.03650064138831388,0.08005905405758809,0.06087919604379032,0.2037044520883224,0.007706839120421273,0.034727500904068814,0.03380697935501681,0.13015375745273705,0.007706839120421273,0.0923275909379552,0.04327467979845908,0.24432228637119446,0.05724587159040177,0.13065819557364253,0.055081024831468664,0.24039509233086695,0.06449564130673312,0.18,0.38418745424597095,1.0,0.0,0.36363636363636365,0.4810456929208347,1.0,0.0,-9.446049862783633,1024004,260000,2600,8.72637514397502,1.3740719100169372,1.4452049100364093,11.545651964028366,2886.9896657524514,259
0.048804685,0.04400006,7.447239,-7.516696,8.3079,1.2040217,-32.44961,-7.5184536,8.324325,1.298946,-32.51014,-7.56035,8.327381,1.2325888,-32.522926,0.04880468,0.19090168,1.9394146,1.8253922e-07,0.04400006,0.21728864,2.3708363,6.846046e-08,0.118321165,0.8430721,1.0,-1.0,-0.05708209636686411,0.03834295320185463,-0.013225504653746403,-0.22366725542155083,-5.708209636686412,2.4606788663213734,-2.836100864467246,-11.381726811728193,0.024997113,0.5909249,1.0,-1.0,10,-0.06421191696271177,0.04488530227134144,-0.005345908954490447,-0.24654141924630127,-6.421191696271177,3.1737878614172756,-3.143444452908363,-12.932047398600623,0.025876003451894277,0.5790276159412221,1.0,-1.0,0.05457557024681321,0.022882906433609913,0.14528055030746054,0.02909051856868903,0.05510977459594519,0.020654038669392746,0.10787485478991049,0.03426639209083455,0.03496326627067585,0.03150185200340576,0.2013158155512457,0.011905238334999499,0.025056284324999865,0.011475843894094225,0.05046331864034736,0.012299464275921395,0.09772233739442511,0.040169066621061185,0.21542417015569676,0.05689212546445596,0.10458529611826468,0.043911438008216654,0.21542417015569676,0.06648802531703933,0.29818181818181816,0.45745974848898274,1.0,0.0,0.2727272727272727,0.4453617714151233,1.0,0.0,-5.708209636686412,1028004,261000,2610,8.389755392912775,1.4007906890183222,1.42941249863361,11.219958580564708,2898.257337165007,260
0.025346056,0.033234905,6.4226303,-6.5238943,7.1516204,0.5757951,-33.11853,-6.4773607,7.141257,0.60181797,-33.065563,-6.5210094,7.157252,0.50627196,-33.185394,0.025346054,0.086771555,0.83936465,4.8531547e-08,0.033234905,0.108774304,0.9959472,2.5547706e-07,-0.012229836,0.8574598,1.0,-1.0,-0.045820234673635295,0.03640548262990372,-0.013493009661078685,-0.2477920375614118,-4.58202346736353,1.967579880318021,-2.6987163972639823,-9.918814599902374,0.039203648,0.45488676,1.0,-1.0,10,-0.07589823683709042,0.04573331371656883,-0.014864053632310846,-0.24836893473325236,-7.589823683709042,2.624424229863682,-4.160756183837977,-12.79633635951616,0.0736402863796467,0.6192376100688078,1.0,-1.0,0.04813764437700544,0.017741141491442382,0.14469993607169282,0.02888369631334414,0.04601991243301689,0.009231065555280853,0.06549666256490726,0.036245911180789805,0.028735465842074454,0.03229993279578525,0.20298899003237728,0.00701348740604364,0.01938213218124424,0.01719005700465504,0.07131163469268385,0.00701348740604364,0.0872736292301752,0.025881396478377446,0.14876923753310173,0.056614785228521265,0.09326867335944403,0.025712000764436763,0.14559596616302048,0.06554353907346055,0.61,0.4877499359302879,1.0,0.0,0.6363636363636364,0.48104569292083466,1.0,0.0,-4.58202346736353,1032004,262000,2620,8.280201344867237,1.448763416003203,1.4003567028266843,11.129321463697124,2909.351752392744,261
0.06898363,0.09935649,7.5221252,-7.646436,8.193492,1.1986787,-35.125717,-7.654853,8.19352,1.1807451,-35.08048,-7.628477,8.169947,1.094741,-34.8817,0.06898362,0.51784,5.8770094,3.0126103e-08,0.0993565,0.82246554,9.340665,5.7984894e-06,0.035526466,0.86750543,1.0,-1.0,-0.05312543046965189,0.03173496179843515,-0.015847238681791994,-0.19433683066253168,-5.312543046965189,1.8715069592900877,-2.7850895271700207,-8.68458821800183,0.038038548,0.36778682,1.0,-0.99999994,10,-0.06517018296021763,0.04558675075876868,-0.00583406050501316,-0.2227544351342728,-6.517018296021762,2.6192261032426307,-2.406000223952951,-10.618328641169194,0.05182923159369312,0.6104727804640606,1.0,-1.0,0.05729178212437589,0.020367135085001768,0.1439320250605975,0.02887483326297527,0.05819766264645077,0.016140340687543074,0.09181199015294779,0.040229028038008686,0.021717394938117907,0.02743559802593906,0.14877907191493467,0.005182903411766501,0.01396669981863084,0.007071410955757779,0.033336575053216064,0.005549237494220589,0.08308247612741324,0.022413518398077627,0.13639935364984687,0.056781134644061045,0.09055433943926511,0.02319208288823798,0.13105748149094962,0.06376466190301278,0.3481818181818182,0.4763939962566925,1.0,0.0,0.36363636363636365,0.48104569292083466,1.0,0.0,-5.312543046965189,1036004,263000,2630,8.211629501689458,1.4145909019862302,1.402839947171742,11.02906035084743,2920.342370700586,262
0.053868946,0.067723885,6.7800226,-6.916794,8.122564,0.38020855,-32.46228,-6.9123917,8.094796,0.41423,-32.436863,-6.8776,8.093888,0.42867687,-32.392033,0.05386895,0.19171831,1.8587112,7.288477e-06,0.06772389,0.48266485,5.475275,5.478059e-06,0.037545476,0.8150644,1.0,-1.0,-0.0639795444962806,0.03947771792761315,-0.015027750179241593,-0.23635188407465463,-6.397954449628059,2.428405280901537,-2.5695192764071932,-11.94989684677003,0.035068892,0.5082395,1.0,-1.0,10,-0.06596096416516366,0.04009537674209352,-0.010143806923972614,-0.2340368531370156,-6.596096416516366,2.512379819513212,-3.597359168122133,-12.027685827630613,0.027325839528182447,0.6134760384222998,1.0,-1.0,0.05301590737669458,0.02006568795785815,0.1442545195193403,0.02955809459325852,0.0544400978590259,0.01484133993652962,0.08103409737962702,0.03651737767985771,0.04413599456276681,0.038911257673400826,0.19528444971241016,0.005354991104734566,0.03258313144650413,0.01757684350998642,0.06877739021026896,0.005356618330003528,0.09551522898659284,0.04779829983094658,0.1922142246604636,0.05656086872609009,0.10796447676061378,0.05299956234240838,0.19213365832772553,0.06370060548768426,0.20636363636363636,0.40469455883470096,1.0,0.0,0.09090909090909091,0.2874797872880344,1.0,0.0,-6.397954449628059,1040004,264000,2640,8.209711377392523,1.376108999014832,1.4286099321907386,11.014430308598094,2931.3884645162325,263
0.028551389,0.026126316,6.520003,-6.7160053,8.006325,0.5697215,-33.834133,-6.7324023,7.998955,0.63306385,-33.904137,-6.717433,8.017631,0.57708836,-33.809486,0.028551387,0.06887296,0.53357273,1.5205378e-06,0.026126314,0.07593662,0.602903,3.4494917e-06,0.044991978,0.83233094,1.0,-1.0,-0.06696485088613573,0.044498227225464364,-0.010567981544176763,-0.24852232782140535,-6.696485088613571,2.757736412638465,-2.635760525842269,-12.483251290962677,0.054618187,0.6280947,1.0,-1.0,10,-0.07399557674446515,0.05032666156094555,-0.004975536155071856,-0.2559981432598036,-7.399557674446514,3.395598747833742,-2.4678740720335113,-13.085570915126803,0.04299890719826593,0.6400421134939803,1.0,-1.0,0.061565795615386824,0.023392275693921733,0.13446492019592252,0.02875471729812892,0.057289090421357464,0.01701687518015961,0.09860486069941322,0.039198863078899505,0.036804423455379806,0.04269422528698526,0.22186940056659876,0.007025256485570402,0.021959233365233765,0.013927604618330544,0.05120871929635885,0.007025256485570402,0.11115360226294595,0.05834198000356326,0.23542984274464882,0.05677061346993842,0.12960045323553102,0.05783072078907925,0.21464004658747907,0.06430343753063265,0.26636363636363636,0.4420566135539393,1.0,0.0,0.2727272727272727,0.4453617714151233,1.0,0.0,-6.696485088613571,1044004,265000,2650,8.386131369246868,1.4081324379949365,1.4190072668425273,11.213271074084332,2942.585796232277,264
0.06316104,0.05394395,6.341962,-6.486668,7.788802,1.0865309,-35.663464,-6.447729,7.789781,1.0921111,-35.810158,-6.491061,7.7709484,1.1673177,-35.804077,0.063161045,0.27993637,2.3290195,2.449824e-07,0.05394395,0.21112797,2.2658808,8.9869826e-07,0.2338945,0.83723605,1.0,-1.0,-0.06092479990007148,0.043085843322518746,-0.014168504907318313,-0.22498210347664716,-6.092479990007149,2.6585725095869477,-3.2979918530637655,-10.195817541843802,0.014268714,0.5475689,1.0,-1.0,10,-0.06422390206282812,0.05168989536524857,-0.004439002576494282,-0.2443280104521768,-6.422390206282813,3.9061900050320464,-2.9676452046012063,-15.393246219574483,0.0452027802432457,0.5506250529628807,1.0,-1.0,0.05529246113985586,0.022545527949734717,0.14004029501352075,0.028553326752374385,0.052579414671144284,0.01571821325303681,0.08712479759015192,0.035148504042594016,0.03847930855339638,0.03899262526264582,0.20054490874002756,0.007392778636489688,0.025639662260711002,0.016330388725936222,0.05611313501294834,0.008123783695074887,0.0966549621913493,0.038952589289750504,0.2393738249153043,0.05656349974237979,0.10576034461123948,0.04068381336100545,0.2204202568987642,0.06600048368623612,0.32272727272727275,0.46751939014899613,1.0,0.0,0.2727272727272727,0.4453617714151233,1.0,0.0,-6.092479990007149,1048004,266000,2660,8.331265808810713,1.3927875309891533,1.4391688120376784,11.163222151837545,2953.789335558191,265
0.023763295,0.026477192,7.149356,-7.3020573,8.1487,0.37525535,-32.86879,-7.2742567,8.115415,0.43802673,-32.542023,-7.305338,8.15659,0.41812426,-32.653843,0.023763295,0.059381966,0.49922454,4.931718e-07,0.026477192,0.0793105,0.736933,1.614859e-08,0.0071102753,0.8765948,1.0,-1.0,-0.057019460598043144,0.04505379512719644,-0.014368127806768367,-0.21543307767454428,-5.701946059804314,3.6707766489206297,-2.1830850269694166,-13.197088275053103,0.05829311,0.6160112,1.0,-1.0,10,-0.06633461601953013,0.04804964865677102,-0.0047756502684257384,-0.22923542867431854,-6.633461601953013,2.6164218405587785,-2.8289901725690036,-12.082952388380944,0.029573088539214455,0.572541173167385,1.0,-1.0,0.05531561150019681,0.02849831477541512,0.1361752099907373,0.02784214842383306,0.05501502052534012,0.027932306581281405,0.12845292546577922,0.034132407137064266,0.03605130640449752,0.033931102088135955,0.20151655720743353,0.008611796275629384,0.027832596691093833,0.018633130614766753,0.07694432978597227,0.008625196159694927,0.08029173095045813,0.03309884384791086,0.19892665968613552,0.05656537116862319,0.08479387076710933,0.03430189938547238,0.18503467992518643,0.06185228072153394,0.4509090909090909,0.49758424678101315,1.0,0.0,0.45454545454545453,0.49792959773196915,1.0,0.0,-5.701946059804314,1052004,267000,2670,8.412797992641572,1.4330329410149716,1.4078402965678833,11.253671230224427,2965.008739530429,266
0.025069045,0.025273997,7.391169,-7.436302,8.062344,0.09118515,-36.096233,-7.422136,8.064277,0.17764467,-36.10241,-7.5123568,8.096179,0.15240169,-36.289265,0.025069045,0.046638884,0.28669444,2.4611154e-06,0.025273994,0.046265457,0.29760852,3.198229e-07,-0.03138587,0.85865223,1.0,-1.0,-0.061425095047674835,0.03884335187210579,-0.016872022923355507,-0.2292672278614134,-6.1425095047674825,2.818823496980964,-3.1633846320694534,-11.641715771309022,0.0027848305,0.43968236,1.0,-1.0,10,-0.06769372197952563,0.042262653194214676,-0.009554194866768033,-0.22749948604928683,-6.769372197952563,3.068254049508503,-3.754720035728372,-12.671731984188467,-0.002650017002359248,0.5232698749612774,1.0,-1.0,0.0520934992391718,0.02091274302914845,0.13789465701560413,0.027836504408618703,0.05349846391867021,0.018594190285608835,0.09814948309590421,0.03702863914598545,0.04035673472188325,0.038542865460725696,0.18522972558712025,0.008982778010373947,0.022061147280573328,0.009188848096674319,0.033883055108513103,0.008994908276911193,0.07630778513703611,0.01840470453423877,0.19725109935622956,0.05644732870627266,0.09056130443009663,0.034093932251796716,0.19261257131150256,0.06363825004078948,0.2581818181818182,0.43763451296961114,1.0,0.0,0.2727272727272727,0.4453617714151233,1.0,0.0,-6.1425095047674825,1056004,268000,2680,8.374232236034004,1.399384463991737,1.4525162870413624,11.226132987067103,2976.261781447567,267
0.05782112,0.046945635,6.4433827,-6.5257187,7.116486,0.2431773,-33.42523,-6.549923,7.1449637,0.2634725,-33.575058,-6.527548,7.09746,0.23560025,-33.58846,0.057821117,0.30494642,2.9022365,6.220298e-07,0.046945635,0.2228903,2.0453455,5.037122e-06,0.009354737,0.8642064,1.0,-1.0,-0.05788198680738601,0.04302980862980182,-0.006947106055167085,-0.24160545831458938,-5.788198680738601,2.683459610657106,-2.0419608437391528,-11.198639588651597,0.016425539,0.5698621,1.0,-1.0,10,-0.05549229495783902,0.04040965780232921,-0.00392788731620171,-0.2088814180449612,-5.549229495783903,2.508453692417293,-2.096180961082051,-9.63074308149569,0.040451952684336774,0.49975792696367805,1.0,-1.0,0.05356302186424968,0.021592832087188034,0.15041061110243795,0.02913533165204689,0.05216428337866823,0.018628945425544895,0.10195380215510724,0.03488312715544759,0.03732796328307604,0.038576899867303394,0.2102210459863384,0.005071532559431188,0.02520028148356427,0.015730539033786243,0.05493760294955251,0.005433972635726955,0.10702712297406952,0.04491580217980896,0.1872487589423604,0.05719801422445286,0.11715130303249968,0.04497447454399471,0.1755826978934142,0.06586795415005138,0.3654545454545455,0.4815573908280892,1.0,0.0,0.36363636363636365,0.48104569292083466,1.0,0.0,-5.788198680738601,1060004,269000,2690,8.163278008432826,1.4267611060058698,1.414304809179157,11.004343923617853,2987.2367503351998,268
0.02308865,0.017068416,7.625576,-7.722229,8.454745,0.36980307,-34.60827,-7.7264223,8.4472885,0.30389506,-34.616833,-7.6740856,8.416657,0.38819286,-34.48779,0.02308865,0.049107175,0.34906638,1.2100082e-08,0.017068416,0.036445305,0.25838616,4.892627e-08,-0.049405627,0.8610328,1.0,-1.0,-0.06603244472853073,0.04125343302992402,-0.015948709652130164,-0.23615919407137867,-6.603244472853074,1.8287662093144197,-3.495775097270968,-10.940149268491595,0.044992104,0.6672517,1.0,-1.0,10,-0.054328545084401055,0.037811943851072685,-0.010262363998885074,-0.1741266640505758,-5.432854508440106,1.5377634489267773,-2.973787108715034,-7.727287755853153,0.017954201239227342,0.5511846095564661,1.0,-1.0,0.057269200932410745,0.020927665340801226,0.15811451420908032,0.030331336902092762,0.053939229299242525,0.015806725095645804,0.09316711521850699,0.03801618805380449,0.04274510654619711,0.03964495002759783,0.19214425903006493,0.012610976341852147,0.02846546434502698,0.013409201387009325,0.052503231782463605,0.012616377079456429,0.11255589706329897,0.04018746567704489,0.1837689617263096,0.056960901412646335,0.12423675375441524,0.03710174537755233,0.1787900415324823,0.06996402470186419,0.07727272727272727,0.2670236935040821,1.0,0.0,0.09090909090909091,0.2874797872880344,1.0,0.0,-6.603244472853074,1064004,270000,2700,8.207598070061067,1.397195469995495,1.4500355451891664,11.054829085245728,2998.275621975423,269
0.017588224,0.01328768,6.8452773,-6.9768357,8.4659,0.26980937,-35.833054,-7.028243,8.483842,0.1938585,-35.917118,-6.978155,8.484377,0.31304595,-35.930504,0.017588224,0.05792551,0.61940306,2.6831992e-06,0.01328768,0.020626111,0.10720963,3.8923886e-08,0.06011381,0.87353516,1.0,-1.0,-0.06173630094192834,0.040648186029651166,-0.017542525065710617,-0.2349147202214986,-6.173630094192836,2.8233281958790153,-2.8537135993188887,-11.287980317969676,0.015524198,0.5006323,1.0,-1.0,10,-0.06299824619872824,0.048755115927580424,-0.004166481130700111,-0.24223682943795816,-6.299824619872825,3.5314963829728265,-2.354303237524672,-13.868860758927624,0.03814472280853965,0.562205512695206,1.0,-1.0,0.05383295915716634,0.023079663684750017,0.1520340264968547,0.02826845598983649,0.053100807312325145,0.017882459520270014,0.09315968508517632,0.03396087445548406,0.041795616115310505,0.035817320614113204,0.20306230598147343,0.007472355581458268,0.03208217215009767,0.014766568921516435,0.06725064153338677,0.007486872915087713,0.08352916262792764,0.01993789653246423,0.1313652196054508,0.057093296488746476,0.08760756924471945,0.020229142621134684,0.1247971586529897,0.0674052724122899,0.2409090909090909,0.4276352427319879,1.0,0.0,0.18181818181818182,0.385694607919935,1.0,0.0,-6.173630094192836,1068004,271000,2710,8.286825279006734,1.3816198929853272,1.4223319352604449,11.090777107252507,3009.419661132706,270
0.0472498,0.058019586,6.998395,-7.1788397,8.239784,0.4280681,-37.04909,-7.1522617,8.22123,0.49650252,-37.00268,-7.1967316,8.201728,0.5337671,-36.887775,0.047249805,0.22373565,2.153435,2.0455104e-08,0.058019582,0.30688083,3.1231086,2.4972542e-07,-0.24369189,0.80920905,1.0,-1.0,-0.05265315600072319,0.03874387779380672,-0.006997519220000832,-0.2113190360608041,-5.265315600072319,3.0717028878346233,-1.6912626305412892,-10.269192039058133,0.029492687,0.47850764,1.0,-1.0,10,-0.060043093289566696,0.042552029994915336,-0.011285169028860615,-0.20461627954766368,-6.004309328956671,2.346184346962994,-3.847603941163118,-11.213360538023654,0.037377610131386,0.594211021562914,1.0,-1.0,0.050234126290906636,0.020425998189369816,0.14506290376787648,0.027803859829631145,0.052410714071784964,0.017923946331252355,0.08376433930295024,0.034758893048255385,0.0346285977585575,0.03407827018980435,0.19019568061941475,0.006285399425963282,0.026352293257421108,0.016394872149879704,0.05980562333094719,0.006292272947241264,0.08280995507326123,0.025739947765322554,0.17198208525535538,0.05680838657910007,0.09082134288389118,0.03316741778609178,0.17178663124417912,0.06408686001940209,0.4127272727272727,0.49232455867484426,1.0,0.0,0.36363636363636365,0.4810456929208347,1.0,0.0,-5.265315600072319,1072004,272000,2720,8.375876228848938,1.4351811909873504,1.4211785180668812,11.23223593790317,3020.6494923045975,271
0.021186406,0.023621686,6.5946836,-6.682843,8.171916,0.35328192,-38.683254,-6.68838,8.189123,0.33322585,-38.61819,-6.6599026,8.163936,0.37912354,-38.596336,0.021186408,0.04949592,0.3440356,5.1269984e-07,0.023621686,0.049923204,0.40833676,2.7113492e-07,0.02231478,0.8614039,1.0,-1.0,-0.08417490803003141,0.04908789020056951,-0.02168417099685492,-0.22626500531606608,-8.41749080300314,4.371178594203058,-2.8460277650038397,-17.606937147233438,0.050269485,0.60613847,1.0,-1.0,10,-0.06634571932677509,0.03866756355628348,-0.010720133607806392,-0.21195262500164835,-6.63457193267751,2.352671791659553,-3.4342414932313683,-10.587398858935611,0.031015293427587493,0.6078934085358813,1.0,-1.0,0.07191547277862283,0.034510204550108795,0.150277225816902,0.02972793294084945,0.07534591749557099,0.033667211878954474,0.13104916791230214,0.04267752583899699,0.05279877501422046,0.03844947810935336,0.1922018279649554,0.006371393940690257,0.04313261986614008,0.02542259110320263,0.11037180698750626,0.006378742664675058,0.07737021431801887,0.016093090403266293,0.12623495795074013,0.056512912711820476,0.08239799144108909,0.015591540525654052,0.1200420188765891,0.06660483935941279,0.10909090909090909,0.3117532399905863,1.0,0.0,0.09090909090909091,0.2874797872880344,1.0,0.0,-8.41749080300314,1076004,273000,2730,8.362271151796449,1.433368124999106,1.427662943082396,11.22330221987795,3031.8361761224514,272
0.030243397,0.05222179,6.3944216,-6.480147,7.426618,1.1304023,-34.877556,-6.488509,7.439058,1.1391644,-35.113438,-6.4967976,7.4492097,1.1164225,-35.081932,0.030243399,0.090158746,0.8114617,1.5796155e-07,0.052221794,0.2290955,2.316398,5.287859e-09,0.06373632,0.8286935,1.0,-1.0,-0.04892330795720747,0.032587840236792905,-0.012129886966777342,-0.2295753248308314,-4.892330795720747,2.0042540792648214,-1.9183552806491213,-7.536986630060444,0.025829572,0.43738994,1.0,-1.0,10,-0.07043994423585301,0.04035505534447371,-0.007552205770590563,-0.23511964664195326,-7.043994423585301,1.8580384727298094,-4.625971594458131,-11.290502491310017,0.06850159738992477,0.5812251516457686,1.0,-1.0,0.05018452007346558,0.01868932571589075,0.15266198333086867,0.02832914016896546,0.04818914235426983,0.011502348571503325,0.06957532827043396,0.034894687378034854,0.030910573252281946,0.02473131130051183,0.17526101265410812,0.01208169964819995,0.024009785802116587,0.008671316617298395,0.04023791302821027,0.01208887665620251,0.08590612362477185,0.03227506018880963,0.18843809817953125,0.05654443225019191,0.08952376502827707,0.03138960926036993,0.16947268741814475,0.0625458878789002,0.40545454545454546,0.4909797928884583,1.0,0.0,0.45454545454545453,0.49792959773196915,1.0,0.0,-4.892330795720747,1080004,274000,2740,8.180100154160755,1.3969620740099344,1.3950534219038673,10.972115650074556,3042.8341750135587,273
0.037103422,0.023495536,8.188864,-8.242361,9.58936,0.4685285,-36.627594,-8.251498,9.58473,0.4032787,-36.60454,-8.239497,9.573245,0.45041263,-36.570282,0.03710342,0.15073246,1.3262393,4.748027e-08,0.023495536,0.087189354,0.8677477,1.7826096e-10,-0.1218661,0.82398486,1.0,-1.0,-0.06659471045253582,0.045852547719653025,-0.016517297081419965,-0.23795169940239863,-6.659471045253583,3.7419630199063882,-2.598146899667853,-16.64823813424117,0.058966924,0.45378885,1.0,-1.0,10,-0.07059498564103657,0.04071550732779426,-0.008443232281194679,-0.24787045396174026,-7.059498564103658,1.6058957329706411,-4.8922540340990945,-10.566123269999613,0.056746358682504223,0.5838858875674491,1.0,-1.0,0.06321526327183188,0.03280991342319906,0.16589514078140574,0.028837130120152415,0.06523666567222698,0.03406279135637435,0.16170963266512278,0.03785449284189094,0.037710709627536115,0.03411305925461947,0.20118657885265742,0.010787805279521837,0.026928057194957368,0.015182468962931978,0.057401785474292276,0.01175122432841673,0.08362718286599206,0.03538608023073765,0.20292978090923353,0.05647538102050931,0.08964502103167932,0.038893861544996244,0.20292978090923353,0.065048567934796,0.19636363636363635,0.39724672267708633,1.0,0.0,0.18181818181818182,0.385694607919935,1.0,0.0,-6.659471045253583,1084004,275000,2750,8.314857918245252,1.4230333209852688,1.4203783872362692,11.15826962646679,3053.943326090026,274
0.06299607,0.08487625,6.7324767,-6.8369985,8.109892,-0.050183505,-31.939476,-6.8083367,8.082987,-0.16863114,-31.813065,-6.837449,8.139596,-0.04464284,-31.980286,0.06299607,0.41265497,3.496099,1.6134337e-07,0.084876254,0.621567,6.7458563,3.7940035e-06,0.0051019304,0.8316876,1.0,-1.0,-0.060839177108354105,0.03188931540741304,-0.01617124982581939,-0.18366494583239545,-6.083917710835411,2.4778097394805885,-3.387964704801166,-12.109548792226613,0.027218308,0.42739376,1.0,-0.99999964,10,-0.07871951495993475,0.04421204865607663,-0.011480662820702047,-0.23043230266496223,-7.871951495993476,2.391334865588981,-2.668355624434297,-11.217762965644305,0.02436344017424303,0.593976260352739,1.0,-1.0,0.06454691561160819,0.02401539719731363,0.13962179623623283,0.029833024732726258,0.06765944245374639,0.02196333666356682,0.11862823247591937,0.042503696331203086,0.022957015936332453,0.0235339092824023,0.16539957113364767,0.008001404127867704,0.015859101238375927,0.004166446744160997,0.022069745315637844,0.008001404127867704,0.07847780179396766,0.02169197229113024,0.15703264279405588,0.05651438156629413,0.0816393308295764,0.019657061254936797,0.13954653063883418,0.060349476138860034,0.19636363636363635,0.3972467226770864,1.0,0.0,0.09090909090909091,0.2874797872880344,1.0,0.0,-6.083917710835411,1088004,276000,2760,8.200867075996939,1.374093858001288,1.4164361903676763,10.991397124365903,3064.9367828723916,275
0.026960563,0.024713386,6.9782143,-7.0725923,7.6717997,0.33343327,-36.133354,-7.0875835,7.674734,0.30218214,-36.022976,-7.086155,7.6705484,0.2769865,-36.102547,0.026960563,0.06696093,0.50558704,2.4782275e-07,0.024713386,0.059405956,0.42842457,1.8056026e-06,0.14901534,0.8071995,1.0,-1.0,-0.040469018391732975,0.030598392510965855,-0.012858466556462465,-0.2153601040959602,-4.046901839173296,1.3824257060623524,-2.3791445838483933,-7.348548187554386,0.02571409,0.5204951,1.0,-1.0,10,-0.058508049411235184,0.05195769116082528,-0.009787312474158108,-0.20822779313365541,-5.850804941123519,4.1273520241500075,-3.227432393008459,-17.759610852682194,0.051236134190617205,0.5594518697019493,1.0,-1.0,0.04172020007577069,0.015794126170701153,0.15949826909632253,0.027652704369304774,0.04136328168968175,0.0055413950335596205,0.054937620709979,0.03383913372882107,0.030284509000117622,0.025441937281154847,0.20942808983093317,0.013665999017676683,0.02370614164693133,0.008688849164071673,0.04435123115085293,0.01368237869664451,0.09631114002791163,0.041362425552330426,0.22782579010906126,0.056465790128803324,0.1032486392856092,0.04295246029233479,0.22062122524807024,0.06521736183751083,0.4690909090909091,0.49904371361552446,1.0,0.0,0.18181818181818182,0.385694607919935,1.0,0.0,-4.046901839173296,1092004,277000,2770,8.222890248754993,1.3765136099827942,1.4387517409049906,11.038155599642778,3076.0190724400163,276
0.04026749,0.044899933,7.123906,-7.2024364,7.3598375,0.33141118,-29.030266,-7.2212667,7.3670335,0.333884,-29.050743,-7.2253094,7.366106,0.35891482,-29.024395,0.04026749,0.23145366,2.5746307,1.4597425e-07,0.044899937,0.28235772,3.1455407,3.875004e-06,-0.06830229,0.8382178,1.0,-1.0,-0.06681653228359337,0.0474950807132503,-0.01857067135333606,-0.21917828243950394,-6.681653228359338,4.025038254147459,-3.030761211219014,-14.932502146528982,0.08955003,0.5754643,1.0,-1.0,10,-0.058380409258288836,0.041892060394167784,-0.006843998718327041,-0.23009559120728626,-5.838040925828883,2.186152837019497,-3.160704651696716,-10.016506269624552,0.033782658200248894,0.5396695564525916,1.0,-1.0,0.06159403284675276,0.028825213380142753,0.15200498139722518,0.028937867553165356,0.06577101165339945,0.02933192447442034,0.12175062098206138,0.03799171246544894,0.03836081658377014,0.04073585132463688,0.20423671781310837,0.01585652921926392,0.02594036621055936,0.015484504512158458,0.0615499627554468,0.01585652921926392,0.0763244449327124,0.015127842387318291,0.12795135954933476,0.057014050112443176,0.07996260527105094,0.017752762177173687,0.12679758829023652,0.061468825951235886,0.3563636363636364,0.4789244147475907,1.0,0.0,0.18181818181818182,0.38569460791993493,1.0,0.0,-6.681653228359338,1096004,278000,2780,8.260875541251153,1.4211979300016537,1.43445685095503,11.116530322207836,3087.0883530452265,277
0.033731095,0.037546564,6.8511767,-6.9529448,8.261359,0.39108187,-41.31119,-6.9212246,8.254523,0.48190194,-41.252792,-6.9417915,8.261311,0.46856192,-41.018364,0.033731095,0.1218088,1.1692299,3.0458068e-08,0.037546564,0.14977793,1.3154873,4.53646e-09,0.0958128,0.85867137,1.0,-1.0,-0.04764617848508489,0.032614278580842024,-0.012027475333213319,-0.2290652543159485,-4.76461784850849,1.6112660971704906,-2.7513733720146005,-8.593521393734347,0.021331243,0.57936573,1.0,-1.0,10,-0.07205140929771658,0.043632139042670874,-0.010087689271559286,-0.22423404077667028,-7.205140929771659,2.81992060531864,-4.470738957943316,-13.222864545659624,0.053368128852771465,0.5494944668522342,1.0,-1.0,0.047652103447258135,0.01756797513133359,0.1449652595408532,0.028504149860395032,0.048127768828093956,0.012017288531266974,0.08271710988691995,0.03683500685142317,0.030752460890850906,0.027876766402724542,0.17949230205180033,0.010566248597106812,0.023034043454357635,0.007456654889916435,0.03596837640366812,0.010566248597106812,0.09910230636641604,0.04496662383729724,0.21919144955664355,0.056281290023367715,0.10376068355859247,0.04644447518132976,0.20560335471793914,0.06663472166778656,0.2681818181818182,0.4430127882787498,1.0,0.0,0.2727272727272727,0.4453617714151233,1.0,0.0,-4.76461784850849,1100004,279000,2790,8.462774860236095,1.3746189049852546,1.4389955249498598,11.27638929017121,3098.4083707084355,278
0.030243075,0.035931088,7.1901636,-7.2787194,8.791521,0.10053527,-33.77793,-7.2995768,8.790663,0.05980873,-33.906204,-7.325758,8.8044195,0.07444048,-33.923965,0.030243075,0.14938915,1.6689752,1.3928059e-08,0.035931084,0.255515,2.8955889,1.0994884e-06,-0.18734245,0.8400042,1.0,-1.0,-0.06731698928582172,0.04842357465363647,-0.012502550494813337,-0.2197186443744306,-6.731698928582174,3.4191199421839356,-2.0193398338956037,-14.043779699308413,0.034938797,0.55143076,1.0,-1.0,10,-0.07209186351411194,0.047287122777327564,-0.008871185015580403,-0.25590207304187845,-7.209186351411193,1.8629642975664795,-3.970549392960214,-10.770997766122347,0.025957174884363634,0.6193406807860137,1.0,-1.0,0.06003903789152381,0.025536409213468177,0.16113882969922666,0.02844514963560238,0.05563916436026503,0.01595432233416208,0.09408859925264798,0.03481443475791791,0.041682021596904414,0.04439111401458212,0.20297130248831394,0.005802074667484896,0.02628213734974758,0.0187756650045317,0.06391744706505362,0.005987166359905499,0.107862551810311,0.044484322183162554,0.19821924912949154,0.056704915205212744,0.12941930218683767,0.04746042862187385,0.19821924912949154,0.0698333602954749,0.25363636363636366,0.4350918968191501,1.0,0.0,0.2727272727272727,0.4453617714151233,1.0,0.0,-6.731698928582174,1104004,280000,2800,8.185177638632013,1.417957858007867,1.4324670281202998,11.03560252476018,3109.412340025214,279
0.025238581,0.026263583,6.7507563,-6.8194456,6.8836412,0.334471,-29.947882,-6.7946186,6.8694987,0.2302537,-29.84111,-6.824691,6.8894334,0.24387161,-30.050638,0.025238581,0.06081616,0.5341044,1.3370993e-10,0.026263583,0.06032964,0.4542243,2.4506537e-06,-0.019104015,0.8507469,1.0,-1.0,-0.06640328312678596,0.03741516052884933,-0.022379147240180877,-0.2370342723501862,-6.640328312678597,2.530970300398081,-2.880924563223843,-10.037780878413836,0.021324366,0.593237,1.0,-1.0,10,-0.05718819576014063,0.037588032977460335,-0.004222703880303204,-0.22850947673344746,-5.718819576014062,2.1570940375773673,-2.77807276167239,-8.670608621659332,0.019582018650391622,0.5524716147112121,1.0,-1.0,0.05553439847669289,0.020274465751137817,0.1523736949540171,0.02886000556033058,0.05565746826758092,0.016007455312823236,0.08134767043781,0.03396796467644067,0.046537082443010774,0.03396586227235987,0.20410442857110703,0.016392793357894765,0.03792633598369166,0.018243574346133766,0.08518167090346566,0.016392793357894765,0.095726553663809,0.032163272210681944,0.1896697763973383,0.056820358802492206,0.10267115048546899,0.03615029253681695,0.1896697763973383,0.0700449218468808,0.14636363636363636,0.35347039807323266,1.0,0.0,0.09090909090909091,0.28747978728803447,1.0,0.0,-6.640328312678597,1108004,281000,2810,8.3039154651633,1.3867178320069797,1.4181210370443296,11.10875433421461,3120.5333298353944,280
0.029585136,0.021478597,7.1349545,-7.223866,7.9462814,0.32940966,-31.876757,-7.256832,7.9573665,0.3230676,-31.841742,-7.300251,7.978892,0.42726657,-32.13469,0.029585134,0.061175745,0.43840903,1.0888107e-07,0.021478597,0.04505274,0.38564965,1.4319062e-06,-0.20629212,0.82494456,1.0,-1.0,-0.05912343248424492,0.02963355515658425,-0.02562563268541757,-0.1762929923480926,-5.9123432484244915,2.25355842572519,-3.331047937347476,-11.908248881664438,0.026516754,0.4996905,1.0,-1.0,10,-0.07039744817352568,0.048789789631459315,-0.01171207200333269,-0.24282961197167896,-7.039744817352568,3.009254983093127,-3.123836354010377,-11.616142002672758,0.017634713934583778,0.5924427499174036,1.0,-1.0,0.05984960176096267,0.023623148038342673,0.15088839383871772,0.029170252818925803,0.06003972641087048,0.022982325226012384,0.12068835354355524,0.03593539809377121,0.028007172468272,0.021468784356180905,0.15180185389385872,0.00853696628316513,0.022921174370037798,0.00961581021526537,0.034713463808265926,0.009347761381042664,0.07786241750467277,0.015334170705678862,0.11603484352953511,0.056462904840397454,0.07801439010341588,0.014156797836887393,0.11603484352953511,0.06455094295918828,0.17272727272727273,0.3780113252053053,1.0,0.0,0.09090909090909091,0.2874797872880344,1.0,0.0,-5.9123432484244915,1112004,282000,2820,8.189949944528053,1.3992559610051103,1.4345155752380379,11.0237214807712,3131.5932423191553,281
0.04581841,0.048375897,7.1176906,-7.279799,7.7278857,0.24979287,-35.706913,-7.276786,7.7223825,0.3007254,-35.987713,-7.2909803,7.7445335,0.28819087,-35.840496,0.04581841,0.13946895,0.9369048,1.6990189e-06,0.048375893,0.1556259,1.485333,3.6744495e-06,-0.009393565,0.86109847,1.0,-1.0,-0.054385084931643325,0.03573499790126511,-0.014307217165698998,-0.23140769866286504,-5.438508493164331,2.101800237704735,-2.492499600682323,-10.021711510372587,0.050098136,0.59973127,1.0,-1.0,10,-0.049170551270372016,0.03633566375780139,-0.00889134841817257,-0.21101734843906322,-4.917055127037202,1.8775541695932056,-2.973387231575896,-8.509047712597818,0.029769915985778418,0.5651837755685787,1.0,-1.0,0.05591745907844233,0.020955214543849146,0.14319482776908013,0.030158222231971083,0.05394028648546638,0.013891625743977882,0.08911278787676045,0.037920708488802926,0.028485089747299595,0.030244724503281063,0.186622019985281,0.00881074063500511,0.01825775167021956,0.008328373391314791,0.03543171643792721,0.008824854696702831,0.09287105457744849,0.04268470816354758,0.2055433307208088,0.05679374905351683,0.1001764373481211,0.045836148795308826,0.1950583729248633,0.06534609113790599,0.3409090909090909,0.4740148548775957,1.0,0.0,0.2727272727272727,0.4453617714151233,1.0,0.0,-5.438508493164331,1116004,283000,2830,8.281034323183121,1.4360463379998691,1.425613729545148,11.142694390728138,3142.701624815847,282
0.04714726,0.056092255,6.9737873,-7.0667706,8.080294,0.32365113,-31.627277,-7.0486155,8.067438,0.33982497,-31.635242,-7.065855,8.135944,0.24875382,-32.55673,0.04714726,0.29910234,3.358792,4.1262865e-06,0.05609226,0.33709112,3.6837275,7.284052e-08,-0.044581305,0.85796326,1.0,-1.0,-0.04844360101806158,0.03859493444804924,-0.008421225938515237,-0.20441838333049614,-4.844360101806158,1.74811994956782,-2.3276569202542445,-8.642861459393695,0.02615789,0.5625727,1.0,-1.0,10,-0.0684136330556203,0.04618078607545489,-0.0074377223319115745,-0.22450529092471044,-6.841363305562031,2.339448919285855,-3.8434950179887952,-10.772829958886625,0.030289808081559764,0.5900301858203767,1.0,-1.0,0.04859695896551712,0.018066710790916832,0.1442902463464168,0.027957491828340456,0.04960724050788388,0.013099178496710157,0.0819626521182231,0.03648481678264079,0.030515302176351476,0.034845239868315274,0.1742405245292436,0.0050379958423164735,0.019203601432174026,0.008322578331760233,0.03639987449755923,0.006137009791774688,0.11283942355331153,0.052484643243088505,0.25046473206336095,0.056717369769361835,0.12427598295477726,0.0539052827624331,0.23935956280942847,0.0709555633738699,0.36272727272727273,0.4807870613349608,1.0,0.0,0.2727272727272727,0.4453617714151233,1.0,0.0,-4.844360101806158,1120004,284000,2840,8.468974811316002,1.4023364319873508,1.4372918397421017,11.308603083045455,3154.0319525169616,283
0.08700873,0.060843237,6.2593446,-6.438525,6.895985,0.39615732,-29.581623,-6.4258003,6.90318,0.39567226,-29.563374,-6.434195,6.8671117,0.2899429,-29.602098,0.08700873,0.53616834,5.934063,1.6043487e-07,0.06084324,0.39513847,4.3610477,1.3833414e-09,0.12934025,0.86765313,1.0,-1.0,-0.06473258408884164,0.04997516170373593,-0.019589829052327614,-0.24943560586245597,-6.473258408884163,3.7255071072063504,-3.2092485041988383,-15.312035761292595,0.040713657,0.6662255,1.0,-1.0,10,-0.06947866166629452,0.04214254166069292,-0.010047783878736534,-0.20616009247930348,-6.947866166629451,2.599737201332302,-2.446431032428089,-11.460516278853651,0.06654779890924659,0.5697492717022861,1.0,-1.0,0.049508119900682004,0.019814841996923127,0.14987167616568112,0.029623540033695616,0.05116798290768732,0.011984745002287248,0.07091344591096738,0.03689116025205265,0.048935786779266584,0.04958802553603289,0.2047459740753595,0.01141197299303427,0.026561411657445935,0.010533552733187877,0.04874493104227264,0.01141427776656727,0.09735995821342355,0.038471313142551866,0.28955749263267366,0.057096055355181995,0.12922408486756576,0.06028367120882916,0.2862910037110398,0.07631190750775547,0.25636363636363635,0.4366249217738831,1.0,0.0,0.18181818181818182,0.385694607919935,1.0,0.0,-6.473258408884163,1124004,285000,2850,8.441207190684509,1.4242666350037325,1.402209915802814,11.267683741491055,3165.2336408213887,284
0.042905614,0.032670967,8.220774,-8.354546,8.714407,0.8648232,-35.27436,-8.395414,8.725624,0.8041206,-35.35841,-8.41659,8.744295,0.85492045,-35.414383,0.042905614,0.13113552,1.0561996,2.5165466e-06,0.032670967,0.10439046,1.003461,4.7410504e-07,0.054522395,0.85742277,1.0,-1.0,-0.0440416861035609,0.031387504355090697,-0.01644262015909745,-0.21198123844206976,-4.4041686103560895,1.4785267876871067,-2.765044946380154,-8.363035099716212,0.028437264,0.56916624,1.0,-1.0,10,-0.055026151698858675,0.04188960899842585,-0.004614929911619148,-0.2152332554637122,-5.502615169885866,1.8770517299664005,-3.2382275023190417,-9.622301062372893,0.022790615635109007,0.5808576329548266,1.0,-1.0,0.04628875474920942,0.01701154309617588,0.14881590863047225,0.02828692819752258,0.04548731174494807,0.005102177162328753,0.053195278811663235,0.038625505518574466,0.028827391860796393,0.026086285780861217,0.19175025617356548,0.01146623306365786,0.02048469168790399,0.00798753521396487,0.03929036013058162,0.01146623306365786,0.09542050998269877,0.04036275318897153,0.2193892366588447,0.05699980420476055,0.10418367963660856,0.04414783299573373,0.20754183440967344,0.06627030007605784,0.45636363636363636,0.4980922281752598,1.0,0.0,0.45454545454545453,0.49792959773196915,1.0,0.0,-4.4041686103560895,1128004,286000,2860,8.179804996761959,1.3585172969906125,1.4317106827511452,10.970032976503717,3176.2559073159646,285
0.042672627,0.037473157,6.6370335,-6.73699,8.128813,1.4763782,-34.71648,-6.749621,8.126916,1.4888439,-34.75903,-6.7528496,8.11171,1.4609067,-34.515083,0.04267262,0.2163729,1.9759355,4.7148205e-09,0.037473153,0.22640139,2.4744084,1.526718e-08,-0.005439259,0.83326316,1.0,-1.0,-0.05742675962934509,0.04052658400442392,-0.009059150830969033,-0.19810275860388696,-5.742675962934508,2.295245971312263,-2.907214670219668,-10.986058001485777,-0.019527333,0.46359125,1.0,-0.99999994,10,-0.06082679705161908,0.03886233692751916,-0.010636050945073522,-0.22057159494829345,-6.082679705161906,1.711247251341422,-3.280993295024021,-8.705608572302108,0.06144442743384592,0.5459095162286961,1.0,-1.0,0.05710575885677719,0.02305390098475478,0.14632214849526523,0.029185586879027753,0.05423786430375049,0.01956656312516359,0.10141117344189426,0.03479449371784006,0.027792544538590334,0.03621650411580369,0.17769233670364257,0.005641143082375703,0.01431081818026902,0.008062022022641207,0.031937631761597834,0.0067405325939873875,0.09407432721985569,0.04213409644295462,0.21982322718446567,0.057035134597271865,0.10118840633984791,0.04392948379497949,0.2132898139319498,0.060610984360677585,0.3509090909090909,0.4772545451082119,1.0,0.0,0.45454545454545453,0.49792959773196915,1.0,0.0,-5.742675962934508,1132004,287000,2870,8.216553003672743,1.4113700059824623,1.3877166370511986,11.015639646706404,3187.2908451116527,286
0.038420253,0.044705495,7.197137,-7.3316917,8.532223,1.4970214,-29.974823,-7.34823,8.54808,1.4819924,-30.028755,-7.2924595,8.565844,1.4579462,-30.054096,0.038420253,0.20383355,2.2679987,5.9047403e-07,0.044705495,0.25823912,2.9092462,5.3275926e-07,0.07142134,0.86518186,1.0,-1.0,-0.07165463526228712,0.05176718807844648,-0.01991540788214157,-0.24761135649556118,-7.165463526228711,4.036388897943028,-3.0158043123233464,-15.67422049923168,0.0328658,0.57794535,1.0,-0.99999994,10,-0.06666578403277582,0.0485764339874789,-0.0035484796870477618,-0.24357803176442375,-6.6665784032775806,3.542711589958048,-3.332240735157632,-16.535937144253825,0.04365298968618509,0.5394613993821091,1.0,-1.0,0.06273304024394108,0.02904026532630935,0.15322148083641532,0.028202435221578837,0.065027456630788,0.03146084183035906,0.13915238018677684,0.03582054940510334,0.04768904358308531,0.043865460328360716,0.20413038435984895,0.010385089446228507,0.034909690288456606,0.025707178759442756,0.09123346259807671,0.010423561682603333,0.09881353967687602,0.04362332767973509,0.23468749105228764,0.05660986609990533,0.10508645551838432,0.04419914473310546,0.2163159474641019,0.06857460672840995,0.27090909090909093,0.44442924675576967,1.0,0.0,0.2727272727272727,0.4453617714151233,1.0,0.0,-7.165463526228711,1136004,288000,2880,8.40130589765613,1.4302796369884163,1.4344414785737172,11.266027013218263,3198.5041650939093,287
0.04456845,0.061061352,7.0924234,-7.2316675,8.036797,1.2770362,-30.235466,-7.244494,8.030614,1.258081,-30.257074,-7.222077,8.023994,1.2570081,-30.196663,0.044568457,0.23380956,2.569449,6.253863e-06,0.06106135,0.42310244,4.789534,5.2541054e-07,0.12452049,0.8530873,1.0,-1.0,-0.0703854340960386,0.048371840602833935,-0.010901080173344607,-0.24034194254269686,-7.038543409603862,3.6350794096688013,-1.8567630162361366,-11.95665916259261,-0.012716531,0.615264,1.0,-1.0,10,-0.05179980330569511,0.0428474485991268,-0.0027706688735735967,-0.2291431324385315,-5.179980330569512,2.831458280692528,-3.0229216376802075,-12.958208489188856,0.029567944805028525,0.527938708371626,1.0,-1.0,0.060087648173663334,0.025934152703766415,0.13889397679912568,0.02869737856762008,0.058541358640224625,0.022447068095882483,0.09924867581792733,0.0360842283184409,0.048345171550597414,0.040897865112952826,0.21855734253133016,0.009781037158877277,0.03752384654943625,0.02664486149130488,0.0886702923188314,0.009796208865289115,0.11315997492376567,0.054300465710891074,0.2259734205297848,0.056365393501463114,0.12165127213288116,0.05138326160114399,0.20134092575200074,0.06389960371887993,0.2963636363636364,0.45665329452984205,1.0,0.0,0.2727272727272727,0.4453617714151233,1.0,0.0,-7.038543409603862,1140004,289000,2890,8.612031525059137,1.3791785099892877,1.4364200377312955,11.42763007277972,3209.958608302666,288
0.049981803,0.053205557,6.496688,-6.577695,7.6494703,1.0137465,-30.234337,-6.547401,7.636503,1.088099,-30.107754,-6.5663357,7.6554084,1.0662974,-30.069872,0.049981795,0.26218033,2.6599956,6.148184e-10,0.053205557,0.26224947,2.443293,2.878977e-07,0.09500761,0.8464497,1.0,-1.0,-0.06550403904443215,0.04192548101163147,-0.0110457193659869,-0.23412800657731292,-6.550403904443215,2.8189223316321694,-1.8474851640997716,-10.820089341275505,0.08213725,0.6158945,1.0,-1.0,10,-0.0701678846477996,0.04384027151551754,-0.0057243171103841545,-0.20510170741079692,-7.016788464779961,2.707429842374766,-3.454910523336929,-10.92216891173736,0.04155597227831305,0.5757811423605337,1.0,-1.0,0.057839757128550544,0.026965152451304746,0.1635226652544881,0.028663611820031888,0.05179010083046889,0.013505767028714479,0.07083181920611575,0.03415908599380012,0.043073030348545066,0.03507975048860203,0.1953357979372514,0.00898651192732555,0.032849320507012676,0.01877508917235161,0.07312911691616655,0.00898651192732555,0.09831640817098736,0.055179966462656785,0.2658879243509392,0.056798991410282135,0.11874003835485927,0.06503403635166564,0.2506563334392684,0.06896266462846794,0.26272727272727275,0.44011549949139717,1.0,0.0,0.2727272727272727,0.4453617714151233,1.0,0.0,-6.550403904443215,1144004,290000,2900,8.167831911792746,1.4050877980189398,1.4517679402488284,11.024687650060514,3220.972254802735,289
0.107919656,0.10480569,6.9029036,-6.931284,7.3525915,0.5040888,-32.7773,-6.936169,7.3533034,0.40514994,-32.804302,-7.010214,7.3618298,0.47471678,-32.769966,0.10791963,0.94381726,10.71136,7.874015e-06,0.1048057,0.8843481,10.002609,3.274181e-09,0.08057619,0.86880475,1.0,-1.0,-0.05141867940204523,0.032582946375888266,-0.013741283069995778,-0.20749460245177342,-5.1418679402045235,1.7903799966352083,-2.7671536090868707,-9.102501389942308,0.035410523,0.5454727,1.0,-1.0,10,-0.0680874122150897,0.04035737581586486,-0.010669033434339266,-0.20951872709224498,-6.80874122150897,2.1719187078843842,-3.4056589461866142,-10.889958778468467,0.03310706263413808,0.6020153764733572,1.0,-1.0,0.053102699788034356,0.02049106884511886,0.1425267985384517,0.0313822864502051,0.05034358606412164,0.013341002274889255,0.08956576140713901,0.03869353728377521,0.03006387832275276,0.024686063595117744,0.1775318789368731,0.008435676660142345,0.024211562321364687,0.012675435559371277,0.05283525445263698,0.008459255811504512,0.0790496577787904,0.0188921648422658,0.1421358583222064,0.05633236596342554,0.08079662510442533,0.016146176102495396,0.12595515849400052,0.06602010696964568,0.3463636363636364,0.4758107478489689,1.0,0.0,0.36363636363636365,0.48104569292083466,1.0,0.0,-5.1418679402045235,1148004,291000,2910,8.313542704796419,1.394326423003804,1.4020034802379087,11.109872608038131,3232.0629616547667,290
0.07449516,0.08290671,7.425951,-7.538934,8.267666,0.90532,-35.39073,-7.521353,8.256573,0.8391362,-35.10919,-7.5070825,8.263818,0.87115246,-35.216698,0.07449515,0.35451904,3.5726745,4.3421323e-08,0.0829067,0.4734886,5.127892,2.1323424e-06,-0.064927965,0.8278409,1.0,-1.0,-0.05823616114633419,0.04514173945855901,-0.006874054563891294,-0.23361925955199037,-5.823616114633419,3.707530007282098,-2.271173167523559,-15.74177274854934,0.09182923,0.4871851,1.0,-1.0,10,-0.05397198318082741,0.04248995181211144,-0.008531712205099642,-0.23079397982020747,-5.397198318082739,2.732108241587845,-3.134797229505117,-12.899566122592368,0.054284351144397135,0.5154494738134971,1.0,-1.0,0.056586031209321035,0.029130078679671777,0.14520998122303802,0.02930197858924998,0.05861409137244014,0.03087898238138091,0.1444706106841323,0.03577971637218996,0.03719866172069893,0.03340388011041968,0.21937799333406394,0.00769411699435919,0.028277744233099047,0.020547490694459644,0.08386531824867653,0.007697907253278478,0.0741936104659954,0.011365610861674872,0.10672850484511483,0.05737983029947115,0.0772436782096849,0.012192698591036872,0.10209339081812409,0.06502474764994799,0.4318181818181818,0.49532942540234925,1.0,0.0,0.36363636363636365,0.4810456929208346,1.0,0.0,-5.823616114633419,1152004,292000,2920,8.134754601866007,1.3754762019962072,1.4189999045338482,10.929230708396062,3242.9936928671377,291
0.12593384,0.057398893,6.3506145,-6.4898844,7.618868,0.9487515,-34.915367,-6.5010157,7.6443186,0.9145067,-35.007965,-6.5129337,7.6470785,0.85128945,-34.99452,0.12593386,0.9176629,9.967827,1.4574661e-07,0.0573989,0.36092904,4.0084043,1.28793545e-08,0.085485876,0.8558725,1.0,-1.0,-0.08242839446454202,0.046246062305328565,-0.009842751474123376,-0.24470820413749408,-8.242839446454202,3.0245180210851093,-3.8724953582343415,-12.607317391822399,0.11930353,0.6709071,1.0,-1.0,10,-0.054023411373381965,0.03828543650144176,-0.00443847702674978,-0.22268309404843886,-5.402341137338196,1.7856953122023145,-2.890405677532752,-7.748345105134187,0.06484770448935936,0.5893193819346425,1.0,-1.0,0.06471350508031479,0.027633216772305763,0.14739364852836734,0.028457570084866546,0.06397306168519523,0.02165440826526361,0.09964385139177873,0.03856565514914578,0.05763660448350074,0.042726476329980626,0.21030510090351462,0.008646103600531639,0.03997507406779997,0.019830296359090182,0.07131092828435692,0.008646103600531639,0.08872078413095275,0.02969446954556956,0.18815831823016446,0.057254997419582516,0.10314652792167012,0.03706092000323715,0.18815831823016446,0.06555546642699336,0.07727272727272727,0.2670236935040821,1.0,0.0,0.0,0.0,0.0,0.0,-8.242839446454202,1156004,293000,2930,8.258712118986296,1.3773442970123142,1.4381485568010248,11.074204972799635,3254.052356741973,292
0.023603417,0.021552742,6.977929,-7.058352,7.7663074,0.20607692,-34.698467,-7.06297,7.77025,0.22246766,-34.684753,-7.0869527,7.760294,0.17318521,-34.774654,0.023603419,0.06430148,0.60243505,4.3489513e-07,0.021552742,0.08570432,0.90594023,7.179864e-08,0.043135576,0.8419605,1.0,-1.0,-0.07244829916856796,0.04110129731453427,-0.013255327362878577,-0.2359928597713592,-7.244829916856796,2.411531282545751,-2.3527764507866413,-10.791860375924344,0.027610188,0.6583096,1.0,-1.0,10,-0.07637540179931664,0.04531603858083924,-0.006153499874383313,-0.22113002237923607,-7.637540179931662,3.044123510715605,-4.071961813769034,-13.424381440966519,0.13354655474785887,0.5865039380625232,1.0,-1.0,0.0596466910256041,0.0202022093517007,0.13459931688837362,0.028993641284796114,0.05765552871313026,0.01897992707637538,0.10085935352706953,0.03420794951482814,0.04892036572963441,0.04008540987419762,0.2013527940604517,0.012576288054393387,0.032187199766945646,0.013958989626061786,0.05746885790213539,0.012596141796950412,0.09660976513735392,0.03957108111857056,0.20455562511631453,0.05694305545194962,0.11097482785728058,0.04523493264803242,0.20455562511631453,0.07167185686003774,0.11,0.3128897569432403,1.0,0.0,0.09090909090909091,0.28747978728803447,1.0,0.0,-7.244829916856796,1160004,294000,2940,8.259088412945857,1.3622149289876688,1.39213087328244,11.013434215215966,3265.1103351111233,293
0.061832335,0.057978082,7.1590424,-7.2260504,8.26725,0.35740638,-36.2714,-7.1949234,8.247339,0.2476325,-36.192654,-7.2064524,8.229929,0.3413797,-36.09902,0.061832335,0.35306835,3.856991,4.738291e-06,0.05797808,0.36648765,4.077354,4.222044e-07,0.013263971,0.84922415,1.0,-1.0,-0.07113144498055404,0.04156760556608059,-0.013588793466045924,-0.22187464098926143,-7.113144498055402,3.1801039591210714,-3.437600449752187,-13.433643262955352,0.03579323,0.60125184,1.0,-0.9999998,10,-0.07461627375762143,0.0489616265213132,-0.003935098359773745,-0.2561804751987542,-7.461627375762143,3.4765177951698756,-3.9529722580528466,-14.215214147849201,0.1023760238590571,0.6245152650719129,1.0,-1.0,0.06785733542554574,0.027682781971341355,0.16147855280983187,0.029376689980421443,0.0684842956799193,0.03008157750068821,0.12386119944264525,0.03758105228551562,0.03603592312623575,0.0336924927661107,0.1941794718944862,0.007548026979808744,0.025544625667659703,0.01376181168600592,0.056917500038554544,0.007548026979808744,0.08149562780443191,0.027598721691974176,0.15448161266445978,0.05734121582449542,0.08328193906056004,0.02515013109524911,0.1379848820290324,0.065697118152281,0.20272727272727273,0.402031000819383,1.0,0.0,0.2727272727272727,0.4453617714151233,1.0,0.0,-7.113144498055402,1164004,295000,2950,8.309963443374727,1.4069729119946714,1.388448133773636,11.105384489143034,3276.2452706882905,294
0.10992061,0.10181221,6.622334,-6.7171903,7.7577095,0.2876495,-30.51166,-6.732499,7.739954,0.23156673,-30.43881,-6.7622,7.77684,0.23951021,-30.569862,0.10992061,0.8002682,8.925733,2.3655957e-07,0.1018122,0.81646633,9.18458,4.2788758e-07,-0.21555191,0.8428711,1.0,-1.0,-0.06751600998295926,0.04407873656285432,-0.0066318731319114305,-0.20898454963656002,-6.751600998295924,3.600535832440524,-1.7295380800391609,-14.78650425000611,0.0338833,0.58445626,1.0,-1.0,10,-0.07469764340238336,0.04583839898892581,-0.009453567292221576,-0.2412648820191694,-7.469764340238337,2.7850124365833286,-4.531176929728455,-13.493139596078247,0.07711740245872373,0.5687234809443452,1.0,-1.0,0.0571446459525127,0.025141507526536443,0.14942393247229063,0.028785101232706615,0.05717409748977038,0.020975896276252428,0.100596219626543,0.03732574169522951,0.04706765181154599,0.03771738698001043,0.18751091495580646,0.007543749833234637,0.03788037143477027,0.028789724907716543,0.11335372167423255,0.007544915170360878,0.09771252345517119,0.04655015062551455,0.23706574374051537,0.056758055546886337,0.10522546015239405,0.04727145940761473,0.23052278593719608,0.0656529427586772,0.25272727272727274,0.4345758833013027,1.0,0.0,0.2727272727272727,0.4453617714151233,1.0,0.0,-6.751600998295924,1168004,296000,2960,8.40061299703666,1.436918004998006,1.4301161511684768,11.267647153203143,3287.5108447345265,295
0.034399174,0.024900993,6.5685124,-6.641082,8.085764,0.89863586,-36.527294,-6.648244,8.088052,0.9739256,-36.607544,-6.641011,8.080463,0.9104646,-36.546246,0.034399178,0.117178634,0.9597557,1.2275113e-06,0.024900993,0.08342646,0.67736876,7.258336e-08,0.019179534,0.839223,1.0,-1.0,-0.04519926009138929,0.03342519230722699,-0.007433969795774957,-0.21666845613192182,-4.5199260091389295,2.042927707427949,-2.0468119266838034,-7.6798257225444635,0.029832704,0.5046116,1.0,-1.0,10,-0.062840047660078,0.04449108756106634,-0.008523898246750683,-0.23367736115163334,-6.284004766007799,2.892031060152061,-3.650290912859717,-13.980464375946243,0.06162616765686096,0.5888298666877609,1.0,-1.0,0.048294557480615785,0.018560695987738678,0.13732959539897027,0.028963842759507728,0.04840179271961968,0.012622182290994417,0.07101372551942534,0.03595979578000697,0.02803168374632701,0.026979159469999216,0.17445575508382927,0.006054628551296687,0.020436612978201773,0.012272720730093691,0.05223302261811674,0.006104798259366486,0.0814213560513705,0.025590526586308,0.16736265173826445,0.05693529555823277,0.0846590291601063,0.024319393510013387,0.14859797393613963,0.06605640509515157,0.44727272727272727,0.49721206211308244,1.0,0.0,0.45454545454545453,0.49792959773196915,1.0,0.0,-4.5199260091389295,1172004,297000,2970,8.224757010670146,1.4351692469790578,1.3962878711754456,11.05621412882465,3298.5430539733206,296
0.040626913,0.026731282,7.373517,-7.5188274,8.670681,0.18107861,-35.720657,-7.5168085,8.638398,0.26438296,-35.42746,-7.528721,8.685308,0.188713,-35.4512,0.040626913,0.15351853,1.6162069,2.8332806e-06,0.026731282,0.082266346,0.77811235,2.3655957e-07,-0.090864114,0.79259676,1.0,-1.0,-0.05290336198984544,0.03868921561813261,-0.009907140000724039,-0.24753768932984194,-5.290336198984544,2.2445724139600784,-2.259522538597231,-10.404593831131914,0.02213249,0.54434115,1.0,-1.0,10,-0.07739728160116095,0.047109754020865285,-0.006510589188178595,-0.24415424768000682,-7.739728160116094,3.3033132445341904,-3.310319037147533,-14.437028184081385,0.03409658207305035,0.6408961113021623,1.0,-1.0,0.05079741150950501,0.02048795467123889,0.15684623117125177,0.028564462973644168,0.05133989266721406,0.016367264459511515,0.08004357902901103,0.034620012699542214,0.03306949939101981,0.03440429397901838,0.20276838300352992,0.00562577107916565,0.023471753661581166,0.016788670275722454,0.06416982828955746,0.0056757520823906525,0.09162411379552364,0.031061021824168557,0.1708139424505613,0.05677911949668494,0.09613889370220786,0.032410118702966666,0.16803158314587627,0.06984929696599977,0.44181818181818183,0.49660333872524237,1.0,0.0,0.45454545454545453,0.49792959773196915,1.0,0.0,-5.290336198984544,1176004,298000,2980,8.21934230189072,1.4119226099865045,1.4282615147239994,11.059526426601224,3309.6130882449797,297
0.023025285,0.035802938,5.922331,-6.059024,6.46166,0.63150936,-27.612978,-6.0596943,6.4765215,0.58155286,-27.641096,-6.0225153,6.4342585,0.6158266,-27.51492,0.023025285,0.067012854,0.6625962,2.7346287e-06,0.035802934,0.10040928,0.8533289,4.942607e-09,0.0055698827,0.8778566,1.0,-1.0,-0.08270363432276118,0.048372272306724445,-0.016316442817965796,-0.23115464692310272,-8.27036343227612,3.9845286493196244,-3.0863729578480137,-14.035778350900056,0.016574703,0.67051506,1.0,-0.9999998,10,-0.059219772590618905,0.04302253194348183,-0.012726308166236728,-0.24981323836545427,-5.921977259061892,2.708734052885769,-2.866153650074706,-11.71851805561463,0.028421889684874236,0.5704523510278194,1.0,-1.0,0.06549925982029237,0.03159012044265748,0.1743473351856009,0.027824912644834426,0.06252660671525412,0.02162444792562916,0.10333444786314744,0.033666022776833844,0.05403144609085842,0.044367697628082924,0.20243095280144974,0.006368965711102927,0.04333348432871376,0.03351752345747638,0.12321377474184171,0.006385240492596771,0.08928113797311739,0.031657095652853545,0.17244098556792128,0.05670921741006481,0.10089552612297906,0.037283079846076005,0.1721452803015451,0.062449537114006,0.15545454545454546,0.3623374528696504,1.0,0.0,0.0,0.0,0.0,0.0,-8.27036343227612,1180004,299000,2990,8.404597699031001,1.4225638519856147,1.4123394025373273,11.239500953553943,3320.835963343532,298
0.014963623,0.019076023,7.864454,-7.98197,8.901404,0.048675835,-33.942284,-7.9233246,8.875924,0.0322842,-33.896515,-7.9575195,8.875642,0.048711147,-33.78107,0.014963622,0.034884375,0.30864385,1.2469392e-09,0.019076023,0.078744106,0.8339419,4.7279173e-08,-0.17901832,0.85004514,1.0,-1.0,-0.06604479003034716,0.04304381091607447,-0.014907644945448953,-0.2271354477005309,-6.604479003034717,2.8550615846944645,-2.5172638851908236,-11.929176668943732,0.050314885,0.53529745,1.0,-1.0,10,-0.05578548759816645,0.0442481286614129,-0.00564966607724802,-0.23020680513292957,-5.578548759816646,3.0009574499725735,-2.6211048769921286,-13.641918132731375,0.02960990751410604,0.5667302195574693,1.0,-1.0,0.06000963285104415,0.023462767224978642,0.1541003080415975,0.028100378650266943,0.058601311765320234,0.021567086608284488,0.10474697641790642,0.03499717270924277,0.04109733526341038,0.0383855490588872,0.191483893727213,0.010815665622207008,0.02509845431532637,0.013255734961861547,0.045464715535928985,0.010815665622207008,0.0901158958933728,0.03505727484376665,0.1657164769079731,0.056530281550126335,0.09956179645243678,0.03713045554678171,0.1657164769079731,0.060302449405534295,0.29363636363636364,0.4554273263505132,1.0,0.0,0.36363636363636365,0.48104569292083466,1.0,0.0,-6.604479003034717,1184004,300000,3000,8.142577647580765,1.4071510570065584,1.4090255169430748,10.958754221530398,3331.773937928083,299
0.021326827,0.02571489,7.077902,-7.1834507,7.463475,0.38190788,-31.858774,-7.1921644,7.455563,0.3284477,-31.798061,-7.2274513,7.4789834,0.43284535,-32.016663,0.021326827,0.046570133,0.42508343,2.5194315e-06,0.02571489,0.060980033,0.5456251,7.63117e-07,0.090890475,0.8409099,1.0,-1.0,-0.04294020253730668,0.03552678971564015,-0.008712932392792357,-0.2277590992045655,-4.294020253730668,1.6820234201579438,-1.9291406805153581,-7.026408208568855,0.025800407,0.53489304,1.0,-1.0,10,-0.0686636015186616,0.04531822489373038,-0.008003225889417813,-0.22510706648630732,-6.8663601518661626,3.590542526987422,-2.9928004720717563,-14.113527511030368,0.054724335809226046,0.5895957770156914,1.0,-1.0,0.04546955446474296,0.019614953285174215,0.1548278502862931,0.028786852309740308,0.042156731177102676,0.005056497679671173,0.05285180607593049,0.0350485647329714,0.029729485701254596,0.027717370084736976,0.18262517392850955,0.008671600850349816,0.0210075691620883,0.014056639198693727,0.05895968490614248,0.008688962519641076,0.09431604993505716,0.04052346863834041,0.18016888114452986,0.056704099530298945,0.10207164691510626,0.042287130643715476,0.16925481241931584,0.06326064702656298,0.5372727272727272,0.49860880838755034,1.0,0.0,0.5454545454545454,0.49792959773196915,1.0,0.0,-4.294020253730668,1188004,301000,3010,8.194973460573237,1.3855808850203175,1.4123849671159405,10.992939312709495,3342.808600449731,300
0.023025285,0.035802938,5.922331,-6.059024,6.46166,0.63150936,-27.612978,-6.0596943,6.4765215,0.58155286,-27.641096,-6.0225153,6.4342585,0.6158266,-27.51492,0.023025285,0.067012854,0.6625962,2.7346287e-06,0.035802934,0.10040928,0.8533289,4.942607e-09,0.0055698827,0.8778566,1.0,-1.0,-0.08270363432276118,0.048372272306724445,-0.016316442817965796,-0.23115464692310272,-8.27036343227612,3.9845286493196244,-3.0863729578480137,-14.035778350900056,0.016574703,0.67051506,1.0,-0.9999998,10,-0.059219772590618905,0.04302253194348183,-0.012726308166236728,-0.24981323836545427,-5.921977259061892,2.708734052885769,-2.866153650074706,-11.71851805561463,0.028421889684874236,0.5704523510278194,1.0,-1.0,0.06549925982029237,0.03159012044265748,0.1743473351856009,0.027824912644834426,0.06252660671525412,0.02162444792562916,0.10333444786314744,0.033666022776833844,0.05403144609085842,0.044367697628082924,0.20243095280144974,0.006368965711102927,0.04333348432871376,0.03351752345747638,0.12321377474184171,0.006385240492596771,0.08928113797311739,0.031657095652853545,0.17244098556792128,0.05670921741006481,0.10089552612297906,0.037283079846076005,0.1721452803015451,0.062449537114006,0.15545454545454546,0.3623374528696504,1.0,0.0,0.0,0.0,0.0,0.0,-8.27036343227612,1180004,299000,2990,8.404597699031001,1.4225638519856147,1.4123394025373273,11.239500953553943,3320.835963343532,298
0.021326827,0.02571489,7.077902,-7.1834507,7.463475,0.38190788,-31.858774,-7.1921644,7.455563,0.3284477,-31.798061,-7.2274513,7.4789834,0.43284535,-32.016663,0.021326827,0.046570133,0.42508343,2.5194315e-06,0.02571489,0.060980033,0.5456251,7.63117e-07,0.090890475,0.8409099,1.0,-1.0,-0.04294020253730668,0.03552678971564015,-0.008712932392792357,-0.2277590992045655,-4.294020253730668,1.6820234201579438,-1.9291406805153581,-7.026408208568855,0.025800407,0.53489304,1.0,-1.0,10,-0.0686636015186616,0.04531822489373038,-0.008003225889417813,-0.22510706648630732,-6.8663601518661626,3.590542526987422,-2.9928004720717563,-14.113527511030368,0.054724335809226046,0.5895957770156914,1.0,-1.0,0.04546955446474296,0.019614953285174215,0.1548278502862931,0.028786852309740308,0.042156731177102676,0.005056497679671173,0.05285180607593049,0.0350485647329714,0.029729485701254596,0.027717370084736976,0.18262517392850955,0.008671600850349816,0.0210075691620883,0.014056639198693727,0.05895968490614248,0.008688962519641076,0.09431604993505716,0.04052346863834041,0.18016888114452986,0.056704099530298945,0.10207164691510626,0.042287130643715476,0.16925481241931584,0.06326064702656298,0.5372727272727272,0.49860880838755034,1.0,0.0,0.5454545454545454,0.49792959773196915,1.0,0.0,-4.294020253730668,1188004,301000,3010,8.194973460573237,1.3855808850203175,1.4123849671159405,10.992939312709495,3342.808600449731,300
