QF1 Loss,QF2 Loss,Policy Loss,Q1 Predictions Mean,Q1 Predictions Std,Q1 Predictions Max,Q1 Predictions Min,Q2 Predictions Mean,Q2 Predictions Std,Q2 Predictions Max,Q2 Predictions Min,Q Targets Mean,Q Targets Std,Q Targets Max,Q Targets Min,Bellman Errors 1 Mean,Bellman Errors 1 Std,Bellman Errors 1 Max,Bellman Errors 1 Min,Bellman Errors 2 Mean,Bellman Errors 2 Std,Bellman Errors 2 Max,Bellman Errors 2 Min,Policy Action Mean,Policy Action Std,Policy Action Max,Policy Action Min,Test Rewards Mean,Test Rewards Std,Test Rewards Max,Test Rewards Min,Test Returns Mean,Test Returns Std,Test Returns Max,Test Returns Min,Test Actions Mean,Test Actions Std,Test Actions Max,Test Actions Min,Num Paths,Exploration Rewards Mean,Exploration Rewards Std,Exploration Rewards Max,Exploration Rewards Min,Exploration Returns Mean,Exploration Returns Std,Exploration Returns Max,Exploration Returns Min,Exploration Actions Mean,Exploration Actions Std,Exploration Actions Max,Exploration Actions Min,touch_distance Mean,touch_distance Std,touch_distance Max,touch_distance Min,Final touch_distance Mean,Final touch_distance Std,Final touch_distance Max,Final touch_distance Min,hand_success Mean,hand_success Std,hand_success Max,hand_success Min,Final hand_success Mean,Final hand_success Std,Final hand_success Max,Final hand_success Min,obj_success Mean,obj_success Std,obj_success Max,obj_success Min,Final obj_success Mean,Final obj_success Std,Final obj_success Max,Final obj_success Min,hand_and_obj_success Mean,hand_and_obj_success Std,hand_and_obj_success Max,hand_and_obj_success Min,Final hand_and_obj_success Mean,Final hand_and_obj_success Std,Final hand_and_obj_success Max,Final hand_and_obj_success Min,touch_success Mean,touch_success Std,touch_success Max,touch_success Min,Final touch_success Mean,Final touch_success Std,Final touch_success Max,Final touch_success Min,hand_distance Mean,hand_distance Std,hand_distance Max,hand_distance Min,Final hand_distance Mean,Final hand_distance Std,Final hand_distance Max,Final hand_distance Min,obj_distance Mean,obj_distance Std,obj_distance Max,obj_distance Min,Final obj_distance Mean,Final obj_distance Std,Final obj_distance Max,Final obj_distance Min,hand_and_obj_distance Mean,hand_and_obj_distance Std,hand_and_obj_distance Max,hand_and_obj_distance Min,Final hand_and_obj_distance Mean,Final hand_and_obj_distance Std,Final hand_and_obj_distance Max,Final hand_and_obj_distance Min,total_pickups Mean,total_pickups Std,total_pickups Max,total_pickups Min,Final total_pickups Mean,Final total_pickups Std,Final total_pickups Max,Final total_pickups Min,AverageReturn,Number of train steps total,Number of env steps total,Number of rollouts total,Train Time (s),(Previous) Eval Time (s),Sample Time (s),Epoch Time (s),Total Train Time (s),Epoch
0.100326896,0.1002453,0.0052603795,-2.3932815e-05,0.00021624546,0.0003913743,-0.0006282099,-0.00019631091,0.00019544702,0.00039438927,-0.00067868805,-0.27335387,0.16007453,-0.00011045214,-0.7717025,0.100326896,0.10241728,0.5945886,1.6092047e-09,0.100245304,0.102437615,0.595518,2.855327e-10,0.00035659695,0.00029150327,0.00093329843,-0.00020522447,-0.23441724942388456,0.08468529042666616,-0.11228713119966896,-0.5227493935164491,-35.16258741358269,11.765770996344916,-23.7809614694975,-60.48949674410501,0.48009372,0.4378356,1.0,-0.99999994,7,-0.2881652029452608,0.06662790504902556,-0.15468600597048762,-0.45850906589032864,-43.22478044178912,8.286324707989694,-27.856445534066445,-54.2204230762485,-0.02335785064587673,0.5521248032245728,1.0,-1.0,0.20931438194112184,0.09109774406321793,0.40769099276866533,0.07772625768144166,0.24579489307018898,0.09438201641227996,0.40769099276866533,0.14820724021896758,0.47619047619047616,0.4994327848429293,1.0,0.0,0.42857142857142855,0.49487165930539345,1.0,0.0,0.0,0.0,0.0,0.0,0.0,0.0,0.0,0.0,0.0,0.0,0.0,0.0,0.0,0.0,0.0,0.0,0.0,0.0,0.0,0.0,0.0,0.0,0.0,0.0,0.06603516711137397,0.03316123014649727,0.20777649475580046,0.015154572235469467,0.06892442865318484,0.02789209748258884,0.11938265969184562,0.03272889629263022,0.16838208231251062,0.07957317478553463,0.3437868913566066,0.0967750291176951,0.16838207086317222,0.07957317370496204,0.34378463296450745,0.0967750291176951,0.23441724942388456,0.08468529042666616,0.5227493935164491,0.11228713119966896,0.2373064995163571,0.08273496519188951,0.4141313821854881,0.12950392541032532,0.0,0.0,0,0,0.0,0.0,0,0,-35.16258741358269,3804,5000,33,13.431813395756762,0.0010991989984177053,1.7299860357597936,15.162898630514974,34.377581167645985,4
0.008139631,0.006210702,2.7615967,-2.990388,2.6263385,0.01742181,-9.178174,-2.9748297,2.6233935,0.05225265,-9.088765,-2.9285629,2.6159828,0.04435841,-8.846402,0.008139631,0.0140291825,0.11007256,2.3913e-06,0.006210702,0.010224335,0.075166136,2.5091828e-07,0.18664524,0.8388163,1.0,-1.0,-0.22394467024664155,0.07135306665439249,-0.08286196975315645,-0.33888917831022425,-33.59170053699624,9.820003760941049,-20.331460732856563,-44.36749869685263,0.14086562,0.43880334,0.99996555,-0.99999595,7,-0.2375946165497419,0.10855424247807996,-0.06869053184212942,-0.5482934996348242,-35.63919248246128,15.8857429369042,-17.259463613248702,-64.88745009091755,0.19831071210156592,0.5281207863539504,1.0,-1.0,0.26368276929612927,0.06639407329319692,0.3713930110668017,0.10301818088424865,0.2842150691832817,0.06149237752590247,0.3713930110668017,0.17467471942292723,0.4561904761904762,0.49807702780150653,1.0,0.0,0.14285714285714285,0.3499271061118826,1.0,0.0,0.0,0.0,0.0,0.0,0.0,0.0,0.0,0.0,0.0,0.0,0.0,0.0,0.0,0.0,0.0,0.0,0.0,0.0,0.0,0.0,0.0,0.0,0.0,0.0,0.06213386885465598,0.029996571111150987,0.14448450079986186,0.0015507250746498468,0.0868868362722913,0.030135476724785584,0.11911821960790225,0.019043994125684256,0.16181080139198553,0.06618658696734088,0.24590573580712138,0.06682891621057609,0.1618107892324949,0.06618657927836925,0.24590226074261454,0.06682891621057609,0.22394467024664155,0.07135306665439249,0.33888917831022425,0.08286196975315645,0.24869762550478616,0.06914999016084011,0.3370919014165323,0.1717814466666852,0.0,0.0,0,0,0.0,0.0,0,0,-33.59170053699624,7804,6000,40,14.168261418031761,1.5745114109886345,1.7833266201196238,17.52609944914002,51.919219656832865,5
0.0050627524,0.0060799504,4.60022,-4.7256975,4.605527,0.23129469,-17.053905,-4.7635975,4.6194224,0.20715655,-17.139378,-4.7277145,4.6032233,0.22160594,-17.012722,0.0050627524,0.008509426,0.041483227,1.10698025e-07,0.0060799513,0.012277079,0.086030155,9.156728e-06,0.11302804,0.78123534,1.0,-1.0,-0.2266949094298807,0.048045809471853995,-0.10002487797994015,-0.3529806979626626,-34.0042364144821,5.752868306025496,-21.401768646913997,-41.595362264210145,-0.1440403,0.8061596,1.0,-1.0,6,-0.3022302976447937,0.06400711810982518,-0.16045120519021708,-0.4554827162695489,-45.33454464671905,8.37144946170409,-29.460160757354206,-55.985231230633666,-0.04165579277067556,0.5967011949430185,1.0,-1.0,0.18546548326981593,0.058486628055330406,0.30563513486774907,0.08008943385573473,0.20057655357868387,0.06699364103558793,0.30563513486774907,0.10820828087611106,0.37333333333333335,0.4836895239257881,1.0,0.0,0.2857142857142857,0.45175395145262565,1.0,0.0,0.0,0.0,0.0,0.0,0.0,0.0,0.0,0.0,0.0,0.0,0.0,0.0,0.0,0.0,0.0,0.0,0.0,0.0,0.0,0.0,0.0,0.0,0.0,0.0,0.07247025852142114,0.03216130799445884,0.19148742516460124,0.004258024558042919,0.09057401985714256,0.032310661427883365,0.13159205402179988,0.04458549458991565,0.15422465090845955,0.036681180960047334,0.2130179320229434,0.0858451672741757,0.15422463863699434,0.03668117942860352,0.21301426673875706,0.0858451672741757,0.2266949094298807,0.048045809471853995,0.3529806979626626,0.10002487797994015,0.24479865849413693,0.0439803183260014,0.31180345284735544,0.16649265111974082,0.0,0.0,0,0,0.0,0.0,0,0,-34.0042364144821,11804,7000,46,13.840648641911685,1.5900573010003427,1.6933656236651586,17.124071566577186,68.77006406539294,6
0.00889192,0.0054718917,5.805124,-6.038089,5.843043,0.7519522,-20.468733,-6.0019035,5.8431168,0.801781,-20.556286,-5.9751105,5.829203,0.865262,-20.461851,0.00889192,0.012393262,0.071802855,5.503898e-08,0.0054718917,0.00926893,0.062050678,6.4173946e-09,-0.12577727,0.9013409,1.0,-1.0,-0.2202397684822512,0.08948688495711878,-0.048844933110841475,-0.4548511522094742,-33.035965272337684,13.193141566537948,-8.8334007993588,-53.11944886970166,0.10176909,0.37548754,1.0,-1.0,7,-0.26975830697622727,0.06096263888793594,-0.13915861770911325,-0.4516309452706388,-40.463746046434096,7.00110476611872,-28.586920492625687,-52.42431719178062,0.024893520244380678,0.6399166073020578,1.0,-1.0,0.23794296505107257,0.06488821707284534,0.3378263712018237,0.10829575825602596,0.24591804084822075,0.06802627503391681,0.33486637187019824,0.12881082722039822,0.9114285714285715,0.28412414647869144,1.0,0.0,1.0,0.0,1.0,1.0,0.14285714285714285,0.3499271061118826,1.0,0.0,0.14285714285714285,0.3499271061118826,1.0,0.0,0.1380952380952381,0.344999917841523,1.0,0.0,0.14285714285714285,0.3499271061118826,1.0,0.0,0.0,0.0,0.0,0.0,0.0,0.0,0.0,0.0,0.04056228645425058,0.02152521124674983,0.1562000984892421,0.014124780324671335,0.03656130866682294,0.014261606869933314,0.053843619732613236,0.01504608431170975,0.1796774820280006,0.08154885926217978,0.2986510537202321,0.029644865512560053,0.1796774753716309,0.0815488574043559,0.29864960090079795,0.029644865512560053,0.2202397684822512,0.08948688495711878,0.4548511522094742,0.048844933110841475,0.2162387840384538,0.08726403810560304,0.35110779877153236,0.05678745331385729,0.0,0.0,0,0,0.0,0.0,0,0,-33.035965272337684,15804,8000,53,13.131750487023965,1.3167857239895966,1.779166676249588,16.22770288726315,85.23904229266918,7
0.014910878,0.012770561,7.447057,-7.652902,7.728359,0.87397945,-27.886948,-7.526614,7.686802,0.8791722,-27.73292,-7.5823555,7.7032905,0.8597575,-27.673405,0.014910878,0.025003742,0.13806896,1.7281573e-05,0.0127705615,0.023502573,0.13427465,3.1125182e-09,0.16330293,0.83975047,1.0,-1.0,-0.24332091849725834,0.10184032366269581,-0.0677138086688014,-0.5356745860034662,-36.498137774588756,14.927745709011813,-13.687561120022536,-61.50404269972117,0.02743159,0.51875967,1.0,-1.0,7,-0.1998751209852248,0.08827349448591708,-0.03615124432002531,-0.5004616751602663,-29.981268147783716,12.596782923796026,-11.825271542775571,-53.31285562517316,0.11270163193166595,0.5176266789223193,1.0,-1.0,0.23108836959108153,0.0889530608170207,0.37985608454304803,0.06657215548308586,0.2389472654371197,0.09469067030702766,0.37695978153491144,0.09243568005267576,0.8580952380952381,0.3489524329382369,1.0,0.0,1.0,0.0,1.0,1.0,0.14285714285714285,0.34992710611188255,1.0,0.0,0.14285714285714285,0.34992710611188266,1.0,0.0,0.0,0.0,0.0,0.0,0.0,0.0,0.0,0.0,0.0,0.0,0.0,0.0,0.0,0.0,0.0,0.0,0.03970851921694753,0.027140112830574815,0.1925476576397332,0.00786673151793013,0.030175321064657895,0.013687831399288425,0.0571765568277981,0.014534101545506436,0.20361239928031083,0.09619412778118425,0.34312692836373304,0.05984707715087128,0.203612877552727,0.09619345858394869,0.3431248770148928,0.05984707715087128,0.24332091849725834,0.10184032366269581,0.5356745860034662,0.0677138086688014,0.2337881986173849,0.09182184627733433,0.3842707350818007,0.0905341058963647,0.0,0.0,0,0,0.0,0.0,0,0,-36.498137774588756,19804,9000,60,13.921732574744965,1.5594026260077953,1.699153212728561,17.18028841348132,102.38963898114162,8
0.011726436,0.01334951,7.463073,-7.5595016,8.018574,1.0217234,-32.22911,-7.561263,8.033538,0.9976328,-32.250355,-7.542572,8.005629,0.9558486,-32.24846,0.011726437,0.041929584,0.45872945,1.7579066e-07,0.013349511,0.060886033,0.648133,4.7148205e-09,0.07294471,0.84627306,1.0,-1.0,-0.26514612525415815,0.06805943472220616,-0.15782615244291381,-0.5126395640579771,-39.77191878812373,9.510787784942009,-27.414458165346097,-57.37493501284412,-0.11678891,0.5183211,1.0,-1.0,6,-0.2656113232267307,0.12124660145834636,-0.045059975486751586,-0.5765062364990481,-39.841698484009605,17.738662499247926,-12.581501945634175,-67.04254111387525,0.12859264951680038,0.5809124134270662,1.0,-1.0,0.2699617997447532,0.04490242784956412,0.3618537530236599,0.16501227972593055,0.27520444922099074,0.04662905590021096,0.3618537530236599,0.20964311919157352,0.9038095238095238,0.2948522824750143,1.0,0.0,1.0,0.0,1.0,1.0,0.0,0.0,0.0,0.0,0.0,0.0,0.0,0.0,0.0,0.0,0.0,0.0,0.0,0.0,0.0,0.0,0.0,0.0,0.0,0.0,0.0,0.0,0.0,0.0,0.03532679607953354,0.025431613957361352,0.19090344964295516,0.006209575836733139,0.026077350649373256,0.009937843859164793,0.039123033037233086,0.0078520470992826,0.2298193291746246,0.06179983996003817,0.3414364054880119,0.15161657660618066,0.2298193151289086,0.06179983943235494,0.3414341855217263,0.15161657660618066,0.26514612525415815,0.06805943472220616,0.5126395640579771,0.15782615244291381,0.2558966657782818,0.06238865099806875,0.3599597020761728,0.15946862370546327,0.0,0.0,0,0,0.0,0.0,0,0,-39.77191878812373,23804,10000,66,13.835901176149491,1.5287152319942834,1.6787950651196297,17.043411473263404,119.50683775443758,9
0.006901739,0.0070991805,8.013023,-8.028467,8.301524,1.6471593,-31.506407,-8.026077,8.300043,1.6577699,-31.58154,-8.058136,8.308915,1.6716793,-31.580608,0.00690174,0.011903297,0.07029091,7.3464577e-07,0.00709918,0.01733633,0.17593214,2.671768e-07,-0.02746706,0.8431539,1.0,-1.0,-0.161723580392334,0.05250550548249768,-0.0477258145192129,-0.3106871463202667,-24.25853705885009,7.572721652090025,-12.647406504344959,-36.415551981036124,0.03818932,0.28947043,0.99999976,-1.0,7,-0.24895499728588896,0.10396814433434541,-0.08429075835145179,-0.5361656553117718,-37.34324959288335,14.302838383507865,-15.387018863786745,-59.900647425706126,0.10189861046899554,0.5456535669004628,1.0,-1.0,0.17235067485740788,0.04491152805000456,0.26735239339386124,0.07431147671492704,0.17591425032398214,0.04870118646602144,0.26735239339386124,0.09911813292758613,0.9457142857142857,0.2265806159189353,1.0,0.0,0.8571428571428571,0.3499271061118826,1.0,0.0,0.14285714285714285,0.3499271061118826,1.0,0.0,0.14285714285714285,0.3499271061118826,1.0,0.0,0.004761904761904762,0.06884205854667123,1.0,0.0,0.0,0.0,0.0,0.0,0.0,0.0,0.0,0.0,0.0,0.0,0.0,0.0,0.03678777296389505,0.019163477102575068,0.1459952291099553,0.001436998775665549,0.04118757905186127,0.01936778348803495,0.06603422761900359,0.011906675192735111,0.12493580742843895,0.0537287158692334,0.2021088536950457,0.03495952732253245,0.12492329862541048,0.05373923825623404,0.20210591269880995,0.03495952732253245,0.161723580392334,0.05250550548249768,0.3106871463202667,0.0477258145192129,0.16611087767727176,0.05671504412405959,0.2681401403178135,0.08509028000986497,0.0,0.0,0,0,0.0,0.0,0,0,-24.25853705885009,27804,11000,73,14.763266629815917,1.602700196992373,1.802131357777398,18.168098184585688,137.68110903301567,10
0.007516946,0.009328883,9.36662,-9.469915,10.286228,1.1321025,-33.769947,-9.46509,10.290212,1.1557344,-33.51399,-9.489795,10.277483,1.1010709,-33.58833,0.007516946,0.0141058685,0.12613845,2.131385e-06,0.009328883,0.016217938,0.12532923,3.2820301e-07,0.20322323,0.79003036,1.0,-1.0,-0.24314365319262568,0.06887735255259103,-0.10950921925587398,-0.44157222202745794,-36.471547978893845,9.581378856853503,-17.193224686737956,-44.2551686620092,0.11004275,0.36656708,1.0,-0.9999971,7,-0.21848598018540982,0.0515472562553197,-0.11146611390169195,-0.4489209583563656,-32.77289702781147,6.753130187910403,-22.613414798508224,-41.78881255512268,0.05442656456903029,0.5071451985429107,1.0,-1.0,0.22992565980170818,0.05973531019387884,0.28410003587421917,0.100649025862257,0.2383979385034733,0.059841146453910456,0.28410003587421917,0.1121831000569498,0.900952380952381,0.2987259416398529,1.0,0.0,1.0,0.0,1.0,1.0,0.0,0.0,0.0,0.0,0.0,0.0,0.0,0.0,0.0,0.0,0.0,0.0,0.0,0.0,0.0,0.0,0.0,0.0,0.0,0.0,0.0,0.0,0.0,0.0,0.03705713285612741,0.02693251712512932,0.20015641254084873,0.01039164904511533,0.029380295226748173,0.010839237077618096,0.04781378479752618,0.01100723179970766,0.20608652033649827,0.06201428073573305,0.25328830075464287,0.07822253172707057,0.20608650131631331,0.062014278596438946,0.25328620317768297,0.07822253172707057,0.24314365319262568,0.06887735255259103,0.44157222202745794,0.10950921925587398,0.2354667965430615,0.06087768741745771,0.28922602428078026,0.11005491223505223,0.0,0.0,0,0,0.0,0.0,0,0,-36.471547978893845,31804,12000,80,15.191059256991139,1.608752974003437,1.78423408009985,18.584046311094426,156.313754897099,11
0.00895007,0.01037434,9.502747,-9.713095,10.187496,1.248762,-35.903427,-9.715612,10.202921,1.3218054,-35.98358,-9.67654,10.178345,1.2008057,-35.9143,0.0089500705,0.023503924,0.22822759,2.3913922e-06,0.010374339,0.021476982,0.14950751,3.6964193e-06,0.14120007,0.7480094,1.0,-1.0,-0.2572255226676363,0.0788738323738107,-0.11623632725921818,-0.45586903099654225,-38.58382840014544,11.380844911303562,-22.451806872259407,-55.27898082324109,0.059369467,0.33886975,1.0,-0.9999999,6,-0.25302524656051434,0.08033049652998099,-0.06798391401223598,-0.46587344998344454,-37.953786984077155,11.28966951450016,-17.374433733178567,-51.959340679230934,0.07108287303591332,0.4623112911538257,1.0,-1.0,0.2548429176557092,0.050789818078604124,0.3241663632767923,0.19007935246419902,0.26132749805927813,0.05274942314319927,0.3241663632767923,0.192151468406607,0.6152380952380953,0.4865389824113744,1.0,0.0,0.7142857142857143,0.4517539514526256,1.0,0.0,0.0,0.0,0.0,0.0,0.0,0.0,0.0,0.0,0.0,0.0,0.0,0.0,0.0,0.0,0.0,0.0,0.0,0.0,0.0,0.0,0.0,0.0,0.0,0.0,0.051771937334954256,0.0325632433191624,0.17613943066610466,0.004539000526501077,0.04280147370994674,0.02383895213153388,0.07611081171978215,0.013034159256283994,0.205453585332682,0.06462462393329896,0.2820432344215005,0.07907395271714301,0.20545356918964425,0.06462461934924212,0.2820405455307455,0.07907395271714301,0.2572255226676363,0.0788738323738107,0.45586903099654225,0.11623632725921818,0.24825504289959097,0.08151448137376455,0.35740413787043773,0.11623632725921818,0.0,0.0,0,0,0.0,0.0,0,0,-38.58382840014544,35804,13000,86,15.403154657105915,1.6572975029994268,1.814648604937247,18.87510076504259,175.21021960715007,12
0.0057842927,0.010226712,11.4678135,-11.539953,11.467629,1.9375004,-36.139435,-11.603899,11.4880295,1.8601742,-36.17387,-11.556606,11.471301,1.8728673,-36.17715,0.0057842927,0.009444633,0.050832234,1.0390431e-07,0.010226712,0.018257279,0.10813152,2.1836968e-07,-0.0136910435,0.75144655,1.0,-1.0,-0.20613803678245826,0.10755866425233997,-0.03722486418046661,-0.4613510722534604,-30.920705517368734,15.459797758474554,-10.288338515174972,-50.73960000177595,0.01568193,0.5408295,0.99999994,-1.0,7,-0.25796526142849846,0.08145166519500369,-0.12357227621779436,-0.508012448130404,-38.694789214274785,11.282989183837262,-22.087958951284268,-56.50232950999013,0.04208099505187599,0.5408603599748572,1.0,-1.0,0.20162776605593546,0.08320855417420948,0.3011352692265098,0.05916411617434455,0.2134779415545717,0.08196292445393094,0.3011352692265098,0.07375887608955416,0.7390476190476191,0.4391540001271358,1.0,0.0,1.0,0.0,1.0,1.0,0.19238095238095237,0.39417067564945785,1.0,0.0,0.14285714285714285,0.3499271061118826,1.0,0.0,0.09142857142857143,0.2882176048667084,1.0,0.0,0.14285714285714285,0.3499271061118826,1.0,0.0,0.029523809523809525,0.16926947212953475,1.0,0.0,0.0,0.0,0.0,0.0,0.04827874160324593,0.0332663371963883,0.21731892362493666,0.016248580390698947,0.03196058791260767,0.008284556772591664,0.044492948756521315,0.01933226672973559,0.15785929517921238,0.0997471337905356,0.2903730411934631,0.02097628378976766,0.1580142884321536,0.09959477200475454,0.2903710042507077,0.02097628378976766,0.20613803678245826,0.10755866425233997,0.4613510722534604,0.03722486418046661,0.18997487634476126,0.10493745369963742,0.33486395300722904,0.04716842668351068,0.0,0.0,0,0,0.0,0.0,0,0,-30.920705517368734,39804,14000,93,15.129973100833013,1.6803408810083056,1.7960353559756186,18.606349337816937,193.81483751193446,13
0.009852272,0.0076283487,11.829809,-11.948019,11.198983,2.0658288,-34.911507,-11.977997,11.224726,2.047882,-34.90634,-11.953035,11.208736,2.0190954,-34.88336,0.009852272,0.019697828,0.13919145,1.2844035e-06,0.0076283496,0.015713355,0.106772445,1.0352041e-07,0.039925344,0.7799404,1.0,-1.0,-0.1979889613454764,0.0881765276794421,-0.07011870347577377,-0.4245083585704252,-29.69834420182147,12.831182815823023,-11.909682571717939,-46.597993002545785,0.00978747,0.44602913,0.99999994,-1.0,7,-0.25528763166026897,0.049563089709270924,-0.16263016617296408,-0.4316674292161226,-38.29314474904033,6.645087857133644,-28.06750381153165,-50.42316026201974,0.043260100551470546,0.5564262777285973,1.0,-1.0,0.2204218496572222,0.0721220904726114,0.36506169655251525,0.07988316643694829,0.22753346456833073,0.07841679785526637,0.36506169655251525,0.0819245483473915,0.839047619047619,0.367487022924811,1.0,0.0,1.0,0.0,1.0,1.0,0.28,0.44899888641287294,1.0,0.0,0.2857142857142857,0.45175395145262565,1.0,0.0,0.0,0.0,0.0,0.0,0.0,0.0,0.0,0.0,0.0,0.0,0.0,0.0,0.0,0.0,0.0,0.0,0.04677638184957091,0.023842434934017692,0.17553909647362487,0.012210636962982182,0.03994986193162758,0.010412775716508402,0.05475174534768647,0.023416799320795056,0.15121257949590547,0.07901793749261321,0.24896926209680031,0.041529256857088144,0.15119270685832675,0.07904094690897857,0.2489683291533468,0.041529256857088144,0.1979889613454764,0.0881765276794421,0.4245083585704252,0.07011870347577377,0.1911425687899543,0.0839586671526721,0.30281919891553183,0.07576973076095214,0.0,0.0,0,0,0.0,0.0,0,0,-29.69834420182147,43804,15000,100,15.511844227963593,1.677045846998226,1.8289436977356672,19.017833772697486,212.80231712663954,14
0.0059874197,0.007601888,11.074343,-11.1995945,11.442848,2.127722,-35.77243,-11.160028,11.41762,2.1562588,-35.748314,-11.202367,11.425713,2.1425428,-35.7851,0.0059874197,0.009348613,0.039751213,5.225056e-08,0.007601888,0.013645965,0.08683497,7.22241e-06,-0.03399593,0.84585285,1.0,-1.0,-0.2027591387390105,0.08356384941035343,-0.07533649329814121,-0.4285911046800469,-30.41387081085157,12.0238880504484,-13.240285438170053,-48.952028826033796,-0.11754258,0.55471253,1.0,-1.0,6,-0.20995856608140717,0.06578342369091915,-0.06275865376179156,-0.4068873880857815,-31.493784912211073,8.727962806337253,-13.420547994423874,-40.18182903482884,0.004712507754636637,0.5803100860080598,1.0,-1.0,0.23943964004907392,0.10481187889091774,0.4357872382603936,0.08932938137761176,0.24784199507447496,0.10098114413180417,0.4357872382603936,0.12478435805010527,0.8847619047619047,0.3193090613245902,1.0,0.0,1.0,0.0,1.0,1.0,0.0,0.0,0.0,0.0,0.0,0.0,0.0,0.0,0.0,0.0,0.0,0.0,0.0,0.0,0.0,0.0,0.0,0.0,0.0,0.0,0.0,0.0,0.0,0.0,0.03732811530807823,0.027904536153190593,0.2244733929127317,0.006038917771077159,0.029251271262049062,0.016010715488179735,0.0593933481641978,0.006093612949000271,0.16543102343093227,0.08354696855305857,0.29242278278297346,0.06448962579679636,0.16542488044354406,0.0835526903962725,0.29241971382117027,0.06448962579679636,0.2027591387390105,0.08356384941035343,0.4285911046800469,0.07533649329814121,0.19467615170559313,0.07749009548859037,0.3238167412355489,0.08455857676438852,0.0,0.0,0,0,0.0,0.0,0,0,-30.41387081085157,47804,16000,106,15.029235103356768,1.6467592190019786,1.7630469893338159,18.439041311692563,231.27351843334327,15
0.011522685,0.008760286,12.380426,-12.420936,12.031783,2.7548451,-35.17886,-12.513301,12.081599,2.6768873,-35.471886,-12.49267,12.05471,2.692346,-35.16067,0.011522685,0.0212884,0.16965182,5.1712414e-06,0.008760285,0.014782073,0.09685443,7.079598e-08,-0.17077886,0.81052405,1.0,-1.0,-0.20066614410428743,0.07279114157855597,-0.05967804348723677,-0.39046290776057224,-30.099921615643108,10.19104071147725,-14.65863888466342,-42.47980822003033,-0.039781068,0.49374446,1.0,-1.0,7,-0.2581684319049091,0.06744983344903277,-0.10871557889948123,-0.43462887116486737,-38.725264785736364,8.883498273547163,-24.963074729866197,-47.938484224778726,-0.046163969276128806,0.5878847547676705,1.0,-1.0,0.24059537544489742,0.04262259153652637,0.29771287170974264,0.13716882509839418,0.24857532827063664,0.042627572865037024,0.2949001556926125,0.19043331131954974,0.8638095238095238,0.34299071472196957,1.0,0.0,1.0,0.0,1.0,1.0,0.14285714285714285,0.34992710611188255,1.0,0.0,0.14285714285714285,0.34992710611188266,1.0,0.0,0.0019047619047619048,0.04360199292289371,1.0,0.0,0.14285714285714285,0.34992710611188266,1.0,0.0,0.0,0.0,0.0,0.0,0.0,0.0,0.0,0.0,0.03677425447387323,0.027700126769241416,0.15892486870474928,0.002902302158345242,0.022279327779661354,0.013201955862495987,0.04215071954473631,0.0034091936209342728,0.16389188963041418,0.07454817621851755,0.26788191685811014,0.0537449335299808,0.1638918783996298,0.07454816854336639,0.26787857056158093,0.0537449335299808,0.20066614410428743,0.07279114157855597,0.39046290776057224,0.05967804348723677,0.18617120617929114,0.07649993884390109,0.2797022217651975,0.05967804348723677,0.0,0.0,0,0,0.0,0.0,0,0,-30.099921615643108,51804,17000,113,14.81047189066885,1.684129152999958,1.8300973890873138,18.324698432756122,249.5053528710996,16
0.018338617,0.016398232,11.909185,-12.082045,11.903414,2.344816,-36.927,-12.050158,11.8960905,2.4878533,-36.81873,-12.030949,11.865073,2.5093603,-36.62081,0.018338617,0.03585335,0.28817973,2.5611013e-07,0.016398232,0.031005403,0.21858598,7.2041075e-07,-0.14862773,0.8116551,1.0,-1.0,-0.24383551517747198,0.12052104778917729,-0.08902330446370033,-0.6544333331777348,-36.575327276620804,17.42916549614395,-18.715661985146877,-73.47769728948195,0.043568373,0.5190068,1.0,-1.0,7,-0.2684886258737852,0.11878507343636263,-0.030949944897896608,-0.5076626081669062,-40.27329388106778,17.36325276630598,-7.911468781695602,-54.736370280725815,-0.07047202669571541,0.5921499794686782,1.0,-1.0,0.2508195442729868,0.10655155734950827,0.4277570599505289,0.0581801091045759,0.26672004087961854,0.11512476736458663,0.4277570599505289,0.07531628677415875,0.8028571428571428,0.3978411127829905,1.0,0.0,1.0,0.0,1.0,1.0,0.0,0.0,0.0,0.0,0.0,0.0,0.0,0.0,0.0,0.0,0.0,0.0,0.0,0.0,0.0,0.0,0.007619047619047619,0.08695399779438726,1.0,0.0,0.0,0.0,0.0,0.0,0.05286143146924804,0.03303127165225128,0.23984269931598912,0.021042598016228015,0.03899696859297053,0.012913658181819568,0.059929050987462366,0.0218121494543857,0.19097408370822402,0.10691790293014046,0.41459063386174566,0.0607340708447965,0.1894166569999587,0.10851762976399774,0.414588831331867,0.06270957065316149,0.24383551517747198,0.12052104778917729,0.6544333331777348,0.08902330446370033,0.2284136255929292,0.10861915084492194,0.4364009807862527,0.08902330446370033,0.0,0.0,0,0,0.0,0.0,0,0,-36.575327276620804,55804,18000,120,14.914526996930363,1.5879235049942508,1.8498475561500527,18.352298058074666,267.9010360601387,17
0.03403672,0.023835124,12.592368,-12.9197645,12.228836,2.9785283,-40.1428,-12.870359,12.221141,2.93911,-40.066406,-12.801236,12.168957,3.051738,-39.72181,0.03403672,0.044917442,0.21736722,1.3997081e-06,0.023835124,0.03273981,0.1457346,4.2866677e-06,0.09918875,0.8024076,1.0,-1.0,-0.20824291761326574,0.08770363581120547,-0.030390506191586345,-0.44487949080282096,-31.236437641989856,12.848254263842437,-7.0505830721739144,-48.005568440874,-0.15062273,0.5433413,1.0,-1.0,6,-0.19072724557957185,0.05601331575084276,-0.10191433349008672,-0.37780361620370645,-28.609086836935784,7.451307524953538,-19.366985351593478,-43.385337519430124,0.05723847563488437,0.5307538079803675,1.0,-1.0,0.27827106407742247,0.10242978640163512,0.43981105103158435,0.09161693676080221,0.2848422375179619,0.10150964191078089,0.43980871384994347,0.11704198513508951,0.8590476190476191,0.34797242312608023,1.0,0.0,0.8571428571428571,0.3499271061118826,1.0,0.0,0.14285714285714285,0.34992710611188255,1.0,0.0,0.14285714285714285,0.3499271061118826,1.0,0.0,0.12,0.32496153618543844,1.0,0.0,0.14285714285714285,0.3499271061118826,1.0,0.0,0.0,0.0,0.0,0.0,0.0,0.0,0.0,0.0,0.0381109778223863,0.022848432521519687,0.18305058281712136,0.001833364238158562,0.03532637512171911,0.017316575201131796,0.064114423585059,0.010067573616440603,0.17013193979087946,0.07947481951105248,0.27118086971852,0.028557141953427782,0.17013193017637177,0.07947481246240173,0.271177445807034,0.028557141953427782,0.20824291761326574,0.08770363581120547,0.44487949080282096,0.030390506191586345,0.2054583052980909,0.08605304240101651,0.31702392383470757,0.042753892714277444,0.0,0.0,0,0,0.0,0.0,0,0,-31.236437641989856,59804,19000,126,14.123567798917065,1.6303301169973565,1.7892456383851822,17.543143554299604,285.3803475974273,18
0.0112961205,0.014617129,11.986341,-12.129248,11.94961,2.362424,-37.802414,-12.1239395,11.961209,2.300604,-37.75533,-12.122121,11.935044,2.3130238,-37.791817,0.0112961205,0.014819675,0.0665204,3.4338214e-07,0.014617128,0.020402662,0.09969934,2.5761337e-06,0.07132327,0.80757046,1.0,-1.0,-0.23819920725354585,0.07712683016791498,-0.1110687528543695,-0.5108155799384917,-35.729881088031874,11.042505306384784,-18.537058486738967,-55.46783201358181,-0.08621685,0.5207752,1.0,-1.0,7,-0.20596814907840472,0.08835214066236356,-0.02828680455698318,-0.43765009629300283,-30.89522236176071,12.617935947196568,-9.027794082611251,-45.52341423189438,-0.0005069335322169859,0.5387711104298729,1.0,-1.0,0.22297668032323395,0.06124615034551183,0.3170497878876843,0.12263588393112088,0.231460139915312,0.06716631674890325,0.3170497878876843,0.13225259593360747,0.7276190476190476,0.445184870768311,1.0,0.0,0.7142857142857143,0.45175395145262565,1.0,0.0,0.0,0.0,0.0,0.0,0.0,0.0,0.0,0.0,0.0,0.0,0.0,0.0,0.0,0.0,0.0,0.0,0.0,0.0,0.0,0.0,0.0,0.0,0.0,0.0,0.050397470395290044,0.025693819451902203,0.19696329599975557,0.018043403986179693,0.04368621128886542,0.014035398137655813,0.06279486106701088,0.022349174270715755,0.18780173685825577,0.06721811760753485,0.31385228393873615,0.0930253488681898,0.1878017269938204,0.0672181166756222,0.31385139166479625,0.0930253488681898,0.23819920725354585,0.07712683016791498,0.5108155799384917,0.1110687528543695,0.2314879382826858,0.06757602213690725,0.34478502292231267,0.11537452313890556,0.0,0.0,0,0,0.0,0.0,0,0,-35.729881088031874,63804,20000,133,13.975439099958749,1.5660937689972343,1.7019643758249003,17.243497244780883,302.6137879882008,19
0.02278691,0.015296958,12.502514,-12.434702,12.257617,2.3162692,-38.28329,-12.450553,12.275939,2.3229394,-38.120567,-12.534648,12.316634,2.3530712,-38.410328,0.02278691,0.03985702,0.3161724,4.8152117e-07,0.015296958,0.025270348,0.16607822,1.1036115e-07,-0.014653131,0.8052727,1.0,-1.0,-0.23124316559774177,0.09047812494002407,-0.03756296122220429,-0.41152248917899864,-34.68647483966126,12.999811890062587,-8.522689047346054,-47.4578560148521,-0.010750979,0.44192463,1.0,-0.9999998,7,-0.2523625655337107,0.042037165921372736,-0.15993289552392526,-0.4512131736723802,-37.85438483005661,4.848844743744767,-26.93304036179235,-43.06095261971894,-0.2397121069076175,0.5373473558817107,1.0,-1.0,0.24985222822227748,0.04919657513659288,0.32074140609738355,0.14006106616850375,0.2575513800250982,0.04519252071798297,0.30799322925141814,0.1582947332932365,0.8123809523809524,0.39040765949142076,1.0,0.0,1.0,0.0,1.0,1.0,0.14285714285714285,0.3499271061118826,1.0,0.0,0.14285714285714285,0.3499271061118826,1.0,0.0,0.1361904761904762,0.3429907147219696,1.0,0.0,0.14285714285714285,0.3499271061118826,1.0,0.0,0.0,0.0,0.0,0.0,0.0,0.0,0.0,0.0,0.04172847890646818,0.028245035967103534,0.1841370946963955,0.005462017456027895,0.02699991597505379,0.018372233020544047,0.0573613973213272,0.005462017456027895,0.18951468669127355,0.08079791643535354,0.26242419085128993,0.024372463589972727,0.1895146709566806,0.08079791218087669,0.262420930918507,0.024372463589972727,0.23124316559774177,0.09047812494002407,0.41152248917899864,0.03756296122220429,0.2165145869317344,0.08401207691000792,0.31184018838110233,0.052875771174005944,0.0,0.0,0,0,0.0,0.0,0,0,-34.68647483966126,67804,21000,140,14.764403983805096,1.5563722689985298,1.775951800707844,18.09672805351147,320.7028902977472,20
0.014180318,0.021181162,13.508257,-13.555584,12.668964,2.1914423,-40.82144,-13.515534,12.638728,2.2003841,-40.797703,-13.597512,12.674537,2.114976,-40.91177,0.014180319,0.070627645,0.7803281,1.4808174e-06,0.021181162,0.11084084,1.2537354,1.945466e-09,0.033282086,0.8177219,1.0,-1.0,-0.1967833276571351,0.07532935663584849,-0.1113196901495839,-0.49830488057786215,-29.517499148570266,10.171263004256467,-18.61095662640627,-51.091736603515855,0.07524373,0.496096,1.0,-0.99999946,6,-0.21240051128566298,0.07177827161501678,-0.08708435229884576,-0.41325393052865445,-31.860076692849443,10.239444045567014,-18.382172908373008,-45.08603932430178,-0.07270503825276824,0.5709418143937415,1.0,-1.0,0.21761930538879495,0.05997308587134477,0.3262971469115329,0.12906586671372494,0.23608346083350754,0.06638199194076225,0.32541046267381635,0.13602787679617126,0.74,0.43863424398922624,1.0,0.0,0.8571428571428571,0.3499271061118826,1.0,0.0,0.0,0.0,0.0,0.0,0.0,0.0,0.0,0.0,0.0,0.0,0.0,0.0,0.0,0.0,0.0,0.0,0.0,0.0,0.0,0.0,0.0,0.0,0.0,0.0,0.04544893112864924,0.044764015720143345,0.25013607698193957,0.0035498402464655522,0.026649361395254003,0.016744613029640264,0.06228990172967453,0.00586442750201431,0.15133439652848588,0.05609725824251081,0.25323050805784814,0.08618642657563713,0.15133438809351624,0.05609725243001631,0.25322835215993206,0.08618642657563713,0.1967833276571351,0.07532935663584849,0.49830488057786215,0.1113196901495839,0.1779837494887702,0.05682920515703991,0.28240026552094283,0.1113196901495839,0.0,0.0,0,0,0.0,0.0,0,0,-29.517499148570266,71804,22000,146,13.997407104383456,1.5480597650021082,1.6758966998022515,17.221363569187815,337.9078657209466,21
0.046425108,0.052342705,13.071579,-13.003017,12.344977,2.7915263,-38.692028,-12.904489,12.324228,2.8958094,-38.763065,-13.030024,12.404457,2.980667,-38.95648,0.046425104,0.104426995,0.66361666,1.403651e-06,0.052342705,0.08732735,0.48379108,1.0122903e-08,-0.009900108,0.7972209,1.0,-1.0,-0.2188478509791207,0.08864817388867346,-0.0754362414639902,-0.4415335579488478,-32.827177646868115,12.705169356974872,-13.568949215912973,-49.348729838722484,0.02665574,0.44472954,1.0,-1.0,7,-0.1524901494015566,0.05847297190468464,-0.0533652478989668,-0.32306551723907995,-22.873522410233498,8.07852855966484,-11.441551930559477,-39.99155572085212,0.012597512222907462,0.5116917246937616,1.0,-1.0,0.18435253767062668,0.0912544158968223,0.3279148502025947,0.062093658495190475,0.19629856606654889,0.08734333084996136,0.32475448305562227,0.07721004365791607,0.840952380952381,0.3657204860585506,1.0,0.0,1.0,0.0,1.0,1.0,0.0009523809523809524,0.030845970934669804,1.0,0.0,0.0,0.0,0.0,0.0,0.0,0.0,0.0,0.0,0.0,0.0,0.0,0.0,0.0,0.0,0.0,0.0,0.0,0.0,0.0,0.0,0.04157107537771268,0.03417686892724551,0.24649196657565708,0.0018575233515016217,0.027681367982853238,0.009854668891370402,0.0421130787266456,0.012035446273803258,0.17727677560140803,0.0755634275292592,0.28256036511711374,0.059826106349772055,0.1778070371714882,0.0749268517170401,0.28255743091772767,0.062368188961728764,0.2188478509791207,0.08864817388867346,0.4415335579488478,0.0754362414639902,0.20548840515434147,0.08104372066996557,0.3246705096443733,0.09059976319121077,0.0,0.0,0,0,0.0,0.0,0,0,-32.827177646868115,75804,23000,153,13.744209536045673,1.5316847870126367,1.7252608529670397,17.00115517602535,355.0262808519619,22
0.019488469,0.0068452703,12.443718,-12.742544,12.721495,3.114413,-40.350628,-12.67851,12.666739,3.1110423,-40.30128,-12.652385,12.674077,3.12731,-40.068497,0.019488469,0.030099114,0.18217108,4.8626134e-06,0.0068452707,0.012193395,0.06938563,3.2198386e-07,-0.12789358,0.80097634,1.0,-1.0,-0.20456509634375225,0.0710361422730799,-0.0681785837294565,-0.3591212223234011,-30.684764451562838,10.480411536296394,-11.376206337125685,-41.930947658659804,0.031733204,0.27562916,1.0,-1.0,7,-0.24609844535233713,0.0731716252366409,-0.11950301792796773,-0.470591415602449,-36.91476680285057,10.175508037509962,-23.43719010904801,-54.1675069682115,-0.0026267218229046934,0.5285543675842012,1.0,-1.0,0.23014334655942068,0.056035564100602925,0.305847877186942,0.09978797936768453,0.23587522986493356,0.05420092934844363,0.305847877186942,0.16726282484276903,0.9466666666666667,0.22469732728470287,1.0,0.0,1.0,0.0,1.0,1.0,0.14285714285714285,0.34992710611188255,1.0,0.0,0.14285714285714285,0.34992710611188266,1.0,0.0,0.0,0.0,0.0,0.0,0.0,0.0,0.0,0.0,0.0,0.0,0.0,0.0,0.0,0.0,0.0,0.0,0.03612819989049288,0.017049363710840502,0.17450680159971543,0.006173022401565793,0.035058496695310026,0.01169434314566685,0.0494206807553262,0.0186800038723786,0.16843689645325938,0.06699113735088613,0.23670396647127295,0.05200412894376279,0.1684368788780733,0.06699113207572213,0.2367004924033383,0.05200412894376279,0.20456509634375225,0.0710361422730799,0.3591212223234011,0.0681785837294565,0.20349537557338332,0.07046347496538256,0.27978884738913284,0.0744625401531981,0.0,0.0,0,0,0.0,0.0,0,0,-30.684764451562838,79804,24000,160,14.67549626834807,1.6517387769999914,1.7575214449316263,18.084756490279688,373.23938732023817,23
0.010817064,0.007459335,13.923882,-14.140253,12.498571,2.0355642,-44.760513,-14.120291,12.495292,2.1021001,-44.647285,-14.117586,12.498985,2.1659582,-44.48922,0.010817064,0.018779181,0.118735164,4.0419682e-08,0.0074593346,0.01232879,0.07224358,1.0780202e-07,0.025413502,0.7793739,1.0,-1.0,-0.2558604446065554,0.06938265287086476,-0.1716525709485333,-0.46619670835592925,-38.3790666909833,9.923377118692992,-30.819167185009483,-56.72610621030152,0.08036329,0.52588373,1.0,-1.0,6,-0.21660425726292773,0.07958190816977934,-0.07781919635770046,-0.4591857087310769,-32.49063858943916,11.479589411524316,-16.623301861229315,-48.33752051136724,0.11468842635752509,0.5163021293288992,1.0,-1.0,0.2439222049093364,0.06285083265864844,0.36971053920859914,0.13018487473503826,0.254123789919371,0.05968003371987512,0.35856800004218903,0.20800860515441652,0.7857142857142857,0.4103259033241449,1.0,0.0,1.0,0.0,1.0,1.0,0.0,0.0,0.0,0.0,0.0,0.0,0.0,0.0,0.0,0.0,0.0,0.0,0.0,0.0,0.0,0.0,0.0,0.0,0.0,0.0,0.0,0.0,0.0,0.0,0.04264099313148923,0.02373935225651111,0.1744443633169664,0.01179745228553207,0.037664797680602914,0.010390634616956787,0.059751194313935635,0.025488771223265722,0.21321945147506616,0.05852094664985913,0.31386547119303165,0.15985511866295918,0.21321944143550747,0.05852094455077252,0.31386266378061184,0.15985511866300126,0.2558604446065554,0.06938265287086476,0.46619670835592925,0.1716525709485333,0.2508842391161104,0.06410257101546186,0.3736138580945475,0.1993154068641232,0.0,0.0,0,0,0.0,0.0,0,0,-38.3790666909833,83804,25000,166,14.778189992022817,1.7797239789942978,1.739731546054827,18.297645517071942,391.2893986553245,24
0.014383038,0.0120384935,12.988683,-13.005408,12.038595,2.3149645,-41.25933,-13.029167,12.047015,2.239319,-41.240974,-13.0674515,12.051706,2.1728375,-41.510643,0.014383037,0.027615316,0.14152336,6.5440904e-06,0.012038494,0.029097043,0.22007717,9.139339e-07,0.027533583,0.81328946,1.0,-1.0,-0.25392377368836583,0.0687743073762971,-0.1015753579185528,-0.4485290875203072,-38.08856605325489,9.823984065596493,-16.84333266801694,-48.9222831992673,-0.09131087,0.5725799,1.0,-1.0,7,-0.2767419691597285,0.07862676206348364,-0.08573008290281689,-0.49752112366823786,-41.511295373959264,9.451603533736138,-25.315839117111874,-54.0554796115984,0.04123227472490996,0.5396586414380578,1.0,-1.0,0.23492586307772323,0.06211316034809297,0.3431598908858587,0.10789553272985844,0.24657734314719068,0.0656549644262608,0.3337075659300673,0.1196796967731994,0.861904761904762,0.34499991784152295,1.0,0.0,0.8571428571428571,0.3499271061118826,1.0,0.0,0.0,0.0,0.0,0.0,0.0,0.0,0.0,0.0,0.0,0.0,0.0,0.0,0.0,0.0,0.0,0.0,0.0,0.0,0.0,0.0,0.0,0.0,0.0,0.0,0.041481417627235895,0.025015560587590926,0.18110598188232466,0.004001360360750197,0.04179159733627501,0.01115247563602836,0.06004641470868017,0.02686439292954468,0.21244235606112993,0.057864254315048685,0.28705639450788495,0.08902383935125799,0.21244234382685295,0.057864258759575085,0.28705599099683493,0.08902383935125799,0.25392377368836583,0.0687743073762971,0.4485290875203072,0.1015753579185528,0.254233941163128,0.059243533258560035,0.3349088073247039,0.1257572841298307,0.0,0.0,0,0,0.0,0.0,0,0,-38.08856605325489,87804,26000,173,12.820811136320117,1.5302892070030794,1.5522876151953824,15.903387958518579,407.22845132584916,25
0.020833671,0.009338074,13.369318,-13.333073,12.278339,2.5080001,-39.885662,-13.407486,12.31708,2.429035,-40.09138,-13.418977,12.310267,2.4156919,-40.088932,0.02083367,0.03757332,0.26564202,4.4948047e-07,0.009338074,0.021479841,0.1300953,6.4556502e-09,-0.16816439,0.8064888,1.0,-1.0,-0.23227526285845698,0.06904686441727509,-0.14712929405661748,-0.49389705806630996,-34.84128942876855,10.05460905038128,-24.27082057591797,-54.09410868202543,-0.038006168,0.4848368,1.0,-1.0,7,-0.2851467888306286,0.07567107749751716,-0.12337464532835349,-0.5446165583633659,-42.772018324594306,10.465909794752156,-25.235707172058063,-60.42152469714746,0.05400767165464538,0.590949261146024,1.0,-1.0,0.20783506734660892,0.039815577215081256,0.322428732136318,0.1359040728001568,0.21611360164910057,0.04842480965355506,0.322428732136318,0.1660453795016109,0.9219047619047619,0.26832139661623367,1.0,0.0,1.0,0.0,1.0,1.0,0.0,0.0,0.0,0.0,0.0,0.0,0.0,0.0,0.0,0.0,0.0,0.0,0.0,0.0,0.0,0.0,0.0,0.0,0.0,0.0,0.0,0.0,0.0,0.0,0.03746754250618647,0.020196657531792034,0.18973320612803934,0.015470981241105356,0.031902759250935116,0.011004604566347297,0.05609101629481942,0.022301225182805275,0.19480772035227048,0.05746297654929496,0.3041638519382706,0.13165831281551213,0.19480770909675066,0.05746298024665462,0.30416273059940274,0.13165831281551213,0.23227526285845698,0.06904686441727509,0.49389705806630996,0.14712929405661748,0.22671046834768574,0.06220107920009535,0.3426188117521152,0.16033256368016,0.0,0.0,0,0,0.0,0.0,0,0,-34.84128942876855,91804,27000,180,12.72872033836029,1.5670790920121362,1.5497255490190582,15.845524979391485,423.0373453042266,26
0.016769288,0.029327506,14.552697,-14.434518,13.027738,2.3844788,-45.56537,-14.386997,12.985827,2.3359754,-45.615204,-14.456122,13.048069,2.3334796,-45.507927,0.016769288,0.030977154,0.18829559,1.7607817e-07,0.029327504,0.07090892,0.5124424,4.3749327e-07,-0.046175577,0.80337214,1.0,-1.0,-0.1819614622817645,0.08968809479242569,-0.036641572573593906,-0.34143360451842075,-27.294219342264675,12.537506192707868,-12.492054644848269,-46.67566675447846,0.14780265,0.46378118,1.0,-1.0,6,-0.23838645997781144,0.06280574530237543,-0.12331916388890692,-0.4057169393335944,-35.757968996671714,8.922228817690677,-24.237506910964484,-47.73872402082317,-0.13871105444255705,0.5156049642630239,1.0,-1.0,0.17856468577475335,0.09497612344669673,0.3518678966274338,0.02884795464638072,0.18468474917884295,0.10197243320794719,0.35002513822285497,0.04680689378645403,0.6047619047619047,0.48890177266058016,1.0,0.0,0.42857142857142855,0.49487165930539345,1.0,0.0,0.2419047619047619,0.42823690648117,1.0,0.0,0.2857142857142857,0.45175395145262565,1.0,0.0,0.11333333333333333,0.31699982474583305,1.0,0.0,0.2857142857142857,0.45175395145262565,1.0,0.0,0.13047619047619047,0.33682659365764356,1.0,0.0,0.14285714285714285,0.3499271061118826,1.0,0.0,0.05650350240132406,0.03148503846685013,0.17554227082894902,0.006133507593665174,0.06259490791753443,0.035388786080659505,0.11156660034392157,0.013678940168040733,0.12545795988044042,0.0758192549310466,0.23334966737780446,0.02038451657701948,0.12246385457195184,0.07884055464768833,0.23334966724445516,0.02380267469917965,0.1819614622817645,0.08968809479242569,0.34143360451842075,0.036641572573593906,0.18505876248948624,0.10593783581425636,0.3398836824666289,0.04274136972098924,0.0,0.0,0,0,0.0,0.0,0,0,-27.294219342264675,95804,28000,186,12.857352593593532,1.5291340940020746,1.539013551082462,15.925500238678069,439.0136382219207,27
0.0086364085,0.006200443,13.526951,-13.643719,12.643144,1.720336,-43.440334,-13.617557,12.599643,1.6882172,-43.107716,-13.630758,12.619608,1.6958263,-43.31149,0.0086364085,0.017313581,0.09242493,1.5734686e-06,0.006200443,0.012244003,0.067121916,5.1980896e-07,0.14802676,0.7869861,1.0,-1.0,-0.22239613499189925,0.0827659588458265,-0.07236736046148154,-0.5200211014586803,-33.35942024878489,11.940366379273543,-13.187605866828758,-48.767794870713004,-0.032521646,0.44922101,1.0,-1.0,7,-0.1885732549797676,0.06366810052047867,-0.07767143053497556,-0.3912381673508729,-28.28598824696514,8.87086456380549,-17.23038276393261,-42.25880683415721,0.010415603276580719,0.4870629674999368,1.0,-1.0,0.2283920556175438,0.07255221442950831,0.3072108869985655,0.08804723147638528,0.23117222390664294,0.07512956269024147,0.3072108869985655,0.10025604321714934,0.9142857142857143,0.27994168488950605,1.0,0.0,1.0,0.0,1.0,1.0,0.0,0.0,0.0,0.0,0.0,0.0,0.0,0.0,0.0,0.0,0.0,0.0,0.0,0.0,0.0,0.0,0.0,0.0,0.0,0.0,0.0,0.0,0.0,0.0,0.03196256124262488,0.026336478999168928,0.22444360298461946,0.0034075480157305838,0.02215774300819682,0.00996804891303815,0.035385840079869266,0.004366908534994932,0.19043357374927436,0.07428426467485756,0.29557749847406084,0.06895981244575096,0.1904335611420423,0.0742842658714365,0.2955774043920823,0.06895981244575096,0.22239613499189925,0.0827659588458265,0.5200211014586803,0.07236736046148154,0.21259130415023916,0.08003115068454023,0.3128322434304246,0.07332672098074589,0.0,0.0,0,0,0.0,0.0,0,0,-33.35942024878489,99804,29000,193,13.394935821910622,1.581508148010471,1.609219324804144,16.585663294725236,455.614976969664,28
0.019289104,0.017891489,12.803421,-13.066156,12.606263,2.8277493,-43.861927,-13.075045,12.606108,2.839596,-43.95063,-12.984806,12.559582,2.9570675,-43.771347,0.019289104,0.04449219,0.41330874,1.0145959e-07,0.017891489,0.033774488,0.24940906,1.07623785e-08,-0.08526119,0.79120773,1.0,-1.0,-0.26117417260697395,0.07926858609909321,-0.11545353662056643,-0.46755548956585236,-39.176125891046084,10.82203235421031,-20.980613731938536,-54.15279541343758,0.17000218,0.5905695,1.0,-1.0,7,-0.2603937482214204,0.0689521360575077,-0.07733720891519985,-0.4292355441053206,-39.059062233213055,9.596067345182169,-19.180287989135923,-48.08578968059759,-0.009767285221987556,0.5404984946504647,1.0,-1.0,0.2351075928401407,0.06923769700240553,0.36540967247336226,0.09881113954426803,0.2581096893513159,0.06078922337427267,0.36540967247336226,0.20037270082327488,0.7457142857142857,0.435458941573047,1.0,0.0,1.0,0.0,1.0,1.0,0.0,0.0,0.0,0.0,0.0,0.0,0.0,0.0,0.0,0.0,0.0,0.0,0.0,0.0,0.0,0.0,0.0,0.0,0.0,0.0,0.0,0.0,0.0,0.0,0.04727553435763478,0.03347619287131979,0.19176855887674105,0.0034137619017262717,0.02260909846192014,0.013341765950838453,0.04328664631547606,0.004331716178158232,0.2138986382493392,0.06790010482968961,0.30510930586730894,0.10169401946579688,0.21389862631828546,0.06790010023671608,0.3051065107631205,0.10169401946579688,0.26117417260697395,0.07926858609909321,0.46755548956585236,0.11545353662056643,0.23650772478020562,0.07555990778150838,0.3483931570785966,0.11663535358786878,0.0,0.0,0,0,0.0,0.0,0,0,-39.176125891046084,103804,30000,200,12.963732951960992,1.5972720139980083,1.572703795376583,16.133708761335583,471.6158150919655,29
0.0057850233,0.0074436306,12.877272,-12.987727,11.858927,1.6899408,-42.016636,-12.943866,11.836877,1.7666193,-42.08018,-12.969053,11.849445,1.7704266,-41.98139,0.005785023,0.0118701635,0.09022477,8.083454e-10,0.007443631,0.012811015,0.09813606,2.4772262e-07,0.10508098,0.80727226,1.0,-1.0,-0.18437563434513302,0.042968200059587645,-0.10690434005509361,-0.3725147131538644,-27.656345151769948,6.064079173697506,-20.896217043998526,-40.6405542105152,-0.18605956,0.5539994,1.0,-1.0,6,-0.2781785605526246,0.09012838394071407,-0.13743039873887636,-0.5666727829821862,-41.72678408289369,13.09348291984807,-24.16003329871681,-66.3292223733019,-0.10931423994545048,0.576230772819897,1.0,-1.0,0.22053002259515286,0.05894530931685584,0.30092164305354524,0.109642207747616,0.22173693551600232,0.0614283510307844,0.30067264770170304,0.11203806319167599,0.9580952380952381,0.2003715369868363,1.0,0.0,1.0,0.0,1.0,1.0,0.0,0.0,0.0,0.0,0.0,0.0,0.0,0.0,0.0,0.0,0.0,0.0,0.0,0.0,0.0,0.0,0.0,0.0,0.0,0.0,0.0,0.0,0.0,0.0,0.03190103423948413,0.01759499040158377,0.14583970660875364,0.0035619453571828093,0.029976563496312048,0.013453640900720248,0.052455284072190494,0.011421320896629998,0.1524746001056489,0.04203825957451429,0.23600448088800005,0.10334239469791079,0.15247458634980834,0.042038255935005216,0.2360025548646487,0.1033423946979108,0.18437563434513302,0.042968200059587645,0.3725147131538644,0.10690434005509361,0.18245114984612038,0.04250584956728494,0.2689881986353664,0.12625242610245527,0.0,0.0,0,0,0.0,0.0,0,0,-27.656345151769948,107804,31000,206,13.406598569010384,1.4629880870052148,1.6080693927797256,16.477656048795325,488.1544816077949,30
0.0077239247,0.022493321,13.3184805,-13.396056,12.239312,2.427113,-37.483955,-13.291105,12.161674,2.457189,-37.51437,-13.386512,12.23015,2.4651358,-37.525383,0.007723925,0.015988465,0.11170488,8.4952845e-10,0.022493323,0.030353429,0.13524018,1.9602163e-07,-0.08821697,0.8360523,1.0,-1.0,-0.23508805098422134,0.06396311541133504,-0.1162222655731748,-0.42098254718345096,-35.263207647633195,9.095269100218776,-17.989913788804913,-46.253026927570126,-0.014279923,0.4937464,1.0,-1.0,7,-0.2106677150848887,0.10230518767871523,-0.05972460097536264,-0.42855932251056694,-31.6001572627333,14.857486189721305,-11.871434682237673,-52.5692011864343,-0.0014532157952680893,0.5638399320455614,1.0,-1.0,0.21887538456679909,0.0663811984277614,0.29558409492192805,0.06672456756484484,0.22547033185693835,0.0680101996446923,0.29558409492192805,0.0711037307177712,0.8571428571428571,0.34992710611188255,1.0,0.0,0.8571428571428571,0.3499271061118826,1.0,0.0,0.0,0.0,0.0,0.0,0.0,0.0,0.0,0.0,0.0,0.0,0.0,0.0,0.0,0.0,0.0,0.0,0.0,0.0,0.0,0.0,0.0,0.0,0.0,0.0,0.04259112950388783,0.023968698150540674,0.1878565293720368,0.011080517294878795,0.038547824182484904,0.012509512279752227,0.06309164991098139,0.020068799118359418,0.1924969214803335,0.052491051896476355,0.26009163186973544,0.08228827056101169,0.1920769351769727,0.05331443422685467,0.2600881534177917,0.08228827056101169,0.23508805098422134,0.06396311541133504,0.42098254718345096,0.1162222655731748,0.23062475935945756,0.05802917369476131,0.29546001369612807,0.11622229709979531,0.0,0.0,0,0,0.0,0.0,0,0,-35.263207647633195,111804,32000,213,14.00279796452378,1.525433491988224,1.6884899859287543,17.216721442440758,505.2695590522344,31
0.03202633,0.014130238,14.552641,-14.636881,13.684297,2.2679667,-44.00647,-14.602211,13.665146,2.3527389,-43.871166,-14.593626,13.671061,2.3439782,-43.686924,0.03202633,0.058854885,0.4336608,3.493915e-08,0.014130238,0.024838686,0.15534052,8.15819e-06,-0.14013018,0.8387102,1.0,-1.0,-0.25542373708786886,0.05368550936981039,-0.17510567703605892,-0.4217273817975986,-38.31356056318034,7.1330660662237735,-28.339614680270888,-49.60966183820574,-0.06491504,0.678408,1.0,-1.0,7,-0.23682564854816623,0.06150826645054172,-0.05160043352643247,-0.48867553907895656,-35.52384728222494,7.668915666562194,-22.35641199193181,-50.24368538460376,-0.05479589160818499,0.5906028777662655,1.0,-1.0,0.23857609916930728,0.0761423553694532,0.367875212243128,0.09701172771286977,0.2534001290098057,0.07210495669553338,0.367875212243128,0.1482787249488579,0.8457142857142858,0.3612224143835224,1.0,0.0,1.0,0.0,1.0,1.0,0.0,0.0,0.0,0.0,0.0,0.0,0.0,0.0,0.0,0.0,0.0,0.0,0.0,0.0,0.0,0.0,0.0,0.0,0.0,0.0,0.0,0.0,0.0,0.0,0.04412530162584489,0.03285626779130821,0.24649183577681963,0.008256496580048244,0.03933514030432561,0.010307552204644126,0.050114878587372014,0.016943395021796964,0.21129843546202398,0.04911654193489814,0.28604807284740846,0.15221621979923772,0.21129842330708654,0.049116542996071266,0.286048072758818,0.15221621979923772,0.25542373708786886,0.05368550936981039,0.4217273817975986,0.17510567703605892,0.2506335636114122,0.055228720056258486,0.335481837491303,0.1760797929227681,0.0,0.0,0,0,0.0,0.0,0,0,-38.31356056318034,115804,33000,220,14.713260411153897,1.4241553100000601,1.7807208509475458,17.918136572101503,523.1844967083744,32
0.014371602,0.010679107,13.968354,-14.106825,13.016316,2.3831465,-38.75106,-14.010401,12.971173,2.4161386,-38.563484,-14.029994,12.989044,2.440583,-38.63542,0.014371603,0.022344407,0.12483443,4.2770475e-06,0.010679107,0.020141508,0.14387509,3.784953e-08,0.03941559,0.827141,1.0,-1.0,-0.2577366754344796,0.0798805393567794,-0.10256047209478701,-0.4887271183872931,-38.66050131517192,11.524533428849658,-21.59175862077804,-54.04938937496755,0.03163932,0.64010227,1.0,-1.0,6,-0.25927591931865707,0.08863281254578208,-0.1320184604321587,-0.5307391961300608,-38.89138789779856,13.012297381574434,-22.782626087206555,-60.67750913257548,-0.07198475780632856,0.5107602267172363,1.0,-1.0,0.26027216777834283,0.06498003871662157,0.37508878243984084,0.14874431702941948,0.27518823838419576,0.06777548340949856,0.3650317775346364,0.1823488103405635,0.7628571428571429,0.42533060370608133,1.0,0.0,0.8571428571428571,0.3499271061118826,1.0,0.0,0.0,0.0,0.0,0.0,0.0,0.0,0.0,0.0,0.0,0.0,0.0,0.0,0.0,0.0,0.0,0.0,0.0,0.0,0.0,0.0,0.0,0.0,0.0,0.0,0.04774224962614125,0.025336785683688023,0.19552778316514724,0.011597803285990606,0.04414708987545254,0.01046360046189307,0.0617400268921095,0.029233683906796135,0.2099944258083383,0.07376808801384954,0.3133385460820153,0.08437276883869504,0.20999441494358143,0.07376808362056222,0.31333632666521644,0.08437276883869504,0.2577366754344796,0.0798805393567794,0.4887271183872931,0.10256047209478701,0.25414150481903397,0.07348323494458525,0.36845202360853363,0.14611279573080455,0.0,0.0,0,0,0.0,0.0,0,0,-38.66050131517192,119804,34000,226,13.957531226958963,1.4191786729934392,1.6558466518908972,17.0325565518433,540.2576445482118,33
0.020321943,0.008171391,13.044611,-13.2068815,11.977987,3.3338377,-39.165108,-13.194502,11.976313,3.267874,-39.152946,-13.194581,11.97117,3.366307,-39.206757,0.020321943,0.03977353,0.30518487,3.9153747e-07,0.008171391,0.016576627,0.1419463,2.63908e-08,-0.05794703,0.8338619,1.0,-1.0,-0.22648880598219606,0.06737547928788995,-0.08347857369211614,-0.49384635950013817,-33.973320897329415,9.05151153405767,-16.042632371327553,-47.246420766468866,0.16643076,0.52309906,1.0,-1.0,7,-0.25588913840941063,0.06477854152489684,-0.14294266269735667,-0.43200373422538146,-38.3833707614116,7.5507219899690865,-27.95913821699809,-49.1240621151422,-0.002706264062521567,0.5527878418856513,1.0,-1.0,0.2659515003139021,0.09244440832378784,0.41920032239195215,0.07636777294375408,0.2848168747621086,0.09301383325297367,0.41920032239195215,0.09376194697770998,0.8019047619047619,0.3985643169417315,1.0,0.0,1.0,0.0,1.0,1.0,0.0,0.0,0.0,0.0,0.0,0.0,0.0,0.0,0.0,0.0,0.0,0.0,0.0,0.0,0.0,0.0,0.0,0.0,0.0,0.0,0.0,0.0,0.0,0.0,0.045346581303458915,0.03332973007187447,0.22787062744986342,0.010929889018674598,0.03090277796560383,0.014533569055695939,0.0532947001848821,0.010929889018674598,0.18114222467873717,0.06228139647521462,0.27895012215908915,0.06392674391660366,0.18114222152269882,0.062281396611401356,0.27894893613276145,0.06392674391660366,0.22648880598219606,0.06737547928788995,0.49384635950013817,0.08347857369211614,0.21204499948830266,0.056355563954918524,0.28987882515143604,0.09689537672153661,0.0,0.0,0,0,0.0,0.0,0,0,-33.973320897329415,123804,35000,233,14.416438116706559,1.4608506229997147,1.7167819448950468,17.59407068460132,557.9411125978077,34
0.01114133,0.011937477,14.317985,-14.477829,12.750075,2.0978782,-45.554478,-14.468588,12.7269535,2.091187,-45.483086,-14.413222,12.7122,2.1193602,-45.491264,0.01114133,0.018396016,0.097083695,1.4483783e-07,0.011937478,0.027330507,0.17013769,8.513382e-09,0.06714197,0.78742653,1.0,-1.0,-0.23249669391749664,0.0916179901373342,-0.05740185381250743,-0.5245569431040531,-34.874504087624494,13.11703405049905,-11.855896810994352,-56.283377669732964,0.11036601,0.5138117,1.0,-1.0,7,-0.278945324699441,0.07885200945679254,-0.1007958887819693,-0.47325080475927384,-41.841798704916144,10.269668751094214,-20.55253327514311,-53.48175076694017,0.05054566081886792,0.564811703885701,1.0,-1.0,0.23496880110577328,0.06807592593255139,0.3722258180199045,0.07674945021940971,0.2568289885274616,0.05956417469881389,0.3722258180199045,0.1774569462835521,0.7561904761904762,0.42937913306225894,1.0,0.0,0.8571428571428571,0.3499271061118826,1.0,0.0,0.14285714285714285,0.34992710611188255,1.0,0.0,0.14285714285714285,0.34992710611188266,1.0,0.0,0.0038095238095238095,0.06160366334779514,1.0,0.0,0.0,0.0,0.0,0.0,0.0,0.0,0.0,0.0,0.0,0.0,0.0,0.0,0.04763120994008732,0.032799650511738325,0.24549379333832022,0.003951253942685764,0.03916194249377612,0.021917547470280848,0.08078222507284506,0.009030874548955002,0.1848654839774093,0.08752074162294564,0.3334593027479817,0.0392865495017607,0.1848654764717645,0.08752073673095304,0.33345765779274933,0.0392865495017607,0.23249669391749664,0.0916179901373342,0.5245569431040531,0.05740185381250743,0.2240274189655406,0.08132461613917585,0.35792155596823877,0.07662236761341573,0.0,0.0,0,0,0.0,0.0,0,0,-34.874504087624494,127804,36000,240,13.620471499947598,1.549556642989046,1.6625635670206975,16.83259170995734,574.8079614847811,35
0.012413366,0.00967158,13.754692,-13.876172,12.691714,2.83022,-45.640556,-13.894027,12.713603,2.7962942,-45.61243,-13.9100685,12.711981,2.7949271,-45.82854,0.012413366,0.018593041,0.11640857,2.6915222e-07,0.00967158,0.017857853,0.08884058,3.4203873e-07,0.009231359,0.8153042,1.0,-1.0,-0.2451485576925408,0.09774173317408734,-0.017048519071661113,-0.5055668537097212,-36.77228365388112,14.026686783732858,-9.732729090827402,-53.76190406622046,0.0644378,0.6549821,1.0,-1.0,6,-0.24726990794873507,0.10874161679238042,-0.07289779021421844,-0.4821070231465637,-37.09048619231026,15.738925091861095,-14.973053718119735,-55.65751834970303,0.023637853474856606,0.5410542256503921,1.0,-1.0,0.21226544906391523,0.0649496318643182,0.3052596058250703,0.04975565312548767,0.2349406092257338,0.0652126282404293,0.3052596058250703,0.09739368150812894,0.8485714285714285,0.3584661199941683,1.0,0.0,0.8571428571428571,0.3499271061118826,1.0,0.0,0.14285714285714285,0.3499271061118826,1.0,0.0,0.14285714285714285,0.3499271061118826,1.0,0.0,0.1,0.30000000000000004,1.0,0.0,0.14285714285714285,0.3499271061118826,1.0,0.0,0.0019047619047619048,0.04360199292289372,1.0,0.0,0.0,0.0,0.0,0.0,0.046936992855722226,0.029875356728481985,0.21650284982795806,0.012181270263227408,0.04056988001944605,0.01211003880992455,0.060945601047450094,0.01648000295062405,0.19821156483681857,0.08567773334382998,0.2890640038817632,0.003230995125915006,0.19696277912248242,0.08799550401645796,0.28906289981554806,0.02341484245846529,0.2451485576925408,0.09774173317408734,0.5055668537097212,0.017048519071661113,0.23753265914192845,0.09442025628973803,0.3305365630184165,0.039894845409089344,0.0,0.0,0,0,0.0,0.0,0,0,-36.77228365388112,131804,37000,246,13.399223744112533,1.5839497540000593,1.6048103831562912,16.587983881268883,591.3922244730784,36
0.0077204183,0.0076090395,14.690686,-14.803252,13.165773,2.2655437,-41.454193,-14.758333,13.152829,2.2957335,-41.296375,-14.789022,13.150229,2.284896,-41.288074,0.0077204183,0.011489343,0.055546235,5.0614835e-07,0.0076090405,0.011226506,0.07057083,8.400349e-06,0.016794661,0.8114707,1.0,-1.0,-0.18613002170111925,0.0767298932414675,-0.06761228168402815,-0.4691945563776481,-27.919503255167886,10.879940133346555,-14.43065939479705,-47.286916647064714,-0.033137646,0.45108995,1.0,-1.0,7,-0.21564755086392068,0.08003606445512046,-0.04521288579799153,-0.4297325046513262,-32.3471326295881,11.189420684223423,-13.837075377827569,-50.25988131584065,0.007864319469448034,0.541960674409047,1.0,-1.0,0.16384819687400817,0.058432722531928945,0.3055476941997322,0.07021487522435084,0.17599163657873834,0.0698523856512756,0.3055476941997322,0.0769573095703342,0.8914285714285715,0.3111007448872274,1.0,0.0,1.0,0.0,1.0,1.0,0.006666666666666667,0.08137703743822466,1.0,0.0,0.0,0.0,0.0,0.0,0.0,0.0,0.0,0.0,0.0,0.0,0.0,0.0,0.0,0.0,0.0,0.0,0.0,0.0,0.0,0.0,0.03699968665605922,0.02660955487985212,0.20901074225716432,0.006773454272476392,0.02784293163708121,0.0072955821033818605,0.04129233952922309,0.01894765098090304,0.14913033504506004,0.06529959970226766,0.2601838141204838,0.05380402613119289,0.15204039838175096,0.061932999084289495,0.26018164902254737,0.08133275749862327,0.18613002170111925,0.0767298932414675,0.4691945563776481,0.06761228168402815,0.17988333001883222,0.05805707109326222,0.2891155304868565,0.12073044630255671,0.0,0.0,0,0,0.0,0.0,0,0,-27.919503255167886,135804,38000,253,13.716000300148153,1.580654138000682,1.7012733660958475,16.997927804244682,608.4183452223369,37
0.008993296,0.0063276193,14.708475,-14.786261,13.169778,2.853268,-41.45116,-14.809261,13.179479,2.7853386,-41.59679,-14.813551,13.196704,2.8126984,-41.645317,0.008993296,0.013993658,0.08936438,6.7535666e-08,0.006327619,0.010347126,0.06805414,2.0240628e-07,-0.040093847,0.8029951,1.0,-1.0,-0.18004428536156974,0.06338012836157182,-0.06357672316162204,-0.3219825365125957,-27.00664280423546,9.24532372863985,-11.743624621156561,-40.37992774290838,-0.05539141,0.39794418,0.9999946,-1.0,7,-0.23935764514580812,0.0718147338533341,-0.12797741360929069,-0.4565357739612772,-35.903646771871216,9.487954504293672,-23.95324647074083,-55.32127062278388,-0.07549396405924144,0.5050886750779136,1.0,-1.0,0.1904196011014925,0.049053604334613206,0.2783797733573508,0.12542705676717925,0.1945516003431385,0.049089334526102237,0.2667004235918777,0.14161935280934013,0.9533333333333334,0.210923893594085,1.0,0.0,1.0,0.0,1.0,1.0,0.14285714285714285,0.3499271061118826,1.0,0.0,0.14285714285714285,0.3499271061118826,1.0,0.0,0.0,0.0,0.0,0.0,0.0,0.0,0.0,0.0,0.0,0.0,0.0,0.0,0.0,0.0,0.0,0.0,0.03055224625649074,0.015725885794468417,0.14975276555704894,0.006829749501036329,0.030738030555081407,0.006976200255838959,0.04273035066758416,0.02214580040259182,0.14949203910507902,0.061059630971872045,0.24549613653744312,0.04710584164983317,0.14949203343724707,0.06105962963800138,0.2454961364999603,0.04710584164983319,0.18004428536156974,0.06338012836157182,0.3219825365125957,0.06357672316162204,0.18023006399232844,0.06147323308784668,0.2676419369025521,0.07582681838543112,0.0,0.0,0,0,0.0,0.0,0,0,-27.00664280423546,139804,39000,260,13.378084135823883,1.6088424990011845,1.6578609569842229,16.64478759180929,624.9989329841337,38
0.0136882905,0.008499982,13.466987,-13.714533,12.718884,2.1482518,-42.11152,-13.683158,12.683702,2.0788658,-42.059616,-13.643463,12.67187,2.1673405,-42.085056,0.0136882905,0.022699298,0.1390914,1.6505146e-07,0.008499982,0.018844794,0.15493934,7.1304385e-10,0.07525614,0.7924409,1.0,-1.0,-0.24732033669692544,0.10349772945450203,-0.1027285759299669,-0.5339745423203367,-37.098050504538826,15.292325570491696,-16.157497327352278,-58.26527494708808,-0.13212015,0.5697924,1.0,-1.0,6,-0.20734546401860524,0.11763470019021681,-0.05367020104996604,-0.6017897945706739,-31.101819602790783,17.329400871790522,-11.703936734605133,-67.37365942711301,-0.024831407542819067,0.5388214952474103,1.0,-1.0,0.2846108596892634,0.08053984757879636,0.3787669155555957,0.12583299363896797,0.2932986698031206,0.08420170892541395,0.3787669155555957,0.1264946862718039,0.8933333333333333,0.308688984074406,1.0,0.0,0.8571428571428571,0.3499271061118826,1.0,0.0,0.0,0.0,0.0,0.0,0.0,0.0,0.0,0.0,0.0,0.0,0.0,0.0,0.0,0.0,0.0,0.0,0.0,0.0,0.0,0.0,0.0,0.0,0.0,0.0,0.0418073214842321,0.02067808979892495,0.18791041591795563,0.01683334136054233,0.03828236523737682,0.013581385631404886,0.06538587186542635,0.020664787919562184,0.2055130152126933,0.09569221090639587,0.3460641264023811,0.08589523456942456,0.2055130116284994,0.09569220713742,0.34606354506613457,0.08589523456942456,0.24732033669692544,0.10349772945450203,0.5339745423203367,0.1027285759299669,0.2437953768658762,0.10559343688889876,0.3902837711681572,0.10656002248898674,0.0,0.0,0,0,0.0,0.0,0,0,-37.098050504538826,143804,40000,266,13.839882959262468,1.5444262009987142,1.6686720267607598,17.052981187021942,642.0657562791748,39
0.0054701623,0.0067585437,13.472726,-13.631239,12.089701,1.9371021,-42.18085,-13.654865,12.088554,1.9392275,-42.16893,-13.61859,12.094643,1.9569145,-42.12719,0.0054701623,0.008000108,0.04358045,7.70467e-06,0.006758544,0.018645165,0.19404972,1.5076296e-08,-0.097243294,0.811574,1.0,-1.0,-0.2612256705186889,0.050034775087334046,-0.14786932633051053,-0.44364342048757033,-39.18385057780334,7.253730783613692,-25.414798470258443,-51.35775019972328,-0.1391265,0.6239152,1.0,-1.0,7,-0.2550948915707658,0.08149156441394362,-0.13547206985977478,-0.5770581529861405,-38.26423373561486,11.713351188868797,-24.587353319839522,-58.53810925606581,-0.08754513600770064,0.5993372990210158,1.0,-1.0,0.3043147745808601,0.0441733483014323,0.4007235128283631,0.20956656399407803,0.31368986093799195,0.04729705367775153,0.39848888818384726,0.24901832936620993,0.48095238095238096,0.49963705648061846,1.0,0.0,0.2857142857142857,0.4517539514526256,1.0,0.0,0.0,0.0,0.0,0.0,0.0,0.0,0.0,0.0,0.0,0.0,0.0,0.0,0.0,0.0,0.0,0.0,0.0,0.0,0.0,0.0,0.0,0.0,0.0,0.0,0.060642711045707794,0.019774990060706987,0.18444691427824353,0.032053213126494465,0.06259270219008457,0.01844618157246087,0.09219974186295499,0.032483565773681757,0.20058295947298108,0.051270406915232304,0.27896995262336555,0.10185725184277482,0.20058294523692474,0.051270400986058284,0.2789672341100687,0.10185725184277482,0.2612256705186889,0.050034775087334046,0.44364342048757033,0.14786932633051053,0.26317564742700933,0.04853535736100437,0.3389926097284223,0.1717605912168088,0.0,0.0,0,0,0.0,0.0,0,0,-39.18385057780334,147804,41000,273,13.867876214921125,1.5586376290011685,1.6980597054498503,17.124573549372144,659.2005884125392,40
0.021103328,0.020389233,13.553188,-13.625814,12.626963,1.8188502,-47.21815,-13.582102,12.600325,1.7708533,-47.195484,-13.62295,12.598179,1.7781675,-47.224323,0.021103328,0.14628394,1.6547706,1.4597138e-06,0.020389233,0.13114229,1.4770157,1.0513759e-09,-0.043896347,0.8251219,1.0,-1.0,-0.20230263199098372,0.08018477213687038,-0.08055787875958767,-0.39602872212230344,-30.345394798647558,11.734797172913474,-15.403811719422098,-46.09197544883332,0.08564752,0.358824,1.0,-1.0,7,-0.23450653086757112,0.08999278724976752,-0.08635742142702513,-0.535882107235528,-35.17597963013568,13.143971745316492,-17.372264711615912,-60.07999940064926,-0.06401872657225918,0.4613065333389783,1.0,-1.0,0.20275391874738788,0.07688627339809896,0.3073474132721961,0.06282391572608888,0.21146565259306044,0.07212300038859583,0.3013259712165882,0.1026803004259234,0.9428571428571428,0.2321153829895989,1.0,0.0,1.0,0.0,1.0,1.0,0.0,0.0,0.0,0.0,0.0,0.0,0.0,0.0,0.0,0.0,0.0,0.0,0.0,0.0,0.0,0.0,0.0,0.0,0.0,0.0,0.0,0.0,0.0,0.0,0.036760606062729025,0.019154543610152643,0.1784243373979096,0.006285111074599232,0.0400963000702232,0.009593055090881165,0.05417984741628679,0.02998148116499147,0.16554202592825468,0.07301013106794652,0.26555993176447623,0.07304015118291039,0.1654287548158144,0.07312003134895728,0.2655566136758617,0.07304015118291039,0.20230263199098372,0.08018477213687038,0.39602872212230344,0.08055787875958767,0.20552505488603767,0.07752908851240906,0.31271593086333715,0.10728361490623231,0.0,0.0,0,0,0.0,0.0,0,0,-30.345394798647558,151804,42000,280,14.028211767654284,1.5690556210029172,1.7018333171290578,17.29910070578626,676.5587580473511,41
0.030955866,0.037495986,12.684117,-12.658898,11.801347,1.6468582,-42.258354,-12.655523,11.792242,1.6480689,-42.183483,-12.760431,11.848818,1.5672972,-42.369396,0.030955862,0.046715487,0.2927464,1.8313231e-06,0.037495986,0.06133306,0.3596023,7.6119695e-06,0.06156586,0.76572466,1.0,-1.0,-0.16427158962372898,0.06648925734059537,-0.025158123758741616,-0.35493822789758156,-24.64073844355935,9.345425612678744,-7.798575856439151,-37.08177503230197,-0.063636124,0.5430921,1.0,-1.0,6,-0.2064199833712007,0.06007142948034922,-0.08149336604072017,-0.39960685450640515,-30.962997505680107,8.189795728023789,-20.084700690658735,-44.665031671687196,-0.0006201912996357232,0.5514280179346723,1.0,-1.0,0.1699246846869561,0.06393884440081299,0.27896118084434673,0.05976846695869046,0.17599536637758714,0.0626778705851489,0.2719284895195385,0.06622528410203053,0.9180952380952381,0.2742195687438921,1.0,0.0,1.0,0.0,1.0,1.0,0.14285714285714285,0.3499271061118826,1.0,0.0,0.14285714285714285,0.3499271061118826,1.0,0.0,0.10095238095238095,0.30126565972979114,1.0,0.0,0.14285714285714285,0.3499271061118826,1.0,0.0,0.01904761904761905,0.13669238185149832,1.0,0.0,0.0,0.0,0.0,0.0,0.03412854973788684,0.022049023169580132,0.18109717479750406,0.010635423561333315,0.02726210668364162,0.008071062508592568,0.04292964911624091,0.014446410462423887,0.13014303988584217,0.06111404294039991,0.21468934804141268,0.01395158745925908,0.12910893408827326,0.06284609944006625,0.2146856283510298,0.01395158745925908,0.16427158962372898,0.06648925734059537,0.35493822789758156,0.025158123758741616,0.1563710407719149,0.06472797420429587,0.24253671979864194,0.028397997921682967,0.0,0.0,0,0,0.0,0.0,0,0,-24.64073844355935,155804,43000,286,13.910803494189167,1.6282372160058003,1.6568208191165468,17.195861529311514,693.7476510786364,42
0.0061003473,0.011840826,14.06506,-14.180166,12.479952,2.6329546,-41.329105,-14.140411,12.441608,2.5532622,-41.311478,-14.181928,12.495052,2.6666746,-41.27645,0.0061003473,0.012463832,0.08328389,2.046363e-06,0.011840827,0.020775177,0.14691365,1.6976983e-08,-0.020018365,0.79703087,1.0,-1.0,-0.15074884105903602,0.0709557649279935,-0.05307927800043663,-0.41836168685222297,-22.612326158855403,10.268379661171702,-8.447035938478924,-40.07872321260989,-0.052416258,0.5202755,1.0,-1.0,7,-0.28184999702987334,0.04837479643893667,-0.19782169773780625,-0.45926632081885166,-42.27749955448099,5.967889171125017,-34.72754865413433,-51.85365314178923,-0.02601060277514431,0.5879916576758116,1.0,-1.0,0.22320063224677433,0.06987126640055795,0.3585404241695975,0.09415033702410938,0.23172631607800692,0.0680755970349289,0.35311138410121556,0.15615853552967007,0.9266666666666666,0.2606828639468953,1.0,0.0,1.0,0.0,1.0,1.0,0.14285714285714285,0.34992710611188255,1.0,0.0,0.14285714285714285,0.34992710611188266,1.0,0.0,0.1361904761904762,0.3429907147219696,1.0,0.0,0.14285714285714285,0.34992710611188266,1.0,0.0,0.0,0.0,0.0,0.0,0.0,0.0,0.0,0.0,0.02940025951549386,0.022808926595269726,0.18287268985064323,0.006292223366787596,0.024361856663122544,0.010898801345655757,0.04426267186797273,0.009790438982478113,0.12134858154354217,0.06335206849327549,0.23548899700157971,0.043291020707849126,0.12134857208969875,0.06335206355560338,0.23548652868920167,0.043291020707849126,0.15074884105903602,0.0709557649279935,0.41836168685222297,0.05307927800043663,0.14571042875282128,0.06548311069248669,0.26416852417247016,0.05308145969032724,0.0,0.0,0,0,0.0,0.0,0,0,-22.612326158855403,159804,44000,293,13.165262882015668,1.6211846920050448,1.579535631404724,16.365983205425437,710.0847522930562,43
0.011420565,0.012483603,14.439106,-14.527891,12.975214,1.9939666,-42.315727,-14.500743,12.964636,1.9950249,-42.2368,-14.548159,13.012637,2.0673978,-42.57282,0.011420566,0.021057371,0.13229358,1.4280346e-07,0.012483604,0.021075504,0.112907834,5.8116746e-07,0.057199985,0.80970895,1.0,-1.0,-0.21500119977035642,0.07410916494555174,-0.049726558422790904,-0.4460837020400255,-32.25017996555347,10.463782712729383,-12.896363413670397,-45.51070966249873,0.1682422,0.5621264,1.0,-1.0,7,-0.23688561432651886,0.10786778646072595,-0.04032474096978014,-0.5683551905421144,-35.53284214897783,15.504237249837322,-10.845451640813366,-63.957040490828774,-0.02827471644730557,0.5498428596476813,1.0,-1.0,0.264329377582451,0.07704843133855059,0.40047289177211365,0.07781642177841477,0.2786829175265101,0.0766109245120489,0.40047289177211365,0.12434384514536306,0.7952380952380952,0.40352752956915017,1.0,0.0,0.8571428571428571,0.3499271061118826,1.0,0.0,0.14285714285714285,0.3499271061118826,1.0,0.0,0.14285714285714285,0.3499271061118826,1.0,0.0,0.02095238095238095,0.14322492340653306,1.0,0.0,0.0,0.0,0.0,0.0,0.0,0.0,0.0,0.0,0.0,0.0,0.0,0.0,0.05036426150233118,0.03184276204784733,0.24548766012456236,0.010207475534814377,0.04406284253989241,0.012803722151956836,0.06031949456456086,0.01933246357822516,0.16463693826802522,0.08274806135521418,0.2727451276416712,0.03349177522020919,0.16463692570035987,0.08274805424847552,0.27274351864217977,0.03349177522020919,0.21500119977035642,0.07410916494555174,0.4460837020400255,0.049726558422790904,0.20869976824025227,0.07427791665672125,0.31145111461654407,0.08915609886113517,0.0,0.0,0,0,0.0,0.0,0,0,-32.25017996555347,163804,45000,300,13.242769026212045,1.5924398549977923,1.5792446957348147,16.414453576944652,726.4684877570398,44
0.008130671,0.01054814,14.516913,-14.5738735,12.712686,1.5893463,-40.439022,-14.509848,12.676563,1.5858133,-40.3432,-14.57128,12.723801,1.6393188,-40.441044,0.008130671,0.013867129,0.10240164,7.0751776e-07,0.010548141,0.015887905,0.09910281,1.2893225e-06,0.08805316,0.76814634,1.0,-1.0,-0.19963802062458524,0.09296793645211593,-0.07848232213355577,-0.5075000916828185,-29.945703093687786,13.735757925282632,-15.085789394985792,-56.17019809806452,0.036011603,0.5143872,1.0,-1.0,6,-0.23585003543140892,0.09455922839094756,-0.0882890892009136,-0.5402231444432427,-35.37750531471132,13.411537178257062,-19.332452692403617,-56.11874411541399,0.03850238316908213,0.5753388489997681,1.0,-1.0,0.21204683463854934,0.0749222662667686,0.2973687554680704,0.06797888756401081,0.21825808626107054,0.07774932849635374,0.2973687554680704,0.08736153105623988,0.9019047619047619,0.29744337672618737,1.0,0.0,1.0,0.0,1.0,1.0,0.14285714285714285,0.34992710611188255,1.0,0.0,0.14285714285714285,0.3499271061118826,1.0,0.0,0.0,0.0,0.0,0.0,0.0,0.0,0.0,0.0,0.0,0.0,0.0,0.0,0.0,0.0,0.0,0.0,0.040100009411644946,0.02181114846714115,0.2073384961310483,0.010273454822441888,0.03534895754158656,0.009225432165155912,0.04773102646818119,0.02229433766367006,0.15953801121294028,0.08333164288190627,0.3001615955517702,0.05771077757655966,0.16072424437376093,0.08215129669415758,0.300160979470976,0.05771077757655966,0.19963802062458524,0.09296793645211593,0.5075000916828185,0.07848232213355577,0.19607320191534752,0.08277818563925812,0.34789200593915715,0.10139492503750944,0.0,0.0,0,0,0.0,0.0,0,0,-29.945703093687786,167804,46000,306,13.84163773090404,1.5617406439996557,1.6463915891508805,17.049769964054576,743.6225945531041,45
0.014186425,0.0089072995,13.093299,-13.118985,12.234558,2.8723214,-43.646427,-13.151375,12.276049,2.9771724,-43.599598,-13.124003,12.278431,2.996908,-43.68671,0.014186425,0.030159498,0.2218093,2.6168564e-08,0.0089072995,0.019950869,0.14331278,7.712613e-06,0.08540179,0.7722335,1.0,-1.0,-0.22422700553749197,0.07400555934060496,-0.11919157586812046,-0.5020538141024806,-33.6340508306238,10.262876633431752,-20.848442575698684,-52.12628606240965,0.041230455,0.4931938,1.0,-1.0,7,-0.24838258078221792,0.05563552466630191,-0.1010254531455666,-0.4257749550398229,-37.25738711733269,6.87608304815249,-23.80297181235974,-44.62449274159513,-0.03891566499828809,0.58137563491386,1.0,-1.0,0.23758593012222196,0.030756054659964827,0.28795152439779675,0.12201883185074479,0.25258293524515185,0.025041466072154298,0.28795152439779675,0.21392770816852666,0.8219047619047619,0.38259289625271214,1.0,0.0,1.0,0.0,1.0,1.0,0.0,0.0,0.0,0.0,0.0,0.0,0.0,0.0,0.0,0.0,0.0,0.0,0.0,0.0,0.0,0.0,0.0,0.0,0.0,0.0,0.0,0.0,0.0,0.0,0.04316219063304322,0.034214769803316725,0.2216328368788349,0.006417897001823607,0.029483108612437966,0.015261228830065997,0.057425916916764255,0.006513406118283352,0.18106481490444878,0.06340064519403986,0.2804209772236457,0.07582978285398116,0.18106480746971068,0.06340064074073147,0.28041993699452755,0.07582978285398116,0.22422700553749197,0.07400555934060496,0.5020538141024806,0.11919157586812046,0.21054791608214862,0.05336633983945112,0.3032751861965319,0.13325569977074542,0.0,0.0,0,0,0.0,0.0,0,0,-33.6340508306238,171804,47000,313,14.140751712940983,1.6660027829930186,1.6964749908074737,17.503229486741475,761.008434636853,46
0.018986706,0.014986124,13.614898,-13.633848,12.21775,2.9217873,-39.29719,-13.637188,12.233408,2.9671197,-39.38258,-13.697468,12.254555,2.8949473,-39.388138,0.018986706,0.032306165,0.19896075,6.8031e-07,0.014986124,0.025170464,0.14533222,9.994642e-08,0.017664544,0.80892164,1.0,-1.0,-0.22220566628440055,0.07142176110633312,-0.12196776407699514,-0.4337467334848981,-33.33084994266009,10.316487022571994,-19.135471175644035,-50.17127313682801,0.04603201,0.41586128,1.0,-1.0,7,-0.23479928432293834,0.0773429242960525,-0.04857260331207549,-0.5089196513302519,-35.219892648440755,7.189960296112359,-26.16884438618929,-46.09638324919377,0.005860327392963177,0.552117580560837,1.0,-1.0,0.2544082563157956,0.0604172010789344,0.3336973252739689,0.15133624803122114,0.26055872830677435,0.06353550437083316,0.31714039785374637,0.15655611272149272,0.920952380952381,0.26981307042195257,1.0,0.0,1.0,0.0,1.0,1.0,0.0,0.0,0.0,0.0,0.0,0.0,0.0,0.0,0.0,0.0,0.0,0.0,0.0,0.0,0.0,0.0,0.0,0.0,0.0,0.0,0.0,0.0,0.0,0.0,0.03176081175552503,0.02424027031062231,0.16144203234541565,0.0022674108941216618,0.023408448844749515,0.013849524342028633,0.049543774786094376,0.010418673388378428,0.19044485452887552,0.06416000070951122,0.2964524820089276,0.11272881942279857,0.19044484866110098,0.06415999473390016,0.2964508705486401,0.11272881942279857,0.22220566628440055,0.07142176110633312,0.4337467334848981,0.12196776407699514,0.2138532975058505,0.06255566592687394,0.31193730369112127,0.123147492811177,0.0,0.0,0,0,0.0,0.0,0,0,-33.33084994266009,175804,48000,320,13.797361998193082,1.5486588540079538,1.7038220889517106,17.049842941152747,778.063226845974,47
0.012287214,0.007205941,13.545999,-13.6206875,12.196388,2.033792,-42.06856,-13.621599,12.192896,2.053755,-42.067493,-13.603182,12.187503,1.930848,-42.02612,0.012287214,0.028071973,0.2040193,2.046363e-08,0.0072059417,0.016809413,0.12548696,2.3283064e-10,-0.024548091,0.77167207,1.0,-1.0,-0.21287787682623577,0.05470935478694516,-0.11691264919695395,-0.3663876156593312,-31.931681523935364,7.091799038306873,-21.180498734138137,-42.208171325515025,-0.19843896,0.642884,1.0,-1.0,6,-0.27059939390965615,0.05258807427464925,-0.17464281234877413,-0.49091765051169717,-40.589909086448436,6.7822865688395115,-32.91461019611753,-52.009743369026374,0.04549302548559568,0.573215663836322,1.0,-1.0,0.21357794386730963,0.062452986231328646,0.2976133477366102,0.07872505857785865,0.22233336228468362,0.05586316930908627,0.29717371082166355,0.16034693957582574,0.8561904761904762,0.35089648711721494,1.0,0.0,0.8571428571428571,0.3499271061118826,1.0,0.0,0.0,0.0,0.0,0.0,0.0,0.0,0.0,0.0,0.0,0.0,0.0,0.0,0.0,0.0,0.0,0.0,0.0,0.0,0.0,0.0,0.0,0.0,0.0,0.0,0.04022145204826061,0.03239535075725767,0.22713382294249881,0.013556843559435188,0.03328594611929331,0.017290614908020484,0.06351830441119295,0.01362702020857453,0.17265642477797516,0.05699587913574289,0.267087110071529,0.08910693241082544,0.17265640926400203,0.05699587741170836,0.2670838536846828,0.08910693241082544,0.21287787682623577,0.05470935478694516,0.3663876156593312,0.11691264919695395,0.20594235538329533,0.04265135010536721,0.28071087389325733,0.1526252368220184,0.0,0.0,0,0,0.0,0.0,0,0,-31.931681523935364,179804,49000,326,13.57475193485152,1.553572571996483,1.6644147251499817,16.792739231997984,794.844558901983,48
0.015127215,0.009915579,12.882341,-12.882769,11.527413,2.728673,-33.935524,-12.952527,11.55578,2.7368996,-33.967968,-12.960774,11.54607,2.636357,-34.067844,0.015127214,0.027214853,0.15589656,9.4160555e-09,0.009915579,0.014858563,0.084222265,1.193485e-07,-0.11025468,0.8278832,1.0,-1.0,-0.24715237755457728,0.10769155189566229,-0.10323658799749602,-0.5527159909056047,-37.07285663318659,15.118618342003922,-18.71137741098662,-60.8890581942684,0.1795466,0.52076423,1.0,-1.0,7,-0.24185128166188172,0.041033719666355696,-0.14720664709628223,-0.3803385565899722,-36.277692249282254,5.284182345286961,-29.636122793197544,-45.95487132733524,-0.07112367939615544,0.4277698381384597,1.0,-1.0,0.2672556111360751,0.06508333612345614,0.3918742735099412,0.1279727386480398,0.2852680072916938,0.06423564091830972,0.3918742735099412,0.1904567079268327,0.7504761904761905,0.4327374238548536,1.0,0.0,1.0,0.0,1.0,1.0,0.0,0.0,0.0,0.0,0.0,0.0,0.0,0.0,0.0,0.0,0.0,0.0,0.0,0.0,0.0,0.0,0.0,0.0,0.0,0.0,0.0,0.0,0.0,0.0,0.05297465194517003,0.04096125137480863,0.2201437618962787,0.002801003969428469,0.028580689417341765,0.009815201151581623,0.04673258186407193,0.019553882377673068,0.19417772560940727,0.08990127613582242,0.34501436092072274,0.08677095405901487,0.19417771671107606,0.08990126836437436,0.34501188939485256,0.08677095405901487,0.24715237755457728,0.10769155189566229,0.5527159909056047,0.10323658799749602,0.22275840612841782,0.08566023092814569,0.3683357033254389,0.11444933968539425,0.0,0.0,0,0,0.0,0.0,0,0,-37.07285663318659,183804,50000,333,13.871840793741285,1.542375949997222,1.6748385551763931,17.0890552989149,811.9939564758679,49
0.005912056,0.009092071,14.436322,-14.568533,13.166206,2.4797463,-42.345078,-14.557827,13.176683,2.5072548,-42.538303,-14.56954,13.158869,2.4849513,-42.30226,0.0059120557,0.008666691,0.047788996,1.2556711e-10,0.00909207,0.018786829,0.16294742,2.1012966e-06,0.042848457,0.83183634,1.0,-1.0,-0.23943077910909166,0.0742937246535716,-0.12272183836683995,-0.48299054305905975,-35.914616866363744,9.695931303712895,-24.28689758388536,-49.20417161219974,0.051068567,0.6433123,1.0,-1.0,7,-0.22974591891282287,0.08859779151669311,-0.07190309653314766,-0.45717558289567595,-34.46188783692343,12.870192610701661,-15.766513109947805,-52.873200894460005,-0.03540764234693604,0.5246545909458936,1.0,-1.0,0.21520673135329435,0.0633597416520012,0.3325507195378181,0.09690283155588202,0.22275980131189246,0.06101406096845612,0.3325507195378181,0.14112755531594873,0.7390476190476191,0.4391540001271358,1.0,0.0,0.8571428571428571,0.3499271061118826,1.0,0.0,0.0,0.0,0.0,0.0,0.0,0.0,0.0,0.0,0.0,0.0,0.0,0.0,0.0,0.0,0.0,0.0,0.0,0.0,0.0,0.0,0.0,0.0,0.0,0.0,0.053553871445561806,0.0412754509716822,0.24506157643502713,0.0076948724775408,0.03349920038468821,0.01726048305767699,0.06497863269625166,0.017425736725548258,0.18587690766352988,0.05215108556481019,0.26768314604778726,0.11016270955639441,0.18587688854097245,0.05215108521059631,0.2676799475996784,0.11016270955639441,0.23943077910909166,0.0742937246535716,0.48299054305905975,0.12272183836683995,0.21937608892566063,0.06636254358320215,0.33265858029593004,0.12758844628194266,0.0,0.0,0,0,0.0,0.0,0,0,-35.914616866363744,187804,51000,340,13.974745969084324,1.6030681720003486,1.6867215220700018,17.264535663154675,829.2466018970445,50
0.015125233,0.010102143,15.409523,-15.633541,13.5159,1.5106127,-40.886616,-15.617447,13.489832,1.4131844,-40.675682,-15.566045,13.4777975,1.4996924,-40.514168,0.015125234,0.028426697,0.19009672,4.4019544e-08,0.0101021435,0.0212269,0.1767013,2.3283064e-08,-0.0049502747,0.78700453,1.0,-1.0,-0.22644813570198727,0.1004000473834247,-0.031228875164780845,-0.47883712732174544,-33.96722035529809,14.619667955757576,-6.508464143735282,-51.17663489367321,0.018118162,0.5806131,1.0,-1.0,6,-0.31006759530713035,0.0893607622689304,-0.14752794776578543,-0.5314471034485255,-46.510139296069546,12.761216477114887,-25.509506296366073,-63.8443427848247,-0.07511561702657417,0.601533202099944,1.0,-1.0,0.23964229328688205,0.06354379919943264,0.3630156146252836,0.09622676261884353,0.24986221885517063,0.064858167777961,0.3630156146252836,0.14861520653904475,0.878095238095238,0.32717577986413543,1.0,0.0,1.0,0.0,1.0,1.0,0.14285714285714285,0.34992710611188255,1.0,0.0,0.14285714285714285,0.3499271061118826,1.0,0.0,0.12666666666666668,0.3325991915537712,1.0,0.0,0.14285714285714285,0.3499271061118826,1.0,0.0,0.0,0.0,0.0,0.0,0.0,0.0,0.0,0.0,0.045318781120689176,0.027364760017625812,0.2309761407776304,0.01895418693769884,0.037683903375438574,0.007429130926828678,0.050777810104772,0.026444538374149906,0.18112935458129809,0.08778225081108053,0.287007136568248,0.010894045234666175,0.1811293453901903,0.08778224762325507,0.2870042054494498,0.010894045234666175,0.22644813570198727,0.1004000473834247,0.47883712732174544,0.031228875164780845,0.21881324876562885,0.09285611490983431,0.3377820155542218,0.03733858360881608,0.0,0.0,0,0,0.0,0.0,0,0,-33.96722035529809,191804,52000,346,13.953932797827292,1.591381200007163,1.6908019620896084,17.236115959924064,857.2765957379452,51
0.011147054,0.010280581,13.815742,-13.959915,12.696129,2.582543,-40.005203,-13.953161,12.66295,2.5210946,-39.861275,-13.9513855,12.681556,2.559667,-39.846878,0.011147054,0.024630647,0.21742325,2.421999e-08,0.010280582,0.02512344,0.21506749,2.5669578e-08,0.096723,0.7625231,1.0,-1.0,-0.28403752984152814,0.11189539370499085,-0.11346368843767336,-0.6348259210556075,-42.60562947622923,16.07688925141491,-20.809886053472933,-71.43502535801072,0.062188357,0.621537,1.0,-1.0,7,-0.23147644465939432,0.09972010714717165,-0.08627798974135854,-0.4510930991838143,-34.72146669890915,14.519252742075098,-16.258702332456753,-57.14278212138885,-0.009435081137779652,0.5145010966450339,1.0,-1.0,0.23682900410087865,0.0925189908927467,0.3891414740332505,0.07778615539103166,0.256248441528857,0.0946003320596782,0.38355561849709674,0.13835095008951337,0.7457142857142857,0.435458941573047,1.0,0.0,1.0,0.0,1.0,1.0,0.0,0.0,0.0,0.0,0.0,0.0,0.0,0.0,0.0,0.0,0.0,0.0,0.0,0.0,0.0,0.0,0.0,0.0,0.0,0.0,0.0,0.0,0.0,0.0,0.0516012822441719,0.0359685736944656,0.24710150114233473,0.016050030459544236,0.028605598463960626,0.005000726677809422,0.038841435101697054,0.023144785753651573,0.23243624759735626,0.10083267903301756,0.38772441991327283,0.08640859348911027,0.23243404471751689,0.10083503306604197,0.38772308610171113,0.08640859348911027,0.28403752984152814,0.11189539370499085,0.6348259210556075,0.11346368843767336,0.2610396431814775,0.10314567212992928,0.41475958330336804,0.11346368843767336,0.0,0.0,0,0,0.0,0.0,0,0,-42.60562947622923,195804,53000,353,14.54191218916094,1.595524980002665,1.683526099746814,17.82096326891042,875.0172485988878,52
0.0123593025,0.009626232,13.678825,-13.838455,12.381416,2.1877296,-39.638756,-13.803773,12.355236,2.2168362,-39.544758,-13.793724,12.336787,2.172456,-39.461597,0.012359302,0.017904492,0.0845891,6.5885047e-07,0.009626234,0.018301878,0.16325861,3.5186895e-07,-0.11376308,0.80147094,1.0,-1.0,-0.23289494732358437,0.07206360961256564,-0.08083766471986437,-0.4596140068532104,-34.934242098537645,10.321075634993944,-12.929618787557203,-45.64752954408694,-0.07336264,0.5597539,1.0,-1.0,7,-0.20823450525199683,0.07553818765678791,-0.06504176617602145,-0.4641012725794669,-31.235175787799523,9.976293051547387,-19.857636816107682,-49.17707180699113,-0.04046343432048173,0.5749181098661083,1.0,-1.0,0.24433444095812346,0.04077789692505233,0.30255822161930673,0.172022877859118,0.2509421611657266,0.04356460995332524,0.29552861494169325,0.19739290995654327,0.76,0.4270831300812524,1.0,0.0,0.8571428571428571,0.3499271061118826,1.0,0.0,0.14285714285714285,0.3499271061118826,1.0,0.0,0.14285714285714285,0.3499271061118826,1.0,0.0,0.0,0.0,0.0,0.0,0.0,0.0,0.0,0.0,0.0,0.0,0.0,0.0,0.0,0.0,0.0,0.0,0.042725908273514815,0.024406653783391612,0.21029255545137696,0.010981475366817674,0.034353560719578034,0.014724801965611418,0.06598776358627174,0.015726124884726245,0.19016903905006954,0.06061345104433909,0.24932145140183343,0.057804847321413146,0.19016902338368893,0.06061344387354341,0.24931813135563097,0.057804847321413146,0.23289494732358437,0.07206360961256564,0.4596140068532104,0.08083766471986437,0.22452258410326695,0.06388805541933013,0.28162367062266264,0.08320014231148423,0.0,0.0,0,0,0.0,0.0,0,0,-34.934242098537645,199804,54000,360,13.483216597320279,1.515639685007045,1.6294740018929588,16.628330284220283,891.660964849114,53
0.010306675,0.011875631,13.864193,-13.972917,13.172463,1.9210929,-41.43028,-13.993206,13.180779,1.8931535,-41.489456,-13.981073,13.197914,1.9021747,-41.435673,0.010306676,0.041198954,0.45024294,5.4485645e-07,0.01187563,0.031671856,0.26884753,4.456524e-07,-0.07291857,0.79066604,1.0,-1.0,-0.249493756126124,0.08552676450027735,-0.13440200563807586,-0.5600133903632352,-37.4240634189186,11.890971874626912,-24.202143769818914,-60.71987427279532,0.04420429,0.61125225,1.0,-1.0,6,-0.28012594351827735,0.07632565695538995,-0.13837932884877213,-0.4554617912632039,-42.018891527741594,10.695658594555574,-25.784069620050108,-53.27586755676744,-0.12252985653926611,0.6239161522767793,1.0,-1.0,0.24690342775810417,0.06021929950239912,0.3434798501654372,0.10252131734478274,0.2635014044774019,0.05793667953034929,0.3421948320953575,0.17932902809896287,0.680952380952381,0.4661075367634216,1.0,0.0,0.8571428571428571,0.3499271061118826,1.0,0.0,0.0,0.0,0.0,0.0,0.0,0.0,0.0,0.0,0.0,0.0,0.0,0.0,0.0,0.0,0.0,0.0,0.0,0.0,0.0,0.0,0.0,0.0,0.0,0.0,0.05141873303431843,0.0395983145589153,0.2452072368463499,0.0031658361889203798,0.03456485140834343,0.01742904775842374,0.06680355396097266,0.009818116848679679,0.19807502309180555,0.07179567073456772,0.3148061535168853,0.08959979603911433,0.19807501078415476,0.07179567095850288,0.31480572640151,0.08959979603911433,0.249493756126124,0.08552676450027735,0.5600133903632352,0.13440200563807586,0.2326398621924982,0.08300145349151117,0.38160928036248265,0.13440219277470278,0.0,0.0,0,0,0.0,0.0,0,0,-37.4240634189186,203804,55000,366,12.269321383777424,1.5306359170062933,1.6984665267082164,15.498423827491933,907.1775404406071,54
0.00921035,0.0064258673,13.937935,-13.942793,12.721667,1.9550016,-43.05233,-13.978681,12.745296,1.8982775,-43.188137,-13.980286,12.749538,1.9101987,-43.33243,0.00921035,0.015442969,0.078457005,1.1639045e-08,0.006425868,0.012135855,0.07789279,1.1018301e-07,0.06868788,0.786541,1.0,-1.0,-0.23229756902436954,0.10917557672860816,-0.03910695302453676,-0.5319408424032176,-34.844635353655434,16.156052147329394,-7.621786895141762,-62.26399804715352,-0.20971395,0.64219695,1.0,-1.0,7,-0.2246374708597591,0.10893501476485265,-0.03313517138408119,-0.4928942720710782,-33.69562062896387,15.79927914569871,-8.41923959181737,-54.48994759007459,-0.08299139491010632,0.6018224881311645,1.0,-1.0,0.2359775084315111,0.09301613069926973,0.39382282768848487,0.06604874779025095,0.23873410556957375,0.09707005849813867,0.3904668502255848,0.0686209076783249,0.9380952380952381,0.24098249388342846,1.0,0.0,1.0,0.0,1.0,1.0,0.14285714285714285,0.34992710611188255,1.0,0.0,0.14285714285714285,0.34992710611188266,1.0,0.0,0.11523809523809524,0.3193090613245902,1.0,0.0,0.14285714285714285,0.34992710611188266,1.0,0.0,0.0,0.0,0.0,0.0,0.0,0.0,0.0,0.0,0.037440494300899026,0.022810899497832916,0.18531360546146272,0.005108089086461981,0.03178970178108773,0.015384854785925973,0.05354435156321684,0.007565921069862599,0.1948570747234705,0.09807168211785575,0.36920822825324856,0.02291466570582419,0.19485678122031164,0.09806701218036779,0.3692059184156153,0.028060686020110602,0.23229756902436954,0.10917557672860816,0.5319408424032176,0.03910695302453676,0.2266464830013993,0.1073645585165912,0.405636168089007,0.0410117889970291,0.0,0.0,0,0,0.0,0.0,0,0,-34.844635353655434,207804,56000,373,13.358089700166602,1.5499130109965336,1.5621922018472105,16.470194913010346,923.4480070146092,55
0.0053261556,0.007678574,13.944831,-14.050489,12.438539,1.5288936,-43.854755,-14.028091,12.428005,1.5644603,-43.83516,-14.03569,12.434055,1.5398716,-43.81266,0.005326156,0.012624912,0.08845371,9.602047e-07,0.0076785735,0.014238806,0.0778087,2.0197746e-09,-0.081911735,0.80004036,1.0,-1.0,-0.26589646839011544,0.09090488210067853,-0.08111707486984546,-0.46464132898443106,-39.88447025851732,13.398113243372503,-13.045755838092315,-61.00299497495329,0.009351574,0.50130725,1.0,-1.0,7,-0.26675333210444835,0.08966233934804953,-0.12906108052310078,-0.5608333329929486,-40.01299981566724,12.335772918641648,-22.010868699466254,-62.777661033471006,0.0679268012023289,0.6368131146298286,1.0,-1.0,0.3010826974058395,0.059083318515885865,0.4125402078252176,0.20750122444935185,0.3033889191023184,0.05655629258974407,0.4037476322448899,0.2266087483133939,0.6838095238095238,0.46498823528871797,1.0,0.0,0.7142857142857143,0.45175395145262565,1.0,0.0,0.0,0.0,0.0,0.0,0.0,0.0,0.0,0.0,0.0,0.0,0.0,0.0,0.0,0.0,0.0,0.0,0.0,0.0,0.0,0.0,0.0,0.0,0.0,0.0,0.042868304614005995,0.023156868824537366,0.15384104920219302,0.01436910687062669,0.03822081533926077,0.01794900037836415,0.06336747531733244,0.016511254834327933,0.2230281637761094,0.07627699399353242,0.3402468797802051,0.06634415113042587,0.22302815128405706,0.07627698974128949,0.34024456034959494,0.06634415113042587,0.26589646839011544,0.09090488210067853,0.46464132898443106,0.08111707486984546,0.26124896662331787,0.08928447407858561,0.4036120356669274,0.08683421368105741,0.0,0.0,0,0,0.0,0.0,0,0,-39.88447025851732,211804,57000,380,13.925637835869566,1.3490273770003114,1.657477442000527,16.932142654870404,940.4657300484541,56
0.009946717,0.007617848,14.526686,-14.5227165,13.232364,0.7089259,-46.583942,-14.503251,13.215619,0.66151744,-46.560596,-14.529108,13.234105,0.65604436,-46.70525,0.009946717,0.017817263,0.118070975,2.087843e-07,0.007617848,0.015511618,0.10917203,7.340328e-07,0.011308591,0.8031788,1.0,-1.0,-0.22164527399006448,0.06932261781829661,-0.0798945371579347,-0.45125574402993957,-33.24679109850966,9.90814814341725,-13.815577875835316,-44.54448317570372,-0.14331912,0.6173859,1.0,-1.0,6,-0.26060987856039414,0.08261751794262984,-0.13425996047559302,-0.5028900761463906,-39.09148178405912,11.90050476778765,-23.231542778494873,-58.78221555574704,-0.1379686121245701,0.6112550868833618,1.0,-1.0,0.20278461697221975,0.0415388963697005,0.2930130974214578,0.1291153387023813,0.20661871033837437,0.03872795254850345,0.27224095498550765,0.15236397618402484,0.9123809523809524,0.2827400751810374,1.0,0.0,1.0,0.0,1.0,1.0,0.0,0.0,0.0,0.0,0.0,0.0,0.0,0.0,0.0,0.0,0.0,0.0,0.0,0.0,0.0,0.0,0.0,0.0,0.0,0.0,0.0,0.0,0.0,0.0,0.03611741778028118,0.023845766320325496,0.2208109373272519,0.014665484153966244,0.027144433789866782,0.008166286697596378,0.037864038118110135,0.01796674522169919,0.1855278562097833,0.062105754805169146,0.26767735278328475,0.06522905300396845,0.18552785264707627,0.06210575350854705,0.2676764940365418,0.06522905300396845,0.22164527399006448,0.06932261781829661,0.45125574402993957,0.0798945371579347,0.21267228643694305,0.061880478462678745,0.29325854421648156,0.08528884207155138,0.0,0.0,0,0,0.0,0.0,0,0,-33.24679109850966,215804,58000,386,13.693408668768825,1.4355940409877803,1.6575709099852247,16.78657361974183,957.3013257722196,57
0.009812025,0.008522525,13.046686,-13.247229,12.180568,1.2229642,-43.548634,-13.171156,12.154039,1.2374886,-43.420708,-13.198889,12.159126,1.2565546,-43.42941,0.009812027,0.015356318,0.08761572,3.879652e-07,0.008522525,0.02440334,0.23085938,3.9019596e-07,-0.17891863,0.80392015,1.0,-1.0,-0.1829367856188165,0.07422682779210535,-0.030188060708674223,-0.39004487271782773,-27.440517842822477,10.829031173197658,-5.45806080921739,-42.1838944122967,-0.22971216,0.530707,1.0,-1.0,7,-0.18564017528812687,0.06576162097596051,-0.08074449480572912,-0.43325594415499635,-27.846026293219023,8.69696329708023,-19.372637454193697,-43.016144215730705,0.019001984927470884,0.5953934670193224,1.0,-1.0,0.24607108450211074,0.04621225811223918,0.3297118512726864,0.11591664877453582,0.24761851203909555,0.04373539012357982,0.32935559190174346,0.19576502445167296,0.9466666666666667,0.22469732728470287,1.0,0.0,1.0,0.0,1.0,1.0,0.14285714285714285,0.3499271061118826,1.0,0.0,0.14285714285714285,0.3499271061118826,1.0,0.0,0.1361904761904762,0.34299071472196957,1.0,0.0,0.14285714285714285,0.3499271061118826,1.0,0.0,0.0,0.0,0.0,0.0,0.0,0.0,0.0,0.0,0.03928361174118113,0.018275582834530717,0.1759222344900425,0.015461455611871566,0.03666103377213519,0.010499233803132143,0.049529195818697414,0.018362910358113823,0.14365317387763538,0.06959122044673414,0.24088235781636985,0.00674927242578723,0.14365316676907608,0.06959121763659862,0.24088178055055023,0.00674927242578723,0.1829367856188165,0.07422682779210535,0.39004487271782773,0.030188060708674223,0.18031420054121125,0.07291736169611501,0.28246739073997124,0.03208831274572838,0.0,0.0,0,0,0.0,0.0,0,0,-27.440517842822477,219804,59000,393,13.974885085146525,1.4837357359938323,1.6821895609027706,17.140810382043128,974.5175297862297,58
0.009150922,0.011363628,14.041674,-14.172794,12.610407,0.53127575,-45.04866,-14.150877,12.60774,0.6006042,-45.027473,-14.161863,12.592749,0.5371195,-45.052475,0.009150922,0.03359585,0.3529531,6.183919e-07,0.011363629,0.048478473,0.53027797,3.1874515e-07,-0.07428879,0.8223252,1.0,-1.0,-0.20771954745095494,0.08517580533721886,-0.06583832658775134,-0.46932836782426657,-31.157932117643252,12.265779961400016,-12.197829244783533,-48.35912477517343,0.039543312,0.56854004,1.0,-1.0,7,-0.26528926076998155,0.08304861783300216,-0.10167963308006732,-0.48611565224355746,-39.793389115497234,11.83713225299531,-19.186872567210305,-60.34487182121594,-0.05798705894737041,0.6067426493866817,1.0,-1.0,0.22279842886863926,0.06767457275370976,0.33099934060365066,0.09029299045164178,0.23500516190599033,0.06377436465507613,0.33099934060365066,0.15960995605540843,0.800952380952381,0.3992839395706932,1.0,0.0,1.0,0.0,1.0,1.0,0.2857142857142857,0.45175395145262565,1.0,0.0,0.2857142857142857,0.45175395145262565,1.0,0.0,0.0,0.0,0.0,0.0,0.0,0.0,0.0,0.0,0.0,0.0,0.0,0.0,0.0,0.0,0.0,0.0,0.04768879116540649,0.030360295544341845,0.25825788529762633,0.02001705021529435,0.032941171831800335,0.009934706064224913,0.05433099195664229,0.021854451354259927,0.16003075628554847,0.08474743637736902,0.2765051264329323,0.04241937115421477,0.16003074844603565,0.08474743202480535,0.27650214205558293,0.04241937115421477,0.20771954745095494,0.08517580533721886,0.46932836782426657,0.06583832658775134,0.19297192027783594,0.09073153106601571,0.31163552440381836,0.065912260262908,0.0,0.0,0,0,0.0,0.0,0,0,-31.157932117643252,223804,60000,400,13.850603393628262,1.5602203019952867,1.68127061901032,17.09209431463387,991.6280149978556,59
0.0106926635,0.009483317,14.880751,-14.906469,12.946296,1.0081652,-39.673767,-14.923927,12.95292,0.9934206,-39.77132,-14.922459,12.943076,0.96886003,-39.7201,0.0106926635,0.025289984,0.15628162,1.9462549e-07,0.009483316,0.019651407,0.15487328,1.5381971e-09,-0.1751183,0.7852749,1.0,-1.0,-0.1546575428648988,0.04083243105079818,-0.08176228594912,-0.30169890522102333,-23.19863142973482,5.567893268117798,-13.464962335187936,-32.93554694690419,-0.012961643,0.5568763,1.0,-1.0,6,-0.18414093280440577,0.041269390510474686,-0.10878756525414061,-0.38060993154530587,-27.621139920660863,4.687334195813623,-22.35021272091178,-36.12576274732785,-0.0009310113351554684,0.5823694046426146,1.0,-1.0,0.2208701788737538,0.062050621518813,0.2973875896495159,0.08659151814599592,0.22902566097658902,0.05691906355392845,0.2973875896495159,0.1374466779242493,0.9038095238095238,0.2948522824750143,1.0,0.0,0.8571428571428571,0.3499271061118826,1.0,0.0,0.0,0.0,0.0,0.0,0.0,0.0,0.0,0.0,0.0,0.0,0.0,0.0,0.0,0.0,0.0,0.0,0.0,0.0,0.0,0.0,0.0,0.0,0.0,0.0,0.032044225794783256,0.020871109498853638,0.16185090728276993,0.004565789196715181,0.03374713090827636,0.019893273115666448,0.069881718110076,0.010346716714278968,0.12261331707011555,0.03338533453200129,0.18226338054269095,0.07122903564753715,0.12261330988242822,0.033385330282911144,0.1822597010709643,0.07122903564753715,0.1546575428648988,0.04083243105079818,0.30169890522102333,0.08176228594912,0.1563604407907046,0.03823223404231488,0.22424539858713982,0.08856208024094363,0.0,0.0,0,0,0.0,0.0,0,0,-23.19863142973482,227804,61000,406,13.38562817312777,1.5782759860012447,1.5964293259748956,16.56033348510391,1008.1675490789639,60
0.008768197,0.00822645,13.55349,-13.59014,12.009959,0.7767418,-39.058075,-13.609433,12.017989,0.75752485,-39.051144,-13.627614,12.013237,0.73574,-38.919544,0.008768197,0.018558575,0.132184,1.1237012e-07,0.00822645,0.014261864,0.11220522,1.2738661e-07,-0.123439685,0.7983947,1.0,-1.0,-0.26871637627891015,0.05725797248790103,-0.11916937355563702,-0.46592696815878565,-40.307456441836514,6.8930820669663,-26.13331692843528,-46.87808706579863,0.023587653,0.60584676,1.0,-1.0,7,-0.2750324158660382,0.10779938686862928,-0.03878252397678127,-0.590600362010342,-41.25486237990573,15.091853843896352,-16.06026219245035,-64.48569091983337,-0.009763666600320358,0.6373421700656866,1.0,-1.0,0.28464072269162827,0.030508796737191184,0.37865027335969303,0.20000279960482095,0.30003305693349536,0.03554946191513021,0.37865027335969303,0.26376356255140165,0.8304761904761905,0.3752139223540948,1.0,0.0,1.0,0.0,1.0,1.0,0.0,0.0,0.0,0.0,0.0,0.0,0.0,0.0,0.0,0.0,0.0,0.0,0.0,0.0,0.0,0.0,0.0,0.0,0.0,0.0,0.0,0.0,0.0,0.0,0.03786213549708553,0.03718078062847101,0.23041797615047138,0.00540673639275987,0.020607977140135042,0.00981011147164931,0.03273372053489172,0.007159989913981085,0.2308542407818246,0.053156683387852864,0.28311405992621397,0.11195329765930782,0.2308542247527278,0.05315667927607809,0.2831129469160631,0.11195329765930782,0.26871637627891015,0.05725797248790103,0.46592696815878565,0.11916937355563702,0.2514622018928628,0.05564094684973235,0.3126930380280327,0.12764795714604688,0.0,0.0,0,0,0.0,0.0,0,0,-40.307456441836514,231804,62000,413,13.693910508271074,1.557170211992343,1.6160966797178844,16.8671773999813,1025.0478614769527,61
0.009060407,0.008628273,13.155592,-13.222862,11.844837,0.25434893,-42.763226,-13.244627,11.83879,0.2545043,-42.809948,-13.254375,11.83906,0.24631974,-42.584667,0.009060407,0.02269051,0.19685516,4.0659703e-08,0.008628273,0.017671721,0.09349,3.8500082e-07,-0.02557521,0.796577,1.0,-1.0,-0.20581514250794358,0.09596424601964978,-0.076198331216754,-0.3857265814082646,-30.87227137619153,14.329976898537005,-12.9088589850803,-50.79050155130926,-0.1258097,0.5449926,1.0,-1.0,7,-0.19677519626735282,0.10442257920744229,-0.051755548324509626,-0.536972730413608,-29.516279440102917,14.922197984570715,-11.067951059209296,-56.79385702636851,0.05279751733369635,0.5560730241590184,1.0,-1.0,0.25298015628363096,0.08265270428716176,0.3621898936238175,0.11775561182485582,0.2542058289945136,0.08460457221241419,0.3621898936238175,0.12625703288680257,0.9114285714285715,0.2841241464786914,1.0,0.0,0.8571428571428571,0.3499271061118826,1.0,0.0,0.0,0.0,0.0,0.0,0.0,0.0,0.0,0.0,0.0,0.0,0.0,0.0,0.0,0.0,0.0,0.0,0.0,0.0,0.0,0.0,0.0,0.0,0.0,0.0,0.035342663377779866,0.01521385779114865,0.12879490846867958,0.009485867251370446,0.03632810403403267,0.014611385188912078,0.0634025398074738,0.020951724097182815,0.1704724791301637,0.08489296437050048,0.29157450017399117,0.062219446513160054,0.1704724649194411,0.08489295823584296,0.29157182768511275,0.062219446513160054,0.20581514250794358,0.09596424601964978,0.3857265814082646,0.076198331216754,0.20680056895347376,0.09798190515246176,0.3429809531124881,0.08536598879486193,0.0,0.0,0,0,0.0,0.0,0,0,-30.87227137619153,235804,63000,420,13.723721076879883,1.5705666149879107,1.6876836200099206,16.981971311877714,1042.0125703498343,62
0.008116897,0.017881934,13.329359,-13.453137,11.901395,0.6206854,-40.69413,-13.509866,11.913771,0.6277816,-40.63829,-13.459155,11.902633,0.6231014,-40.591045,0.008116897,0.020483388,0.15725583,1.208042e-06,0.017881934,0.062346764,0.42445317,1.6584751e-06,-0.075299844,0.7945831,1.0,-1.0,-0.2759291021168121,0.057578592361166706,-0.18134743746251306,-0.41369186320652507,-41.389365317521815,8.033575880786525,-32.422560917645384,-56.17328575277301,0.031034237,0.6377632,1.0,-1.0,6,-0.232602106244994,0.07912697540857797,-0.08807996066559119,-0.45000054397347156,-34.8903159367491,11.1868473239885,-15.992756327553408,-48.822559597373534,0.02671849183338034,0.6502238467937129,1.0,-1.0,0.2588148594745615,0.06928523023301317,0.3873314674307707,0.10891038354015257,0.26046574667955985,0.06874866125875762,0.3784292860718573,0.18911422728177874,0.8580952380952381,0.3489524329382369,1.0,0.0,1.0,0.0,1.0,1.0,0.0,0.0,0.0,0.0,0.0,0.0,0.0,0.0,0.0,0.0,0.0,0.0,0.0,0.0,0.0,0.0,0.0,0.0,0.0,0.0,0.0,0.0,0.0,0.0,0.03554023780250116,0.025804252811933347,0.2003120038696101,0.009249529686655827,0.027970251779683177,0.015614854494373293,0.05291567488715587,0.012253929213931081,0.2403888643143109,0.04605664020252224,0.3137693627648808,0.17209790777585723,0.2403888510647992,0.04605663955723983,0.3137668793193502,0.17209790777585723,0.2759291021168121,0.057578592361166706,0.41369186320652507,0.18134743746251306,0.2683591028444824,0.05791974297701527,0.3666825542065061,0.19397015957155614,0.0,0.0,0,0,0.0,0.0,0,0,-41.389365317521815,239804,64000,426,13.569457399018575,1.5533715240017045,1.6794933038763702,16.80232222689665,1058.885545871759,63
0.005542526,0.008675264,13.818651,-13.959955,12.410804,0.5716237,-38.079494,-13.943705,12.379442,0.49032527,-38.067364,-13.970249,12.409808,0.508939,-38.200386,0.005542526,0.008492418,0.04006518,4.4823537e-08,0.008675264,0.015497462,0.077908754,4.9545233e-06,-0.026269743,0.7883398,1.0,-1.0,-0.19758194619230457,0.07694926282445529,-0.09923518576725537,-0.39656038303465424,-29.637291928845684,10.912460524710612,-17.768324009685358,-48.046319936380804,0.1303702,0.5702105,1.0,-1.0,7,-0.2089787748009378,0.0453907802460792,-0.09930267433503882,-0.34791664289818375,-31.346816220140663,4.121143092336313,-25.318829979009575,-38.15827242100918,-0.007327363539594352,0.5876493451535354,1.0,-1.0,0.22806067302988367,0.07741875287554698,0.32147693630137897,0.09774856377581057,0.23245233818842198,0.0776234498097854,0.3213261677381757,0.09844403632598264,0.8666666666666667,0.33993463423951903,1.0,0.0,1.0,0.0,1.0,1.0,0.0,0.0,0.0,0.0,0.0,0.0,0.0,0.0,0.0,0.0,0.0,0.0,0.0,0.0,0.0,0.0,0.0,0.0,0.0,0.0,0.0,0.0,0.0,0.0,0.04154277689299488,0.02695520914435004,0.1793457051129091,0.011212476319169086,0.027569352033946996,0.014704203977830175,0.05616695567202597,0.011212476319169086,0.15603916929930972,0.0651134906667625,0.2638012866274551,0.08291774534532827,0.15603915856820327,0.06511348255229384,0.263797798298933,0.08291774534532827,0.19758194619230457,0.07694926282445529,0.39656038303465424,0.09923518576725537,0.18360851060215028,0.07424027861251911,0.31996475397095897,0.09923518576725537,0.0,0.0,0,0,0.0,0.0,0,0,-29.637291928845684,243804,65000,433,13.766088873133413,1.6254381360049592,1.629269549404853,17.020796558543225,1075.8430982752907,64
0.017791744,0.013622752,13.751818,-13.766194,12.013561,0.45043093,-38.18308,-13.787538,12.013817,0.39504343,-38.283443,-13.845032,12.038894,0.3768109,-38.16131,0.017791744,0.032384023,0.21208726,2.7409405e-06,0.013622751,0.026546903,0.19445239,7.531526e-09,0.008389911,0.7891021,1.0,-1.0,-0.292994470616213,0.0636485290267968,-0.20457608583285716,-0.5436972846548715,-43.94917059243195,8.867742552329592,-31.600230732038877,-60.14098264732808,-0.017974302,0.63002765,1.0,-1.0,7,-0.20787445003336685,0.06505365214673632,-0.08098337259201974,-0.4080096732328402,-31.18116750500502,8.599077609296282,-18.052384837575033,-45.77353699262767,0.1501440803446359,0.6057366410173867,1.0,-1.0,0.2676856274884368,0.0678889904229904,0.3726303722456778,0.13211297759109558,0.275443738757916,0.0626825155812597,0.36047871891150735,0.19512419157000874,0.7133333333333334,0.4522044768563099,1.0,0.0,0.8571428571428571,0.3499271061118826,1.0,0.0,0.0,0.0,0.0,0.0,0.0,0.0,0.0,0.0,0.0,0.0,0.0,0.0,0.0,0.0,0.0,0.0,0.0,0.0,0.0,0.0,0.0,0.0,0.0,0.0,0.05207658495215194,0.03421395321942652,0.18968457129675528,0.009071362451429286,0.03859973718674031,0.025377819413185752,0.09600179613279984,0.012469285136634216,0.24091788566406103,0.05118182609018353,0.35401271335811624,0.18487730738674082,0.24091787096789333,0.05118182440334405,0.35401066794511105,0.18487730738674082,0.292994470616213,0.0636485290267968,0.5436972846548715,0.20457608583285716,0.2795176081546336,0.05857019367826261,0.3815773742091012,0.2063610905140182,0.0,0.0,0,0,0.0,0.0,0,0,-43.94917059243195,247804,66000,440,12.931014739064267,1.5626898859918583,1.575413940110593,16.06911856516672,1091.8077936594636,65
0.033475343,0.032107208,14.845478,-14.966198,12.258767,0.48120993,-45.342205,-14.896681,12.251209,0.5210129,-45.22934,-14.915332,12.258817,0.49841028,-45.435604,0.033475347,0.23907147,2.7128897,1.7226412e-08,0.032107204,0.2278443,2.58329,4.0108716e-08,-0.08706852,0.82597965,1.0,-1.0,-0.2299495668749201,0.09330744808400745,-0.08423709086997874,-0.48637652267314274,-34.49243503123801,13.629041902959791,-13.98430924019732,-50.425017045370794,-0.10005839,0.6021696,1.0,-1.0,6,-0.25349955768342197,0.08463877573656688,-0.10661688631169292,-0.4597042843068203,-38.02493365251329,11.951031792038002,-19.979315029883736,-48.59543167163752,0.11698162843941709,0.61856325164857,1.0,-1.0,0.20809365451089754,0.08669114314196424,0.31823527026493825,0.07317727640214586,0.21542267170547352,0.0885599366884262,0.3142701533925428,0.08931515812108608,0.86,0.34698703145794946,1.0,0.0,0.8571428571428571,0.3499271061118826,1.0,0.0,0.0038095238095238095,0.061603663347795136,1.0,0.0,0.0,0.0,0.0,0.0,0.0,0.0,0.0,0.0,0.0,0.0,0.0,0.0,0.0,0.0,0.0,0.0,0.0,0.0,0.0,0.0,0.037576199886540575,0.024091878932578612,0.18473277493537177,0.002789053559727284,0.03196201482586746,0.014306079712243631,0.0614746386781813,0.017870931069349737,0.19237336698837953,0.09053036993698636,0.30381399724400904,0.056907225837866,0.19356372647297745,0.08894898654672412,0.3038132723031837,0.06092693147887774,0.2299495668749201,0.09330744808400745,0.48637652267314274,0.08423709086997874,0.2255257412988449,0.0901703701712317,0.32915757017228553,0.08425485235002839,0.0,0.0,0,0,0.0,0.0,0,0,-34.49243503123801,251804,67000,446,13.252925114764366,1.4565592529979767,1.5946915650856681,16.30417593284801,1108.1807140902965,66
0.006560808,0.012435469,13.233378,-13.377825,11.4270525,0.36454758,-37.654346,-13.382644,11.435802,0.314564,-37.79649,-13.363951,11.404564,0.3209703,-37.601875,0.0065608076,0.014334401,0.099582545,9.76157e-07,0.012435468,0.026737034,0.16719864,5.362672e-07,-0.05121263,0.8438485,1.0,-1.0,-0.17564097774390208,0.08199272016285566,-0.06518094038696036,-0.44108297618140246,-26.346146661585315,11.902872545541793,-13.961423367045532,-47.35710580120476,0.005043455,0.6120829,1.0,-1.0,7,-0.26465599803033835,0.086833981967994,-0.133013798388749,-0.5582970931972383,-39.69839970455075,12.318505020289175,-23.32077503747679,-60.91217785201771,-0.11940545359571551,0.703414772800075,1.0,-1.0,0.2265173335623246,0.06571552177269031,0.33694312425532463,0.10952691858018972,0.23812493127511639,0.06982665873266297,0.33694312425532463,0.13557707047596068,0.9085714285714286,0.2882176048667084,1.0,0.0,1.0,0.0,1.0,1.0,0.0,0.0,0.0,0.0,0.0,0.0,0.0,0.0,0.0,0.0,0.0,0.0,0.0,0.0,0.0,0.0,0.0,0.0,0.0,0.0,0.0,0.0,0.0,0.0,0.02955583210899858,0.02214154450079782,0.18495309757414433,0.004586132715822433,0.026290001534121255,0.011367337709434622,0.049884677333399234,0.012933067162772947,0.1460851456349035,0.07408620973839493,0.27369347321776105,0.060594807671137924,0.14608513596742315,0.07408620194465781,0.27369036390964585,0.060594807671137924,0.17564097774390208,0.08199272016285566,0.44108297618140246,0.06518094038696036,0.17237513750154446,0.07861395344800781,0.2937488365187941,0.07352787483391088,0.0,0.0,0,0,0.0,0.0,0,0,-26.346146661585315,255804,68000,453,13.01205989603477,1.5263068150088657,1.5927653731196187,16.131132084163255,1124.3000312234508,67
0.0055641197,0.006484542,14.011989,-14.149849,12.456453,0.40012753,-40.79555,-14.131057,12.450021,0.3790006,-40.876263,-14.13467,12.460943,0.4633955,-40.73816,0.0055641197,0.0099465735,0.06634637,4.7986816e-07,0.006484542,0.009983144,0.05747682,4.4019544e-08,0.031651378,0.851205,1.0,-1.0,-0.2368422394799786,0.08743281233314987,-0.10854746877363354,-0.47715941477894497,-35.52633592199678,12.282055003305704,-18.571143260841968,-49.61464685725581,-0.06671196,0.71095073,1.0,-1.0,7,-0.2778962520388701,0.09724210218690534,-0.10597267951489978,-0.5608022128018204,-41.684437805830505,13.455231781994849,-22.057028047376484,-62.243127020713644,0.14460336128140702,0.6101877492997707,1.0,-1.0,0.25933275045334964,0.08392707997705602,0.3573646256220082,0.08063541410444686,0.27116219106772027,0.08125929187899647,0.3527029093877932,0.12676160880388365,0.8647619047619047,0.34197770809581596,1.0,0.0,1.0,0.0,1.0,1.0,0.0,0.0,0.0,0.0,0.0,0.0,0.0,0.0,0.0,0.0,0.0,0.0,0.0,0.0,0.0,0.0,0.0,0.0,0.0,0.0,0.0,0.0,0.0,0.0,0.038537491395069005,0.03466129289059193,0.23911543918014683,0.008690594512502179,0.02667466202539496,0.010560311354542438,0.045047817183914554,0.014477807786022362,0.19830474808490955,0.08156074771386693,0.2973585517478024,0.08723644459997804,0.19830474089716224,0.08156074761850007,0.29735767930454177,0.08723644459997804,0.2368422394799786,0.08743281233314987,0.47715941477894497,0.10854746877363354,0.2249794029225572,0.07849207799778658,0.325805430576924,0.11712031644281898,0.0,0.0,0,0,0.0,0.0,0,0,-35.52633592199678,259804,69000,460,12.469169236210291,1.5136941600067075,1.5194584889541147,15.502321885171114,1139.774769302603,68
0.008763826,0.0077207587,14.915516,-15.032017,12.9899645,0.10114515,-44.278015,-15.014827,12.983384,0.07994728,-44.35602,-15.055075,12.991806,0.061924987,-44.371403,0.008763827,0.017566063,0.15013467,1.1531265e-06,0.0077207587,0.016441053,0.15106286,9.182719e-08,-0.012745339,0.83899343,1.0,-1.0,-0.21849000916016403,0.0878611339282496,-0.07228823615681619,-0.4580278975320548,-32.773501374024605,12.767568657361203,-11.851016792864163,-52.753764261215544,0.0011042132,0.6842161,1.0,-1.0,6,-0.2848552720608192,0.05962545917652465,-0.15067293398722842,-0.4626812132069069,-42.728290809122875,6.929314878500931,-28.858631345458083,-51.25707515429874,0.13111302985035095,0.6571809582925036,1.0,-1.0,0.21271198441388658,0.0864382921744252,0.3553265252492217,0.0923784068536779,0.22258620497353654,0.08462894893477434,0.3552898133034599,0.12340405453095687,0.7952380952380952,0.4035275295691502,1.0,0.0,0.8571428571428571,0.3499271061118826,1.0,0.0,0.14285714285714285,0.34992710611188255,1.0,0.0,0.14285714285714285,0.34992710611188266,1.0,0.0,0.0,0.0,0.0,0.0,0.0,0.0,0.0,0.0,0.0,0.0,0.0,0.0,0.0,0.0,0.0,0.0,0.044645806610922795,0.0346723113414394,0.21240481395578786,0.0027999045946628612,0.041864199988459756,0.03337959287058287,0.12040521050613857,0.010276903357455897,0.17384420254924127,0.08843795087725696,0.3130398672927731,0.058845479074232626,0.17384419404443724,0.08843794866437567,0.31303816405240675,0.058845479074232626,0.21849000916016403,0.0878611339282496,0.4580278975320548,0.07228823615681619,0.21570839403289696,0.08107364444364754,0.3530151333976857,0.08161137830346303,0.0,0.0,0,0,0.0,0.0,0,0,-32.773501374024605,263804,70000,466,12.869736861117417,1.4866655780060682,1.5473327211802825,15.903735160303768,1155.7392880539119,69
0.011563013,0.012144437,13.925502,-14.067717,12.264962,0.6389668,-42.409378,-13.971647,12.192379,0.6105374,-42.3286,-14.027039,12.223975,0.633592,-42.14577,0.011563014,0.020539299,0.13259345,2.0726192e-07,0.012144435,0.020168569,0.1292834,8.95001e-07,0.18460812,0.7914345,1.0,-1.0,-0.22754962881178925,0.1025073353645857,-0.07699469138839546,-0.491618444232869,-34.13244432176839,15.220643971097825,-15.100584424852764,-61.570281513545495,-0.023599334,0.55645615,1.0,-1.0,7,-0.25218903112639884,0.07887465732055196,-0.12640751134193,-0.535386711003337,-37.82835466895982,10.77404368076414,-24.57847688229041,-54.24134775710669,0.13830314943821329,0.5978695840765117,1.0,-1.0,0.27319383582541273,0.08846756520543082,0.43438460234092147,0.10622570828936578,0.2771760034492949,0.09431090544404624,0.43438460234092147,0.11601282667841119,0.9438095238095238,0.2302891803276127,1.0,0.0,1.0,0.0,1.0,1.0,0.0,0.0,0.0,0.0,0.0,0.0,0.0,0.0,0.0,0.0,0.0,0.0,0.0,0.0,0.0,0.0,0.0,0.0,0.0,0.0,0.0,0.0,0.0,0.0,0.03602035652796894,0.0166592572568507,0.16099119591959976,0.007288659096040118,0.03551308095253837,0.01036453866852017,0.05244228833424768,0.015908664566711063,0.19152927228382038,0.09647708715557192,0.3622973636228832,0.06390127598403478,0.1915292602050889,0.09647708395756395,0.36229533468687053,0.06390127598403478,0.22754962881178925,0.1025073353645857,0.491618444232869,0.07699469138839546,0.22704234115762725,0.10415506270094757,0.4147376230211182,0.10131250974723532,0.0,0.0,0,0,0.0,0.0,0,0,-34.13244432176839,267804,71000,473,13.184304293201421,1.5470669419883052,1.609353196938173,16.3407244321279,1172.0717057920701,70
0.01662786,0.0077766003,15.217676,-15.255023,13.47622,0.31198817,-42.08779,-15.322607,13.515171,0.25351548,-42.115166,-15.350183,13.529855,0.27106014,-42.19083,0.01662786,0.025362808,0.15257746,1.0293934e-06,0.0077765994,0.0134047605,0.07409004,2.136348e-06,0.1128049,0.80524826,1.0,-1.0,-0.23013502168197073,0.11058219797884575,-0.08125002468960758,-0.5911401098569365,-34.5202532522956,16.044674239819255,-13.246293537766858,-64.13288173493434,0.1445992,0.5043472,1.0,-1.0,7,-0.17897047974221178,0.0751213174413726,-0.045201204816591956,-0.5172524154141303,-26.845571961331782,9.858562097263874,-12.723266978562217,-42.27262863482758,-0.022590379246053997,0.5557475590402758,1.0,-1.0,0.23684510753622537,0.09053920890165279,0.3991449381932344,0.09268061643982163,0.24194141305702924,0.0994816136278831,0.3991449381932344,0.09291601860129226,0.8790476190476191,0.32607192840588267,1.0,0.0,1.0,0.0,1.0,1.0,0.0,0.0,0.0,0.0,0.0,0.0,0.0,0.0,0.0,0.0,0.0,0.0,0.0,0.0,0.0,0.0,0.0,0.0,0.0,0.0,0.0,0.0,0.0,0.0,0.03504182859579123,0.030899556705389217,0.2242482129379009,0.006969388915179558,0.028438096420986412,0.010719035006823717,0.0448929070811508,0.017290733418790397,0.19509319308617942,0.09716086002209312,0.3668918969190356,0.07027010844892462,0.19509317854251687,0.09716085940726502,0.3668895886776406,0.07027010844892463,0.23013502168197073,0.11058219797884575,0.5911401098569365,0.08125002468960758,0.22353127496350325,0.09704927468000563,0.38423485395878665,0.09224856357275728,0.0,0.0,0,0,0.0,0.0,0,0,-34.5202532522956,271804,72000,480,14.080817109163036,1.5402413990086643,1.726444193162024,17.347502701333724,1189.4147703363997,71
0.011967592,0.0061940774,14.720423,-14.797596,12.9415045,0.5538447,-40.549236,-14.8799305,12.986397,0.46425253,-40.669758,-14.855146,12.974757,0.5200458,-40.8335,0.011967592,0.023267057,0.1593153,3.1262207e-06,0.0061940774,0.014008844,0.12805326,7.553008e-07,0.018924221,0.8111925,1.0,-1.0,-0.2556723671698336,0.06417659775477386,-0.15907973242559156,-0.48229623700769186,-38.350855075475046,9.114687556273834,-25.527010018108722,-50.42145413035804,-0.114471175,0.57277024,1.0,-1.0,6,-0.22639345675526712,0.11400618041924136,-0.0598723893538686,-0.5393383259377147,-33.959018513290054,16.712385716518874,-12.250766109543477,-58.014930257725595,-0.01256520967540761,0.6065952715519242,1.0,-1.0,0.2593999049849044,0.059259471142798954,0.3645209779100348,0.15578429899731314,0.26778218896914513,0.056381796078817874,0.3536088787185989,0.17393342475545087,0.8942857142857142,0.30747158488257753,1.0,0.0,0.8571428571428571,0.3499271061118826,1.0,0.0,0.0,0.0,0.0,0.0,0.0,0.0,0.0,0.0,0.0,0.0,0.0,0.0,0.0,0.0,0.0,0.0,0.0,0.0,0.0,0.0,0.0,0.0,0.0,0.0,0.037800024046242615,0.023552212433840664,0.19057956881879107,0.004025900350914301,0.03215569262728727,0.018611923289211244,0.060500594331598094,0.00853092021802654,0.217872343123591,0.05181954982262458,0.2917166681889008,0.1486081764714249,0.21787233495406494,0.05181955064837745,0.2917154959267659,0.1486081764714249,0.2556723671698336,0.06417659775477386,0.48229623700769186,0.15907973242559156,0.2500280275813522,0.059305367832803456,0.3364967110662901,0.1696179225914931,0.0,0.0,0,0,0.0,0.0,0,0,-38.350855075475046,275804,73000,486,14.180210545790032,1.5350523770030122,1.6879898120387224,17.403252734831767,1206.7757789902098,72
0.005723183,0.0056686224,14.695697,-14.767031,13.749288,0.999941,-45.975403,-14.783992,13.761281,0.99907583,-46.062103,-14.791843,13.752859,0.94956297,-45.9567,0.005723183,0.009798887,0.0709351,8.734787e-09,0.0056686224,0.010914589,0.076402016,4.899957e-07,0.057207286,0.80146015,1.0,-1.0,-0.239276042327748,0.03635248544660646,-0.14789078884191295,-0.4043719174561794,-35.8914063491622,4.662249586382505,-29.20987844496706,-41.199187498870806,0.020805916,0.63114524,1.0,-1.0,7,-0.2409520772540288,0.06892532621553925,-0.09319513285076785,-0.519511427379997,-36.14281158810432,9.634573139037023,-17.85060258175103,-50.67891165396189,0.05501218206531774,0.5543730707097022,1.0,-1.0,0.21432583868358013,0.054064240360909795,0.30193100779027315,0.09412143859401302,0.220402524255877,0.051687002731147756,0.2996453476256661,0.15526443939702064,0.8228571428571428,0.3817895563083443,1.0,0.0,0.8571428571428571,0.3499271061118826,1.0,0.0,0.0,0.0,0.0,0.0,0.0,0.0,0.0,0.0,0.0,0.0,0.0,0.0,0.0,0.0,0.0,0.0,0.0,0.0,0.0,0.0,0.0,0.0,0.0,0.0,0.04774036742559759,0.023226183034780676,0.18498598742872607,0.004866954656628299,0.05385020409898335,0.010077616608940475,0.07329663243598203,0.03994632692017983,0.19153567490215043,0.03949842073153681,0.23436039923594548,0.13366798506420483,0.19153566296333405,0.039498420907334436,0.2343600565220567,0.13366798506420483,0.239276042327748,0.03635248544660646,0.4043719174561794,0.14789078884191295,0.24538586706231744,0.03411861836018984,0.28856280302695453,0.19337992674214471,0.0,0.0,0,0,0.0,0.0,0,0,-35.8914063491622,279804,74000,493,13.672813921948546,1.492850312992232,1.6507284480321687,16.816392682972946,1223.6315725212044,73
0.013787338,0.008699575,12.737193,-12.775344,11.101091,0.9600234,-38.69192,-12.778831,11.095833,0.93820626,-38.766342,-12.796319,11.099262,0.9021509,-38.712162,0.013787339,0.032124203,0.26004818,5.3483973e-10,0.008699575,0.040454544,0.45357278,1.6984751e-06,0.13994011,0.85300153,1.0,-1.0,-0.24538521548309156,0.08247378892140922,-0.1053934363252642,-0.4700067949447962,-36.80778232246372,11.820647902886211,-19.31488853920533,-52.92953483503981,0.045126215,0.6159158,1.0,-1.0,7,-0.23771358403143245,0.05896202310271013,-0.12886630244214786,-0.45743951918437253,-35.657037604714866,7.174033539395857,-25.225911944719172,-46.57231420335463,0.04243358490170856,0.6266133390101387,1.0,-1.0,0.2771797120888783,0.06512916963454911,0.36598832034770856,0.1402970074489899,0.2835172497189403,0.06883010883958293,0.3615623059954017,0.14104609464313234,0.8695238095238095,0.3368265936576435,1.0,0.0,1.0,0.0,1.0,1.0,0.0,0.0,0.0,0.0,0.0,0.0,0.0,0.0,0.0,0.0,0.0,0.0,0.0,0.0,0.0,0.0,0.0,0.0,0.0,0.0,0.0,0.0,0.0,0.0,0.036603224469372815,0.02761561261276172,0.1989980172327001,0.002172457580364544,0.028513786535113488,0.012434896325104779,0.04290228785525366,0.0022459212881266685,0.20878199101371872,0.07289943907214251,0.31601352104078223,0.0885929855134077,0.20878197658503694,0.07289943444665462,0.3160108139301162,0.0885929855134077,0.24538521548309156,0.08247378892140922,0.4700067949447962,0.1053934363252642,0.23729576312015047,0.07877284163163957,0.3557422486322829,0.112506235010092,0.0,0.0,0,0,0.0,0.0,0,0,-36.80778232246372,283804,75000,500,13.747270066902274,1.5334395429963479,1.6691268541762838,16.949836464074906,1240.6237325472757,74
0.00901656,0.011671696,13.001918,-13.085081,12.449755,0.9925293,-41.930805,-13.156645,12.494595,0.9225805,-42.041943,-13.117874,12.458987,0.8962805,-41.939457,0.00901656,0.01738064,0.12465794,1.3789112e-07,0.011671696,0.020766826,0.110752605,6.6302164e-10,0.13226034,0.8165684,1.0,-1.0,-0.23519337284349595,0.07617967337949272,-0.11081484884995958,-0.4659397255263658,-35.27900592652441,10.843030313554625,-18.093127556959857,-48.54711459720663,-0.031800766,0.6868077,1.0,-1.0,6,-0.25366518767594065,0.07541163158798263,-0.10493527008149424,-0.4868595922775595,-38.049778151391095,10.263335618268862,-19.149822748443558,-51.26469199943095,0.05134562850784347,0.6392799380365995,1.0,-1.0,0.2167612748463376,0.06960259485481844,0.3194539427819851,0.108083485476783,0.21423764179622978,0.06964301627336472,0.3151911749310072,0.11648971295396432,0.9038095238095238,0.2948522824750143,1.0,0.0,1.0,0.0,1.0,1.0,0.0,0.0,0.0,0.0,0.0,0.0,0.0,0.0,0.0,0.0,0.0,0.0,0.0,0.0,0.0,0.0,0.0,0.0,0.0,0.0,0.0,0.0,0.0,0.0,0.03303592923829466,0.0270646121456354,0.20969992593140033,0.0035985732602789545,0.02886355334183068,0.00869176308854819,0.04316247667251538,0.014615695957031119,0.20215744360520133,0.06498768473154112,0.2852537933799416,0.10157322120436414,0.20215742980961707,0.06498768341381841,0.2852508448255418,0.10157322120436414,0.23519337284349595,0.07617967337949272,0.4659397255263658,0.11081484884995958,0.23102098315144773,0.06973262159600559,0.3218554441104722,0.12506601352369623,0.0,0.0,0,0,0.0,0.0,0,0,-35.27900592652441,287804,76000,506,13.339128487888956,1.5745312950020889,1.6279192749934737,16.54157905788452,1257.103815258146,75
0.009380579,0.0073242257,13.534554,-13.630156,12.468056,0.75545996,-43.986443,-13.619928,12.46602,0.79412776,-44.06897,-13.666463,12.489382,0.72514075,-44.109303,0.009380579,0.019044138,0.13255177,2.5631393e-06,0.007324226,0.014276031,0.10823064,6.8281224e-08,0.11462024,0.8256916,1.0,-1.0,-0.21593190145743776,0.057773899312647196,-0.10359535365002032,-0.3892016813387955,-32.38978521861567,8.220295342957426,-18.908377755880746,-46.0146916853627,0.025553685,0.57008433,1.0,-1.0,7,-0.24925285953347323,0.07350057452510217,-0.07639906159367935,-0.46121326768057025,-37.38792893002098,9.644382896931749,-16.297857726182695,-46.26766928673204,0.11261422294254181,0.6334320101266,1.0,-1.0,0.22548553266133442,0.03846876199089448,0.31006578697304743,0.14812865657165228,0.2279381650798009,0.03879999363068319,0.31006578368457705,0.18987701554269795,0.9438095238095238,0.2302891803276127,1.0,0.0,1.0,0.0,1.0,1.0,0.0,0.0,0.0,0.0,0.0,0.0,0.0,0.0,0.0,0.0,0.0,0.0,0.0,0.0,0.0,0.0,0.0,0.0,0.0,0.0,0.0,0.0,0.0,0.0,0.029946696885494655,0.019764007474935848,0.16426478655641208,0.0041616319358055735,0.024734190697326148,0.011906202662030867,0.04428753722071266,0.007903558732013018,0.18598520457194312,0.05001594996477237,0.26516207427144695,0.09758750799793924,0.1859851882621705,0.050015944923424746,0.26515862001255386,0.09758750799793924,0.21593190145743776,0.057773899312647196,0.3892016813387955,0.10359535365002032,0.21071937895949663,0.05830333417812131,0.3094461572332665,0.10549106672995226,0.0,0.0,0,0,0.0,0.0,0,0,-32.38978521861567,291804,77000,513,12.679453507327707,1.5131466689927038,1.5445852918346645,15.737185468155076,1272.8264076642954,76
0.012856919,0.014145199,14.728931,-14.853329,13.23893,0.45566434,-42.432865,-14.861458,13.244442,0.46506307,-42.39029,-14.826971,13.240663,0.48195347,-42.65823,0.012856919,0.026720384,0.2267411,1.6797009e-07,0.014145199,0.03720952,0.29444855,1.6970771e-06,0.09944117,0.7679673,1.0,-1.0,-0.2383678960184159,0.11692956970349062,-0.0275017316554633,-0.4670486561890904,-35.75518440276239,17.016494553987542,-4.850160602843062,-50.014123735268626,0.06641478,0.65172774,1.0,-1.0,7,-0.2960175953253411,0.09413159701262384,-0.08088178687818133,-0.5273804823361973,-44.40263929880116,10.764752582677167,-23.800184708057337,-58.306935214821664,-0.007302895806124601,0.6616123650903333,1.0,-1.0,0.2670825145938966,0.063203377943022,0.3538179397304851,0.13593339042491817,0.2737013970438973,0.0643962369148854,0.35364834982826576,0.184851532193286,0.8761904761904762,0.32936412315791586,1.0,0.0,1.0,0.0,1.0,1.0,0.14285714285714285,0.3499271061118826,1.0,0.0,0.14285714285714285,0.3499271061118826,1.0,0.0,0.13904761904761906,0.34599621195152885,1.0,0.0,0.14285714285714285,0.3499271061118826,1.0,0.0,0.0,0.0,0.0,0.0,0.0,0.0,0.0,0.0,0.0371354461221204,0.03310040023227489,0.2304179865004558,0.007215430148941238,0.025670024077583738,0.013042262950978538,0.05385708677079232,0.011526637629847427,0.2012324498962955,0.10639727610573692,0.30560901048847816,0.018012936885124828,0.20123243977315086,0.1063972680871012,0.3056060423463506,0.018012936885124828,0.2383678960184159,0.11692956970349062,0.4670486561890904,0.0275017316554633,0.22690246385073462,0.11183693762239974,0.33658849100053495,0.029539574514972255,0.0,0.0,0,0,0.0,0.0,0,0,-35.75518440276239,295804,78000,520,12.839494465311873,1.4987935359968105,1.5753059859998757,15.913593987308559,1288.7228482086211,77
0.044353776,0.062789485,14.4080715,-14.658112,13.049402,0.631952,-44.311203,-14.719116,13.057529,0.4732939,-44.591705,-14.555631,12.949812,0.58293986,-44.389507,0.044353776,0.068604834,0.37931642,7.232666e-08,0.062789485,0.07813145,0.36556762,3.463898e-08,0.00039358437,0.793263,1.0,-1.0,-0.18829745888529348,0.07106222533885682,-0.08457019248514921,-0.38878281974379214,-28.244618832794025,10.27289229546203,-13.934683691037849,-40.86662284010104,-0.09196785,0.6036552,1.0,-1.0,6,-0.24071714707117806,0.06463007032986985,-0.09536180343255657,-0.4448473252830915,-36.10757206067671,8.920867358983212,-21.24999003038242,-51.68161152471705,0.07262692670129697,0.6113464900354711,1.0,-1.0,0.22011620510434057,0.0714337380768142,0.3269593325289005,0.08720341972116308,0.21907544320612868,0.06762078945883469,0.3098584964969089,0.09661605422069068,0.9095238095238095,0.28686277108245783,1.0,0.0,1.0,0.0,1.0,1.0,0.0,0.0,0.0,0.0,0.0,0.0,0.0,0.0,0.0,0.0,0.0,0.0,0.0,0.0,0.0,0.0,0.0,0.0,0.0,0.0,0.0,0.0,0.0,0.0,0.037760652938333084,0.020172732013914244,0.17607605671306986,0.0035031923919386504,0.03730758458916021,0.0133863669714902,0.05326265486566322,0.015108837586939901,0.1505368059469604,0.0648547912014656,0.22850899984261788,0.06919974708944747,0.15053679489811528,0.0648547895855867,0.22850574922724107,0.06919974708944747,0.18829745888529348,0.07106222533885682,0.38878281974379214,0.08457019248514921,0.18784437948727548,0.07182409695133815,0.2748757758715636,0.09168625645872285,0.0,0.0,0,0,0.0,0.0,0,0,-28.244618832794025,299804,79000,526,12.774260722915642,1.4820220539986622,1.5642305779765593,15.820513354890863,1304.5253848125285,78
0.012893969,0.01662895,13.773205,-13.910634,12.310612,-0.35103363,-46.59145,-13.949253,12.315226,-0.34419024,-46.76144,-13.890184,12.280868,-0.22321582,-46.676556,0.012893969,0.029070321,0.18184721,5.476759e-07,0.01662895,0.036669802,0.23212397,6.386872e-07,0.027412057,0.8120334,1.0,-1.0,-0.18199584766059188,0.04771732780764813,-0.07732318729461841,-0.3781039227558582,-27.299377149088777,6.949987976874925,-18.58343860179836,-38.62347512321699,-0.20875047,0.54553974,1.0,-1.0,7,-0.2060705508388221,0.03124310596942176,-0.1173602369927,-0.389577703248414,-30.910582625823317,2.82404592090222,-25.92062883056083,-35.930397228968744,0.03597639727297021,0.5202893609343614,1.0,-1.0,0.18458206191885995,0.050756853717223424,0.27867443611006565,0.09005573424660758,0.18587850720759772,0.048567105200068975,0.24824438902130944,0.10575564247912884,0.9657142857142857,0.1819620951781789,1.0,0.0,1.0,0.0,1.0,1.0,0.0,0.0,0.0,0.0,0.0,0.0,0.0,0.0,0.0,0.0,0.0,0.0,0.0,0.0,0.0,0.0,0.0,0.0,0.0,0.0,0.0,0.0,0.0,0.0,0.04373281904257341,0.014114284256971577,0.1760766037303565,0.006789264413548992,0.043656375132812196,0.00953746964509324,0.057381015121701115,0.025033541607986855,0.13826302861801845,0.045252747437325026,0.2020273190255017,0.07053392288032752,0.13826301859782422,0.04525274727660055,0.20202632321984473,0.07053392288032753,0.18199584766059188,0.04771732780764813,0.3781039227558582,0.07732318729461841,0.18191939373063643,0.043390741836870216,0.25230078824464724,0.12791493800202863,0.0,0.0,0,0,0.0,0.0,0,0,-27.299377149088777,303804,80000,533,12.791360295144841,1.4637785869999789,1.5408996150072198,15.79603849715204,1320.3282426996739,79
0.005429101,0.004614505,14.1936245,-14.297984,12.272589,-0.188773,-43.198833,-14.32152,12.277449,-0.16193862,-43.242233,-14.299522,12.2632,-0.20266767,-43.19079,0.005429101,0.010134032,0.05739591,2.3888447e-11,0.0046145045,0.009338293,0.065345794,4.7279173e-08,0.06204014,0.84356743,1.0,-1.0,-0.19359173990443512,0.06848654839411612,-0.056199743896532026,-0.43043517084569066,-29.038760985665277,9.729217944189207,-12.49272437755867,-46.42255439472162,-0.08926444,0.6024642,1.0,-1.0,7,-0.22347095575771891,0.06919697621815427,-0.1212639836704216,-0.45557354964471913,-33.52064336365783,7.927297169158882,-23.23093329136348,-47.207599580386415,-0.01954426063861512,0.5618374290814325,1.0,-1.0,0.1939538562095734,0.05815116288600981,0.3068255199606692,0.10722306126380654,0.19409183586367204,0.06289994352130156,0.3068255199606692,0.11015299658625047,0.8428571428571429,0.36393540579591416,1.0,0.0,0.8571428571428571,0.3499271061118826,1.0,0.0,0.14285714285714285,0.34992710611188255,1.0,0.0,0.14285714285714285,0.34992710611188266,1.0,0.0,0.0038095238095238095,0.06160366334779514,1.0,0.0,0.0,0.0,0.0,0.0,0.0,0.0,0.0,0.0,0.0,0.0,0.0,0.0,0.03996532639089696,0.02412747596197895,0.18584989062997403,0.0022277493686991886,0.03890890705568911,0.010199619256993617,0.06267086906911987,0.028032474368812812,0.15362641351353817,0.06250219054890338,0.25933706897193465,0.04975477219883642,0.1536264029841546,0.06250218377817508,0.25933405230035583,0.04975477219883642,0.19359173990443512,0.06848654839411612,0.43043517084569066,0.056199743896532026,0.19253531003984373,0.0633307727430506,0.2944791764753868,0.08523621653071373,0.0,0.0,0,0,0.0,0.0,0,0,-29.038760985665277,307804,81000,540,13.435581635916606,1.472203533994616,1.5883779131108895,16.49616308302211,1336.8373815906962,80
0.014657161,0.015799299,13.870217,-13.96645,12.1546335,-0.20833111,-40.13732,-13.931822,12.125868,-0.22343445,-40.08336,-13.958253,12.150035,-0.18455517,-40.017788,0.014657161,0.070171304,0.7850005,3.2333816e-09,0.015799299,0.074790895,0.8393467,1.1877263e-07,0.045326844,0.8037593,1.0,-1.0,-0.23127797170911768,0.0688785670195989,-0.09348329792128554,-0.4133329436918853,-34.69169575636765,9.620446658326507,-18.670820042224978,-44.33237460160362,-0.025984846,0.5186039,1.0,-1.0,6,-0.3000946987330506,0.08923618855518409,-0.11810453270397699,-0.5224413907541331,-45.01420480995759,12.69194711281881,-23.22531739003431,-57.42930546712771,-0.03061556124692022,0.5958038297063298,1.0,-1.0,0.22170331932572523,0.062254933870729307,0.29938827699168935,0.05706003625317234,0.22847337496591472,0.06806166152131954,0.2991383974271162,0.08032829399390029,0.7714285714285715,0.41991252733425916,1.0,0.0,0.7142857142857143,0.45175395145262565,1.0,0.0,0.0,0.0,0.0,0.0,0.0,0.0,0.0,0.0,0.0,0.0,0.0,0.0,0.0,0.0,0.0,0.0,0.0009523809523809524,0.030845970934669797,1.0,0.0,0.0,0.0,0.0,0.0,0.03811976184698124,0.028414965518851098,0.21425743691767263,0.006667155475393794,0.0332581456078871,0.022322631615170944,0.06336024070304469,0.007473480678077221,0.1931582098621365,0.05895734405917632,0.25088440057942074,0.08417984555056515,0.1931001810384625,0.059059210331217665,0.2508817930082525,0.08439188939568705,0.23127797170911768,0.0688785670195989,0.4133329436918853,0.09348329792128554,0.22635832664634956,0.05749456606749087,0.27202206448214483,0.13586808626447167,0.0,0.0,0,0,0.0,0.0,0,0,-34.69169575636765,311804,82000,546,14.170822002386558,1.484843172991532,1.7002427584084217,17.35590793378651,1354.1023095654673,81
0.009301268,0.007695061,12.24132,-12.29808,11.04153,0.05675268,-41.06122,-12.365753,11.070871,0.022764772,-41.19575,-12.346277,11.06174,0.0032488294,-41.115463,0.009301268,0.019426588,0.1392394,9.219288e-07,0.0076950607,0.012401033,0.068566106,1.4581299e-06,0.074009165,0.7807851,1.0,-1.0,-0.3018975662464336,0.11265938481868709,-0.09658752068953429,-0.6048208675710719,-45.28463493696503,16.601153364062462,-20.08754719133754,-65.24525295498208,0.029958166,0.6871407,1.0,-1.0,7,-0.24155050496257457,0.10575165524391614,-0.05391781953238286,-0.5246294266834057,-36.23257574438619,14.201573367077629,-11.891625140510765,-51.28951961561553,0.03972924573535171,0.6270735085339848,1.0,-1.0,0.26830873048471104,0.10574445902058516,0.4153179754678248,0.06768522655236135,0.2841993747781231,0.09939481320697383,0.4153179754678248,0.13266381667102173,0.66,0.4737087712930805,1.0,0.0,0.7142857142857143,0.4517539514526256,1.0,0.0,0.0,0.0,0.0,0.0,0.0,0.0,0.0,0.0,0.0,0.0,0.0,0.0,0.0,0.0,0.0,0.0,0.0,0.0,0.0,0.0,0.0,0.0,0.0,0.0,0.049399069178018506,0.028885552502079758,0.21417632073929113,0.005813291749439731,0.04895348743344495,0.019698523559040726,0.07595473423909761,0.016545149896346062,0.2524984970684151,0.10933274731406167,0.39064454683178074,0.09077422894009456,0.25240949669130275,0.10944615485458992,0.39064217396794115,0.09077422894009456,0.3018975662464336,0.11265938481868709,0.6048208675710719,0.09658752068953429,0.30136298412474766,0.10613609783782114,0.42227040145086564,0.13724462901580778,0.0,0.0,0,0,0.0,0.0,0,0,-45.28463493696503,315804,83000,553,14.140312512288801,1.3928895119897788,1.6854489548422862,17.218650979120866,1371.3227581746032,82
0.0055271033,0.009927303,13.581096,-13.772396,11.618968,-0.23570023,-41.177715,-13.778677,11.627703,-0.27275926,-41.30035,-13.757278,11.628722,-0.24581964,-41.20242,0.0055271033,0.0091332905,0.060311273,7.439303e-08,0.009927303,0.035797812,0.3854495,1.4267755e-06,0.033401124,0.78579676,1.0,-1.0,-0.19761831858800635,0.05995937228337049,-0.09947345346118228,-0.3647470945794575,-29.642747788200953,7.974678542202727,-17.497560414011932,-40.310204645868836,-0.0071195313,0.58058757,1.0,-1.0,7,-0.21403086822700906,0.08794766819729215,-0.05759579080508448,-0.47742762635095076,-32.104630234051356,12.37412588779164,-13.497247532547469,-50.565457783560845,0.013490330930670705,0.5970654217011363,1.0,-1.0,0.2003202442009008,0.057983500508934596,0.2898064658593351,0.08868963477542437,0.19863157944779938,0.05691633751002112,0.28241881344981545,0.10620878066789469,0.8628571428571429,0.3439981015609694,1.0,0.0,1.0,0.0,1.0,1.0,0.0,0.0,0.0,0.0,0.0,0.0,0.0,0.0,0.0,0.0,0.0,0.0,0.0,0.0,0.0,0.0,0.0,0.0,0.0,0.0,0.0,0.0,0.0,0.0,0.04026209564523685,0.029445073200110625,0.16698209769277356,0.004078929021309134,0.028839889400774258,0.0166511584129873,0.057234195057633,0.01037349543713484,0.15735622294276946,0.049350262969828085,0.22946758016760116,0.08737393583524687,0.15735620781436027,0.04935026394648673,0.22946437015504118,0.08737393583524687,0.19761831858800635,0.05995937228337049,0.3647470945794575,0.09947345346118228,0.18619609721513455,0.048959051730505056,0.24725954783741277,0.10729179753476263,0.0,0.0,0,0,0.0,0.0,0,0,-29.642747788200953,319804,84000,560,13.972473143643583,1.3962449090031441,1.7166701680689584,17.085388220715686,1388.4554915603221,83
0.0128716715,0.007848939,13.499246,-13.61958,11.759076,-0.14960033,-40.32322,-13.5932865,11.7401085,-0.15531686,-40.227234,-13.607182,11.742702,-0.13429381,-40.330154,0.0128716715,0.030366573,0.21769993,2.5669578e-08,0.007848938,0.022507792,0.23016524,3.274181e-07,0.062922895,0.7861041,1.0,-1.0,-0.23035315134843895,0.11882150607446611,-0.03640305877200803,-0.5825486403739284,-34.55297270226583,17.50058716735097,-6.44828267245018,-63.50409343137265,-0.07996108,0.60431075,1.0,-1.0,6,-0.17290089911474016,0.0739351079193595,-0.06640994386312536,-0.43182590150793426,-25.93513486721102,10.23918351961722,-16.338620420105613,-46.70937657604868,0.13445162715075656,0.5451103171483042,1.0,-1.0,0.23323727042287112,0.09698616291291959,0.41751218108190846,0.0972255555612978,0.24185010547916205,0.09981869844023131,0.41751218108190846,0.10268241631094645,0.9057142857142857,0.2922258003109016,1.0,0.0,1.0,0.0,1.0,1.0,0.14285714285714285,0.3499271061118826,1.0,0.0,0.14285714285714285,0.3499271061118826,1.0,0.0,0.12571428571428572,0.3315270789568066,1.0,0.0,0.14285714285714285,0.3499271061118826,1.0,0.0,0.0,0.0,0.0,0.0,0.0,0.0,0.0,0.0,0.03504389365127385,0.0254659180037426,0.20207709255659462,0.0036923847726187996,0.026973953055765002,0.015442538692267799,0.054490040520829584,0.009650516495173804,0.19530925769716506,0.1075192649007122,0.3804715478173337,0.0233220599713477,0.19530924349947304,0.10751926155902451,0.3804691158666605,0.0233220599713477,0.23035315134843895,0.11882150607446611,0.5825486403739284,0.03640305877200803,0.22228319655523807,0.11603977820786,0.4067128043740826,0.03640305877200803,0.0,0.0,0,0,0.0,0.0,0,0,-34.55297270226583,323804,85000,566,14.04530998141854,1.442344672002946,1.6479386530845659,17.135593306506053,1405.7260561878647,84
0.011088652,0.009620719,13.55005,-13.713085,11.889089,-0.36889273,-39.679794,-13.697196,11.864546,-0.39962626,-39.627983,-13.657218,11.85234,-0.36088434,-39.658497,0.011088652,0.015998479,0.08892531,8.277457e-07,0.009620719,0.019791184,0.14738776,3.617544e-08,-0.009865612,0.7933664,1.0,-1.0,-0.2102406056875082,0.1189101955355583,-0.061727941581850056,-0.49869734537653176,-31.53609085312623,17.686983470500156,-9.485735290542154,-66.58715696209843,-0.05514332,0.4953339,1.0,-1.0,7,-0.16725487406428352,0.06376982759966954,-0.050468934636766605,-0.34231339392419036,-25.088231109642525,8.579480232590887,-13.048425259932905,-35.45149573782872,-0.20773564682186432,0.551009643948147,1.0,-1.0,0.2793751317522017,0.09034704341352467,0.4378040781663251,0.08306617255619343,0.28562452408272465,0.08726906659695037,0.43780406750142076,0.1334679316671538,0.8219047619047619,0.38259289625271214,1.0,0.0,0.8571428571428571,0.3499271061118826,1.0,0.0,0.14285714285714285,0.34992710611188255,1.0,0.0,0.14285714285714285,0.34992710611188266,1.0,0.0,0.0,0.0,0.0,0.0,0.0,0.0,0.0,0.0,0.0,0.0,0.0,0.0,0.0,0.0,0.0,0.0,0.036604263282626594,0.025966185916593013,0.1576532814702671,0.007058649811235868,0.03090985874442916,0.021899522865443683,0.07500728136115796,0.007058649811235868,0.17363634240488157,0.09843230919854809,0.3625485291324833,0.04751036563349762,0.17363633607275014,0.09843230539758181,0.36254633264317354,0.04751036563349762,0.2102406056875082,0.1189101955355583,0.49869734537653176,0.061727941581850056,0.2045461948171793,0.11906990075908062,0.4375536140043315,0.06231060691867618,0.0,0.0,0,0,0.0,0.0,0,0,-31.53609085312623,327804,86000,573,14.086516081282753,1.5775825649907347,1.7570724061952205,17.421171052468708,1423.0873930623347,85
0.00902649,0.010485234,14.70594,-14.830463,12.159036,0.099328786,-39.149208,-14.846237,12.165036,0.07894614,-39.124393,-14.797592,12.148639,0.14739482,-38.91173,0.00902649,0.027501896,0.28258386,3.1507184e-08,0.010485234,0.017885208,0.109470956,1.0591164e-06,0.00336257,0.8007708,1.0,-1.0,-0.23071340985220978,0.09702417772341337,-0.11522428540527327,-0.5810334484716357,-34.60701147783147,14.016228924869635,-19.55075568729744,-65.27717166649846,-0.19046189,0.64663047,1.0,-1.0,7,-0.22901399800926145,0.08268006088010744,-0.06750042202006815,-0.49846479232443963,-34.352099701389214,11.37801279725743,-20.326687000253546,-58.17545942692857,-0.18328907933003408,0.5838324745092529,1.0,-1.0,0.1992936918436382,0.08554996379275374,0.4030002618829579,0.08756524951076812,0.2076826637333482,0.09285022662312188,0.4029940060028912,0.10230595945205477,0.8371428571428572,0.36923528254698385,1.0,0.0,1.0,0.0,1.0,1.0,0.0,0.0,0.0,0.0,0.0,0.0,0.0,0.0,0.0,0.0,0.0,0.0,0.0,0.0,0.0,0.0,0.0,0.0,0.0,0.0,0.0,0.0,0.0,0.0,0.044549819144825926,0.028970140466748957,0.2173158664874226,0.013546179184155247,0.030072493236784077,0.009545715111964902,0.042445650806462225,0.013546179184155247,0.18616359070738386,0.08292248174913466,0.36371758198421317,0.08755387405162154,0.1861635752861495,0.08292248242739966,0.36371568388014125,0.08755387405162154,0.23071340985220978,0.09702417772341337,0.5810334484716357,0.11522428540527327,0.2162360685229336,0.08318747290184257,0.397748603804029,0.11522671059005601,0.0,0.0,0,0,0.0,0.0,0,0,-34.60701147783147,331804,87000,580,12.816475672923843,1.5193431689986028,1.541765599307837,15.877584441230283,1438.9517058775527,86
0.006791074,0.0067379326,14.180798,-14.249194,12.341002,0.26118505,-46.534153,-14.220218,12.315714,0.14709873,-46.50735,-14.231293,12.340823,0.24500683,-46.56838,0.006791074,0.014118872,0.106801584,2.305108e-07,0.006737932,0.009987058,0.05964097,7.2954585e-09,-0.101029046,0.8063283,1.0,-1.0,-0.2662966688145044,0.08914924888421862,-0.1595937407665734,-0.5703778215808565,-39.944500322175664,12.310832350633735,-27.139329000948813,-59.28357150113111,-0.18617232,0.7298238,1.0,-1.0,6,-0.21842679628673375,0.08259524339106267,-0.09859996238501209,-0.4101154148866185,-32.764019443010056,11.923556224238032,-19.886820908473005,-50.46050959808828,-0.04632495964828316,0.5414395508506146,1.0,-1.0,0.22461480508804077,0.06400244882043554,0.3508469478429132,0.11501379809635369,0.23295340367212702,0.0685627728330708,0.3508469478429132,0.15627907695601678,0.8038095238095239,0.3971143075269769,1.0,0.0,1.0,0.0,1.0,1.0,0.0,0.0,0.0,0.0,0.0,0.0,0.0,0.0,0.0,0.0,0.0,0.0,0.0,0.0,0.0,0.0,0.0,0.0,0.0,0.0,0.0,0.0,0.0,0.0,0.04036908741751936,0.03838438818976534,0.23763491739776102,0.004207164190037828,0.018860340235258573,0.015494745867665362,0.05414352716059832,0.006678566893596298,0.22592758139698507,0.06895304121706299,0.3327429041830955,0.14623444237383101,0.22592756954388118,0.06895304722137172,0.332742027524554,0.14623444237383101,0.2662966688145044,0.08914924888421862,0.5703778215808565,0.1595937407665734,0.24478790977913975,0.07337014435347594,0.3562809528390238,0.1647114263757656,0.0,0.0,0,0,0.0,0.0,0,0,-39.944500322175664,335804,88000,586,13.247818141171592,1.505122520000441,1.5759281900682254,16.32886885124026,1455.2474062737892,87
0.0050870306,0.0067010233,13.598928,-13.699791,12.62492,-0.18848866,-42.476265,-13.692862,12.601948,-0.1698837,-42.430546,-13.713287,12.617975,-0.21502362,-42.551678,0.0050870306,0.0131001,0.12278014,2.0262087e-07,0.0067010233,0.0127370935,0.108203664,3.606216e-08,0.07886204,0.8206145,1.0,-1.0,-0.18788897935550564,0.07004802288048044,-0.09451781160213019,-0.4334339215801458,-28.183346903325855,9.906070322839106,-16.355274442826417,-43.71248205638919,-0.117795125,0.62025356,1.0,-1.0,7,-0.23952198654401946,0.08257305125548682,-0.09234282955682449,-0.4901386313370305,-35.92829798160292,10.639134184584485,-19.95890667467144,-51.24385307604461,-0.02368779114083001,0.6346741659509938,1.0,-1.0,0.20073744081044242,0.05015196030460895,0.26229255654256894,0.06689824240221302,0.2108477876418048,0.04821501170674329,0.26024517173738776,0.10308195653931122,0.8771428571428571,0.3282731565421128,1.0,0.0,1.0,0.0,1.0,1.0,0.0,0.0,0.0,0.0,0.0,0.0,0.0,0.0,0.0,0.0,0.0,0.0,0.0,0.0,0.0,0.0,0.0,0.0,0.0,0.0,0.0,0.0,0.0,0.0,0.03756925597731104,0.024192150434408845,0.17902175419087296,0.005718086093059771,0.034526191580157135,0.011857869764818138,0.04630428290076854,0.013717438018276974,0.1503197233781946,0.06312676702618705,0.25441216738927286,0.08100970962383719,0.1497037825869736,0.06351760368292293,0.2544105807651904,0.08100970962383719,0.18788897935550564,0.07004802288048044,0.4334339215801458,0.09451781160213019,0.18422997416713072,0.07017330988630649,0.2961098236590436,0.10638055070738082,0.0,0.0,0,0,0.0,0.0,0,0,-28.183346903325855,339804,89000,593,12.80409874592442,1.4716045139939524,1.5870036190317478,15.86270687895012,1471.1487108547444,88
0.009264108,0.008509826,14.092557,-14.096914,12.707694,-0.31841546,-43.180214,-14.120306,12.703835,-0.34496275,-43.28041,-14.153809,12.726831,-0.3708398,-43.334965,0.009264109,0.014232319,0.075440794,9.392934e-09,0.008509826,0.015978856,0.10520687,2.1993225e-07,0.030409802,0.8182786,1.0,-1.0,-0.211557954546413,0.10105757436283101,-0.037916273075305526,-0.5179150233394264,-31.733693181961947,14.584068478288907,-10.868881979046208,-58.34868854185598,-0.14686264,0.5992147,1.0,-1.0,7,-0.2429933601966336,0.0875322224995921,-0.07434571346700704,-0.4980699818316706,-36.44900402949503,12.67988713790871,-14.96958061330885,-55.77423679803935,-0.058497417056908134,0.5401437424912241,1.0,-1.0,0.25749934755384246,0.061917938618586174,0.3468665711765804,0.1084420317474248,0.2626370533118715,0.06132148277777377,0.3449003221921939,0.1630783736272875,0.8695238095238095,0.3368265936576435,1.0,0.0,1.0,0.0,1.0,1.0,0.14285714285714285,0.34992710611188255,1.0,0.0,0.14285714285714285,0.34992710611188266,1.0,0.0,0.08,0.2712931993250107,1.0,0.0,0.14285714285714285,0.34992710611188266,1.0,0.0,0.0,0.0,0.0,0.0,0.0,0.0,0.0,0.0,0.04248509825504974,0.03237004329336186,0.20496693531587576,0.01043773360271367,0.030837265269865716,0.01696419239446458,0.056345711461371434,0.011448096719822928,0.16907285629136323,0.08947486093355836,0.31709210460212156,0.019674367458183965,0.16907284816561555,0.08947485451624138,0.3170899607861777,0.019674367458183965,0.211557954546413,0.10105757436283101,0.5179150233394264,0.037916273075305526,0.19991011343548123,0.09450739363385353,0.3398265337518286,0.037916273075305526,0.0,0.0,0,0,0.0,0.0,0,0,-31.733693181961947,343804,90000,600,13.0140698368632,1.5107700850057881,1.598203777874005,16.123043699742993,1487.2914260535035,89
0.009042147,0.008026663,12.5494175,-12.632032,11.425834,-0.14059168,-41.6532,-12.632684,11.454945,-0.09670937,-41.71261,-12.657138,11.4582615,-0.0806919,-41.690388,0.009042147,0.02293708,0.22607496,1.686843e-08,0.008026663,0.013882783,0.09974874,4.6041555e-07,-0.04858215,0.81189007,1.0,-1.0,-0.22697572954246462,0.06966859955773338,-0.08741807511835213,-0.43080645949249563,-34.04635943136969,10.184453949086,-13.952827701523022,-48.81975468223034,-0.14713898,0.4767257,1.0,-1.0,6,-0.23836925929305033,0.09191428024879666,-0.07178907428497695,-0.5352157213500156,-35.75538889395756,13.17384808994787,-14.857340062051083,-59.92355419223867,0.0555325670693675,0.5538755508661853,1.0,-1.0,0.2457927098410838,0.049636566561312434,0.34454224168343117,0.13395441358934457,0.2507723617969347,0.04476049226428898,0.34454220888490483,0.1993713921483708,0.9504761904761905,0.21695898647914758,1.0,0.0,1.0,0.0,1.0,1.0,0.0,0.0,0.0,0.0,0.0,0.0,0.0,0.0,0.0,0.0,0.0,0.0,0.0,0.0,0.0,0.0,0.0,0.0,0.0,0.0,0.0,0.0,0.0,0.0,0.03520400124985656,0.018574835862680352,0.18109869217431795,0.005966348392194275,0.028827050966932895,0.014645659877942165,0.05713075233907793,0.007972933402724983,0.19177172829260805,0.06053540329200371,0.26787209531811873,0.0659589197517077,0.19177171480535257,0.06053539972898062,0.2678691285971828,0.0659589197517077,0.22697572954246462,0.06966859955773338,0.43080645949249563,0.08741807511835213,0.22059876577228543,0.06905565404081081,0.32499988093626075,0.09133731842324419,0.0,0.0,0,0,0.0,0.0,0,0,-34.04635943136969,347804,91000,606,13.838828846040997,1.530634287992143,1.6245983456174145,16.994061479650554,1504.2740719271387,90
0.009090977,0.0110008735,13.919716,-14.065421,12.243823,0.22598451,-40.989838,-14.098211,12.260847,0.25434244,-41.019966,-14.079899,12.231874,0.17977896,-40.945206,0.009090977,0.017431403,0.11898373,1.8387514e-10,0.0110008735,0.020278696,0.14267087,4.942855e-10,0.14305337,0.7829455,1.0,-1.0,-0.24216724145754917,0.08376027646525934,-0.03752593315774997,-0.4673883271366221,-36.32508621863238,11.763755417469143,-12.055353593450784,-47.203412274543936,0.11737695,0.6787538,1.0,-1.0,7,-0.16364181671887637,0.07097958037883027,-0.07518186694890616,-0.4056391845457989,-24.546272507831453,9.587520435482379,-15.132034719198915,-42.46359111086468,0.016688247985039165,0.5369520396783337,1.0,-1.0,0.21440935151516927,0.09050100822294166,0.3074336868774424,0.04691375425242015,0.23042637434275795,0.0920456680369154,0.3074336868774424,0.053889141648303863,0.7695238095238095,0.4211376450755421,1.0,0.0,1.0,0.0,1.0,1.0,0.11333333333333333,0.31699982474583305,1.0,0.0,0.14285714285714285,0.3499271061118826,1.0,0.0,0.06190476190476191,0.2409824938834285,1.0,0.0,0.14285714285714285,0.3499271061118826,1.0,0.0,0.08666666666666667,0.28134597128012256,1.0,0.0,0.14285714285714285,0.3499271061118826,1.0,0.0,0.047965560747218396,0.03016955182063783,0.218634502189846,0.004211498389788955,0.038171648335639505,0.010416307247442184,0.05246790888902222,0.023184746662347832,0.1942016807103308,0.07821287021379848,0.2684852469934457,0.030190240474715156,0.19320554117538657,0.08039987154391691,0.2684831912661702,0.03185931109931686,0.24216724145754917,0.08376027646525934,0.4673883271366221,0.03752593315774997,0.2313771895110261,0.0884267515821927,0.31399679781375367,0.05843527509015044,0.0,0.0,0,0,0.0,0.0,0,0,-36.32508621863238,351804,92000,613,13.158621319482336,1.5190124479995575,1.6123361882055178,16.28996995568741,1520.5591069408256,91
0.009727619,0.0094764205,14.044508,-14.119848,12.247531,-0.09462869,-39.039642,-14.121815,12.257788,-0.10453367,-39.08418,-14.180944,12.278573,-0.13862592,-39.186794,0.00972762,0.019609602,0.14501609,1.0982387e-06,0.0094764205,0.020361044,0.1497521,4.7279173e-08,0.105423085,0.80576235,1.0,-1.0,-0.23054302337041066,0.07728807341934024,-0.14032708409917746,-0.48714722629538565,-34.581453505561605,11.108815511383469,-23.606583511460652,-51.171148687748214,0.21243276,0.596725,1.0,-1.0,7,-0.2036180453607687,0.06708912591129441,-0.09268663392384405,-0.426052840258351,-30.542706804115312,9.542728979475706,-18.988160668487165,-50.45076473708092,0.023989603008283407,0.5263259796535164,1.0,-1.0,0.23610145280585,0.07524879670830925,0.34108784629754907,0.07814501140751522,0.2527774482729184,0.06727144726142346,0.3355638898601462,0.1485063434983002,0.8285714285714286,0.3768830273792263,1.0,0.0,1.0,0.0,1.0,1.0,0.0,0.0,0.0,0.0,0.0,0.0,0.0,0.0,0.0,0.0,0.0,0.0,0.0,0.0,0.0,0.0,0.0,0.0,0.0,0.0,0.0,0.0,0.0,0.0,0.04682304459907248,0.024557111598823272,0.20665420511373916,0.018994594784962397,0.03404547236825394,0.014028204198815298,0.05424204605576512,0.019155015955305093,0.18371997877133814,0.0736913054033198,0.28423694336056154,0.11036427104502623,0.18371997041708696,0.07369130082137186,0.28423400172507585,0.11036427104502623,0.23054302337041066,0.07728807341934024,0.48714722629538565,0.14032708409917746,0.21776544278534088,0.07054937330143828,0.3143524019686244,0.14526661372618804,0.0,0.0,0,0,0.0,0.0,0,0,-34.581453505561605,355804,93000,620,13.843795190914534,1.5145679350098362,1.6697806167940143,17.028143742718385,1537.6826001365698,92
0.019028645,0.017821083,14.584084,-14.604113,12.619966,0.31372213,-47.578728,-14.617458,12.645245,0.28504518,-47.661842,-14.653638,12.6769905,0.33810577,-48.48113,0.019028645,0.0741374,0.81432754,8.995178e-07,0.017821085,0.062387828,0.67123014,2.7932913e-08,0.13903813,0.79135543,1.0,-1.0,-0.2238588741622039,0.09307204035485665,-0.056488228296343326,-0.5028458863832714,-33.578831124330584,13.795102754111895,-11.793358678856194,-58.66670791535651,-0.0021486282,0.49576232,1.0,-1.0,6,-0.17535390311683227,0.09568055338236807,-0.051226417912454865,-0.4452510375157236,-26.30308546752484,13.850850639168788,-11.888634206751133,-51.83747957802459,0.14010149054163415,0.4877935003021712,1.0,-1.0,0.2571779187709857,0.07134462604655259,0.39339688669783557,0.12031031486636075,0.2622818259089209,0.07547874072543014,0.39339688669783557,0.15520022925466143,0.9542857142857143,0.20886476437139503,1.0,0.0,1.0,0.0,1.0,1.0,0.14285714285714285,0.3499271061118826,1.0,0.0,0.14285714285714285,0.3499271061118826,1.0,0.0,0.0009523809523809524,0.030845970934669804,1.0,0.0,0.0,0.0,0.0,0.0,0.0,0.0,0.0,0.0,0.0,0.0,0.0,0.0,0.033335916132159714,0.017046820170870013,0.20496647657137015,0.0036565582203983587,0.03349963589596389,0.0088877079457644,0.04664698655609373,0.016174170884795062,0.19052295803004415,0.08605134863986813,0.33993966427866185,0.04475228763313198,0.1905229454246685,0.08605134339027609,0.3399371753420245,0.04475228763313198,0.2238588741622039,0.09307204035485665,0.5028458863832714,0.056488228296343326,0.22402258132063244,0.08799080420475204,0.37580050862660985,0.07872480301838908,0.0,0.0,0,0,0.0,0.0,0,0,-33.578831124330584,359804,94000,626,13.816807564071496,1.61022854600742,1.6391373160440708,17.066173426122987,1554.6504519126902,93
0.009960869,0.008248909,12.032635,-12.127025,11.124391,-0.3117873,-36.965458,-12.1289425,11.122437,-0.32149333,-36.666317,-12.1337185,11.144489,-0.29600772,-36.993633,0.009960869,0.018339282,0.11930896,2.1470852e-07,0.008248908,0.015431483,0.10713595,3.214518e-08,0.027615156,0.7926252,1.0,-1.0,-0.21089364645157177,0.06755919017140152,-0.12206264948715867,-0.4771780870748481,-31.63404696773578,9.58280164287086,-19.56528093247298,-48.90908479827883,-0.044780426,0.57086647,1.0,-1.0,7,-0.2108642000007313,0.11242770663501328,-0.023996872909641184,-0.4528742497715308,-31.6296300001097,15.867466539586166,-6.704579263352655,-55.096658947348935,0.05194430780341146,0.6049754808132837,1.0,-1.0,0.2069949999596381,0.06491424158558605,0.3071842752032261,0.07044952134611139,0.21288660202202517,0.07018415015716555,0.3071842752032261,0.07068683796296608,0.8952380952380953,0.3062463845869243,1.0,0.0,1.0,0.0,1.0,1.0,0.0,0.0,0.0,0.0,0.0,0.0,0.0,0.0,0.0,0.0,0.0,0.0,0.0,0.0,0.0,0.0,0.0,0.0,0.0,0.0,0.0,0.0,0.0,0.0,0.03534693653363374,0.02576519342941223,0.20733844147464045,0.00195642323947546,0.031246679406848547,0.012213211761790101,0.0568766276789563,0.01763334124698693,0.17554670991793808,0.05457011808797036,0.2698396456002077,0.10370866346318452,0.17558388881466627,0.05452349569778512,0.2698389602900902,0.11065150657842145,0.21089364645157177,0.06755919017140152,0.4771780870748481,0.12206264948715867,0.2068305682215148,0.05690722373733744,0.2996780191115965,0.13397447297387363,0.0,0.0,0,0,0.0,0.0,0,0,-31.63404696773578,363804,95000,633,12.791959350186517,1.512127188994782,1.5557686249085236,15.859855164089822,1570.5450548878143,94
0.0063658585,0.0073201153,14.357094,-14.468259,12.68922,0.02851522,-42.769447,-14.496248,12.7132435,0.007451147,-42.877754,-14.472909,12.687663,-0.012080107,-42.601105,0.006365858,0.012022084,0.09956689,3.5570345e-06,0.0073201153,0.012457504,0.076534934,1.814584e-06,0.008443907,0.80626994,1.0,-1.0,-0.2687422369640877,0.08586018271000975,-0.12348154959689511,-0.4969209145903243,-40.311335544613144,12.040251643373484,-23.334007871133572,-56.856257596801676,-0.204579,0.7826005,1.0,-1.0,7,-0.2307798545189438,0.08815448399136983,-0.07668845952695397,-0.4706746337832308,-34.61697817784157,12.499095775893425,-14.96125782973159,-51.963462252961214,0.016870243100743226,0.5821331667076884,1.0,-1.0,0.24291297316241978,0.08940131000227172,0.3895350671502129,0.04778964952662734,0.25579508932870126,0.07634440034344318,0.3822141757780972,0.14780069341680874,0.638095238095238,0.4805514594873472,1.0,0.0,0.8571428571428571,0.3499271061118826,1.0,0.0,0.0,0.0,0.0,0.0,0.0,0.0,0.0,0.0,0.0,0.0,0.0,0.0,0.0,0.0,0.0,0.0,0.03142857142857143,0.17447296732310888,1.0,0.0,0.0,0.0,0.0,0.0,0.05548105655760521,0.036966036333110026,0.24521365981073567,0.008504292533318265,0.04191338151912159,0.01753442728553933,0.07710816717242912,0.02422141233356146,0.21326118040648248,0.06619428208248705,0.3196060876807192,0.10149396019040376,0.21336779071289538,0.06602365826415757,0.31960460388538564,0.1119333894786863,0.2687422369640877,0.08586018271000975,0.4969209145903243,0.12348154959689511,0.2552811722320169,0.0774773696474086,0.37737229906399766,0.14749074866401274,0.0,0.0,0,0,0.0,0.0,0,0,-40.311335544613144,367804,96000,640,12.953350229930948,1.546412388997851,1.5549234441423323,16.05468606307113,1586.5796111738891,95
0.008019416,0.006474474,14.135862,-14.254057,12.361962,0.18147016,-38.528034,-14.246648,12.364262,0.16289064,-38.56859,-14.251789,12.366255,0.19965513,-38.667885,0.008019415,0.015438078,0.091212094,1.537046e-08,0.0064744744,0.012104473,0.07344819,3.925078e-07,0.20579916,0.7919114,1.0,-1.0,-0.19461508711533,0.07319619502930436,-0.07334877901681341,-0.4031758464883005,-29.192263067299503,10.618962315048853,-13.394235337577822,-46.61139963161563,-0.096771345,0.5566778,1.0,-1.0,6,-0.27212431944225957,0.06818317163820461,-0.1372518696992523,-0.5537042120143209,-40.81864791633894,9.596121587196967,-29.251260403057806,-57.35642866589229,0.018474724512093213,0.5568524808493116,1.0,-1.0,0.21561713655587528,0.06121136226027385,0.3378419445710287,0.10299441845798496,0.2174243848593827,0.06132604239182361,0.32854137240162007,0.12159283065539914,0.9371428571428572,0.24270583521823205,1.0,0.0,1.0,0.0,1.0,1.0,0.14285714285714285,0.34992710611188255,1.0,0.0,0.14285714285714285,0.3499271061118826,1.0,0.0,0.0,0.0,0.0,0.0,0.0,0.0,0.0,0.0,0.0,0.0,0.0,0.0,0.0,0.0,0.0,0.0,0.030743810897043797,0.020303315599918124,0.18325888360035691,0.005092192399151749,0.023961774840066202,0.009168377264302894,0.04444197598335319,0.014630509310972966,0.1638712762182862,0.06920764539859002,0.28043149482381996,0.05683013662240469,0.16387126127468812,0.06920764378951187,0.28042853630572817,0.05683013662240469,0.19461508711533,0.07319619502930436,0.4031758464883005,0.07334877901681341,0.18783303611475435,0.0734714884113946,0.30495941031756435,0.07363758021714881,0.0,0.0,0,0,0.0,0.0,0,0,-29.192263067299503,371804,97000,646,13.120726019857102,1.5269833950005705,1.5944834870751947,16.242192901932867,1602.7542723587976,96
0.006452507,0.0057453834,12.905866,-12.923706,11.821777,0.1844905,-40.252254,-12.973378,11.835355,0.1343455,-40.485218,-12.961551,11.838492,0.115849026,-40.42432,0.0064525073,0.010780233,0.055403825,6.314826e-08,0.005745383,0.011084911,0.08108065,5.672979e-08,0.09638813,0.80870175,1.0,-1.0,-0.23075123292438834,0.06094897102014749,-0.12747824496390808,-0.4341285412757244,-34.61268493865827,8.299861883506134,-21.40352134423724,-48.93639901870199,0.059937477,0.4989515,1.0,-1.0,7,-0.17201132947875505,0.05377745364815332,-0.077973041865909,-0.378389432260576,-25.80169942181326,7.692716313582311,-13.889279592761726,-34.893852032761444,0.005624981730448513,0.4947377402812816,1.0,-1.0,0.23661013465678518,0.06162569260398735,0.3344973853170128,0.09101325798101197,0.24870166590862933,0.05807027973374992,0.3344973853170128,0.15091694000356434,0.8323809523809523,0.37352764622492274,1.0,0.0,1.0,0.0,1.0,1.0,0.0,0.0,0.0,0.0,0.0,0.0,0.0,0.0,0.0,0.0,0.0,0.0,0.0,0.0,0.0,0.0,0.0,0.0,0.0,0.0,0.0,0.0,0.0,0.0,0.04041190066011986,0.027524552237757186,0.16992855901102816,0.00883984575515825,0.030538732733103344,0.010726376792338479,0.0488306498845718,0.013196623699500882,0.19033933226426852,0.04930069775952335,0.27198777015008274,0.11452845903895675,0.1903393191960288,0.04930069720836768,0.27198462856465766,0.11452845903895675,0.23075123292438834,0.06094897102014749,0.4341285412757244,0.12747824496390808,0.2208780519291322,0.05404141526121976,0.32081527844922947,0.14415925976138816,0.0,0.0,0,0,0.0,0.0,0,0,-34.61268493865827,375804,98000,653,12.844829252077034,1.4594082159892423,1.5726604429946747,15.87689791106095,1618.603909268888,97
0.0035178107,0.0031539383,14.217177,-14.287611,12.224594,0.34045088,-41.40529,-14.271582,12.21806,0.41792402,-41.432938,-14.277808,12.212839,0.39873374,-41.480095,0.003517811,0.006072639,0.043445967,1.0309058e-06,0.0031539383,0.0053249057,0.02776962,9.2777555e-09,-0.06569168,0.8067023,1.0,-1.0,-0.1908712307307556,0.09154090708342925,-0.04471744078421267,-0.4746848044911949,-28.630684609613336,13.33965422578456,-7.447687766329441,-48.30724556984715,0.10421197,0.6243951,1.0,-1.0,7,-0.21954972431154635,0.06724013059461778,-0.07950491579603428,-0.42575354111044966,-32.93245864673196,9.306908166789768,-15.737442124863723,-46.266561552200095,0.04010247295551104,0.5317203768909379,1.0,-1.0,0.2394967804190636,0.08158087332127614,0.3432681984453398,0.038512408428197406,0.2448489810824697,0.08516076053473488,0.32222904566121885,0.06394988146746317,0.800952380952381,0.39928393957069325,1.0,0.0,1.0,0.0,1.0,1.0,0.14285714285714285,0.34992710611188255,1.0,0.0,0.14285714285714285,0.34992710611188266,1.0,0.0,0.13714285714285715,0.3439981015609694,1.0,0.0,0.14285714285714285,0.34992710611188266,1.0,0.0,0.0038095238095238095,0.061603663347795136,1.0,0.0,0.0,0.0,0.0,0.0,0.04626664647075847,0.025799784469426976,0.21251781280654217,0.01201294688098612,0.03894749314235696,0.011778235086505072,0.053812741937287,0.016662931537446385,0.14460458425999712,0.07803416511832753,0.26216699168465274,0.029099532557391734,0.144520539387689,0.07815198382226621,0.2621638343145897,0.029202634453760142,0.1908712307307556,0.09154090708342925,0.4746848044911949,0.04471744078421267,0.18346803253004598,0.08302695253206276,0.30242538540212316,0.04586556599120653,0.0,0.0,0,0,0.0,0.0,0,0,-28.630684609613336,379804,99000,660,12.807630952011095,1.4319807390129426,1.5334222551900893,15.773033946214127,1634.496684785132,98
0.008009708,0.008127309,14.298817,-14.357807,12.229075,0.26853427,-38.19608,-14.347677,12.248212,0.32795566,-38.295074,-14.333073,12.249765,0.32247943,-38.440655,0.008009708,0.01679246,0.1423814,5.820766e-11,0.008127309,0.015360094,0.119504385,2.4592737e-07,0.11877111,0.836467,1.0,-1.0,-0.21689084772301565,0.08843984098669881,-0.09993315493688543,-0.5186298106018812,-32.53362715845235,12.64979798101125,-15.520935406077209,-56.352604078615435,0.1828472,0.4610627,1.0,-1.0,6,-0.2454035163753756,0.062299781405544055,-0.10819547633895266,-0.4277730600086023,-36.810527456306325,8.700206006523596,-19.33355442380624,-46.249686518085866,0.02784046509005797,0.5141124219981105,1.0,-1.0,0.25764391873729664,0.043593330606634305,0.356666468806017,0.16035517653758552,0.26613080928224625,0.04338942263018043,0.3530874709140543,0.21155736922758492,0.8695238095238095,0.3368265936576435,1.0,0.0,1.0,0.0,1.0,1.0,0.0,0.0,0.0,0.0,0.0,0.0,0.0,0.0,0.0,0.0,0.0,0.0,0.0,0.0,0.0,0.0,0.0,0.0,0.0,0.0,0.0,0.0,0.0,0.0,0.038266983421880896,0.029750558657547246,0.2025498286057649,0.0026671823067461707,0.03000867628602109,0.007714716484958143,0.04379936945782095,0.02125645097953377,0.17862386430113475,0.07537364613273752,0.31607998199611625,0.07497936854058734,0.1786238508161588,0.07537364044759302,0.3160778272020467,0.07497936854058734,0.21689084772301565,0.08843984098669881,0.5186298106018812,0.09993315493688543,0.20863252710217986,0.07904736006542758,0.3488233185403985,0.10162381908107725,0.0,0.0,0,0,0.0,0.0,0,0,-32.53362715845235,383804,100000,666,14.021045734320069,1.553389168009744,1.669093729738961,17.243528632068774,1651.717331004198,99
0.002716711,0.0045469753,14.312002,-14.440428,12.016502,0.3062265,-39.408432,-14.465643,12.014461,0.31664786,-39.436203,-14.437317,12.010647,0.33044496,-39.452606,0.0027167108,0.00457235,0.028233368,1.2450982e-07,0.0045469753,0.007257539,0.043429274,1.5465193e-06,0.18998277,0.78140414,1.0,-1.0,-0.23326643951745676,0.08412086222789483,-0.09880641129879039,-0.46695258663285344,-34.989965927618506,12.27206976151467,-16.69494733053693,-52.652132155157304,-0.05938454,0.5699199,1.0,-1.0,7,-0.24524191558117156,0.08899062956649409,-0.10621480416757728,-0.48988703747479245,-36.78628733717574,12.606234284953501,-22.457300363377172,-61.211363807090244,0.042924768366619084,0.6341659762249758,1.0,-1.0,0.2897242764041473,0.08770949728059381,0.38831673559386193,0.12258815327715508,0.2983813010653587,0.08967269395797388,0.3883166151580608,0.12361058303750967,0.9257142857142857,0.2622352892704861,1.0,0.0,1.0,0.0,1.0,1.0,0.0,0.0,0.0,0.0,0.0,0.0,0.0,0.0,0.0,0.0,0.0,0.0,0.0,0.0,0.0,0.0,0.0,0.0,0.0,0.0,0.0,0.0,0.0,0.0,0.033973266794114255,0.021209406735113855,0.19108756631130502,0.011223344549717313,0.028807074280326004,0.0064711970022758546,0.03628655963236741,0.017789050436412532,0.19929317272334252,0.07753407997010138,0.31871792748381755,0.07688003354341971,0.1992931614391716,0.07753407367444069,0.31871543126597657,0.07688003354341971,0.23326643951745676,0.08412086222789483,0.46695258663285344,0.09880641129879039,0.2281002357194976,0.07694529946279767,0.34366847012946905,0.10787356344360398,0.0,0.0,0,0,0.0,0.0,0,0,-34.989965927618506,387804,101000,673,12.869673244058504,1.5290880389948143,1.5572713181900326,15.95603260124335,1667.673582621428,100
0.0075895027,0.006844322,14.286761,-14.355271,12.291561,0.24842998,-42.256123,-14.366627,12.294248,0.26652744,-42.348892,-14.389454,12.293591,0.2595151,-42.261417,0.007589503,0.017636186,0.17067781,8.71697e-07,0.0068443227,0.01177374,0.076345086,6.5440696e-07,-0.054457184,0.81281275,1.0,-1.0,-0.21785162744565653,0.07691832446791726,-0.13447904087166898,-0.5062005092164176,-32.67774411684847,11.031671418932197,-21.817258429883783,-54.206148564558085,-0.008229588,0.477467,1.0,-1.0,7,-0.2108377634569511,0.07662701253135559,-0.024235889556526474,-0.38416514886621156,-31.62566451854266,10.56384927146966,-18.450842234346872,-44.19402734705493,0.03077765588003906,0.5488990718478975,1.0,-1.0,0.23227625398718665,0.07927474019450469,0.34070204618820976,0.06465120290953442,0.2431719231427103,0.07708356648271036,0.34070204618820976,0.1272940009007378,0.8838095238095238,0.32045319382572324,1.0,0.0,1.0,0.0,1.0,1.0,0.0,0.0,0.0,0.0,0.0,0.0,0.0,0.0,0.0,0.0,0.0,0.0,0.0,0.0,0.0,0.0,0.0,0.0,0.0,0.0,0.0,0.0,0.0,0.0,0.03682832053402887,0.026800232431297522,0.2066528628018686,0.011292583103426337,0.028397890124525874,0.008514837240555068,0.04075591278668607,0.012897885911756023,0.18102330691162766,0.06718798974025521,0.29954764641454895,0.07366065864685148,0.18128894773053683,0.06684899823096704,0.29954542898598147,0.11255259086412742,0.21785162744565653,0.07691832446791726,0.5062005092164176,0.13447904087166898,0.20968683785506273,0.06570083495330716,0.32422475469784795,0.13903540027150996,0.0,0.0,0,0,0.0,0.0,0,0,-32.67774411684847,391804,102000,680,13.588496969256084,1.530062887002714,1.6305706719576847,16.749130528216483,1697.482456449652,101
0.007587106,0.014235571,12.960451,-12.998337,11.260211,-0.044219136,-36.770523,-13.060911,11.294608,-0.056585103,-36.976566,-13.017071,11.278022,-0.026615836,-36.90195,0.007587106,0.018476726,0.1717642,5.549339e-07,0.01423557,0.028881462,0.18802091,1.1245038e-06,-0.0873902,0.78492147,1.0,-1.0,-0.20868589721916983,0.08864815884708033,-0.04101188848889084,-0.37755296167324115,-31.302884582875475,12.929740880320036,-7.042728060511697,-47.5115563211228,0.03762371,0.5417554,1.0,-1.0,6,-0.26281837416582887,0.08017900382375098,-0.08472855452604225,-0.4958715603628491,-39.42275612487433,11.10273358524233,-20.28769022506041,-53.27856656011033,0.003837400121364113,0.5779378520702922,1.0,-1.0,0.28053258721488833,0.06533049576956108,0.380058528899321,0.1249831804574567,0.286420158255988,0.06347186139447121,0.380058528899321,0.19288618128287258,0.8828571428571429,0.3215904354349881,1.0,0.0,1.0,0.0,1.0,1.0,0.14285714285714285,0.3499271061118826,1.0,0.0,0.14285714285714285,0.3499271061118826,1.0,0.0,0.1380952380952381,0.34499991784152295,1.0,0.0,0.14285714285714285,0.3499271061118826,1.0,0.0,0.0,0.0,0.0,0.0,0.0,0.0,0.0,0.0,0.03299342451433095,0.02414585884251751,0.19648533087809344,0.0055243514884151836,0.02633892936749935,0.008937980057262915,0.04228947313245659,0.012683539511778745,0.1756924727048389,0.08143114306423241,0.29360925529058735,0.031672606740823124,0.17569246142426365,0.081431135372096,0.2936061019567069,0.031672606740823124,0.20868589721916983,0.08864815884708033,0.37755296167324115,0.04101188848889084,0.202031390791763,0.08235343870123937,0.31128234105223435,0.04435614625260187,0.0,0.0,0,0,0.0,0.0,0,0,-31.302884582875475,395804,103000,686,15.472405951251858,1.5315749860019423,1.8862111081689363,18.890192045422737,1716.8724452430615,102
0.0077387113,0.0054802084,12.712217,-12.793655,11.150739,-0.43021682,-39.537113,-12.80387,11.165022,-0.36666742,-39.578636,-12.791613,11.16593,-0.4068451,-39.520054,0.007738711,0.021366892,0.21186684,1.8859282e-08,0.0054802084,0.0120465,0.08189027,5.0655217e-08,-0.0034616385,0.7823179,1.0,-1.0,-0.21082167115303677,0.05953376838955557,-0.10094230311650688,-0.4188122955611754,-31.623250672955518,8.287064056453694,-18.480559392821014,-42.7428534786173,-0.027940737,0.58726954,1.0,-1.0,7,-0.27529037933016764,0.08838971433189995,-0.16163609849337351,-0.5802798557288177,-41.29355689952514,12.379540486996088,-27.489713021670507,-62.630648060011545,0.013754414295201122,0.6414808280289039,1.0,-1.0,0.21856241760089098,0.05689925564975317,0.30082483683391537,0.09035355977633926,0.21897515952380792,0.06051374210733993,0.2896098306347857,0.12310092171254623,0.9076190476190477,0.28956296727679215,1.0,0.0,1.0,0.0,1.0,1.0,0.0,0.0,0.0,0.0,0.0,0.0,0.0,0.0,0.0,0.0,0.0,0.0,0.0,0.0,0.0,0.0,0.0,0.0,0.0,0.0,0.0,0.0,0.0,0.0,0.033798360501048536,0.02568316407233722,0.18053296601913393,0.007397199270267825,0.02557261870463987,0.010880246382758484,0.03938996714426445,0.008680638163914959,0.17702331065198817,0.05032884122161377,0.238281305952383,0.08619684993446977,0.17702329220463978,0.05032884129580974,0.23827932954204128,0.08619684993446977,0.21082167115303677,0.05953376838955557,0.4188122955611754,0.10094230311650688,0.20259591090927964,0.05589627546182167,0.2666483040342361,0.1011254155891733,0.0,0.0,0,0,0.0,0.0,0,0,-31.623250672955518,399804,104000,693,13.822761409115628,2.0322115880117053,1.6517018806625856,17.50667487778992,1733.7530414158537,103
0.011943836,0.007319617,13.548152,-13.695499,11.69207,0.037791222,-42.23602,-13.671836,11.6834345,0.03699535,-42.20788,-13.617865,11.653028,0.06210103,-42.09774,0.011943837,0.015962765,0.09951635,1.0700114e-05,0.007319617,0.01402323,0.1064889,4.223716e-08,0.099513434,0.78496116,1.0,-1.0,-0.25807128323713,0.07223711118195152,-0.11927533373189154,-0.4874354372007849,-38.71069248556949,10.581146823850421,-21.451531382483623,-58.31766526363617,-0.18672429,0.5862705,1.0,-1.0,7,-0.16027631817160923,0.06967063271553467,-0.060736051695178525,-0.3731697607447714,-24.041447725741374,9.807981850265483,-11.557012807272987,-41.555803493331126,0.0008491657707903162,0.5075020907505937,1.0,-1.0,0.25428355457569835,0.09421916690786178,0.4128992320351364,0.09361927271580953,0.25844400387798655,0.09168838233890647,0.4128992278305184,0.1225126031098602,0.9485714285714286,0.22087026388671643,1.0,0.0,1.0,0.0,1.0,1.0,0.0,0.0,0.0,0.0,0.0,0.0,0.0,0.0,0.0,0.0,0.0,0.0,0.0,0.0,0.0,0.0,0.0,0.0,0.0,0.0,0.0,0.0,0.0,0.0,0.028593238942031543,0.02068622137362782,0.183517877445488,0.0031078056274899688,0.025837593163661663,0.013770474764075126,0.05596211295801783,0.011969029755011218,0.22947804429509852,0.0737900032185647,0.36055307520071495,0.11414590022739712,0.22947803302412764,0.07379000174852525,0.36055059935424516,0.11414590022739714,0.25807128323713,0.07223711118195152,0.4874354372007849,0.11927533373189154,0.25531562618778925,0.07333166423032103,0.3912431846252488,0.13307404635130354,0.0,0.0,0,0,0.0,0.0,0,0,-38.71069248556949,403804,105000,700,14.10578913432255,1.4057285730086733,1.6580364159017336,17.169554123232956,1750.9011173070612,104
0.0076791155,0.010077886,12.856751,-12.985159,10.669354,-0.23522064,-35.399242,-12.957607,10.661257,-0.23152003,-35.499336,-13.004738,10.68006,-0.22942752,-35.505203,0.007679116,0.02184369,0.17965817,1.440676e-07,0.010077886,0.023649883,0.19364914,1.39843905e-08,0.04042954,0.80050504,1.0,-1.0,-0.206240165368299,0.08553069025850735,-0.04450297374113105,-0.43182201857970326,-30.93602480524485,12.048691579317222,-7.531487864454415,-46.39075689213243,0.07303337,0.5464195,1.0,-1.0,6,-0.23267277903940117,0.1245880894555564,-0.04829732006465213,-0.5328149802415895,-34.90091685591018,18.162613177326328,-10.75952026098581,-58.38583625738607,0.1461336908748497,0.6159196263599072,1.0,-1.0,0.20722929187689393,0.052520112662318916,0.29047724072316367,0.0906332521741411,0.21509501894439728,0.0495280256308517,0.29047724072316367,0.13437855627188808,0.8819047619047619,0.3227208590011918,1.0,0.0,1.0,0.0,1.0,1.0,0.14285714285714285,0.34992710611188255,1.0,0.0,0.14285714285714285,0.34992710611188266,1.0,0.0,0.13904761904761906,0.34599621195152885,1.0,0.0,0.14285714285714285,0.34992710611188266,1.0,0.0,0.0,0.0,0.0,0.0,0.0,0.0,0.0,0.0,0.03192921535597611,0.03532304676614923,0.2471184358602006,0.002083874251646659,0.016954881817453114,0.006528630313193297,0.025977091815263493,0.00791822389723882,0.17431095001232286,0.06901133923845634,0.2592072709030006,0.04140597855473154,0.17431093889297178,0.06901133425106755,0.2592042899886677,0.04140597855473154,0.206240165368299,0.08553069025850735,0.43182201857970326,0.04450297374113105,0.19126582071042492,0.07188520148719629,0.27235651151851376,0.051094542837081355,0.0,0.0,0,0,0.0,0.0,0,0,-30.93602480524485,407804,106000,706,13.924585813118028,1.384422145987628,1.6502554416074418,16.9592634007131,1767.8896399217629,105
0.009314442,0.011624487,13.132943,-13.270918,11.548076,0.139454,-40.946224,-13.300224,11.550554,0.13672253,-41.017963,-13.242606,11.518985,0.12307997,-40.79255,0.009314444,0.015692238,0.09365453,5.470389e-08,0.011624487,0.017244685,0.10590711,4.1951002e-06,0.07896167,0.7765936,1.0,-1.0,-0.27389452349339316,0.08888214896557188,-0.13956222105029972,-0.533116126159134,-41.08417852400897,12.538115813424739,-26.84007457480206,-59.69403481698888,0.15094164,0.51408917,1.0,-1.0,7,-0.2559410334720599,0.08871476040915209,-0.09467209897367462,-0.5446080264829569,-38.39115502080899,12.428168633620036,-19.099101846203226,-63.255609705433564,0.08389085112950748,0.5176401690745982,1.0,-1.0,0.2872551364237373,0.07063397319018104,0.41489311782071703,0.20947621329459595,0.29063152276717924,0.07761314635195787,0.41482710615525686,0.21300792438460206,0.8104761904761905,0.39192414463438247,1.0,0.0,1.0,0.0,1.0,1.0,0.0,0.0,0.0,0.0,0.0,0.0,0.0,0.0,0.0,0.0,0.0,0.0,0.0,0.0,0.0,0.0,0.0,0.0,0.0,0.0,0.0,0.0,0.0,0.0,0.041726557747269175,0.03409025712971292,0.19231591579651183,0.0036848877023003246,0.0255858054557587,0.011642084815339968,0.03966449379747893,0.005636488080473573,0.23216796574612397,0.08874545788741277,0.36493923536286144,0.12406996171667292,0.2321679544469177,0.08874545083636112,0.36493678927348905,0.12406996171667292,0.27389452349339316,0.08888214896557188,0.533116126159134,0.13956222105029972,0.2577537599026764,0.0917161484566621,0.3919096734644182,0.13971080702989896,0.0,0.0,0,0,0.0,0.0,0,0,-41.08417852400897,411804,107000,713,13.284325828994042,1.4158012150001014,1.560396740125725,16.26052378411987,1784.1871906629094,106
0.0066782264,0.005918728,13.982714,-14.0939865,11.816705,-0.1856032,-40.12048,-14.083611,11.812546,-0.18233743,-40.18285,-14.082364,11.820377,-0.14798363,-40.14369,0.006678226,0.011972428,0.06222374,1.1004886e-08,0.005918728,0.009502111,0.044933442,2.3194389e-09,0.11946311,0.7832378,1.0,-1.0,-0.22262915459813779,0.06239926265334567,-0.10797244089654565,-0.4481898428022601,-33.394373189720675,8.706226120856357,-18.18679169140356,-47.51287852353121,-0.10670722,0.5108117,1.0,-1.0,7,-0.24289269455995882,0.09161911769353306,-0.04199518226061998,-0.44982347356923724,-36.433904183993825,12.753425555581334,-13.244272515139404,-50.00537010470112,-0.0404067503641554,0.5971969586235152,1.0,-1.0,0.2149028194537619,0.05400603535948467,0.3036395388101655,0.08589450752633429,0.22008920776076354,0.056521550978163214,0.2978258381471894,0.10342612193263223,0.8895238095238095,0.31348237879354385,1.0,0.0,1.0,0.0,1.0,1.0,0.0,0.0,0.0,0.0,0.0,0.0,0.0,0.0,0.0,0.0,0.0,0.0,0.0,0.0,0.0,0.0,0.0,0.0,0.0,0.0,0.0,0.0,0.0,0.0,0.0352627726275899,0.02866749355807005,0.19821619471895136,0.0074955407149818794,0.026666095467960206,0.012934115029554443,0.044960315866972106,0.010079050441832388,0.1873663819705479,0.047848105113763674,0.24997531431942885,0.0930052274515184,0.18736637053395114,0.04784810213344511,0.24997364808330874,0.0930052274515184,0.22262915459813779,0.06239926265334567,0.4481898428022601,0.10797244089654565,0.2140324660019113,0.05686846254869965,0.2949339639502808,0.10823353230824857,0.0,0.0,0,0,0.0,0.0,0,0,-33.394373189720675,415804,108000,720,12.760939899351797,1.451385852007661,1.5720993051945698,15.784425056554028,1800.0176919014484,107
0.014932524,0.01513001,13.2663555,-13.297561,12.136443,0.015149206,-43.394756,-13.303792,12.142041,-0.01006484,-43.28227,-13.34519,12.141317,0.06012497,-43.544033,0.014932525,0.02867909,0.17701744,7.303369e-06,0.015130011,0.024577897,0.11854268,2.0090738e-07,0.014994006,0.7936096,1.0,-1.0,-0.24092752688977276,0.10374723317612668,-0.048596405542305834,-0.47223479807026725,-36.13912903346592,14.923629362506833,-11.904348832403281,-50.617859023085884,0.12585483,0.6239793,1.0,-1.0,6,-0.2790652839752584,0.06384239247645922,-0.1415564187161929,-0.4292690558880929,-41.85979259628876,8.395149785331528,-24.86700579735915,-52.270742315130725,0.11475995965583305,0.5624197988999698,1.0,-1.0,0.26512290026328617,0.05469230692744658,0.3563256492393634,0.12781760075031406,0.2718775747805488,0.0497944701474916,0.34270218385271856,0.19616553476299092,0.84,0.3666060555964672,1.0,0.0,1.0,0.0,1.0,1.0,0.14285714285714285,0.3499271061118826,1.0,0.0,0.14285714285714285,0.34992710611188266,1.0,0.0,0.06476190476190476,0.24610526295371,1.0,0.0,0.14285714285714285,0.34992710611188266,1.0,0.0,0.0,0.0,0.0,0.0,0.0,0.0,0.0,0.0,0.041570580131894554,0.03212308773299529,0.20665525922657133,0.011148205568398828,0.028540842759754576,0.005981886569115112,0.03509932375202298,0.016073092521817794,0.1993569467578782,0.09743030817912714,0.30479652160602755,0.03252331302048804,0.19935693754990783,0.09743030266537843,0.3047945176382248,0.03252331302048804,0.24092752688977276,0.10374723317612668,0.47223479807026725,0.048596405542305834,0.22789778030966243,0.10079593653985366,0.32975235313909407,0.048596405542305834,0.0,0.0,0,0,0.0,0.0,0,0,-36.13912903346592,419804,109000,726,13.357048942358233,1.4973535669996636,1.5971274420735426,16.45152995143144,1816.5149447648873,108
0.010328489,0.013361563,12.479397,-12.568092,11.651864,0.1828638,-38.380222,-12.557866,11.643089,0.10735792,-38.348907,-12.571831,11.656887,0.16630255,-38.38114,0.010328488,0.016157156,0.07853182,4.292533e-07,0.013361562,0.024216166,0.13051666,2.4016344e-12,0.1667363,0.77042854,1.0,-1.0,-0.24962932521332418,0.09063685955673505,-0.0989816155058662,-0.48597980671156515,-37.44439878199863,12.895416071373555,-17.52993280966947,-55.63518343769151,-0.03064755,0.54741925,1.0,-1.0,7,-0.24047695457542823,0.07703445860284507,-0.09041336057407558,-0.4897168897897498,-36.07154318631422,10.61812074318459,-21.740255243050903,-52.14507816966848,0.1346463452317616,0.5776372364381789,1.0,-1.0,0.2314655430894632,0.09097115762963713,0.35975448672135313,0.0875928292907181,0.23302082902637006,0.09415533589723092,0.3531703258379296,0.09013687744285792,0.7828571428571428,0.4123006630296559,1.0,0.0,1.0,0.0,1.0,1.0,0.0,0.0,0.0,0.0,0.0,0.0,0.0,0.0,0.0,0.0,0.0,0.0,0.0,0.0,0.0,0.0,0.0,0.0,0.0,0.0,0.0,0.0,0.0,0.0,0.040763199830294694,0.03067748068550634,0.211664775043483,0.004121448627277738,0.025521079252049855,0.006463581364626098,0.03412865752529519,0.015503285400531404,0.20886612538302943,0.08686990075325494,0.3183205672544507,0.07309090325685391,0.20886611001132765,0.08686989823088523,0.31831860707377635,0.07309090325685391,0.24962932521332418,0.09063685955673505,0.48597980671156515,0.0989816155058662,0.2343871892633775,0.08780686462935573,0.35244726459907155,0.0998040907635083,0.0,0.0,0,0,0.0,0.0,0,0,-37.44439878199863,423804,110000,733,13.307834737250232,1.5441027789929649,1.5799402999109589,16.431877816154156,1832.9189530030708,109
0.009610028,0.004597864,12.007967,-12.019253,10.672376,-0.2142685,-38.281223,-12.060776,10.691028,-0.23040977,-38.385868,-12.063951,10.68021,-0.23016371,-38.22244,0.009610029,0.02240968,0.18657717,5.0333767e-08,0.004597864,0.009685528,0.06924954,1.1623911e-09,0.098516814,0.7719528,1.0,-1.0,-0.22646138182602385,0.13168816291414182,-0.023827993272737828,-0.5473308303365034,-33.969207273903564,19.04889385985261,-7.824181136400256,-60.01226958119864,0.1993395,0.6458237,1.0,-1.0,7,-0.25261748688536123,0.0699236344342408,-0.10928042557447507,-0.4928617555485313,-37.89262303280418,9.038155498781157,-21.81397029010698,-50.29761187269642,0.18039525787685862,0.5778305692833462,1.0,-1.0,0.2317817253470409,0.09091417666441609,0.396101310328432,0.07805260725740253,0.24439354124364301,0.09474795216106346,0.396101310328432,0.12075997473369786,0.799047619047619,0.40071251732626234,1.0,0.0,1.0,0.0,1.0,1.0,0.2857142857142857,0.45175395145262565,1.0,0.0,0.2857142857142857,0.45175395145262565,1.0,0.0,0.19904761904761906,0.39928393957069325,1.0,0.0,0.2857142857142857,0.45175395145262565,1.0,0.0,0.0,0.0,0.0,0.0,0.0,0.0,0.0,0.0,0.042496875946116466,0.03812997577850702,0.23921182602824945,0.003346027221524769,0.023061604008945944,0.007748948530375353,0.03283639957517833,0.007939225601206357,0.1839645058799074,0.1258719633138387,0.3662047815545697,0.017705083556025413,0.1837694224928305,0.12599076815124635,0.3662029310985853,0.017705083556025413,0.22646138182602385,0.13168816291414182,0.5473308303365034,0.023827993272737828,0.20683102650177637,0.13017610543303734,0.39016826573987484,0.03697558351201102,0.0,0.0,0,0,0.0,0.0,0,0,-33.969207273903564,427804,111000,740,12.86032052290102,1.5156532649998553,1.547358964846353,15.923332752747228,1848.8119827848132,110
0.010421234,0.0052244496,12.610567,-12.670726,11.088677,-0.36610508,-46.573517,-12.706525,11.112323,-0.39227206,-46.70499,-12.692589,11.109821,-0.37693548,-46.839607,0.010421235,0.021964215,0.20715079,2.5062036e-08,0.0052244496,0.008652384,0.053496543,1.0510348e-10,0.13667709,0.7692875,1.0,-1.0,-0.25812259295015316,0.0724198029444931,-0.10522668475052527,-0.5195916728835863,-38.718388942522964,9.792150485963246,-19.626989045162105,-53.7591910773094,0.18947376,0.6120646,1.0,-1.0,6,-0.22341753013695684,0.05311396090926271,-0.13870430232785155,-0.40486391664234916,-33.51262952054353,7.304378937522938,-23.989459443853725,-43.45796822784096,-0.0671410331942529,0.5399227133315219,1.0,-1.0,0.24723539883666326,0.058209773504766214,0.3504092810734018,0.09873153456941841,0.25579262960676613,0.063177227673656,0.34564616202715315,0.1261143211801538,0.8685714285714285,0.337868468550731,1.0,0.0,1.0,0.0,1.0,1.0,0.0,0.0,0.0,0.0,0.0,0.0,0.0,0.0,0.0,0.0,0.0,0.0,0.0,0.0,0.0,0.0,0.0,0.0,0.0,0.0,0.0,0.0,0.0,0.0,0.03758266922034131,0.03420604580366237,0.21713178382051748,0.002046912687473204,0.031742836665385514,0.011273024774592176,0.05272317620481715,0.014060194964260624,0.22053992372981182,0.059869262717770204,0.30246081450581624,0.09947536749503766,0.22053990762181266,0.05986926011823254,0.302459888626393,0.09947536749503766,0.25812259295015316,0.0724198029444931,0.5195916728835863,0.10522668475052527,0.25228274428719816,0.06457312354590812,0.3409834101907507,0.13100692808565814,0.0,0.0,0,0,0.0,0.0,0,0,-38.718388942522964,431804,112000,746,12.95251426404866,1.4855647299991688,1.540225738688605,15.978304732736433,1864.8261280625593,111
0.008548406,0.011579793,12.622804,-12.747772,11.535421,-0.14971635,-46.12381,-12.754578,11.536476,-0.1393587,-46.112053,-12.761411,11.559863,-0.18383405,-46.23231,0.008548405,0.01604963,0.08676753,4.1141877e-08,0.011579793,0.02302196,0.16202097,1.6043487e-09,0.086400524,0.7818447,1.0,-1.0,-0.2132817211067449,0.07279171032989902,-0.09269998214896745,-0.42134563232683336,-31.992258166011727,9.967559231438269,-15.887967592149897,-41.473047837106584,0.08680329,0.54311836,1.0,-1.0,7,-0.2185594838771167,0.07504856609408017,-0.11036298282084375,-0.4381015980773977,-32.7839225815675,9.96268493979391,-20.54720374935469,-48.83130232325317,0.09378332831268128,0.5180846801941136,1.0,-1.0,0.24278349635649502,0.03718402386256557,0.3159195462592307,0.1649731576190195,0.2480028031820061,0.035103417132725113,0.3159195462592307,0.20407383736960072,0.8866666666666667,0.31699982474583305,1.0,0.0,1.0,0.0,1.0,1.0,0.0,0.0,0.0,0.0,0.0,0.0,0.0,0.0,0.0,0.0,0.0,0.0,0.0,0.0,0.0,0.0,0.0,0.0,0.0,0.0,0.0,0.0,0.0,0.0,0.038724875561843154,0.032728084772927504,0.2185219750120538,0.004981616262632335,0.02902033258987483,0.01043550563269927,0.047954344885417104,0.012685039985369146,0.1745568455449017,0.05845506339087183,0.24167249477860034,0.07934771322349707,0.17455683461392185,0.05845505849602979,0.241671389851208,0.07934771322349707,0.2132817211067449,0.07279171032989902,0.42134563232683336,0.09269998214896745,0.20357716720379668,0.06350753628371736,0.2761303050096569,0.10497720851693168,0.0,0.0,0,0,0.0,0.0,0,0,-31.992258166011727,435804,113000,753,13.301949639993836,1.5214709139982006,1.6058071502047824,16.42922770419682,1881.2554112387443,112
0.00613102,0.011660872,12.142561,-12.225311,10.811268,-0.11477035,-39.300438,-12.202446,10.779142,-0.14115265,-39.202015,-12.228428,10.811817,-0.11837613,-39.233562,0.00613102,0.014127208,0.11088912,1.7647858e-07,0.011660873,0.027535295,0.26170775,9.313226e-10,-0.029222172,0.7827612,1.0,-1.0,-0.2711235579507285,0.09275541566063385,-0.0874480131503273,-0.5929284219144253,-40.66853369260928,13.208517881701042,-16.84132054941155,-64.65002717071587,0.05282791,0.65359956,1.0,-1.0,7,-0.24053888221357766,0.04855106417605106,-0.10132341482882658,-0.42177418143413525,-36.08083233203664,5.115217927905362,-26.868355324014285,-41.17407889452073,0.11963456584549421,0.5527957768337789,1.0,-1.0,0.25791870195766803,0.09241893541239943,0.44152641311276514,0.09101002798621062,0.2632969889494216,0.09249125641233186,0.44142000597563463,0.09611511664293809,0.8895238095238095,0.31348237879354385,1.0,0.0,1.0,0.0,1.0,1.0,0.0,0.0,0.0,0.0,0.0,0.0,0.0,0.0,0.0,0.0,0.0,0.0,0.0,0.0,0.0,0.0,0.0,0.0,0.0,0.0,0.0,0.0,0.0,0.0,0.033833436146269553,0.032454453984534726,0.22934314352113738,0.0057474096929081,0.021038103221061557,0.008207911481636944,0.03374136472577036,0.006022990360784925,0.23729012180445894,0.09041881221379519,0.40492572134079696,0.07464978301497574,0.23729010620675317,0.09041881350294176,0.4049235926350383,0.07464978301497574,0.2711235579507285,0.09275541566063385,0.5929284219144253,0.0874480131503273,0.25832820942781476,0.09263669392329911,0.42628517642790587,0.08910065015037848,0.0,0.0,0,0,0.0,0.0,0,0,-40.66853369260928,439804,114000,760,14.471871274974546,1.5217227000102866,1.7016554480360355,17.69524942302087,1898.958116762733,113
0.009126477,0.006637724,12.595607,-12.747702,11.216326,-0.17924833,-39.667965,-12.695999,11.204391,-0.15633681,-39.512974,-12.712218,11.21057,-0.12507662,-39.671,0.009126478,0.017670147,0.11315921,5.867696e-08,0.006637724,0.011240282,0.064633876,2.2762142e-06,0.13576935,0.77943367,1.0,-1.0,-0.25464585933647305,0.0939885015036652,-0.05360733673618402,-0.4546809564301527,-38.19687890047094,13.373424672838155,-10.606133126242849,-51.65854324552969,0.21213485,0.55148464,1.0,-1.0,6,-0.2312056061451928,0.08614240850671395,-0.06494430194042515,-0.4651545211058785,-34.68084092177892,12.620356854331598,-12.37041424234028,-48.20738795081953,0.10189500491639567,0.47096249265367407,1.0,-1.0,0.2514403934605284,0.07410254872075335,0.3549972670350107,0.09396135381198736,0.26545080597426135,0.0720393536117033,0.3547049079237026,0.16916632678801696,0.7980952380952381,0.40142151041634944,1.0,0.0,1.0,0.0,1.0,1.0,0.14285714285714285,0.3499271061118826,1.0,0.0,0.14285714285714285,0.34992710611188266,1.0,0.0,0.10476190476190476,0.3062463845869243,1.0,0.0,0.14285714285714285,0.34992710611188266,1.0,0.0,0.0,0.0,0.0,0.0,0.0,0.0,0.0,0.0,0.04375057901995242,0.03495270016855509,0.2452079405090134,0.004108970389869259,0.026707480507445515,0.010351004047970198,0.04004671980789707,0.0054796369872895725,0.21089528031652055,0.08395369395407314,0.3140393956006792,0.04949836634631471,0.21089526776320183,0.08395368802338507,0.3140367374084334,0.049498366346314764,0.25464585933647305,0.0939885015036652,0.4546809564301527,0.05360733673618402,0.2376027482706474,0.09213461065639837,0.34014338167680547,0.054978003333604336,0.0,0.0,0,0,0.0,0.0,0,0,-38.19687890047094,443804,115000,766,14.468456743954448,1.5293219429877354,1.7127106652333168,17.7104893521755,1916.6964183309174,114
0.0060200775,0.0038426067,13.331209,-13.489218,11.97527,-0.2886753,-37.648228,-13.4663925,11.971604,-0.25465548,-37.448837,-13.469061,11.971444,-0.24701758,-37.510803,0.0060200775,0.011236623,0.064905465,3.915943e-08,0.0038426067,0.0075080185,0.050621737,1.6983178e-07,0.22433716,0.7470884,1.0,-1.0,-0.24090954482654806,0.07633058703260512,-0.09335271003948492,-0.4753050397315788,-36.136431723982206,10.689571010429123,-17.463073775228935,-50.6894713343827,0.13917425,0.682407,1.0,-1.0,7,-0.1984196315458068,0.09141650889507569,-0.037483534537360544,-0.42547235536995065,-29.762944731871016,12.398967486247642,-10.200176584764387,-44.364216198059204,0.0733687924570925,0.49767931770046947,1.0,-1.0,0.2043969578562873,0.0798700269910401,0.31366234989780384,0.04002553091989709,0.2210428821138473,0.08039932496915266,0.3052670798670437,0.06913217273625283,0.7714285714285715,0.4199125273342591,1.0,0.0,0.8571428571428571,0.3499271061118826,1.0,0.0,0.04285714285714286,0.20253495541082608,1.0,0.0,0.0,0.0,0.0,0.0,0.0,0.0,0.0,0.0,0.0,0.0,0.0,0.0,0.07142857142857142,0.2575393768188564,1.0,0.0,0.0,0.0,0.0,0.0,0.04613254071972547,0.028816356684180394,0.19254796777202826,0.009930175829829732,0.03503862535181105,0.015222629705681072,0.06379941061368789,0.014356500978669069,0.1947770041068226,0.07168062903294878,0.2827570719595505,0.05885715864037276,0.1949275496518639,0.07138352309932099,0.2827545826353542,0.0656129329294746,0.24090954482654806,0.07633058703260512,0.4753050397315788,0.09335271003948492,0.22996617500367497,0.07304406712223988,0.30732890419793474,0.09494547676814141,0.0,0.0,0,0,0.0,0.0,0,0,-36.136431723982206,447804,116000,773,13.41330673910852,1.5573398679989623,1.613446524264873,16.584093131372356,1933.2396398993005,115
0.0051665152,0.005434816,12.866224,-13.00799,11.633286,-0.16140413,-40.979103,-13.015209,11.642706,-0.1834575,-41.065067,-13.006255,11.633404,-0.17336877,-41.01182,0.0051665152,0.009285438,0.06145737,9.866916e-08,0.005434816,0.010278795,0.087815836,2.5151576e-07,-0.08678295,0.80278677,1.0,-1.0,-0.22949284613348866,0.09007684457266325,-0.09567835207655861,-0.4404258637741148,-34.4239269200233,13.330112343939101,-17.252433170675477,-52.65840544416103,-0.025589451,0.4908141,1.0,-1.0,7,-0.20365232675623354,0.049671153151983456,-0.11978099849761105,-0.35308941931820526,-30.547849013435034,5.0951568219127505,-22.422236714908813,-39.941412958497175,0.15493963361138857,0.5801201461214742,1.0,-1.0,0.2720121914679623,0.05849627947171326,0.37920875579293656,0.16560770341456363,0.277054751184083,0.05664452501846772,0.36927992431123885,0.18987872875125145,0.8571428571428571,0.34992710611188255,1.0,0.0,0.8571428571428571,0.3499271061118826,1.0,0.0,0.0,0.0,0.0,0.0,0.0,0.0,0.0,0.0,0.0,0.0,0.0,0.0,0.0,0.0,0.0,0.0,0.0,0.0,0.0,0.0,0.0,0.0,0.0,0.0,0.041149895302844915,0.019408018935332758,0.1431199142830224,0.008527144007767369,0.03784853060157254,0.014451703601046686,0.06592257460121996,0.017775326460633747,0.18834295083064373,0.09057869229846821,0.306954219813753,0.07663190298054463,0.18834294284083927,0.09057868553908778,0.30695162550206073,0.07663190298054463,0.22949284613348866,0.09007684457266325,0.4404258637741148,0.09567835207655861,0.22619147344241183,0.09121298116904143,0.34851369866490933,0.11807073591474951,0.0,0.0,0,0,0.0,0.0,0,0,-34.4239269200233,451804,117000,780,14.27167284792813,1.516598101996351,1.7050075539009413,17.493278503825422,1950.8242044421204,116
0.005839534,0.005039589,12.996958,-13.14889,11.875543,-0.16709799,-39.849533,-13.110197,11.851003,-0.19074616,-39.731136,-13.130507,11.853995,-0.17667796,-39.65231,0.0058395336,0.009748364,0.057375804,4.9846005e-07,0.0050395885,0.009677754,0.07247241,2.1499602e-10,0.021222249,0.77434653,1.0,-1.0,-0.21197291363293805,0.0636258586437507,-0.11724679191133716,-0.49340510045194264,-31.795937044940707,9.11741564034466,-21.977828806198062,-50.23841725136373,0.15150742,0.45990592,1.0,-1.0,6,-0.2288188591203421,0.12901724423432934,-0.02775963459194289,-0.4876432117180985,-34.32282886805131,19.057898717556487,-7.532530427705737,-55.36241392079596,0.0890783003340055,0.5358382801252412,1.0,-1.0,0.18143571732555924,0.053056716553414686,0.25875900962051585,0.0928140023436789,0.18583688762513292,0.05789210420194653,0.25875900962051585,0.09583731774130011,0.92,0.2712931993250107,1.0,0.0,1.0,0.0,1.0,1.0,0.0,0.0,0.0,0.0,0.0,0.0,0.0,0.0,0.0,0.0,0.0,0.0,0.0,0.0,0.0,0.0,0.0,0.0,0.0,0.0,0.0,0.0,0.0,0.0,0.03477293010653544,0.025890860323695267,0.22026059970791145,0.005152439495762098,0.030421570397537994,0.021291378837268716,0.05979697805011814,0.006082496651920447,0.1771999835264026,0.054356188112328854,0.2731445007440312,0.09134694467440778,0.17738863937087304,0.054075017776125694,0.27314373320751895,0.0979064760268118,0.21197291363293805,0.0636258586437507,0.49340510045194264,0.11724679191133716,0.20781020976841108,0.05619499853326279,0.32865091165854055,0.15770345407692993,0.0,0.0,0,0,0.0,0.0,0,0,-31.795937044940707,455804,118000,786,13.78619193234772,1.6084667690010974,1.62341025902424,17.018068960373057,1967.7718163735117,117
0.0051145116,0.006083494,12.820635,-12.917938,11.07203,-0.30976328,-36.733654,-12.936192,11.079105,-0.30761436,-36.786327,-12.931852,11.082414,-0.29166913,-36.75967,0.0051145116,0.007208939,0.038766377,1.0669826e-06,0.006083494,0.014020802,0.12558764,3.915943e-06,0.037249673,0.780955,1.0,-1.0,-0.26651407422409074,0.07656760166015056,-0.13223865544235117,-0.48039138703551854,-39.977111133613604,10.889557215165242,-20.834931397264672,-51.5614340125612,0.15980564,0.6319261,1.0,-1.0,7,-0.31502557859958297,0.05272268857734075,-0.18792650326796884,-0.47448018834052963,-47.25383678993743,6.600056882508949,-37.74930641254312,-59.09957663511359,0.08226011565859916,0.5871434959937252,1.0,-1.0,0.23361806441301458,0.08481625096515961,0.34609065059972194,0.08135702675075429,0.2482555864117557,0.08946769354969311,0.34609065059972194,0.10251474059990062,0.7866666666666666,0.4096611065529924,1.0,0.0,0.8571428571428571,0.3499271061118826,1.0,0.0,0.0,0.0,0.0,0.0,0.0,0.0,0.0,0.0,0.0,0.0,0.0,0.0,0.0,0.0,0.0,0.0,0.0,0.0,0.0,0.0,0.0,0.0,0.0,0.0,0.040486234251041996,0.03045561139158274,0.20733843260127333,0.0063594024786484404,0.03923864157764049,0.01999347175449048,0.07068179756177606,0.011342623358764983,0.22602783997304873,0.05678601635841235,0.2951665133789109,0.12587925296370273,0.22611371971498687,0.05684505242043661,0.295163798399582,0.12587925296370273,0.26651407422409074,0.07656760166015056,0.48039138703551854,0.13223865544235117,0.26535236129262735,0.07342094175599294,0.35053059127654396,0.1372218763224677,0.0,0.0,0,0,0.0,0.0,0,0,-39.977111133613604,459804,119000,793,12.80072026180278,1.5378823700011708,1.5723759488464566,15.910978580650408,1983.6592980981513,118
0.005481952,0.0101689715,13.327641,-13.454727,11.423634,-0.31905565,-38.90788,-13.482119,11.425402,-0.32412535,-38.97246,-13.424344,11.40202,-0.2888538,-38.82554,0.005481952,0.011451816,0.10391062,1.6514207e-08,0.0101689715,0.01830384,0.115266204,1.2283294e-07,0.07006,0.79687387,1.0,-1.0,-0.25182964531970214,0.08113182693909524,-0.11785259774065465,-0.45607956165078045,-37.77444679795533,11.976383463049583,-18.38984979671849,-55.66340794845267,0.04029923,0.52898467,1.0,-1.0,7,-0.1838690794950965,0.09962550461714631,-0.016913887416505506,-0.42363315252991063,-27.580361924264473,14.214269925724276,-5.762536801237138,-49.02165419494356,0.09738817034123137,0.5267811164089966,1.0,-1.0,0.2277158985161568,0.09188277145824064,0.36835260681464443,0.06176982295071899,0.23305519383047546,0.09674907527660156,0.353455973357887,0.06999399131080905,0.8171428571428572,0.386549360578006,1.0,0.0,0.8571428571428571,0.3499271061118826,1.0,0.0,0.0,0.0,0.0,0.0,0.0,0.0,0.0,0.0,0.0,0.0,0.0,0.0,0.0,0.0,0.0,0.0,0.0,0.0,0.0,0.0,0.0,0.0,0.0,0.0,0.03961020553140858,0.023994071093151836,0.16594966092859817,0.009573079578305641,0.03705813733237317,0.017960425552853092,0.06790110859377697,0.013238048190097492,0.21221943978829358,0.06564654954940541,0.3252281553383927,0.10478114259810828,0.21221942836265387,0.0656465459132886,0.3252262025774261,0.10478114259810828,0.25182964531970214,0.08113182693909524,0.45607956165078045,0.11785259774065465,0.24927756569502696,0.07867590350073286,0.3629592743866746,0.11801919078820577,0.0,0.0,0,0,0.0,0.0,0,0,-37.77444679795533,463804,120000,800,13.830229528204654,1.5145875199959846,1.6609579332434805,17.00577498144412,2000.7240911306144,119
0.0048255594,0.009608173,12.346833,-12.458688,11.403706,-0.32743797,-42.221508,-12.460798,11.401156,-0.30542144,-42.150043,-12.469116,11.416048,-0.31363696,-42.276443,0.0048255594,0.009225152,0.065499164,8.3993746e-07,0.009608174,0.019813167,0.10467426,1.0005704e-06,-0.083668716,0.8085399,1.0,-1.0,-0.265854054974625,0.06998569017033374,-0.1614500698846559,-0.5389174926206526,-39.87810824619375,9.726110414503493,-24.953081743053207,-55.47473424295173,0.039986808,0.60809314,1.0,-1.0,6,-0.2401455141814655,0.09912473251301093,-0.06468478051055916,-0.5139311648235276,-36.02182712721984,14.605975705854103,-12.464703183507684,-60.28543775441862,0.08332857407625267,0.566771274790421,1.0,-1.0,0.19643729117508435,0.06063805225265927,0.30377307115697716,0.09143539512739059,0.20915454241718492,0.06939408131289147,0.3025331043500463,0.1071522418168438,0.7457142857142857,0.43545894157304704,1.0,0.0,0.8571428571428571,0.3499271061118826,1.0,0.0,0.0,0.0,0.0,0.0,0.0,0.0,0.0,0.0,0.0,0.0,0.0,0.0,0.0,0.0,0.0,0.0,0.0,0.0,0.0,0.0,0.0,0.0,0.0,0.0,0.05420821480488093,0.030463428079521723,0.2392130322896871,0.010003935473685275,0.04289787768394049,0.013722365926603915,0.06032646992476596,0.023218671307427812,0.2116458401697441,0.055071208179717744,0.2997044603309654,0.12267047170188411,0.21164582839432544,0.05507120982893724,0.2997040657981108,0.12267047170188411,0.265854054974625,0.06998569017033374,0.5389174926206526,0.1614500698846559,0.254543706078266,0.05448234507998099,0.3249841220961259,0.16373464876848431,0.0,0.0,0,0,0.0,0.0,0,0,-39.87810824619375,467804,121000,806,13.26602782975533,1.5752644400054123,1.6011559141770704,16.442448183937813,2017.1213759145758,120
0.004306191,0.0074498076,13.707388,-13.803867,12.168891,-0.36334196,-39.267284,-13.841468,12.188597,-0.33541965,-39.218685,-13.7972,12.1669655,-0.30715606,-39.114258,0.004306191,0.006880237,0.038930282,1.2594411e-07,0.0074498076,0.0128557235,0.104374565,3.7775353e-06,0.03855466,0.78315467,1.0,-1.0,-0.22622066819270845,0.08919842098693995,-0.07513125639094194,-0.43002427575851393,-33.93310022890627,12.968666911741026,-13.913509540540499,-49.43389794573098,0.09643255,0.59580535,1.0,-1.0,7,-0.25926177891311936,0.09230013853818028,-0.08557157262544052,-0.5947493947869521,-38.889266836967906,13.335027405155486,-18.165272060511125,-63.64695581484399,-0.023307247913730577,0.5534380744367642,1.0,-1.0,0.2106205918333975,0.08019218804064873,0.3158412387711567,0.08685009984049338,0.22006511182633198,0.07663541301921675,0.3158412387711567,0.09116341521869506,0.758095238095238,0.42823690648117,1.0,0.0,0.8571428571428571,0.3499271061118826,1.0,0.0,0.0,0.0,0.0,0.0,0.0,0.0,0.0,0.0,0.0,0.0,0.0,0.0,0.0,0.0,0.0,0.0,0.0,0.0,0.0,0.0,0.0,0.0,0.0,0.0,0.05091407409377209,0.028332917922534093,0.24548802360164873,0.009347852251336998,0.03985167763304792,0.01593231203346688,0.06533843676050208,0.009369946787594745,0.17530659409893637,0.0805186546985069,0.2893407159611963,0.06093119349462205,0.17530658333178914,0.0805186498632699,0.2893385780969328,0.06093119349462205,0.22622066819270845,0.08919842098693995,0.43002427575851393,0.07513125639094194,0.2151582609648371,0.08789606373164176,0.32514537428627044,0.07515335092719969,0.0,0.0,0,0,0.0,0.0,0,0,-33.93310022890627,471804,122000,813,12.982375750128995,1.5306843720027246,1.5934852462087292,16.10654536834045,2033.1954363889236,121
0.021144189,0.015195586,13.037951,-13.020636,11.390575,-0.28185746,-37.891064,-13.060398,11.422769,-0.23163164,-37.888416,-13.097549,11.436075,-0.25284395,-37.923332,0.021144189,0.038764488,0.24420889,2.579196e-06,0.015195586,0.037519455,0.2864841,4.512691e-08,0.048711367,0.78590655,1.0,-1.0,-0.23214081329191344,0.05331514660076839,-0.15356728659796942,-0.3656153736053272,-34.821121993787024,7.6713408337641384,-24.25822872572539,-44.58574056714937,-0.0965631,0.6009544,1.0,-1.0,7,-0.24649733198390703,0.09689571121564029,-0.10382302615527886,-0.530755609219107,-36.974599797586066,14.19433933186701,-18.15634231872815,-59.21436841806969,-0.10644868496065785,0.5442023369731539,1.0,-1.0,0.2479540169824905,0.045985522708964964,0.316917435736336,0.1824779426447806,0.2530153818725361,0.04964287573757025,0.3125217718449194,0.1967007761001275,0.9619047619047619,0.19142620230706459,1.0,0.0,1.0,0.0,1.0,1.0,0.0,0.0,0.0,0.0,0.0,0.0,0.0,0.0,0.0,0.0,0.0,0.0,0.0,0.0,0.0,0.0,0.0,0.0,0.0,0.0,0.0,0.0,0.0,0.0,0.03385278265213498,0.017305854504022514,0.19097023339348926,0.012706785182190828,0.03518102091849006,0.01382150295011621,0.053357050832172036,0.02056370794327497,0.19828803063977848,0.045419563895976026,0.25586946790272114,0.1304127131950896,0.1982880171250486,0.045419563362847644,0.2558672028382113,0.1304127131950896,0.23214081329191344,0.05331514660076839,0.3656153736053272,0.15356728659796942,0.2334690380435387,0.057680354245088584,0.3092242536703833,0.15440265346289464,0.0,0.0,0,0,0.0,0.0,0,0,-34.821121993787024,475804,123000,820,12.839750978193479,1.4964131259912392,1.638512787190848,15.974676891375566,2049.1416637352813,122
0.014043826,0.028519904,13.217213,-13.43679,11.387907,-0.38435742,-41.46843,-13.493843,11.409893,-0.39836985,-41.537617,-13.366955,11.344922,-0.31948584,-41.385136,0.014043825,0.022204496,0.11122601,3.5477416e-07,0.028519904,0.03711496,0.19339408,2.7228134e-06,0.0022052545,0.7915631,1.0,-1.0,-0.2486365066324667,0.059994059469725955,-0.1375460792238003,-0.42369208220112425,-37.295475994869996,7.904399941865733,-22.390305827662754,-45.50251107773682,0.26503634,0.60384315,1.0,-1.0,6,-0.18703614992115727,0.07621433583453281,-0.04943310405918547,-0.438626681979181,-28.05542248817359,10.568253556714714,-10.627612161634525,-41.87308470151855,-0.15395599718217087,0.6093467342401523,1.0,-1.0,0.2350361251979385,0.0541309935330043,0.3140953025171209,0.12104904768208423,0.24439215268407707,0.052960247374261436,0.3140953025171209,0.1556453145127013,0.741904761904762,0.43758666132298923,1.0,0.0,0.8571428571428571,0.3499271061118826,1.0,0.0,0.0,0.0,0.0,0.0,0.0,0.0,0.0,0.0,0.0,0.0,0.0,0.0,0.0,0.0,0.0,0.0,0.0,0.0,0.0,0.0,0.0,0.0,0.0,0.0,0.049687438974530256,0.0344528638642438,0.20733817104888108,0.011125908223451,0.03750980367263892,0.018117504546278574,0.06918354406171774,0.011977625032002273,0.19894906765793643,0.048127443475435634,0.2762845557590204,0.1264201710003493,0.19894905048570832,0.04812744124993231,0.27628127257889185,0.1264201710003493,0.2486365066324667,0.059994059469725955,0.42369208220112425,0.1375460792238003,0.23645885415834722,0.05332528994720898,0.3069434009305166,0.13839779603235158,0.0,0.0,0,0,0.0,0.0,0,0,-37.295475994869996,479804,124000,826,13.557025606947718,1.4681889670027886,1.669251073806663,16.69446564775717,2065.8759925240593,123
0.00569934,0.0071364325,13.506002,-13.596452,11.641915,-0.437796,-37.486973,-13.586809,11.652104,-0.41088325,-37.43858,-13.602893,11.646853,-0.4166629,-37.462456,0.00569934,0.027677536,0.30594215,9.837095e-09,0.0071364325,0.025329787,0.2686834,1.0027179e-08,0.08581315,0.7632149,1.0,-1.0,-0.1795367272084469,0.03854494795183381,-0.09183524640638946,-0.3069537066028417,-26.930509081267036,5.400223642548536,-14.579849362287472,-31.67142650408634,-0.18327224,0.618736,1.0,-1.0,7,-0.20303653768122654,0.06079599796610345,-0.0663575295810305,-0.38796605901589143,-30.455480652183976,8.245060225212411,-17.695271080287878,-40.63918267606479,-0.14369995897814075,0.5839044508021501,1.0,-1.0,0.21164091065920698,0.038515933160682504,0.2848162032460294,0.11586142289825205,0.21620153090047683,0.03966371808016955,0.28441752773146445,0.16065036146705453,0.9666666666666667,0.1795054935711501,1.0,0.0,1.0,0.0,1.0,1.0,0.0,0.0,0.0,0.0,0.0,0.0,0.0,0.0,0.0,0.0,0.0,0.0,0.0,0.0,0.0,0.0,0.0,0.0,0.0,0.0,0.0,0.0,0.0,0.0,0.031149219397535257,0.01784605352296859,0.15299798393723338,0.009553535960892423,0.029888020118265506,0.011543666659706124,0.052669089264492375,0.013835563728333488,0.14838750781091167,0.028934661335144236,0.17212595206429018,0.08042417396582513,0.1483874975739022,0.028934657296472176,0.17212595196848976,0.08042417396582513,0.1795367272084469,0.03854494795183381,0.3069537066028417,0.09183524640638946,0.17827551769216773,0.03655157049576222,0.20987811704132708,0.09425973769415862,0.0,0.0,0,0,0.0,0.0,0,0,-26.930509081267036,483804,125000,833,12.804751090006903,1.5083939980104333,1.5604789379867725,15.873624026004109,2081.7599616090447,124
0.0059332554,0.006488462,13.379946,-13.544484,11.901005,-0.2668213,-39.322086,-13.529776,11.888398,-0.30765772,-39.079514,-13.5158825,11.893263,-0.29472074,-39.208614,0.005933255,0.013798243,0.13440678,1.6483582e-06,0.006488461,0.013700232,0.09624636,4.2286175e-08,-0.06043329,0.8082254,1.0,-1.0,-0.19113836028754902,0.059803155256567195,-0.06667079784666363,-0.3740053276495995,-28.670754043132348,8.343043748170897,-11.645509934374306,-38.399109435520195,-0.14263803,0.64073473,1.0,-1.0,7,-0.20443141582224508,0.09959750343925178,-0.03868463490508436,-0.45556089328691507,-30.664712373336776,14.528001600902943,-8.6695655640073,-45.246953799229324,-0.09649326225641522,0.5395326669452267,1.0,-1.0,0.2043805090342249,0.03883825336653442,0.28473470174523274,0.12893131045116954,0.20804597414730325,0.03894294670694317,0.27733559887649073,0.15486436438853227,0.9142857142857143,0.27994168488950605,1.0,0.0,1.0,0.0,1.0,1.0,0.14285714285714285,0.3499271061118826,1.0,0.0,0.14285714285714285,0.34992710611188266,1.0,0.0,0.0,0.0,0.0,0.0,0.0,0.0,0.0,0.0,0.0,0.0,0.0,0.0,0.0,0.0,0.0,0.0,0.03663842845192688,0.02649941134181208,0.21452817546893427,0.002661532335853012,0.032509205318618534,0.009579914795619973,0.044364087994421486,0.020111243462374136,0.15449993183562213,0.050594505105569634,0.21624427291084586,0.05168009116053979,0.1544999204914834,0.050594502526254234,0.21624383508029027,0.05168009116053989,0.19113836028754902,0.059803155256567195,0.3740053276495995,0.06667079784666363,0.18700912581010193,0.05561936158823299,0.25486172937817936,0.07179133462291402,0.0,0.0,0,0,0.0,0.0,0,0,-28.670754043132348,487804,126000,840,12.49552407686133,1.519894622004358,1.5358120890741702,15.551230787939858,2097.3045204929804,125
0.0050177965,0.0053313663,13.753269,-13.888926,11.932225,-0.77690005,-42.267235,-13.890696,11.941228,-0.7457483,-42.28831,-13.868317,11.917397,-0.74647236,-42.13261,0.005017797,0.010093561,0.088776916,4.2364832e-07,0.0053313663,0.012626773,0.12138796,3.214518e-08,-0.112970114,0.80203944,1.0,-1.0,-0.17349165489912324,0.10312934169309262,-0.02303723504628376,-0.40768942521452745,-26.02374823486848,15.22779247078648,-4.4820247980480294,-43.93797728254062,-0.114987284,0.5309049,1.0,-1.0,6,-0.2482755084486835,0.05989065362045208,-0.11565312322648928,-0.4426201639247336,-37.241326267302526,7.5925805460505575,-23.375125784694664,-46.653225083933776,-0.025201866529858917,0.6441632951514994,1.0,-1.0,0.21655511063851687,0.04703310280471718,0.30903499902733383,0.11867083093751614,0.22276863199158897,0.052155322346365364,0.30903499902733383,0.1624021633858566,0.9380952380952381,0.2409824938834285,1.0,0.0,1.0,0.0,1.0,1.0,0.2857142857142857,0.45175395145262565,1.0,0.0,0.2857142857142857,0.4517539514526256,1.0,0.0,0.13333333333333333,0.339934634239519,1.0,0.0,0.14285714285714285,0.3499271061118826,1.0,0.0,0.0,0.0,0.0,0.0,0.0,0.0,0.0,0.0,0.029457842016467308,0.02267942794854273,0.16957438937996944,0.005510593004185726,0.026571431150867547,0.017139735609533427,0.05779801797234482,0.006646725569890708,0.14403381288265596,0.08915552057409033,0.2425554007975413,0.017526642042098035,0.1440338037832562,0.08915551156433528,0.24255264991082784,0.017526642042098035,0.17349165489912324,0.10312934169309262,0.40768942521452745,0.02303723504628376,0.17060523493412375,0.1050526617462827,0.2959099291344331,0.024173367611988742,0.0,0.0,0,0,0.0,0.0,0,0,-26.02374823486848,491804,127000,846,12.668701682807296,1.5127139920077752,1.532570387062151,15.713986061877222,2112.999737582839,126
0.01831185,0.020304184,13.603777,-13.803463,11.516538,-0.55529964,-34.784527,-13.781819,11.503378,-0.5025138,-34.736374,-13.752923,11.51638,-0.43469328,-35.05497,0.01831185,0.02947359,0.14708476,1.6673912e-06,0.020304188,0.037283607,0.23239054,1.4791179e-05,0.016151363,0.7953633,1.0,-1.0,-0.1951876630256255,0.07186831940724929,-0.0241653737201171,-0.4241210195796027,-29.278149453843827,10.113202501792927,-5.151131129081087,-37.22709747986663,-0.13078243,0.6630014,1.0,-1.0,7,-0.2608463852518786,0.09128896473754848,-0.06722495051753646,-0.4908021132699627,-39.126957787781784,13.159968135231797,-14.234255584441673,-57.92187646407541,-0.023856624364984032,0.6668318117803704,1.0,-1.0,0.21860808777292706,0.03996976711673368,0.297094335355621,0.1346595088165671,0.2215262819358143,0.03717404475805505,0.2906280028303192,0.16405555031907745,0.8876190476190476,0.3158345673337586,1.0,0.0,1.0,0.0,1.0,1.0,0.14285714285714285,0.34992710611188255,1.0,0.0,0.14285714285714285,0.34992710611188266,1.0,0.0,0.1419047619047619,0.3489524329382369,1.0,0.0,0.14285714285714285,0.34992710611188266,1.0,0.0,0.0,0.0,0.0,0.0,0.0,0.0,0.0,0.0,0.031715925259088174,0.03024486773362696,0.214897172769947,0.0029310584837869366,0.018798514776696213,0.004717052959806737,0.02776930132013567,0.013808077041816292,0.1634717377665373,0.06112672727747954,0.2095629571169704,0.021234315236329973,0.16347172594425455,0.061126722666629905,0.2095592850276499,0.02123431523633016,0.1951876630256255,0.07186831940724929,0.4241210195796027,0.0241653737201171,0.18227024072095072,0.06185688803436287,0.22576667562777772,0.03585184978281336,0.0,0.0,0,0,0.0,0.0,0,0,-29.278149453843827,495804,128000,853,12.869129319558851,1.4941763179958798,1.5474851759208832,15.910790813475614,2128.9494914563256,127
0.018831521,0.026725987,12.644713,-12.748722,11.43391,-0.37034994,-41.5628,-12.757109,11.433687,-0.406862,-41.63771,-12.6664295,11.396305,-0.34565184,-41.56844,0.018831521,0.027864985,0.1591433,2.5001682e-06,0.026725987,0.044030927,0.31375697,5.0547953e-08,-0.10211143,0.81046426,1.0,-1.0,-0.20263944557489705,0.08714720620912965,-0.0675007376721322,-0.4067200214235367,-30.395916836234562,12.578780349252396,-13.083491934118964,-49.67418557309298,-0.014510373,0.6023876,1.0,-1.0,7,-0.2374430551188499,0.08093796040023603,-0.08036230296712264,-0.48693425861056094,-35.616458267827475,11.605854648881802,-15.047198273858866,-50.99647289223348,-0.05427244855212602,0.6602870273690864,1.0,-1.0,0.20921970347385094,0.0703437793758594,0.32771325320951755,0.05745603852944698,0.21846389963419632,0.0698424795226263,0.32770146383897597,0.09556546767360363,0.8895238095238095,0.3134823787935439,1.0,0.0,1.0,0.0,1.0,1.0,0.0,0.0,0.0,0.0,0.0,0.0,0.0,0.0,0.0,0.0,0.0,0.0,0.0,0.0,0.0,0.0,0.0009523809523809524,0.030845970934669804,1.0,0.0,0.0,0.0,0.0,0.0,0.038923580508708554,0.028647673960418354,0.19588017000844613,0.0035639778104384224,0.030120595398555623,0.013418859849993293,0.052275676618907294,0.010015453061291068,0.16371586506618852,0.08175700474958442,0.29801880257381225,0.06174864838987239,0.16370664537474972,0.0817684009069014,0.298015827354756,0.06174864838987239,0.20263944557489705,0.08714720620912965,0.4067200214235367,0.0675007376721322,0.1938272407733053,0.0916342162907652,0.33203992396798765,0.08777882210024376,0.0,0.0,0,0,0.0,0.0,0,0,-30.395916836234562,499804,129000,860,13.08528969011968,1.5347452529967995,1.5895117997133639,16.209546742829843,2145.1672333251627,128
0.0062216297,0.0067471964,12.9921665,-13.072693,11.796904,-0.37984535,-42.25635,-13.0887785,11.802157,-0.38505596,-42.203545,-13.074949,11.797159,-0.40410954,-42.20614,0.00622163,0.011755249,0.081367396,3.8811077e-06,0.0067471964,0.012934326,0.0830273,2.5067948e-07,-0.05306179,0.794277,1.0,-1.0,-0.22879548689484727,0.08222604946695507,-0.061222027605750406,-0.4253594301700172,-34.319323034227104,12.037874640382011,-10.339534692159733,-48.301931477573916,-0.055673953,0.59306234,1.0,-1.0,6,-0.2175042808938286,0.07301009064689211,-0.09616280996052713,-0.46694430253176455,-32.62564213407428,10.017003470135526,-17.48454319222393,-49.31093509404983,0.061178634018469485,0.5688607278776528,1.0,-1.0,0.2500650575164569,0.0568285634524122,0.34166025516704324,0.1726043441300942,0.25987950811376226,0.0653930814439084,0.34166025516704324,0.1872758921274777,0.9352380952380952,0.24610526295371,1.0,0.0,1.0,0.0,1.0,1.0,0.14285714285714285,0.3499271061118826,1.0,0.0,0.14285714285714285,0.3499271061118826,1.0,0.0,0.0,0.0,0.0,0.0,0.0,0.0,0.0,0.0,0.0,0.0,0.0,0.0,0.0,0.0,0.0,0.0,0.032900899986138654,0.021983801738454403,0.1713768252999627,0.003994421725672212,0.03141288276338883,0.015013607394801213,0.04871183139753607,0.008234370711652806,0.19589458690870867,0.06818074850730912,0.2761470302066846,0.057227605880078164,0.1958945751329612,0.06818074380144232,0.27614391661388954,0.05722760588007819,0.22879548689484727,0.08222604946695507,0.4253594301700172,0.061222027605750406,0.22730745789635007,0.08192309396277057,0.3248557480114256,0.065461976591731,0.0,0.0,0,0,0.0,0.0,0,0,-34.319323034227104,503804,130000,866,13.120720345061272,1.5429040260059992,1.5698305513360538,16.233454922403325,2161.2966780845745,129
0.0064742044,0.011137135,13.48532,-13.559382,12.235884,-0.28697002,-46.614784,-13.602392,12.238746,-0.33523408,-46.608334,-13.558235,12.22465,-0.276154,-46.77793,0.006474205,0.012199433,0.07664789,9.076766e-07,0.011137135,0.020765664,0.15004969,1.168539e-06,-0.055772666,0.7874958,1.0,-1.0,-0.2912510329753086,0.05903227173743882,-0.16758988467685812,-0.4958094933454176,-43.68765494629627,8.349884990171903,-31.43456742327653,-57.619205686963305,-0.1574549,0.69751775,1.0,-1.0,7,-0.2356973064228714,0.07002634775625542,-0.1251765133332168,-0.4382672510453099,-35.354595963430704,9.661275897004101,-21.31095388100793,-50.077405076885704,0.01447197468699956,0.6323996928208381,1.0,-1.0,0.28099608751949107,0.06532995507934306,0.39382518520301674,0.13451291045360894,0.288141721506373,0.07265243206974872,0.39382518520301674,0.14022520865623472,0.7609523809523809,0.4265018814440136,1.0,0.0,0.8571428571428571,0.3499271061118826,1.0,0.0,0.0,0.0,0.0,0.0,0.0,0.0,0.0,0.0,0.0,0.0,0.0,0.0,0.0,0.0,0.0,0.0,0.0,0.0,0.0,0.0,0.0,0.0,0.0,0.0,0.045786320130862826,0.03153240555859542,0.18586756755347233,0.0055549846176671715,0.03700332625410233,0.019085480154817116,0.06165649555962667,0.0055549846176671715,0.2454647128444458,0.06439103797694982,0.32386000979393115,0.11822674174951356,0.245464695753366,0.06439103892239505,0.3238574643037797,0.11822674174951356,0.2912510329753086,0.05903227173743882,0.4958094933454176,0.16758988467685812,0.28246802200746834,0.06444452150596387,0.37506036578899227,0.16758988467685812,0.0,0.0,0,0,0.0,0.0,0,0,-43.68765494629627,507804,131000,873,13.458112076827092,1.4375249020085903,1.6009685029130196,16.496605481748702,2177.7545008403104,130
0.010159093,0.010658135,12.507395,-12.585157,11.044025,-0.4963905,-36.975517,-12.570597,11.040441,-0.51705897,-36.942375,-12.612678,11.053299,-0.516888,-36.868874,0.010159092,0.042901687,0.46286485,8.853385e-08,0.010658135,0.03225927,0.33526033,7.358724e-07,0.0831833,0.7964686,1.0,-1.0,-0.23465100736452368,0.08860655191565604,-0.010682835915575825,-0.4630835550020017,-35.19765110467856,12.682367201214616,-10.411770431216254,-56.304412014492186,-0.08802713,0.7592297,1.0,-1.0,7,-0.23392289299764782,0.08723762766787575,-0.05149183480360582,-0.4860363907644685,-35.088433949647175,12.010220584965058,-22.557239659337654,-54.91568700652898,-0.1301207432507311,0.6356589584550327,1.0,-1.0,0.26488263625787667,0.04416424740542261,0.35974602405780054,0.16296086731148865,0.27474125385575043,0.04762152567881237,0.35974602405780054,0.21023362534926837,0.7819047619047619,0.4129524248813893,1.0,0.0,1.0,0.0,1.0,1.0,0.14285714285714285,0.34992710611188255,1.0,0.0,0.14285714285714285,0.3499271061118826,1.0,0.0,0.07809523809523809,0.26832139661623367,1.0,0.0,0.14285714285714285,0.3499271061118826,1.0,0.0,0.0,0.0,0.0,0.0,0.0,0.0,0.0,0.0,0.04882203190625879,0.03350197310758039,0.20589358489558354,0.005944139549873442,0.034653482015187406,0.015037015967279571,0.05399894219895631,0.00651219033192719,0.1858289754582649,0.08193602968066978,0.28512325817956896,0.004738696365702382,0.18582896465059529,0.08193602475684711,0.28512000741797683,0.004738696365702382,0.23465100736452368,0.08860655191565604,0.4630835550020017,0.010682835915575825,0.2204824466657827,0.09495807940887122,0.3391189496169331,0.011250886697629572,0.0,0.0,0,0,0.0,0.0,0,0,-35.19765110467856,511804,132000,880,13.944004227771075,1.3986452229873976,1.6708209210337372,17.01347037179221,2194.751512050105,131
0.006203881,0.007112247,14.107933,-14.190372,12.242198,-0.39976484,-39.00524,-14.169168,12.236889,-0.41272208,-38.923916,-14.186564,12.215132,-0.44324932,-38.850784,0.006203881,0.0193594,0.19663857,8.036295e-09,0.007112247,0.020070912,0.18381597,3.4511322e-07,-0.10780159,0.7968461,1.0,-1.0,-0.1828677643276932,0.12122899394533837,-0.045722668390892895,-0.4320812920917119,-27.430164649153976,17.97949778634193,-7.614015973826843,-52.23807637246257,-0.06457648,0.5859492,1.0,-1.0,6,-0.25520303700276137,0.08214992178176321,-0.11047264672568469,-0.4600661659105205,-38.28045555041421,11.469435912479037,-22.32204213921839,-53.094771813429695,-0.11680349632317501,0.6699675388579502,1.0,-1.0,0.26245647162923436,0.0962545285066007,0.38251698824286184,0.0753259707439898,0.27218907840867385,0.101085886338946,0.3778531296517729,0.07885635126332415,0.7457142857142857,0.435458941573047,1.0,0.0,0.7142857142857143,0.45175395145262565,1.0,0.0,0.42857142857142855,0.49487165930539345,1.0,0.0,0.42857142857142855,0.49487165930539345,1.0,0.0,0.26571428571428574,0.4417128072420276,1.0,0.0,0.2857142857142857,0.45175395145262565,1.0,0.0,0.0,0.0,0.0,0.0,0.0,0.0,0.0,0.0,0.04294355784996055,0.03158543060124277,0.15841882333781182,0.011530058986681592,0.04192288346106809,0.029587673304942264,0.10042547388558089,0.01930379613593962,0.13992420647773265,0.09962205278572266,0.2736624687539001,0.027375239854781845,0.1398619783505439,0.09968724655869564,0.2736604817264167,0.027375239854781845,0.1828677643276932,0.12122899394533837,0.4320812920917119,0.045722668390892895,0.18178486181161202,0.12394933539968422,0.3539013715351655,0.04810793978362833,0.0,0.0,0,0,0.0,0.0,0,0,-27.430164649153976,515804,133000,886,13.804836412047734,1.3840778729936574,1.6937624260463053,16.882676711087697,2211.665031571174,132
0.012186039,0.0056301444,13.0132065,-13.162146,11.447798,-0.5907552,-37.01531,-13.109995,11.425054,-0.5313921,-37.1072,-13.090132,11.410124,-0.4680821,-36.999374,0.012186039,0.021631837,0.16058159,2.1797778e-06,0.0056301444,0.015742937,0.15119188,4.8119034e-07,0.048399664,0.76868635,1.0,-1.0,-0.2292877806601071,0.0670826064430962,-0.11306749428660634,-0.44885379981651763,-34.39316709901607,9.57491628368483,-17.775847881851156,-49.85066682152212,-0.06312302,0.6475223,1.0,-1.0,7,-0.2533372413431784,0.056816217290997055,-0.1627991198329901,-0.4247046379322243,-38.00058620147676,8.133627468435812,-28.678198399675907,-51.21771738099253,-0.10260328161918326,0.5678447101803048,1.0,-1.0,0.21759779340271046,0.07240539273861428,0.3393849333423012,0.06945639631645942,0.2307457392232468,0.06375573697225918,0.33829973398868235,0.14687242746844126,0.8419047619047619,0.3648302807975896,1.0,0.0,1.0,0.0,1.0,1.0,0.0,0.0,0.0,0.0,0.0,0.0,0.0,0.0,0.0,0.0,0.0,0.0,0.0,0.0,0.0,0.0,0.0,0.0,0.0,0.0,0.0,0.0,0.0,0.0,0.042350342141634974,0.024419084455359542,0.18232057760386397,0.007317636967705677,0.032327676872317114,0.013743492959181662,0.057354077743911866,0.01680544208201778,0.18693743851847214,0.06228151847306361,0.3040404021403542,0.08915047765750675,0.18693637329560447,0.06228204299774685,0.3040379442069163,0.08915047765750675,0.2292877806601071,0.0670826064430962,0.44885379981651763,0.11306749428660634,0.21926405016792158,0.06493238341859615,0.32681827153309756,0.11718251359258078,0.0,0.0,0,0,0.0,0.0,0,0,-34.39316709901607,519804,134000,893,13.86111569487548,1.4133953810087405,1.6453235697117634,16.919834645595984,2228.582971406766,133
0.0051631634,0.0052154153,15.073352,-15.138025,13.376367,-0.45662344,-50.502,-15.152324,13.374863,-0.4560556,-50.51797,-15.146008,13.375808,-0.45526728,-50.573826,0.005163164,0.0135764545,0.12124778,1.0942447e-08,0.005215415,0.013163155,0.125915,6.214658e-07,0.01216967,0.764129,1.0,-1.0,-0.22071169653583667,0.0852332341053297,-0.1350957954927461,-0.5241441251086563,-33.1067544803755,12.457109459453587,-21.34689017184668,-58.09104892359343,-0.14850181,0.6618162,1.0,-1.0,7,-0.20320319623156413,0.046297932379410336,-0.09269658265477929,-0.3327697073224911,-30.48047943473461,4.958696994709693,-25.93262092778532,-39.98171689600001,-0.1200737371842671,0.6297587381252364,1.0,-1.0,0.2706226784762017,0.060639629502573116,0.373252631282715,0.1154336581447265,0.28098689973713936,0.06239775729811293,0.3639345114411483,0.18037910800412416,0.800952380952381,0.3992839395706932,1.0,0.0,0.8571428571428571,0.3499271061118826,1.0,0.0,0.0,0.0,0.0,0.0,0.0,0.0,0.0,0.0,0.0,0.0,0.0,0.0,0.0,0.0,0.0,0.0,0.0,0.0,0.0,0.0,0.0,0.0,0.0,0.0,0.03853072879024299,0.027863596632124735,0.1952376712082072,0.006936589578250635,0.03491938197794576,0.019446324767490236,0.07904387782090576,0.01395350295870564,0.18218096774559367,0.06999853692319363,0.32890645390044904,0.11885371670412032,0.18218096062260572,0.06999853401903318,0.32890551931606704,0.11885371670412032,0.22071169653583667,0.0852332341053297,0.5241441251086563,0.1350957954927461,0.2171003426005515,0.0764910373279839,0.36252257197845084,0.14246416491320835,0.0,0.0,0,0,0.0,0.0,0,0,-33.1067544803755,523804,135000,900,13.307045689769438,1.4143028520047665,1.651831028968445,16.37317957074265,2244.9718832065264,134
0.0060118893,0.007995209,13.119836,-13.22891,12.5895605,-0.6050333,-43.2579,-13.250348,12.600868,-0.60873014,-43.330788,-13.215113,12.584662,-0.57163656,-43.32811,0.0060118893,0.013113104,0.070792936,9.114211e-08,0.007995209,0.01836241,0.13697262,1.4271338e-07,-0.06495564,0.7981673,1.0,-1.0,-0.2259301209964385,0.06274710505546592,-0.11501706078241834,-0.40979372346250936,-33.88951814946578,8.633361872882476,-21.57390702016608,-47.43131674556894,-0.026379999,0.7094691,1.0,-1.0,6,-0.1880547149207626,0.08242855574297657,-0.04553735025882564,-0.4799707557618995,-28.208207238114387,11.692672904900173,-10.958561551122548,-49.3705228796162,0.0396350503378771,0.6080967619720856,1.0,-1.0,0.23761706533842317,0.05567532906944659,0.33321259590173813,0.100525440005005,0.2509377900772511,0.055117015257990024,0.33321259590173813,0.17119660759379737,0.8266666666666667,0.3785351884420904,1.0,0.0,0.8571428571428571,0.3499271061118826,1.0,0.0,0.0,0.0,0.0,0.0,0.0,0.0,0.0,0.0,0.0,0.0,0.0,0.0,0.0,0.0,0.0,0.0,0.0,0.0,0.0,0.0,0.0,0.0,0.0,0.0,0.04986554788232604,0.025803611159494574,0.17977682532353187,0.012710869252148043,0.04221215738897183,0.01824638951381025,0.06920341345491118,0.012710869252148043,0.17606457311411244,0.05546706311432024,0.2595060457180726,0.08969592157899135,0.1760645621662309,0.05546706105587267,0.2595027324617558,0.08969592157899138,0.2259301209964385,0.06274710505546592,0.40979372346250936,0.11501706078241834,0.21827671955520273,0.062353363461328006,0.328706145916667,0.13436170806015538,0.0,0.0,0,0,0.0,0.0,0,0,-33.88951814946578,527804,136000,906,13.178438239992829,1.4288698310119798,1.5879608121031197,16.19526888310793,2261.222784840633,135
0.010377225,0.01025893,13.131787,-13.19265,11.720532,-0.43818736,-40.50102,-13.201118,11.729454,-0.36923724,-40.524292,-13.219541,11.743269,-0.44736382,-40.54296,0.010377224,0.04277637,0.46457675,8.185525e-07,0.01025893,0.03977988,0.42965955,3.3527613e-08,-0.06380178,0.7914434,1.0,-1.0,-0.24764976857730894,0.11030286889665042,-0.06895409314913258,-0.5158013378122897,-37.147465286596336,15.836657657391477,-13.097914981838056,-54.33134443986488,-0.014567679,0.6812723,1.0,-1.0,7,-0.20711568464563365,0.10016810477788973,-0.039647560537751474,-0.5094130396067799,-31.06735269684504,12.98019767271054,-16.66754925326699,-52.6726056215323,-0.027997590177276266,0.6123262294994136,1.0,-1.0,0.24914478027932135,0.06783734813300983,0.3425573683675363,0.09069911471630918,0.2691088010347102,0.07518865665305909,0.3394040194266029,0.10052905998665172,0.8447619047619047,0.36213150791520937,1.0,0.0,1.0,0.0,1.0,1.0,0.0,0.0,0.0,0.0,0.0,0.0,0.0,0.0,0.0,0.0,0.0,0.0,0.0,0.0,0.0,0.0,0.0,0.0,0.0,0.0,0.0,0.0,0.0,0.0,0.041936819318447366,0.03650474012688411,0.21341761481302932,0.006867521735202865,0.02865398356616367,0.014406940193237397,0.049785648120813195,0.010331183847739362,0.20571294925886155,0.09247282899666122,0.30238372299926036,0.06188047102853021,0.20571293931492934,0.09247282233734337,0.3023810731981023,0.06188047102853021,0.24764976857730894,0.11030286889665042,0.5158013378122897,0.06895409314913258,0.234366922881093,0.09802402250371506,0.33260000145693047,0.08752587803568382,0.0,0.0,0,0,0.0,0.0,0,0,-37.147465286596336,531804,137000,913,13.449291138123954,1.4836623309965944,1.6159464339143597,16.548899903034908,2277.7838896596513,136
0.0055127307,0.007051293,13.624703,-13.707166,11.721959,-0.47906026,-44.141987,-13.723639,11.728103,-0.45350966,-44.22477,-13.700417,11.721667,-0.45621067,-44.130714,0.005512731,0.019287534,0.20415027,5.618822e-07,0.007051293,0.015205764,0.12878326,3.1887976e-07,-0.027123526,0.80760163,1.0,-1.0,-0.23639807450955222,0.10150057249554942,-0.08328647171390124,-0.529897912331615,-35.45971117643283,14.81317011716415,-13.397242002236824,-62.17603854712992,-0.055992473,0.59471333,1.0,-1.0,7,-0.2277038288208105,0.07755938717678623,-0.07389469588955787,-0.4530559629211456,-34.15557432312158,11.091746974218955,-14.644568673491744,-48.52122422502892,-0.03720134332598167,0.638283912020582,1.0,-1.0,0.25371677306393126,0.09034702847417886,0.4201855200997537,0.11914240186960495,0.25894225749564626,0.08565500686158391,0.39655494457556745,0.12270724325862362,0.8723809523809524,0.33366514097797945,1.0,0.0,1.0,0.0,1.0,1.0,0.0,0.0,0.0,0.0,0.0,0.0,0.0,0.0,0.0,0.0,0.0,0.0,0.0,0.0,0.0,0.0,0.0,0.0,0.0,0.0,0.0,0.0,0.0,0.0,0.03627594221404154,0.02794393029775934,0.23441216904882942,0.002551039882629414,0.027242247708711174,0.009849869048522164,0.0437789334206048,0.012712526870082905,0.20012213229551068,0.0889494508433907,0.36775728471816593,0.0753118064240735,0.2001221246853079,0.08894944661970185,0.36775496125479906,0.0753118064240735,0.23639807450955222,0.10150057249554942,0.529897912331615,0.08328647171390124,0.22736437239401905,0.08874266249383946,0.39233044360784813,0.09107619365815442,0.0,0.0,0,0,0.0,0.0,0,0,-35.45971117643283,535804,138000,920,12.706151707097888,1.4972786959988298,1.5219764539942844,15.725406857091002,2293.586730753741,137
0.012061956,0.008020711,14.494112,-14.5581,12.678969,-0.7284425,-39.365685,-14.574304,12.673774,-0.79003334,-39.30989,-14.581213,12.674973,-0.77990955,-39.284355,0.012061955,0.0358572,0.38135728,5.26448e-07,0.008020711,0.026741935,0.2901911,1.5121265e-07,-0.014269013,0.80413187,1.0,-1.0,-0.26714843146700196,0.06519933243604945,-0.12907879037167994,-0.5231038173186968,-40.072264720050285,9.145891104351135,-25.82594932380593,-55.77095677954419,-0.068850346,0.6434527,1.0,-1.0,6,-0.21176436644354538,0.09956847277792868,-0.038515789019814436,-0.5151717771161094,-31.764654966531804,14.675897181602487,-8.740661921911292,-58.718781281213516,-0.0040011911145090865,0.6055593737893183,1.0,-1.0,0.2598970097767078,0.07865480256340154,0.36738427175348065,0.11087465898502319,0.26398788318202693,0.07854070671574824,0.3658137891343499,0.1526240164283914,0.9104761904761904,0.2854983310847091,1.0,0.0,1.0,0.0,1.0,1.0,0.0,0.0,0.0,0.0,0.0,0.0,0.0,0.0,0.0,0.0,0.0,0.0,0.0,0.0,0.0,0.0,0.0,0.0,0.0,0.0,0.0,0.0,0.0,0.0,0.034159857504129545,0.027849138791001753,0.21184637712198479,0.006798302996458448,0.027207793057145966,0.015361150697586689,0.05521731561033576,0.009728847615965614,0.2329885739628724,0.07300119564661287,0.3533976977459284,0.1139470601121231,0.23298856116962915,0.07300119478805918,0.3533955367991945,0.11394706011212313,0.26714843146700196,0.06519933243604945,0.5231038173186968,0.12907879037167994,0.2601963542267751,0.06695682108355068,0.3631243844151601,0.1372869220116157,0.0,0.0,0,0,0.0,0.0,0,0,-40.072264720050285,539804,139000,926,13.071304533004877,1.5741399230028037,1.561805751931388,16.20725020793907,2309.7719030036533,138
0.0064672288,0.00600326,12.753907,-12.878272,11.140131,-0.8204974,-40.156723,-12.85018,11.133893,-0.77907455,-39.98842,-12.863024,11.153873,-0.7938551,-39.960236,0.0064672288,0.010945813,0.05470166,9.616069e-07,0.00600326,0.009281725,0.057568766,2.5355257e-07,-0.09176846,0.78755105,1.0,-1.0,-0.26019976391507255,0.08330844185385079,-0.11948619829165445,-0.4748586869268753,-39.0299645872609,11.809499631456372,-18.957413582349744,-59.32021054688674,0.11364509,0.6366356,1.0,-1.0,7,-0.20460138406495637,0.10047330709478158,-0.047595148616992294,-0.49606699090044404,-30.69020760974346,14.561529989254337,-12.387905960558603,-55.712781553269906,0.09793264290393792,0.5752766920346483,1.0,-1.0,0.2996486815946734,0.0561853428408231,0.41126278313553816,0.14565254659826068,0.30944073932361144,0.06201990329801927,0.41033320765438275,0.2316608964306086,0.780952380952381,0.41360096667825647,1.0,0.0,0.8571428571428571,0.3499271061118826,1.0,0.0,0.0,0.0,0.0,0.0,0.0,0.0,0.0,0.0,0.0,0.0,0.0,0.0,0.0,0.0,0.0,0.0,0.0,0.0,0.0,0.0,0.0,0.0,0.0,0.0,0.04628446506080175,0.032083730787152334,0.21227574141793046,0.01197099126046586,0.038322220492554314,0.017997141997734875,0.0717963798277831,0.018670103712346776,0.21391529885427082,0.06577383205186235,0.3369013055735632,0.10309527131635639,0.21391528858617398,0.06577382671501254,0.33689919678259256,0.10309527131635639,0.26019976391507255,0.08330844185385079,0.4748586869268753,0.11948619829165445,0.25223750907872833,0.07733356905046067,0.3940663181576128,0.1268195488232583,0.0,0.0,0,0,0.0,0.0,0,0,-39.0299645872609,543804,140000,933,13.391845805177581,1.5531009979895316,1.6080693174299086,16.55301612059702,2326.366519217263,139
0.005552586,0.008939715,14.021166,-14.073499,11.738207,-0.859952,-39.0691,-14.058352,11.730162,-0.82161045,-38.946987,-14.120174,11.756051,-0.85471123,-39.045475,0.005552586,0.007890111,0.038021162,6.175251e-07,0.008939715,0.014805749,0.09068118,4.456524e-07,-0.0333113,0.8159185,1.0,-1.0,-0.17628904523124836,0.04647030654762294,-0.05384282665734736,-0.38609177491317503,-26.44335678468725,5.893247656225926,-14.150375752584246,-34.45282080428975,0.00884033,0.5299001,1.0,-1.0,7,-0.25715307331263637,0.07850965422859404,-0.10808340324389559,-0.508608361761878,-38.57296099689544,11.257820928452684,-20.38445413386287,-52.37964822750944,-0.15291828501371404,0.6690804649466163,1.0,-1.0,0.1986016242375774,0.059263374959918264,0.3054844061536462,0.07643798086314352,0.20182668577975035,0.062037705933512606,0.30507904917545897,0.09749452847946498,0.8638095238095238,0.34299071472196957,1.0,0.0,1.0,0.0,1.0,1.0,0.14285714285714285,0.3499271061118826,1.0,0.0,0.14285714285714285,0.3499271061118826,1.0,0.0,0.037142857142857144,0.1891117799242618,1.0,0.0,0.0,0.0,0.0,0.0,0.0,0.0,0.0,0.0,0.0,0.0,0.0,0.0,0.041482091821283415,0.028997536789153844,0.2278680811077502,0.006069020983207901,0.03134967325077997,0.013766739853998183,0.04706201922436686,0.0102754910625359,0.13480695340996493,0.03805095457235558,0.16903741457353136,0.04777380567413946,0.1348069439224658,0.03805094970920971,0.16903369576959942,0.04777380567413946,0.17628904523124836,0.04647030654762294,0.38609177491317503,0.05384282665734736,0.16615661717324579,0.044433475170649675,0.21536812568051356,0.06725940899112243,0.0,0.0,0,0,0.0,0.0,0,0,-26.44335678468725,547804,141000,940,13.075536499978625,1.594172126002377,1.5945518201187951,16.264260446099797,2342.531207237378,140
0.006797637,0.0039023035,13.463298,-13.5984955,11.532784,-0.79373074,-40.650875,-13.573568,11.522545,-0.7546383,-40.63598,-13.562393,11.531191,-0.7860772,-40.68697,0.0067976373,0.012921029,0.08790135,2.660688e-07,0.003902303,0.006991735,0.037621297,3.4679601e-09,-0.043584242,0.78744614,1.0,-1.0,-0.2813323005582707,0.11568565306381269,-0.045437374676869424,-0.5569010029118748,-42.19984508374059,16.521216596051694,-9.516585385528952,-64.51415055017623,0.033438094,0.7041969,1.0,-1.0,6,-0.21921093595737604,0.05954114498707089,-0.11790399577222953,-0.4033247763288866,-32.881640393606396,8.10191235949837,-23.724995408653047,-49.25685322305803,-0.07947475218871582,0.6582050823275312,1.0,-1.0,0.24925152004643644,0.09163464017350807,0.3770263803373535,0.032632980097094075,0.2574209326912363,0.09904315104732471,0.3770263803373535,0.03902678342155255,0.8219047619047619,0.38259289625271214,1.0,0.0,1.0,0.0,1.0,1.0,0.14285714285714285,0.3499271061118826,1.0,0.0,0.14285714285714285,0.3499271061118826,1.0,0.0,0.09904761904761905,0.29872594163985283,1.0,0.0,0.14285714285714285,0.3499271061118826,1.0,0.0,0.13333333333333333,0.33993463423951903,1.0,0.0,0.14285714285714285,0.3499271061118826,1.0,0.0,0.04894768491187718,0.04276446467374084,0.25114151325558914,0.013612306600201097,0.029669548035060223,0.010646034016952903,0.04547382444482601,0.015679531533865664,0.23238461564639346,0.09208285463644435,0.34942706653815286,0.02865254604309817,0.23154518323260923,0.09385957356223493,0.34942512110584667,0.02865254604309817,0.2813323005582707,0.11568565306381269,0.5569010029118748,0.045437374676869424,0.2612147312676695,0.09839910768506903,0.37904111156531,0.045437374676869424,0.0,0.0,0,0,0.0,0.0,0,0,-42.19984508374059,551804,142000,946,12.865631495107664,1.4944463029969484,1.5867810371128144,15.946858835217427,2358.603278865601,141
0.004681822,0.005476963,13.550897,-13.662033,11.482613,-0.7932838,-41.054848,-13.655651,11.490275,-0.76575387,-41.171547,-13.63777,11.4744425,-0.74381506,-41.09146,0.004681821,0.0074021663,0.04311583,4.6625792e-07,0.0054769632,0.010972569,0.09006078,3.916867e-11,0.057574205,0.7702642,1.0,-1.0,-0.18519498239971302,0.08229313688177992,-0.07801616945941856,-0.4942668102140272,-27.77924735995695,11.487916046128518,-12.173781958768298,-51.18249501717695,-0.028213117,0.69667584,1.0,-1.0,7,-0.2013028618333702,0.09525446229214493,-0.05164338736300349,-0.4475785817215151,-30.195429275005527,13.888100075089728,-11.710084493294334,-49.97226185153421,0.006961067752660272,0.5701631652102017,1.0,-1.0,0.18550695393054814,0.07300242195525744,0.33135410103428736,0.07017319000831948,0.19102961502307672,0.08124422926032046,0.32684270170484564,0.07165773743095943,0.8571428571428571,0.34992710611188255,1.0,0.0,1.0,0.0,1.0,1.0,0.13523809523809524,0.341977708095816,1.0,0.0,0.14285714285714285,0.34992710611188266,1.0,0.0,0.0,0.0,0.0,0.0,0.0,0.0,0.0,0.0,0.0,0.0,0.0,0.0,0.0,0.0,0.0,0.0,0.033984117746329034,0.03240509395505415,0.2038484436564401,0.004294142676249687,0.017441254139489992,0.007815340588036542,0.0342923882946479,0.007577402113939144,0.151210864653384,0.0685165327503877,0.29041836655758707,0.0589852624275948,0.15115919974067804,0.06858299143899108,0.290416650018818,0.0589852624275948,0.18519498239971302,0.08229313688177992,0.4942668102140272,0.07801616945941856,0.16860045388016803,0.06837303757972808,0.30898997329579125,0.0787489442744022,0.0,0.0,0,0,0.0,0.0,0,0,-27.77924735995695,555804,143000,953,12.960505845170701,1.620010976010235,1.5980065781186568,16.178523399299593,2374.704712688894,142
0.0046349256,0.0071327277,13.011028,-13.068129,11.525477,-0.8206556,-38.8052,-13.097306,11.530558,-0.860319,-38.79071,-13.052913,11.524138,-0.7790218,-38.786114,0.0046349256,0.008465917,0.07417183,6.999176e-07,0.0071327277,0.01190165,0.06098626,3.4960976e-09,0.0049777552,0.8034734,1.0,-1.0,-0.249769909075365,0.07611995862490388,-0.10322985050730513,-0.47625140774135666,-37.46548636130474,10.419021010604668,-16.548892750906223,-54.20878588025263,-0.02421131,0.705005,1.0,-1.0,7,-0.2034979840729211,0.07266880257031827,-0.06728342037332283,-0.3868024189627196,-30.524697610938166,8.062374134342209,-17.185671828358547,-45.57092298245812,0.08034488681106071,0.5966192616543964,1.0,-1.0,0.24855989370110954,0.07799622104891622,0.3592412090979241,0.07559234835344641,0.258105129251196,0.08603109801837801,0.3592412090979241,0.09676806010013378,0.7666666666666667,0.42295258468165065,1.0,0.0,1.0,0.0,1.0,1.0,0.0,0.0,0.0,0.0,0.0,0.0,0.0,0.0,0.0,0.0,0.0,0.0,0.0,0.0,0.0,0.0,0.0,0.0,0.0,0.0,0.0,0.0,0.0,0.0,0.04499196186208232,0.032940355334547665,0.2202658931314021,0.0020252105479433395,0.023941367432733174,0.01082450842718962,0.03994086769986826,0.00953954498269051,0.2047779472132826,0.05865360605842021,0.29828910569744904,0.08483098260077258,0.20465872305296176,0.05888401612581634,0.2982859984190977,0.08483098597661785,0.249769909075365,0.07611995862490388,0.47625140774135666,0.10322985050730513,0.228600090485695,0.060962367715563986,0.32003543368084364,0.10504450821567696,0.0,0.0,0,0,0.0,0.0,0,0,-37.46548636130474,559804,144000,960,13.311870877936599,1.542867580006714,1.5927684869384393,16.447506944881752,2391.1352538927604,143
0.0058341185,0.005786816,14.413345,-14.524537,12.133826,-0.8291818,-38.864456,-14.57079,12.153733,-0.8626873,-38.903603,-14.555393,12.139912,-0.79362375,-38.988113,0.005834119,0.008031551,0.03511192,2.5486552e-06,0.0057868166,0.009088319,0.052624434,4.764061e-09,0.010060992,0.7966167,1.0,-1.0,-0.2572388125475772,0.07899625431133225,-0.16241818817140857,-0.5189852147320994,-38.58582188213656,10.609526046538836,-26.166598237300498,-55.982958228780845,0.107728995,0.74174225,1.0,-1.0,6,-0.21191283806284972,0.09263926458637908,-0.027565220482228175,-0.4207425967328155,-31.786925709427464,13.443862669580147,-7.4189079850808355,-47.412729535960274,0.04829159043643647,0.5621971583427191,1.0,-1.0,0.23954967981104844,0.06030377623291408,0.3662512188356866,0.12440550022978397,0.25169027038074004,0.06645365186290632,0.3662512188356866,0.16949006678701523,0.8285714285714286,0.3768830273792263,1.0,0.0,1.0,0.0,1.0,1.0,0.0,0.0,0.0,0.0,0.0,0.0,0.0,0.0,0.0,0.0,0.0,0.0,0.0,0.0,0.0,0.0,0.0,0.0,0.0,0.0,0.0,0.0,0.0,0.0,0.045911663285290935,0.038599987970696754,0.23177236118658473,0.009048987817500229,0.03288312073601234,0.008272177826390368,0.044503163378386446,0.018491849092592747,0.21132714926228618,0.06397383913467197,0.31642606533826795,0.12933329648545125,0.2113271331442572,0.0639738386127849,0.3164239129009683,0.12933329648545125,0.2572388125475772,0.07899625431133225,0.5189852147320994,0.16241818817140857,0.24421025388026954,0.0641509774658311,0.35012412321190733,0.1663934738243563,0.0,0.0,0,0,0.0,0.0,0,0,-38.58582188213656,563804,145000,966,12.77458538292558,1.5261382099997718,1.5334947890369222,15.834218381962273,2406.9635831797495,144
0.004108832,0.0048013437,14.244283,-14.351297,12.248409,-0.88762206,-40.181076,-14.340918,12.2571125,-0.83618104,-40.161842,-14.358055,12.250053,-0.8737598,-40.207962,0.004108832,0.010907876,0.08276371,8.913958e-09,0.004801344,0.012572056,0.093920596,7.823985e-07,0.06381565,0.7877264,1.0,-1.0,-0.22654353939795463,0.07297851239029364,-0.07611888083567184,-0.45555802202684836,-33.9815309096932,10.45918365217152,-16.321213948341622,-49.30837847913076,-0.10315676,0.6929797,1.0,-1.0,7,-0.2465801880049871,0.07323305966079406,-0.0892625190902957,-0.4142369698226068,-36.987028200748064,10.181382408350277,-17.704425883200354,-49.88548527923161,-0.02219077046286693,0.6401895681406886,1.0,-1.0,0.23965837931783096,0.05880011890751426,0.3636641338126302,0.12970191429528166,0.24966569408744577,0.05264343242752534,0.3315996587658901,0.17335131460258152,0.8504761904761905,0.35660403798793006,1.0,0.0,0.8571428571428571,0.3499271061118826,1.0,0.0,0.0,0.0,0.0,0.0,0.0,0.0,0.0,0.0,0.0,0.0,0.0,0.0,0.0,0.0,0.0,0.0,0.0,0.0,0.0,0.0,0.0,0.0,0.0,0.0,0.0420613365658522,0.024680515362291596,0.18101576656386217,0.0019246657243527831,0.03413273403649566,0.01836555464597136,0.062458022654420936,0.007537997003432637,0.18448220283210243,0.0657469736594049,0.2745422554629862,0.07177976465476303,0.18448219071028657,0.06574696726361294,0.2745407559698481,0.07177976465476303,0.22654353939795463,0.07297851239029364,0.45555802202684836,0.07611888083567184,0.2186149247467822,0.07719709199681737,0.32314148388924,0.07931776165819567,0.0,0.0,0,0,0.0,0.0,0,0,-33.9815309096932,567804,146000,973,12.800325576186879,1.5205256049957825,1.531369900025311,15.852221081207972,2422.8431552609836,145
0.0098040225,0.009262661,13.118832,-13.179859,11.167945,-0.96297574,-38.609207,-13.18539,11.190642,-0.96875167,-38.663315,-13.214402,11.180556,-0.96303797,-38.61404,0.009804023,0.054703906,0.61863434,1.8751302e-07,0.009262661,0.05789714,0.6541435,1.0206804e-09,-0.11759908,0.81640595,1.0,-1.0,-0.26465446244329477,0.10295065585054632,-0.06007114968488727,-0.5976524742479097,-39.69816936649422,14.72331179028678,-12.337807416036991,-65.58088493133017,0.10122493,0.67282176,1.0,-1.0,7,-0.20609209924001826,0.09957312822736865,-0.012846255039994252,-0.47868248963943755,-30.91381488600274,14.224207826446303,-6.135342536514215,-46.43260293798816,-0.04939362843654326,0.5884967139661923,1.0,-1.0,0.25089655303537506,0.061348859535479215,0.39210493742244623,0.13128949635842582,0.2634819598661614,0.06416335280755393,0.3854039691956441,0.16595718701420575,0.8352380952380952,0.370965523332201,1.0,0.0,1.0,0.0,1.0,1.0,0.14285714285714285,0.34992710611188255,1.0,0.0,0.14285714285714285,0.3499271061118826,1.0,0.0,0.0,0.0,0.0,0.0,0.0,0.0,0.0,0.0,0.0,0.0,0.0,0.0,0.0,0.0,0.0,0.0,0.039867358519318205,0.03588012515060395,0.22867577966139202,0.0020052646722391798,0.02611823806230706,0.013720109548960274,0.056888010861677774,0.015356910628735081,0.22478710392397652,0.08962470031164285,0.36897669458651766,0.048097771096136,0.22478709057694604,0.08962469741028523,0.3689748973856577,0.048097771096136,0.26465446244329477,0.10295065585054632,0.5976524742479097,0.06007114968488727,0.2509053286392531,0.08800814449724982,0.38550689803436206,0.07089148796329624,0.0,0.0,0,0,0.0,0.0,0,0,-39.69816936649422,571804,147000,980,13.484080825874116,1.5483574829995632,1.6063467736094026,16.638785082483082,2439.40812366546,146
0.005318461,0.004555598,14.404023,-14.532709,12.396684,-0.8964015,-41.205364,-14.5041,12.3895645,-0.865535,-41.06532,-14.5077305,12.38676,-0.8795421,-41.16769,0.005318461,0.009141109,0.053777266,1.4262332e-07,0.0045555974,0.010318403,0.07444298,1.6816557e-09,-0.0007334389,0.81983954,1.0,-1.0,-0.24797325356247008,0.04788832054244782,-0.15995691911068896,-0.45170686606215393,-37.195988034370494,6.147138565120175,-29.18829698839659,-47.19451885240333,-0.0022166152,0.69247997,1.0,-1.0,6,-0.21664219985046865,0.0839551911404944,-0.07188884429532286,-0.4930856333867575,-32.4963299775703,12.037107546366398,-15.226009773885778,-54.46693887683459,-0.07066276732142819,0.6273806793297798,1.0,-1.0,0.2593304229882364,0.02820846328631465,0.3352750821350121,0.1839513676963484,0.26058507753295834,0.020713857415927007,0.28573119574783357,0.2190164172929074,0.8171428571428572,0.3865493605780061,1.0,0.0,1.0,0.0,1.0,1.0,0.0,0.0,0.0,0.0,0.0,0.0,0.0,0.0,0.0,0.0,0.0,0.0,0.0,0.0,0.0,0.0,0.0,0.0,0.0,0.0,0.0,0.0,0.0,0.0,0.04027497279301511,0.028144318883089627,0.17615985316854518,0.008662209242558984,0.026172732138624224,0.010857815532454322,0.043253202608297334,0.013253557957151081,0.20769828076945498,0.04790907721713047,0.2755470128936088,0.13252023337967084,0.20769826653799642,0.047909071609821774,0.27554568798995704,0.13252023337967084,0.24797325356247008,0.04788832054244782,0.45170686606215393,0.15995691911068896,0.23387099867662067,0.04328768758956639,0.30791625427919284,0.17577343598796819,0.0,0.0,0,0,0.0,0.0,0,0,-37.195988034370494,575804,148000,986,13.492637765069958,1.4742916950053768,1.6628736108832527,16.629803070958587,2456.0918794784084,147
0.013436123,0.016158711,14.447278,-14.480892,12.464737,-0.9172862,-41.88814,-14.467584,12.464947,-0.90652514,-41.869812,-14.513842,12.498825,-0.8889053,-42.024006,0.013436123,0.022407016,0.13274142,1.3536919e-06,0.016158711,0.029160475,0.18873595,2.4734823e-07,-0.013959337,0.81590414,1.0,-1.0,-0.25581526566638285,0.08390107503084465,-0.13988038823155682,-0.5452485521660774,-38.37228984995743,11.946912593316515,-24.937843787970426,-62.72539284567156,0.05245729,0.6906746,1.0,-1.0,7,-0.22738660999058088,0.1042183694894652,-0.012702107785849546,-0.5035043050329662,-34.10799149858713,14.865917560837085,-8.372110171554764,-58.64095282211811,-0.04166582071118453,0.6387723445434716,1.0,-1.0,0.24996366153843957,0.08148966535660318,0.4289329042053752,0.11036930127412613,0.2560484258613622,0.07992627115416245,0.42856449877813385,0.18571023684464238,0.8819047619047619,0.3227208590011918,1.0,0.0,1.0,0.0,1.0,1.0,0.0,0.0,0.0,0.0,0.0,0.0,0.0,0.0,0.0,0.0,0.0,0.0,0.0,0.0,0.0,0.0,0.0,0.0,0.0,0.0,0.0,0.0,0.0,0.0,0.040653765403919795,0.031105714732748427,0.24099747893669096,0.005955009522056872,0.029766646480528118,0.007343922645839548,0.04070993431934898,0.01925944906312317,0.215161500262463,0.07835342612553421,0.3803685696583613,0.1322349231338432,0.21516148072337446,0.07835342696839041,0.38036630510847125,0.1322349231338432,0.25581526566638285,0.08390107503084465,0.5452485521660774,0.13988038823155682,0.24492812720390258,0.08242400814040636,0.42107623942782024,0.15730274373176423,0.0,0.0,0,0,0.0,0.0,0,0,-38.37228984995743,579804,149000,993,12.832332278048852,1.5292788429942448,1.5754477491427679,15.937058870185865,2471.961574666595,148
0.005359277,0.0059547443,13.423147,-13.510746,11.47935,-1.0335994,-42.607056,-13.497372,11.4609785,-1.0435717,-42.520542,-13.522531,11.475255,-1.0388874,-42.69719,0.005359277,0.009672196,0.054085556,5.494417e-07,0.005954744,0.011354967,0.09494015,7.714931e-08,-0.018371139,0.82629174,1.0,-1.0,-0.23805800854466636,0.08014707712251576,-0.09804252642138397,-0.46798710388856957,-35.70870128169996,11.574715124606413,-18.565920827125677,-50.81943807224175,0.13028282,0.6557432,1.0,-1.0,7,-0.2649458018482878,0.10357472654414274,-0.04557951122718858,-0.5822672547971943,-39.74187027724317,12.456738527073206,-25.16785141115311,-63.07169220902443,-0.0405550966000253,0.6804235458430552,1.0,-1.0,0.23134875393057666,0.05486389062203093,0.3336352965446436,0.1241486058148705,0.23527833727685094,0.05851488123288074,0.3173607505052738,0.15046332923987296,0.9257142857142857,0.2622352892704861,1.0,0.0,0.8571428571428571,0.3499271061118826,1.0,0.0,0.0,0.0,0.0,0.0,0.0,0.0,0.0,0.0,0.0,0.0,0.0,0.0,0.0,0.0,0.0,0.0,0.0,0.0,0.0,0.0,0.0,0.0,0.0,0.0,0.034244440338139816,0.023683388812593256,0.17268876856759052,0.006436984875802157,0.03652760697623496,0.01147708716409054,0.060716422385435655,0.02420420369941063,0.20381356820652655,0.07096144312791719,0.2979392704073903,0.09064300048476295,0.2038135581779077,0.07096143816281543,0.29793806458732913,0.09064300048476295,0.23805800854466636,0.08014707712251576,0.46798710388856957,0.09804252642138397,0.24034116515414267,0.07877382158414582,0.3586544869727648,0.12644624709996966,0.0,0.0,0,0,0.0,0.0,0,0,-35.70870128169996,583804,150000,1000,12.66488583885075,1.4616368590068305,1.5880299549899064,15.714552652847487,2487.707229247433,149
0.007281743,0.0046213404,13.921888,-14.099936,11.893166,-0.9578069,-41.192703,-14.094792,11.880516,-0.95789266,-41.087673,-14.079561,11.860684,-0.97799724,-41.023853,0.007281743,0.014253081,0.09939003,1.1381331e-09,0.0046213404,0.008069245,0.041212514,1.942e-08,0.15000111,0.7828287,1.0,-1.0,-0.22597657769423932,0.08919343712460032,-0.05204965176437995,-0.5020953269477704,-33.8964866541359,12.983773426211302,-11.254056622600407,-58.315388171413,0.03338656,0.66239816,1.0,-1.0,6,-0.27903534704213945,0.0617290146249907,-0.1933904350733898,-0.5192035381012956,-41.855302056320916,8.473247839976343,-34.9152509857915,-58.65211566602994,0.08971453890502043,0.6710553795743177,1.0,-1.0,0.24716889432040998,0.0741379599414263,0.40014715904597264,0.12229863100327816,0.2527419839360974,0.07523854996825902,0.3898091628544183,0.18401196145794993,0.9133333333333333,0.28134597128012256,1.0,0.0,1.0,0.0,1.0,1.0,0.14285714285714285,0.34992710611188255,1.0,0.0,0.14285714285714285,0.34992710611188266,1.0,0.0,0.008571428571428572,0.0921843760280096,1.0,0.0,0.0,0.0,0.0,0.0,0.0,0.0,0.0,0.0,0.0,0.0,0.0,0.0,0.03131803771660672,0.0244362850419185,0.1768674343898626,0.001476759951567773,0.02318484619834327,0.01076028287074008,0.03713434828160681,0.010013078410413679,0.19465853997763258,0.08271976131687234,0.34184027764533653,0.049053740729438224,0.1946585296669301,0.08271975872102845,0.3418379380806246,0.049053740729438224,0.22597657769423932,0.08919343712460032,0.5020953269477704,0.05204965176437995,0.21784337586527336,0.08495850426797326,0.37751404824739226,0.06935277397795142,0.0,0.0,0,0,0.0,0.0,0,0,-33.8964866541359,587804,151000,1006,12.991411343828076,1.4924193719925825,1.5625084353378043,16.046339151158463,2503.770996639607,150
0.0046089077,0.006275867,14.592464,-14.6572075,11.659224,-1.0291327,-41.6853,-14.674624,11.68248,-1.0165697,-41.740326,-14.662352,11.680411,-1.0293032,-41.687572,0.0046089077,0.008853388,0.05148106,2.9059777e-08,0.006275867,0.012908585,0.09383907,1.790923e-07,-0.008610108,0.80448425,1.0,-1.0,-0.25336025690296066,0.09266705670401675,-0.0731868229474099,-0.49545282167860194,-38.0040385354441,12.21915304108908,-19.57397356448998,-54.08973232553534,0.3634989,0.68463826,1.0,-1.0,7,-0.2669526155955063,0.07077006192593442,-0.14765656124145074,-0.521066290309953,-40.04289233932594,9.983450099226362,-26.315564571181337,-56.845304460819456,0.07713043251655233,0.6014529769346553,1.0,-1.0,0.2652672181327732,0.06713260791011166,0.343761084043436,0.11691933942681808,0.2741724783528896,0.07011272762430999,0.34070883359408183,0.12498707130078163,0.7619047619047619,0.4259177099999599,1.0,0.0,1.0,0.0,1.0,1.0,0.14285714285714285,0.34992710611188255,1.0,0.0,0.14285714285714285,0.34992710611188266,1.0,0.0,0.0,0.0,0.0,0.0,0.0,0.0,0.0,0.0,0.0,0.0,0.0,0.0,0.0,0.0,0.0,0.0,0.053494440391937646,0.054264516932953914,0.2804791566899405,0.004679917302437161,0.028197821024920553,0.007934215497200517,0.04095966662502033,0.019113574218960216,0.19986581651102306,0.08157494311277524,0.2925066559083403,0.04956275177098155,0.1998658066840599,0.08157493877771843,0.29250424955688265,0.04956275177098155,0.25336025690296066,0.09266705670401675,0.49545282167860194,0.0731868229474099,0.22806362770898048,0.08472213901078275,0.3201980938604979,0.0731868229474099,0.0,0.0,0,0,0.0,0.0,0,0,-38.0040385354441,591804,152000,1013,13.357210272792145,1.5103661749890307,1.6787101478257682,16.546286595606944,2534.878479120205,151
0.008425073,0.01246394,13.912508,-14.012381,11.561758,-0.8563936,-42.15998,-13.963372,11.559207,-0.8676479,-42.279144,-14.017602,11.590006,-0.8532747,-42.216442,0.008425074,0.035921138,0.40399837,4.0827217e-07,0.01246394,0.044523273,0.4849247,1.02190825e-08,0.18282738,0.785976,1.0,-1.0,-0.23160357301596876,0.05591879802036451,-0.12561831131512974,-0.41182256433294906,-34.7405359523953,7.520483659506864,-22.730850457308847,-41.82308821176811,-0.022196928,0.63145024,1.0,-1.0,7,-0.24578201639396735,0.0945206203697026,-0.052387750716667895,-0.47006579348021016,-36.86730245909511,13.596663340176011,-14.212447862818394,-51.29530440854946,0.09110719769901272,0.5931461990582126,1.0,-1.0,0.23821356967339088,0.05855347801293027,0.30199139784471424,0.10098447496464527,0.2456924807492222,0.05588541294250461,0.30199139784471424,0.13163203692298714,0.878095238095238,0.32717577986413543,1.0,0.0,1.0,0.0,1.0,1.0,0.0,0.0,0.0,0.0,0.0,0.0,0.0,0.0,0.0,0.0,0.0,0.0,0.0,0.0,0.0,0.0,0.0,0.0,0.0,0.0,0.0,0.0,0.0,0.0,0.03699306953715215,0.028100763851817846,0.18184092961220705,0.002350058771804585,0.02232797980175702,0.005937220271592277,0.03134383998353021,0.012385165412468514,0.1946105034788166,0.0560311921767977,0.25267263935123574,0.1138682814847514,0.19461049057157703,0.05603118707287139,0.25266925735476137,0.11386828148475141,0.23160357301596876,0.05591879802036451,0.41182256433294906,0.12561831131512974,0.21693847037333405,0.05777117085734757,0.2789339936863982,0.1345853047673516,0.0,0.0,0,0,0.0,0.0,0,0,-34.7405359523953,595804,153000,1020,12.833636997078429,1.4378571629931685,1.591542763999314,15.863036924070911,2550.833183012277,152
0.005076031,0.007216708,13.737843,-13.838953,11.58182,-0.8155651,-38.41369,-13.85728,11.569296,-0.8456042,-38.40232,-13.876499,11.605899,-0.82991165,-38.560204,0.005076031,0.008971699,0.058244154,8.8179505e-08,0.0072167073,0.011977139,0.07915146,1.30286e-06,-0.06382109,0.77498204,1.0,-1.0,-0.24914155897206347,0.07467811257489433,-0.07319052832544137,-0.4682915707996429,-37.37123384580952,10.52274062843344,-14.41318894098593,-50.86586640572088,0.24784285,0.6083276,1.0,-1.0,6,-0.20879889507237678,0.05140155370588496,-0.11728507868121733,-0.40791415137788656,-31.319834260856524,6.440428543222165,-21.0240403606763,-42.75751881213811,0.09097882370077784,0.5731733041980527,1.0,-1.0,0.2260984554769892,0.0815775897306594,0.3306035564428418,0.0679282256994687,0.22731977124283137,0.07982661556367465,0.3301422733116737,0.06872874651941266,0.8933333333333333,0.308688984074406,1.0,0.0,1.0,0.0,1.0,1.0,0.12571428571428572,0.33152707895680655,1.0,0.0,0.14285714285714285,0.34992710611188266,1.0,0.0,0.0,0.0,0.0,0.0,0.0,0.0,0.0,0.0,0.0,0.0,0.0,0.0,0.0,0.0,0.0,0.0,0.03234052026716552,0.02769269803500169,0.17256660079904954,0.004457871667317639,0.019126691232716247,0.00921135527223552,0.0366599158786312,0.007449896190109785,0.21680103870489797,0.07222491111832577,0.3009107054842201,0.05429862731163525,0.2167667366110209,0.07228486397225958,0.3009078774143411,0.05921227839044976,0.24914155897206347,0.07467811257489433,0.4682915707996429,0.07319052832544137,0.23589342784373715,0.06508843278691469,0.3083577736044509,0.09587219426908096,0.0,0.0,0,0,0.0,0.0,0,0,-37.37123384580952,599804,154000,1026,12.914596452086698,1.5299905630090507,1.5805262678331928,16.02511328292894,2566.853739044207,153
0.009492513,0.010390293,14.495697,-14.592879,12.454018,-0.74250036,-40.92693,-14.581435,12.4338455,-0.74131763,-40.969223,-14.590016,12.462605,-0.7392632,-41.07249,0.009492513,0.043302666,0.45286447,1.2926557e-07,0.010390293,0.050779216,0.55492944,5.685141e-07,0.12824182,0.7672416,1.0,-1.0,-0.26040375888535533,0.051064406859317686,-0.20876638171776368,-0.5321546156183663,-39.060563832803304,6.306249613356944,-32.85743318875368,-51.620271384628204,0.20635164,0.52680284,1.0,-1.0,7,-0.2136769567023425,0.08685981332513645,-0.07219513979273218,-0.4957316808847407,-32.05154350535138,11.886393184514453,-14.504390100392115,-53.75287271045854,0.18538309108458245,0.5572542518171564,1.0,-1.0,0.24079630103831087,0.0420593734463241,0.3046971957895219,0.13944997432361025,0.24924064681761854,0.043460750036921986,0.3046971957895219,0.16278659761055048,0.8942857142857142,0.30747158488257753,1.0,0.0,1.0,0.0,1.0,1.0,0.0,0.0,0.0,0.0,0.0,0.0,0.0,0.0,0.0,0.0,0.0,0.0,0.0,0.0,0.0,0.0,0.0,0.0,0.0,0.0,0.0,0.0,0.0,0.0,0.03422580027646728,0.03313419017881852,0.25052865926309564,0.005535326824240099,0.02546786859187303,0.012005107691400256,0.051485327399698404,0.013718513416177875,0.2261779586088881,0.0326113919191902,0.28162656244617185,0.19240464364041204,0.22617794242089298,0.03261139248195704,0.28162595606928764,0.19240464364041204,0.26040375888535533,0.051064406859317686,0.5321546156183663,0.20876638171776368,0.25164581101276606,0.03114364788588272,0.30580663862371765,0.21673184726401346,0.0,0.0,0,0,0.0,0.0,0,0,-39.060563832803304,603804,155000,1033,12.790144202663214,1.525126590000582,1.5332227592734853,15.848493551937281,2582.712734450135,154
0.009522807,0.015476821,14.496792,-14.686213,11.766675,-0.5846229,-37.875584,-14.696064,11.774699,-0.6818138,-37.90327,-14.635792,11.747976,-0.65969,-37.70682,0.009522807,0.02837699,0.3092842,9.8444616e-08,0.01547682,0.052866995,0.57143444,6.004086e-09,0.18539879,0.7514329,1.0,-1.0,-0.24838666698989853,0.10842485976912922,-0.05258644795089957,-0.47816218226256646,-37.25800004848478,15.508527076099888,-11.815509628074267,-54.83269247483323,0.29085726,0.56904197,1.0,-1.0,7,-0.20949347753881256,0.060726422403858955,-0.11645207050928562,-0.5364792782249284,-31.424021630821887,5.987076726297229,-22.563227639006257,-42.73662122698669,0.21364844449487058,0.5515614757274513,1.0,-1.0,0.25659251672376443,0.0648186609331911,0.34448091400608416,0.11920383144757027,0.27126294430465586,0.07080755045790055,0.34448091400608416,0.12266327270039096,0.7590476190476191,0.42766146782912257,1.0,0.0,1.0,0.0,1.0,1.0,0.14285714285714285,0.3499271061118826,1.0,0.0,0.14285714285714285,0.34992710611188266,1.0,0.0,0.07714285714285714,0.26681798427897224,1.0,0.0,0.14285714285714285,0.34992710611188266,1.0,0.0,0.0,0.0,0.0,0.0,0.0,0.0,0.0,0.0,0.04534367557535639,0.03928249655584909,0.2048033227669839,0.005292675764283032,0.027321742565454478,0.011423143997342582,0.04668968497051193,0.011594906786922968,0.20304299141454213,0.08880728723261197,0.29871021047624696,0.03947612477857273,0.20304298015211028,0.08880728332423411,0.29870738686182613,0.03947612477857273,0.24838666698989853,0.10842485976912922,0.47816218226256646,0.05258644795089957,0.23036472271756475,0.09522956682257747,0.3361246444515442,0.05853857538127296,0.0,0.0,0,0,0.0,0.0,0,0,-37.25800004848478,607804,156000,1040,12.930829191725934,1.5362614140030928,1.5814733257720945,16.04856393150112,2598.6984828456334,155
0.0047992105,0.005800953,13.978743,-14.0722065,11.980279,-0.7911074,-43.887638,-14.084808,11.991088,-0.7800822,-43.96801,-14.086988,11.988112,-0.8139872,-43.96518,0.0047992105,0.011305765,0.10052976,2.5079885e-07,0.005800954,0.0128859505,0.09613722,1.250151e-07,0.027789213,0.7904232,1.0,-1.0,-0.21966071481107446,0.07370137868117384,-0.12800255008584688,-0.46427513397604386,-32.94910722166116,10.46215674648239,-23.355641239827648,-54.66557895451002,0.17599888,0.6169966,1.0,-1.0,6,-0.21148222231373673,0.05497244257339197,-0.13936112355331254,-0.42092590219888715,-31.72233334706051,7.814083799206883,-23.418400741311768,-44.46647402424104,0.05297172671764298,0.530183272174079,1.0,-1.0,0.23365555399933105,0.07688035797244641,0.3796216740233179,0.09853187285628937,0.24594475095395427,0.07150277101799507,0.37258756267484666,0.15782028457740924,0.8790476190476191,0.32607192840588267,1.0,0.0,1.0,0.0,1.0,1.0,0.0,0.0,0.0,0.0,0.0,0.0,0.0,0.0,0.0,0.0,0.0,0.0,0.0,0.0,0.0,0.0,0.0,0.0,0.0,0.0,0.0,0.0,0.0,0.0,0.03398672480439172,0.02580336679383204,0.1614965648197501,0.001947643849110578,0.024328352488282412,0.011005482261689365,0.04274942428667239,0.010483688770147381,0.18567399000668272,0.06940684645943272,0.3327172961924786,0.12030665384416439,0.1856739813452788,0.06940684469360583,0.33271544619641724,0.12030665384416439,0.21966071481107446,0.07370137868117384,0.46427513397604386,0.12800255008584688,0.2100023338335612,0.07009773401836601,0.353974354125719,0.14215692357282536,0.0,0.0,0,0,0.0,0.0,0,0,-32.94910722166116,611804,157000,1046,13.406642445217585,1.4743944739893777,1.5836157101148274,16.46465262932179,2615.037916210975,156
0.006766213,0.0066168746,13.879626,-14.059757,11.549338,-0.74022055,-43.945877,-14.063927,11.526813,-0.79906285,-43.845104,-14.029411,11.525415,-0.7400165,-43.867268,0.006766213,0.013432773,0.06407381,4.1626894e-08,0.0066168746,0.014936035,0.14817084,4.3552427e-07,-0.018130168,0.7836347,1.0,-1.0,-0.1716442125988429,0.07680500688768915,-0.049571178205760937,-0.3843872440094227,-25.746631889826435,11.379646979227283,-8.709801259436576,-43.2138497539151,-0.07349819,0.5591501,1.0,-1.0,7,-0.28064040878504926,0.06769249432901969,-0.17174812025304068,-0.5259287732098819,-42.09606131775739,8.786858919899586,-29.11526102914702,-56.69671887826333,0.1315024972973278,0.5783314446297028,1.0,-1.0,0.19179609563473485,0.0670649019499008,0.30809602241585715,0.10667160526776202,0.1930267966620696,0.06826835786985345,0.29771739525017266,0.12631998209117945,0.9676190476190476,0.17700967855983152,1.0,0.0,1.0,0.0,1.0,1.0,0.14285714285714285,0.3499271061118826,1.0,0.0,0.14285714285714285,0.3499271061118826,1.0,0.0,0.1295238095238095,0.3357787847530714,1.0,0.0,0.14285714285714285,0.3499271061118826,1.0,0.0,0.0,0.0,0.0,0.0,0.0,0.0,0.0,0.0,0.02923287932314558,0.019470992609492317,0.1482852541740764,0.003923411250159487,0.028671410345210004,0.016182873208432605,0.05918772078273793,0.011697807670908087,0.1424113332756973,0.06717068446759297,0.2361019898353463,0.04564776695560145,0.14241132294477796,0.0671706822207217,0.23609938279516418,0.04564776695560145,0.1716442125988429,0.07680500688768915,0.3843872440094227,0.049571178205760937,0.17108273328998796,0.07811595652402933,0.2952871035779021,0.059690186107615575,0.0,0.0,0,0,0.0,0.0,0,0,-25.746631889826435,615804,158000,1053,13.350778959036688,1.3482755400036694,1.585646871899371,16.28470137093973,2631.273892308949,157
0.010746292,0.0045504305,14.051249,-14.219883,11.5622635,-0.6696351,-40.78141,-14.14513,11.537382,-0.66300344,-40.673317,-14.1501465,11.537891,-0.6776036,-40.69461,0.010746292,0.014522387,0.08328278,1.2002486e-05,0.004550431,0.008755894,0.062211372,1.3306476e-09,-0.08136233,0.813913,1.0,-1.0,-0.20355499779155042,0.06730451172118021,-0.07091899724728505,-0.4150528065942728,-30.53324966873257,9.624577767639812,-14.371028485275284,-42.29196370619013,0.12598151,0.4917978,1.0,-1.0,7,-0.2055075851308463,0.08255304766891557,-0.021577704487561758,-0.36649540845715545,-30.82613776962694,11.878426825089738,-7.135320518393946,-39.648993487127775,0.11098155459839096,0.5626376323479096,1.0,-1.0,0.21677324091614514,0.0774239315666556,0.33366670266662196,0.04970347702156232,0.2303415793295068,0.07532604560751195,0.33366670266662196,0.09201503565201075,0.8695238095238095,0.33682659365764356,1.0,0.0,1.0,0.0,1.0,1.0,0.14285714285714285,0.3499271061118826,1.0,0.0,0.14285714285714285,0.3499271061118826,1.0,0.0,0.0,0.0,0.0,0.0,0.0,0.0,0.0,0.0,0.024761904761904763,0.15539868993806583,1.0,0.0,0.0,0.0,0.0,0.0,0.034729342909938204,0.02675450854444931,0.1733847761419813,0.006157944722836524,0.029041425342267137,0.015129766907280209,0.052028307357556064,0.008443853619596306,0.16882565488161222,0.06571229469401092,0.255105121606564,0.04103994126802739,0.16899273049104765,0.06540356889027187,0.2551020063690554,0.0520223686991432,0.20355499779155042,0.06730451172118021,0.4150528065942728,0.07091899724728505,0.1980341558333148,0.06323634745541437,0.2865571840117463,0.10405067605669927,0.0,0.0,0,0,0.0,0.0,0,0,-30.53324966873257,619804,159000,1060,13.091354903430329,1.3008493780071149,1.5610104668303393,15.953214748267783,2647.317222163212,158
0.0059703784,0.013641299,14.632585,-14.648223,13.028219,-0.686321,-44.586433,-14.607328,13.017124,-0.6973332,-44.622425,-14.679063,13.062878,-0.64987946,-44.685978,0.0059703784,0.009695011,0.047242995,2.7200463e-07,0.013641298,0.022035258,0.12108844,2.451004e-07,0.0051591992,0.7953335,1.0,-1.0,-0.20583240866258237,0.0819999276415351,-0.056784690466530424,-0.3805983114331641,-30.87486129938735,11.732474389935081,-11.681832364514017,-43.87414109986906,0.13954818,0.55997103,1.0,-1.0,6,-0.21637239940045347,0.10951229060276921,-0.05148254707679322,-0.546300164730108,-32.45585991006803,15.63008530837474,-14.463328470631453,-62.37174308860128,0.17916536751111792,0.5050272298312874,1.0,-1.0,0.22731793171535103,0.07322241123411038,0.3092857623779448,0.06533376581921448,0.23682311703257897,0.06608584578842787,0.298824617281539,0.11473622372170296,0.919047619047619,0.2727619712689464,1.0,0.0,1.0,0.0,1.0,1.0,0.039047619047619046,0.19370829227044223,1.0,0.0,0.0,0.0,0.0,0.0,0.014285714285714285,0.11866605518454393,1.0,0.0,0.0,0.0,0.0,0.0,0.0,0.0,0.0,0.0,0.0,0.0,0.0,0.0,0.02799347154754931,0.030277684199620306,0.23356028403229664,0.005047635519831319,0.0206390783492037,0.011399788048060792,0.04233655263662368,0.005303754819398732,0.17783893711503307,0.077867373880904,0.2795970728531816,0.03529365667922502,0.18052286052956795,0.07403883702609389,0.2795950459990573,0.06072540756722914,0.20583240866258237,0.0819999276415351,0.3805983114331641,0.056784690466530424,0.20116193887877168,0.07853996140657855,0.2931858284600147,0.07480354888007616,0.0,0.0,0,0,0.0,0.0,0,0,-30.87486129938735,623804,160000,1066,14.16487871206482,1.390808439013199,1.6902644780784613,17.24595162915648,2664.6460883013497,159
0.0067554465,0.0050338367,14.022411,-14.072812,12.021344,-0.3941339,-37.739403,-14.078676,12.016629,-0.38557485,-37.827984,-14.101877,12.0272455,-0.3991125,-37.87078,0.0067554465,0.013009632,0.1002095,9.950927e-07,0.0050338367,0.010079111,0.072649665,1.1660518e-07,0.07800324,0.7904382,1.0,-1.0,-0.22655070644354006,0.09377637089702623,-0.05359861500193783,-0.5216317258702845,-33.982605966531004,13.572073642863206,-9.224422470664376,-56.85191719318203,0.17689383,0.585754,1.0,-1.0,7,-0.23290992168273714,0.07082462766359458,-0.10119042519835272,-0.4873226498758542,-34.93648825241058,9.994707469625613,-19.0937807068507,-52.73448847089213,0.2037802050866365,0.5215341833359147,1.0,-1.0,0.22644094333780307,0.0681677627459053,0.37474125417351833,0.07578034772521645,0.23820437789267754,0.07613373511981693,0.36699297799799896,0.10707601188356572,0.8285714285714286,0.3768830273792263,1.0,0.0,1.0,0.0,1.0,1.0,0.14285714285714285,0.3499271061118826,1.0,0.0,0.14285714285714285,0.3499271061118826,1.0,0.0,0.06857142857142857,0.2527239358570969,1.0,0.0,0.0,0.0,0.0,0.0,0.0,0.0,0.0,0.0,0.0,0.0,0.0,0.0,0.04378399642972037,0.030527413847900108,0.20448744044508682,0.007863560291418362,0.037329205533296016,0.01646908975868761,0.055347349549512335,0.013983952356191409,0.18276671001381972,0.07676481700648378,0.3171454060466869,0.04573505471051947,0.18307866962239475,0.07661025807147558,0.31714428542494844,0.04573505471051947,0.22655070644354006,0.09377637089702623,0.5216317258702845,0.05359861500193783,0.22040787515569074,0.08935007767540469,0.37249163497446075,0.06006887307506411,0.0,0.0,0,0,0.0,0.0,0,0,-33.982605966531004,627804,161000,1073,13.443317531055072,1.4735735209978884,1.6192535169248004,16.53614456897776,2681.2812203413196,160
0.023103256,0.02222016,13.563456,-13.678558,12.085613,-0.60317516,-44.93755,-13.64893,12.067696,-0.6254736,-44.88928,-13.638868,12.063633,-0.6036189,-44.900677,0.023103252,0.17751625,2.0133557,3.171914e-08,0.022220159,0.18597667,2.1015453,4.990676e-08,0.117578566,0.7846549,1.0,-1.0,-0.21101964330546572,0.08775992128480656,-0.04152660280716826,-0.5402526768851049,-31.652946495819858,12.632560306192914,-7.888694628887401,-51.44745357269291,0.07240482,0.5541551,1.0,-1.0,7,-0.23015541830660102,0.09953828679614772,-0.022415318789653804,-0.4540430030385428,-34.523312745990154,12.97667736244719,-17.32002745402584,-52.55085425384515,0.14328456688725294,0.539323367364747,1.0,-1.0,0.23301230463375225,0.05390064106245657,0.3268400952599979,0.11446280069457464,0.24158011850199745,0.05350437612021256,0.3268400952599979,0.1749754984767198,0.9085714285714286,0.2882176048667084,1.0,0.0,1.0,0.0,1.0,1.0,0.14285714285714285,0.3499271061118826,1.0,0.0,0.14285714285714285,0.34992710611188266,1.0,0.0,0.13523809523809524,0.34197770809581596,1.0,0.0,0.14285714285714285,0.34992710611188266,1.0,0.0,0.0,0.0,0.0,0.0,0.0,0.0,0.0,0.0,0.02940448364078632,0.02724846475063349,0.2244516267481434,0.0029733478792113204,0.020774021189887408,0.008872278912418584,0.038476507820585516,0.007273668337064122,0.18161515966467942,0.08209564688983957,0.3158010501369615,0.03855325492795655,0.18161515277775123,0.08209564472744652,0.3158009620798911,0.038553254927956936,0.21101964330546572,0.08775992128480656,0.5402526768851049,0.04152660280716826,0.20238917396763864,0.08374992647341932,0.3307869262468508,0.04582692326502106,0.0,0.0,0,0,0.0,0.0,0,0,-31.652946495819858,631804,162000,1080,13.694170885908534,1.57386374399357,1.6733093979855767,16.94134402788768,2698.212632135168,161
0.004970384,0.00540125,14.816568,-14.949969,12.497901,-0.59549826,-39.988796,-14.988871,12.522087,-0.5847776,-40.046333,-14.979345,12.504887,-0.5883678,-39.92804,0.0049703848,0.010038506,0.068625554,1.18116205e-07,0.00540125,0.008966929,0.050737243,2.0547483e-07,0.06796004,0.79151016,1.0,-1.0,-0.24749903165843198,0.11113640351736462,-0.030065280415897566,-0.5453131334663599,-37.12485474876479,16.202747594063396,-7.213820901187804,-61.85014885526149,0.1548514,0.4870872,1.0,-1.0,6,-0.1958907089158814,0.06508931680491337,-0.0952495557138259,-0.335950931398327,-29.383606337382204,9.42311793495845,-18.022722817948303,-45.6694472107541,0.07719940821705519,0.4503172438831975,1.0,-1.0,0.27329301309267734,0.07881510173098871,0.4246134402733648,0.09484481030953026,0.2827290580892106,0.07617118097776829,0.4246134402733648,0.18057400163011347,0.9133333333333333,0.28134597128012256,1.0,0.0,1.0,0.0,1.0,1.0,0.14285714285714285,0.3499271061118826,1.0,0.0,0.14285714285714285,0.3499271061118826,1.0,0.0,0.12761904761904763,0.33366514097797945,1.0,0.0,0.14285714285714285,0.3499271061118826,1.0,0.0,0.0,0.0,0.0,0.0,0.0,0.0,0.0,0.0,0.03420577596425561,0.028900784234633044,0.24565918395339673,0.00915456013303027,0.026616113953240993,0.005406446844113639,0.036223071724127656,0.019267899547060256,0.21329325569417643,0.1094550184157346,0.37953064564944083,0.020910720282867296,0.2132932397267869,0.10945501472080889,0.3795282546661914,0.020910720282867296,0.24749903165843198,0.11113640351736462,0.5453131334663599,0.030065280415897566,0.23990935368002791,0.11115555236948518,0.4094677319671985,0.04486454793496069,0.0,0.0,0,0,0.0,0.0,0,0,-37.12485474876479,635804,163000,1086,13.777015089901397,1.5627521160058677,1.6415746312268311,16.981341837134096,2715.157370160334,162
0.009845816,0.007209884,13.939697,-14.025892,12.117825,-0.39396155,-45.201855,-14.037882,12.118083,-0.42077306,-45.188137,-14.058592,12.132675,-0.37560645,-45.167328,0.009845816,0.021493396,0.11918514,1.542876e-07,0.0072098845,0.015123048,0.104858235,8.931592e-08,0.11284426,0.7559287,1.0,-1.0,-0.2152843547568773,0.06160544646935578,-0.10481689413489961,-0.4051997469963712,-32.292653213531594,8.414836071126867,-20.042905727623193,-43.09396957743336,0.22229314,0.511249,1.0,-1.0,7,-0.21892653612582588,0.0663109777339917,-0.08151089056886354,-0.4018958822348788,-32.83898041887388,9.395540609200168,-19.867517862521368,-49.35372964096563,0.02345765895034225,0.5407449633768131,1.0,-1.0,0.22554515637284653,0.046619059963121864,0.2788318031203402,0.08126047469882093,0.2329470973553523,0.044064315826522794,0.2788318031203402,0.1417341942979598,0.8885714285714286,0.3146621122695886,1.0,0.0,1.0,0.0,1.0,1.0,0.0,0.0,0.0,0.0,0.0,0.0,0.0,0.0,0.0,0.0,0.0,0.0,0.0,0.0,0.0,0.0,0.0,0.0,0.0,0.0,0.0,0.0,0.0,0.0,0.03576446830899981,0.028655402288518598,0.1680669621800588,0.0033285380537590985,0.03255688009064564,0.01636633294798627,0.05981699919918441,0.017064226785508663,0.17951988644787747,0.05383816129538537,0.23713515549506697,0.09027791202491954,0.1795198712534287,0.05383815687083132,0.23713278481631242,0.09027791202491954,0.2152843547568773,0.06160544646935578,0.4051997469963712,0.10481689413489961,0.21207675134407436,0.04410087230049581,0.2643972510538783,0.15009491122410396,0.0,0.0,0,0,0.0,0.0,0,0,-32.292653213531594,639804,164000,1093,13.92259434213338,1.5274187780014472,1.6605025199824013,17.110515640117228,2732.278993662432,163
0.010293539,0.009935865,14.898839,-14.976549,12.891688,-0.5786786,-44.022602,-14.974411,12.890452,-0.6234199,-43.857277,-15.010162,12.893769,-0.5795952,-44.02734,0.01029354,0.02212355,0.14645927,7.697963e-09,0.009935866,0.01802199,0.11028307,3.274181e-11,0.13169995,0.7591867,1.0,-1.0,-0.16218987329158607,0.03486150138055936,-0.12049328262408739,-0.3196440050554756,-24.328480993737912,4.542144906290712,-18.580324696145745,-32.418749111455476,-0.001114353,0.5967055,1.0,-1.0,7,-0.24826080801004427,0.08668267095831475,-0.06438539999322972,-0.4799333162427861,-37.23912120150664,12.307176300022752,-12.708221057104995,-50.535344201878836,0.11971535936293977,0.5451289542700548,1.0,-1.0,0.16598134386487312,0.02333326087308427,0.23393861806910068,0.10609304090537092,0.16761687156300722,0.022473574034533702,0.21047786816713743,0.13537865519170242,0.9057142857142857,0.2922258003109016,1.0,0.0,1.0,0.0,1.0,1.0,0.0,0.0,0.0,0.0,0.0,0.0,0.0,0.0,0.0,0.0,0.0,0.0,0.0,0.0,0.0,0.0,0.0,0.0,0.0,0.0,0.0,0.0,0.0,0.0,0.03095366993016263,0.020308722756992675,0.15146680704336513,0.0029797494260846405,0.02421977599577641,0.007908079224405673,0.03734034158407589,0.010702199963679274,0.13123620336142347,0.021315862420929057,0.16817719801211045,0.10598293605787049,0.13123618979185922,0.021315860513899988,0.16817470464834666,0.10598293605787049,0.16218987329158607,0.03486150138055936,0.3196440050554756,0.12049328262408739,0.15545596578763562,0.027192947400657603,0.1980427078458085,0.12350736667533235,0.0,0.0,0,0,0.0,0.0,0,0,-24.328480993737912,643804,165000,1100,13.914264651975827,1.5400498480012175,1.6601026600546902,17.114417160031735,2749.40585058149,164
0.00644119,0.008325239,13.998077,-14.051447,12.452339,-0.5087452,-45.402718,-14.047035,12.457035,-0.48998073,-45.5789,-14.076689,12.482256,-0.5049264,-45.486473,0.00644119,0.011226139,0.05864185,1.1882084e-06,0.00832524,0.016169557,0.096120365,2.2418135e-08,0.051074058,0.7655783,1.0,-1.0,-0.2338040617617354,0.07960854095692965,-0.09159661775601287,-0.5124787258294645,-35.07060926426032,11.369127385946848,-15.957802011805729,-54.066857490644914,0.1040316,0.59762967,1.0,-1.0,6,-0.21697311580698442,0.08857960482538522,-0.06015457367588674,-0.45060021727844957,-32.54596737104766,12.804373808341184,-16.45037483948392,-46.601928451418516,0.11231618201286392,0.5480113780050792,1.0,-1.0,0.26283598583759404,0.056747004046021614,0.34303444201281863,0.11896630329479482,0.2721007218402561,0.05153380821972575,0.34303444201281863,0.19428791836572265,0.8761904761904762,0.32936412315791586,1.0,0.0,1.0,0.0,1.0,1.0,0.0,0.0,0.0,0.0,0.0,0.0,0.0,0.0,0.0,0.0,0.0,0.0,0.0,0.0,0.0,0.0,0.0,0.0,0.0,0.0,0.0,0.0,0.0,0.0,0.04252983192230045,0.026441557673651694,0.23455006539353948,0.006789299693764736,0.034504145430116304,0.01589194104324691,0.05366853211934311,0.009074876313161107,0.19127422983943498,0.07408568426346489,0.3220197161441408,0.06915785224959677,0.1912742211280369,0.07408568274625539,0.3220182780791932,0.06915785224959677,0.2338040617617354,0.07960854095692965,0.5124787258294645,0.09159661775601287,0.2257783665581532,0.07365076069755504,0.3695136683216986,0.10381065210407504,0.0,0.0,0,0,0.0,0.0,0,0,-35.07060926426032,647804,166000,1106,14.168338497969671,1.5512635100021726,1.8019291138480185,17.521531121819862,2766.9665787363047,165
0.005513521,0.011259906,14.191125,-14.341558,12.53777,-0.68848723,-43.635826,-14.3757715,12.554541,-0.6690243,-43.610588,-14.310431,12.5190525,-0.64162534,-43.463726,0.005513521,0.009614595,0.06065511,3.3427483e-11,0.011259906,0.017880049,0.11216305,1.5041187e-06,0.05918485,0.7642009,1.0,-1.0,-0.24631552204015947,0.12776549611161792,-0.07629508271922725,-0.5445247432648341,-36.94732830602392,18.958907706671745,-12.843542912544565,-67.88211397696178,0.08883031,0.4470481,1.0,-1.0,7,-0.26045157944558217,0.0634898613691263,-0.16371556364894624,-0.49209946575273433,-39.06773691683734,6.149425442430478,-29.44803109634526,-49.28268116328761,0.3040036926216856,0.5452786296894955,1.0,-1.0,0.24796969157114443,0.10673078568581282,0.4463817190703548,0.0955117954465605,0.2494206706801039,0.10572830711800782,0.43292224898918563,0.1040494779535387,0.8428571428571429,0.36393540579591416,1.0,0.0,1.0,0.0,1.0,1.0,0.0,0.0,0.0,0.0,0.0,0.0,0.0,0.0,0.0,0.0,0.0,0.0,0.0,0.0,0.0,0.0,0.0,0.0,0.0,0.0,0.0,0.0,0.0,0.0,0.03736215733176002,0.02424427965919993,0.20261109863151713,0.009382347484345759,0.028441504816952203,0.013524755433221064,0.0586265324081134,0.014644014158466605,0.20895336470839945,0.11139015452389676,0.38567091977435125,0.06691273523486405,0.20895335631870227,0.11139015266066633,0.3856686243637171,0.06691273523486405,0.24631552204015947,0.12776549611161792,0.5445247432648341,0.07629508271922725,0.23739486113565447,0.120390639603626,0.4442951567718305,0.08569302006618687,0.0,0.0,0,0,0.0,0.0,0,0,-36.94732830602392,651804,167000,1113,13.916586078281398,1.590372798993485,1.659447712416295,17.166406589691178,2783.9976278880204,166
0.010606397,0.013252219,13.280181,-13.399609,11.569285,-0.47432473,-40.68688,-13.406414,11.55469,-0.44313923,-40.73101,-13.359425,11.550913,-0.4331763,-40.7503,0.010606397,0.014572038,0.08600736,1.0452004e-07,0.013252219,0.019842975,0.111391455,8.2460343e-07,0.03375538,0.7553272,1.0,-1.0,-0.23770826060672587,0.08495205535451068,-0.08990351151037067,-0.4840550333948771,-35.656239091008885,12.08474984803255,-14.77679139666437,-51.75737574401293,0.2075885,0.55706775,1.0,-1.0,7,-0.23924474205456153,0.07535314151147685,-0.11586454719042302,-0.5007292776855256,-35.88671130818424,10.29469871871985,-21.855301808681574,-51.31792401497131,0.1762877247897851,0.5563922817134883,1.0,-1.0,0.2337001981355478,0.07583686891598439,0.34091513972706833,0.0860104566589341,0.24604519042686882,0.07960086880307715,0.34091513972706833,0.11344841073648378,0.8342857142857143,0.37182396537137,1.0,0.0,0.8571428571428571,0.3499271061118826,1.0,0.0,0.0,0.0,0.0,0.0,0.0,0.0,0.0,0.0,0.0,0.0,0.0,0.0,0.0,0.0,0.0,0.0,0.0,0.0,0.0,0.0,0.0,0.0,0.0,0.0,0.04014882078460815,0.029750531717649673,0.19819154261494493,0.00548345762715079,0.031112349978579795,0.013675586412782617,0.0600774065964606,0.016846922675299348,0.1975594398221177,0.07644812194438104,0.29457565207309755,0.07334381321543673,0.19755942523682576,0.0764481215682325,0.2945737899843549,0.07334381321543675,0.23770826060672587,0.08495205535451068,0.4840550333948771,0.08990351151037067,0.22867177521540558,0.08004151298460556,0.3225028872098529,0.09019073589073609,0.0,0.0,0,0,0.0,0.0,0,0,-35.656239091008885,655804,168000,1120,13.469174427271355,1.4548209959903033,1.6381654930155491,16.562160916277207,2800.640270827309,167
0.008587513,0.0078189615,14.033489,-14.040194,12.314612,-0.57962036,-37.53118,-14.034342,12.321197,-0.58400863,-37.61061,-14.057866,12.329505,-0.57697934,-37.580032,0.008587514,0.014807805,0.09470286,8.801763e-07,0.0078189615,0.015737403,0.11133926,1.529793e-07,-0.04089769,0.7942783,1.0,-1.0,-0.24277425139623512,0.11750408031180819,-0.05210478710803059,-0.5539571405445506,-36.416137709435255,16.97998928741982,-10.4475059080457,-60.893339826925576,0.32360753,0.5511509,1.0,-1.0,6,-0.27726323136211906,0.06309628742191828,-0.15622484557035493,-0.4799100709513031,-41.589484704317854,8.507002107819625,-27.01253315234274,-52.66303120924041,0.1799199419756248,0.538938181526753,1.0,-1.0,0.26525824318538127,0.05988963241493189,0.3884296044452321,0.1370484668998001,0.2814637165856994,0.06797762092869125,0.3884296044452321,0.15771269817618033,0.8371428571428572,0.36923528254698385,1.0,0.0,1.0,0.0,1.0,1.0,0.14285714285714285,0.3499271061118826,1.0,0.0,0.14285714285714285,0.34992710611188266,1.0,0.0,0.04,0.19595917942265423,1.0,0.0,0.0,0.0,0.0,0.0,0.0,0.0,0.0,0.0,0.0,0.0,0.0,0.0,0.0405656368201969,0.03608993798174507,0.22375353569921722,0.012984384893311156,0.026863665857890396,0.008978796157476307,0.04379923119977095,0.015966214017055457,0.20220861457603817,0.09962761740928895,0.352136901560005,0.038894845439927134,0.20220860146292377,0.0996276123653388,0.35213507270325606,0.038894845439927134,0.24277425139623512,0.11750408031180819,0.5539571405445506,0.05210478710803059,0.22907226732081412,0.09867010229318467,0.38258203598862967,0.08269407663969808,0.0,0.0,0,0,0.0,0.0,0,0,-36.416137709435255,659804,169000,1126,13.739174489950528,1.5355963430047268,1.6453575368213933,16.92012836977665,2817.57894715108,168
0.005874462,0.007007217,14.101353,-14.232152,12.206857,-0.64845085,-47.568264,-14.249987,12.209099,-0.6713275,-47.550476,-14.205923,12.191894,-0.665608,-47.37209,0.0058744615,0.010091971,0.049262885,3.7111022e-08,0.0070072166,0.011600438,0.06946152,8.819666e-07,0.10187649,0.7926998,1.0,-1.0,-0.29340665846961733,0.08250784822047356,-0.17014537363103605,-0.5090193011218719,-44.010998770442605,11.612720710790345,-27.570158831172247,-60.34374446404949,0.11492266,0.56038696,1.0,-1.0,7,-0.2417885914871861,0.056928531192044406,-0.10869148522875705,-0.4294539096786244,-36.26828872307793,7.911401646363372,-19.120473710201157,-44.613588170204544,0.0187316607963138,0.5726672570979245,1.0,-1.0,0.2723217830493769,0.05975746935336206,0.3715146209087719,0.1542395517551223,0.28303479331750186,0.06259082436504512,0.3711052085412355,0.2066443028490218,0.7866666666666666,0.4096611065529925,1.0,0.0,1.0,0.0,1.0,1.0,0.0,0.0,0.0,0.0,0.0,0.0,0.0,0.0,0.0,0.0,0.0,0.0,0.0,0.0,0.0,0.0,0.0,0.0,0.0,0.0,0.0,0.0,0.0,0.0,0.04014623958633412,0.0331462154484178,0.19603069461018185,0.003340887802418768,0.02813174375931413,0.015669367546678067,0.05837956022674835,0.007199538985511457,0.25326041888328316,0.06664227025189094,0.3373838931212341,0.16680448582830198,0.2532604010898362,0.06664227326396112,0.3373812691846544,0.16680448582861723,0.29340665846961733,0.08250784822047356,0.5090193011218719,0.17014537363103605,0.2813921448491504,0.07278226026560772,0.3957608294114027,0.18906250556916512,0.0,0.0,0,0,0.0,0.0,0,0,-44.010998770442605,663804,170000,1133,14.144264017726528,1.5543951629952062,1.6665873475576518,17.365246528279386,2834.937290659349,169
0.01542722,0.014177984,14.865569,-14.941818,13.150647,-0.42617235,-42.041924,-14.975616,13.174325,-0.40814963,-42.100903,-14.933708,13.17284,-0.4070397,-42.09866,0.015427219,0.116834715,1.328084,1.0359713e-07,0.014177983,0.101606816,1.1518897,2.5644204e-07,-0.01611673,0.774058,1.0,-1.0,-0.24515000712958313,0.051011316290565434,-0.12328988748009069,-0.4448263101286334,-36.772501069437475,7.190049532967261,-21.098427478296465,-44.61407507299128,0.22921427,0.5703011,1.0,-1.0,7,-0.25276782732654357,0.06835475528399845,-0.1366928212360176,-0.5224425882335741,-37.91517409898154,9.642392820048924,-25.386071357849342,-52.159280339250905,0.018581233091442793,0.5590179488264642,1.0,-1.0,0.242839775791599,0.0628587422036814,0.31384877951022394,0.10090897895868377,0.24997617692835186,0.06264524521050936,0.31384877951022394,0.11636760600669632,0.8447619047619047,0.3621315079152093,1.0,0.0,1.0,0.0,1.0,1.0,0.0,0.0,0.0,0.0,0.0,0.0,0.0,0.0,0.0,0.0,0.0,0.0,0.0,0.0,0.0,0.0,0.0,0.0,0.0,0.0,0.0,0.0,0.0,0.0,0.04768108851217497,0.021109702631042532,0.21239416166446398,0.016934694332286795,0.0403955070365008,0.011199270219412524,0.05598373088657647,0.028283515011201635,0.19746891861740817,0.046297815269084386,0.24508242561499471,0.09163537159274156,0.1974689078145429,0.04629782079517082,0.24508034830165243,0.09163537159275496,0.24515000712958313,0.051011316290565434,0.4448263101286334,0.12328988748009069,0.23786441485104368,0.04844094305764457,0.2757173848540199,0.12470189916259142,0.0,0.0,0,0,0.0,0.0,0,0,-36.772501069437475,667804,171000,1140,14.127719471944147,1.5485723450110527,1.7313421965227462,17.407634013477946,2852.3347160738485,170
0.0055053914,0.0072508333,14.365597,-14.477608,12.948123,-0.5819834,-45.591316,-14.464979,12.933228,-0.5901942,-45.598892,-14.487339,12.960411,-0.6087013,-45.66207,0.0055053914,0.011732977,0.0721544,2.993957e-09,0.0072508333,0.013901396,0.10140856,2.0262087e-07,0.099730216,0.805279,1.0,-1.0,-0.255091551339349,0.06520959134358488,-0.11048500360809171,-0.4343199726424257,-38.26373270090234,9.596104313905677,-20.165605982314485,-50.186247730639856,-0.040720433,0.5455723,1.0,-1.0,6,-0.24027552246957617,0.10484623696476936,-0.07466262629146111,-0.5294616360021996,-36.041328370436425,15.132255214058512,-14.331592610452391,-59.241152099773124,0.09476528433496845,0.5363443314110395,1.0,-1.0,0.24801451126590054,0.07039322881085966,0.35808388985533746,0.10518963837034798,0.2524925013920832,0.07060826495137192,0.356928718642017,0.1498394492430709,0.9180952380952381,0.27421956874389214,1.0,0.0,1.0,0.0,1.0,1.0,0.0,0.0,0.0,0.0,0.0,0.0,0.0,0.0,0.0,0.0,0.0,0.0,0.0,0.0,0.0,0.0,0.0,0.0,0.0,0.0,0.0,0.0,0.0,0.0,0.03421215088071336,0.017542031954626103,0.16950093477899494,0.006355957998593436,0.031838629293181465,0.011991078534600156,0.05119622375400791,0.013913664098748843,0.2208794004586357,0.069910845365495,0.3167063250102496,0.09997204427017255,0.22087939128490455,0.06991083836039223,0.31670354339743484,0.09997204427017255,0.255091551339349,0.06520959134358488,0.4343199726424257,0.11048500360809171,0.25271802057808596,0.06300985781069571,0.3306172074961837,0.13614230287978618,0.0,0.0,0,0,0.0,0.0,0,0,-38.26373270090234,671804,172000,1146,14.660572361986851,1.5376746900001308,1.7682812681159703,17.966528320102952,2870.32629817196,171
0.012051232,0.008946074,13.993902,-14.05294,12.39197,-0.5743276,-38.74641,-14.067924,12.414612,-0.5843954,-38.867657,-14.083214,12.41014,-0.5719992,-38.820557,0.012051232,0.054851588,0.59456736,2.2380664e-07,0.008946074,0.04847952,0.54699856,6.2431354e-08,-0.021599274,0.81809247,1.0,-1.0,-0.17821047895366096,0.05235695536893098,-0.09869021512813071,-0.3646611196244478,-26.731571843049146,7.3670907193629755,-18.302918978954168,-39.61445852583104,0.20128335,0.49966624,1.0,-1.0,7,-0.2155272205040841,0.08189024267661661,-0.07257115790622196,-0.4217558287528875,-32.32908307561261,11.565046718498897,-14.449178833794686,-45.06756534072831,0.21461704918632485,0.5327218246521308,1.0,-1.0,0.21888691282517356,0.05057149934419472,0.2871686628554941,0.10010251490273249,0.22142978690179219,0.05083557013204035,0.2871686628554941,0.12988191975895974,0.9352380952380952,0.24610526295371,1.0,0.0,1.0,0.0,1.0,1.0,0.0,0.0,0.0,0.0,0.0,0.0,0.0,0.0,0.0,0.0,0.0,0.0,0.0,0.0,0.0,0.0,0.0,0.0,0.0,0.0,0.0,0.0,0.0,0.0,0.030181763806210685,0.019601773623775857,0.1578007850517883,0.0003553276718137617,0.02619032900500225,0.01364735213335531,0.04543211034544569,0.003692410090728323,0.14802871514745028,0.05424914789844398,0.23494064454469377,0.08398836418945833,0.14802870081150757,0.05424914234549017,0.2349378559447858,0.08398836418945833,0.17821047895366096,0.05235695536893098,0.3646611196244478,0.09869021512813071,0.17421902981650983,0.05153789976736677,0.2625004377983007,0.11353474073802097,0.0,0.0,0,0,0.0,0.0,0,0,-26.731571843049146,675804,173000,1153,14.183481217958615,1.5632497879996663,1.7264971540571423,17.473228160015424,2887.825163897942,172
0.0050909463,0.0043849978,14.307128,-14.446502,12.554849,-0.5468875,-43.215816,-14.429269,12.561335,-0.557348,-43.27688,-14.426592,12.560743,-0.51895803,-43.20801,0.0050909463,0.00985452,0.08310014,8.5684667e-07,0.004384998,0.008518918,0.060947172,2.6245758e-08,0.13109347,0.7976922,1.0,-1.0,-0.2545382698534288,0.08401612700698506,-0.10494964194363153,-0.4651232302357058,-38.18074047801433,11.711811332676575,-16.60428218036732,-50.428000924934864,0.12837054,0.57190096,1.0,-1.0,7,-0.20121711472690967,0.05339785305681877,-0.09221245640455444,-0.34771813848923905,-30.182567209036453,7.450861676952466,-19.421699265105037,-41.1050241903636,-0.0303961932755436,0.5214193060118474,1.0,-1.0,0.19991057390173111,0.0788121951034423,0.3109496708047892,0.038150274679329674,0.20768290821504024,0.08383896707786842,0.3105585236633935,0.06620436445901472,0.840952380952381,0.3657204860585506,1.0,0.0,1.0,0.0,1.0,1.0,0.0,0.0,0.0,0.0,0.0,0.0,0.0,0.0,0.0,0.0,0.0,0.0,0.0,0.0,0.0,0.0,0.029523809523809525,0.16926947212953478,1.0,0.0,0.0,0.0,0.0,0.0,0.04244248302796123,0.0336587335386926,0.2016963305257626,0.011215418646083651,0.03233392516751947,0.01260249973030447,0.0549813459234883,0.01752310450212414,0.2120957868254676,0.06804740373315037,0.2940502769699212,0.08185715831142043,0.21231692412533812,0.06825452591888323,0.29113134947900543,0.08185715831142044,0.2545382698534288,0.08401612700698506,0.4651232302357058,0.10494964194363153,0.2446508492928576,0.07314255353045744,0.34611269540249373,0.10771008104487007,0.0,0.0,0,0,0.0,0.0,0,0,-38.18074047801433,679804,174000,1160,14.568832612058031,1.5888637489988469,1.7405348831089213,17.8982312441658,2905.793093709144,173
0.0059301797,0.0056141387,14.368544,-14.4391,12.603007,-0.43933594,-46.264675,-14.407847,12.580566,-0.47348216,-46.33952,-14.423166,12.58126,-0.49096623,-46.27847,0.0059301797,0.012363745,0.09486787,1.2033894e-09,0.005614138,0.01042117,0.07531669,2.381858e-07,0.015570545,0.7916653,1.0,-1.0,-0.290591965387659,0.07808648969737125,-0.11996062793117905,-0.5719551114628265,-43.58879480814885,11.07821442514419,-23.352049094391948,-62.35436600442569,0.11715473,0.6206138,1.0,-1.0,6,-0.2652301906462655,0.06705722256680251,-0.16016274886991608,-0.507668529009654,-39.784528596939815,9.545012787010986,-28.546019149444504,-56.89319721791951,0.1297648205510565,0.5411174643331432,1.0,-1.0,0.26088474575625437,0.05586889900481103,0.33899595917673264,0.13528688801190103,0.27782741465687055,0.05553000670302163,0.3220805148345331,0.1494946419618404,0.7409523809523809,0.4381118009291449,1.0,0.0,0.8571428571428571,0.3499271061118826,1.0,0.0,0.0,0.0,0.0,0.0,0.0,0.0,0.0,0.0,0.0,0.0,0.0,0.0,0.0,0.0,0.0,0.0,0.0,0.0,0.0,0.0,0.0,0.0,0.0,0.0,0.05058787388905212,0.03013831003875251,0.24491846757301644,0.0024311862749037106,0.041944531084321605,0.013539481554548599,0.06638253986079412,0.022989322370039516,0.24000409149860688,0.06719073674550136,0.32703664388981,0.10645458173677506,0.24000407759515194,0.06719074230642987,0.327036232747682,0.10645458173677508,0.290591965387659,0.07808648969737125,0.5719551114628265,0.11996062793117905,0.2819486086794735,0.06979352756904406,0.39341877260847613,0.14585513572143932,0.0,0.0,0,0,0.0,0.0,0,0,-43.58879480814885,683804,175000,1166,14.390897288380074,1.6589129130006768,1.7077673711755779,17.75757757255633,2923.5072391917056,174
0.0076981424,0.013719126,14.001207,-14.071735,12.121959,-0.5402688,-37.32951,-14.130708,12.15813,-0.57206345,-37.283604,-14.071419,12.143969,-0.5511062,-37.243,0.0076981424,0.0181937,0.17028779,1.2390288e-06,0.013719127,0.030795896,0.2565535,1.2183227e-07,0.012229346,0.79503167,1.0,-1.0,-0.26244817632885914,0.07111349798315972,-0.11616311466715173,-0.4734014371394578,-39.36722644932888,9.51794861641518,-21.440235012766493,-50.50534550827241,0.18336105,0.61852217,1.0,-1.0,7,-0.254018943586176,0.0656512059805211,-0.15936335605552912,-0.4862878693930739,-38.1028415379264,7.020269393404977,-30.89192846942532,-53.9899308504486,0.09892083331154636,0.6116882461242504,1.0,-1.0,0.25017296889223717,0.05520998065641391,0.3317852924623437,0.13559851021795383,0.2691921613796868,0.057319006480556996,0.32993280780947976,0.15886358885582555,0.839047619047619,0.367487022924811,1.0,0.0,1.0,0.0,1.0,1.0,0.0,0.0,0.0,0.0,0.0,0.0,0.0,0.0,0.0,0.0,0.0,0.0,0.0,0.0,0.0,0.0,0.0,0.0,0.0,0.0,0.0,0.0,0.0,0.0,0.04577651399589268,0.034752676250408815,0.21379958675509814,0.011925775079855788,0.03730573751622115,0.013119620497230962,0.057195704477126165,0.01749434215970927,0.21667166233296653,0.056859900212850985,0.28439148602872966,0.10269033092375268,0.21667164462359154,0.05685989978111796,0.28438844629073234,0.10269033092384212,0.26244817632885914,0.07111349798315972,0.4734014371394578,0.11616311466715173,0.2539773821398127,0.053375207986023424,0.3229991500501995,0.15643660259395675,0.0,0.0,0,0,0.0,0.0,0,0,-39.36722644932888,687804,176000,1173,14.434567059754045,1.6163819639914436,1.8004284621565603,17.85137748590205,2941.383300607602,175
0.006286107,0.0043931943,13.621613,-13.7361765,12.271666,-0.6079118,-41.72404,-13.703088,12.237856,-0.61098915,-41.628986,-13.709535,12.247906,-0.6048623,-41.650444,0.0062861075,0.013809782,0.08261809,5.331291e-07,0.0043931943,0.011570405,0.10201503,1.7190138e-07,-0.037179485,0.79565394,1.0,-1.0,-0.2621995160321793,0.07186428514201244,-0.1149821848675788,-0.45976194811819837,-39.329927404826904,10.361838945568502,-17.797815249772675,-51.20642700036024,0.22774844,0.67045945,1.0,-1.0,7,-0.20169531030103138,0.078103396033861,-0.06629707857533665,-0.4165179578035159,-30.254296545154713,10.588974876597758,-14.597425334383955,-46.867943184803295,0.1762153527775292,0.5752197187480076,1.0,-1.0,0.27983098655634076,0.061948599952531797,0.33397669567178184,0.12222731520865074,0.28785008850687305,0.059600437332041276,0.33397669567178184,0.14595946001412297,0.9,0.3,1.0,0.0,1.0,0.0,1.0,1.0,0.0,0.0,0.0,0.0,0.0,0.0,0.0,0.0,0.0,0.0,0.0,0.0,0.0,0.0,0.0,0.0,0.0,0.0,0.0,0.0,0.0,0.0,0.0,0.0,0.03753252478361605,0.026474030931871808,0.17494639317014077,0.004243270953034176,0.03043201720142028,0.015403123235229136,0.059081427874212986,0.007418224840500645,0.22466699124856324,0.06259497969720047,0.2919440796665292,0.10150212971002327,0.22466697498968174,0.06259497784881207,0.29194122214684015,0.10150212971002329,0.2621995160321793,0.07186428514201244,0.45976194811819837,0.1149821848675788,0.25509899219110205,0.06581206184258033,0.3207208815177536,0.11949134032896488,0.0,0.0,0,0,0.0,0.0,0,0,-39.329927404826904,691804,177000,1180,14.51604598123231,1.6420389129925752,1.7578614901867695,17.915946384411654,2959.241351791017,176
0.005100401,0.005659514,14.050598,-14.175558,12.204002,-0.72675395,-46.754707,-14.171707,12.209773,-0.6967213,-46.666748,-14.172945,12.197713,-0.72309077,-46.535603,0.005100401,0.009509612,0.0480069,1.1526572e-07,0.005659515,0.009179092,0.049097497,1.3894314e-06,0.07557426,0.7900982,1.0,-1.0,-0.2181247427461897,0.05264118000098045,-0.12719571532758545,-0.4062593082938174,-32.71871141192845,7.205858839089982,-21.067581612269063,-44.521733329889024,0.07036101,0.5261656,0.99999994,-1.0,6,-0.19312586034285692,0.0441275159638895,-0.09474794690048835,-0.3557350381168499,-28.96887905142854,5.64483282685975,-18.486264739427774,-35.75938677236512,0.021768404816622674,0.5946811564655757,1.0,-1.0,0.23997231700284644,0.043508745231367406,0.3149064775737278,0.09004470263780193,0.2529955048475677,0.0282742072814047,0.2961234906947497,0.20405226884467204,0.9171428571428571,0.2756661690064522,1.0,0.0,1.0,0.0,1.0,1.0,0.0,0.0,0.0,0.0,0.0,0.0,0.0,0.0,0.0,0.0,0.0,0.0,0.0,0.0,0.0,0.0,0.0,0.0,0.0,0.0,0.0,0.0,0.0,0.0,0.03355306365054048,0.025471305505043576,0.19322062972780027,0.011209521828843109,0.027026211668097207,0.011337473918664872,0.05076859618443609,0.01547711172588109,0.18457167909564923,0.044253275325992006,0.26629719780685507,0.11598619349874233,0.18457167157301294,0.04425327005244511,0.266295146006521,0.11598619349874233,0.2181247427461897,0.05264118000098045,0.4062593082938174,0.12719571532758545,0.21159788324111015,0.04361669876814845,0.28177225773240205,0.14014161849384787,0.0,0.0,0,0,0.0,0.0,0,0,-32.71871141192845,695804,178000,1186,14.428897211735602,1.5835831769945798,1.7534156660694862,17.76589605479967,2976.9519141368364,177
0.005560411,0.005723388,14.5488,-14.6272,13.362769,-0.5341698,-45.436848,-14.6509,13.391714,-0.5434999,-45.418373,-14.635811,13.379245,-0.5643814,-45.439842,0.00556041,0.022132674,0.24574958,4.0144562e-07,0.005723389,0.022115633,0.24472003,1.327171e-07,-0.117561355,0.79009235,1.0,-1.0,-0.24658847088538519,0.04941234881544905,-0.14265919034970326,-0.4152297661575224,-36.988270632807776,6.973819322536208,-22.301628486630207,-45.30712884116792,0.25257438,0.6041821,1.0,-1.0,7,-0.21626814580900697,0.10852964324499148,-0.05386833852664004,-0.4739515324490077,-32.440221871351056,14.847770151136139,-10.95350611429483,-53.460807966279646,0.14841551748200638,0.49917974104518353,1.0,-1.0,0.2462336967978632,0.046044362303051235,0.3253538571844356,0.14575617102785954,0.2512245803612014,0.05167815296263347,0.3253538571844356,0.15583345439501187,0.9314285714285714,0.25272393585709696,1.0,0.0,1.0,0.0,1.0,1.0,0.0,0.0,0.0,0.0,0.0,0.0,0.0,0.0,0.0,0.0,0.0,0.0,0.0,0.0,0.0,0.0,0.0,0.0,0.0,0.0,0.0,0.0,0.0,0.0,0.03643462756235691,0.018252249342476944,0.18863800551938562,0.004081270244377476,0.03692193861031708,0.010722629261675201,0.057082495268727426,0.02564540068024237,0.21015384332302828,0.04329000134861559,0.256260928575646,0.11603232632121396,0.21015382811473776,0.043289998755735595,0.2562578014029204,0.11603232632126324,0.24658847088538519,0.04941234881544905,0.4152297661575224,0.14265919034970326,0.24707576672505485,0.04729560634026389,0.3030152082827649,0.14867040537609036,0.0,0.0,0,0,0.0,0.0,0,0,-36.988270632807776,699804,179000,1193,13.46489539774484,1.5283552420005435,1.635070982898469,16.628321622643853,2993.624007455437,178
0.0048954175,0.0045115734,14.127743,-14.15791,12.841239,-0.591167,-44.313484,-14.179779,12.851597,-0.6170145,-44.203777,-14.175207,12.856829,-0.6153786,-44.40632,0.0048954175,0.0082028285,0.06087656,8.481392e-08,0.0045115734,0.0092092035,0.051079802,1.5288606e-09,0.13360181,0.78322035,1.0,-1.0,-0.18064602307422997,0.08229706525637605,-0.04277953478300563,-0.4441755267655373,-27.096903461134502,11.689128895430787,-11.581428220560381,-42.99531165072184,0.17309353,0.5787445,1.0,-1.0,7,-0.2515827419874114,0.06398563447957255,-0.08443281897258952,-0.4046560437758985,-37.7374112981117,8.005295647089497,-23.34117957359084,-48.861304467495735,0.14352417502841117,0.5715283291276949,1.0,-1.0,0.22921505378766543,0.05101191033624458,0.298101128917393,0.10346379787643224,0.236559298174622,0.05033883560267384,0.2955154264971175,0.12854555740903295,0.86,0.3469870314579494,1.0,0.0,1.0,0.0,1.0,1.0,0.14285714285714285,0.3499271061118826,1.0,0.0,0.14285714285714285,0.3499271061118826,1.0,0.0,0.04666666666666667,0.210923893594085,1.0,0.0,0.0,0.0,0.0,0.0,0.0,0.0,0.0,0.0,0.0,0.0,0.0,0.0,0.04164779453827202,0.028451712695226294,0.21521158597192924,0.0041164023268110365,0.03304041183836594,0.012420817460790138,0.0468186626601365,0.008632679739462773,0.13899822853595797,0.07498068438525214,0.22896394079360807,0.02523539936534178,0.13899822219225963,0.07498068223524623,0.22896344000280838,0.025235399365342158,0.18064602307422997,0.08229706525637605,0.4441755267655373,0.04277953478300563,0.1720386340306256,0.07036811343018091,0.2616598361339097,0.07100044482776494,0.0,0.0,0,0,0.0,0.0,0,0,-27.096903461134502,703804,180000,1200,13.402375801844755,1.5731490059988573,1.6411002629320137,16.616625070775626,3010.1919937912317,179
0.0050360104,0.015410469,14.317054,-14.447868,12.637526,-0.711321,-39.82917,-14.370022,12.600773,-0.72361666,-39.876717,-14.448443,12.643168,-0.74277705,-39.89185,0.0050360104,0.010902054,0.0679477,1.4551915e-11,0.01541047,0.020288154,0.10434499,7.614517e-07,0.032692228,0.7935268,1.0,-1.0,-0.3262814655004984,0.06500795034401792,-0.2051392553783773,-0.5537646003325627,-48.94221982507475,8.84246971195761,-33.745401821505375,-64.018787656089,0.23235656,0.6068837,1.0,-1.0,6,-0.2956706893406848,0.10921609254238235,-0.08520672756636004,-0.6097668861499592,-44.35060340110271,15.914578537297684,-16.927379842993037,-65.79399466211014,0.14447767330608602,0.5525554759403561,1.0,-1.0,0.3143619972420516,0.04742207996485209,0.4123853673670897,0.18047042016804116,0.3290452435096352,0.04659378049077811,0.40473082596573307,0.2595159798492942,0.8352380952380952,0.370965523332201,1.0,0.0,1.0,0.0,1.0,1.0,0.0,0.0,0.0,0.0,0.0,0.0,0.0,0.0,0.0,0.0,0.0,0.0,0.0,0.0,0.0,0.0,0.0,0.0,0.0,0.0,0.0,0.0,0.0,0.0,0.049768910480232666,0.030535267751147194,0.19380172239729698,0.0075039916662276536,0.03733917409484228,0.010436498384630878,0.04708604926795251,0.020716594082013064,0.27651255502026567,0.05325234014422619,0.35996287793526577,0.18865306802749773,0.276512536725049,0.053252341816769216,0.3599611809718157,0.18865306802749773,0.3262814655004984,0.06500795034401792,0.5537646003325627,0.2051392553783773,0.3138517108198913,0.053339973822214906,0.40502710634510536,0.23543679366995904,0.0,0.0,0,0,0.0,0.0,0,0,-48.94221982507475,707804,181000,1206,13.806997633044375,1.523617432001629,1.7143478809448425,17.044962945990846,3027.271028850242,180
0.006639979,0.0042328737,13.077808,-13.172054,11.832333,-0.79184353,-38.274227,-13.161379,11.834824,-0.7783559,-38.227016,-13.159043,11.818374,-0.7889139,-38.210968,0.006639979,0.014611646,0.0819566,6.287894e-08,0.0042328737,0.0077281347,0.048255876,3.2933082e-07,-0.039940603,0.7862282,1.0,-1.0,-0.20644464239931964,0.10046420222463048,-0.029804116995216727,-0.4280922938157199,-30.966696359897956,14.717830200345643,-6.1943119799142945,-47.11040650819615,0.152004,0.66753596,1.0,-1.0,7,-0.2222993629948626,0.065967356318643,-0.04596655527690853,-0.38517171068562084,-33.34490444922938,7.540369298121798,-20.048475721162394,-41.91661819647199,0.09170481557980542,0.5648433866430739,1.0,-1.0,0.21826992473516843,0.08379889577526438,0.3298320053407393,0.06783804901947807,0.22918549015472675,0.08441445818733732,0.3257706880597312,0.07987807507196924,0.9123809523809524,0.2827400751810374,1.0,0.0,1.0,0.0,1.0,1.0,0.2857142857142857,0.45175395145262565,1.0,0.0,0.2857142857142857,0.4517539514526256,1.0,0.0,0.1619047619047619,0.36836342106311837,1.0,0.0,0.14285714285714285,0.34992710611188266,1.0,0.0,0.0,0.0,0.0,0.0,0.0,0.0,0.0,0.0,0.03664728820457594,0.02630640828344437,0.2096420769026601,0.006409470057770864,0.03414098932576703,0.014236928793708303,0.057509734436495014,0.020309321381538632,0.1697973541947437,0.09621886631069862,0.2909580341610619,0.014240431252027733,0.16938805142027727,0.09677541447095878,0.29095491655877265,0.014240431252027733,0.20644464239931964,0.10046420222463048,0.4280922938157199,0.029804116995216727,0.20352904074604433,0.09923748664877283,0.3133406829125516,0.03454975263356637,0.0,0.0,0,0,0.0,0.0,0,0,-30.966696359897956,711804,182000,1213,13.486994608087116,1.5591866789909545,1.6515611397335306,16.6977424268116,3043.9262257930386,181
0.00775175,0.0030117836,13.915474,-13.962955,11.857324,-0.76500094,-36.12693,-13.993576,11.897515,-0.6917908,-36.270634,-14.005558,11.894979,-0.68522966,-36.304115,0.0077517494,0.014266355,0.07608602,6.949399e-07,0.0030117838,0.007947744,0.074848406,4.4310946e-07,0.07044924,0.7741388,1.0,-1.0,-0.26213712513496706,0.08651014246056232,-0.1019302328775987,-0.46230678713976636,-39.32056877024505,12.712159120056992,-16.38515033247892,-57.507164535668444,0.03706719,0.54987735,1.0,-1.0,7,-0.20154291527236107,0.10352109962901175,-0.027191849832385404,-0.5127795773429851,-30.23143729085416,14.852784753319614,-6.835989054561711,-52.480897815977826,0.12028902642400666,0.5304540250561457,1.0,-1.0,0.24883158125513438,0.0877446706506451,0.3821248966667365,0.11028366025547942,0.25505197670673774,0.08315151557470532,0.3695166418816105,0.11601410863493912,0.9371428571428572,0.24270583521823205,1.0,0.0,1.0,0.0,1.0,1.0,0.0,0.0,0.0,0.0,0.0,0.0,0.0,0.0,0.0,0.0,0.0,0.0,0.0,0.0,0.0,0.0,0.0,0.0,0.0,0.0,0.0,0.0,0.0,0.0,0.03175962192051614,0.021386529317946518,0.1840451389818436,0.004803308263871568,0.024859536245257535,0.009961065195630343,0.043930910501109914,0.008989826924444923,0.2303775032144509,0.07606562893592435,0.33494387059308905,0.09712692461372713,0.230377491302388,0.0760656240876015,0.3349414979562472,0.09712692461372713,0.26213712513496706,0.08651014246056232,0.46230678713976636,0.1019302328775987,0.25523702754764555,0.08319528818263644,0.37887240845735715,0.10611675153817204,0.0,0.0,0,0,0.0,0.0,0,0,-39.32056877024505,715804,183000,1220,13.463052968887496,1.5155345250095706,1.6802314581727842,16.65881895206985,3060.4857070990984,182
0.0050530126,0.007437694,14.3719015,-14.479607,12.190016,-0.7473554,-37.719124,-14.486037,12.190133,-0.7588968,-37.642216,-14.444853,12.183088,-0.7448779,-37.63091,0.0050530126,0.00906776,0.057914343,5.6134617e-09,0.007437694,0.013326542,0.09325162,3.8086978e-07,-0.028492281,0.77296984,1.0,-1.0,-0.20443271219151773,0.06785414732515405,-0.10604884285871816,-0.4194754892370509,-30.66490682872766,9.72533154596809,-17.221151952465924,-43.53884141072671,0.09044793,0.48989582,1.0,-1.0,6,-0.22447424292745943,0.11466380071548535,-0.037455670262925664,-0.5607036088505537,-33.67113643911892,16.56506219908791,-9.529840637598303,-62.602617268355075,0.16392304457218482,0.48788605166636084,1.0,-1.0,0.19484416112197445,0.07936484137840062,0.29632573025322856,0.07088173034019105,0.20286449631732636,0.08564039211313056,0.29632573025322856,0.0819929083641855,0.9219047619047619,0.26832139661623367,1.0,0.0,1.0,0.0,1.0,1.0,0.0,0.0,0.0,0.0,0.0,0.0,0.0,0.0,0.0,0.0,0.0,0.0,0.0,0.0,0.0,0.0,0.0,0.0,0.0,0.0,0.0,0.0,0.0,0.0,0.0341815921307463,0.02365493735566502,0.1876008172720262,0.0063717046915405685,0.03215604842085342,0.012178608579557845,0.04401270946158015,0.009120888872739184,0.17025112006077145,0.0618795885621364,0.23447730515291731,0.0834921334821092,0.16808213439974634,0.06449260700244196,0.23447730511604342,0.0834921334821092,0.20443271219151773,0.06785414732515405,0.4194754892370509,0.10604884285871816,0.20023818282059974,0.06680700931471872,0.2767373436835053,0.11364730604625621,0.0,0.0,0,0,0.0,0.0,0,0,-30.66490682872766,719804,184000,1226,13.88076928530063,1.4164968650002265,1.7156719501363114,17.012938100437168,3077.511945183549,183
0.0041356417,0.0033591974,14.789077,-14.843769,12.756494,-0.7024707,-43.391087,-14.845956,12.760102,-0.65330625,-43.425186,-14.8668375,12.770782,-0.6710258,-43.509663,0.0041356417,0.0072340667,0.051387623,3.6586991e-06,0.0033591974,0.0061647035,0.036050208,7.988832e-08,0.023135265,0.77832866,1.0,-1.0,-0.2423695171100291,0.05532729641360937,-0.12387945455264818,-0.4044002615422866,-36.35542756650437,7.488662400003357,-20.44911297272465,-44.98654078105318,0.1707475,0.6116689,1.0,-1.0,7,-0.23977337770614088,0.09700084101501438,-0.05318065737760802,-0.45769026467920393,-35.96600665592112,13.001843709954084,-14.363289435190556,-51.87224712130636,0.20248540200733006,0.55800007050928,1.0,-1.0,0.2451568395369804,0.026127416026477654,0.29804027464877075,0.13059809542497974,0.25213936154194405,0.023427587882423825,0.29746334032277577,0.22290447160634208,0.8380952380952381,0.3683634210631184,1.0,0.0,1.0,0.0,1.0,1.0,0.0,0.0,0.0,0.0,0.0,0.0,0.0,0.0,0.0,0.0,0.0,0.0,0.0,0.0,0.0,0.0,0.0,0.0,0.0,0.0,0.0,0.0,0.0,0.0,0.04277439787297614,0.0262055487498066,0.18483945774813085,0.011679949679387373,0.030800179353375586,0.010918904334140162,0.048615448458658464,0.018343435394782358,0.199595119237053,0.04410389314972539,0.2579999549592965,0.10632135977930313,0.1995951075208659,0.04410389027279478,0.25799995483134996,0.10632135977930313,0.2423695171100291,0.05532729641360937,0.4044002615422866,0.12387945455264818,0.23039528687424152,0.04663077294824279,0.2776577558904189,0.12696076610282842,0.0,0.0,0,0,0.0,0.0,0,0,-36.35542756650437,723804,185000,1233,15.373274263794883,1.4303367100073956,1.7961944453272736,18.599805419129552,3096.1440105196816,184
0.0066264886,0.0045285793,14.648199,-14.751961,12.454908,-0.7484058,-43.759434,-14.71727,12.431385,-0.76877594,-43.70054,-14.719945,12.428327,-0.71782595,-43.63729,0.0066264886,0.010769575,0.059504103,6.508003e-08,0.0045285793,0.009527433,0.069403216,8.967254e-08,0.09756812,0.76930916,1.0,-1.0,-0.21265389755420744,0.07566701014756663,-0.07831403467604553,-0.42043744994330534,-31.89808463313111,11.010659140893264,-14.171695614681678,-46.40878681977606,0.0013757724,0.57471806,1.0,-1.0,7,-0.2191928246056393,0.07191754933031154,-0.055276390774582254,-0.41275286010920065,-32.878923690845895,9.341342219515989,-15.392629161277105,-44.67471905039727,0.11821666495764474,0.5931672757266311,1.0,-1.0,0.250451725529319,0.04612341481138091,0.31862357209900066,0.10890112827049704,0.2601431807452513,0.038326257442649725,0.3054639258413738,0.20109448768687493,0.8885714285714286,0.3146621122695886,1.0,0.0,1.0,0.0,1.0,1.0,0.0,0.0,0.0,0.0,0.0,0.0,0.0,0.0,0.0,0.0,0.0,0.0,0.0,0.0,0.0,0.0,0.0,0.0,0.0,0.0,0.0,0.0,0.0,0.0,0.040368329895010574,0.020867270622482583,0.17240450478337768,0.010860617117589828,0.03310708916178352,0.007291156237510771,0.044025641385048775,0.022215761861027923,0.17228556765919686,0.06624964506328229,0.2562517804351886,0.060278605512164185,0.17228555685577454,0.06624963650579137,0.256249531918212,0.06027860551216419,0.21265389755420744,0.07566701014756663,0.42043744994330534,0.07831403467604553,0.20539264601755808,0.0697847491316578,0.29291056812561317,0.09454291701536766,0.0,0.0,0,0,0.0,0.0,0,0,-31.89808463313111,727804,186000,1240,13.885527291684411,1.463680352011579,1.6883475747308694,17.03755521842686,3113.2852885600732,185
0.0050701015,0.0053031635,14.976606,-15.069734,12.403073,-0.74227303,-37.904457,-15.052729,12.411178,-0.71928,-37.98514,-15.061531,12.410821,-0.71653163,-37.911186,0.005070101,0.009209576,0.07113202,3.324165e-07,0.005303163,0.01381531,0.12932181,3.897094e-08,-0.04365773,0.7865651,1.0,-1.0,-0.18875769965475023,0.05290568595745732,-0.09837396350721866,-0.3886352452244778,-28.313654948212534,7.0937307066354105,-20.173928793477767,-42.89148654230889,-0.022523092,0.6020219,1.0,-1.0,6,-0.22209480677134044,0.06412986328188293,-0.09722213392936835,-0.34351511287275877,-33.31422101570107,9.040854215017749,-17.78040211105262,-45.323501497725175,-0.017892980543081288,0.5703324302475262,1.0,-1.0,0.2502870980014299,0.05119602225718134,0.3233599310310893,0.10828117299857264,0.25708322288883373,0.05271833926108194,0.3149003889179223,0.17108292668628028,0.9142857142857143,0.27994168488950605,1.0,0.0,1.0,0.0,1.0,1.0,0.0,0.0,0.0,0.0,0.0,0.0,0.0,0.0,0.0,0.0,0.0,0.0,0.0,0.0,0.0,0.0,0.0,0.0,0.0,0.0,0.0,0.0,0.0,0.0,0.03471561594680027,0.026372768797701746,0.1853439467284824,0.0013396522985300132,0.028639139157292593,0.015275609291398644,0.05490392353548269,0.00407126696659596,0.15404208370795,0.04059140964955371,0.230787625465584,0.09274235928278604,0.15404207881833168,0.04059140815057334,0.23078753660069617,0.09274235928278604,0.18875769965475023,0.05290568595745732,0.3886352452244778,0.09837396350721866,0.18268121797562425,0.052751065001486776,0.28569146013617885,0.1120585419553274,0.0,0.0,0,0,0.0,0.0,0,0,-28.313654948212534,731804,187000,1246,13.474853894353146,1.5683753960038302,1.598423802992329,16.641653093349305,3129.8993907984404,186
0.0040313797,0.0076542515,15.0274105,-15.105093,12.465963,-0.8485104,-43.465347,-15.137987,12.470045,-0.8502246,-43.56502,-15.104987,12.479425,-0.80950814,-43.492626,0.00403138,0.009697594,0.06774897,6.44127e-08,0.0076542506,0.016863707,0.14167911,6.331735e-07,-0.10917256,0.7901049,1.0,-1.0,-0.251510922345951,0.07742568086261158,-0.15560473456440835,-0.539591030881263,-37.726638351892646,10.683145840559348,-25.463924493471186,-57.42773148937069,-0.052597243,0.67097855,1.0,-1.0,7,-0.23996977928571947,0.09311602990858663,-0.029152652174364534,-0.46967751813337905,-35.99546689285792,13.612287066612813,-8.76059157052582,-53.93653545184869,0.0028754348083028128,0.5919853964824365,1.0,-1.0,0.24891350692868108,0.05442874757464055,0.34565251031210614,0.14898275348447973,0.2584305671400716,0.06383534212262484,0.34565251031210614,0.18312362865819407,0.8485714285714285,0.35846611999416833,1.0,0.0,1.0,0.0,1.0,1.0,0.0,0.0,0.0,0.0,0.0,0.0,0.0,0.0,0.0,0.0,0.0,0.0,0.0,0.0,0.0,0.0,0.0,0.0,0.0,0.0,0.0,0.0,0.0,0.0,0.03845198014546861,0.03572134549878539,0.23116449644536596,0.0026621816145872227,0.023910869654665177,0.0119748105245075,0.03654063027454635,0.0050236990389775395,0.2130589422004824,0.059514911146702015,0.3084265344358971,0.1514852849552467,0.2130589235829302,0.05951491290129597,0.30842452370075374,0.15148528495524674,0.251510922345951,0.07742568086261158,0.539591030881263,0.15560473456440835,0.23696979323759537,0.0675865792035515,0.3377505154095678,0.16036163731020064,0.0,0.0,0,0,0.0,0.0,0,0,-37.726638351892646,735804,188000,1253,13.479460366463172,1.539106736992835,1.618560803035507,16.637127906491514,3146.513047561908,187
0.00938577,0.0042960593,13.824326,-13.981525,12.23949,-0.88676345,-45.099796,-13.961567,12.241769,-0.8826886,-45.206963,-13.965042,12.238328,-0.89997613,-45.197857,0.00938577,0.016279917,0.09039594,7.163692e-11,0.0042960593,0.006928325,0.044610575,7.348541e-08,-0.114760526,0.812833,1.0,-1.0,-0.22830272502241156,0.11177317267924812,-0.06153057977942885,-0.5052307499849595,-34.24540875336173,16.24653212975638,-11.752237594654751,-58.68446528347543,-0.054441012,0.6427697,1.0,-1.0,7,-0.2578266369423715,0.052499981470552945,-0.15651692878194218,-0.4721261674051179,-38.67399554135573,6.533117337642783,-27.053682040479472,-47.68182014636274,-0.0923935167861374,0.5882144221390629,1.0,-1.0,0.2329527860113063,0.08558570026975396,0.38482541962478506,0.08667568539088649,0.2425771079311949,0.08867842585690525,0.38209528511935387,0.12473775630172226,0.878095238095238,0.32717577986413543,1.0,0.0,1.0,0.0,1.0,1.0,0.14285714285714285,0.3499271061118826,1.0,0.0,0.14285714285714285,0.3499271061118826,1.0,0.0,0.0,0.0,0.0,0.0,0.0,0.0,0.0,0.0,0.0,0.0,0.0,0.0,0.0,0.0,0.0,0.0,0.033726173142087035,0.03131822767407764,0.22377072929198594,0.011011307751015385,0.024936080040875722,0.007490016622861775,0.033990649288211425,0.013158107293759136,0.1945765518803245,0.10304497064980192,0.3453075153953415,0.04837247248566971,0.19457653618429482,0.10304496840941516,0.3453052013151726,0.04837247248566971,0.22830272502241156,0.11177317267924812,0.5052307499849595,0.06153057977942885,0.21951261622517051,0.10443719562954953,0.37896097470032325,0.06153057977942885,0.0,0.0,0,0,0.0,0.0,0,0,-34.24540875336173,739804,189000,1260,13.307913334807381,1.5165997790027177,1.6262493859103415,16.45076249972044,3163.0098208286217,188
0.0048661586,0.0064283484,16.135868,-16.216434,13.645174,-0.8365942,-46.257927,-16.181839,13.631489,-0.80486834,-46.033577,-16.222292,13.658632,-0.8144308,-46.38128,0.0048661586,0.009493339,0.064355835,9.140479e-09,0.006428349,0.0133652575,0.1208967,1.0571543e-06,-0.0012498461,0.8261857,1.0,-1.0,-0.20041581362893515,0.06900667214237229,-0.075159876904549,-0.42368357899753256,-30.062372044340282,9.975736006252223,-14.36148778549054,-45.65740755097667,0.11452022,0.5731728,1.0,-1.0,6,-0.271037807654444,0.11367243272186038,-0.10377438989719859,-0.589790056422688,-40.65567114816662,16.773176551517906,-18.344863881621905,-64.67375942483041,0.18770787415790305,0.5603953362398209,1.0,-1.0,0.2152778313311155,0.05402495373497044,0.2921265926064122,0.1258075371540474,0.21919522975706118,0.05938355690998253,0.2921265926064122,0.14212149076736302,0.9304761904761905,0.25434277940037253,1.0,0.0,1.0,0.0,1.0,1.0,0.14285714285714285,0.3499271061118826,1.0,0.0,0.14285714285714285,0.34992710611188266,1.0,0.0,0.0,0.0,0.0,0.0,0.0,0.0,0.0,0.0,0.0,0.0,0.0,0.0,0.0,0.0,0.0,0.0,0.030845015208315348,0.020937962036695616,0.173363471752413,0.0006061923548175605,0.02338371126757194,0.012568255324157722,0.0474776735508706,0.004581550618735813,0.1695707984206198,0.07076542188207023,0.2681138690200568,0.04301385908805436,0.16957078770156161,0.07076541859349987,0.2681120473742186,0.04301385908805436,0.20041581362893515,0.06900667214237229,0.42368357899753256,0.075159876904549,0.19295449896913355,0.06848322533152607,0.3011758217420814,0.09049153263892495,0.0,0.0,0,0,0.0,0.0,0,0,-30.062372044340282,743804,190000,1266,13.040424219798297,1.562258916994324,1.562328740983503,16.165011877776124,3179.136105514408,189
0.011554256,0.009873591,14.322674,-14.505012,12.836993,-0.7561488,-40.360966,-14.50184,12.825337,-0.7512859,-40.411404,-14.448278,12.810142,-0.7208291,-40.161587,0.011554256,0.036115926,0.3860098,1.0412805e-08,0.009873591,0.033984683,0.3690019,4.172911e-06,0.028013173,0.7951491,1.0,-1.0,-0.23520126596436358,0.11574917280390419,-0.039791076243598913,-0.5401508198401073,-35.280189894654534,16.67507018270914,-6.8121001940633175,-59.04885341766875,0.1141934,0.56332725,1.0,-1.0,7,-0.24931962037703084,0.081572556399219,-0.09657881363087853,-0.5202076118501435,-37.39794305655463,11.838302029228855,-17.594045577105973,-52.2989763629188,0.130921036218412,0.5645586889978508,1.0,-1.0,0.24349322252074856,0.07715612360929311,0.39197897936139664,0.11285325358101601,0.25659944789849476,0.08371481377954457,0.39197897936139664,0.11801947163946713,0.8428571428571429,0.3639354057959142,1.0,0.0,1.0,0.0,1.0,1.0,0.14285714285714285,0.34992710611188255,1.0,0.0,0.14285714285714285,0.3499271061118826,1.0,0.0,0.13904761904761906,0.34599621195152885,1.0,0.0,0.14285714285714285,0.3499271061118826,1.0,0.0,0.0,0.0,0.0,0.0,0.0,0.0,0.0,0.0,0.04604465372639159,0.03902229161724161,0.27713808161121145,0.0030438697352431505,0.033107799915056364,0.01083685039962887,0.0441860930618832,0.009440510827007687,0.18915661223797195,0.09914108923242619,0.3416564953168986,0.03486344253196028,0.18915660218766536,0.09914108191217755,0.3416539727479708,0.03486344253196028,0.23520126596436358,0.11574917280390419,0.5401508198401073,0.039791076243598913,0.22226440210272166,0.106667448785903,0.385840065809854,0.044303953358967973,0.0,0.0,0,0,0.0,0.0,0,0,-35.280189894654534,747804,191000,1273,13.601394329991308,1.5237867149990052,1.624081202025991,16.749262247016304,3195.8804220664315,190
0.0038556152,0.00548668,15.371282,-15.455034,12.8611355,-0.7894902,-43.0084,-15.465574,12.866178,-0.78992534,-43.019356,-15.4368305,12.85799,-0.80401313,-42.95737,0.0038556152,0.006737357,0.043716732,1.0591208e-09,0.00548668,0.013139227,0.10574703,9.4995266e-07,0.07969779,0.7737632,1.0,-1.0,-0.2393103272293237,0.05961620883009623,-0.13121959140930506,-0.4269057230367213,-35.896549084398536,8.076080854741857,-24.995461651895194,-47.35607455582104,0.07456878,0.62633646,1.0,-1.0,7,-0.2072828695486254,0.062250446656361105,-0.11004930108030837,-0.4160612803408703,-31.09243043229381,7.764311995957409,-22.228672053127262,-39.730467352446624,0.14278285462619172,0.5359385283016955,1.0,-1.0,0.24425541941743031,0.050614590738128976,0.3230987036919594,0.12450175687827239,0.25002560091448967,0.05135600990714833,0.3159831280329486,0.17498117072187305,0.8828571428571429,0.32159043543498816,1.0,0.0,1.0,0.0,1.0,1.0,0.0,0.0,0.0,0.0,0.0,0.0,0.0,0.0,0.0,0.0,0.0,0.0,0.0,0.0,0.0,0.0,0.0,0.0,0.0,0.0,0.0,0.0,0.0,0.0,0.03503863388829048,0.026772640094637586,0.16147673565300555,0.0074493323957518405,0.02629320807930238,0.00509845977018058,0.03426923096207856,0.019362110681984252,0.2042716933410332,0.05271993957522085,0.2780698135962379,0.12214749270174448,0.20427167910389657,0.052719934949824764,0.27806747215495997,0.12214749270174448,0.2393103272293237,0.05961620883009623,0.4269057230367213,0.13121959140930506,0.23056488718319895,0.0558019657365627,0.31066428469464824,0.1498125005607285,0.0,0.0,0,0,0.0,0.0,0,0,-35.896549084398536,751804,192000,1280,12.98735663012485,1.519065735003096,1.5935268536122749,16.09994921874022,3211.976827631166,191
0.0117706675,0.01062854,14.634792,-14.7079,12.77704,-0.8211489,-48.244156,-14.719404,12.77021,-0.8443508,-48.235847,-14.743944,12.80062,-0.8374416,-48.183792,0.0117706675,0.08173864,0.9234742,6.07821e-09,0.01062854,0.06095133,0.6610058,9.8819e-08,-0.1069881,0.80430984,1.0,-1.0,-0.2272912921617643,0.07516949968692065,-0.11252457829398618,-0.5116313916194171,-34.093693824264655,10.660054793586465,-18.41477117113334,-55.89859616703042,0.10441779,0.6407159,1.0,-1.0,6,-0.22230511883245363,0.03719334498580891,-0.15324746021396013,-0.44370124978227204,-33.345767824868034,4.4635953664134735,-29.088622381360448,-40.55221241935356,0.05743425306557659,0.60064878261255,1.0,-1.0,0.19824579936736322,0.08009760099984709,0.3711747227391505,0.06847787316314544,0.2101258723926851,0.07615856967858559,0.3700444553373788,0.12281983865770615,0.8971428571428571,0.30377220251433174,1.0,0.0,1.0,0.0,1.0,1.0,0.0,0.0,0.0,0.0,0.0,0.0,0.0,0.0,0.0,0.0,0.0,0.0,0.0,0.0,0.0,0.0,0.0,0.0,0.0,0.0,0.0,0.0,0.0,0.0,0.03512851990203063,0.029928312612120322,0.2031626944868138,0.002895110531629689,0.031354375926442926,0.01237957000248231,0.05382976408300598,0.014036195149695936,0.19216277225973366,0.07358944111184981,0.35277275871015246,0.09898554727106977,0.19217451964529753,0.07359070478817945,0.3527707603105545,0.09898554727106977,0.2272912921617643,0.07516949968692065,0.5116313916194171,0.11252457829398618,0.22352889557174047,0.069040961270936,0.36680695546025044,0.13148612711871932,0.0,0.0,0,0,0.0,0.0,0,0,-34.093693824264655,755804,193000,1286,13.414363171090372,1.5159523150068708,1.5894059060956351,16.519721392192878,3228.5180756673362,192
0.005717377,0.008286924,14.337254,-14.485795,11.848721,-0.9718327,-40.254097,-14.516298,11.853798,-0.97929347,-40.263565,-14.450796,11.827095,-0.96051025,-40.183064,0.005717377,0.010136779,0.07012565,1.7788358e-07,0.008286925,0.012892229,0.07169403,2.4294256e-06,-0.013838549,0.81006736,1.0,-1.0,-0.2615056305019225,0.08343468305420756,-0.13766638066417203,-0.5251351462788207,-39.22584457528836,11.733377479262533,-24.678729817768843,-55.88735771976546,0.10038154,0.54756796,1.0,-1.0,7,-0.15934465488205005,0.05637989847760967,-0.06248306751211905,-0.3509879471247748,-23.901698232307506,6.842531116215591,-12.762349172862402,-35.9656122952247,0.03696388820268388,0.5667765752827357,1.0,-1.0,0.22427536866761683,0.07607315392751449,0.3520419208330952,0.0843623721263802,0.2356121704056456,0.0765599101763918,0.33360617439680973,0.12483487994978143,0.8276190476190476,0.3777112119558913,1.0,0.0,1.0,0.0,1.0,1.0,0.0,0.0,0.0,0.0,0.0,0.0,0.0,0.0,0.0,0.0,0.0,0.0,0.0,0.0,0.0,0.0,0.0,0.0,0.0,0.0,0.0,0.0,0.0,0.0,0.04502111750463468,0.03262737629280737,0.20718549944222564,0.01273554135373756,0.02602871262327679,0.009207205821898733,0.04544572631058862,0.016909178476340988,0.21648451299728777,0.07544748269238087,0.33669968477092244,0.10769140320735078,0.2164844969939517,0.0754474814129512,0.336698026344948,0.10769140320735078,0.2615056305019225,0.08343468305420756,0.5251351462788207,0.13766638066417203,0.24251320961722853,0.07049138716482656,0.3586883191970557,0.13766638066417203,0.0,0.0,0,0,0.0,0.0,0,0,-39.22584457528836,759804,194000,1293,13.116027337950072,1.5382689719990594,1.6528913191723404,16.307187629121472,3244.803334898461,193
0.0041503105,0.0033527997,13.299086,-13.351079,11.408182,-0.91856134,-40.55635,-13.36454,11.416692,-0.94424576,-40.50471,-13.368442,11.407609,-0.9437446,-40.38048,0.0041503105,0.0070208022,0.0358365,3.0250376e-08,0.0033527997,0.0066691027,0.05507971,1.2028067e-10,-0.11423805,0.79221874,1.0,-1.0,-0.18886780826857483,0.10289502959058294,-0.07242527361616322,-0.49376251983293484,-28.330171240286226,15.289284492105098,-12.012618262142908,-50.0264672196569,0.04290313,0.5377251,1.0,-1.0,7,-0.23396511085617105,0.09892147696201826,-0.10228693219651812,-0.5738114684118305,-35.09476662842565,14.179451452316941,-19.695529118674497,-63.93500761115885,0.10582485638928081,0.5586778178843135,1.0,-1.0,0.2200623067433434,0.08674362637987681,0.335920261503602,0.07437786322950359,0.2220156677243426,0.08811841255634333,0.335920261503602,0.09351485796992613,0.98,0.13999999999999999,1.0,0.0,1.0,0.0,1.0,1.0,0.0,0.0,0.0,0.0,0.0,0.0,0.0,0.0,0.0,0.0,0.0,0.0,0.0,0.0,0.0,0.0,0.0,0.0,0.0,0.0,0.0,0.0,0.0,0.0,0.020835983193792915,0.016010665366494183,0.17781028754951597,0.007043116756910474,0.017712004789076214,0.009472547736419508,0.0399724733924209,0.008921538694876555,0.1680318250747819,0.09734288700134339,0.31595223228341884,0.0623121602981933,0.16803212266190407,0.09734258570991138,0.31595157564502657,0.0623121602981933,0.18886780826857483,0.10289502959058294,0.49376251983293484,0.07242527361616322,0.1857441274509803,0.10325968746945706,0.3351607694626504,0.07443433871201532,0.0,0.0,0,0,0.0,0.0,0,0,-28.330171240286226,763804,195000,1300,13.144550895289285,1.5161106810119236,1.586444496148033,16.24710607244924,3261.0609984258917,194
0.008355471,0.006448188,15.603525,-15.738333,13.269399,-0.9619688,-44.510704,-15.721818,13.261367,-0.9255891,-44.500023,-15.728928,13.279337,-0.8964202,-45.197052,0.008355471,0.054074153,0.61150247,8.2081897e-07,0.0064481883,0.042950507,0.4858496,3.8131134e-09,0.05245632,0.7844696,1.0,-1.0,-0.21235102606055134,0.11738189836475758,-0.08610913731216371,-0.5364590974675933,-31.852653909082715,17.02534726199613,-14.848671420244628,-58.22796170142771,0.073056065,0.6120762,1.0,-1.0,6,-0.22210423794282214,0.092462838118608,-0.08673172994206761,-0.5096329049026906,-33.315635691423324,13.509215547794673,-16.03874729736985,-56.1876389164961,-0.006876977929114017,0.5403327935215446,1.0,-1.0,0.18976128628319497,0.08893850384411539,0.36730469231764984,0.0757057824519678,0.2108766569065777,0.09842958725955095,0.36730469231764984,0.10576545848120127,0.8542857142857143,0.3528195468693043,1.0,0.0,1.0,0.0,1.0,1.0,0.0,0.0,0.0,0.0,0.0,0.0,0.0,0.0,0.0,0.0,0.0,0.0,0.0,0.0,0.0,0.0,0.0,0.0,0.0,0.0,0.0,0.0,0.0,0.0,0.03593971482068635,0.03449731272018164,0.21327068782257702,0.005189454543753867,0.01990635998792011,0.01022356827253827,0.03926510420728833,0.007789482003383598,0.17641131123986503,0.09860449741353543,0.32319015265175605,0.07477202470369872,0.17641055326148533,0.09860526849216601,0.3231884096450164,0.07477202478539757,0.21235102606055134,0.11738189836475758,0.5364590974675933,0.08610913731216371,0.19631691324940545,0.10171091550621855,0.36245351385230473,0.08918704452822121,0.0,0.0,0,0,0.0,0.0,0,0,-31.852653909082715,767804,196000,1306,12.924051578112994,1.5273964730004082,1.6117865449050441,16.063234596018447,3277.1115687659185,195
0.005101879,0.0058488604,14.774604,-14.877818,12.737471,-0.7613724,-45.255924,-14.900053,12.738051,-0.81805736,-45.383118,-14.860281,12.721692,-0.78591025,-45.23266,0.0051018796,0.008087984,0.041994475,4.7279173e-08,0.0058488604,0.009582923,0.056006152,5.4147677e-08,-0.056144476,0.78214216,1.0,-1.0,-0.21231101296116106,0.08529986284588145,-0.06558808237232097,-0.4795047094960949,-31.84665194417416,11.70956823737919,-16.92349594295201,-50.20588679748191,0.23994869,0.58149964,1.0,-1.0,7,-0.25658892982304177,0.07975652726727565,-0.08259828802906036,-0.49314118592238876,-38.48833947345627,10.969594396236516,-15.800211693886475,-53.733833287328636,0.10271525499678162,0.5801972033476777,1.0,-1.0,0.23859143450115539,0.047243703793041346,0.32331942877944686,0.1202134527895879,0.24379028483691384,0.054228801539823165,0.31828825783339054,0.15787527725934963,0.7780952380952381,0.41552742213812177,1.0,0.0,1.0,0.0,1.0,1.0,0.14285714285714285,0.3499271061118826,1.0,0.0,0.14285714285714285,0.34992710611188266,1.0,0.0,0.0,0.0,0.0,0.0,0.0,0.0,0.0,0.0,0.0,0.0,0.0,0.0,0.0,0.0,0.0,0.0,0.045063341090316275,0.03733567587291897,0.21146062274918664,0.008577352440781756,0.021313628218240722,0.0069284616131954765,0.028602028695668937,0.009327983141635078,0.1672476718708448,0.07270162670353979,0.26804408674690827,0.05281431437787758,0.16724766189093135,0.07270162001033256,0.2680410974711281,0.05281431437787758,0.21231101296116106,0.08529986284588145,0.4795047094960949,0.06558808237232097,0.18856129010917205,0.0735148448876532,0.29278789628951774,0.06558808237232097,0.0,0.0,0,0,0.0,0.0,0,0,-31.84665194417416,771804,197000,1313,13.09172939111886,1.5149857639917172,1.610201584888273,16.21691673999885,3293.3203644829337,196
0.0068743406,0.0044911206,14.145521,-14.256432,12.692785,-0.9182984,-42.399887,-14.278558,12.694871,-0.933377,-42.470116,-14.2945595,12.722208,-0.9238855,-42.49319,0.0068743406,0.011607741,0.057075575,1.2450982e-07,0.00449112,0.009306293,0.078875884,3.6561914e-08,-0.0731573,0.8007649,1.0,-1.0,-0.23190833067531866,0.0981242783869503,-0.05272782300127613,-0.44674783687721514,-34.7862496012978,14.212477210272372,-9.291373314422895,-50.91645463932804,0.11703185,0.64438057,1.0,-1.0,7,-0.23506562498809785,0.10913186193719335,-0.054505478725643916,-0.5132263960117176,-35.25984374821467,15.00660931836352,-13.953129661314476,-55.683693301691186,0.0922749557122619,0.5724254753175487,1.0,-1.0,0.2025794821158545,0.08043093662247905,0.34644559878865455,0.04067681607215733,0.21192019225717296,0.08293822568442241,0.3464075864132022,0.06495337883104224,0.8314285714285714,0.37437294512399844,1.0,0.0,1.0,0.0,1.0,1.0,0.14285714285714285,0.3499271061118826,1.0,0.0,0.14285714285714285,0.3499271061118826,1.0,0.0,0.13523809523809524,0.341977708095816,1.0,0.0,0.14285714285714285,0.3499271061118826,1.0,0.0,0.0038095238095238095,0.06160366334779516,1.0,0.0,0.0,0.0,0.0,0.0,0.03935204323260464,0.031847378427030185,0.21432389310712463,0.00604058361470123,0.02803301977856292,0.012363729546786101,0.0442036478122313,0.012276931049231844,0.19255628744271397,0.08546828589832581,0.31705352497695716,0.043766627660264096,0.19252267741145176,0.0855255899857063,0.31705103587220435,0.04376662773106036,0.23190833067531866,0.0981242783869503,0.44674783687721514,0.05272782300127613,0.2205556971900147,0.08923090264050153,0.33209608340140195,0.056043558780292206,0.0,0.0,0,0,0.0,0.0,0,0,-34.7862496012978,775804,198000,1320,12.623748678481206,1.5073688889970072,1.547435035201488,15.678552602679702,3308.980977534622,197
0.005401907,0.0076724207,14.516559,-14.642554,13.516548,-0.95078444,-49.251118,-14.683384,13.542992,-0.9754522,-49.314785,-14.648244,13.532192,-0.93064684,-49.401237,0.0054019066,0.01678145,0.17026378,1.7320417e-08,0.0076724202,0.020452539,0.19880489,2.1082144e-08,-0.09875571,0.79494536,1.0,-1.0,-0.1986736673494386,0.09319000332831995,-0.01385837103185825,-0.38960020948400775,-29.80105010241578,13.607846285741324,-3.372009718307516,-47.38736520031124,0.030218313,0.49489722,1.0,-1.0,6,-0.19187555047553354,0.060748862670190855,-0.09468098859949202,-0.4411071833944325,-28.78133257133003,7.5984888232959555,-17.69417672268932,-39.22654133969126,0.14888819104859685,0.5923633481399434,1.0,-1.0,0.20396039912404706,0.08923581627441897,0.3137443672884505,0.031235285090067226,0.2100350717220188,0.09147349165745845,0.3137443672884505,0.040526938453583086,0.8847619047619047,0.31930906132459025,1.0,0.0,1.0,0.0,1.0,1.0,0.14285714285714285,0.34992710611188255,1.0,0.0,0.14285714285714285,0.3499271061118826,1.0,0.0,0.13904761904761906,0.34599621195152885,1.0,0.0,0.14285714285714285,0.3499271061118826,1.0,0.0,0.1361904761904762,0.34299071472196957,1.0,0.0,0.14285714285714285,0.3499271061118826,1.0,0.0,0.034185686578504355,0.02501554281199594,0.15897269811764042,0.003549087249758266,0.022857541339029452,0.008925694137379954,0.03725951673295188,0.011324983441897087,0.1644879807709342,0.08184148638990153,0.2859915182767617,0.0026153040742121886,0.16443626133547035,0.08193544228388604,0.2859882716815172,0.007566609055349016,0.1986736673494386,0.09319000332831995,0.38960020948400775,0.01385837103185825,0.18729380267449983,0.08712899794514108,0.313964461790882,0.018891592497246104,0.0,0.0,0,0,0.0,0.0,0,0,-29.80105010241578,779804,199000,1326,12.798341760892072,1.4888776239968138,1.5834570663428167,15.870676451231702,3324.9083504188457,198
0.005304451,0.0067183897,14.34298,-14.430725,12.503975,-0.93042445,-45.493557,-14.422222,12.506306,-0.95583606,-45.50181,-14.4437065,12.51952,-0.9834009,-45.45058,0.005304451,0.00845218,0.048903704,2.4028486e-07,0.0067183897,0.010370081,0.060285512,4.2531667e-08,0.007024967,0.78636354,1.0,-1.0,-0.26753468398320157,0.09533510513759565,-0.08500038049651068,-0.5007994738771675,-40.13020259748024,13.78732872128309,-14.53902500573931,-57.07329524243271,0.29816467,0.63736314,1.0,-1.0,7,-0.2597248594334443,0.08245439448151333,-0.12103427302239404,-0.5270618644971818,-38.95872891501666,10.623623549273299,-31.210775470566006,-63.811879495137184,0.11091128422048498,0.5385692012744913,1.0,-1.0,0.2520418237890871,0.07096654845347568,0.3589061165860855,0.0566487748886704,0.2622721854367498,0.06998657065769291,0.35475720787545395,0.1656224266456587,0.8466666666666667,0.36030850978324425,1.0,0.0,1.0,0.0,1.0,1.0,0.0,0.0,0.0,0.0,0.0,0.0,0.0,0.0,0.0,0.0,0.0,0.0,0.0,0.0,0.0,0.0,0.0009523809523809524,0.030845970934669797,1.0,0.0,0.0,0.0,0.0,0.0,0.04066597634373547,0.027260528109352148,0.17831878779435434,0.004786014326533135,0.02449287089738524,0.009356589217729442,0.040206704391793954,0.012098231496320234,0.22686870763946612,0.08787497875703261,0.32265552927462116,0.06548902483747598,0.22686759300641804,0.08787595952875842,0.3226529437456598,0.0654890248374761,0.26753468398320157,0.09533510513759565,0.5007994738771675,0.08500038049651068,0.25136046390380323,0.08299724798369175,0.3396588901158144,0.09691104172741377,0.0,0.0,0,0,0.0,0.0,0,0,-40.13020259748024,783804,200000,1333,12.70134608297667,1.547096677008085,1.6774296061194036,15.925872366104159,3341.0997640749556,199
0.0049997997,0.0043062074,14.4304085,-14.565618,12.626022,-0.7014023,-43.37402,-14.5728,12.62529,-0.7363783,-43.258846,-14.54932,12.618312,-0.7206198,-43.291206,0.0049997997,0.008147966,0.04704969,1.2803705e-06,0.004306208,0.0077328063,0.035852026,9.240608e-08,0.08421688,0.8023043,1.0,-1.0,-0.21073069998117483,0.09127489079289881,-0.0596024441539165,-0.5066012316271616,-31.609604997176227,12.82978917554809,-11.096486753497482,-51.664599973900785,0.04559672,0.6258364,1.0,-1.0,7,-0.22028198451347566,0.08001434538922082,-0.06645515038019677,-0.445919917594371,-33.042297677021345,11.025968221638305,-13.759773153104021,-51.258534190198894,0.06861520198067295,0.5731327308293168,1.0,-1.0,0.20978069400630353,0.07250806610709337,0.32968431316011987,0.08708894748898965,0.223717863032341,0.06826817016412064,0.32240816681805057,0.12238786162026365,0.7752380952380953,0.41742543157994727,1.0,0.0,1.0,0.0,1.0,1.0,0.14285714285714285,0.34992710611188255,1.0,0.0,0.14285714285714285,0.34992710611188266,1.0,0.0,0.018095238095238095,0.13329591311632452,1.0,0.0,0.14285714285714285,0.34992710611188266,1.0,0.0,0.0,0.0,0.0,0.0,0.0,0.0,0.0,0.0,0.04576285549207008,0.034563680563421954,0.22381034251529333,0.008986469663993787,0.02479128395944643,0.00947713902983726,0.04701285548761899,0.01616622869915108,0.16496784448910476,0.08590150954859345,0.28279088911186834,0.03542418476851086,0.16496783464258716,0.08590150459093,0.2827878944012297,0.03542418476851088,0.21073069998117483,0.09127489079289881,0.5066012316271616,0.0596024441539165,0.18975911860203362,0.0827759836420322,0.3032884623153343,0.0596024441539165,0.0,0.0,0,0,0.0,0.0,0,0,-31.609604997176227,787804,201000,1340,13.897228943285882,1.8156054230057634,1.7540139242482837,17.46684829053993,3358.2504360925086,200
0.007075256,0.006331156,14.456289,-14.492971,12.705577,-0.71118486,-50.104313,-14.511246,12.723483,-0.73334277,-50.134598,-14.513952,12.733816,-0.76051474,-50.14932,0.007075256,0.012482854,0.07480321,6.9030875e-08,0.006331157,0.014779309,0.11825054,5.0920613e-07,-0.07980344,0.7969457,1.0,-1.0,-0.2700311191838081,0.08525300590335586,-0.13086872441472072,-0.5154396253851452,-40.50466787757121,12.553499585926303,-21.705329873506862,-55.131604102247046,0.14423744,0.6302031,1.0,-1.0,6,-0.2180656069491435,0.08756290861618397,-0.03516098617607392,-0.38960011893029367,-32.70984104237152,12.655138927799975,-7.575802401915245,-44.65263994499537,-0.096847468633275,0.5896624659687606,1.0,-1.0,0.25630393534073226,0.0782613491983646,0.35885504984062516,0.120053880542031,0.2600037042373952,0.0794152321841926,0.35281666279935614,0.15101510643195956,0.9657142857142857,0.1819620951781789,1.0,0.0,1.0,0.0,1.0,1.0,0.0,0.0,0.0,0.0,0.0,0.0,0.0,0.0,0.0,0.0,0.0,0.0,0.0,0.0,0.0,0.0,0.0,0.0,0.0,0.0,0.0,0.0,0.0,0.0,0.03105015241280589,0.01698635721272467,0.18287919048287726,0.004974795946696091,0.030110581493880403,0.0132365993706165,0.04934511613644079,0.004974795946696091,0.23898096677100225,0.0816145108029761,0.3325604349022679,0.11850931486579622,0.23898095533640437,0.08161450738788238,0.3325586870729311,0.11850931486579623,0.2700311191838081,0.08525300590335586,0.5154396253851452,0.13086872441472072,0.26909153683028475,0.0873540205832665,0.379768161032291,0.1478843325675273,0.0,0.0,0,0,0.0,0.0,0,0,-40.50466787757121,791804,202000,1346,12.870893015191541,1.4959090199990897,1.6227912026806735,15.989593237871304,3385.4527440944075,201
0.0052138097,0.0056033935,13.781949,-13.854605,11.839897,-0.6038039,-44.40228,-13.820124,11.824976,-0.58432007,-44.370296,-13.850546,11.838728,-0.60165673,-44.461582,0.0052138097,0.011812349,0.07492983,3.3925568e-07,0.005603393,0.014676453,0.11004725,1.3536919e-08,-0.0343597,0.7840101,1.0,-1.0,-0.1972535279757294,0.09445504065151945,-0.025866498597699978,-0.41418986655535434,-29.588029196359418,13.723390917415097,-6.721888761964302,-44.328062727871135,0.10362831,0.57375664,1.0,-1.0,7,-0.21016038866817985,0.0913979739863789,-0.025481808601127934,-0.41138014361148656,-31.524058300226972,12.79519898271097,-6.385465888201373,-47.743401328493476,0.0913307577217013,0.5366384855785061,1.0,-1.0,0.19491761863449888,0.0915464544021668,0.31648894324897126,0.04932393007837581,0.1965756566587589,0.09001504708661864,0.2819604789320147,0.04954980733424073,0.8914285714285715,0.3111007448872274,1.0,0.0,1.0,0.0,1.0,1.0,0.14285714285714285,0.34992710611188255,1.0,0.0,0.14285714285714285,0.34992710611188266,1.0,0.0,0.12285714285714286,0.3282731565421127,1.0,0.0,0.14285714285714285,0.34992710611188266,1.0,0.0,0.13714285714285715,0.3439981015609694,1.0,0.0,0.14285714285714285,0.34992710611188266,1.0,0.0,0.03545182780794796,0.026222370086214225,0.17303505279483106,0.002362376313248509,0.02593660124608393,0.012974164727396717,0.051985003560266974,0.008778583503332995,0.16180170016778145,0.0869173074595991,0.2545974129310176,0.01568009167983254,0.16180240714814648,0.08691743381842235,0.2545959756071229,0.01568009167983255,0.1972535279757294,0.09445504065151945,0.41418986655535434,0.025866498597699978,0.18773900839423036,0.0876956303333602,0.28052572378363344,0.04248913251358855,0.0,0.0,0,0,0.0,0.0,0,0,-29.588029196359418,795804,203000,1353,13.146118957694853,1.4832940229971427,1.594383191972156,16.22379617266415,3401.7981946450745,202
0.004772844,0.004459712,13.947091,-14.010655,12.488581,-0.8555308,-43.283512,-14.017963,12.48599,-0.89830494,-43.39096,-14.041781,12.5009775,-0.9095378,-43.627876,0.004772844,0.011791035,0.11858668,3.3703742e-09,0.004459712,0.007975654,0.056128997,8.8689944e-11,-0.041534357,0.80932796,1.0,-1.0,-0.21793038877201876,0.0857479377884514,-0.05628545358276451,-0.41932171194799606,-32.68955831580281,12.6466483282225,-9.653430219344152,-49.39812499407097,0.04963323,0.5891513,0.99999994,-1.0,7,-0.20259689791497867,0.08568300307445258,-0.05201489868552026,-0.4000209959627054,-30.389534687246798,12.244027246985073,-11.474935094631265,-44.67369256586999,0.10083935687127595,0.555906789231562,1.0,-1.0,0.22425972258920246,0.064178862053286,0.3525096187623002,0.08906804399733237,0.23585455763138982,0.06638977200196723,0.3525096187623002,0.11480013249742815,0.9371428571428572,0.24270583521823202,1.0,0.0,1.0,0.0,1.0,1.0,0.14285714285714285,0.3499271061118826,1.0,0.0,0.14285714285714285,0.3499271061118826,1.0,0.0,0.009523809523809525,0.09712418121129116,1.0,0.0,0.0,0.0,0.0,0.0,0.0,0.0,0.0,0.0,0.0,0.0,0.0,0.0,0.03316818702967107,0.017576073376188488,0.15337464226871497,0.011268627725275348,0.02992387016142584,0.008819954056322198,0.041073908979777494,0.018735429771519416,0.1847622017423477,0.08013347382887587,0.2874125984127601,0.04214262950252062,0.18476219145553568,0.0801334700070608,0.2874097515863799,0.042142629502520845,0.21793038877201876,0.0857479377884514,0.41932171194799606,0.05628545358276451,0.21468606161696152,0.08437580871927246,0.32848366056615735,0.062199448928957846,0.0,0.0,0,0,0.0,0.0,0,0,-32.68955831580281,799804,204000,1360,13.211841647120309,1.606472453000606,1.655087134844507,16.473401234965422,3418.223276185061,203
0.0053553935,0.0065680984,13.62484,-13.724144,11.851607,-1.1014524,-39.352104,-13.719454,11.847922,-1.0833151,-39.361225,-13.726159,11.850175,-1.0881598,-39.313103,0.0053553935,0.014424324,0.112431504,4.858323e-07,0.006568099,0.015318146,0.096460685,1.7299045e-07,-0.060820587,0.8017247,1.0,-1.0,-0.22468137922671635,0.07254661612585851,-0.12509866981866105,-0.48620922149407975,-33.70220688400745,10.598103210505684,-22.050589517281175,-52.67892138068957,-0.024001364,0.6529722,1.0,-1.0,6,-0.24254752905838467,0.06092163693183687,-0.12457531550621545,-0.42122375116805555,-36.382129358757695,8.345272485939457,-23.38130615785672,-48.86023276764388,0.116233793781958,0.5668729289415341,1.0,-1.0,0.22029917153144152,0.07265512761092642,0.3624200091226976,0.09068414168612524,0.22591064231341315,0.07216197586362592,0.3613219455634735,0.14685321886451638,0.9552380952380952,0.20678074534151128,1.0,0.0,1.0,0.0,1.0,1.0,0.0,0.0,0.0,0.0,0.0,0.0,0.0,0.0,0.0,0.0,0.0,0.0,0.0,0.0,0.0,0.0,0.0,0.0,0.0,0.0,0.0,0.0,0.0,0.0,0.025172362327266155,0.016835686280957156,0.16635319505912866,0.0021442076644440614,0.017422678164990598,0.0052329490390181695,0.028033507536459265,0.010188263469970666,0.19950901689945022,0.06906979900285977,0.3198560264349511,0.12295446215421699,0.19950899966279118,0.06906979887503081,0.31985332255006016,0.12295446215421699,0.22468137922671635,0.07254661612585851,0.48620922149407975,0.12509866981866105,0.2169316778277818,0.0711165594045129,0.33733729634561965,0.1340013502544301,0.0,0.0,0,0,0.0,0.0,0,0,-33.70220688400745,803804,205000,1366,13.783957470353926,1.5575938179972582,1.6503774101875024,16.991928698538686,3435.1900046955707,204
0.0045926254,0.006575222,14.856705,-14.975382,12.480386,-0.9718245,-40.10378,-14.976761,12.488085,-0.95991325,-40.069595,-14.965838,12.492447,-0.9631773,-40.165035,0.0045926254,0.01242084,0.12809148,1.3691897e-07,0.006575222,0.016387086,0.16561607,8.076677e-08,-0.034458954,0.8094235,1.0,-1.0,-0.2741263206472398,0.05622075400801056,-0.1278564547203781,-0.463354627727749,-41.11894809708597,7.522347414704375,-26.384416923339682,-50.474197106471635,0.11464746,0.60196906,1.0,-1.0,7,-0.2504397404624436,0.0771676481495944,-0.1019682982670082,-0.4684794650439044,-37.565961069366544,10.950311447456627,-24.46395569322549,-53.70767560011238,0.07656480371175903,0.6119799044947785,1.0,-1.0,0.23738192897441068,0.06462601277378725,0.34007066519390716,0.09024082858800976,0.25261747673147533,0.061371739880202905,0.34007066519390716,0.15868672842206064,0.8438095238095238,0.3630358265211141,1.0,0.0,1.0,0.0,1.0,1.0,0.0,0.0,0.0,0.0,0.0,0.0,0.0,0.0,0.0,0.0,0.0,0.0,0.0,0.0,0.0,0.0,0.0,0.0,0.0,0.0,0.0,0.0,0.0,0.0,0.04088876359573115,0.02674537185834597,0.20524010840043108,0.002411088046048264,0.02937108494890506,0.010290252741470596,0.04733981020767805,0.01170681107044169,0.23323755705150861,0.054112606179630277,0.2911773373589056,0.12544536657875302,0.23319595037898264,0.05419507216093153,0.29117598293335745,0.1254453667183292,0.2741263206472398,0.05622075400801056,0.463354627727749,0.1278564547203781,0.2625670353278878,0.06087973691950125,0.32610129224662326,0.1371521777887709,0.0,0.0,0,0,0.0,0.0,0,0,-41.11894809708597,807804,206000,1373,13.821292664011708,1.5328278810047777,1.6834836158232065,17.03760416083969,3452.2941651924193,205
0.016353816,0.010869534,14.645322,-14.828398,12.758122,-0.7070775,-47.569195,-14.795536,12.734295,-0.7125033,-47.439705,-14.752528,12.745361,-0.699119,-47.536034,0.016353816,0.026579691,0.16493544,2.4164365e-06,0.010869533,0.01843464,0.10372701,8.010411e-06,-0.030010795,0.7955787,1.0,-1.0,-0.18725882807233774,0.06390060584204327,-0.09004403129943803,-0.3996358655716943,-28.088824210850657,8.745611765635035,-14.347112702159514,-44.686466063807465,-0.032121684,0.5470199,1.0,-1.0,7,-0.21231337415489002,0.07128608880426526,-0.09683091128559043,-0.4284544696220329,-31.84700612323351,9.90564687781337,-18.254663332450857,-44.53334592479516,0.05685526828108121,0.5865759357300054,1.0,-1.0,0.17881270088473822,0.06939021395048461,0.3081671533483682,0.06187803358546362,0.1941208406658182,0.054138388455861504,0.30650265079533756,0.1338245326585869,0.8238095238095238,0.38098214169465927,1.0,0.0,1.0,0.0,1.0,1.0,0.0,0.0,0.0,0.0,0.0,0.0,0.0,0.0,0.0,0.0,0.0,0.0,0.0,0.0,0.0,0.0,0.0,0.0,0.0,0.0,0.0,0.0,0.0,0.0,0.03918945626627884,0.029580158489615663,0.19097602303181127,0.0071544333154555,0.026423776483601065,0.008565201520682074,0.041977442726110696,0.012604105973593982,0.1480693718060589,0.04868617716500581,0.25026300766171516,0.08010883352914512,0.14809771093976923,0.04867499513613947,0.2502630075298131,0.08010883352914512,0.18725882807233774,0.06390060584204327,0.3996358655716943,0.09004403129943803,0.1745214874233703,0.05636102702286659,0.2922404502559238,0.09271293950273911,0.0,0.0,0,0,0.0,0.0,0,0,-28.088824210850657,811804,207000,1380,14.018848362189601,1.5995065580063965,1.6974990650487598,17.315853985244757,3469.6036808326608,206
0.004388216,0.0054509034,15.030903,-15.138442,12.802082,-0.893233,-42.32727,-15.128999,12.796814,-0.90375745,-42.269077,-15.161402,12.812834,-0.8555048,-42.43549,0.004388216,0.007870692,0.048647586,1.6973354e-07,0.0054509034,0.010621541,0.05467534,2.0409097e-06,0.01658982,0.7956097,1.0,-1.0,-0.15581078171218332,0.06947886740384811,-0.011196960775770627,-0.3499718187966549,-23.371617256827502,9.91608606982811,-7.552262067784359,-35.734750511647405,-0.046724863,0.6015512,1.0,-1.0,6,-0.24101362366642864,0.06606643616399652,-0.1136860065882894,-0.49381261375086993,-36.15204354996428,9.179079107793621,-20.46702902073465,-49.540159235170975,0.1174268569879071,0.5962487752135548,1.0,-1.0,0.20108701861442238,0.06195517554088019,0.30827799070373324,0.06539149042292307,0.21005215074266026,0.06577704051036329,0.3069590770184113,0.1225696952816022,0.8866666666666667,0.31699982474583305,1.0,0.0,1.0,0.0,1.0,1.0,0.2857142857142857,0.45175395145262565,1.0,0.0,0.2857142857142857,0.45175395145262565,1.0,0.0,0.11333333333333333,0.3169998247458331,1.0,0.0,0.14285714285714285,0.3499271061118826,1.0,0.0,0.0,0.0,0.0,0.0,0.0,0.0,0.0,0.0,0.034371240282171006,0.02285447246099692,0.1811330694391826,0.002523799390235265,0.03282335836116393,0.006037280613467424,0.04079186303902083,0.020905892482090696,0.12143954143001234,0.06882321196973196,0.20020025583443934,0.008673161385535363,0.1214705886365931,0.06881890935949515,0.20019688693620874,0.008673161385535363,0.15581078171218332,0.06947886740384811,0.3499718187966549,0.011196960775770627,0.15429394699775706,0.07021956403335122,0.24098874997522957,0.04625351496227939,0.0,0.0,0,0,0.0,0.0,0,0,-23.371617256827502,815804,208000,1386,16.059338503226172,1.5923225519945845,1.7997804703336442,19.4514415255544,3489.034248534226,207
0.0049398695,0.0035361121,14.402253,-14.494257,11.830234,-0.9834569,-36.820923,-14.472253,11.804474,-0.98192906,-36.66956,-14.48045,11.805997,-0.9373428,-36.699387,0.0049398695,0.012499269,0.103907384,1.5667467e-08,0.0035361121,0.0065330686,0.05184479,6.6098096e-09,-0.09323053,0.8200539,1.0,-1.0,-0.2326993311092112,0.08331858576738181,-0.10619332169612536,-0.4905972459932125,-34.904899666381674,12.154953480983961,-18.128528343024303,-56.166977307220954,0.062776245,0.6045933,1.0,-1.0,7,-0.21931456204345431,0.09684096341650526,-0.03233462794979615,-0.43553475087161597,-32.89718430651815,12.643841062073594,-9.248733615895217,-49.731721340155964,0.01272285764458192,0.5923347721424518,1.0,-1.0,0.21282507765205072,0.09296297110989181,0.3691003977447346,0.0644188406718571,0.2178340402663689,0.09032835344283648,0.3492648477966365,0.06557658377972113,0.8914285714285715,0.3111007448872274,1.0,0.0,1.0,0.0,1.0,1.0,0.0,0.0,0.0,0.0,0.0,0.0,0.0,0.0,0.0,0.0,0.0,0.0,0.0,0.0,0.0,0.0,0.0,0.0,0.0,0.0,0.0,0.0,0.0,0.0,0.03617463296613053,0.022612932878837075,0.15864832908846563,0.006675071966990254,0.02596798450924776,0.01009216041977927,0.041030536168341736,0.008337446668743158,0.1965246981430807,0.07872414539177673,0.33194891690474687,0.07925162748502897,0.19657500030980404,0.07873390076476283,0.3319470555342446,0.07925162748502897,0.2326993311092112,0.08331858576738181,0.4905972459932125,0.10619332169612536,0.22254298481905183,0.0830521681863014,0.3642486019478556,0.10701105821800556,0.0,0.0,0,0,0.0,0.0,0,0,-34.904899666381674,819804,209000,1393,13.817639204309671,1.5717437909916043,1.717205442735576,17.10658843803685,3506.0971243512613,208
0.00562029,0.0041086157,14.115702,-14.199258,11.9816475,-0.69851315,-41.329735,-14.219971,11.98699,-0.7262775,-41.315186,-14.218365,11.996051,-0.73557913,-41.336548,0.0056202905,0.013244334,0.1263482,7.543713e-08,0.004108615,0.008965167,0.06184103,1.8892038e-08,0.082311526,0.79051524,1.0,-1.0,-0.2166452397137321,0.08204487123833165,-0.03431090173513092,-0.4085218362154274,-32.49678595705981,11.862070684077795,-7.5597170998202365,-44.228234619499766,0.014874586,0.50410116,1.0,-1.0,7,-0.26251663385837265,0.06775999775500825,-0.15433060869783488,-0.5031217118474209,-39.37749507875589,8.749822815801835,-29.413879666044334,-53.504903761696426,0.13888541541687507,0.582621554611121,1.0,-1.0,0.20900117918083247,0.06363581324805233,0.30243107253819157,0.09748472668584433,0.22051177311683243,0.06753804040002744,0.30243107253819157,0.10518672262406968,0.9066666666666666,0.29089898972361905,1.0,0.0,1.0,0.0,1.0,1.0,0.14285714285714285,0.34992710611188255,1.0,0.0,0.14285714285714285,0.3499271061118826,1.0,0.0,0.13904761904761906,0.34599621195152885,1.0,0.0,0.14285714285714285,0.3499271061118826,1.0,0.0,0.0,0.0,0.0,0.0,0.0,0.0,0.0,0.0,0.03898901971444914,0.02364577835931968,0.17094025689532868,0.007755521740096756,0.03459995495929668,0.013277228875878648,0.05083239340049498,0.017166891454451036,0.17765621999928294,0.07857597540633139,0.2457072052940714,0.005978084607989317,0.1776562063989171,0.07857596706493924,0.24570359663593405,0.005978084607989317,0.2166452397137321,0.08204487123833165,0.4085218362154274,0.03431090173513092,0.21225616135821376,0.07597043792467588,0.2919016644420923,0.053759779379881384,0.0,0.0,0,0,0.0,0.0,0,0,-32.49678595705981,823804,210000,1400,16.68045872694347,1.5277947100112215,1.8537456602498423,20.061999097204534,3526.051151408479,209
0.004025496,0.0033244938,14.7355995,-14.895071,12.634932,-0.87742907,-43.45936,-14.886838,12.636874,-0.87403965,-43.46662,-14.881287,12.627597,-0.88859797,-43.429295,0.004025496,0.008693747,0.056242928,1.6330887e-08,0.0033244938,0.0055972133,0.03302797,2.161471e-09,-0.037138086,0.7950988,1.0,-1.0,-0.22271531465154584,0.0782087579145026,-0.08631598013003253,-0.45234495429276983,-33.40729719773187,10.372395360077558,-17.9684581394,-51.47095727151648,0.16242124,0.5754459,1.0,-0.9999998,6,-0.15617974687812727,0.08554840007594001,-0.038104399723533314,-0.41327136119062674,-23.42696203171909,12.473958305788209,-8.506797688297048,-40.586153584381485,-0.0085734400285014,0.5792353340668293,1.0,-1.0,0.2410515998699401,0.07668141457093504,0.3408716164294139,0.07555071450205157,0.2548634335262547,0.08444059003166308,0.3408716164294139,0.1133192941133764,0.7380952380952381,0.4396710788718902,1.0,0.0,1.0,0.0,1.0,1.0,0.0,0.0,0.0,0.0,0.0,0.0,0.0,0.0,0.0,0.0,0.0,0.0,0.0,0.0,0.0,0.0,0.0,0.0,0.0,0.0,0.0,0.0,0.0,0.0,0.05059931029528701,0.03864188516120994,0.21161112246668878,0.013712957192945184,0.0314828457458936,0.009223916019565556,0.044535198038397165,0.016393448103259226,0.17211600435625884,0.06967567254493916,0.2917047458947947,0.06433697449835853,0.17211598974612466,0.06967566741260026,0.29170164441970764,0.06433697449835853,0.22271531465154584,0.0782087579145026,0.45234495429276983,0.08631598013003253,0.20359883549201824,0.07103462157357605,0.3216767954386973,0.08648898866844475,0.0,0.0,0,0,0.0,0.0,0,0,-33.40729719773187,827804,211000,1406,13.77072979901277,1.4212605190114118,1.6657463261217345,16.857736644145916,3542.8390972146008,210
0.009138782,0.010838741,14.776086,-14.840508,12.819853,-0.638065,-41.29608,-14.825283,12.804237,-0.61846566,-41.26338,-14.8697815,12.8310795,-0.6902308,-41.37889,0.009138782,0.050880864,0.5722522,4.1040772e-07,0.010838742,0.052754886,0.5912863,4.2055035e-09,-0.019681225,0.8172398,1.0,-1.0,-0.17358454291713976,0.09609749164306004,-0.054336294129799095,-0.4687745359085885,-26.03768143757096,13.795219156637508,-8.943719229941403,-47.04060991065062,-0.06342694,0.62391454,1.0,-1.0,7,-0.2089966385607659,0.10418944572946413,-0.03339580769209828,-0.49673766056878055,-31.349495784114882,14.543930812211261,-10.061113919074188,-52.66302723859825,0.13150177548737485,0.5711080287050626,1.0,-1.0,0.2253555208022383,0.08677034966338815,0.33584889985137345,0.07909994525534689,0.23464227738561322,0.08570202441158391,0.33584889985137345,0.08619428579852972,0.8980952380952381,0.3025230262408065,1.0,0.0,1.0,0.0,1.0,1.0,0.2857142857142857,0.4517539514526257,1.0,0.0,0.2857142857142857,0.45175395145262565,1.0,0.0,0.1361904761904762,0.3429907147219696,1.0,0.0,0.14285714285714285,0.3499271061118826,1.0,0.0,0.0,0.0,0.0,0.0,0.0,0.0,0.0,0.0,0.027050948017595246,0.03271865346054217,0.2225838235940254,0.0018259744398985375,0.01818785538121792,0.0072848632816456755,0.02711330776092384,0.005929930302412614,0.14653359489954454,0.09065851416073802,0.29147903069040754,0.04154572584233816,0.14652568338763,0.0906669631688622,0.29147606698556794,0.04154572584233816,0.17358454291713976,0.09609749164306004,0.4687745359085885,0.054336294129799095,0.1647135387688479,0.09087557726305999,0.31450373501584517,0.05475098664464755,0.0,0.0,0,0,0.0,0.0,0,0,-26.03768143757096,831804,212000,1413,14.510418386213132,1.352291889998014,1.7542987600463675,17.617009036257514,3560.5645022158424,211
0.005118937,0.0031411345,14.615215,-14.714613,12.807898,-0.63151705,-42.312588,-14.685857,12.790847,-0.57282996,-42.51984,-14.691453,12.80593,-0.5397022,-42.371155,0.005118937,0.00872138,0.0492523,1.8020802e-06,0.0031411345,0.005470981,0.02872261,1.8427501e-07,-0.0548833,0.81605446,1.0,-1.0,-0.1540975147933843,0.08435135514919427,-0.034126012714055506,-0.39740610028379786,-23.11462721900764,12.308250662404186,-6.737590741083935,-46.25040952485442,0.07806771,0.47001666,1.0,-1.0,7,-0.24264710076794752,0.10789357912280431,-0.039919003964063414,-0.5854801584698028,-36.39706511519213,15.528022221229827,-9.255625427796408,-59.13365768160755,0.13373125614026074,0.5953550470618328,1.0,-1.0,0.23091594607341756,0.046330112827345886,0.2871481970123704,0.09450088447643788,0.24106042826765323,0.04040468847136953,0.27228838531193683,0.15912158739292262,0.88,0.32496153618543844,1.0,0.0,1.0,0.0,1.0,1.0,0.14285714285714285,0.3499271061118826,1.0,0.0,0.14285714285714285,0.3499271061118826,1.0,0.0,0.14,0.34698703145794946,1.0,0.0,0.14285714285714285,0.3499271061118826,1.0,0.0,0.0,0.0,0.0,0.0,0.0,0.0,0.0,0.0,0.03523790075954252,0.022920509876092527,0.18149501551194908,0.008431575194974608,0.027702238497316067,0.008079731028200187,0.04230350929339542,0.01769759155167807,0.11885961403384178,0.07118704736843239,0.24952060150964792,0.02076596458953325,0.1188596121737276,0.07118704432132437,0.24951909285917043,0.02076596458953325,0.1540975147933843,0.08435135514919427,0.39740610028379786,0.034126012714055506,0.14656185067104363,0.07805252275398722,0.29182260215256584,0.04002561502050407,0.0,0.0,0,0,0.0,0.0,0,0,-23.11462721900764,835804,213000,1420,14.332220826894627,1.4595231830026023,1.725035493815085,17.516779503712314,3578.103946280564,212
0.008920234,0.011057454,14.98222,-15.073822,13.563102,-0.6116017,-49.51613,-15.083926,13.560966,-0.66370237,-49.50093,-15.068573,13.552317,-0.6190426,-49.279305,0.008920234,0.0154048875,0.076496944,4.6495643e-09,0.011057455,0.018376784,0.13062522,7.1304385e-10,0.016697384,0.7965013,1.0,-1.0,-0.24313467631199487,0.06709057462930573,-0.11597240070350683,-0.4601539334223252,-36.47020144679922,9.678481754320087,-21.234901884501483,-50.393434425077785,0.03744061,0.5967847,1.0,-1.0,6,-0.23388267609147464,0.08371107657686566,-0.10491567375044328,-0.46230641913168635,-35.08240141372119,11.84392587039584,-19.964333817817813,-51.898195312351206,0.1961819589861721,0.5301864794233313,1.0,-1.0,0.2438723494586274,0.059985890466763524,0.3333004028170264,0.11250267185760238,0.2556254288973745,0.06103683439165528,0.3333004028170264,0.15042971727234292,0.8523809523809524,0.3547219536469275,1.0,0.0,0.8571428571428571,0.3499271061118826,1.0,0.0,0.0,0.0,0.0,0.0,0.0,0.0,0.0,0.0,0.0,0.0,0.0,0.0,0.0,0.0,0.0,0.0,0.0,0.0,0.0,0.0,0.0,0.0,0.0,0.0,0.042715047790643675,0.01986662283564103,0.16781378424445764,0.006781554506347215,0.042799854587268274,0.011852953839303088,0.06001291542531434,0.021405089490476446,0.2004196285213512,0.061644493827462656,0.29234014917786755,0.10919084619715962,0.20041962235694372,0.0616444898470089,0.2923372955296532,0.10919084619715962,0.24313467631199487,0.06709057462930573,0.4601539334223252,0.11597240070350683,0.243219476944212,0.06071478542544174,0.31374238502012963,0.14346043946905948,0.0,0.0,0,0,0.0,0.0,0,0,-36.47020144679922,839804,214000,1426,14.254392628761707,1.4826716310053598,1.7010237230715575,17.438087982838624,3595.5896886973933,213
0.007547143,0.013742583,13.459796,-13.5626335,11.891604,-0.6603023,-45.109653,-13.533936,11.891418,-0.63919425,-45.179756,-13.589982,11.896082,-0.7699806,-45.043663,0.007547143,0.0122846775,0.05885075,9.8519436e-08,0.013742583,0.026145358,0.17426684,1.2153905e-06,-0.0065942705,0.7757631,1.0,-1.0,-0.17823857518957456,0.061019714662780854,-0.09059427452687595,-0.39355392462563965,-26.735786278436187,8.693646380443347,-15.029597117095445,-39.48814426050246,0.06661556,0.6834171,1.0,-1.0,7,-0.19754646651454036,0.0897974624745937,-0.05151811563402034,-0.447469962018593,-29.631969977181054,12.686583792507166,-10.547163239832825,-50.45156424604527,0.1246022137364998,0.5368697371543415,1.0,-1.0,0.16482500006202022,0.05348874472787771,0.22901078284527268,0.029406665420929977,0.16933818718221852,0.049890326813976364,0.2223422912722147,0.06233629731391731,0.8885714285714286,0.3146621122695886,1.0,0.0,1.0,0.0,1.0,1.0,0.14285714285714285,0.34992710611188255,1.0,0.0,0.14285714285714285,0.34992710611188266,1.0,0.0,0.0,0.0,0.0,0.0,0.0,0.0,0.0,0.0,0.11428571428571428,0.318157963590287,1.0,0.0,0.0,0.0,0.0,0.0,0.03835175615976586,0.021976176966659686,0.2047457287886804,0.008100189958087653,0.033084169232666084,0.009600104610465659,0.047777938564798374,0.020347023959565284,0.13988681902980873,0.05643031632854241,0.21398516632358003,0.045816682413111834,0.13994852276284722,0.05631725965092434,0.21398461381793968,0.05372643044125535,0.17823857518957456,0.061019714662780854,0.39355392462563965,0.09059427452687595,0.17303269199551333,0.05289074145707225,0.24584890599685857,0.10150436900605372,0.0,0.0,0,0,0.0,0.0,0,0,-26.735786278436187,843804,215000,1433,13.632457795058144,1.530114158987999,1.6896065093460493,16.852178463392192,3612.5520919348055,214
0.030800793,0.02757505,14.598626,-14.659559,12.6940365,-0.5884849,-44.317623,-14.683296,12.710938,-0.60043824,-44.47916,-14.690517,12.738597,-0.65560114,-44.408924,0.030800786,0.2665812,3.0319142,1.2033894e-09,0.027575048,0.2628955,2.9891832,1.1526572e-07,0.0494916,0.78211004,1.0,-1.0,-0.23330926670427987,0.09717492960064193,-0.021751222549903245,-0.4606976547660486,-34.99639000564198,13.95747825302071,-6.5729361902434285,-49.28375085492685,0.0928158,0.5695716,1.0,-1.0,7,-0.2479366491553572,0.07508554424492894,-0.06461699032189261,-0.4296987764755723,-37.19049737330358,10.539809548412203,-12.990612520637105,-48.721087332076635,0.1537849552899746,0.560175727107062,1.0,-1.0,0.21362232679560242,0.09048246263663921,0.3346391887316698,0.02805742610185368,0.2213468432647989,0.09361458102202395,0.3337991166533527,0.03746572142802111,0.8219047619047619,0.38259289625271214,1.0,0.0,1.0,0.0,1.0,1.0,0.14285714285714285,0.3499271061118826,1.0,0.0,0.14285714285714285,0.3499271061118826,1.0,0.0,0.13904761904761906,0.3459962119515288,1.0,0.0,0.14285714285714285,0.3499271061118826,1.0,0.0,0.1295238095238095,0.3357787847530713,1.0,0.0,0.14285714285714285,0.3499271061118826,1.0,0.0,0.04695631566312532,0.033210985209606636,0.21344066936147332,0.006153152401736924,0.0385223855352372,0.011791437002944898,0.05253500124910747,0.017984920978675756,0.18635295104115457,0.08286840217893149,0.28216000318191836,0.009987125861905291,0.1863764640268835,0.08279573119305876,0.2821578217020891,0.02510089637987432,0.23330926670427987,0.09717492960064193,0.4606976547660486,0.021751222549903245,0.2248988495621207,0.08858568833693109,0.32661238338956017,0.04308581735855008,0.0,0.0,0,0,0.0,0.0,0,0,-34.99639000564198,847804,216000,1440,14.173268010985339,1.641828188992804,1.6949266842275392,17.510022884205682,3630.082450310976,215
0.0067870524,0.005459441,14.63998,-14.6647,12.576334,-0.5643213,-45.71844,-14.662729,12.590152,-0.54415333,-45.616127,-14.69888,12.601881,-0.4683008,-45.69759,0.0067870514,0.012976232,0.08095986,4.992178e-07,0.005459441,0.01094604,0.08579828,6.0856473e-07,-0.026448956,0.7775562,1.0,-1.0,-0.23959052641315945,0.07231580825442219,-0.12805440662432882,-0.45900015826937374,-35.938578961973924,10.425732817593037,-20.00774029436411,-53.353021817968866,0.008054212,0.69760656,1.0,-1.0,6,-0.2646503451488086,0.07235355483669373,-0.123269029866442,-0.5012437806406425,-39.697551772321276,10.132838286634104,-21.92815850082665,-56.494632088073594,0.21931852518098152,0.5746681491195577,1.0,-1.0,0.23368328160518306,0.07092810417855053,0.3679951991771394,0.10186431541796716,0.23568440872383348,0.07423474360499474,0.36102127406284046,0.13399314470861778,0.9152380952380952,0.27852706199405214,1.0,0.0,1.0,0.0,1.0,1.0,0.0,0.0,0.0,0.0,0.0,0.0,0.0,0.0,0.0,0.0,0.0,0.0,0.0,0.0,0.0,0.0,0.0,0.0,0.0,0.0,0.0,0.0,0.0,0.0,0.03184767695023802,0.023609059794335037,0.176288306609627,0.005114854774658517,0.028547354782919858,0.010484194041679058,0.04788580895148915,0.016371096911587408,0.20774284946292138,0.06572722836000973,0.3102080467344982,0.11238365655654332,0.20774283651355668,0.06572722585570358,0.31020527501917156,0.11238365655654332,0.23959052641315945,0.07231580825442219,0.45900015826937374,0.12805440662432882,0.23629019129647652,0.07077420184075678,0.3580910839706607,0.12875475346813073,0.0,0.0,0,0,0.0,0.0,0,0,-35.938578961973924,851804,217000,1446,13.856849086048896,1.6627594400051748,1.648463723002351,17.168072249056422,3647.1244967910607,216
0.0059386427,0.0047590192,14.024279,-14.160107,12.290309,-0.5240656,-42.9055,-14.140742,12.285915,-0.47641987,-42.844585,-14.158812,12.306025,-0.4827582,-42.912544,0.0059386427,0.012061728,0.099498294,6.8247488e-09,0.0047590192,0.008992414,0.059647027,3.934838e-08,-0.03011714,0.80408204,1.0,-1.0,-0.20203644877874288,0.07973912592259454,-0.08203067768718181,-0.4113558979822657,-30.305467316811434,11.683501491666677,-13.981629385756493,-43.74721349552512,-0.21369077,0.61972505,1.0,-1.0,7,-0.2247789327811551,0.0774192686095048,-0.07638621449781641,-0.4745385708179667,-33.71683991717327,11.073301254275531,-14.64550317332625,-49.56122012131478,-0.05208016791502557,0.6401614890082745,1.0,-1.0,0.23092423667153916,0.04887395151593732,0.30884951891360896,0.1018365879917531,0.23551716663925498,0.047296033762838884,0.3011401746439483,0.14822772513775326,0.94,0.23748684174075838,1.0,0.0,1.0,0.0,1.0,1.0,0.0,0.0,0.0,0.0,0.0,0.0,0.0,0.0,0.0,0.0,0.0,0.0,0.0,0.0,0.0,0.0,0.0,0.0,0.0,0.0,0.0,0.0,0.0,0.0,0.03925424399368882,0.020592102348948614,0.17453075238983196,0.005746041829682126,0.03755513920881938,0.010528938876534409,0.05013476782668157,0.01808568719175789,0.1627822047850541,0.07140084612579009,0.2461294045739352,0.06103923731898926,0.1627821935381662,0.07140084019093323,0.2461272209528079,0.06103923731898926,0.20203644877874288,0.07973912592259454,0.4113558979822657,0.08203067768718181,0.20033733274698556,0.07380798447327384,0.2962457773222996,0.09437032304925758,0.0,0.0,0,0,0.0,0.0,0,0,-30.305467316811434,855804,218000,1453,13.737000989785884,1.5359159700019518,1.7020971911988454,16.97501415098668,3664.101023299023,217
0.010181696,0.0092315655,13.959776,-14.052595,12.255379,-0.54674363,-42.597473,-14.035342,12.252271,-0.51485777,-42.72708,-14.053757,12.245218,-0.5398214,-42.564213,0.010181696,0.07231946,0.82063234,3.146488e-08,0.0092315655,0.04605288,0.5191216,2.0080047e-06,-0.18915702,0.79798836,1.0,-1.0,-0.30434657503761453,0.07836415407969559,-0.15672884997972003,-0.5460593935045138,-45.65198625564219,10.933022719588697,-28.78219755287369,-60.136706071755384,0.07105877,0.75748503,1.0,-1.0,7,-0.207422843736286,0.09197165636852281,-0.0404290963435342,-0.49247539182902644,-31.11342656044291,12.932932754925078,-10.970503779285078,-50.717893695139985,0.03956528660239579,0.5756781681066823,1.0,-1.0,0.282558674616929,0.06200316173364124,0.37020124892561085,0.11069074883220564,0.29389395160941634,0.0659200650667917,0.3665041076599365,0.18616543098508034,0.8257142857142857,0.3793549842583232,1.0,0.0,1.0,0.0,1.0,1.0,0.0,0.0,0.0,0.0,0.0,0.0,0.0,0.0,0.0,0.0,0.0,0.0,0.0,0.0,0.0,0.0,0.0,0.0,0.0,0.0,0.0,0.0,0.0,0.0,0.047075246849442885,0.03225017756191899,0.2201288285889396,0.005613406682904826,0.03415774343234266,0.007368281129718778,0.04373771133745424,0.021110905107398232,0.2572713281881717,0.07041836193709419,0.3259305649155742,0.1511154432968152,0.25727131655364105,0.07041836293538872,0.3259300469779942,0.1511154432968152,0.30434657503761453,0.07836415407969559,0.5460593935045138,0.15672884997972003,0.29142905998598373,0.07085924609079897,0.36777540886972376,0.19168106685763772,0.0,0.0,0,0,0.0,0.0,0,0,-45.65198625564219,859804,219000,1460,13.750620430873823,1.5377201780065661,1.6854842350439867,16.973824843924376,3681.107389451936,218
0.0114288945,0.010311366,14.079032,-14.206621,12.108576,-0.64687324,-45.506386,-14.19969,12.11833,-0.61400104,-45.45638,-14.200472,12.112516,-0.6415963,-45.440796,0.0114288945,0.08125485,0.9223418,6.7349916e-08,0.010311365,0.084622614,0.96211207,5.1517816e-07,-0.043345362,0.79336876,1.0,-1.0,-0.1820322624020107,0.07919039044345094,-0.04935663851687643,-0.3445640438555715,-27.304839360301596,11.61330168231762,-9.122424023483482,-39.56999619711261,-0.106298134,0.63228697,1.0,-1.0,6,-0.19396669491895327,0.06651009901725052,-0.042505924716872236,-0.4127602477443608,-29.09500423784299,9.031209717558477,-11.306119618447307,-40.33712781837291,0.042031701598013296,0.5685608230098866,1.0,-1.0,0.2158229683210161,0.053118129754805246,0.2987877657114136,0.10501788147312546,0.2138093384543184,0.05177440111622124,0.2842067754111775,0.11064656499340632,0.9314285714285714,0.2527239358570969,1.0,0.0,1.0,0.0,1.0,1.0,0.2857142857142857,0.45175395145262565,1.0,0.0,0.2857142857142857,0.45175395145262565,1.0,0.0,0.07809523809523809,0.2683213966162336,1.0,0.0,0.0,0.0,0.0,0.0,0.0,0.0,0.0,0.0,0.0,0.0,0.0,0.0,0.04053222653218256,0.022907330571126813,0.16363702971132937,0.001226676077454648,0.03419608330618679,0.012260190574948695,0.058470029166086686,0.01995761537478973,0.1415000358698281,0.06362591891913442,0.2155094449285213,0.04331022802602293,0.14150002274081724,0.06362591044991324,0.21550632110175377,0.04331022802602293,0.1820322624020107,0.07919039044345094,0.3445640438555715,0.04935663851687643,0.17569610604700406,0.07194408652802617,0.2603235400327374,0.06568276851384237,0.0,0.0,0,0,0.0,0.0,0,0,-27.304839360301596,863804,220000,1466,13.696035452841897,1.5701288619893603,1.653527216752991,16.91969153158425,3698.019739968542,219
0.012855621,0.00885666,14.928254,-14.8678465,13.009157,-0.8488048,-43.37256,-14.887496,13.025448,-0.8383482,-43.322968,-14.921314,13.058597,-0.86426765,-43.528435,0.012855621,0.020143637,0.118677996,3.376815e-08,0.008856661,0.014206907,0.08594807,6.412862e-06,-0.09573746,0.8028568,1.0,-1.0,-0.20690589186284541,0.08770082974822677,-0.054245280162917624,-0.4700076329694295,-31.035883779426808,12.387231118797912,-11.237986057403361,-49.14349691635814,0.011743993,0.6266164,1.0,-1.0,7,-0.24598339780504094,0.06595211280607072,-0.1491777402293455,-0.48798476961995974,-36.89750967075614,7.828079942099666,-28.022442640887345,-53.14898625344521,0.08430055370138927,0.6551093919146453,1.0,-1.0,0.2229783072583856,0.0529411392762182,0.3129171790705278,0.1104159660538249,0.22753998031389083,0.05829863064926267,0.3129171790705278,0.13666225332722443,0.8523809523809524,0.3547219536469275,1.0,0.0,1.0,0.0,1.0,1.0,0.14285714285714285,0.3499271061118826,1.0,0.0,0.14285714285714285,0.3499271061118826,1.0,0.0,0.07238095238095238,0.2591176375960901,1.0,0.0,0.14285714285714285,0.3499271061118826,1.0,0.0,0.0,0.0,0.0,0.0,0.0,0.0,0.0,0.0,0.03968424249779009,0.035771736213649055,0.21454474334397516,0.006664484547345131,0.025737139105698203,0.011020796611614692,0.049841092042031264,0.015599319018271563,0.16722164936505535,0.07274200863991795,0.2591352271109148,0.041813617541483244,0.16722163713974286,0.07274200311524366,0.2591329419888884,0.041813617541483244,0.20690589186284541,0.08770082974822677,0.4700076329694295,0.054245280162917624,0.19295877624544103,0.08013230272010827,0.3053014952187794,0.05741293655975481,0.0,0.0,0,0,0.0,0.0,0,0,-31.035883779426808,867804,221000,1473,13.596831783797825,1.5643778839876177,1.67950341400865,16.840713081794092,3714.851141006351,220
0.0056032403,0.005710854,13.869509,-13.967358,12.631694,-0.52895284,-47.31541,-13.951405,12.630263,-0.5049721,-47.2887,-13.988897,12.652669,-0.5125465,-47.25347,0.0056032403,0.009256938,0.050529946,4.2055035e-09,0.005710854,0.009383517,0.049544808,1.0647673e-06,-0.09403208,0.78096753,1.0,-1.0,-0.1984912239722876,0.13904283014990754,-0.02463455829854906,-0.5707823414987419,-29.773683595843146,20.647033032964387,-4.8214538783413765,-63.2955897870925,-0.009888968,0.59635216,1.0,-1.0,7,-0.24771588598524982,0.07002274822694601,-0.11939684403754543,-0.4438632517014708,-37.15738289778749,9.411989715278004,-21.794067559859908,-47.60975945766893,0.044932530277284256,0.6059746194966801,1.0,-1.0,0.2465795015772762,0.110223708824,0.4401616453986911,0.07133617193948184,0.24975500873581422,0.11557974173804972,0.42307192184452486,0.10441760704148775,0.9104761904761904,0.2854983310847092,1.0,0.0,1.0,0.0,1.0,1.0,0.14285714285714285,0.3499271061118826,1.0,0.0,0.14285714285714285,0.3499271061118826,1.0,0.0,0.13333333333333333,0.339934634239519,1.0,0.0,0.14285714285714285,0.3499271061118826,1.0,0.0,0.0,0.0,0.0,0.0,0.0,0.0,0.0,0.0,0.034791749392975205,0.022906211896340508,0.186682147749074,0.0051321409973040435,0.02998372012765838,0.016065376909089456,0.052684575109778954,0.005487741460256938,0.16369947457931247,0.1289724192308703,0.38410019374966786,0.018269592523449993,0.1636994604895315,0.12897241675421497,0.38409823839536705,0.018269592523449993,0.1984912239722876,0.13904283014990754,0.5707823414987419,0.02463455829854906,0.1936831806171899,0.14056174710391212,0.42195199321085397,0.026059686715414837,0.0,0.0,0,0,0.0,0.0,0,0,-29.773683595843146,871804,222000,1480,13.621779234264977,1.5542272260063328,1.668774813922937,16.844781274194247,3731.71839821052,221
0.0056669265,0.004927875,15.072353,-15.190758,12.284171,-0.6033399,-39.54389,-15.186948,12.288003,-0.58620054,-39.572502,-15.163637,12.283305,-0.58600694,-39.448013,0.0056669265,0.011068277,0.09374327,2.7535862e-08,0.0049278755,0.014278101,0.15600577,2.7512215e-11,-0.059182663,0.8163781,1.0,-1.0,-0.20528978524443922,0.09448999553786734,-0.07130048438750855,-0.5557503082996015,-30.793467786665882,13.49500995705105,-14.152457508460468,-59.32705210656111,0.21419756,0.6541318,1.0,-1.0,6,-0.23238827403898735,0.0603486587242702,-0.1488378026210558,-0.41398840039231766,-34.8582411058481,8.304975279444543,-25.78478160727037,-46.09576235722551,0.02643582967782718,0.605352057123301,1.0,-1.0,0.15106320180873933,0.07486003212229785,0.3029468648164626,0.039660299055611234,0.17091457241865884,0.0796847523848149,0.3029468648164626,0.060216022786366674,0.7228571428571429,0.44758763820904507,1.0,0.0,1.0,0.0,1.0,1.0,0.13714285714285715,0.34399810156096944,1.0,0.0,0.14285714285714285,0.3499271061118826,1.0,0.0,0.0,0.0,0.0,0.0,0.0,0.0,0.0,0.0,0.1438095238095238,0.35089648711721494,1.0,0.0,0.0,0.0,0.0,0.0,0.050829513086686,0.031753036187819376,0.24451560520322127,0.0033452219821044995,0.03290388224026909,0.008969358453831264,0.0469223040541758,0.02020135232859009,0.15446027215775324,0.07869630353988137,0.31123470309638024,0.04601545097750998,0.15428419022310155,0.0789098112652791,0.31123427107980506,0.046095270002835906,0.20528978524443922,0.09448999553786734,0.5557503082996015,0.07130048438750855,0.1871880724633706,0.08205051060327849,0.3488520389006362,0.07130048438750855,0.0,0.0,0,0,0.0,0.0,0,0,-30.793467786665882,875804,223000,1486,13.609559333024663,1.5765520499990089,1.7602169439487625,16.946328326972434,3748.741587812474,222
0.0036247415,0.004044447,14.353193,-14.436601,12.653566,-0.45079067,-44.215843,-14.428434,12.644984,-0.4688611,-44.10701,-14.428913,12.633815,-0.4948698,-43.995132,0.003624741,0.007576309,0.052175812,1.9787194e-10,0.004044447,0.008429825,0.050238814,4.3458073e-07,0.1618644,0.7802179,1.0,-1.0,-0.19054461840104728,0.06604196118838025,-0.10168683207339407,-0.4367089219874434,-28.581692760157093,9.623796792871012,-15.962675637536654,-45.0159848692924,0.13319688,0.6261436,0.99999994,-1.0,7,-0.2637956292577258,0.08106286373840883,-0.08712829549837467,-0.5166474864586224,-39.56934438865887,11.508346044628238,-16.258377742649223,-51.982876515004236,0.14465483833428824,0.6406536493874336,1.0,-1.0,0.17353376361214953,0.0744549626651812,0.31479548383951456,0.07247305900797031,0.17778274404948563,0.07866878289126,0.31479548383951456,0.07808839593244188,0.9352380952380952,0.24610526295371,1.0,0.0,1.0,0.0,1.0,1.0,0.009523809523809525,0.09712418121129114,1.0,0.0,0.0,0.0,0.0,0.0,0.0,0.0,0.0,0.0,0.0,0.0,0.0,0.0,0.0,0.0,0.0,0.0,0.0,0.0,0.0,0.0,0.04003149726644346,0.0168726797446866,0.17614670459152912,0.014239041859618242,0.03743337140851908,0.006775188752881033,0.04685299070947605,0.024371185165061857,0.15051312113460377,0.06657100793882932,0.2605622173959143,0.05880648510253741,0.15073482201053995,0.06628058845672521,0.2605608162973547,0.0658333752706066,0.19054461840104728,0.06604196118838025,0.4367089219874434,0.10168683207339407,0.18816819341905902,0.06772714086984691,0.3074138070068308,0.10288832075768142,0.0,0.0,0,0,0.0,0.0,0,0,-28.581692760157093,879804,224000,1493,14.061730141926091,1.6537838160002138,1.6937509522103937,17.4092649101367,3766.089772429623,223
0.0039031592,0.004750784,13.974026,-14.03787,12.12195,-0.6734774,-42.54315,-14.013969,12.1127615,-0.60024875,-42.378254,-14.042522,12.113681,-0.63535374,-42.420143,0.0039031594,0.008793218,0.07015191,1.1269003e-07,0.0047507836,0.010475069,0.06996209,1.5739352e-07,0.007935668,0.77452046,1.0,-1.0,-0.25451528183885835,0.06043097069305312,-0.08075357340018066,-0.47207307081999306,-38.177292275828755,7.892432040995506,-20.99471682254854,-44.7347259394009,0.22801243,0.5795794,1.0,-1.0,7,-0.24729339707122,0.06074828127748429,-0.10006562894638531,-0.43085070184491114,-37.094009560683,8.158597012518698,-17.980411296674525,-43.5945282731713,0.08753496451086036,0.627798910981034,1.0,-1.0,0.25646728412395026,0.04078386999865193,0.31206866264348493,0.09965173180272481,0.26950289316379933,0.032978301736567565,0.31206866264348493,0.2043753582041352,0.7771428571428571,0.4161632332807571,1.0,0.0,1.0,0.0,1.0,1.0,0.14285714285714285,0.3499271061118826,1.0,0.0,0.14285714285714285,0.34992710611188266,1.0,0.0,0.0,0.0,0.0,0.0,0.0,0.0,0.0,0.0,0.0,0.0,0.0,0.0,0.0,0.0,0.0,0.0,0.04511211943642008,0.036982810782564476,0.26092039141527446,0.0054373082651241085,0.02884685666649303,0.010542545835377493,0.053384550113364654,0.020323147084583465,0.2094031624024383,0.07212299767636188,0.27334865122829977,0.050824330306843524,0.20940314984813863,0.07212299536282346,0.2733471524733224,0.050824330306843524,0.25451528183885835,0.06043097069305312,0.47207307081999306,0.08075357340018066,0.23825000651463166,0.07257433848689063,0.29782674643951523,0.08075357340018066,0.0,0.0,0,0,0.0,0.0,0,0,-38.177292275828755,883804,225000,1500,13.715001525211846,1.5934967719949782,1.6623733805317897,16.970871677738614,3783.033973872356,224
0.017465893,0.019542843,14.387447,-14.494853,12.195759,-0.4196132,-40.956818,-14.475026,12.197646,-0.43751633,-41.140797,-14.473799,12.159238,-0.50081325,-40.842205,0.017465895,0.0728825,0.7801512,6.6917494e-10,0.019542843,0.092884794,1.038674,7.4984564e-07,0.042977393,0.7836592,1.0,-1.0,-0.2407968580909767,0.06860796132804203,-0.11328694953175865,-0.4381597421481258,-36.11952871364651,9.589309829467275,-21.389611343397043,-46.25523379463548,0.1764533,0.6238101,1.0,-1.0,6,-0.30187144475982225,0.046507193215631806,-0.1836325730910115,-0.4713385066090723,-45.280716713973334,6.025530718170334,-33.615661713300355,-50.88342918135168,0.1746137232474666,0.6361686527706427,1.0,-1.0,0.2746659287248248,0.0851439657510766,0.4160710340249841,0.09486640985209324,0.2924559070968477,0.08673369652661785,0.40595217333001166,0.15071828329938333,0.878095238095238,0.3271757798641355,1.0,0.0,1.0,0.0,1.0,1.0,0.0,0.0,0.0,0.0,0.0,0.0,0.0,0.0,0.0,0.0,0.0,0.0,0.0,0.0,0.0,0.0,0.0,0.0,0.0,0.0,0.0,0.0,0.0,0.0,0.041793860497282745,0.02761271299858509,0.19497716173120894,0.010609927323687615,0.03524871671973135,0.014097121299970237,0.05627663399183354,0.018617667276563693,0.19900299759369397,0.06483923700771402,0.25860405221769167,0.09466928225519496,0.1990029862500555,0.0648392325816659,0.25860047203616915,0.09466928225519496,0.2407968580909767,0.06860796132804203,0.4381597421481258,0.11328694953175865,0.2342517029697868,0.06891926670966692,0.3077035570748746,0.11328694953175865,0.0,0.0,0,0,0.0,0.0,0,0,-36.11952871364651,887804,226000,1506,13.680590988238691,1.5670500369888032,1.679928648751229,16.927569673978724,3799.9967337683192,225
0.0061780177,0.011073516,14.154072,-14.285933,12.544773,-0.706553,-41.71032,-14.298031,12.551033,-0.73132914,-41.612907,-14.242044,12.53221,-0.6713216,-41.671566,0.006178018,0.011502621,0.06788606,9.313226e-10,0.011073516,0.021414941,0.16265343,1.3603818e-07,0.11317906,0.75551957,1.0,-1.0,-0.30021691283649715,0.0600854637215101,-0.20860747844214111,-0.4994009898440268,-45.032536925474574,8.248217870014807,-31.852877544414028,-56.94274753121949,0.24751753,0.62818205,1.0,-1.0,7,-0.2479472068637966,0.06002482108191208,-0.17019119061102012,-0.5235386161540186,-37.192081029569486,8.359929203263782,-29.05499709207445,-55.01714872673198,0.18459805007675278,0.6203915644597993,1.0,-1.0,0.3053225106692973,0.050117091422498046,0.40075806776127476,0.13259820210630927,0.3138447789153361,0.0409061782735706,0.38241605596741385,0.25646002954863667,0.8990476190476191,0.3012656597297911,1.0,0.0,1.0,0.0,1.0,1.0,0.0,0.0,0.0,0.0,0.0,0.0,0.0,0.0,0.0,0.0,0.0,0.0,0.0,0.0,0.0,0.0,0.0,0.0,0.0,0.0,0.0,0.0,0.0,0.0,0.04326496111556301,0.026574009801752174,0.18537374959993466,0.0029679222843349267,0.034651594287748756,0.01290704654718922,0.04963974691857746,0.01372658842626916,0.25695195172093416,0.04765897494236011,0.3336816626457171,0.19317103855615173,0.25695193834547464,0.04765897277990085,0.33367962957249026,0.19317103855615173,0.30021691283649715,0.0600854637215101,0.4994009898440268,0.20860747844214111,0.2916035326332234,0.05175769039112263,0.36813167675512415,0.21161651427999334,0.0,0.0,0,0,0.0,0.0,0,0,-45.032536925474574,891804,227000,1513,13.83192308510479,1.6020796770026209,1.6661999699426815,17.100202732050093,3817.050951778394,226
0.007601011,0.009027185,14.4075165,-14.515169,12.478256,-0.65579057,-45.239883,-14.54463,12.485841,-0.68314254,-45.37312,-14.514615,12.464789,-0.66127133,-45.356625,0.0076010115,0.023230577,0.24792911,6.175251e-07,0.009027185,0.032308575,0.35667792,7.4984564e-07,0.13801268,0.7549249,1.0,-1.0,-0.19828545693903823,0.08479247552030762,-0.06243435479773497,-0.42422124439530323,-29.742818540855726,11.741554489321151,-11.032156379720568,-45.554047911,0.12070378,0.568101,1.0,-1.0,7,-0.27512880161410347,0.06405874460995503,-0.16337078153189952,-0.5001455406132302,-41.26932024211553,8.71004100827044,-31.126185281701932,-58.04457631856732,0.12628066478960373,0.5907724575592591,1.0,-1.0,0.22040494725957105,0.0788064968293524,0.3306547757909546,0.09715238442154156,0.21901095423609093,0.08153865781069708,0.32812457949615353,0.0971527251795093,0.8466666666666667,0.36030850978324436,1.0,0.0,1.0,0.0,1.0,1.0,0.0,0.0,0.0,0.0,0.0,0.0,0.0,0.0,0.0,0.0,0.0,0.0,0.0,0.0,0.0,0.0,0.0,0.0,0.0,0.0,0.0,0.0,0.0,0.0,0.03890905953000363,0.03799503825229124,0.2156153188407577,0.002231861744959184,0.025860400314509705,0.009208393260189763,0.043772034106916415,0.01384323020217862,0.15937639740903461,0.06995433518297081,0.27398410694013486,0.060202493052775786,0.15937638564658332,0.0699543330562289,0.273984106908578,0.060202493052775786,0.19828545693903823,0.08479247552030762,0.42422124439530323,0.06243435479773497,0.18523678596109303,0.06971086974473759,0.29941159577473897,0.07518953474074469,0.0,0.0,0,0,0.0,0.0,0,0,-29.742818540855726,895804,228000,1520,15.685850398935145,1.5563493509980617,1.7795152362959925,19.0217149862292,3836.1791471715987,227
0.0045627113,0.006354626,14.3321495,-14.37755,12.312547,-0.56891525,-43.083775,-14.335176,12.289318,-0.6162294,-43.009422,-14.368865,12.301062,-0.59651023,-43.07529,0.004562712,0.0071575763,0.057615455,5.618822e-07,0.0063546253,0.012954479,0.09623926,8.3208965e-07,-0.05523348,0.78261685,1.0,-1.0,-0.22562511496790372,0.0965949655804698,-0.08499776717090131,-0.47578604151414083,-33.84376724518554,13.501265233455626,-14.585577456056619,-47.97414293049742,-0.0012146141,0.6343687,1.0,-1.0,6,-0.2400215113020562,0.0884621097765681,-0.09331510511742963,-0.43764185625233204,-36.00322669530843,12.66153949868412,-19.069157732943566,-51.76028682524456,0.18892896623666572,0.5864832603125945,1.0,-1.0,0.1883023450341501,0.08129837135630169,0.30209764046344534,0.03529193804876952,0.19477559694625773,0.0870240772152135,0.2887686908904889,0.04000700933606075,0.8038095238095239,0.3971143075269769,1.0,0.0,1.0,0.0,1.0,1.0,0.09904761904761905,0.2987259416398529,1.0,0.0,0.14285714285714285,0.3499271061118826,1.0,0.0,0.0,0.0,0.0,0.0,0.0,0.0,0.0,0.0,0.1,0.30000000000000004,1.0,0.0,0.14285714285714285,0.3499271061118826,1.0,0.0,0.04910444342329719,0.04026239854716956,0.21873744572330497,0.006492961500242744,0.0328524490885519,0.010870987604338427,0.05368925777473492,0.01623327018420979,0.1765206715446065,0.07595919173981633,0.25704859579083583,0.046520684001859054,0.17572506831704743,0.07720313291661815,0.25704557615015355,0.04748363883609874,0.22562511496790372,0.0965949655804698,0.47578604151414083,0.08499776717090131,0.2085775174055993,0.07872158172686751,0.30187675861201757,0.0858374880097037,0.0,0.0,0,0,0.0,0.0,0,0,-33.84376724518554,899804,229000,1526,13.523908627030323,1.6647137300024042,1.6307231943355873,16.819345551368315,3852.862899228974,228
0.0048758667,0.0048058927,13.9454,-14.02825,11.82394,-0.66051555,-41.643814,-14.021581,11.822501,-0.6429075,-41.691193,-14.032762,11.835901,-0.6812144,-41.746643,0.0048758667,0.008966045,0.054250695,3.9948424e-07,0.0048058927,0.010917624,0.07597873,1.6600106e-06,-0.13782144,0.78933716,1.0,-1.0,-0.1992383695429951,0.06800673708089038,-0.08156412726599427,-0.43730739798971485,-29.885755431449258,9.141306680866544,-16.158945545817677,-44.17408458980203,-0.037323255,0.66258574,1.0,-1.0,7,-0.24734476390555332,0.046496073597978325,-0.16623172373013237,-0.4187863809128968,-37.101714585833,4.833968593632119,-27.90299767939136,-43.50152245546048,0.08156536470720277,0.5946826577791894,1.0,-1.0,0.21742596844675224,0.06965379809483264,0.3546225575856859,0.09441257248975071,0.22604027523051454,0.0741293307662052,0.3492954855391846,0.12055669804154719,0.7904761904761904,0.40696877369945705,1.0,0.0,1.0,0.0,1.0,1.0,0.0,0.0,0.0,0.0,0.0,0.0,0.0,0.0,0.0,0.0,0.0,0.0,0.0,0.0,0.0,0.0,0.0,0.0,0.0,0.0,0.0,0.0,0.0,0.0,0.04560448357890337,0.03405055594362441,0.2158678107620216,0.005770251008450625,0.035639517394969296,0.012653721934523741,0.05438079930071991,0.019133224216152867,0.15363388596409172,0.05539268832060425,0.22143958722769322,0.06482258952763993,0.15363387293074565,0.05539268443274649,0.22143646955171395,0.06482258952763993,0.1992383695429951,0.06800673708089038,0.43730739798971485,0.08156412726599427,0.18927339032571494,0.06347206042523956,0.27383872577545626,0.0839558137437928,0.0,0.0,0,0,0.0,0.0,0,0,-29.885755431449258,903804,230000,1533,12.704260904094554,1.5287978779961122,1.6077138000546256,15.840772582145291,3868.7095472530928,229
0.012596641,0.010785596,13.591879,-13.658817,11.8099575,-0.531656,-44.331993,-13.669081,11.824132,-0.5289022,-44.353218,-13.71549,11.831761,-0.52657455,-44.457752,0.012596642,0.029661877,0.27753198,3.8314795e-08,0.010785597,0.03657373,0.35065246,6.435221e-08,-0.08462904,0.7707295,1.0,-1.0,-0.21442868325565725,0.10347176015758412,-0.06210135910686981,-0.5028983452673783,-32.164302488348596,15.03109456145815,-10.049354140289143,-54.69184525801868,0.022366425,0.59161645,1.0,-1.0,7,-0.24543112878310305,0.07324088040407709,-0.09240211879195456,-0.43645273236362114,-36.81466931746546,9.525475119345211,-19.385835127131795,-47.46925370606447,0.12873435237929032,0.5588389170112897,1.0,-1.0,0.20452040232436924,0.09529291371209524,0.3502329002083074,0.04901338438001865,0.21726150232912264,0.10520054055187465,0.3502329002083074,0.09391880508703156,0.8628571428571429,0.3439981015609694,1.0,0.0,1.0,0.0,1.0,1.0,0.14285714285714285,0.3499271061118826,1.0,0.0,0.14285714285714285,0.3499271061118826,1.0,0.0,0.0,0.0,0.0,0.0,0.0,0.0,0.0,0.0,0.0009523809523809524,0.030845970934669797,1.0,0.0,0.0,0.0,0.0,0.0,0.04237738111777677,0.028694171756692904,0.1953477805537261,0.006668796488819511,0.03296382753916597,0.01648477972873844,0.05890117751767911,0.009131753976488306,0.1720513021378805,0.09031896675368245,0.3075505647136523,0.04856789084833033,0.17239905671237252,0.090016079319837,0.30754826619332737,0.04856789084833033,0.21442868325565725,0.10347176015758412,0.5028983452673783,0.06210135910686981,0.20536288425153848,0.097525264045148,0.3318986132230214,0.06257233262078664,0.0,0.0,0,0,0.0,0.0,0,0,-32.164302488348596,907804,231000,1540,12.64986405482341,1.5339537139952881,1.5729902726889122,15.756808041507611,3884.463946339616,230
0.004599672,0.0036325397,14.841676,-14.971691,12.370227,-0.50153136,-42.14631,-14.937344,12.363721,-0.5413998,-42.09178,-14.945815,12.357156,-0.52964276,-42.058216,0.0045996723,0.008398269,0.055759966,8.481392e-08,0.0036325397,0.0066625085,0.040955037,2.5331252e-07,-0.103799544,0.7867208,1.0,-1.0,-0.20981013774496324,0.09433975046077388,-0.09624093177700316,-0.5350895106826055,-31.47152066174448,13.854761258337541,-16.142777995190333,-61.15016525936643,0.12129045,0.62959766,0.9999899,-1.0,6,-0.22496232755504303,0.07223553477209854,-0.09702789032882765,-0.4540981698177968,-33.74434913325645,10.27891003201647,-18.723639845051416,-47.09176466355922,0.13488011444663853,0.6007304765470839,1.0,-1.0,0.2254185171579818,0.1175251322379599,0.4269495364030135,0.05622559009164214,0.2296641566472914,0.11427345094739119,0.4158599111180629,0.09498259136127628,0.9057142857142857,0.2922258003109016,1.0,0.0,1.0,0.0,1.0,1.0,0.0,0.0,0.0,0.0,0.0,0.0,0.0,0.0,0.0,0.0,0.0,0.0,0.0,0.0,0.0,0.0,0.0038095238095238095,0.06160366334779514,1.0,0.0,0.0,0.0,0.0,0.0,0.03617817717646522,0.021838225423867992,0.17672693096839023,0.006095133963541629,0.031173644791498503,0.013327055920615175,0.05266929154766436,0.013277821589296782,0.17363196056849803,0.09167237906163364,0.37639766537159497,0.08381856797809477,0.17363195333083148,0.09167237736988187,0.37639577757437137,0.08381856797809477,0.20981013774496324,0.09433975046077388,0.5350895106826055,0.09624093177700316,0.20480559812232998,0.09098777110318501,0.4019435863356548,0.10406053761139461,0.0,0.0,0,0,0.0,0.0,0,0,-31.47152066174448,911804,232000,1546,12.594746943301288,1.5318909189954866,1.5837411019165302,15.710378964213305,3900.1297253378434,231
0.006773018,0.0060963277,13.887293,-13.952344,11.7232,-0.22388947,-40.66821,-13.97119,11.735043,-0.20418006,-40.813576,-13.948076,11.719346,-0.24014905,-40.89981,0.0067730183,0.019715626,0.18682317,2.3655957e-07,0.006096327,0.021273686,0.22997175,1.4347606e-06,-0.00710845,0.79252124,1.0,-1.0,-0.1606759193806419,0.08788844714356933,-0.053420209955677034,-0.4928233477465055,-24.101387907096285,12.630582226237852,-8.381656810755421,-49.66490965664936,0.0999229,0.54842305,1.0,-1.0,7,-0.26201286841969834,0.055026546300009534,-0.17392371907644355,-0.48150411133383797,-39.30193026295476,7.1777587684676085,-32.69141393405248,-54.82203698841325,0.06023854060156751,0.5800911076666765,1.0,-1.0,0.17110557856574668,0.07716785316713796,0.31919922802292955,0.07219373645278081,0.18160668892046575,0.08152577006577579,0.31919922802292955,0.08040592370747017,0.8914285714285715,0.3111007448872274,1.0,0.0,1.0,0.0,1.0,1.0,0.14285714285714285,0.3499271061118826,1.0,0.0,0.14285714285714285,0.3499271061118826,1.0,0.0,0.14,0.34698703145794946,1.0,0.0,0.14285714285714285,0.3499271061118826,1.0,0.0,0.0,0.0,0.0,0.0,0.0,0.0,0.0,0.0,0.0322895036148164,0.028753576423468007,0.21666874454732957,0.005852066485202509,0.026886439651009373,0.009949134850770383,0.042895130970170295,0.007514837065260754,0.1283864157658255,0.07266525677407004,0.27615460319917595,0.04756814347047453,0.1283864013829845,0.07266525357937811,0.276151420678478,0.04756814347047453,0.1606759193806419,0.08788844714356933,0.4928233477465055,0.053420209955677034,0.15527284103399389,0.07815142171482588,0.30280534611525606,0.05508298053573528,0.0,0.0,0,0,0.0,0.0,0,0,-24.101387907096285,915804,233000,1553,12.392797130902181,1.487410367000848,1.5061459399876185,15.386353437890648,3915.537630881736,232
0.0039526336,0.005797796,14.293532,-14.389587,12.737163,-0.48784035,-39.79485,-14.388599,12.744939,-0.44663256,-39.755157,-14.407545,12.726746,-0.52575946,-39.747063,0.0039526336,0.0061352,0.03542175,4.808596e-07,0.005797796,0.0138565,0.113788866,2.42237e-06,0.0069887154,0.77199984,1.0,-1.0,-0.2354551289567242,0.05518111160305593,-0.1395949281302889,-0.4174324829683349,-35.31826934350863,7.632073690779752,-26.065150103279,-45.34769564119829,0.08033234,0.64346266,1.0,-1.0,7,-0.2627460960171238,0.09856656383961607,-0.06689754266019343,-0.5097933886888479,-39.41191440256858,13.759421236789663,-17.727131127202238,-54.75700679280626,0.04465555316652063,0.650123216620121,1.0,-1.0,0.22568193103275228,0.07651998452737496,0.3289760014814923,0.07817073186971375,0.23019582493202068,0.07753099134782976,0.31907786676473515,0.12313048682287078,0.9085714285714286,0.2882176048667084,1.0,0.0,1.0,0.0,1.0,1.0,0.0,0.0,0.0,0.0,0.0,0.0,0.0,0.0,0.0,0.0,0.0,0.0,0.0,0.0,0.0,0.0,0.0,0.0,0.0,0.0,0.0,0.0,0.0,0.0,0.03954739382975394,0.024983076207787225,0.19911153902621823,0.008297080770989814,0.03587557986625818,0.006672609312941693,0.04319888294396447,0.023327534608355356,0.1959077351269703,0.057633286027314316,0.26663527184713887,0.10273714663384381,0.19590772104669169,0.05763328276081624,0.2666327244866435,0.10273714663413296,0.2354551289567242,0.05518111160305593,0.4174324829683349,0.1395949281302889,0.23178330091294982,0.05612946354518438,0.30646634646519333,0.14593602957809743,0.0,0.0,0,0,0.0,0.0,0,0,-35.31826934350863,919804,234000,1560,12.857706147100544,1.5092414409882622,1.6009644848672906,15.967912072956096,3931.4474305117037,233
0.004535047,0.005314665,14.4369545,-14.508301,12.81245,-0.211979,-40.492126,-14.579485,12.853425,-0.23928922,-40.56468,-14.538703,12.833559,-0.18473345,-40.62073,0.004535047,0.007473919,0.04152053,6.6917494e-08,0.005314665,0.00868509,0.050940663,1.5847036e-08,-0.04157339,0.7707508,1.0,-1.0,-0.2871652940967075,0.09609841357434133,-0.09756989240599094,-0.5295663835980156,-43.07479411450611,13.686806342883148,-17.43050183586357,-59.95306995838185,-0.101858154,0.69904697,1.0,-1.0,6,-0.2511726271695691,0.1261588691328487,-0.08592609772409397,-0.5951900014771436,-37.675894075435366,18.59595502161953,-15.595856772874006,-63.86921279987756,0.02203073050655578,0.6225085409460188,1.0,-1.0,0.2794549828010852,0.0657103660431953,0.4185896137293789,0.12705473885803345,0.29007627860982327,0.06901547948874573,0.4176894910795978,0.2135654468120941,0.7780952380952381,0.41552742213812177,1.0,0.0,1.0,0.0,1.0,1.0,0.0,0.0,0.0,0.0,0.0,0.0,0.0,0.0,0.0,0.0,0.0,0.0,0.0,0.0,0.0,0.0,0.0,0.0,0.0,0.0,0.0,0.0,0.0,0.0,0.05170064420570438,0.03730809779469293,0.20205239010044573,0.014845771250357577,0.036852213355981746,0.009333168460701922,0.05230575077079429,0.027185647430538955,0.23546464989100307,0.08484629522867482,0.3620895899915342,0.0751746066873087,0.23546463507141296,0.08484629111481391,0.3620872666703462,0.07517460668730874,0.2871652940967075,0.09609841357434133,0.5295663835980156,0.09756989240599094,0.27231684842739473,0.0782915863122057,0.39523650838205904,0.12748035745810304,0.0,0.0,0,0,0.0,0.0,0,0,-43.07479411450611,923804,235000,1566,12.672237695820513,1.451798863010481,1.5592966538097244,15.683333212640719,3947.118560390343,234
0.003593515,0.0031291172,14.513876,-14.608482,12.772407,-0.26441953,-42.4195,-14.616141,12.780063,-0.29223585,-42.349712,-14.626038,12.777349,-0.33572388,-42.444416,0.0035935151,0.00515479,0.031015834,3.240217e-08,0.0031291172,0.005325954,0.025888847,1.3271929e-06,-0.10687785,0.78327096,1.0,-1.0,-0.21680086511797986,0.07462410983394244,-0.08339055100356013,-0.4330460669292667,-32.520129767696986,10.576537403408683,-14.411364134466483,-46.62411782932544,-0.15619299,0.6005985,0.9999444,-1.0,7,-0.18843414929531896,0.09367596107422417,-0.04710848083840574,-0.4682719964648144,-28.26512239429784,13.315027556332382,-11.574440271100837,-49.52201173823366,-0.012041379377378912,0.5253626241510014,1.0,-1.0,0.18470830137299907,0.06677080011708189,0.29510273711378426,0.064826048160546,0.18462885948792704,0.07014533065506623,0.28855035868218293,0.06591453092313292,0.8476190476190476,0.35938975741168017,1.0,0.0,1.0,0.0,1.0,1.0,0.0,0.0,0.0,0.0,0.0,0.0,0.0,0.0,0.0,0.0,0.0,0.0,0.0,0.0,0.0,0.0,0.0,0.0,0.0,0.0,0.0,0.0,0.0,0.0,0.038730666557447745,0.027350381854136713,0.21165240271777228,0.004090100549901063,0.030053522502670595,0.011497372575128032,0.050435569313558554,0.014231344982347646,0.17807019856053216,0.06570942350754015,0.2687899809976566,0.07930045045365906,0.1780701907959402,0.06570942438551172,0.26878858050193916,0.07930045045365906,0.21680086511797986,0.07462410983394244,0.4330460669292667,0.08339055100356013,0.20812371329861076,0.07077771623560587,0.29477950863964836,0.0935317954360067,0.0,0.0,0,0,0.0,0.0,0,0,-32.520129767696986,927804,236000,1573,12.886319224839099,1.440053138998337,1.5505364050040953,15.876908768841531,3962.9265501421905,235
0.009995932,0.0080166,14.262844,-14.318043,12.22852,-0.53154314,-42.498493,-14.304594,12.219489,-0.5669662,-42.439064,-14.313857,12.228983,-0.61624235,-42.384365,0.009995932,0.025615413,0.20408478,8.61383e-08,0.0080166,0.017657682,0.1311942,3.9963493e-07,-0.1222629,0.77584326,1.0,-1.0,-0.2512445416488257,0.08531497448145452,-0.08722969687290827,-0.44520184671591,-37.686681247323854,11.98809682463949,-17.89701482252582,-49.94856842800679,0.07874042,0.5633416,1.0,-1.0,7,-0.21165243137917525,0.07646052119066474,-0.05500810341741858,-0.4693734941992641,-31.747864706876296,10.58910484731809,-17.03395438673097,-45.851283793747584,-0.05281661638558714,0.5693921859913084,1.0,-1.0,0.276827528420199,0.031925821842976244,0.3257337784541053,0.16473525458813484,0.29029792113493064,0.026403785345849713,0.3234555773092903,0.2333050749455372,0.8228571428571428,0.3817895563083443,1.0,0.0,1.0,0.0,1.0,1.0,0.0,0.0,0.0,0.0,0.0,0.0,0.0,0.0,0.0,0.0,0.0,0.0,0.0,0.0,0.0,0.0,0.0,0.0,0.0,0.0,0.0,0.0,0.0,0.0,0.04530586922697416,0.030562821774319526,0.19675872307030376,0.009952370114067082,0.0291423657038342,0.009896106684954496,0.04836993532641025,0.017955523511173757,0.2059386724218515,0.08336087485893905,0.29373916574555375,0.07201106551189321,0.20593866365496255,0.0833608697823656,0.2937360064420658,0.07201106551189321,0.2512445416488257,0.08531497448145452,0.44520184671591,0.08722969687290827,0.23508102935879677,0.09082273972730089,0.33072933009596733,0.08996658902306696,0.0,0.0,0,0,0.0,0.0,0,0,-37.686681247323854,931804,237000,1580,13.063652629964054,1.3708509739954025,1.5610587447299622,15.995562348689418,3978.9047153009014,236
0.0052992404,0.005893814,14.678653,-14.831887,12.455092,-0.45610672,-43.441536,-14.828205,12.451644,-0.43401247,-43.483643,-14.8375025,12.461291,-0.4765577,-43.36771,0.005299241,0.012478986,0.08812797,9.026863e-09,0.0058938144,0.014946274,0.13232741,5.2879173e-08,-0.040560167,0.7515678,1.0,-1.0,-0.22827180790036514,0.06741076158567907,-0.10933022774804098,-0.4706804041810088,-34.24077118505477,9.186681872668208,-19.377485018646368,-46.73733782804518,0.13632335,0.5706837,1.0,-1.0,6,-0.2805698867634284,0.09692223594782516,-0.07584975583206824,-0.5469409542076573,-42.08548301451426,13.436785444211232,-18.367403183294975,-61.38098707324527,0.08279661497258661,0.6088697406068184,1.0,-1.0,0.2323086379269221,0.06706129399034556,0.31492407725823895,0.08046202435553325,0.2476942156329713,0.05937094582149906,0.3145906215344961,0.15098398547506897,0.8676190476190476,0.33890446416012937,1.0,0.0,1.0,0.0,1.0,1.0,0.0,0.0,0.0,0.0,0.0,0.0,0.0,0.0,0.0,0.0,0.0,0.0,0.0,0.0,0.0,0.0,0.0,0.0,0.0,0.0,0.0,0.0,0.0,0.0,0.03830272407674812,0.030867480727235108,0.22128566000859848,0.00958619894380964,0.030498959390717995,0.010314798651794969,0.04883534110151869,0.0183401381383122,0.189969083823617,0.05725208910398943,0.27353344954150494,0.09974402880423133,0.1899690777606055,0.05725208569619588,0.2735326443484593,0.09974402880423133,0.22827180790036514,0.06741076158567907,0.4706804041810088,0.10933022774804098,0.2204680371513235,0.062242567627108246,0.322367985449978,0.12053560904865047,0.0,0.0,0,0,0.0,0.0,0,0,-34.24077118505477,935804,238000,1586,13.132910167914815,1.3543430420104414,1.534562007203931,16.021815217129188,3994.9829964640085,237
0.005208219,0.0039602118,14.301895,-14.35712,12.302706,-0.50749767,-42.229492,-14.37664,12.312532,-0.5223172,-42.24753,-14.390438,12.326237,-0.56586725,-42.320354,0.005208219,0.010037455,0.06360154,3.2523894e-07,0.0039602118,0.008590578,0.050416816,9.76157e-07,-0.119042315,0.7854201,1.0,-1.0,-0.28537369768122073,0.09823240250483556,-0.10744370168202036,-0.5045992905039582,-42.80605465218313,14.13180001332284,-19.818122704903992,-59.11870699399948,-0.14570948,0.65746087,1.0,-1.0,7,-0.25344823271178923,0.08206139120978276,-0.08671686570973078,-0.5660695543778271,-38.017234906768394,11.451101192988927,-23.67542784809149,-59.82026768974352,0.014199800047672332,0.5502764165162225,1.0,-1.0,0.2711630906417143,0.07041480726536084,0.41042589055388784,0.1208960693755373,0.2830689612096447,0.06149079090886629,0.3989274708156318,0.1880871561839383,0.758095238095238,0.42823690648117,1.0,0.0,0.8571428571428571,0.3499271061118826,1.0,0.0,0.0,0.0,0.0,0.0,0.0,0.0,0.0,0.0,0.0,0.0,0.0,0.0,0.0,0.0,0.0,0.0,0.0,0.0,0.0,0.0,0.0,0.0,0.0,0.0,0.04721913503650546,0.03638685028282551,0.235411014241149,0.008772504226608,0.031614505496571306,0.012996928838371393,0.06068715099111706,0.018688312914954496,0.2381545626447153,0.08385638091624756,0.35009541233654484,0.09786695473692766,0.23815455258558185,0.08385638000892316,0.3500933277604792,0.09786695473692768,0.28537369768122073,0.09823240250483556,0.5045992905039582,0.10744370168202036,0.2697690580821531,0.08796307285302908,0.38732300666028624,0.12264792650180592,0.0,0.0,0,0,0.0,0.0,0,0,-42.80605465218313,939804,239000,1593,12.857740003135405,1.4106045689986786,1.5445555357291596,15.812900107863243,4010.8123591938784,238
0.011429088,0.0091741895,14.7137375,-14.841598,12.423508,-0.775683,-43.959175,-14.837076,12.417216,-0.7874173,-44.04982,-14.8007965,12.398586,-0.7484636,-43.91322,0.011429087,0.07147766,0.8113852,5.820766e-09,0.00917419,0.05139345,0.5812634,3.146488e-08,-0.12014943,0.8003249,1.0,-1.0,-0.23043429239137506,0.08347924109503263,-0.06969639744785423,-0.4519602635014364,-34.56514385870626,11.87774876234892,-16.327913160529384,-51.777352478855484,-0.067460306,0.633044,1.0,-1.0,7,-0.2525107856008132,0.06362834910549486,-0.15301528527210986,-0.512240779376937,-37.87661784012199,8.695754154509876,-27.33003063476707,-55.83109598509716,-0.10117326737740188,0.614563337209068,1.0,-1.0,0.24056415202818293,0.08777056965425767,0.35857461514451805,0.07703502365412626,0.2482602724119635,0.08690824863624926,0.35857461514451805,0.13240186252848676,0.8952380952380953,0.3062463845869243,1.0,0.0,1.0,0.0,1.0,1.0,0.0,0.0,0.0,0.0,0.0,0.0,0.0,0.0,0.0,0.0,0.0,0.0,0.0,0.0,0.0,0.0,0.0,0.0,0.0,0.0,0.0,0.0,0.0,0.0,0.039366009608607956,0.027694547166418677,0.22001763397695645,0.006079032337679956,0.026787094760172245,0.01294431042547497,0.05135813884605969,0.006079032337679956,0.19106828278276708,0.08346913998255304,0.3122169768838256,0.06221574481223992,0.19102717456785132,0.08350207079888536,0.3122141493752736,0.06221574481223992,0.23043429239137506,0.08347924109503263,0.4519602635014364,0.06969639744785423,0.21781426932802356,0.08388215370278072,0.3392417866162778,0.08229419402228005,0.0,0.0,0,0,0.0,0.0,0,0,-34.56514385870626,943804,240000,1600,12.702479869039962,1.427907906996552,1.5731889239395969,15.70357669997611,4026.598206441835,239
0.004196324,0.0032252301,14.503386,-14.58066,12.448135,-0.57466125,-47.262524,-14.573008,12.436614,-0.5794995,-47.156715,-14.572717,12.440912,-0.5431494,-47.150837,0.004196324,0.008793244,0.07189539,1.1269003e-07,0.0032252301,0.007261467,0.04617874,8.056362e-08,-0.124706365,0.8001348,1.0,-1.0,-0.2677882230292562,0.07836009320227841,-0.16186858308853394,-0.5299634406454965,-40.16823345438842,10.972146905865669,-25.900351678973138,-58.32830199193579,-0.07593463,0.686102,1.0,-1.0,6,-0.23830209116536957,0.07890708690524731,-0.14237086009495561,-0.5037804397111623,-35.74531367480543,10.741404600806458,-23.46663758057864,-55.39006107737221,-0.012620813754173281,0.5843085859194217,1.0,-1.0,0.2537281532531543,0.08283793551817593,0.4040195174128931,0.09232057047611318,0.2611375973219034,0.08093425900882732,0.3938909251482214,0.14451288613096058,0.8219047619047619,0.38259289625271214,1.0,0.0,1.0,0.0,1.0,1.0,0.0,0.0,0.0,0.0,0.0,0.0,0.0,0.0,0.0,0.0,0.0,0.0,0.0,0.0,0.0,0.0,0.0,0.0,0.0,0.0,0.0,0.0,0.0,0.0,0.04322815748356901,0.03153698980076918,0.18943431597399094,0.01774691122689432,0.02921723065214088,0.012805762490567323,0.05478918273081163,0.01774691122689432,0.22456006554568717,0.07346875666941721,0.36632234287576954,0.12919157961364006,0.22456004597023865,0.07346875647074953,0.36631999149366096,0.12919157961364006,0.2677882230292562,0.07836009320227841,0.5299634406454965,0.16186858308853394,0.25377727662237953,0.06838554651273454,0.38581596364059756,0.16805228752930823,0.0,0.0,0,0,0.0,0.0,0,0,-40.16823345438842,947804,241000,1606,12.650651787844254,1.5114195780042792,1.515516599174589,15.677587965023122,4042.2503249608417,240
0.0067348694,0.005734224,13.2090645,-13.289614,11.61225,-0.21133533,-43.861603,-13.287174,11.606987,-0.204454,-43.86491,-13.310419,11.619344,-0.23569119,-43.939594,0.0067348704,0.011198347,0.06989249,5.6761564e-07,0.005734224,0.010059267,0.06292606,8.9004567e-07,-0.12274788,0.7773418,1.0,-1.0,-0.22974796925151758,0.0909454503227122,-0.03609490570950702,-0.46415813360667746,-34.462195387727625,13.119685447825749,-8.093982764811594,-53.191836954334335,-0.12188157,0.60361195,0.99999994,-1.0,7,-0.2633702125614259,0.08528294822662662,-0.09006956502782851,-0.5377578929524031,-39.505531884213895,12.233922732174598,-16.816307977164506,-61.12705336999732,-0.1231545136032924,0.6026094740218735,1.0,-1.0,0.21063612402753712,0.09406512615190336,0.36260157540359556,0.027036777131552493,0.21688005766873367,0.09451266254236985,0.3603824966462177,0.03410484176895563,0.8771428571428571,0.3282731565421127,1.0,0.0,1.0,0.0,1.0,1.0,0.13428571428571429,0.34095903159249175,1.0,0.0,0.14285714285714285,0.3499271061118826,1.0,0.0,0.12,0.32496153618543844,1.0,0.0,0.14285714285714285,0.3499271061118826,1.0,0.0,0.1380952380952381,0.34499991784152306,1.0,0.0,0.14285714285714285,0.3499271061118826,1.0,0.0,0.0382647322677202,0.02709792734345107,0.18838760812997338,0.00496708138784304,0.02991885745176417,0.009415311818004913,0.04977035693373763,0.020267666408688483,0.1914832369837974,0.08882166232057115,0.32352548064266634,0.014737025631493615,0.19111500002118328,0.08937194016434798,0.32352298267267854,0.020764895964301228,0.22974796925151758,0.0909454503227122,0.46415813360667746,0.03609490570950702,0.22103385747294751,0.09118849417286455,0.34379064908136703,0.04243565138089464,0.0,0.0,0,0,0.0,0.0,0,0,-34.462195387727625,951804,242000,1613,12.75749839709897,1.4849091300129658,1.5817743211373454,15.824181848249282,4058.219888089123,241
0.010768533,0.01138645,13.869436,-13.95434,11.723888,-0.7371565,-39.723446,-13.965003,11.719976,-0.71568984,-39.49415,-13.911213,11.682884,-0.68879884,-39.43685,0.010768533,0.018221958,0.0893792,1.6043487e-09,0.01138645,0.019531976,0.104639396,1.0888107e-07,-0.15453678,0.77289313,1.0,-1.0,-0.26791231081968164,0.057891297102902584,-0.1503753457637524,-0.4807453660339759,-40.18684662295224,7.774268495012547,-27.188574970025186,-50.76282347618053,0.10395579,0.6824179,1.0,-1.0,7,-0.24055094385557,0.08220249356841061,-0.11057433247032906,-0.5369319874306963,-36.0826415783355,10.203211374366933,-21.676495482037776,-54.27544768301629,-0.029722835781987405,0.6148269858853713,1.0,-1.0,0.25206512896287586,0.07759011763312422,0.31997239155187207,0.06377386547335231,0.2594474845785766,0.07869372212567877,0.31997239155187207,0.0758466511631314,0.8542857142857143,0.3528195468693043,1.0,0.0,1.0,0.0,1.0,1.0,0.0,0.0,0.0,0.0,0.0,0.0,0.0,0.0,0.0,0.0,0.0,0.0,0.0,0.0,0.0,0.0,0.0,0.0,0.0,0.0,0.0,0.0,0.0,0.0,0.03521151430139152,0.028656723385773436,0.20425473477428416,0.002815971607534637,0.020335114285359595,0.010756032783912663,0.037009731961310056,0.0031085626328850534,0.2327007965182901,0.054107240701877266,0.2855275277695041,0.136047459787482,0.23206510070562691,0.055090468322474426,0.28552446567792517,0.14334626287701951,0.26791231081968164,0.057891297102902584,0.4807453660339759,0.1503753457637524,0.2524002149909865,0.05114092924681917,0.3089040692216004,0.1736506953303978,0.0,0.0,0,0,0.0,0.0,0,0,-40.18684662295224,955804,243000,1620,12.647156390055898,1.6314538780134171,1.5424283691099845,15.8210386371793,4073.937125756289,242
0.008940772,0.0077866623,13.069029,-13.154276,11.671381,-0.31953925,-40.77119,-13.159952,11.674811,-0.3070519,-40.85903,-13.123007,11.659484,-0.30923352,-41.387295,0.008940772,0.034210674,0.37958428,1.6340893e-07,0.0077866623,0.025975715,0.27906188,3.1634272e-08,-0.12814431,0.7796307,1.0,-1.0,-0.23075490398811005,0.08488961017653927,-0.09525243507172579,-0.46403961742366606,-34.61323559821651,12.131777430890422,-16.62990005078209,-48.029267115137316,0.04369291,0.6464444,1.0,-1.0,6,-0.16492735105018824,0.07864568966487964,-0.03751281798478781,-0.39387036032899536,-24.739102657528225,11.330413499303361,-11.013522047998327,-42.13227280765586,0.041326061822605835,0.557053380097284,1.0,-1.0,0.2047032676921475,0.07130256251119593,0.32245686454358063,0.0952577101734937,0.21819833063550448,0.07294135730097177,0.3093163309344134,0.10945016524332307,0.7904761904761904,0.40696877369945705,1.0,0.0,1.0,0.0,1.0,1.0,0.0,0.0,0.0,0.0,0.0,0.0,0.0,0.0,0.0,0.0,0.0,0.0,0.0,0.0,0.0,0.0,0.0,0.0,0.0,0.0,0.0,0.0,0.0,0.0,0.04450581053865975,0.031457980424953,0.22488061750214908,0.009051772334466923,0.03392281742785074,0.013230357122147927,0.05678258362830423,0.017370754124210682,0.18624909344945031,0.0684636305488206,0.2687207562435853,0.08382571065933796,0.18624907939797458,0.0684636275123892,0.268717908517952,0.08382571065933796,0.23075490398811005,0.08488961017653927,0.46403961742366606,0.09525243507172579,0.22017189682582533,0.07046595874890273,0.2959405398006802,0.1110488736038595,0.0,0.0,0,0,0.0,0.0,0,0,-34.61323559821651,959804,244000,1626,12.655285605127574,1.5275816100038355,1.6064662497665267,15.789333464897936,4089.712446602207,243
0.008984504,0.006396136,14.05115,-14.2231655,11.915741,-0.4837486,-36.944424,-14.204447,11.910503,-0.4740607,-36.90462,-14.205282,11.918263,-0.5346088,-36.92875,0.008984504,0.024334643,0.22203033,5.8025904e-07,0.0063961362,0.017217575,0.14691657,6.6302164e-10,-0.032383814,0.79885215,1.0,-1.0,-0.2473714030926934,0.07653156097744764,-0.10699898893944673,-0.4791407065211514,-37.10571046390401,10.923753616461031,-18.274725142634896,-50.394332775372945,0.16601264,0.6847856,1.0,-1.0,7,-0.23593247270978554,0.08732006961108284,-0.10038950865519147,-0.4614034189911186,-35.38987090646783,11.936771005817567,-17.60415247161401,-53.829550106611705,0.06481958902373443,0.5908477971383798,1.0,-1.0,0.2367375862792156,0.06226534627813565,0.34752961717667513,0.13435379441971992,0.2458301909808048,0.0632267812099277,0.33241826767027055,0.1502348411910031,0.9095238095238095,0.2868627710824578,1.0,0.0,1.0,0.0,1.0,1.0,0.0,0.0,0.0,0.0,0.0,0.0,0.0,0.0,0.0,0.0,0.0,0.0,0.0,0.0,0.0,0.0,0.0,0.0,0.0,0.0,0.0,0.0,0.0,0.0,0.036422160984584236,0.02596806499387012,0.20326066198368936,0.005875842714185712,0.030131964376257852,0.011936395743777991,0.05040934186809633,0.011249587876288202,0.2109492421081092,0.06464488462950373,0.2966183014595366,0.10112314622526102,0.21094922839856786,0.06464488018322362,0.29661600535187566,0.10112314622526102,0.2473714030926934,0.07653156097744764,0.4791407065211514,0.10699898893944673,0.2410811927748257,0.0688369158569683,0.3288847349194819,0.11237273410154922,0.0,0.0,0,0,0.0,0.0,0,0,-37.10571046390401,963804,245000,1633,12.581448458280647,1.5137839980015997,1.5103279341128655,15.605560390395112,4105.311470520595,244
0.0051129693,0.004899889,13.746414,-13.861185,11.870746,-0.23338875,-42.907063,-13.852553,11.870254,-0.242176,-42.898987,-13.861013,11.870862,-0.21469283,-42.78099,0.0051129693,0.011043649,0.08115318,3.6054882e-07,0.004899889,0.009984469,0.056552753,1.9803966e-08,-0.015908036,0.78839076,1.0,-1.0,-0.1978762777994349,0.09233110484377988,-0.06281614912360095,-0.44179466144890656,-29.681441669915248,13.035938100479207,-10.891514962621468,-50.015859041270524,0.010646695,0.6752343,1.0,-1.0,7,-0.2705433940512171,0.05983571189322216,-0.12812407629609238,-0.46718028496587616,-40.58150910768256,7.498937086076436,-27.30587151131761,-51.19471819265373,0.002432998267883653,0.6304358497450732,1.0,-1.0,0.28420805253634274,0.07306485290213445,0.4513243847802292,0.17563950119901933,0.2913588419201613,0.07215179897317173,0.44830584332939677,0.2194745624236831,0.7952380952380952,0.40352752956915017,1.0,0.0,1.0,0.0,1.0,1.0,0.2857142857142857,0.4517539514526257,1.0,0.0,0.2857142857142857,0.45175395145262565,1.0,0.0,0.0,0.0,0.0,0.0,0.0,0.0,0.0,0.0,0.0,0.0,0.0,0.0,0.0,0.0,0.0,0.0,0.04270309929962463,0.035144833252504275,0.18398475360721617,0.010685405675959627,0.028445843147075857,0.009086913665104342,0.05004856022897972,0.021759342675047966,0.15517317849981027,0.07977775520395027,0.2785698853524803,0.05213074344764132,0.15517316942173637,0.07977774726614015,0.2785669422785832,0.05213074344764132,0.1978762777994349,0.09233110484377988,0.44179466144890656,0.06281614912360095,0.18361901256881222,0.08660597868192933,0.32861550250756294,0.07389008612268928,0.0,0.0,0,0,0.0,0.0,0,0,-29.681441669915248,967804,246000,1640,12.594744451082079,1.508470742002828,1.599551411884022,15.702766604968929,4121.005483146597,245
0.0063581984,0.0049414737,13.977691,-14.071421,12.317469,-0.63213086,-38.952892,-14.06512,12.290664,-0.6204446,-38.780952,-14.075052,12.297876,-0.6504234,-38.76195,0.0063581984,0.014833383,0.106825896,6.928167e-08,0.0049414732,0.0091580795,0.055186745,5.0655217e-08,-0.17873788,0.80804634,1.0,-1.0,-0.23552541843669347,0.07328868973009348,-0.059748349760337334,-0.400492667461372,-35.32881276550402,10.70611038785481,-11.351848028965753,-45.050351092490224,-0.0047807056,0.70687187,0.99999994,-1.0,6,-0.2476221861668479,0.03350386095542972,-0.19339496951343757,-0.4492479797962572,-37.143327925027194,4.1670972794409655,-32.219187088869376,-44.70253139298889,0.018236717124732887,0.6246577744155679,1.0,-1.0,0.28693095719177336,0.05741348485022895,0.40774567738981327,0.19803676673827253,0.29523419501029896,0.05118776646347199,0.4046368018844734,0.22856705838678354,0.939047619047619,0.23924294808544888,1.0,0.0,1.0,0.0,1.0,1.0,0.14285714285714285,0.34992710611188255,1.0,0.0,0.14285714285714285,0.3499271061118826,1.0,0.0,0.0009523809523809524,0.0308459709346698,1.0,0.0,0.0,0.0,0.0,0.0,0.0,0.0,0.0,0.0,0.0,0.0,0.0,0.0,0.03436671958570091,0.017376864211647684,0.1696879382403736,0.011193262544022073,0.03320156208474856,0.008494857024901357,0.04234508031249049,0.017275022137620492,0.20115869885099252,0.06861108469943812,0.2683299316465934,0.04855508721631526,0.20115868812874357,0.06861107854133426,0.26832720023772516,0.04855508721631526,0.23552541843669347,0.07328868973009348,0.400492667461372,0.059748349760337334,0.23436025021349213,0.0756885837615273,0.29849405174930244,0.06583010935393575,0.0,0.0,0,0,0.0,0.0,0,0,-35.32881276550402,971804,247000,1646,12.505020167969633,1.498891734998324,1.507736313942587,15.511648216910544,4136.5022673454805,246
0.005376584,0.0056175673,14.523425,-14.659849,12.524297,-0.43834978,-44.212585,-14.680065,12.526546,-0.46156627,-44.28259,-14.662305,12.519887,-0.3895033,-44.08659,0.005376584,0.008842984,0.047261756,1.1787051e-09,0.0056175683,0.011283368,0.074576266,4.9888094e-09,-0.113335356,0.79814535,1.0,-1.0,-0.25286251694325096,0.08991883117655455,-0.10580871902197907,-0.5136098800952298,-37.929377541487646,12.564515522693604,-20.980875532448138,-53.40694714645975,0.076402076,0.67655,1.0,-1.0,7,-0.26960234877212835,0.06999126740709675,-0.11797944451999488,-0.5468243292853693,-40.440352315819254,7.762253491355017,-29.250215920657062,-51.82494524351933,-0.06663900802317131,0.6254917318182106,1.0,-1.0,0.28584166983110065,0.048769769955763105,0.34379680605334934,0.1719754575216413,0.2983137284939099,0.05078839375306997,0.33357668082089886,0.1765459617608918,0.7828571428571428,0.4123006630296559,1.0,0.0,1.0,0.0,1.0,1.0,0.0,0.0,0.0,0.0,0.0,0.0,0.0,0.0,0.0,0.0,0.0,0.0,0.0,0.0,0.0,0.0,0.0,0.0,0.0,0.0,0.0,0.0,0.0,0.0,0.04358923456880004,0.03789817377516926,0.22086615643252047,0.0014046347094584793,0.027391319803835072,0.011474200765007892,0.0413787209370124,0.006824597032698045,0.20927328237445092,0.06781000908311809,0.29274372366270934,0.10218367849476984,0.20927327368628035,0.06781000045333913,0.2927410722195173,0.10218367849476984,0.25286251694325096,0.08991883117655455,0.5136098800952298,0.10580871902197907,0.23666459349011545,0.07614819701797523,0.3203661779509283,0.10900827552746788,0.0,0.0,0,0,0.0,0.0,0,0,-37.929377541487646,975804,248000,1653,12.713024176104227,1.4851761879981495,1.6134793813107535,15.81167974541313,4152.70126937289,247
0.003674467,0.004391308,14.7991495,-14.909041,12.613941,-0.56401426,-41.629265,-14.885174,12.603801,-0.56105137,-41.55218,-14.90526,12.6015835,-0.5848246,-41.70903,0.003674467,0.006914565,0.05358989,1.1742159e-08,0.004391308,0.0078586945,0.04762652,3.1391778e-09,-0.13552201,0.7857318,1.0,-1.0,-0.20954703922856924,0.05544868140439561,-0.13409148329133305,-0.42366314355165313,-31.432055884285383,7.9983140014683345,-22.848896160357565,-49.61579867384618,0.039182033,0.60896623,0.99999994,-1.0,7,-0.22879134053334213,0.06655168565550924,-0.09359213844318923,-0.4038792805283684,-34.318701080001304,8.78092266596279,-21.654027069078033,-46.49988923161962,0.07351804842567326,0.5958730200256046,1.0,-1.0,0.22406897823619337,0.06715907096563101,0.35089308239438477,0.09103441099269177,0.2253873900325743,0.06516075321352091,0.33753906734545036,0.12747661026605164,0.9523809523809523,0.21295885499998,1.0,0.0,1.0,0.0,1.0,1.0,0.0,0.0,0.0,0.0,0.0,0.0,0.0,0.0,0.0,0.0,0.0,0.0,0.0,0.0,0.0,0.0,0.0,0.0,0.0,0.0,0.0,0.0,0.0,0.0,0.03134760851941273,0.01831498967188264,0.1608094029063115,0.009794208824952418,0.025293348861115488,0.00798977916743833,0.038681298346481256,0.014208875612746235,0.1781994307091565,0.04575701637922801,0.27864411427505964,0.11677192460312805,0.17819941632633252,0.04575701505593073,0.27864198517342714,0.11677192460312806,0.20954703922856924,0.05544868140439561,0.42366314355165313,0.13409148329133305,0.20349276518744802,0.05196641755798947,0.3173232835199084,0.1388913101570021,0.0,0.0,0,0,0.0,0.0,0,0,-31.432055884285383,979804,249000,1660,13.041447905867244,1.8774952230014605,1.6013320019264938,16.5202751307952,4168.884964927696,248
0.006118956,0.0050301105,13.564144,-13.660284,11.517695,-0.40616983,-48.6562,-13.675852,11.5264015,-0.3768403,-48.758545,-13.708697,11.533175,-0.43051934,-48.70209,0.006118956,0.011443769,0.10041006,3.4229743e-08,0.0050301105,0.008116392,0.05047765,1.821013e-08,-0.12369223,0.7811577,1.0,-1.0,-0.252728577124736,0.07666262199913808,-0.12169185191274626,-0.43323122637757994,-37.9092865687104,10.363631918951441,-19.620058051165667,-50.60305768417869,0.11340052,0.58672845,1.0,-1.0,6,-0.15065688536388153,0.07702568227339548,-0.032307534365574514,-0.38776216624808296,-22.598532804582224,11.269152777642443,-7.799076144679282,-44.411439119263136,-0.10070689673849503,0.536036754797918,1.0,-1.0,0.23599213611211955,0.06869962857777893,0.31894088844269064,0.10487068935761627,0.24223256639801996,0.07506455011865676,0.31878282075628506,0.10840723224899504,0.7866666666666666,0.4096611065529924,1.0,0.0,1.0,0.0,1.0,1.0,0.0,0.0,0.0,0.0,0.0,0.0,0.0,0.0,0.0,0.0,0.0,0.0,0.0,0.0,0.0,0.0,0.0,0.0,0.0,0.0,0.0,0.0,0.0,0.0,0.048748848578339055,0.038718223454289206,0.22536828947280782,0.014753470868176225,0.03309772209261198,0.011444262786287136,0.05530634917661163,0.020125975720240025,0.20397972854639693,0.06599689621256125,0.27900850701659874,0.10464728801585856,0.20397971075929017,0.06599689931709017,0.2790069378923834,0.10464728801585856,0.252728577124736,0.07666262199913808,0.43323122637757994,0.12169185191274626,0.2370774328519021,0.07140846591188461,0.33141918024607775,0.1371903566367642,0.0,0.0,0,0,0.0,0.0,0,0,-37.9092865687104,983804,250000,1666,12.508074245299213,1.5361697879998246,1.5842973809776595,15.628541414276697,4184.454980215945,249
0.0075999633,0.0068152146,14.429066,-14.544123,12.355237,-0.4234125,-44.639423,-14.531912,12.347317,-0.3834043,-44.552513,-14.525045,12.333698,-0.43662837,-44.68757,0.007599964,0.03194117,0.3593553,4.0918673e-07,0.006815214,0.034130644,0.38469437,5.5937562e-08,-0.059525855,0.77910256,1.0,-1.0,-0.24561436882452145,0.11161216314962973,-0.047485854276787254,-0.48488072880814576,-36.84215532367823,16.138102932082784,-14.720037921176658,-57.38789116824272,0.024538876,0.61924505,1.0,-1.0,7,-0.2671311802027982,0.06536681939095881,-0.1582766519031377,-0.4771321303161049,-40.069677030419726,8.958300898867684,-25.907207786573927,-50.10232597408797,0.037428837929742664,0.6379665863961123,1.0,-1.0,0.2137044905398829,0.12668309881456005,0.4011536975094948,0.02808031763148895,0.22526265484716915,0.13806950717834404,0.39531651048570826,0.053537966057729994,0.7933333333333333,0.4049142570416058,1.0,0.0,1.0,0.0,1.0,1.0,0.10380952380952381,0.305013289179281,1.0,0.0,0.14285714285714285,0.3499271061118826,1.0,0.0,0.03619047619047619,0.18676382311246137,1.0,0.0,0.14285714285714285,0.3499271061118826,1.0,0.0,0.11523809523809524,0.31930906132459025,1.0,0.0,0.14285714285714285,0.3499271061118826,1.0,0.0,0.04545621097095346,0.03145278858811295,0.19062047805586055,0.007306574218520732,0.03366000275821208,0.014421121047113917,0.059299666189182906,0.008872290231657306,0.20015815785356805,0.10045878498176512,0.3291728249812262,0.03667268724207503,0.19883773976310087,0.10256701784706128,0.3291701487150893,0.03861356404512995,0.24561436882452145,0.11161216314962973,0.48488072880814576,0.047485854276787254,0.23249774252131297,0.11328819776592733,0.3728824294970408,0.047485854276787254,0.0,0.0,0,0,0.0,0.0,0,0,-36.84215532367823,987804,251000,1673,12.507833866868168,1.4772598440031288,1.578006312061916,15.563100022933213,4200.098124215903,250
0.017476605,0.018117402,13.381014,-13.499083,11.372882,-0.4861079,-37.152546,-13.524986,11.377965,-0.5452552,-37.168,-13.482596,11.3668785,-0.49762833,-37.17542,0.017476605,0.14517526,1.6513423,3.5555564e-07,0.018117402,0.120776445,1.3690965,9.413742e-07,-0.14551671,0.78498036,1.0,-1.0,-0.24878908648406814,0.08651703908913617,-0.10257071296817444,-0.5364238306074572,-37.31836297261022,12.411977261974455,-17.825617997653328,-57.85729399596639,0.12302151,0.6711173,0.9999987,-1.0,7,-0.1870770014414676,0.07652578087096296,-0.01371243484081766,-0.43462689677933153,-28.061550216220137,10.78296348595045,-6.58254077980236,-44.30640625551266,0.11821202761883338,0.5747011515149896,1.0,-1.0,0.21948833911192647,0.09202732389908705,0.37351318346398515,0.08079107206949247,0.2258454022476007,0.09005332000149496,0.37243570278184196,0.08362891092102036,0.8685714285714285,0.337868468550731,1.0,0.0,1.0,0.0,1.0,1.0,0.0,0.0,0.0,0.0,0.0,0.0,0.0,0.0,0.0,0.0,0.0,0.0,0.0,0.0,0.0,0.0,0.0,0.0,0.0,0.0,0.0,0.0,0.0,0.0,0.04102981997507841,0.029191001406760033,0.20089950204694243,0.00530000673114616,0.028817083402837958,0.016237178399391216,0.05201154035268963,0.00530000673114616,0.2077592665089897,0.0847033182287542,0.3512524057160304,0.07823669225445175,0.20775925462910477,0.08470331974517104,0.351251490898035,0.07823669225445175,0.24878908648406814,0.08651703908913617,0.5364238306074572,0.10257071296817444,0.23657633803194272,0.0849668520504089,0.3765569408259901,0.1139458291416198,0.0,0.0,0,0,0.0,0.0,0,0,-37.31836297261022,991804,252000,1680,12.801189961915952,1.559066771005746,1.5690358519786969,15.929292584900395,4224.751313720786,251
0.0044803433,0.00593439,13.521217,-13.632795,12.030334,-0.34475133,-46.08478,-13.649913,12.038306,-0.33130497,-46.1808,-13.632917,12.026579,-0.33170015,-46.09876,0.0044803433,0.008789014,0.0478958,1.3691897e-07,0.00593439,0.011616678,0.0683216,1.353356e-07,-0.10585654,0.7818079,1.0,-1.0,-0.21852291090292747,0.08254435347511571,-0.09279642322676726,-0.44333443671953815,-32.778436635439114,12.10437094437283,-14.717467351297879,-50.81730468758452,0.20247811,0.6113291,1.0,-1.0,6,-0.26444383376353486,0.07652673154137495,-0.13815707518552583,-0.5115019839077636,-39.66657506453023,10.683111662279769,-23.539432111987463,-54.36348741757231,-0.02925299203531016,0.6186597865868706,1.0,-1.0,0.2361205100266741,0.04087672031427879,0.3171423604072503,0.15044187050602745,0.24224455427345418,0.041121290441815055,0.2840711464382471,0.15134181391502774,0.9285714285714286,0.25753937681885636,1.0,0.0,1.0,0.0,1.0,1.0,0.0,0.0,0.0,0.0,0.0,0.0,0.0,0.0,0.0,0.0,0.0,0.0,0.0,0.0,0.0,0.0,0.0,0.0,0.0,0.0,0.0,0.0,0.0,0.0,0.032437408338149204,0.02220162270257201,0.16651747509930356,0.003466693252392907,0.027660320545088386,0.009958289161643501,0.043792994200335215,0.013454007966726121,0.18608550256477827,0.0675798815007161,0.28140134402407707,0.08393511395426394,0.1860854933619825,0.067579876354685,0.2813998538937431,0.08393511395426394,0.21852291090292747,0.08254435347511571,0.44333443671953815,0.09279642322676726,0.21374581390707093,0.07442030869076705,0.3123790023025015,0.09738912192099006,0.0,0.0,0,0,0.0,0.0,0,0,-32.778436635439114,995804,253000,1686,12.708577616489492,1.4907491560006747,1.556024909237749,15.755351681727916,4240.4848475475155,252
0.0057990476,0.005933474,12.427498,-12.487184,10.835123,-0.10023871,-38.478653,-12.490174,10.832236,-0.12236297,-38.3887,-12.506236,10.847184,-0.06540882,-38.49287,0.005799047,0.012554254,0.09342819,7.697963e-09,0.005933474,0.013282802,0.0835858,2.5331252e-07,0.018975701,0.780483,1.0,-1.0,-0.26611719366313097,0.0940697492628436,-0.0606188364763566,-0.5027809132763068,-39.917579049469644,13.524418437882415,-13.710458543466618,-59.33400755667791,0.070264004,0.63096315,1.0,-1.0,7,-0.2647224419950569,0.0669515676418201,-0.17086687216632984,-0.5073600185670863,-39.708366299258536,7.970414989443424,-28.71454886278066,-56.22674866296076,0.14939167122748137,0.5992413644937151,1.0,-1.0,0.26693023464717963,0.04834820577360292,0.35521921033679327,0.13431114724711998,0.27515794381160985,0.051166293746561314,0.3536775360917471,0.19111755232570876,0.8133333333333334,0.38964371189873226,1.0,0.0,1.0,0.0,1.0,1.0,0.14285714285714285,0.3499271061118826,1.0,0.0,0.14285714285714285,0.3499271061118826,1.0,0.0,0.0,0.0,0.0,0.0,0.0,0.0,0.0,0.0,0.0,0.0,0.0,0.0,0.0,0.0,0.0,0.0,0.044627905798525595,0.029463584917584024,0.1781567322455852,0.002017234684721029,0.032101640206268836,0.009284667299838366,0.04909687923709882,0.015966591465178655,0.22148928786460537,0.08178567083907022,0.32462418103072155,0.05860160179163557,0.22148927287192346,0.08178566701363213,0.32462132583205416,0.05860160179163557,0.26611719366313097,0.0940697492628436,0.5027809132763068,0.0606188364763566,0.25359091307819237,0.08911129274240835,0.373718205069153,0.07456819325681423,0.0,0.0,0,0,0.0,0.0,0,0,-39.917579049469644,999804,254000,1693,12.499211952323094,1.468932189993211,1.5233332671778044,15.49147740949411,4255.984484917004,253
0.008294094,0.0073217675,15.100708,-15.191295,13.242945,-0.65031385,-42.484695,-15.210972,13.249415,-0.7196657,-42.54113,-15.220313,13.266791,-0.6862599,-42.55797,0.008294094,0.029158538,0.31199715,2.3274835e-07,0.0073217675,0.028539054,0.25727144,8.967254e-08,0.09452045,0.7689842,1.0,-1.0,-0.25778872346317117,0.09410156670760532,-0.12422800306614755,-0.5140349444097512,-38.66830851947566,13.406721022516468,-21.705002611826366,-57.23116137730842,0.083357245,0.6040789,1.0,-1.0,7,-0.22334807098261014,0.07967551733531716,-0.07097122392034544,-0.4034891732550553,-33.50221064739152,10.98037026700936,-13.822987742034352,-44.57566279184396,0.1490320290467464,0.5685583395622319,1.0,-1.0,0.22973762659590596,0.07379623401578732,0.3577301785400711,0.09766531555876422,0.24237349093449173,0.08056976734551236,0.3577301785400711,0.14657040688574466,0.8104761904761905,0.39192414463438247,1.0,0.0,1.0,0.0,1.0,1.0,0.0,0.0,0.0,0.0,0.0,0.0,0.0,0.0,0.0,0.0,0.0,0.0,0.0,0.0,0.0,0.0,0.0,0.0,0.0,0.0,0.0,0.0,0.0,0.0,0.04501216164607511,0.037125079790964015,0.2098254155717452,0.005940006666981241,0.02998936636401029,0.011714775146351926,0.04867999371197626,0.008884437976647742,0.212776561817096,0.07540994446918117,0.331359346749469,0.1182879963991663,0.2127765503480518,0.07540993965124182,0.33135730170014355,0.1182879963991663,0.25778872346317117,0.09410156670760532,0.5140349444097512,0.12422800306614755,0.2427659167120621,0.08066348894670791,0.35555444263914976,0.14207460642286077,0.0,0.0,0,0,0.0,0.0,0,0,-38.66830851947566,1003804,255000,1700,12.631264355848543,1.477403648008476,1.543930767380516,15.652598771237535,4271.640648281245,254
0.0071429536,0.009032191,13.021256,-13.123751,11.039849,-0.36181325,-38.331257,-13.099005,11.031684,-0.35057122,-38.284737,-13.112628,11.039399,-0.38359007,-38.180065,0.007142954,0.016123783,0.13982648,3.0700994e-07,0.009032191,0.021780193,0.20412269,2.0305038e-09,-0.09438273,0.78705794,1.0,-1.0,-0.1731112617067363,0.09677373368154066,-0.0418666645435493,-0.4582968572118114,-25.966689256010454,14.317961357453122,-8.282695038085938,-53.66771416012116,0.09407286,0.57942605,1.0,-1.0,6,-0.22471532549446957,0.12898703856406418,-0.019864893514920358,-0.5609204244359128,-33.70729882417044,18.894777875594233,-6.704524343182002,-60.951631205122204,0.08384686045808912,0.5701773405960882,1.0,-1.0,0.22789054425837493,0.07304933132438995,0.36937833005048126,0.11830074625384406,0.23128578643316405,0.07316627014189335,0.3693455279697528,0.14856536053630331,0.9076190476190477,0.28956296727679215,1.0,0.0,1.0,0.0,1.0,1.0,0.2857142857142857,0.4517539514526257,1.0,0.0,0.2857142857142857,0.4517539514526257,1.0,0.0,0.19238095238095237,0.3941706756494579,1.0,0.0,0.14285714285714285,0.34992710611188266,1.0,0.0,0.0,0.0,0.0,0.0,0.0,0.0,0.0,0.0,0.03560738553604131,0.021256997365577818,0.16599845871339047,0.007286218709525824,0.027210541453693886,0.007811407114870624,0.03917373921122073,0.016483903495335652,0.137503876170695,0.08256795694332375,0.29229839849842093,0.030573892876027863,0.13750386174764134,0.08256794955386274,0.2922954073386057,0.030573892876027863,0.1731112617067363,0.09677373368154066,0.4582968572118114,0.0418666645435493,0.16471440320133524,0.0856879141970533,0.3282228591729864,0.058713703909007514,0.0,0.0,0,0,0.0,0.0,0,0,-25.966689256010454,1007804,256000,1706,12.675353768921923,1.4814412889973028,1.5464474996260833,15.703242557545309,4287.386121953765,255
0.0052917525,0.0060688895,13.422885,-13.537661,11.962569,-0.038582385,-42.98107,-13.515809,11.963574,0.0015859008,-43.00072,-13.53805,11.967126,-0.025954518,-43.03169,0.005291753,0.017440876,0.17894462,1.3271929e-06,0.0060688895,0.016055351,0.13914333,2.7853275e-08,-0.097305,0.7902313,1.0,-1.0,-0.2631705036667436,0.10708539278506997,-0.1368294984953981,-0.555993696397674,-39.47557555001153,15.274304080125019,-21.53530179231536,-61.15617218687536,0.2696291,0.6250366,1.0,-1.0,7,-0.2626739559128813,0.12037232476594928,-0.03734921773383484,-0.5465821152589269,-39.401093386932196,17.095194964406453,-11.092994766931902,-64.18367215813873,0.1970830021950511,0.5551939096739283,1.0,-1.0,0.2522346147446276,0.09921575611385973,0.42102552093094175,0.1058808339166113,0.26470123669085577,0.09798571625664865,0.4123581005037212,0.14771228553016638,0.7961904761904762,0.40282899822885015,1.0,0.0,1.0,0.0,1.0,1.0,0.0,0.0,0.0,0.0,0.0,0.0,0.0,0.0,0.0,0.0,0.0,0.0,0.0,0.0,0.0,0.0,0.0,0.0,0.0,0.0,0.0,0.0,0.0,0.0,0.04173131889880987,0.03797962476350069,0.2145465591526244,0.0009784820641312827,0.030646927001194726,0.0122424191324888,0.05756751908265899,0.01694465803133213,0.2214391847679337,0.08843353716683765,0.3428542485277783,0.12782463834459284,0.22143917480831554,0.0884335332848144,0.34285246700692135,0.12782463834459284,0.2631705036667436,0.10708539278506997,0.555993696397674,0.1368294984953981,0.25208610180951024,0.09504811976129664,0.40041998608958035,0.1481859771358449,0.0,0.0,0,0,0.0,0.0,0,0,-39.47557555001153,1011804,257000,1713,12.8278742449329,1.5244457879889524,1.5211195911251707,15.873439624047023,4303.220141057827,256
0.004335506,0.0038872464,14.261086,-14.333437,11.880627,-0.23754913,-38.519165,-14.342723,11.880708,-0.21439886,-38.46621,-14.360749,11.886197,-0.23066884,-38.516495,0.004335506,0.009178723,0.08162168,1.8932411e-11,0.0038872466,0.007722288,0.049716476,1.5886077e-06,0.082187496,0.79285425,1.0,-1.0,-0.21155050193157232,0.06976884740815575,-0.0968563333905686,-0.4716920911086059,-31.73257528973585,9.792879746209524,-17.500074434427994,-48.635882627243554,0.1674576,0.56031954,1.0,-1.0,7,-0.2266256795985365,0.08116096602221504,-0.08876248165776107,-0.48187403474654733,-33.99385193978048,11.07220631019279,-18.27994848058596,-54.291507026540565,0.15193546446964437,0.5610632172277585,1.0,-1.0,0.20632689595594814,0.08824067582481641,0.34943752763349895,0.059711421083726075,0.21324826676760475,0.09115145028507568,0.3490145307462008,0.08021613419122332,0.8904761904761904,0.31229528442037324,1.0,0.0,1.0,0.0,1.0,1.0,0.004761904761904762,0.06884205854667123,1.0,0.0,0.0,0.0,0.0,0.0,0.0,0.0,0.0,0.0,0.0,0.0,0.0,0.0,0.006666666666666667,0.08137703743822466,1.0,0.0,0.0,0.0,0.0,0.0,0.034877607906808474,0.03023936111018092,0.22082703396397338,0.005876669494580646,0.02550368063762393,0.007838658522868884,0.0376271353225733,0.01787696418778775,0.17667289402476388,0.05946851090490423,0.2508650571446325,0.05976371227261759,0.17695496913172468,0.05897042706768046,0.2508619630723311,0.07810555597732362,0.21155050193157232,0.06976884740815575,0.4716920911086059,0.0968563333905686,0.20245864976934858,0.06114767678454279,0.2884890983949044,0.09725795150658822,0.0,0.0,0,0,0.0,0.0,0,0,-31.73257528973585,1015804,258000,1720,12.582633527970756,1.4851545290002832,1.5223051418288378,15.590093198799877,4318.844421704605,257
0.011251378,0.008707086,15.431134,-15.534682,13.214565,-0.46336484,-42.027885,-15.527678,13.218098,-0.4379778,-41.942444,-15.564398,13.265044,-0.44698265,-42.094337,0.011251378,0.031393137,0.31242824,5.820766e-11,0.008707086,0.023520451,0.24078205,2.0305038e-07,0.023473322,0.77609354,1.0,-1.0,-0.18448744706130774,0.06989413144495217,-0.03834069413991593,-0.3842553391336192,-27.673117059196162,9.950113722924202,-6.525702010318315,-38.403514882948166,0.22033973,0.54667306,1.0,-1.0,6,-0.19969429440622677,0.060957427429723224,-0.086425531634069,-0.3886049204001746,-29.954144160934018,8.168302700257504,-17.10884171113539,-41.45764113563951,0.19069373037655307,0.5779530707203209,1.0,-1.0,0.18414968115948255,0.056518266218765614,0.2905561325988549,0.06028510049887163,0.19295947625260015,0.053178515523517406,0.2905561325988549,0.14329614139224464,0.9057142857142857,0.29222580031090156,1.0,0.0,1.0,0.0,1.0,1.0,0.14285714285714285,0.3499271061118826,1.0,0.0,0.14285714285714285,0.34992710611188266,1.0,0.0,0.14,0.34698703145794946,1.0,0.0,0.14285714285714285,0.34992710611188266,1.0,0.0,0.0,0.0,0.0,0.0,0.0,0.0,0.0,0.0,0.028548594431405408,0.023885194331086487,0.21246978261353636,0.005196601187635957,0.021213282417602557,0.008698342635024265,0.03407185072849525,0.0066692077457509245,0.15593885262990234,0.06149321542026963,0.225402626322401,0.03151620638657531,0.155938844625225,0.06149320830646655,0.22539899213133716,0.03151620638657531,0.18448744706130774,0.06989413144495217,0.3842553391336192,0.03834069413991593,0.17715212704282757,0.06611440933442478,0.2594708428598324,0.04241834572238196,0.0,0.0,0,0,0.0,0.0,0,0,-27.673117059196162,1019804,259000,1726,12.513033285053098,1.519930345006287,1.5147493450931506,15.547712975152535,4334.380693038795,258
0.005621511,0.007820007,14.946497,-15.022249,12.832479,-0.6085539,-42.58944,-15.004049,12.837336,-0.61203974,-42.54932,-15.033616,12.830261,-0.6231253,-42.632942,0.0056215115,0.010469934,0.06488943,9.818186e-07,0.007820008,0.015073554,0.08314633,2.6699618e-06,-0.01454851,0.8059003,1.0,-1.0,-0.24870538743124315,0.09667299535124398,-0.0514678083545314,-0.5315041959507742,-37.305808114686464,13.95278165260837,-8.422301146364175,-57.53160096070773,0.06767871,0.67674863,1.0,-1.0,7,-0.17481798930943934,0.06592467903048627,-0.043170857447368066,-0.3663929278328242,-26.222698396415897,7.8629799113051115,-14.390060244609788,-35.231106157360244,0.20097996175865745,0.5165281678299773,1.0,-1.0,0.21933933710297496,0.07633528754362505,0.3492605685137681,0.06766702552695636,0.22902461070697183,0.08404871451672369,0.3391913057545579,0.06794058247293261,0.8266666666666667,0.3785351884420904,1.0,0.0,1.0,0.0,1.0,1.0,0.14285714285714285,0.3499271061118826,1.0,0.0,0.14285714285714285,0.34992710611188266,1.0,0.0,0.13714285714285715,0.34399810156096944,1.0,0.0,0.14285714285714285,0.34992710611188266,1.0,0.0,0.0,0.0,0.0,0.0,0.0,0.0,0.0,0.0,0.04352274584561443,0.03092814822874875,0.22227182896173361,0.012660343397440682,0.024578578160084158,0.007853157292481438,0.03887707430088418,0.013012980195940436,0.20518264158562868,0.08316536870217818,0.30923236698904066,0.029611890330976,0.2051099503665937,0.0833134522254173,0.30922994277478844,0.02961189070488547,0.24870538743124315,0.09667299535124398,0.5315041959507742,0.0514678083545314,0.22968852852667793,0.08207123850628252,0.325755331804676,0.052534451788121626,0.0,0.0,0,0,0.0,0.0,0,0,-37.305808114686464,1023804,260000,1733,13.283861161879031,1.5083711170009337,1.6692530622385675,16.461485341118532,4350.924519444918,259
0.00782599,0.0074473843,13.77276,-13.902906,12.204708,-0.5064127,-44.831284,-13.906918,12.20657,-0.5011602,-44.726482,-13.86629,12.192419,-0.44533363,-44.779137,0.007825989,0.022135746,0.21958354,7.236522e-07,0.0074473843,0.023725104,0.24995804,1.6660488e-07,-0.08244398,0.79525906,1.0,-1.0,-0.19699971718753503,0.059132623900098984,-0.07193849938964454,-0.36737589807085524,-29.549957578130254,8.378609172386861,-12.811193223649246,-39.8156703451399,0.11195084,0.540571,0.9999966,-1.0,7,-0.2383798543548433,0.08132440689624534,-0.07235295963441274,-0.4240027541738318,-35.75697815322649,10.783744475399534,-18.311289881071552,-48.17552381300556,0.27548374279319143,0.5360132706191187,1.0,-1.0,0.20789809312340568,0.06682793416591114,0.297931480085374,0.09219317996012923,0.20826924681568554,0.06885293204838912,0.29352477990527653,0.09364803272329898,0.9066666666666666,0.29089898972361905,1.0,0.0,1.0,0.0,1.0,1.0,0.0,0.0,0.0,0.0,0.0,0.0,0.0,0.0,0.0,0.0,0.0,0.0,0.0,0.0,0.0,0.0,0.0,0.0,0.0,0.0,0.0,0.0,0.0,0.0,0.03599505545909658,0.02274405210923706,0.16438786288369758,0.0037774252085340096,0.02996911534597244,0.010539725280115719,0.043441902581738225,0.00968635105955729,0.16100466172843847,0.05261390139806831,0.23042260898248723,0.06816107418111052,0.16100464738172057,0.05261390051001836,0.23041963837069668,0.06816107418111055,0.19699971718753503,0.059132623900098984,0.36737589807085524,0.07193849938964454,0.190973762727693,0.059522381874069316,0.26582609779940286,0.07784742524066783,0.0,0.0,0,0,0.0,0.0,0,0,-29.549957578130254,1027804,261000,1740,13.836992957993061,1.5912339690112276,1.6917818152869586,17.120008742291247,4368.040848581222,260
0.007790833,0.004135051,14.160125,-14.288351,12.0711975,-0.3842525,-44.902218,-14.242661,12.047245,-0.39730418,-44.72911,-14.240394,12.044916,-0.40386304,-44.647163,0.0077908332,0.013738856,0.087357335,2.1129745e-07,0.004135051,0.010162727,0.07566046,9.351388e-07,-0.035305366,0.7988103,1.0,-1.0,-0.2716526091086708,0.11895042253636551,-0.013105324393536923,-0.5266629061937409,-40.747891366300614,17.293382115786624,-3.212511350201452,-54.92155869850813,0.28572115,0.5338597,1.0,-0.9999999,6,-0.2280393781523985,0.06508005636939015,-0.10819768654625715,-0.39187751311166263,-34.20590672285977,8.620461865773239,-19.183365936386494,-48.589888991592126,0.14233421593605866,0.576761687139522,1.0,-1.0,0.2937811696309873,0.055465079270834196,0.3692993263018701,0.17676862078533107,0.30053433242399497,0.06074211857454136,0.3684946723598569,0.19213212210611663,0.8076190476190476,0.3941706756494579,1.0,0.0,1.0,0.0,1.0,1.0,0.14285714285714285,0.34992710611188255,1.0,0.0,0.14285714285714285,0.34992710611188266,1.0,0.0,0.14095238095238094,0.3479724231260803,1.0,0.0,0.14285714285714285,0.34992710611188266,1.0,0.0,0.0,0.0,0.0,0.0,0.0,0.0,0.0,0.0,0.03825534947472143,0.033873951502251975,0.190249600617289,0.002502436242808525,0.024514099132787237,0.008861511710335815,0.03784235685579269,0.01421685838614411,0.23339725963394933,0.10540098551083403,0.339979942886509,0.006155613132411003,0.23339724788602964,0.10540098003243865,0.33997773377826634,0.006155613132411003,0.2716526091086708,0.11895042253636551,0.5266629061937409,0.013105324393536923,0.25791134701881685,0.10746242978401693,0.36035634584175114,0.026505979763276236,0.0,0.0,0,0,0.0,0.0,0,0,-40.747891366300614,1031804,262000,1746,13.30232714615704,1.5876989410026,1.6136685082456097,16.50369459540525,4384.465723651636,261
0.007248791,0.006945625,14.215189,-14.261501,12.496464,-0.28373003,-42.518734,-14.263166,12.493733,-0.3297413,-42.58015,-14.29137,12.51811,-0.34294614,-42.684807,0.007248791,0.017146435,0.14346878,1.19183824e-07,0.006945625,0.013240786,0.080704845,8.022409e-07,0.08041319,0.7803986,1.0,-1.0,-0.18949434054651107,0.053293878675333674,-0.07247945582958076,-0.3688899658681143,-28.424151081976667,7.398268866435096,-13.503165039499526,-37.46950422347353,0.090651855,0.5349556,0.99999726,-1.0,7,-0.2839930542915972,0.05810677181309569,-0.1575925550175321,-0.4449253574057388,-42.59895814373957,7.05955488584428,-27.137458982302004,-50.06063412414675,0.24330033445218097,0.58959509503517,1.0,-1.0,0.21916883726794106,0.039969924952879536,0.2999510881887836,0.1492432524165785,0.22042006459140026,0.03839992427323541,0.28771813870112745,0.1566915139297662,0.9276190476190476,0.2591176375960901,1.0,0.0,1.0,0.0,1.0,1.0,0.0,0.0,0.0,0.0,0.0,0.0,0.0,0.0,0.0,0.0,0.0,0.0,0.0,0.0,0.0,0.0,0.0,0.0,0.0,0.0,0.0,0.0,0.0,0.0,0.023466498607209296,0.021320152031390104,0.15294095934434368,0.003525219886363004,0.014626194188686218,0.006335867793046213,0.02461966330216235,0.0038721676131695665,0.16602784193930178,0.04708696103429191,0.21855171224863548,0.06895423594321776,0.16602783138497718,0.04708695358047162,0.21854864653496356,0.06895423594321776,0.18949434054651107,0.053293878675333674,0.3688899658681143,0.07247945582958076,0.18065402557366342,0.04694955675311086,0.2369482751200448,0.08502435369973474,0.0,0.0,0,0,0.0,0.0,0,0,-28.424151081976667,1035804,263000,1753,12.802502732127323,1.509065838996321,1.5236340902629308,15.835202661386575,4400.304928196041,262
0.0051996056,0.0038417184,14.359339,-14.438888,12.305595,-0.81684184,-41.712067,-14.458504,12.328404,-0.8125659,-41.79795,-14.458647,12.324315,-0.7914199,-41.733036,0.005199605,0.00891786,0.049265426,6.148184e-10,0.0038417182,0.0076939985,0.055245012,7.5729645e-09,-0.013122946,0.7789723,1.0,-1.0,-0.250652666778613,0.06574473685129628,-0.16311956572947428,-0.4961748456652903,-37.59790001679195,8.797563547268666,-28.16149378102979,-52.22377886427842,-0.05393442,0.5167057,0.9998519,-1.0,7,-0.22290753439079686,0.06455159745406838,-0.0978637524463736,-0.42077089499916165,-33.43613015861953,7.7299657653836515,-22.481820691437857,-47.365587643779946,0.09424608792007058,0.5608567012131507,1.0,-1.0,0.21100337922793225,0.041491705696720095,0.2919945846860931,0.09390117353611076,0.2240273874351273,0.04050153684026084,0.28871684058129127,0.16621728594704607,0.8095238095238095,0.39267672624930106,1.0,0.0,1.0,0.0,1.0,1.0,0.0,0.0,0.0,0.0,0.0,0.0,0.0,0.0,0.0,0.0,0.0,0.0,0.0,0.0,0.0,0.0,0.0,0.0,0.0,0.0,0.0,0.0,0.0,0.0,0.046360810607623565,0.0327906583966315,0.21692319675556537,0.005963756812116615,0.028072815060021166,0.010920259855431252,0.04616930969562105,0.018997878489835522,0.20429185617098944,0.04931645109445604,0.2792516489097249,0.1448094046689868,0.20429184821819177,0.04931645034113678,0.2792508241278418,0.14480940466898684,0.250652666778613,0.06574473685129628,0.4961748456652903,0.16311956572947428,0.23236466327821295,0.05561970613202667,0.31770314677398076,0.16380728315882237,0.0,0.0,0,0,0.0,0.0,0,0,-37.59790001679195,1039804,264000,1760,12.9234510261158,1.513823504006723,1.5704388599988306,16.007713390121353,4416.338668447177,263
0.00828065,0.0056725945,15.207779,-15.306086,12.802969,-0.7228139,-46.56932,-15.3252535,12.823439,-0.73506975,-46.592434,-15.301022,12.81105,-0.73904586,-46.431038,0.00828065,0.025666298,0.22160947,4.9587698e-08,0.005672594,0.012117415,0.06833058,8.469442e-09,-0.02870213,0.77666783,1.0,-1.0,-0.21480756336742735,0.04968211948240582,-0.12212354689847739,-0.4035631928814019,-32.22113450511411,6.575174897834609,-21.305731624891084,-42.4136079402203,0.11143479,0.5375674,1.0,-1.0,6,-0.25785177956015287,0.07671972769050651,-0.08788165028402248,-0.4762419942912405,-38.677766934022934,10.529878981885448,-20.27455143381309,-53.030655424822,0.14698252177200888,0.5369157351164354,1.0,-1.0,0.25814752966317556,0.04825712347435864,0.33719241135367267,0.10189902686590674,0.2649354944394664,0.04166394309885012,0.3371026487483104,0.20975317646221495,0.878095238095238,0.3271757798641355,1.0,0.0,1.0,0.0,1.0,1.0,0.0,0.0,0.0,0.0,0.0,0.0,0.0,0.0,0.0,0.0,0.0,0.0,0.0,0.0,0.0,0.0,0.0,0.0,0.0,0.0,0.0,0.0,0.0,0.0,0.030598980021808612,0.025549526829171165,0.16526621997162186,0.004210655678713546,0.023443944441604192,0.007798870806591282,0.03220169541618874,0.012713958156800759,0.1842085833456187,0.04367394835556568,0.2552998524763787,0.11191069260225316,0.18420857841056462,0.0436739443271876,0.25529911659675386,0.11191069260225316,0.21480756336742735,0.04968211948240582,0.4035631928814019,0.12212354689847739,0.2076525228521688,0.042822575332428864,0.2680130747535546,0.13613904024219337,0.0,0.0,0,0,0.0,0.0,0,0,-32.22113450511411,1043804,265000,1766,12.741197890805779,1.5401916810078546,1.5488761440792587,15.830265715892892,4432.100825985079,264
0.0059637986,0.0061928793,13.728767,-13.803695,11.673793,-0.9472059,-39.950554,-13.810799,11.672233,-0.94742095,-39.914635,-13.843165,11.694537,-0.9449288,-39.98969,0.0059637986,0.012206447,0.102097295,1.10064335e-07,0.0061928798,0.014321851,0.12738253,1.2930843e-07,-0.017562445,0.7894743,1.0,-1.0,-0.25528927144063346,0.11478360166621362,-0.05628661499005423,-0.5198186105925741,-38.29339071609501,16.48842467013906,-10.045546393778563,-56.2075787154631,0.08878668,0.6023154,1.0,-1.0,7,-0.17036579064473303,0.07077088480300249,-0.06708596703897728,-0.350530641851019,-25.554868596709955,9.795031458357276,-12.604509637840042,-38.57747073601326,0.14318489906224854,0.5225078388791566,1.0,-1.0,0.23611704001610062,0.07362583596572475,0.3526254808292999,0.11888632558858774,0.24370767529006862,0.08081554642157886,0.34869463314717786,0.1570653159627547,0.8561904761904762,0.35089648711721494,1.0,0.0,1.0,0.0,1.0,1.0,0.14285714285714285,0.34992710611188255,1.0,0.0,0.14285714285714285,0.3499271061118826,1.0,0.0,0.08476190476190476,0.2785270619940521,1.0,0.0,0.14285714285714285,0.3499271061118826,1.0,0.0,0.0,0.0,0.0,0.0,0.0,0.0,0.0,0.0,0.04003402508489498,0.037576548643986414,0.21880892948131023,0.0057979105022173015,0.022270970684284797,0.009814716707029257,0.04026621634950069,0.008266546683571723,0.21525524635573842,0.1000116551572589,0.34467420061839277,0.048020068306482505,0.2152552368695376,0.10001165024618884,0.34467242724885433,0.048020068306482505,0.25528927144063346,0.11478360166621362,0.5198186105925741,0.05628661499005423,0.23752620755382242,0.1062708272502302,0.3699598691815497,0.05628661499005423,0.0,0.0,0,0,0.0,0.0,0,0,-38.29339071609501,1047804,266000,1773,13.098522007174324,1.4721024169994052,1.5983826240553753,16.169007048229105,4448.357489057322,265
0.0039177556,0.003651329,13.817896,-13.89916,11.573477,-0.48461598,-45.4569,-13.923096,11.580148,-0.4343664,-45.55222,-13.902156,11.563821,-0.5002702,-45.517124,0.0039177556,0.0070975414,0.038313303,5.2532414e-09,0.0036513289,0.0052032904,0.024565842,7.187852e-08,-0.10999536,0.7820099,1.0,-1.0,-0.1510112299123237,0.07859373455741533,-0.0299299468128232,-0.3893260927153958,-22.651684486848556,11.242111806385513,-5.392049680430493,-41.382606182553275,-0.028843395,0.5023242,0.99982756,-1.0,7,-0.22082920120006785,0.06795337630830597,-0.08623453873209637,-0.3930910622293672,-33.12438018001017,9.00750567617664,-16.807049676549187,-42.99297067962593,0.04196259495496865,0.5608643378688479,1.0,-1.0,0.16658413189810256,0.06287795487755032,0.29638224908026345,0.07725055365045815,0.1634752655669209,0.06470329259202218,0.28505772570461196,0.07744813203488338,0.8885714285714286,0.3146621122695886,1.0,0.0,1.0,0.0,1.0,1.0,0.2857142857142857,0.45175395145262565,1.0,0.0,0.2857142857142857,0.45175395145262565,1.0,0.0,0.14,0.3469870314579494,1.0,0.0,0.14285714285714285,0.34992710611188266,1.0,0.0,0.0,0.0,0.0,0.0,0.0,0.0,0.0,0.0,0.029238630746904574,0.026558303951788386,0.17412042767238753,0.0029624335314573924,0.01882460267309227,0.006863399750865979,0.030526827174819037,0.00936945044548238,0.12177259916541913,0.06842952907945554,0.239748594918592,0.022052899004970677,0.12154520715437969,0.06875340484897038,0.23974571097062372,0.022052899004970677,0.1510112299123237,0.07859373455741533,0.3893260927153958,0.0299299468128232,0.14036980982747196,0.07046916769990662,0.26064750865800457,0.03271178771022477,0.0,0.0,0,0,0.0,0.0,0,0,-22.651684486848556,1051804,267000,1780,13.85204445796262,1.5599826440011384,1.6512377933395328,17.06326489530329,4465.420015629643,266
0.0056207315,0.004592803,13.666475,-13.773933,11.806331,-0.24558717,-43.264023,-13.780304,11.832637,-0.21244693,-43.24184,-13.801513,11.833663,-0.23361257,-43.365612,0.005620732,0.010594017,0.072818905,2.7141652e-08,0.004592803,0.008062127,0.051496748,3.988817e-07,-0.09333871,0.7793365,1.0,-1.0,-0.21602554051463305,0.05735761060023954,-0.12964918179825397,-0.45515671151427317,-32.40383107719495,7.85437136361593,-22.144958093183497,-47.16807841115218,-0.032801114,0.49144694,1.0,-1.0,6,-0.2759566462190408,0.09716456289102088,-0.09452070327898365,-0.5065651113278042,-41.39349693285612,14.267827501125144,-16.911470982502188,-58.36135283081519,-0.029364084572136427,0.5666692560783384,1.0,-1.0,0.18342183579093074,0.061264796769779986,0.3175198684673758,0.09843529447393223,0.18810145730148697,0.06860631234814651,0.3175198684673758,0.10396552258010791,0.8723809523809524,0.3336651409779794,1.0,0.0,1.0,0.0,1.0,1.0,0.0,0.0,0.0,0.0,0.0,0.0,0.0,0.0,0.0,0.0,0.0,0.0,0.0,0.0,0.0,0.0,0.0,0.0,0.0,0.0,0.0,0.0,0.0,0.0,0.04065550405793707,0.030226087635948747,0.21193212207300224,0.0010646628772090386,0.032152750269828514,0.012885399406935128,0.04434730699902151,0.0044317129010923,0.17537003645669594,0.04863578211162725,0.24322458944127093,0.10926839674537255,0.17537002088630754,0.04863578321539804,0.24322144430338904,0.10926839674537256,0.21602554051463305,0.05735761060023954,0.45515671151427317,0.12964918179825397,0.20752277115613602,0.04694240589047093,0.28756875130241055,0.14459403804499596,0.0,0.0,0,0,0.0,0.0,0,0,-32.40383107719495,1055804,268000,1786,14.202939804235939,1.560253431001911,1.6659487128490582,17.429141948086908,4482.6992249487375,267
0.0057166386,0.0072581894,13.652109,-13.738378,11.973299,-0.5007862,-40.124588,-13.752445,11.996647,-0.40591598,-40.172768,-13.756572,11.994846,-0.46189225,-40.152187,0.0057166386,0.012898338,0.096194,3.772002e-07,0.00725819,0.021684133,0.17961411,1.9496747e-07,-0.14094439,0.7957875,1.0,-1.0,-0.19126534619111113,0.08011755122831386,-0.08455059512885964,-0.5234916641965792,-28.689801928666665,11.000861282699452,-15.872341243381687,-52.30336439740972,0.05744341,0.5604156,1.0,-1.0,7,-0.32575887223388633,0.06968687689198648,-0.13317180162930137,-0.5370408413344314,-48.863830835082936,6.527729070893293,-35.80285821539238,-57.9161085243623,-0.041776672535813165,0.5879851138760409,1.0,-1.0,0.1928197444560253,0.07705864916445385,0.3400025049333412,0.09387000066869654,0.19974361223384568,0.08161137191149699,0.3389913805095416,0.10183207370890092,0.8171428571428572,0.386549360578006,1.0,0.0,1.0,0.0,1.0,1.0,0.0,0.0,0.0,0.0,0.0,0.0,0.0,0.0,0.0,0.0,0.0,0.0,0.0,0.0,0.0,0.0,0.0,0.0,0.0,0.0,0.0,0.0,0.0,0.0,0.043164121003249824,0.03412653894210099,0.22021245176745444,0.0044381516337682345,0.02327781383540676,0.01214416589975088,0.04068893344854389,0.006665764593518405,0.14810122518786129,0.07231537665638138,0.3032792124291248,0.07493051190626948,0.14810121528206507,0.07231538006999759,0.3032790977282904,0.07493051190626948,0.19126534619111113,0.08011755122831386,0.5234916641965792,0.08455059512885964,0.1713790291174718,0.06969653589256142,0.30994486232180884,0.09412343352019258,0.0,0.0,0,0,0.0,0.0,0,0,-28.689801928666665,1059804,269000,1793,14.239701800906914,1.41077922200202,1.70096637198003,17.351447394888964,4499.9859843156155,268
0.00880222,0.008129669,14.652824,-14.73683,12.6360445,-0.61214674,-42.775833,-14.707569,12.632737,-0.61624837,-42.7631,-14.721761,12.625475,-0.71369976,-42.837643,0.008802219,0.024604531,0.24292493,8.734787e-09,0.008129669,0.034043446,0.37673646,3.6817655e-06,-0.009726271,0.7781648,1.0,-1.0,-0.24334982107460965,0.09286027807971595,-0.08912285727522602,-0.49401824755752,-36.502473161191446,13.387095742490835,-15.657747972107696,-51.621854968673155,-0.14977853,0.59230685,0.9999995,-1.0,7,-0.28089259210821055,0.07800263503854934,-0.11863480084163439,-0.5079900527030563,-42.13388881623156,10.239150676926831,-21.86034857069748,-54.50747186602538,0.19734786847428132,0.5747192865727077,1.0,-1.0,0.26789991816676234,0.08840235939632873,0.394199358698787,0.09848760074771667,0.27667827665979966,0.08949519229935635,0.39398441814818147,0.13057105268683433,0.9114285714285715,0.28412414647869144,1.0,0.0,1.0,0.0,1.0,1.0,0.0,0.0,0.0,0.0,0.0,0.0,0.0,0.0,0.0,0.0,0.0,0.0,0.0,0.0,0.0,0.0,0.0,0.0,0.0,0.0,0.0,0.0,0.0,0.0,0.03871160766421804,0.03007300821975569,0.21332232341824706,0.0008821547897221938,0.032272637329360455,0.014402743317683032,0.051720620122308957,0.008245801246760937,0.2046382134103916,0.07794015749345332,0.3080372544767967,0.08824070248550382,0.20463820343559197,0.07794015518745481,0.30803676342620107,0.08824070248550382,0.24334982107460965,0.09286027807971595,0.49401824755752,0.08912285727522602,0.23691084076495245,0.09013079118526729,0.34612857043668743,0.09648650373226476,0.0,0.0,0,0,0.0,0.0,0,0,-36.502473161191446,1063804,270000,1800,13.847515323766856,1.3465081400063355,1.6349415869626682,16.82896505073586,4516.860804535318,269
0.011879826,0.010277912,14.399149,-14.507864,12.184789,-0.90057606,-43.206787,-14.541653,12.207734,-0.91035366,-43.244167,-14.541822,12.194112,-0.83571136,-43.137733,0.011879826,0.03894535,0.40355995,4.8268e-07,0.010277911,0.03121323,0.32580674,7.66453e-07,-0.16952486,0.7892888,1.0,-1.0,-0.2121920077455711,0.07772115303971998,-0.08365045302515939,-0.4095890212352282,-31.828801161835663,11.262564383149558,-15.682389195201141,-50.65895883323026,0.01365691,0.45451292,1.0,-1.0,6,-0.23258466270204936,0.10283338103328114,-0.0969992717920357,-0.5124603163527175,-34.88769940530741,14.648270209812072,-18.104745532664793,-57.13314550158504,0.096984288944937,0.5499013246197876,1.0,-1.0,0.23323262546061668,0.06304958076549012,0.3176881854423574,0.11993766520976704,0.2371884247706574,0.06005613202050016,0.31623738207512236,0.1583176612214329,0.9314285714285714,0.2527239358570969,1.0,0.0,1.0,0.0,1.0,1.0,0.0,0.0,0.0,0.0,0.0,0.0,0.0,0.0,0.0,0.0,0.0,0.0,0.0,0.0,0.0,0.0,0.0,0.0,0.0,0.0,0.0,0.0,0.0,0.0,0.030081980606822295,0.02472211652231934,0.16653871038639093,0.0017420481328282516,0.02457545779610097,0.01777265668921651,0.05991253436261632,0.00717919715113673,0.1821100271387488,0.06295703194347269,0.2795973163140303,0.08024414176609847,0.18211001906702604,0.06295702569720651,0.2795941648143707,0.08024414176609847,0.2121920077455711,0.07772115303971998,0.4095890212352282,0.08365045302515939,0.20668547686312702,0.07941607689557248,0.33950669917698706,0.0874233389172352,0.0,0.0,0,0,0.0,0.0,0,0,-31.828801161835663,1067804,271000,1806,14.238673692801967,1.392051396003808,1.6465644519921625,17.277289540797938,4534.203654832163,270
0.010519858,0.0073025287,15.527041,-15.654417,13.327343,-0.47060025,-45.89542,-15.666971,13.335783,-0.45522618,-45.924484,-15.702578,13.363638,-0.4411127,-45.852676,0.010519858,0.023499534,0.18009298,1.00474736e-07,0.0073025282,0.01739543,0.15989138,7.558448e-07,-0.021097513,0.77440506,1.0,-1.0,-0.17551664566888842,0.11918060658000684,-0.02485604304996421,-0.5410898169349329,-26.32749685033326,17.52527974994957,-7.0385101629992155,-55.21747450751302,-0.1618779,0.61340135,1.0,-1.0,7,-0.2267879200215043,0.06302054336557704,-0.13787475625535356,-0.5327710720533043,-34.01818800322564,4.433202017076931,-27.450467890986097,-40.82081294084054,0.059993793545772035,0.5627830427328879,1.0,-1.0,0.18248031662378503,0.09729534785101161,0.36396398985672307,0.031116736686367445,0.18548312307590695,0.10083081948155448,0.36238515851681274,0.043054547006430834,0.8980952380952381,0.30252302624080646,1.0,0.0,1.0,0.0,1.0,1.0,0.42857142857142855,0.49487165930539345,1.0,0.0,0.42857142857142855,0.49487165930539345,1.0,0.0,0.10666666666666667,0.30868898407440604,1.0,0.0,0.14285714285714285,0.3499271061118826,1.0,0.0,0.10285714285714286,0.3037722025143317,1.0,0.0,0.14285714285714285,0.3499271061118826,1.0,0.0,0.037297392459779546,0.02634292719766092,0.2123903221527902,0.007248843404116714,0.029669002678255903,0.013830871466530278,0.047250812800384664,0.013438661378864476,0.13821925320910888,0.10857555790652593,0.32869949478214266,0.007896155894713236,0.13828563978146405,0.10849316354860253,0.3286992022359479,0.019127373086055638,0.17551664566888842,0.11918060658000684,0.5410898169349329,0.02485604304996421,0.16795464245971997,0.11505236691133792,0.35924667404244287,0.03256603446492011,0.0,0.0,0,0,0.0,0.0,0,0,-26.32749685033326,1071804,272000,1813,13.64090735425998,1.4589292790042236,1.6309711778740166,16.73080781113822,4550.9878187152935,271
0.0029051176,0.003694987,13.749701,-13.839388,11.546159,-0.19819981,-37.608223,-13.830864,11.544586,-0.2780332,-37.5188,-13.84149,11.554306,-0.21054173,-37.601574,0.0029051173,0.0047996594,0.02257204,9.1754956e-08,0.0036949867,0.0055748345,0.02843049,1.4901161e-08,-0.1730172,0.7834649,1.0,-1.0,-0.1781760303756482,0.08700322867995433,-0.03448642658212606,-0.3633494700826864,-26.726404556347227,12.222056127690612,-10.023241882221733,-41.17508410302312,0.064219765,0.4655335,0.9999997,-1.0,7,-0.19821220720010976,0.07514868605227498,-0.07380882768858542,-0.4031148301086288,-29.731831080016466,10.207477782718994,-13.595572926919541,-42.747417057224716,-0.13471582941026142,0.5419262731592643,1.0,-1.0,0.1726364725697336,0.03262253954825028,0.2474393045090025,0.11424850238322151,0.1748287983010046,0.032495985307618484,0.21687197494830182,0.12078658468214075,0.8704761904761905,0.3357787847530714,1.0,0.0,1.0,0.0,1.0,1.0,0.2857142857142857,0.45175395145262565,1.0,0.0,0.2857142857142857,0.4517539514526256,1.0,0.0,0.09238095238095238,0.2895629672767921,1.0,0.0,0.14285714285714285,0.34992710611188266,1.0,0.0,0.0,0.0,0.0,0.0,0.0,0.0,0.0,0.0,0.03472380315522523,0.033981029784066294,0.17141174741197365,0.003769956642833179,0.021453663317405364,0.016955994757200433,0.05522254759063801,0.007223600159214043,0.14345222722042295,0.08310853138475713,0.24799787762035258,0.02936256701702996,0.14345222180460562,0.08310852912843808,0.24799787758605985,0.02936256701702996,0.1781760303756482,0.08700322867995433,0.3633494700826864,0.03448642658212606,0.16490588512201093,0.09023723457556504,0.26854942665509934,0.03836192622557627,0.0,0.0,0,0,0.0,0.0,0,0,-26.726404556347227,1075804,273000,1820,12.795106554200174,1.5114799900038633,1.5873000990541186,15.893886643258156,4566.83982993754,272
0.005102846,0.004170416,14.010854,-14.101454,11.86593,-0.8541753,-41.17267,-14.100309,11.871765,-0.8498097,-41.19023,-14.124235,11.8696,-0.857534,-41.2111,0.005102846,0.012053228,0.0954374,1.4780177e-07,0.0041704155,0.011136651,0.10073185,2.2582644e-06,-0.007052752,0.75586003,1.0,-1.0,-0.18742303496667745,0.09453421578239886,-0.05908764110310355,-0.4065412089155247,-28.113455245001624,13.41386593280953,-9.905448507827764,-50.65666313720032,0.04868141,0.49219084,1.0,-1.0,6,-0.22009975935214895,0.07772884031645735,-0.08517569423155216,-0.4438069304788621,-33.014963902822345,11.181990460327116,-18.59839595603337,-49.738333017789316,0.0903364424152885,0.5054822952790715,1.0,-1.0,0.26008689426346704,0.04479827754306215,0.33174540389427126,0.15901707294826103,0.268756818345166,0.04679483049063526,0.33092938772206487,0.20458433495260284,0.7171428571428572,0.4503875881858166,1.0,0.0,0.8571428571428571,0.3499271061118826,1.0,0.0,0.14285714285714285,0.3499271061118826,1.0,0.0,0.14285714285714285,0.3499271061118826,1.0,0.0,0.004761904761904762,0.06884205854667123,1.0,0.0,0.0,0.0,0.0,0.0,0.0,0.0,0.0,0.0,0.0,0.0,0.0,0.0,0.04399850851709157,0.03788139745946238,0.18653944905561154,0.007119047686676227,0.03104134478885282,0.023993454830432137,0.08558512203620096,0.012099168683906711,0.14342452644958592,0.0748341985896662,0.2528551918409981,0.05063535671905173,0.14342452155724777,0.07483419444421657,0.2528551917748003,0.05063535671905173,0.18742303496667745,0.09453421578239886,0.4065412089155247,0.05908764110310355,0.1744658663461006,0.0927891781742912,0.33844031381100126,0.06286685463043337,0.0,0.0,0,0,0.0,0.0,0,0,-28.113455245001624,1079804,274000,1826,12.858864251189516,1.4714787069970043,1.564196276900475,15.894539235086995,4582.784311461626,273
0.008434803,0.0075233732,14.600941,-14.708828,12.509558,-0.7754321,-42.496506,-14.714542,12.506917,-0.75127786,-42.511246,-14.716518,12.524869,-0.74550277,-42.559635,0.008434803,0.050032962,0.5629879,2.9960802e-08,0.0075233732,0.026804693,0.2913554,9.866916e-08,-0.005879538,0.7936516,1.0,-1.0,-0.22770459562294995,0.10190713083045572,-0.12063326368822805,-0.5542887202156683,-34.155689343442496,14.522525501004116,-19.67342928696328,-59.70511791848694,0.05119653,0.5907188,1.0,-0.99999696,7,-0.23679697077534545,0.06650355992059975,-0.13551798903858917,-0.4315576740844888,-35.51954561630182,8.678527767638467,-23.62787383488699,-49.468174962310215,0.10576826522859696,0.5124105235291226,1.0,-1.0,0.22991576088748736,0.07187926200489873,0.3576849708741163,0.1174675242992969,0.23484194814241022,0.08120226668625914,0.3576849708741163,0.1325763692703466,0.8514285714285714,0.3556655158764671,1.0,0.0,1.0,0.0,1.0,1.0,0.0,0.0,0.0,0.0,0.0,0.0,0.0,0.0,0.0,0.0,0.0,0.0,0.0,0.0,0.0,0.0,0.0,0.0,0.0,0.0,0.0,0.0,0.0,0.0,0.04094042222492304,0.03579117500529478,0.2239213011152843,0.002320385496224215,0.023090103739534535,0.013473920800120973,0.03884522115214107,0.0024361439780114028,0.18676417339802692,0.08265269718474111,0.330367419100384,0.11008076578578356,0.18676415893766882,0.08265269361730011,0.33036467141759074,0.11008076578578356,0.22770459562294995,0.10190713083045572,0.5542887202156683,0.12063326368822805,0.20985426267720336,0.08279870495562364,0.33280081539560213,0.12077601769566328,0.0,0.0,0,0,0.0,0.0,0,0,-34.155689343442496,1083804,275000,1833,13.001759204184054,1.5216762390045915,1.5780998459231341,16.10153528911178,4598.880679841735,274
0.0065690633,0.006573878,14.309212,-14.4043865,11.885564,-0.07311058,-40.232635,-14.409189,11.89859,-0.046706855,-40.244743,-14.369078,11.875922,0.010897236,-40.254883,0.0065690633,0.014807413,0.13547456,2.165907e-07,0.0065738787,0.011017921,0.053423118,1.1046018e-07,0.0060938746,0.79512227,1.0,-1.0,-0.24010635857237947,0.09824269677292714,-0.06496051672993172,-0.5540079505853374,-36.015953785856915,14.248489096473511,-13.89267429344565,-54.04503488453858,0.1740797,0.58927155,1.0,-1.0,7,-0.20030386864138808,0.10424140159491438,-0.03701882671441246,-0.45330496789060537,-30.04558029620821,15.008168770986165,-8.085738972495832,-54.65145344404928,0.09239285406945538,0.51674559476754,1.0,-1.0,0.2310241437868357,0.07318037597231704,0.3484156406291227,0.09186888413534126,0.2364854888770354,0.07248686165524727,0.3484156406291227,0.10184140506533013,0.8866666666666667,0.31699982474583305,1.0,0.0,1.0,0.0,1.0,1.0,0.0,0.0,0.0,0.0,0.0,0.0,0.0,0.0,0.0,0.0,0.0,0.0,0.0,0.0,0.0,0.0,0.0,0.0,0.0,0.0,0.0,0.0,0.0,0.0,0.03859765098895168,0.028222224058039574,0.2201286714451389,0.001777767728307144,0.02576470175671325,0.012982010956564644,0.04108179088791209,0.008132480123909632,0.2015087075834278,0.09003159859812504,0.33387927914019844,0.06318274900162457,0.2015086952784218,0.090031598009318,0.33387877353325524,0.06318274900162457,0.24010635857237947,0.09824269677292714,0.5540079505853374,0.06496051672993172,0.22727339703513505,0.09194193302803973,0.345035490722441,0.0713152291255342,0.0,0.0,0,0,0.0,0.0,0,0,-36.015953785856915,1087804,276000,1840,13.603270529827569,1.5156560100003844,1.617717188957613,16.736643728785566,4615.6288640565035,275
0.009659985,0.008151358,13.451769,-13.572641,11.737139,-0.7514139,-46.10193,-13.545438,11.721786,-0.7319736,-46.000587,-13.523708,11.698851,-0.76968414,-46.112453,0.009659985,0.017923092,0.13475384,1.087024e-06,0.008151359,0.023482323,0.2285539,4.274829e-06,0.04473596,0.78470784,1.0,-1.0,-0.2626797475110488,0.08225221940753213,-0.08037103313091076,-0.47905681117474885,-39.401962126657324,12.136306743708566,-12.674001940021641,-51.62853253385354,-0.021087574,0.5670726,1.0,-1.0,6,-0.24286638421696427,0.07643848737595628,-0.10029230253648248,-0.4403158411520939,-36.429957632544635,10.669640027086102,-18.632271282079987,-49.468402423122626,0.049300149566548275,0.5135571518675884,1.0,-1.0,0.210351633307441,0.06808252731823122,0.3046188104321505,0.07590345931536224,0.20796551007408667,0.06984237011378099,0.29872082413545176,0.07676569211405067,0.8047619047619048,0.3963838813648906,1.0,0.0,0.8571428571428571,0.3499271061118826,1.0,0.0,0.14285714285714285,0.34992710611188255,1.0,0.0,0.14285714285714285,0.34992710611188266,1.0,0.0,0.0,0.0,0.0,0.0,0.0,0.0,0.0,0.0,0.0,0.0,0.0,0.0,0.0,0.0,0.0,0.0,0.042263706133732475,0.022445520996823374,0.1726753425347605,0.011812189268735954,0.039813083707198445,0.017096742356934695,0.061671002747571965,0.01801088123531469,0.22041604137731632,0.07551930927613024,0.30638146863998833,0.05745844705630911,0.22041602491720874,0.07551930970925891,0.30637918026230254,0.05745844705630911,0.2626797475110488,0.08225221940753213,0.47905681117474885,0.08037103313091076,0.26022910862440723,0.07959523732510013,0.3452021846481975,0.08260277934835855,0.0,0.0,0,0,0.0,0.0,0,0,-39.401962126657324,1091804,277000,1846,14.075060360206407,1.5273286199953873,1.6758984051120933,17.278287385313888,4632.938168876819,276
0.0063336026,0.0060220193,13.355136,-13.454235,11.853728,-0.3473119,-42.173992,-13.472353,11.871394,-0.33980936,-42.20998,-13.453616,11.855552,-0.295511,-42.17353,0.0063336026,0.012671148,0.0897468,1.1951329e-09,0.0060220193,0.0127742095,0.08627214,1.4551915e-09,0.050160296,0.7889486,1.0,-1.0,-0.3157268744241755,0.10764430871828706,-0.15529412812386625,-0.6669344324613274,-47.35903116362631,15.44532934183092,-27.057394037487867,-78.91389235400707,-0.080427885,0.6111112,1.0,-1.0,7,-0.2569351466360461,0.07792905476508766,-0.13491772376531413,-0.4403209802293598,-38.54027199540691,10.0489868582745,-24.266658389652502,-57.25242998330969,0.06762708940601023,0.5310014754166542,1.0,-1.0,0.24609852634055102,0.0799606334118751,0.43149357873898053,0.0922026543330325,0.2537422070173884,0.08399049218174531,0.425695040935109,0.16212713709831705,0.7914285714285715,0.4062873216765471,1.0,0.0,1.0,0.0,1.0,1.0,0.0,0.0,0.0,0.0,0.0,0.0,0.0,0.0,0.0,0.0,0.0,0.0,0.0,0.0,0.0,0.0,0.0,0.0,0.0,0.0,0.0,0.0,0.0,0.0,0.05729325112314063,0.03864846834905958,0.24960944583425015,0.006636349765323207,0.040110391070838594,0.014255873157951574,0.0599050596738754,0.01615411060049932,0.25843362330103486,0.08315644672259215,0.4173267062857623,0.14865777835854305,0.25843360846591457,0.08315644697480443,0.4173249866270773,0.14865777835854305,0.3157268744241755,0.10764430871828706,0.6669344324613274,0.15529412812386625,0.2985439995367531,0.08447824070889495,0.4422308647238101,0.16481188895904236,0.0,0.0,0,0,0.0,0.0,0,0,-47.35903116362631,1095804,278000,1853,14.3423244451551,1.5591838469990762,1.6960987462953199,17.597607038449496,4650.530568917253,277
0.009291749,0.0048341053,14.831102,-15.026356,12.496672,-0.2330327,-42.51997,-14.9826565,12.477145,-0.20834905,-42.421104,-14.974663,12.464692,-0.15862863,-42.15047,0.009291749,0.020834062,0.14474747,1.4633885e-07,0.0048341057,0.009248066,0.0732426,2.1569576e-08,-0.17127457,0.81020814,1.0,-1.0,-0.25712786406788823,0.07230727133625645,-0.14526794083765043,-0.47842367315139245,-38.56917961018324,9.27753604706392,-23.18492946903569,-48.84396501263722,0.14747244,0.592359,1.0,-1.0,7,-0.2221053704950348,0.06800800172560442,-0.029784906595297866,-0.430045794197209,-33.315805574255215,8.367352754170287,-21.3652854650918,-44.48509599874805,0.062393947424284994,0.5063642656206068,1.0,-1.0,0.23658884167494415,0.057604095948528486,0.32258218955720147,0.1168144289377519,0.24263780180856406,0.06431844672949291,0.32258218955720147,0.128326143903051,0.8057142857142857,0.3956498142426002,1.0,0.0,1.0,0.0,1.0,1.0,0.0,0.0,0.0,0.0,0.0,0.0,0.0,0.0,0.0,0.0,0.0,0.0,0.0,0.0,0.0,0.0,0.0,0.0,0.0,0.0,0.0,0.0,0.0,0.0,0.05023387166265939,0.04120217998328031,0.23568799063513324,0.016024804512420134,0.031007645408417116,0.00609524208240481,0.03872491282048124,0.019556904221517877,0.20689399240522888,0.06057072899799087,0.29370426905660124,0.11476990141482032,0.20689398022221162,0.060570728456147714,0.29370356267803754,0.11476990141482032,0.25712786406788823,0.07230727133625645,0.47842367315139245,0.14526794083765043,0.23790162563062875,0.058342761641541244,0.3193829476769727,0.14976872438335614,0.0,0.0,0,0,0.0,0.0,0,0,-38.56917961018324,1099804,279000,1860,13.77414575671719,1.5537631189945387,1.6462854569108458,16.974194332622574,4667.499289473868,278
0.004532953,0.0047116242,14.19128,-14.300963,12.054592,0.013237655,-45.82959,-14.301398,12.0567465,0.037769854,-45.88544,-14.302222,12.05017,0.03155289,-45.922672,0.004532953,0.0073237093,0.037944958,8.986135e-07,0.0047116242,0.008190513,0.054496203,8.2949555e-08,0.14563718,0.77162313,1.0,-1.0,-0.21707874114727432,0.07373864366130482,-0.11939916834769744,-0.4313788380633079,-32.56181117209115,10.858057447995359,-19.552955024569656,-48.50804303544797,-0.12384244,0.50590223,0.9999986,-1.0,6,-0.23338269170114045,0.0628996619831316,-0.14613047140068053,-0.37188518084368316,-35.007403755171076,9.013587663014366,-24.484127591267075,-45.693653513277056,0.042726590863820586,0.5431217522597851,1.0,-1.0,0.22027752844282894,0.06388097110626402,0.30494020078602135,0.10594606936806565,0.2234119141235995,0.06601105851230571,0.30326676490368815,0.10867241940116439,0.9361904761904762,0.24441331485973838,1.0,0.0,1.0,0.0,1.0,1.0,0.0,0.0,0.0,0.0,0.0,0.0,0.0,0.0,0.0,0.0,0.0,0.0,0.0,0.0,0.0,0.0,0.0,0.0,0.0,0.0,0.0,0.0,0.0,0.0,0.034949809597697994,0.01751440498759372,0.16389854471630153,0.009983325494963636,0.032337930322476484,0.011879479131907083,0.05851494397279213,0.015772257573404617,0.18212893154957638,0.06464433076625,0.2674802933470064,0.1094158428527338,0.1821289132604981,0.06464432546544767,0.26747690074450275,0.1094158428527338,0.21707874114727432,0.07373864366130482,0.4313788380633079,0.11939916834769744,0.21446684358297455,0.07248341658074951,0.32599184471729487,0.12518810042613843,0.0,0.0,0,0,0.0,0.0,0,0,-32.56181117209115,1103804,280000,1866,14.48827741011337,1.548669602998416,1.6898908240254968,17.726837837137282,4685.255534623007,279
0.0037442427,0.00591533,14.515018,-14.599227,12.440765,-0.4384802,-46.83813,-14.623382,12.448288,-0.4548009,-46.785244,-14.606228,12.43715,-0.5182925,-46.937634,0.0037442422,0.010647641,0.105402455,5.3043777e-08,0.00591533,0.014479322,0.09304729,1.53114e-08,-0.039943866,0.78635305,1.0,-1.0,-0.18882149773093465,0.10881268378584003,-0.08648257385390648,-0.5718805493711467,-28.3232246596402,15.620650140945509,-14.653858169386902,-61.84449315321499,-0.10738505,0.56471205,1.0,-1.0,7,-0.21365345349286474,0.05186139673160232,-0.11940482354577495,-0.39542308852689523,-32.04801802392972,4.880390030830831,-23.264776581873114,-36.95257306050791,0.04606165807915646,0.5451505960929323,1.0,-1.0,0.18904652057161425,0.06550449791440982,0.3123792734006183,0.08730198659013244,0.18780838844083,0.06587697128647856,0.30809629992264415,0.1192388095366039,0.8352380952380952,0.37096552333220106,1.0,0.0,1.0,0.0,1.0,1.0,0.0,0.0,0.0,0.0,0.0,0.0,0.0,0.0,0.0,0.0,0.0,0.0,0.0,0.0,0.0,0.0,0.0,0.0,0.0,0.0,0.0,0.0,0.0,0.0,0.04472071741147981,0.039654836781632105,0.25772950235263464,0.008776389133448546,0.028430250199800115,0.004948469914468815,0.03308054649159045,0.017753219002845124,0.14410078031945486,0.08295314308513839,0.3141510470185121,0.07770618472045794,0.1441007667642398,0.08295313893272913,0.3141485030186909,0.07770618472045794,0.18882149773093465,0.10881268378584003,0.5718805493711467,0.08648257385390648,0.17253101696403994,0.08528991068900262,0.3460254696128415,0.09545940372330307,0.0,0.0,0,0,0.0,0.0,0,0,-28.3232246596402,1107804,281000,1873,14.704761588247493,1.5783420320076402,1.7095690256828675,17.992672645938,4703.188122605949,280
0.0032881503,0.0032205107,14.702175,-14.816336,12.570505,-0.88918316,-47.10489,-14.80228,12.570283,-0.8421849,-47.053192,-14.807539,12.570335,-0.87286747,-46.99382,0.0032881505,0.005644746,0.029438823,1.5847036e-08,0.0032205104,0.0070467377,0.04802696,4.440622e-07,-0.06320953,0.7636881,1.0,-1.0,-0.23805541181062098,0.09477573076520107,-0.06376777782756253,-0.5526796939451688,-35.708311771593145,13.787568546950364,-11.674743797776367,-56.412751493611474,0.06325234,0.55651236,1.0,-1.0,7,-0.23401986953442375,0.04751961876052896,-0.14629098581542097,-0.41180051748322105,-35.10298043016356,4.035905473382566,-28.85738283085279,-39.58513756952793,-9.068043479503544e-05,0.5848061639969886,1.0,-1.0,0.22898190648955516,0.06416320826775795,0.34798879136765354,0.09142087151542069,0.2342157520226371,0.05660668470903383,0.335002531266077,0.1485736299161721,0.82,0.38418745424597084,1.0,0.0,1.0,0.0,1.0,1.0,0.14285714285714285,0.34992710611188255,1.0,0.0,0.14285714285714285,0.34992710611188266,1.0,0.0,0.0,0.0,0.0,0.0,0.0,0.0,0.0,0.0,0.0,0.0,0.0,0.0,0.0,0.0,0.0,0.0,0.041424822811062745,0.026759155609960932,0.2148577568159758,0.0049257589433631494,0.028336926127559576,0.010529557830035915,0.04504679535803995,0.013666841693645229,0.1966305889995583,0.08398215949688267,0.33782193712919295,0.05725009543089384,0.19663057768436623,0.08398215663319485,0.33782095779088234,0.05725009543089384,0.23805541181062098,0.09477573076520107,0.5526796939451688,0.06376777782756253,0.2249675038119258,0.08791381973962577,0.35420547242908645,0.07091693712453907,0.0,0.0,0,0,0.0,0.0,0,0,-35.708311771593145,1111804,282000,1880,13.734859925854835,1.5188211440108716,1.6256318906671368,16.879312960532843,4720.041309232489,281
0.0035900082,0.0046987683,13.410376,-13.500972,11.535369,-0.76476616,-42.13243,-13.499836,11.542859,-0.78596365,-42.115814,-13.520185,11.550623,-0.7894872,-42.089787,0.0035900082,0.0066349157,0.05921999,3.1093814e-06,0.0046987683,0.011599104,0.09184308,4.2055035e-09,0.014740013,0.80167216,1.0,-1.0,-0.21038052025171264,0.08964515264666102,-0.04112635639004618,-0.457307332518073,-31.5570780377569,12.507179418724517,-11.741054785295225,-54.061890245328385,0.045234516,0.5695618,1.0,-0.9999559,6,-0.2306686143337914,0.0796938244936345,-0.09806633988118248,-0.43411290839729455,-34.60029215006871,10.73543609199344,-18.425680143005383,-48.261554725455746,-0.020144709389137636,0.5860875495409601,1.0,-1.0,0.21488791812369903,0.057440495986603286,0.32044122340012793,0.13219932117425995,0.21899688451131014,0.055836000977018845,0.30007818744772236,0.15771793529661535,0.7771428571428571,0.4161632332807571,1.0,0.0,1.0,0.0,1.0,1.0,0.14285714285714285,0.3499271061118826,1.0,0.0,0.14285714285714285,0.3499271061118826,1.0,0.0,0.08190476190476191,0.27421956874389203,1.0,0.0,0.14285714285714285,0.3499271061118826,1.0,0.0,0.0,0.0,0.0,0.0,0.0,0.0,0.0,0.0,0.04632652526104751,0.03677281356169765,0.21687923239036627,0.009203370890984212,0.025350721644017866,0.0104636577299603,0.036246957053986825,0.010240467283151186,0.16405399499066511,0.07634194339173586,0.2901322367744111,0.028485580535271043,0.16405398249984218,0.0763419385358708,0.2901292232820104,0.028485580535271043,0.21038052025171264,0.08964515264666102,0.457307332518073,0.04112635639004618,0.18940470414386007,0.08161396647407525,0.3263498085062733,0.04199285445526819,0.0,0.0,0,0,0.0,0.0,0,0,-31.5570780377569,1115804,283000,1886,13.043884138387511,1.4938592319958843,1.559817632791237,16.097561003174633,4736.161028879695,282
0.004420311,0.005420154,14.62063,-14.743759,12.408339,-0.570897,-46.626083,-14.757887,12.41575,-0.61194754,-46.68985,-14.723732,12.398024,-0.59395707,-46.615154,0.0044203117,0.008592095,0.057615455,1.3815736e-08,0.005420154,0.010466277,0.06723661,4.9753464e-07,-0.04962036,0.78818566,1.0,-1.0,-0.22424254794637244,0.07875580038132916,-0.09003202079726744,-0.4345741838243067,-33.636382191955875,11.077552246493811,-14.94998375743664,-47.488076882024714,-0.09415271,0.51770216,0.9999596,-1.0,7,-0.21549813944410667,0.05829413874794161,-0.11360090562764676,-0.4234760595327396,-32.32472091661601,7.461505959056608,-20.351441807422304,-44.48241038709751,-0.058368702283999326,0.5409510743996169,1.0,-1.0,0.214192552003875,0.07804956708259572,0.32808260073962353,0.07383933855936961,0.22081482977952607,0.07883191746655292,0.32658798386159915,0.11091670929288733,0.8857142857142857,0.318157963590287,1.0,0.0,1.0,0.0,1.0,1.0,0.0,0.0,0.0,0.0,0.0,0.0,0.0,0.0,0.0,0.0,0.0,0.0,0.0,0.0,0.0,0.0,0.0,0.0,0.0,0.0,0.0,0.0,0.0,0.0,0.03044590576458917,0.028191247435858095,0.2201312840779537,0.0048558554802770925,0.019478786500495695,0.00651683977008081,0.032504485369795444,0.010008080861343192,0.19379664218178325,0.071466850747451,0.2865937190658683,0.08517616531699035,0.19350210837123338,0.07182943912797599,0.28659130651744585,0.08517616531699035,0.22424254794637244,0.07875580038132916,0.4345741838243067,0.09003202079726744,0.21298089487172908,0.07459800477500905,0.3052313826392998,0.09518424617833354,0.0,0.0,0,0,0.0,0.0,0,0,-33.636382191955875,1119804,284000,1893,12.982485672080657,1.5158461700048065,1.5713561937591294,16.069688035844592,4752.234513040516,283
0.0052725994,0.004363798,14.262861,-14.412901,12.297024,-0.6281949,-43.439487,-14.391262,12.291511,-0.6084746,-43.39382,-14.367699,12.283728,-0.5587545,-43.39784,0.0052725994,0.009489412,0.055142842,2.6711305e-08,0.0043637985,0.007303791,0.037995875,6.0539605e-08,0.012921818,0.803039,1.0,-1.0,-0.2686840225783804,0.10614916258320431,-0.13487802814483144,-0.5802664874969898,-40.30260338675707,14.839568320356737,-23.937168373318634,-63.38500151657103,-0.0026486206,0.6144562,1.0,-1.0,7,-0.20436179550912273,0.09440717918320717,-0.06418402603451093,-0.42060346661331205,-30.654269326368397,13.264650129395049,-11.833482578790136,-52.697612549657656,-0.013935635741993297,0.5475539873847557,1.0,-1.0,0.23298778337582468,0.05926960160817849,0.35243260081318434,0.12651185992236214,0.24228078421730426,0.06489762581807315,0.35243260081318434,0.1396863055311883,0.7857142857142857,0.4103259033241449,1.0,0.0,1.0,0.0,1.0,1.0,0.0,0.0,0.0,0.0,0.0,0.0,0.0,0.0,0.0,0.0,0.0,0.0,0.0,0.0,0.0,0.0,0.0,0.0,0.0,0.0,0.0,0.0,0.0,0.0,0.0541924862194826,0.051181450900937724,0.2764260855905758,0.00638510402870177,0.030492354150026626,0.010943539519339244,0.05145440550055239,0.013788565127226688,0.21449153635889784,0.0733585627919542,0.3217782819733608,0.12849292411612967,0.21449152673967825,0.07335856220173065,0.32177579827542147,0.12849292411612967,0.2686840225783804,0.10614916258320431,0.5802664874969898,0.13487802814483144,0.24498388088970488,0.07593756858923299,0.35464428822038896,0.14228148924335635,0.0,0.0,0,0,0.0,0.0,0,0,-40.30260338675707,1123804,285000,1900,12.725613924645586,1.520755158009706,1.534620109028765,15.780989191684057,4768.070329718204,284
0.006287071,0.0068875793,13.503262,-13.620552,12.175431,-0.67109936,-46.874783,-13.638159,12.183733,-0.7074368,-46.88328,-13.628955,12.163365,-0.7306095,-46.696808,0.0062870714,0.011983666,0.051103517,6.290884e-06,0.00688758,0.017022865,0.11354065,3.4141578e-12,-0.018811828,0.7806421,1.0,-1.0,-0.24230863050719784,0.0843179549960526,-0.14556515570162473,-0.5821652597690452,-36.34629457607967,12.29301508464883,-23.096067331615505,-59.45393001711213,0.010833679,0.51952386,1.0,-1.0,6,-0.21151388903080875,0.04532423931654375,-0.11952867388400051,-0.37900626172117297,-31.727083354621303,5.728304232052623,-23.213824637664267,-38.15865457157469,0.06761595392501,0.5375149874342,1.0,-1.0,0.2305983678181783,0.09399352425419442,0.38087737862654,0.09726065507649904,0.23397575568714998,0.0930192530611998,0.3763750160094302,0.12589342010402246,0.9219047619047619,0.26832139661623367,1.0,0.0,1.0,0.0,1.0,1.0,0.0,0.0,0.0,0.0,0.0,0.0,0.0,0.0,0.0,0.0,0.0,0.0,0.0,0.0,0.0,0.0,0.0,0.0,0.0,0.0,0.0,0.0,0.0,0.0,0.0266431412827391,0.02400257200277486,0.2144097097660341,0.004265036356740225,0.020654780740399562,0.008027096636095268,0.032991325940533056,0.011063968934397208,0.2156654892244587,0.0862437159545191,0.3677555500030111,0.12822037443937181,0.2156654735149183,0.08624371724785827,0.367755254209671,0.12822037443937181,0.24230863050719784,0.0843179549960526,0.5821652597690452,0.14556515570162473,0.23632025425531786,0.08559198049720251,0.394160995182568,0.14652605884182737,0.0,0.0,0,0,0.0,0.0,0,0,-36.34629457607967,1127804,286000,1906,13.019896103069186,1.5766229619912338,1.5335573610063875,16.130076426066807,4784.104744883269,285
0.00915383,0.007374859,14.127235,-14.09416,11.8436365,0.19844574,-40.896988,-14.117794,11.853795,0.18510139,-40.993813,-14.147088,11.870706,0.21623003,-40.952362,0.00915383,0.013852148,0.070758425,2.3648283e-08,0.007374859,0.01392481,0.0737338,6.436508e-07,0.1373874,0.7528783,1.0,-1.0,-0.171047215141966,0.10087043377299655,-0.055755412354372154,-0.5142726950884092,-25.6570822712949,14.781868671631292,-8.958813347773175,-57.03274462651667,-0.06370952,0.5630646,1.0,-1.0,7,-0.22020239505391784,0.08486405843695853,-0.0837355903659182,-0.5263057771814341,-33.03035925808767,9.82540380773761,-17.393790523012235,-46.68268106283862,0.049519994137598146,0.5252648417865609,1.0,-1.0,0.2028172348804765,0.08743937569247483,0.3882044185521408,0.0752107006198725,0.20916434235218953,0.09555358707223112,0.3846752522322789,0.0881555224162622,0.940952380952381,0.2357138047133139,1.0,0.0,1.0,0.0,1.0,1.0,0.21904761904761905,0.4136009666782564,1.0,0.0,0.14285714285714285,0.3499271061118826,1.0,0.0,0.12666666666666668,0.3325991915537712,1.0,0.0,0.14285714285714285,0.3499271061118826,1.0,0.0,0.0,0.0,0.0,0.0,0.0,0.0,0.0,0.0,0.02811210059790308,0.024772119129133196,0.18609943041072288,0.006850209640077027,0.024291490379138247,0.014530069231864666,0.054984230910941595,0.01037260359444458,0.1429351145440629,0.09011353771333386,0.32817326467768637,0.045382808759927576,0.14369060145081694,0.08945019788815911,0.32817059177148455,0.045382808759927576,0.171047215141966,0.10087043377299655,0.5142726950884092,0.055755412354372154,0.16798209182995522,0.10047399761150617,0.3831548226824262,0.055755412354372154,0.0,0.0,0,0,0.0,0.0,0,0,-25.6570822712949,1131804,287000,1913,13.122586072000558,1.479851134994533,1.6011756718507968,16.203612878845888,4800.326531763087,286
0.005569796,0.0071317544,13.710635,-13.811472,11.793885,-0.5870507,-43.622875,-13.811491,11.802203,-0.5429007,-43.666767,-13.812672,11.796872,-0.6023762,-43.55441,0.005569796,0.012147306,0.08837502,2.7574777e-07,0.0071317544,0.015806131,0.111626476,3.4583536e-10,0.055991642,0.7885939,1.0,-1.0,-0.20115732541871198,0.05903489195754306,-0.10953702746136468,-0.3752679074776697,-30.1735988128068,7.999541285599981,-17.965326399917863,-44.34891871572401,0.043819077,0.5372522,0.99999994,-1.0,7,-0.23656952454087296,0.08072106887199916,-0.1183046487884825,-0.5302334573124912,-35.48542868113095,11.508880645590587,-23.240756280301788,-58.54736663170702,-0.06512238683395564,0.49489613104222785,1.0,-1.0,0.16302088084980698,0.05296380779557838,0.26807791495158745,0.07787308450997328,0.1629816220279147,0.05372323142030421,0.2640403792574273,0.09742232313611579,0.8323809523809523,0.37352764622492274,1.0,0.0,1.0,0.0,1.0,1.0,0.0,0.0,0.0,0.0,0.0,0.0,0.0,0.0,0.0,0.0,0.0,0.0,0.0,0.0,0.0,0.0,0.0,0.0,0.0,0.0,0.0,0.0,0.0,0.0,0.046154740814486866,0.029982728707458724,0.2220243385718094,0.003946104337743387,0.0306692771462501,0.01149173944392888,0.05265435901224661,0.014493212303178233,0.15500258460422509,0.04764575520711814,0.24459727279900195,0.09764953087744792,0.15500257516324867,0.04764575355501046,0.24459504681679117,0.09764953087744792,0.20115732541871198,0.05903489195754306,0.3752679074776697,0.10953702746136468,0.18567185230949873,0.0555015907650551,0.2972494058290378,0.11214274318062616,0.0,0.0,0,0,0.0,0.0,0,0,-30.1735988128068,1135804,288000,1920,13.73078514628287,1.4983238900022116,1.6446279848460108,16.87373702113109,4817.222242989228,287
0.006808509,0.00841691,13.656916,-13.702627,11.8414,-0.64907587,-39.467995,-13.7013235,11.850687,-0.59156877,-39.48267,-13.74296,11.855875,-0.6014884,-39.544617,0.0068085096,0.014671725,0.12906267,6.746191e-09,0.00841691,0.020596474,0.14355767,7.5729645e-09,-0.10865571,0.8035618,1.0,-1.0,-0.2523970846444223,0.09957169482391005,-0.08080212606410114,-0.5664134969130804,-37.85956269666335,14.657329428045966,-12.709192724328615,-65.89165077512084,0.07614598,0.5614362,1.0,-1.0,6,-0.164264823058284,0.08399119514201707,-0.022672128787688834,-0.38523036041316727,-24.639723458742605,11.736574136662687,-12.662974960743837,-44.53797110506885,0.12137671686307414,0.5049149257620877,1.0,-1.0,0.24291489873466973,0.07964949719648949,0.43043740016499676,0.14533581061209314,0.24725038409912647,0.08672975137782278,0.43043740016499676,0.16160389781458417,0.8476190476190476,0.35938975741168017,1.0,0.0,1.0,0.0,1.0,1.0,0.0,0.0,0.0,0.0,0.0,0.0,0.0,0.0,0.0,0.0,0.0,0.0,0.0,0.0,0.0,0.0,0.0,0.0,0.0,0.0,0.0,0.0,0.0,0.0,0.040894447811734826,0.022928043142287944,0.18551217464655873,0.009330366664558581,0.03177901097077521,0.008740429173157713,0.04525503665247241,0.01772581839260425,0.21150263683268747,0.08966227895444998,0.3809013222665217,0.0643956780718425,0.2115026248024305,0.08966227829223879,0.38089943544672705,0.0643956780718425,0.2523970846444223,0.09957169482391005,0.5664134969130804,0.08080212606410114,0.24328163577320566,0.0942341352997209,0.4196403787716858,0.08212149646444675,0.0,0.0,0,0,0.0,0.0,0,0,-37.85956269666335,1139804,289000,1926,14.037400586981676,1.5203512870066334,1.6692743160383543,17.227026190026663,4834.495762036255,288
0.004524838,0.003972739,14.734864,-14.817131,12.29654,-0.45937425,-43.41399,-14.81628,12.292918,-0.42204618,-43.39185,-14.808897,12.275282,-0.50472695,-43.330086,0.004524838,0.01432023,0.1321729,6.209021e-09,0.003972739,0.012405847,0.13465443,1.13331225e-07,-0.037110634,0.7863943,1.0,-1.0,-0.20095805394931232,0.0829339195682527,-0.07514507854337107,-0.424832853909909,-30.14370809239684,12.080587523504672,-12.470176053650693,-50.87584905188075,0.0037355623,0.55052364,1.0,-1.0,7,-0.24122260759036399,0.08323176207121585,-0.10701582183257818,-0.49109959811406284,-36.1833911385546,11.595856227354275,-19.48742173911035,-53.814728080060554,0.011393227904568272,0.5812611537677692,1.0,-1.0,0.19882816178044863,0.07590813638497027,0.3503346835886139,0.08750143347376797,0.1953817692152271,0.07654214347155619,0.34727918394222046,0.09503111837457127,0.9180952380952381,0.2742195687438921,1.0,0.0,1.0,0.0,1.0,1.0,0.0,0.0,0.0,0.0,0.0,0.0,0.0,0.0,0.0,0.0,0.0,0.0,0.0,0.0,0.0,0.0,0.0,0.0,0.0,0.0,0.0,0.0,0.0,0.0,0.02876971621351999,0.023334041193132125,0.17480299473132027,0.005489739030216287,0.021758161638216873,0.010102784440075115,0.04023048067773215,0.00954453067688129,0.17218833773579234,0.081003655344258,0.3247103147301659,0.0696553395131548,0.17218832563563596,0.08100365252893514,0.3247074725430173,0.0696553395131548,0.20095805394931232,0.0829339195682527,0.424832853909909,0.07514507854337107,0.19394648727385283,0.08239413176150023,0.3395358407051955,0.07919987019003608,0.0,0.0,0,0,0.0,0.0,0,0,-30.14370809239684,1143804,290000,1933,13.88004932522017,1.568837707003695,1.6432521229580743,17.09213915518194,4851.572064801396,289
0.006666585,0.006800422,13.444814,-13.554942,11.091467,-0.66697824,-38.903248,-13.534496,11.093283,-0.67258835,-38.89766,-13.560236,11.0947485,-0.61826885,-38.896973,0.0066665853,0.022583194,0.24145499,4.389137e-07,0.006800422,0.026309967,0.2895406,7.655446e-08,-0.013904728,0.79215705,1.0,-1.0,-0.21936966257156665,0.128991484701111,-0.07745372719820531,-0.5507992686982965,-32.90544938573499,18.95734689483215,-12.37998185426926,-62.7572000406301,-0.0071020583,0.57480216,1.0,-1.0,7,-0.28968725265830425,0.10209331170185657,-0.08451111674670025,-0.5124465876228463,-43.45308789874563,13.911795546434037,-22.06249262419581,-58.868352052578395,0.025479627148426515,0.5971376513289529,1.0,-1.0,0.23793546288150386,0.11162128604766497,0.3971465971956242,0.07980317310534472,0.24454204693161635,0.12181433485263561,0.3971465971956242,0.09308230386235315,0.8933333333333333,0.308688984074406,1.0,0.0,1.0,0.0,1.0,1.0,0.0,0.0,0.0,0.0,0.0,0.0,0.0,0.0,0.0,0.0,0.0,0.0,0.0,0.0,0.0,0.0,0.0,0.0,0.0,0.0,0.0,0.0,0.0,0.0,0.030758182496464625,0.02897347348268809,0.18983391431081087,0.006020227692509994,0.02160544948265559,0.008216307032239151,0.036879143039982146,0.010710632325381875,0.18861148007510206,0.12018210153345361,0.3609653543874857,0.0665794373933977,0.18818870219374356,0.12053870946256878,0.3609629594932294,0.0665794373933977,0.21936966257156665,0.128991484701111,0.5507992686982965,0.07745372719820531,0.2097941516763992,0.12031218756671598,0.377156951100337,0.08366747707471449,0.0,0.0,0,0,0.0,0.0,0,0,-32.90544938573499,1147804,291000,1940,14.2863841773069,1.5517062319995603,1.7100224539608462,17.548112863267306,4869.146614669677,290
0.0054078894,0.0044909725,13.733849,-13.792379,11.834514,-0.18068635,-39.840908,-13.795292,11.826418,-0.17179567,-39.99391,-13.776983,11.822693,-0.13990767,-39.874714,0.0054078894,0.010260234,0.06397777,1.8081664e-06,0.0044909725,0.009491462,0.07313063,4.0827217e-07,0.07959069,0.75583893,1.0,-1.0,-0.2435273163135977,0.043238326993500734,-0.16771549087533927,-0.40032752235866387,-36.52909744703965,5.0158390918946765,-28.9199279156061,-43.00782586299144,-0.056670967,0.56715584,1.0,-1.0,6,-0.24223305882128968,0.10381532382280521,-0.0488861720469527,-0.4944173150823415,-36.334958823193446,14.541988240445018,-14.519654179714532,-54.5790970288724,0.05944502933002507,0.5493113369668914,1.0,-1.0,0.23847177350313228,0.0796929539261172,0.39912163913176896,0.09075700128165556,0.2453623898618993,0.07677452636195763,0.39911599148058824,0.14848977891151852,0.8428571428571429,0.36393540579591416,1.0,0.0,1.0,0.0,1.0,1.0,0.0,0.0,0.0,0.0,0.0,0.0,0.0,0.0,0.0,0.0,0.0,0.0,0.0,0.0,0.0,0.0,0.0,0.0,0.0,0.0,0.0,0.0,0.0,0.0,0.04283524221608964,0.028524635251077787,0.18423422057312475,0.008726662241780142,0.031677823509925464,0.008463215092604318,0.04383633847725887,0.021683418281178535,0.20069207409750808,0.03470467215555365,0.24726981534238213,0.15351354050113167,0.2006920607149268,0.034704663048725416,0.24726656439300077,0.15351354050113167,0.2435273163135977,0.043238326993500734,0.40032752235866387,0.16771549087533927,0.23236988422485227,0.035150252354598295,0.2852414708414756,0.19114039393583399,0.0,0.0,0,0,0.0,0.0,0,0,-36.52909744703965,1151804,292000,1946,18.28570613899501,1.5785615909990156,1.9291208731447114,21.793388603138737,4890.904466898806,291
0.0059297075,0.0070129423,14.433504,-14.508422,12.554374,-0.5616946,-42.995846,-14.50836,12.557068,-0.56411445,-43.036114,-14.534699,12.589724,-0.54593796,-43.091595,0.0059297075,0.009817801,0.065562636,1.0359713e-09,0.0070129433,0.013548956,0.076344565,4.685399e-07,-0.019097641,0.803735,1.0,-1.0,-0.21165077778333874,0.06571002623334468,-0.07930927843505939,-0.3956824751616952,-31.74761666750081,9.209383930987258,-16.106629227836788,-42.294717659167326,0.047436066,0.57530814,1.0,-0.9999199,7,-0.17114366529803485,0.07660016149798966,-0.06471937977689718,-0.4850454832742699,-25.671549794705232,11.091437160990798,-12.888148085909927,-51.00585685991999,-0.03466811934297523,0.5176144853716267,1.0,-1.0,0.2401974753009091,0.05146989977894512,0.3179519286211696,0.14522478723988777,0.24290773976143992,0.058398243570401555,0.3179519286211696,0.1516392408196221,0.8771428571428571,0.32827315654211275,1.0,0.0,1.0,0.0,1.0,1.0,0.0,0.0,0.0,0.0,0.0,0.0,0.0,0.0,0.0,0.0,0.0,0.0,0.0,0.0,0.0,0.0,0.0,0.0,0.0,0.0,0.0,0.0,0.0,0.0,0.03517013365900396,0.024820164955198613,0.19501706688946724,0.00865791243336502,0.02520387945224112,0.008219345214149354,0.036499857586131876,0.014756493751856843,0.17648064412433478,0.06297729363169419,0.24705051225992986,0.060413140513092566,0.17648062886734947,0.06297728903081369,0.24704856215604895,0.060413140513092566,0.21165077778333874,0.06571002623334468,0.3956824751616952,0.07930927843505939,0.20168450831959062,0.06386155973846445,0.28227880319096105,0.07930927843505939,0.0,0.0,0,0,0.0,0.0,0,0,-31.74761666750081,1155804,293000,1953,13.708983127085958,1.543850497007952,1.6529234659101348,16.905757090004045,4907.778831689793,292
0.007626815,0.005241261,15.283554,-15.374983,13.148163,-0.7920054,-47.501446,-15.403744,13.146442,-0.8047015,-47.556343,-15.4076605,13.160631,-0.8153482,-47.633205,0.0076268152,0.017757954,0.11775594,9.094947e-07,0.0052412613,0.014658894,0.14679158,2.2525356e-08,0.011299999,0.7997049,1.0,-1.0,-0.2378174146286859,0.07705185202101454,-0.12546875268342292,-0.4739623138575851,-35.672612194302886,11.137826127657103,-20.931303474298325,-51.05151755688197,-0.09950745,0.71805364,1.0,-1.0,7,-0.2531815848943889,0.10171481137316442,-0.017979874365394232,-0.4874074835830339,-37.97723773415834,14.759511667295513,-6.088018944870979,-54.15747003065606,0.01967032126083755,0.5960830089792121,1.0,-1.0,0.2159962053219798,0.08731596711522346,0.35791376855013485,0.08124183036361694,0.22709072482799453,0.09724614206028373,0.35660230456811,0.0914310282603205,0.9019047619047619,0.29744337672618737,1.0,0.0,1.0,0.0,1.0,1.0,0.0,0.0,0.0,0.0,0.0,0.0,0.0,0.0,0.0,0.0,0.0,0.0,0.0,0.0,0.0,0.0,0.0,0.0,0.0,0.0,0.0,0.0,0.0,0.0,0.03946203682294711,0.022496930673789228,0.18718611941058283,0.0040049208885622484,0.036749510510139256,0.012349494423307352,0.05526903081693281,0.019061841447729187,0.19835537780573878,0.06762708712417688,0.28677619444700225,0.09990223800425006,0.1974754614608403,0.06857900816088984,0.28677313569429824,0.09990223800425006,0.2378174146286859,0.07705185202101454,0.4739623138575851,0.12546875268342292,0.2342249719709796,0.07595070101499045,0.34204216651123104,0.1364020571207735,0.0,0.0,0,0,0.0,0.0,0,0,-35.672612194302886,1159804,294000,1960,13.680140781012597,1.512709963004454,1.6487641479179729,16.841614891935023,4924.673332248742,293
0.005202614,0.004273344,14.349807,-14.414431,12.703861,-0.63681304,-43.17611,-14.423229,12.697833,-0.6577683,-43.169197,-14.435618,12.725067,-0.6430981,-43.284554,0.005202614,0.010156598,0.060746275,8.740244e-08,0.004273344,0.0077208183,0.041974936,3.7398564e-09,-0.12888922,0.78992295,1.0,-1.0,-0.2776376549506527,0.0748373555418581,-0.13126439970928763,-0.5121159822770992,-41.64564824259791,10.353274321180852,-25.323400296187582,-58.8957561459876,-0.034496006,0.7053022,1.0,-1.0,6,-0.25493519269369874,0.09388614887341643,-0.07565675229760967,-0.513312732436679,-38.24027890405481,12.990018105736254,-20.339186071863743,-55.60376225045167,0.10379899642667913,0.5459267667815595,1.0,-1.0,0.27898604199126154,0.06006726349894728,0.38660196445510875,0.17894658228779645,0.2908196762638536,0.06732730261617326,0.378093763202047,0.19493841617815216,0.878095238095238,0.32717577986413543,1.0,0.0,1.0,0.0,1.0,1.0,0.0,0.0,0.0,0.0,0.0,0.0,0.0,0.0,0.0,0.0,0.0,0.0,0.0,0.0,0.0,0.0,0.0,0.0,0.0,0.0,0.0,0.0,0.0,0.0,0.04073140986128826,0.030329927578047183,0.20207705786101327,0.006862695006006273,0.029227461931800317,0.009846668009947102,0.04144709752055922,0.01462474789174866,0.23690624508936436,0.07100032320765194,0.33911421352733173,0.12051979410406573,0.23690623056853183,0.07100032213024982,0.33911201949065456,0.12051979410406574,0.2776376549506527,0.0748373555418581,0.5121159822770992,0.13126439970928763,0.26613369250033214,0.0732004635731627,0.37780845241181105,0.1351445419958144,0.0,0.0,0,0,0.0,0.0,0,0,-41.64564824259791,1163804,295000,1966,13.833112205800717,1.5669431680144044,1.6591074345633388,17.05916280837846,4941.752010132099,294
0.003892814,0.0029198008,15.279436,-15.387218,13.252516,-0.031834364,-46.150967,-15.396261,13.251856,-0.07793987,-46.221924,-15.396816,13.2550335,-0.06913774,-46.315613,0.0038928138,0.0068466887,0.04395634,1.7383229e-06,0.0029198008,0.006457833,0.045784872,3.388392e-07,-0.045479782,0.78379977,1.0,-1.0,-0.2157215944330626,0.05086250971446412,-0.10279985886098875,-0.36611544689969044,-32.35823916495939,6.537439824010176,-21.8981773127683,-40.17454268754994,-0.08293835,0.6013967,1.0,-1.0,7,-0.2710279931567837,0.09827911017666073,-0.08492544667385168,-0.5227760696543009,-40.65419897351756,13.981017373007795,-20.187905254273552,-59.579595932143754,0.008081998125444878,0.6254755406954958,1.0,-1.0,0.21616504065386932,0.06237894513755629,0.3118208122920738,0.08893046012570616,0.21951251431970137,0.06255351156514134,0.30573210105662735,0.11829658689492882,0.8666666666666667,0.33993463423951903,1.0,0.0,1.0,0.0,1.0,1.0,0.0,0.0,0.0,0.0,0.0,0.0,0.0,0.0,0.0,0.0,0.0,0.0,0.0,0.0,0.0,0.0,0.0,0.0,0.0,0.0,0.0,0.0,0.0,0.0,0.03215751338239302,0.028211207149724124,0.17002271437607233,0.00495458760676228,0.021445212601250863,0.00999863123985408,0.037481345366096354,0.009084508893493791,0.1835640810506696,0.04819209832236752,0.24841784199945022,0.09683760022001091,0.1836196442161619,0.04809253819795177,0.2484142321094813,0.09784527125422647,0.2157215944330626,0.05086250971446412,0.36611544689969044,0.10279985886098875,0.20506485681741277,0.052012505596211234,0.259853060218158,0.10742654240686118,0.0,0.0,0,0,0.0,0.0,0,0,-32.35823916495939,1167804,296000,1973,11.285452213211101,1.5859548000007635,1.5409303850028664,14.412337398214731,4955.977523042311,295
0.0032850462,0.0029979777,14.849716,-14.94577,12.602521,0.34468204,-43.798447,-14.919941,12.584078,0.30403125,-43.71415,-14.938449,12.599869,0.36897868,-43.75101,0.0032850462,0.0061075366,0.034337103,3.6817625e-09,0.0029979777,0.0051391083,0.03440995,2.7535862e-08,-0.025579236,0.80925417,1.0,-1.0,-0.24269848821747197,0.12504891631976894,-0.05874388105554298,-0.5641987377881601,-36.4047732326208,18.13918019738444,-12.232175692990861,-62.47818451872055,-0.102290474,0.6053643,1.0,-1.0,7,-0.1955302243075151,0.09819041058434429,-0.02091646674657264,-0.4281513956446965,-29.329533646127263,13.975259648755877,-6.548464530379542,-48.73053304407634,-0.05459724069848267,0.5421650320141739,1.0,-1.0,0.26724693378870473,0.06638501084851686,0.3959120184984908,0.0995300359528542,0.2814460768504451,0.07098518967313426,0.38815843391877036,0.1373323032737118,0.7228571428571429,0.447587638209045,1.0,0.0,0.8571428571428571,0.3499271061118826,1.0,0.0,0.14285714285714285,0.3499271061118826,1.0,0.0,0.14285714285714285,0.3499271061118826,1.0,0.0,0.007619047619047619,0.08695399779438724,1.0,0.0,0.0,0.0,0.0,0.0,0.0,0.0,0.0,0.0,0.0,0.0,0.0,0.0,0.04975883356177503,0.038138684394422605,0.2438933308379465,0.006551971520805679,0.036233734869892155,0.015283014357847189,0.06116632138454333,0.01717749734113006,0.19293965465569693,0.10390839843892505,0.35024003723210434,0.0521919095347373,0.19293964824699086,0.10390839656811497,0.3502381322743915,0.0521919095347373,0.24269848821747197,0.12504891631976894,0.5641987377881601,0.05874388105554298,0.229173383116883,0.10576208991099505,0.37688964950064496,0.08444453558223619,0.0,0.0,0,0,0.0,0.0,0,0,-36.4047732326208,1171804,297000,1980,13.224682615647907,1.3996029870031634,1.6321690199838486,16.25645462263492,4972.097280801987,296
0.0044575892,0.00831937,14.026258,-14.096811,12.1550045,-0.5694671,-39.43111,-14.126173,12.163297,-0.55019706,-39.47509,-14.083424,12.134128,-0.58944255,-39.315422,0.0044575897,0.0077278484,0.04007358,4.5012007e-07,0.00831937,0.015923237,0.09106238,1.5176943e-07,-0.0044923984,0.7730261,1.0,-1.0,-0.22283067232976572,0.07639795732050993,-0.07038147773459817,-0.42959970762347854,-33.42460084946486,10.564145589390437,-17.66406212234989,-44.964117721491746,-0.051122595,0.6696782,1.0,-1.0,6,-0.2526227393753595,0.11458849089004554,-0.07459107716055918,-0.5441451163418881,-37.89341090630393,16.372500174060217,-17.563692446645447,-64.13922651281133,0.04194242220892406,0.6057019640737715,1.0,-1.0,0.22799380954007162,0.07334260453848365,0.32060039948920155,0.042383155597908444,0.23242075086591477,0.07306772412424892,0.31078052358873626,0.0754439092395135,0.8542857142857143,0.3528195468693043,1.0,0.0,1.0,0.0,1.0,1.0,0.0761904761904762,0.2653026338511261,1.0,0.0,0.0,0.0,0.0,0.0,0.0,0.0,0.0,0.0,0.0,0.0,0.0,0.0,0.02095238095238095,0.14322492340653306,1.0,0.0,0.0,0.0,0.0,0.0,0.03884352138723927,0.02909133438026153,0.21665974493983672,0.008016250859142513,0.027036171055419618,0.010992062710520365,0.0477284160651964,0.010965535745367174,0.18398715094252643,0.07360347313817779,0.25907382119280986,0.04775915557714801,0.18427694011445026,0.07302135333948981,0.2590710529753709,0.06238614133647652,0.22283067232976572,0.07639795732050993,0.42959970762347854,0.07038147773459817,0.21131311116986992,0.0742399771632512,0.3067994690405673,0.0893484907165858,0.0,0.0,0,0,0.0,0.0,0,0,-33.42460084946486,1175804,298000,1986,9.535913141735364,1.262768596992828,1.417823702111491,12.216505440839683,4984.405467305798,297
0.0057671284,0.00541169,14.138866,-14.213631,12.542374,0.331065,-44.645336,-14.191977,12.521947,0.29171014,-44.642162,-14.205713,12.535034,0.28608325,-44.653873,0.005767128,0.013192042,0.09025378,3.274181e-11,0.00541169,0.012007674,0.089936614,1.0452004e-07,0.07619872,0.7770713,1.0,-1.0,-0.1648361271597626,0.09087276528020806,-0.04710946352409423,-0.42736087155456326,-24.72541907396439,13.131773281581022,-8.457102262167211,-47.51044755529584,-0.059273835,0.5245678,1.0,-1.0,7,-0.26581545688941766,0.08994769124961421,-0.11468025986998515,-0.5501687566853195,-39.87231853341266,11.536021568916693,-25.799345587377964,-59.381496021868315,0.027202945494606202,0.6020176712257664,1.0,-1.0,0.2526873019789072,0.06265809531026795,0.3381387147891137,0.1314809111178946,0.25885419670711635,0.06434711326627915,0.3326008395477841,0.13294955496917302,0.8876190476190476,0.31583456733375853,1.0,0.0,1.0,0.0,1.0,1.0,0.14285714285714285,0.3499271061118826,1.0,0.0,0.14285714285714285,0.3499271061118826,1.0,0.0,0.12571428571428572,0.3315270789568066,1.0,0.0,0.14285714285714285,0.3499271061118826,1.0,0.0,0.0,0.0,0.0,0.0,0.0,0.0,0.0,0.0,0.03366552700770031,0.02810484274932917,0.20324612275237297,0.013337301726023574,0.02672922450535203,0.007368823275402437,0.03906276676485749,0.017286985614069876,0.13117060015206228,0.07516193911537469,0.2621176807409836,0.03328833540576846,0.13117059276668575,0.0751619328129405,0.26211662129761854,0.03328833540576846,0.1648361271597626,0.09087276528020806,0.42736087155456326,0.04710946352409423,0.15789981727203775,0.08141728239033295,0.301179388062476,0.05057532101983834,0.0,0.0,0,0,0.0,0.0,0,0,-24.72541907396439,1179804,299000,1993,9.495013296036632,1.3565165989857633,1.427702923916513,12.279232818938908,4996.626850592729,298
0.006831735,0.005552586,13.924621,-14.024606,12.145223,-0.40316683,-45.67376,-14.028824,12.1465645,-0.41597307,-45.72149,-14.051037,12.17316,-0.42197266,-46.03232,0.0068317344,0.014461325,0.12856431,2.9304147e-08,0.005552586,0.011583288,0.09661477,9.233362e-08,-0.0021652002,0.79524463,1.0,-1.0,-0.20723636405039547,0.07435222855165856,-0.10086390085785861,-0.41039441639969054,-31.085454607559317,10.22555541165801,-16.985106147088516,-46.69358835544732,0.10502351,0.5042859,1.0,-1.0,7,-0.2744515340597319,0.05858287642548856,-0.1743473958099731,-0.5389514880757076,-41.16773010895978,7.77756717513224,-35.15240471879277,-59.77179896208639,0.03233461504054311,0.6277168487833436,1.0,-1.0,0.1905942163489834,0.08486450443992673,0.3034942253802973,0.09248051350979054,0.1964779002483557,0.08253649709328262,0.2961552652887779,0.09857326361956295,0.8038095238095239,0.39711430752697685,1.0,0.0,1.0,0.0,1.0,1.0,0.0,0.0,0.0,0.0,0.0,0.0,0.0,0.0,0.0,0.0,0.0,0.0,0.0,0.0,0.0,0.0,0.0,0.0,0.0,0.0,0.0,0.0,0.0,0.0,0.04717052975662436,0.03762454349335912,0.25127662468244977,0.009434460715629622,0.027899970788920075,0.006669724620332161,0.03710422531206233,0.01778770677659185,0.1600658342937711,0.05729229630026962,0.24739354574821398,0.08553638774291165,0.16006582110799908,0.057292293645774796,0.24739012572756142,0.08553638774291167,0.20723636405039547,0.07435222855165856,0.41039441639969054,0.10086390085785861,0.18796579189691914,0.06253329399248221,0.2844943510396237,0.10825990735176565,0.0,0.0,0,0,0.0,0.0,0,0,-31.085454607559317,1183804,300000,2000,9.769449061859632,1.2982971589954104,1.4167897277511656,12.484535948606208,5009.088842645331,299
