QF1 Loss,QF2 Loss,Policy Loss,Q1 Predictions Mean,Q1 Predictions Std,Q1 Predictions Max,Q1 Predictions Min,Q2 Predictions Mean,Q2 Predictions Std,Q2 Predictions Max,Q2 Predictions Min,Q Targets Mean,Q Targets Std,Q Targets Max,Q Targets Min,Bellman Errors 1 Mean,Bellman Errors 1 Std,Bellman Errors 1 Max,Bellman Errors 1 Min,Bellman Errors 2 Mean,Bellman Errors 2 Std,Bellman Errors 2 Max,Bellman Errors 2 Min,Policy Action Mean,Policy Action Std,Policy Action Max,Policy Action Min,Test Rewards Mean,Test Rewards Std,Test Rewards Max,Test Rewards Min,Test Returns Mean,Test Returns Std,Test Returns Max,Test Returns Min,Test Actions Mean,Test Actions Std,Test Actions Max,Test Actions Min,Num Paths,Exploration Rewards Mean,Exploration Rewards Std,Exploration Rewards Max,Exploration Rewards Min,Exploration Returns Mean,Exploration Returns Std,Exploration Returns Max,Exploration Returns Min,Exploration Actions Mean,Exploration Actions Std,Exploration Actions Max,Exploration Actions Min,hand_distance Mean,hand_distance Std,hand_distance Max,hand_distance Min,Final hand_distance Mean,Final hand_distance Std,Final hand_distance Max,Final hand_distance Min,puck_distance Mean,puck_distance Std,puck_distance Max,puck_distance Min,Final puck_distance Mean,Final puck_distance Std,Final puck_distance Max,Final puck_distance Min,touch_distance Mean,touch_distance Std,touch_distance Max,touch_distance Min,Final touch_distance Mean,Final touch_distance Std,Final touch_distance Max,Final touch_distance Min,success Mean,success Std,success Max,success Min,Final success Mean,Final success Std,Final success Max,Final success Min,image_dist Mean,image_dist Std,image_dist Max,image_dist Min,Final image_dist Mean,Final image_dist Std,Final image_dist Max,Final image_dist Min,image_success Mean,image_success Std,image_success Max,image_success Min,Final image_success Mean,Final image_success Std,Final image_success Max,Final image_success Min,vae_mdist Mean,vae_mdist Std,vae_mdist Max,vae_mdist Min,Final vae_mdist Mean,Final vae_mdist Std,Final vae_mdist Max,Final vae_mdist Min,vae_success Mean,vae_success Std,vae_success Max,vae_success Min,Final vae_success Mean,Final vae_success Std,Final vae_success Max,Final vae_success Min,vae_dist Mean,vae_dist Std,vae_dist Max,vae_dist Min,Final vae_dist Mean,Final vae_dist Std,Final vae_dist Max,Final vae_dist Min,AverageReturn,Number of train steps total,Number of env steps total,Number of rollouts total,Train Time (s),(Previous) Eval Time (s),Sample Time (s),Epoch Time (s),Total Train Time (s),Epoch
20.260988,20.26494,0.01975368,-0.0021037378,0.0010808412,-0.0006133088,-0.006315187,-0.0016053512,0.0011929823,0.0008274051,-0.004774758,-3.9529362,2.157266,-0.0020941684,-9.380048,20.260986,19.01203,87.87305,3.1877076e-10,20.264942,19.013891,87.934616,9.863623e-09,-0.0007603883,0.001298273,0.003742798,-0.0044954983,-3.2834139061674215,0.8582574131155701,-1.8956214061510475,-5.413547512721453,-328.3413906167421,85.23799819205895,-195.03247055094357,-500.6003312689861,-0.0033679844,0.020814346,0.022728924,-0.031305593,10,-5.494015818546921,1.808571114614815,-2.7968829634017074,-10.41896878033583,-549.401581854692,121.91573882640384,-398.004626141555,-811.7279670988958,-0.02724779132501078,0.38267529243444925,1.0,-1.0,0.11339932280866796,0.017970907871643845,0.14841757284089946,0.07438782928612,0.11878088187402605,0.016981356796389707,0.14405873381973183,0.09716732538879726,0.14594539442808618,0.05138228286240252,0.22010061451587976,0.06374203806509536,0.14594540948532458,0.05138239169183639,0.22009953644012928,0.06374203806509536,0.107796605715415,0.00222476041488723,0.11451570324188064,0.10498429374734174,0.11264043542901447,0.0009524732608308654,0.11451570324188064,0.11138527636001774,0.0,0.0,0.0,0.0,0.0,0.0,0.0,0.0,16.007678339859392,1.965170510961747,19.633976310450297,12.71104107330487,16.884705875248933,2.12538699474946,19.633976310450297,13.986495381492704,-1.0,0.0,-1.0,-1.0,-1.0,0.0,-1.0,-1.0,5729.471160216956,2931.6314507618745,14568.34820581081,1793.2674785540485,5479.823857882145,2859.195281091995,11327.85611720318,1864.0743826787743,0.0,0.0,0,0,0.0,0.0,0,0,3.2834139061674215,0.85825741311557,5.413547512721453,1.8956214061510475,3.204116268769194,0.8638064898107172,4.768069320789624,1.9337612264295099,-328.3413906167421,4,4000,40,0.022372135914338287,0.04156041999522131,13.128797592988121,13.192730148897681,137.14221363070828,3
19.67222,19.696857,0.17585294,-0.11808695,0.039277535,-0.061549764,-0.21541329,-0.11333029,0.03807952,-0.05542248,-0.21370104,-3.8767786,2.364748,-0.0017198818,-9.203489,19.672222,19.770813,81.53387,0.00017110592,19.696857,19.766315,81.71817,6.4185883e-07,-0.0045560068,0.030889653,0.043046944,-0.057622712,-3.056621899241278,0.8674522911627703,-1.3358573186582041,-4.710083233341211,-305.66218992412786,85.22359743869559,-139.52368232744013,-458.4752547203819,-0.022562489,0.70920193,1.0,-1.0,10,-3.317162784384049,0.5717693807908095,-2.441828715655876,-4.919080181685067,-331.71627843840486,54.87934742212418,-255.4915009890301,-403.10001868552825,-0.05450204917524482,0.6204930075917162,1.0,-1.0,0.07466104782084058,0.034788698495588695,0.16735067684294402,0.03141874688413712,0.07324068876802035,0.03427922001392345,0.15684879780905922,0.04089399320889681,0.10199394154167825,0.05032920799532516,0.19498799776111492,0.03019274241246257,0.10219830124716191,0.05077544979666143,0.19498799776111492,0.030194888791221598,0.08751748301427016,0.022992701509929225,0.14571514450486706,0.05812617760757763,0.08635630151331934,0.021661036469336557,0.13368775021302323,0.062151727193567326,0.0,0.0,0.0,0.0,0.0,0.0,0.0,0.0,17.4584352812028,3.164795275082682,22.379015408235922,8.116522608490229,17.42115412783042,3.2625399425625563,22.13229142501168,12.773714480230602,-0.9990909090909091,0.030137426280455955,0.0,-1.0,-1.0,0.0,-1.0,-1.0,4993.7339882103115,2583.589571773434,11032.858204496708,883.49271016709,5083.358178984848,2592.0564112292514,10309.753432056787,940.317686919874,0.0,0.0,0,0,0.0,0.0,0,0,3.056621899241278,0.8674522911627705,4.710083233341211,1.3358573186582041,3.083627466908587,0.8742073261018009,4.5700651630997235,1.3781031528827021,-305.66218992412786,4004,5000,50,27.735113109010854,16.04581637099909,14.306898449198343,58.08782792920829,194.3332712479023,4
0.54100823,0.45316577,21.369051,-23.539268,16.203012,-0.3639058,-70.67771,-23.679375,16.315289,-0.31481987,-71.04783,-23.538597,16.179832,-0.29508498,-70.254326,0.5410082,0.9382414,5.629469,1.3271929e-06,0.4531658,0.76698256,4.9421086,1.016132e-06,0.10494859,0.8901013,1.0,-1.0,-3.2560946771370776,0.9732845177091402,-1.781323835508495,-6.062468609204845,-325.6094677137078,93.19799723141922,-182.82470771492436,-524.5396534310577,-0.041057974,0.74674726,1.0,-1.0,10,-3.591837360827545,0.6911528333301612,-1.8225751396559906,-5.587833141989049,-359.1837360827544,63.71402811900487,-263.3922368212671,-457.238781585903,0.0015090908032765302,0.6617149165300137,1.0,-1.0,0.09348104574264199,0.042540461752651394,0.18775273303673995,0.028730259583808697,0.09516863145091993,0.04201077834630949,0.18775273303673995,0.04338442115773995,0.1254456691145667,0.055167495367720296,0.19688800771171366,0.009053744139635663,0.12623610795299267,0.05631295480188522,0.19688800771171366,0.009061132862174316,0.1185022503567454,0.041228771403640854,0.2042070242266347,0.05644665565959639,0.12043286621735985,0.03954768949750605,0.18126155398883284,0.0646081733586052,0.0018181818181818182,0.04260136186858175,1.0,0.0,0.0,0.0,0.0,0.0,18.241429466070713,4.029734936987481,24.544797607251326,8.06980407402537,18.365062558685324,4.525688747837004,24.533500701500213,8.699229042190407,-0.9718181818181818,0.165492003751798,0.0,-1.0,-0.9090909090909091,0.28747978728803447,0.0,-1.0,5691.897967699995,3453.303781703484,17969.362728244043,1569.599455181581,5937.870695973316,3943.8209890971343,16085.598856329996,1569.599455181581,0.0,0.0,0,0,0.0,0.0,0,0,3.2560946771370776,0.9732845177091402,6.062468609204845,1.7813238355084948,3.3048641376833747,1.0589395863555597,5.71961777086051,1.7813238355084948,-325.6094677137078,8004,6000,60,26.44737405795604,15.139332942999317,14.027656954014674,55.61436395497003,252.07526460387453,5
1.7887657,1.314217,34.983635,-37.279278,25.289722,-1.1903465,-120.6102,-36.877304,24.977976,-1.2521217,-119.64049,-36.685547,24.94668,-0.9262854,-116.287025,1.7887655,3.744974,27.726847,0.00014156337,1.314217,2.7861671,18.008617,1.8030405e-06,-0.049809117,0.9119575,1.0,-1.0,-3.6700355831527145,1.2142781326144982,-1.259198084504865,-7.118179550740495,-367.0035583152715,118.67671656254946,-153.31719345904597,-647.497312047249,0.027347352,0.6470841,1.0,-1.0,10,-3.4075886877561428,0.7743543759990331,-2.5886858776645814,-6.23486179484331,-340.75886877561425,72.84761489281352,-265.6347747407165,-489.193934190134,-0.04420648809216481,0.6263714849235825,1.0,-1.0,0.09642344720458242,0.032881582143446005,0.16720217200878265,0.03615642278959976,0.09681425979641654,0.03241906208637757,0.16558169010770613,0.05130280697943456,0.11618542356307983,0.0551353645304148,0.2014068013346546,0.03911103168718896,0.11759207804103959,0.055983082900445555,0.20140620719766822,0.03911103168718896,0.11751493134596738,0.051826137943773574,0.23828714526335099,0.05740830417547141,0.11933539522535506,0.05244253501772916,0.23808798358613154,0.06377021179383814,0.0,0.0,0.0,0.0,0.0,0.0,0.0,0.0,20.014360590945547,4.16525375540802,27.74422835192072,9.842709154037063,20.347388504742753,4.347708467210096,27.359639070310674,14.292490829720586,-0.9990909090909091,0.030137426280455955,0.0,-1.0,-1.0,0.0,-1.0,-1.0,7367.761678366567,4952.176370207132,24679.422918678632,774.8402172318407,7085.776907860467,4755.781783107681,20141.422847621125,774.8402172318407,0.0,0.0,0,0,0.0,0.0,0,0,3.670035583152715,1.2142781326144982,7.1181795507404955,1.259198084504865,3.591020531550838,1.2059061020991906,6.380114477459669,1.259198084504865,-367.0035583152715,12004,7000,70,28.861327428152435,17.28398825899785,13.89299074291921,60.0383064300695,312.5117471449339,6
3.0709443,3.563336,50.838684,-53.535854,37.557835,-1.0376915,-156.74173,-53.593613,37.625217,-1.0004143,-157.65868,-53.38806,37.63794,-1.2775892,-156.84882,3.0709443,7.2133822,41.41705,2.7307506e-05,3.563336,11.2372,71.011406,6.265509e-05,0.06306675,0.8646601,1.0,-1.0,-3.742655608284917,1.3692622052515873,-1.7079582542113652,-6.597201548018288,-374.2655608284917,117.47761228802152,-189.59917504200635,-529.7203815806606,-0.011391747,0.73255926,1.0,-1.0,10,-3.0338125377341565,0.8345881454991982,-1.547973515612846,-5.591574879595478,-303.38125377341555,80.02085587996983,-186.10826265278766,-472.472526404113,0.032756806533360064,0.6031359626453106,1.0,-1.0,0.08356531675650374,0.028989014073507364,0.15062282602373298,0.02988386717820529,0.08771380647987079,0.026170326073376417,0.14511629907985643,0.0509708397979717,0.12758401009366946,0.06761710260142888,0.3042187595413536,0.03901581296860164,0.12452599866545429,0.07008084920831123,0.30421825114238416,0.03901739803150567,0.10410544711805449,0.04983097547688802,0.2634593246565329,0.057022306093214466,0.10665678592868882,0.04964087704476002,0.25361334823148435,0.07606532140356378,0.0,0.0,0.0,0.0,0.0,0.0,0.0,0.0,19.40992003177771,3.5860030428525453,26.273460031706477,10.831752346708399,19.629320508418377,3.4730387631715094,24.264981499722047,14.736003661833442,-1.0,0.0,-1.0,-1.0,-1.0,0.0,-1.0,-1.0,7828.254012820734,4892.517765444939,21276.12943720934,1441.2320701007175,6681.77904343784,4522.098686106579,14920.15620209469,1520.6747958477072,0.0,0.0,0,0,0.0,0.0,0,0,3.742655608284917,1.3692622052515873,6.597201548018288,1.7079582542113654,3.4322125208427376,1.3331244652546281,5.509655371176541,1.7523309918679941,-374.2655608284917,16004,8000,80,26.851993909847806,17.66430649800168,14.139457807039435,58.65575821488892,370.4218578618311,7
3.1391788,2.8619158,59.635784,-61.616104,45.821457,-1.731199,-154.89053,-61.637268,45.749657,-1.9709809,-154.65237,-61.082474,45.645977,-1.803064,-153.57962,3.1391785,6.154247,35.942345,2.5721532e-05,2.8619158,4.9550457,25.493284,1.0145959e-07,0.21138094,0.83529794,1.0,-1.0,-3.54990044393179,0.8562317439815899,-2.115289532271285,-6.912970852380041,-354.99004439317906,75.91683870249966,-219.54620963125305,-463.0130117491653,-0.046025675,0.7520753,1.0,-1.0,10,-3.352109215052489,0.7569198211048521,-1.6590840959289506,-6.625563951360491,-335.210921505249,51.94589884566346,-274.77294277397783,-422.4164126599577,0.04348511581587945,0.5819065534264554,1.0,-1.0,0.10319501018235844,0.04381065266052893,0.171262062204149,0.030134689433298296,0.10685012561140796,0.03868240104301147,0.1618712934989353,0.04126685058328396,0.10918368990013427,0.05913150725952965,0.2155426144852348,0.014439352900798485,0.10806972726603213,0.06052057764619004,0.17986299615984186,0.014439352900798485,0.10645776736140708,0.027624839620889644,0.14596782307748385,0.05770264498626038,0.11279843619244369,0.0229994617876252,0.1374263140328736,0.07344159908477632,0.0,0.0,0.0,0.0,0.0,0.0,0.0,0.0,18.379448212789868,3.1609053674347485,24.547163057029717,9.949999565300542,18.740169102810412,2.7020991909966576,22.542558324066178,14.819331286431545,-0.9981818181818182,0.04260136186858175,0.0,-1.0,-1.0,0.0,-1.0,-1.0,6598.208706392757,3093.8794085195204,23579.136947770367,2222.114075305022,6061.100962288581,2389.92276911545,10073.629466272307,2222.114075305022,0.0,0.0,0,0,0.0,0.0,0,0,3.5499004439317905,0.8562317439815899,6.912970852380041,2.1152895322712846,3.4229134088086948,0.7173886977499289,4.493285572177216,2.1152895322712846,-354.99004439317906,20004,9000,90,25.651662809243135,16.915013377001742,13.455369655013783,56.02204584125866,428.25626485409157,8
3.0234294,3.12703,68.827484,-70.20119,51.87076,-2.186432,-190.60626,-70.08014,51.68681,-2.224605,-188.41257,-70.50756,51.806778,-2.2234547,-190.87471,3.0234294,6.1987796,44.186913,9.35985e-06,3.12703,6.730775,59.13285,1.3233503e-06,0.09521971,0.8485901,1.0,-1.0,-3.9100941595113845,1.2098286813425616,-1.4423714089996906,-7.036252471502854,-391.0094159511384,110.83362438349725,-180.2811685012149,-616.8582957012301,-0.051749676,0.6928806,1.0,-1.0,10,-2.9728841004314925,0.9916003786146308,-1.6509313998470612,-7.276780785823231,-297.2884100431492,81.8245567391278,-177.09386753365223,-415.55220879581765,-0.078933407602866,0.6619562659356942,1.0,-1.0,0.07499986929036136,0.03492084849986388,0.16205388166950707,0.03023638106681662,0.07574796502856845,0.03044576902873722,0.15342100427009422,0.04440984551053704,0.1164321585543941,0.07371981863985436,0.25944730347370915,0.029686829611819777,0.11745510248732373,0.07537339847618896,0.25944730347370915,0.029687266414461726,0.08912212231988287,0.02639099027723529,0.14596410510458424,0.05768265822796922,0.08951292260420775,0.0230921740720634,0.1379627436709544,0.06523787671917661,0.0,0.0,0.0,0.0,0.0,0.0,0.0,0.0,16.186079197710413,3.0135168254491997,23.15468602278021,7.935713444058153,16.46483732022132,3.2078726435973075,21.86360536424083,9.441897840622755,-0.98,0.13999999999999999,0.0,-1.0,-0.9090909090909091,0.28747978728803447,0.0,-1.0,8244.592423679158,4806.510213867262,23970.875867548508,1029.278198641588,7469.513963327492,4266.363986501547,16620.014966151088,1334.2176641036524,0.0,0.0,0,0,0.0,0.0,0,0,3.9100941595113845,1.2098286813425616,7.036252471502854,1.4423714089996906,3.7218194839370597,1.146651876612566,5.808226364812125,1.6406984659173744,-391.0094159511384,24004,10000,100,23.847739288983576,18.727558801001578,13.08714751304069,55.662445603025844,482.44796044511895,9
3.309276,3.7770662,83.71215,-85.302,62.336433,-4.133113,-241.06505,-85.01428,62.297882,-3.267408,-240.2871,-85.03357,62.37874,-4.513036,-239.45747,3.3092759,6.9060555,49.748703,5.0852585e-05,3.7770662,7.376743,51.700085,4.4718166e-05,0.16375485,0.84058183,1.0,-1.0,-3.792839042603904,1.2029881625034784,-1.249766447664081,-6.557736195114838,-379.2839042603904,110.08009855464265,-151.10978623395314,-588.1600954969198,-0.12245191,0.71259475,1.0,-1.0,10,-3.4566505626241186,1.1695585875247871,-1.4027251124485252,-6.927797200310452,-345.6650562624119,104.87120045163094,-170.40272176514685,-553.6910742755186,0.04278573085888068,0.5533565246438016,1.0,-1.0,0.08833666433048953,0.03562897628830157,0.1589404553404049,0.028455844761577954,0.09139213971246236,0.03488350626554099,0.1589404553404049,0.03360940700782223,0.13693193263944833,0.047246158711191207,0.20336703924524807,0.06922763518813119,0.13878526037529204,0.04737630980369557,0.20336644032729098,0.06922876090611808,0.10703706337847997,0.03350313508266007,0.15607953139791372,0.05695664480483065,0.1095560855625106,0.03321566374299,0.15017174474095052,0.061616357942556106,0.0,0.0,0.0,0.0,0.0,0.0,0.0,0.0,17.438416449537232,3.6851134682116324,25.53215882331852,8.941708790483508,17.482671830771515,3.8598519158122175,25.23748546939942,10.832768151347011,-0.9981818181818182,0.04260136186858175,0.0,-1.0,-1.0,0.0,-1.0,-1.0,7825.628347705409,4598.261924282757,21103.285968846634,772.9017182078645,7691.8812723211095,4979.822375580952,20448.694178720718,911.2396648287415,0.0,0.0,0,0,0.0,0.0,0,0,3.792839042603904,1.2029881625034786,6.557736195114838,1.249766447664081,3.7369563688572125,1.2608530978662984,6.45040249378132,1.3572501066199125,-379.2839042603904,28004,11000,110,23.557165923790308,17.276744980998046,12.88251468101953,53.71642558580788,534.9652359199317,10
4.879182,5.27598,89.23335,-90.990875,68.02649,-1.8899002,-273.20865,-90.604,67.76027,-1.295343,-270.32217,-90.360855,68.02524,-1.2265303,-278.36874,4.879181,14.74906,140.5894,4.533249e-07,5.27598,17.71516,172.65036,4.9266964e-07,0.0017592944,0.8609064,1.0,-1.0,-2.9516262912472193,1.5835163955463858,-1.4163623067874278,-8.52406592958836,-295.1626291247219,140.98598877573596,-191.57786042871598,-697.7437087303584,-0.03830984,0.718644,1.0,-1.0,10,-3.2544718845577547,1.1516206321641371,-1.564807130430006,-7.6628719726513745,-325.4471884557754,80.33145030151451,-220.79060179924852,-427.1837722162422,-0.08008217061200748,0.6154047674091658,1.0,-1.0,0.10748148637007791,0.03187307811676472,0.15281394429804593,0.02746801513409249,0.11150316773371204,0.029202647524207533,0.14566603415862728,0.05332678986645135,0.11612797809821855,0.06378193657041381,0.25411128798399407,0.0357089720829604,0.116632237010093,0.0692932545661047,0.2541103909822941,0.03570969350951656,0.11516923075793177,0.03391276782193484,0.19302514345122948,0.05644719042437242,0.12407340896442678,0.03153225668361856,0.19302514345122948,0.08808585408418239,0.0,0.0,0.0,0.0,0.0,0.0,0.0,0.0,19.072602280006883,3.84598688937327,25.90900558782194,6.391686497791004,19.840394094789406,3.268709328008942,25.89383464877589,14.980026173539835,-0.9872727272727273,0.11209500103126076,0.0,-1.0,-1.0,0.0,-1.0,-1.0,5511.060283824764,6731.994629131278,35412.41877838086,972.7635928394706,4182.577084886021,4727.023401347513,18213.273317583727,1240.8398258156458,0.0,0.0,0,0,0.0,0.0,0,0,2.9516262912472193,1.583516395546386,8.524065929588359,1.416362306787428,2.6283273993248986,1.28706277655592,6.166443198689163,1.5776140245266705,-295.1626291247219,32004,12000,120,26.43082182915532,16.065218802003074,13.754773890766955,56.25081452192535,595.1747532148438,11
8.164371,8.163473,95.613815,-97.846375,76.2494,-1.3405808,-285.26773,-97.54997,76.01574,-1.2967744,-286.89542,-97.47803,75.48181,-1.3355399,-286.72638,8.16437,28.796858,312.0315,8.2264305e-06,8.163473,22.948338,200.18475,1.5871055e-06,0.023396526,0.8782173,1.0,-1.0,-3.068584946002909,1.0723501835901648,-1.0150711495851168,-6.838631478783258,-306.8584946002909,89.69626206721615,-211.27657630722481,-548.7502419480927,-0.08832242,0.6226533,1.0,-1.0,10,-3.2113054005803496,1.214649419466289,-1.4396571360541623,-6.918815752187921,-321.1305400580349,98.1066565880107,-184.3065681224007,-543.7280118585339,0.10168546487313435,0.6338949068330484,1.0,-1.0,0.10560854301439879,0.04187279160839267,0.19579629258965617,0.02855748832776696,0.10915944645033114,0.04251381603533714,0.19541205542831264,0.045753819751290156,0.12544806280119347,0.04679847523672184,0.23596563935913273,0.028325233059145218,0.12598700807264251,0.047183618161986025,0.23596563935913273,0.07695767860289186,0.11494435686164776,0.04224196550854249,0.21323124098566382,0.05680231630811408,0.12032441706281297,0.044424361810750906,0.20995391567172514,0.06922732241727894,0.0,0.0,0.0,0.0,0.0,0.0,0.0,0.0,19.806411811364754,4.025675252509809,25.170963297225345,10.474753522685628,20.05569071023377,4.084169776264944,24.9411240596317,13.20265780100282,-1.0,0.0,-1.0,-1.0,-1.0,0.0,-1.0,-1.0,5220.74278569552,4083.7250506264672,22841.676077186225,509.74311559918476,4894.752916085884,3568.4244718386435,14980.819007728567,1439.3145876685935,0.0,0.0,0,0,0.0,0.0,0,0,3.068584946002909,1.0723501835901648,6.838631478783258,1.0150711495851168,2.9906385420365997,0.97998801063772,5.518591920037884,1.704911023157051,-306.8584946002909,36004,13000,130,25.47081337304553,20.01580851700419,13.42715924307413,58.91378113312385,651.680996436975,12
13.140533,9.855937,108.59439,-109.86244,81.4878,4.6472087,-274.18417,-109.987045,81.5848,5.1534348,-279.38812,-110.24767,82.22673,3.6790323,-291.46964,13.140533,39.045025,298.78717,2.2935128e-06,9.855937,27.934032,195.31317,1.07625965e-05,-0.05902508,0.83414066,1.0,-1.0,-3.344780287260375,1.4811665043305888,-1.3913821352132065,-7.935558648683067,-334.4780287260374,132.97126500446467,-150.4499263675709,-560.7956556442774,-0.027654367,0.5995318,1.0,-1.0,10,-3.326758606100311,1.148492570382631,-1.6721687193683408,-7.7971878255700515,-332.6758606100311,87.11857899805524,-177.8428516072639,-421.2220359211148,0.0325393928494782,0.5618432742124793,1.0,-1.0,0.08602376843006203,0.037048516350293256,0.1597977027236325,0.03106730222660423,0.09038111781322694,0.03583141606479329,0.15390294757064377,0.04226196021597001,0.09407494002787091,0.056874778067602265,0.23498193794880687,0.028768636427609587,0.09402938619300262,0.057602038522501245,0.2349818985973293,0.028768636427609587,0.09849285429210658,0.034513910161842735,0.17727420594926419,0.05684358094007486,0.10473055184502894,0.03407818427551001,0.17403614034238277,0.06247091460017899,0.0,0.0,0.0,0.0,0.0,0.0,0.0,0.0,17.230830362295904,4.125180987649115,24.321046652339668,9.395332878208684,17.643821290612063,3.9482753745314505,23.920560891663474,12.10116716801082,-0.9972727272727273,0.05215203457913988,0.0,-1.0,-1.0,0.0,-1.0,-1.0,6577.9610728553,5487.957714616845,30619.19930061718,959.7998659247241,5160.889887649043,3648.153448100835,11940.551815354243,1084.9493343689844,0.0,0.0,0,0,0.0,0.0,0,0,3.344780287260375,1.4811665043305888,7.935558648683066,1.3913821352132065,3.025560585163207,1.1530395938584443,4.981213171933601,1.4780854483403263,-334.4780287260374,40004,14000,140,27.083741262962576,17.608688211999834,13.838115220009058,58.53054469497147,708.8350882039595,13
7.486634,8.656517,110.44821,-111.53363,82.22421,-3.2548506,-286.2505,-111.56947,82.23005,-2.8275375,-289.76028,-111.4754,82.28543,-2.6211686,-291.04898,7.4866333,24.064436,262.1152,3.9329985e-05,8.656518,30.586077,321.91705,0.00023143576,0.021350043,0.8667685,1.0,-1.0,-3.393333542053706,1.4836649879739,-1.6519015965622836,-8.443461274996507,-339.33335420537054,133.49365267427507,-179.1926808678982,-614.4596912888178,-0.050610036,0.5425271,1.0,-1.0,10,-2.7739654061366266,1.1153435435802486,-1.3008648128869027,-6.936205657520171,-277.3965406136626,78.02336217589388,-181.55572211870685,-395.19023272930554,0.08167749682090979,0.5372775693208793,1.0,-1.0,0.08297484898838421,0.02698010137211166,0.14849774263331364,0.027995460402479685,0.08432122892013504,0.0264633168888617,0.1379282869696349,0.04549717052186406,0.16445569052519787,0.04985264517687333,0.27524647116222034,0.0642035845370374,0.16478820811313252,0.050739768069921344,0.2752464639362229,0.09084110588554149,0.0849804929096814,0.02250820261254121,0.1324835653431377,0.05716702821827917,0.08792178110822245,0.02211188287528232,0.1324835653431377,0.0649500696925542,0.0,0.0,0.0,0.0,0.0,0.0,0.0,0.0,17.991463227323408,3.499639238239614,25.25006956568428,11.290034665022453,18.499229442555748,3.667949438249435,25.197932029170826,11.660066678214474,-1.0,0.0,-1.0,-1.0,-1.0,0.0,-1.0,-1.0,6777.41116484206,5912.443394616879,35155.87267435649,1356.619126348226,6416.46164530582,5789.6705296293585,19130.753728647753,1366.1764083463386,0.0,0.0,0,0,0.0,0.0,0,0,3.393333542053706,1.4836649879739,8.443461274996507,1.6519015965622836,3.2838527038620424,1.489205493782059,6.209675821402981,1.657749267006284,-339.33335420537054,44004,15000,150,27.19602107490209,16.233526547999645,13.767663828155492,57.19721145105723,765.6525309450153,14
10.259029,9.255446,121.29065,-122.6189,93.54758,3.717634,-340.2371,-122.32991,93.72229,4.955529,-340.5424,-122.20842,93.97446,2.9921637,-340.90994,10.259028,49.475384,496.46567,1.5021302e-05,9.255447,44.710037,392.8339,0.0002065507,-0.1011643,0.85625374,1.0,-1.0,-3.7681044201636724,1.3775973123651661,-1.394688550504436,-6.824109922617271,-376.8104420163673,124.46836115316368,-176.61556387693523,-589.947873640588,0.03624768,0.60603905,1.0,-1.0,10,-2.9426128730213787,1.0370559015786096,-1.3470452323399011,-8.111987005200437,-294.26128730213776,91.43892575029784,-164.10736879443144,-514.1502540503097,-0.02400964720710105,0.5475632099534326,1.0,-1.0,0.07701701788378572,0.03125232137423237,0.1603447898052525,0.02873999933280093,0.07935903900929392,0.03085826206610325,0.13775117347975624,0.04380086657966132,0.13520184845360253,0.06770030407606592,0.2547585489060818,0.016298121929422996,0.13585323183392578,0.06891331289659061,0.2547585489060818,0.034116002954141134,0.09757347083872815,0.033191815566315945,0.18823923406571608,0.05691334175634894,0.10306242112306925,0.03351181879602785,0.18572393344331456,0.06529006527853275,0.0,0.0,0.0,0.0,0.0,0.0,0.0,0.0,18.120303725474777,3.413039656483144,26.02481470428093,7.721287798994044,18.561173626211044,3.3230241789643737,25.495211271336593,14.687490198120202,-0.9990909090909091,0.030137426280455952,0.0,-1.0,-1.0,0.0,-1.0,-1.0,7937.24845082349,5097.518854701776,22683.700125060725,964.272267920689,7765.411097222299,5488.2953927726,18923.461087203817,1012.7324823637148,0.0,0.0,0,0,0.0,0.0,0,0,3.7681044201636724,1.3775973123651661,6.8241099226172715,1.394688550504436,3.6880020148494954,1.467050985997588,6.1828916459160315,1.4290183627172046,-376.8104420163673,48004,16000,160,20.900246324104955,15.880031631000747,11.00750844218419,47.78778639728989,810.9029910273093,15
9.798843,8.451874,126.36897,-127.94479,90.56676,2.252822,-313.10455,-127.84522,90.57573,3.5108976,-312.8778,-128.24579,90.80909,3.116921,-309.79794,9.798844,28.411406,263.84286,9.0477144e-05,8.451874,27.002268,269.4445,5.4401204e-05,-0.05349873,0.844057,1.0,-1.0,-3.1386844901116513,0.9126185464877424,-1.5134306825705928,-6.8608996869618215,-313.8684490111651,79.85869210116908,-195.5280571545314,-460.0040804430728,0.048792142,0.6999303,1.0,-1.0,10,-3.2335080645350174,1.1148645654094398,-1.4144407513997566,-7.382650372933965,-323.3508064535016,91.81306976913724,-178.06808477702907,-477.731858849184,-0.03342821978026464,0.5445986302397521,1.0,-1.0,0.09398890214898759,0.030162141787574252,0.17309802185161519,0.034439879679180906,0.09732923471274205,0.027728730290733243,0.15658532297489122,0.06343566653573474,0.1198516591752013,0.06404583970005746,0.25953603305525874,0.01900023088390953,0.12116260655167706,0.06451624042105399,0.25913486536911423,0.01900090427146738,0.09699540904051555,0.02619223550986688,0.14617668088175206,0.05736697533909463,0.10056494294608731,0.025525483604895653,0.14617668088175206,0.0663867069950114,0.0,0.0,0.0,0.0,0.0,0.0,0.0,0.0,20.148736506413137,2.146303707958057,25.281958469779717,8.873358212477157,20.897588924302365,1.531250152748463,24.95195783747453,18.819112635415827,-0.9990909090909091,0.030137426280455955,0.0,-1.0,-1.0,0.0,-1.0,-1.0,5273.087997724425,3148.341686586183,23155.00066527526,1131.247894245303,4795.245330206145,2297.6404058603453,9001.03735835367,1425.4419500048762,0.0,0.0,0,0,0.0,0.0,0,0,3.1386844901116513,0.9126185464877424,6.860899686961822,1.5134306825705928,3.0244152829745077,0.7451086853651361,4.27638139193069,1.6971383518786762,-313.8684490111651,52004,17000,170,22.90177537096315,13.35086509300163,12.139815149050264,48.392455613015045,861.23368515334,16
8.803509,8.135508,132.50717,-133.57832,98.78237,-4.7729716,-368.965,-133.78207,99.38889,-4.828461,-369.23132,-134.9491,99.692825,-5.186565,-372.17746,8.803509,16.303328,107.30969,0.00049053977,8.135508,13.855533,113.27681,0.0014573751,0.06276956,0.8137051,1.0,-1.0,-3.5621607661951558,0.9143113759633573,-2.220747925153954,-6.811080623766569,-356.2160766195156,85.27205873565187,-225.16782679278901,-508.98308283376497,-0.07090774,0.48964334,1.0,-1.0,10,-3.3707458208213703,1.403164844060618,-1.3632699298112,-8.411982324955844,-337.074582082137,120.57974327503251,-157.15108847699076,-507.8162478360837,-0.05808537155830556,0.5904797320103362,1.0,-1.0,0.07258208143280585,0.022124717889057878,0.1241709747287292,0.03130574497437904,0.07205541406800954,0.021393316368352403,0.11918877058166162,0.048249982926790703,0.12258060704507283,0.05742706936289262,0.21795241880450297,0.02258480894257041,0.1229100792784744,0.057596911742298466,0.21795241880450297,0.049733598713547024,0.09185259569129149,0.022243690701811484,0.14262793612814234,0.057242454395577534,0.09263865752594148,0.022202327962724196,0.14044686753319813,0.07194240253459055,0.0,0.0,0.0,0.0,0.0,0.0,0.0,0.0,15.713609042182856,2.359227729775618,21.517070644123255,8.807313203201353,15.851120771323975,2.4305696452619143,19.695939350859252,11.734802518902125,-0.9990909090909091,0.030137426280455955,0.0,-1.0,-1.0,0.0,-1.0,-1.0,6682.553977762882,3371.721100311542,22417.043587269374,2433.240872495022,6514.906378073182,3206.6700014074845,12918.240340439788,2475.0619425614195,0.0,0.0,0,0,0.0,0.0,0,0,3.5621607661951558,0.9143113759633573,6.811080623766569,2.220747925153954,3.519667256531376,0.8909481609827163,5.1405312215274535,2.2396302529502354,-356.2160766195156,56004,18000,180,31.564013066024927,15.270567581006617,13.56261007104331,60.39719071807485,921.3975222934096,17
8.583696,9.710691,139.7765,-140.61438,112.178505,2.6762292,-477.6736,-140.50748,112.15488,3.2498336,-478.51117,-140.87256,112.16451,3.4164836,-476.95526,8.583696,27.114704,260.03088,6.6953726e-07,9.710691,28.011314,197.57199,3.913883e-05,-0.0019113449,0.86221415,1.0,-1.0,-3.2546286451251363,1.1482565750421263,-1.765921265314403,-8.42806339169755,-325.4628645125136,85.10471715115723,-212.29645257574384,-499.277742518428,0.03541215,0.7278263,1.0,-1.0,10,-2.884005765840682,1.072264841362868,-1.5679934255571015,-7.479041244242728,-288.40057658406823,69.40488197410596,-202.44326082264774,-435.6618528468513,0.020255170372867545,0.5738717357096594,1.0,-1.0,0.09297244554849272,0.03615796055298303,0.15340389336046104,0.03005436517563639,0.09297094896259281,0.03877096515520391,0.15330777160099535,0.039716848694354635,0.15848904718645113,0.04261465117104007,0.22525319613438807,0.05729769869692644,0.16062577678330633,0.04365696154430727,0.22525319613438807,0.06761389299848851,0.10597913965564945,0.028082358357912347,0.17767077611241455,0.056860849366483855,0.11605145221906454,0.031224398818409414,0.16032639901915996,0.07507256390189491,0.0,0.0,0.0,0.0,0.0,0.0,0.0,0.0,18.685406540721598,3.4258708319371918,26.367730735589664,9.62374674155738,18.609457174633345,3.41371373618596,25.002267025239615,12.351722317707923,-0.9990909090909091,0.030137426280455955,0.0,-1.0,-1.0,0.0,-1.0,-1.0,5889.814645146553,4376.33763077871,34642.841694347604,1549.029869102426,5240.0829640234315,3280.5414761475076,13022.525889268982,1637.8467059324157,0.0,0.0,0,0,0.0,0.0,0,0,3.254628645125136,1.1482565750421263,8.42806339169755,1.765921265314403,3.103080248874218,0.9851816803973753,5.150408826964708,1.8123191981725355,-325.4628645125136,60004,19000,190,38.37608831389662,15.0385817100032,15.416554275936505,68.83122429983632,990.6147579202443,18
6.9032106,7.6594505,142.0679,-143.28839,106.89024,-5.201692,-385.31152,-142.83017,106.60953,-5.045853,-382.03192,-142.88577,106.806076,-5.6782527,-388.4913,6.90321,20.578642,206.93729,0.00079406553,7.659451,17.335865,152.24991,0.00023108769,-0.048325647,0.85043347,1.0,-1.0,-2.702963027512849,1.0688141906692679,-1.4421848078963735,-7.609947731246621,-270.2963027512849,88.8325052970279,-154.00553867906885,-526.0442953650348,0.026286982,0.681982,1.0,-1.0,10,-3.0885646252754095,0.8383330933070386,-1.2551485362983161,-6.546873445813098,-308.85646252754094,60.843582996589355,-231.1100380608235,-424.9663197954366,0.02099917203975316,0.635072926430425,1.0,-1.0,0.10540406062879483,0.03523756308300601,0.1907225691307769,0.0305679342209004,0.10847688556313843,0.0348649978523597,0.1907225691307769,0.05400803843286976,0.098531462685858,0.057272162902834337,0.1949858895759126,0.022118533943523973,0.0982175878167621,0.057807463176568534,0.1949852513413159,0.022120368312127284,0.10378502807846025,0.03280715777705327,0.1749911281905379,0.05735904018017176,0.10587455036026626,0.03481811591726111,0.17498782337351773,0.06902103792894988,0.0,0.0,0.0,0.0,0.0,0.0,0.0,0.0,19.437764153495642,3.9862676469473817,24.76995768137486,8.087917521981066,20.036673650720726,3.967427436772287,24.746488572222376,12.008199172498662,-0.9963636363636363,0.06019252857180672,0.0,-1.0,-1.0,0.0,-1.0,-1.0,4174.864093686647,3989.2767950064235,28552.238328165724,1026.1891200497955,4121.696377932826,4369.9919968490285,17649.32295011186,1038.2247226523436,0.0,0.0,0,0,0.0,0.0,0,0,2.702963027512849,1.0688141906692679,7.609947731246621,1.4421848078963733,2.657916768521796,1.129089685162356,5.978454081803417,1.4505720463804872,-270.2963027512849,64004,20000,200,23.882179527128756,15.429272744004265,11.945411223998235,51.256863495131256,1043.1849724393687,19
11.745722,9.277527,137.6152,-138.494,100.86249,-2.6170511,-361.60828,-138.327,101.06635,-2.3553367,-363.53928,-139.68164,101.105316,-2.8749607,-364.30832,11.745722,38.585617,412.6863,8.055009e-06,9.277526,24.227861,213.19806,0.0003743507,-0.092892975,0.8515375,1.0,-1.0,-3.0322970464786208,0.666916318994685,-1.933827870037787,-6.552459815205768,-303.2297046478621,51.79872304467232,-228.5841994157608,-364.2224596493647,-0.07630133,0.5919418,1.0,-1.0,10,-2.9781208196256106,1.2861829774758562,-0.970281531300454,-7.815755213093078,-297.8120819625611,97.17400739746698,-202.1380199154346,-542.4892071613432,-0.014269692231687937,0.6194053739151445,1.0,-1.0,0.09268631034669658,0.03297681764399892,0.1840200572000086,0.027818126511113487,0.09576789676319382,0.03616844765845505,0.1840200572000086,0.044336251173697924,0.14314726452636453,0.03374048841470113,0.19928343545778462,0.026021123353555883,0.14469987722437444,0.03229399679961887,0.19928299728070048,0.08756689901169179,0.11175496270821474,0.03405836412783863,0.22335107661738451,0.05753702207371391,0.11575054764730322,0.03891243544242844,0.22335107661738451,0.07529020799327336,0.0009090909090909091,0.030137426280455955,1.0,0.0,0.0,0.0,0.0,0.0,17.6304237002779,3.834756264089355,25.287882192360478,7.005949029168565,17.724502936573483,3.798480486533534,24.78348348075759,11.308645340564777,-0.9945454545454545,0.0736531967291967,0.0,-1.0,-1.0,0.0,-1.0,-1.0,4778.978359163319,2154.1642653453005,21217.172977775255,1863.8294503359646,4370.504413295385,1568.6331233945878,6438.418726958098,1872.1134498208744,0.0,0.0,0,0,0.0,0.0,0,0,3.0322970464786208,0.6669163189946851,6.552459815205768,1.933827870037787,2.911672339219187,0.5742925492622504,3.6002989033236505,1.9387202821015,-303.2297046478621,68004,21000,210,24.646199036942562,16.745533169996634,12.446017792892235,53.83774999983143,1095.432508212216,20
14.378989,14.320935,147.2813,-149.3263,115.84291,3.3177748,-424.61053,-149.07034,115.25838,3.084366,-422.41302,-148.59183,115.45196,2.7460322,-423.8462,14.378987,91.71153,1041.2734,1.716247e-05,14.320935,87.05028,972.6668,3.772002e-05,-0.086165935,0.84877336,1.0,-1.0,-3.314716071585316,1.1652169845512537,-1.4934631044270683,-7.614389782183557,-331.47160715853164,98.27554886411879,-168.93505965927156,-497.5915162712936,-0.03182234,0.71397877,1.0,-1.0,10,-3.832789435782778,1.528962322845437,-1.4829104680012495,-9.039650864762718,-383.2789435782778,118.20495428850533,-185.64490819914732,-606.8640385240308,-0.13831876593181602,0.6177914551446599,1.0,-1.0,0.0950666588263426,0.035682306775101924,0.14706836647532298,0.028911710007413983,0.09721125682334891,0.03711457733995042,0.14706836647532298,0.0366637510530188,0.14846070601352898,0.0659910622216851,0.248744781068942,0.038043943339024125,0.1509749470585509,0.0672583870661625,0.24874373643064593,0.038043943339024125,0.09702391801846161,0.027048968365942644,0.14264004685801226,0.05713315256600008,0.10111447546946835,0.02814150618987361,0.1404048051973926,0.06380441045317359,0.0,0.0,0.0,0.0,0.0,0.0,0.0,0.0,19.454679016860528,3.712893106106988,26.080977024507046,7.928263526956221,19.56280487957689,4.624659303551621,25.772740263990354,8.480732850461212,-0.9754545454545455,0.1547351776636831,0.0,-1.0,-0.9090909090909091,0.28747978728803447,0.0,-1.0,6103.675775215329,4215.780555946539,28362.157543158406,1108.2826530966367,5337.98375836244,3045.5120184463285,11579.559810254385,1235.2765907119724,0.0,0.0,0,0,0.0,0.0,0,0,3.314716071585316,1.1652169845512537,7.614389782183557,1.4934631044270683,3.1363493974274834,0.9790772596177322,4.842232831109933,1.5758993785144502,-331.47160715853164,72004,22000,220,26.419990735092142,15.158282538999629,12.886022536164091,54.46429581025586,1149.7783303074611,21
11.796182,12.7771225,157.26646,-158.25694,113.58227,-4.1286554,-457.3479,-158.29868,113.769485,-4.622067,-457.91266,-158.6983,113.84019,-5.4065104,-457.78998,11.796182,49.696735,532.9464,8.583069e-06,12.777124,47.44638,516.06396,3.165951e-05,0.048425768,0.860479,1.0,-1.0,-3.296695459952594,0.8554876270542795,-1.7513000870820836,-7.639885627264658,-329.66954599525934,66.16130484162446,-217.7676675389244,-454.1727487228199,0.021957623,0.6051574,1.0,-1.0,10,-2.9054890098178867,1.1210580145658495,-0.814718375551373,-7.853214809636183,-290.54890098178873,82.84834049873842,-155.1358549163054,-395.77872616830575,0.04155966527224381,0.5984945163479167,1.0,-1.0,0.07470250248373213,0.021514845595782234,0.15915719022127037,0.02960522115194195,0.07234616721056887,0.018462396533876393,0.11795537972717349,0.05547701614583396,0.11673331385841001,0.06524284955430648,0.2243723470348101,0.033620950354377475,0.11709047835086897,0.06664656851141601,0.2243711410692385,0.03413251871283003,0.08622304409913713,0.017568031405505932,0.1257748551740483,0.05733961257032115,0.09193678693399748,0.01795775342931424,0.11396796721783609,0.06459524847422851,0.0,0.0,0.0,0.0,0.0,0.0,0.0,0.0,15.629278642233025,3.031983532860267,23.36208905301887,9.296031076304892,15.301314240536493,2.8556659685934482,20.74486637625941,11.221439632249641,-0.9972727272727273,0.05215203457913988,0.0,-1.0,-1.0,0.0,-1.0,-1.0,5751.998090562405,2977.9738532693195,28580.65831081979,1528.5031928454541,5636.290615607234,2663.6131713865375,11426.612521963294,1607.8771692050304,0.0,0.0,0,0,0.0,0.0,0,0,3.296695459952594,0.8554876270542795,7.6398856272646585,1.7513000870820836,3.2687786953517106,0.8227558081020683,4.801222721809851,1.7962568256931974,-329.66954599525934,76004,23000,230,26.703673095980776,15.034398090996547,13.065321295944159,54.80339248292148,1204.7273780443793,22
10.108933,8.854277,163.21657,-164.27115,120.69956,11.404209,-468.65656,-164.27197,120.892784,12.028302,-465.02554,-163.96701,120.72528,9.804128,-471.8842,10.1089325,21.811832,152.0519,0.0020441061,8.854277,17.591566,109.90228,0.00022635702,0.016038882,0.8533071,1.0,-1.0,-3.085951753327798,1.2015075326443803,-1.2774025507873823,-7.448280726621533,-308.5951753327798,108.59735487114817,-169.24511116704306,-503.0744027800707,-0.054637454,0.6397306,1.0,-1.0,10,-2.907565159574441,0.8900674070819329,-1.567957530493676,-7.429880363615766,-290.7565159574441,57.20952090308192,-220.00575936109976,-389.4392510820468,-0.05886734033254262,0.6429579678440774,1.0,-1.0,0.10116789042988424,0.03513102419508422,0.1772171942307953,0.03046744062534496,0.1064400102480351,0.036425917050948005,0.1772171942307953,0.05297462222103034,0.13837775631002908,0.04731401272429141,0.24726387988254442,0.07301920151687522,0.13872314891913642,0.048083362817995856,0.2472626239468942,0.07302073541327073,0.10252456279972078,0.027146935794271,0.16247987537580225,0.0569725704768991,0.10390490525665262,0.02586307334879722,0.1461765717668501,0.06684510888794323,0.0,0.0,0.0,0.0,0.0,0.0,0.0,0.0,18.265834766118726,3.002250074681823,23.82425206682546,10.008115123232594,18.70963830775126,2.8396749920347295,23.82425206682546,15.12453239607503,-1.0,0.0,-1.0,-1.0,-1.0,0.0,-1.0,-1.0,5424.609699917081,4322.052477142203,27144.937931289336,811.6619374315804,4873.876218239702,3346.601235163084,12091.449261357277,1412.8803819329987,0.0,0.0,0,0,0.0,0.0,0,0,3.0859517533277985,1.20150753264438,7.448280726621533,1.2774025507873823,2.9694164884066097,1.0189874568231596,4.954887529518639,1.687327193831916,-308.5951753327798,80004,24000,240,25.222775001006084,15.184671027003787,12.421062660185271,52.82850868819514,1257.383949175579,23
12.554846,16.483578,155.70947,-156.71857,116.1371,0.4117989,-376.39297,-156.59827,116.63762,0.78154165,-380.17383,-158.36603,116.66813,0.29889008,-376.77344,12.554846,21.199896,161.13068,1.3249964e-06,16.483578,49.580322,495.4109,0.012479033,-0.04498405,0.849471,1.0,-1.0,-3.23247651675799,1.2034779484897462,-1.8154196312349857,-7.296427018275013,-323.24765167579903,103.67006817328395,-195.9849100574436,-522.139914153924,0.0038196929,0.6993084,1.0,-1.0,10,-2.9581681135206654,1.0244547677717015,-0.79782809918415,-7.140044926997792,-295.81681135206657,75.75952402409368,-154.2244655904713,-417.2796354542675,-0.006062353700863912,0.529851210471946,1.0,-1.0,0.09821468741815055,0.033719556869297625,0.15942041151689704,0.028671437590583722,0.10324047923553073,0.029920550575430475,0.1574932660715722,0.060987360165463335,0.15005968558713,0.04372544874348327,0.2190556909761793,0.02555078922332656,0.15269138089490555,0.042915936819676474,0.21905506382657283,0.09441005522242839,0.107557039549268,0.03279371988005449,0.17271363310996404,0.0577108146539738,0.11243265582136558,0.034278071072283624,0.17271363310996404,0.06692004626711778,0.0,0.0,0.0,0.0,0.0,0.0,0.0,0.0,18.41771019398485,3.4690513515053456,23.998906485404582,7.592051530625665,19.097581977925714,3.165554162099556,23.281680511580156,12.32117047321663,-0.9954545454545455,0.06726658448613064,0.0,-1.0,-1.0,0.0,-1.0,-1.0,5874.265304373128,4401.795170839634,25988.086912479816,1639.3417406575495,5706.374006409413,4185.782531233753,15034.960364870294,1871.0386096113314,0.0,0.0,0,0,0.0,0.0,0,0,3.23247651675799,1.2034779484897462,7.296427018275013,1.8154196312349857,3.194347678320402,1.1670023120235564,5.52548656560716,1.943070966315222,-323.24765167579903,84004,25000,250,23.5904550139021,15.000132524000946,12.090776584023843,50.68136412192689,1307.4197889465213,24
17.370327,17.85116,156.49173,-158.01942,113.13136,9.674348,-568.83594,-158.03181,113.23773,8.32993,-566.26404,-158.9801,113.20837,7.436642,-564.5513,17.370327,60.412292,636.7814,0.0012116743,17.851162,75.97501,814.0671,0.00015125517,-0.14016217,0.8291788,1.0,-1.0,-3.250945835245076,1.0524386005985538,-1.7252528202492154,-7.865747107459656,-325.09458352450764,77.151081219121,-210.73902567847844,-472.6248582793931,-0.14192738,0.6610157,1.0,-1.0,10,-3.3388133440052443,1.0612458592386194,-1.8520604589929206,-9.071708351545631,-333.8813344005245,77.69641388821047,-241.80590707103312,-521.4873811409498,-0.01175101670484841,0.5835539222924798,1.0,-1.0,0.10262307790133546,0.034929627803913905,0.17746152394849138,0.030221642565899327,0.10629340947145013,0.03399884412891237,0.16365229248873825,0.04463714156062507,0.1078738921420006,0.051095580418037814,0.20883089442868782,0.010704750563729848,0.11224945724897452,0.05150853901207258,0.20882943926781666,0.020709751692265844,0.1136787561989894,0.03369614885042516,0.18270768808849466,0.056954005249404735,0.1233203445367542,0.0309467170700916,0.1799084811852034,0.07604680961871092,0.0036363636363636364,0.06019252857180673,1.0,0.0,0.0,0.0,0.0,0.0,17.73450729602817,3.867555683344236,24.609154562352217,7.886302785608574,17.745706196681336,3.999984709723447,22.416391199003787,9.193954351457585,-0.9572727272727273,0.20224157063413545,0.0,-1.0,-0.9090909090909091,0.28747978728803447,0.0,-1.0,5781.532005293622,4160.586061577052,30237.044815969206,1479.165757573721,4824.769065599991,2431.698838964633,9515.156492687489,1718.545298477051,0.0,0.0,0,0,0.0,0.0,0,0,3.250945835245076,1.0524386005985538,7.865747107459656,1.7252528202492154,3.016472075853076,0.7943109982349222,4.381206890327437,1.8610175433232303,-325.09458352450764,88004,26000,260,25.380335116053175,14.35263072399539,12.52251572903333,52.255481569081894,1358.3649042185862,25
8.346486,8.336192,158.38538,-161.29861,120.881096,-3.3249457,-415.49777,-161.35295,120.91572,-3.1421633,-414.52994,-161.91435,121.530304,-2.2124593,-418.80695,8.346487,16.309242,101.87455,2.369308e-05,8.336192,18.462545,143.47972,1.2316741e-05,-0.07406007,0.84262484,1.0,-1.0,-3.036600564786474,1.0673067827668274,-1.53728973385896,-7.962533957158159,-303.6600564786474,87.93877983443451,-189.48914968916637,-476.0851331201334,-0.056253828,0.7254925,1.0,-1.0,10,-2.888010200354989,1.1235583277871828,-1.3889488954239702,-7.660291332149442,-288.80102003549894,79.09435483423987,-145.5348675350574,-450.07030015431474,0.00903140428814805,0.664384648968199,1.0,-1.0,0.08895139683503996,0.040472016811649456,0.17301777280672564,0.027855821019442232,0.09263647407566399,0.041039902058163505,0.16251856734068656,0.0396852204701311,0.1396664080926839,0.029802694580984453,0.18014465740636146,0.07473289093380929,0.1416994912704871,0.030024667844294268,0.18014325784642674,0.09042333613982619,0.11235466710355727,0.03733573874018693,0.1850012875085723,0.05638774480625438,0.12213250332942267,0.037482040904064644,0.18451984309370578,0.07628404502821971,0.0,0.0,0.0,0.0,0.0,0.0,0.0,0.0,18.80310341274744,5.281270565672899,26.489650362298125,7.9725422682571265,18.928950766771678,5.572414221453192,26.268230446603127,10.937794824938392,-0.9936363636363637,0.07951817714125348,0.0,-1.0,-1.0,0.0,-1.0,-1.0,5124.758182904041,3624.6856774526186,31109.51307754332,1167.5069219510056,4315.443261792335,2696.6127326583355,9720.841943456404,1225.5359590877497,0.0,0.0,0,0,0.0,0.0,0,0,3.036600564786474,1.0673067827668274,7.962533957158158,1.53728973385896,2.8073600762797364,0.9096529138985276,4.4333047994944605,1.5682905399214966,-303.6600564786474,92004,27000,270,23.301588914015156,13.055488541998784,12.168077342961624,48.525154798975564,1408.9355338445748,26
16.271175,14.577962,168.11568,-169.16742,125.72722,1.3066399,-438.4663,-168.9408,125.657364,2.2140508,-439.2359,-169.43987,125.865906,1.9161826,-437.1365,16.271175,85.67437,886.26135,0.0013646765,14.577962,107.65161,1221.9877,6.0085207e-05,-0.0068696206,0.85293937,1.0,-1.0,-3.0836151335449067,1.2030124399951354,-1.3696515265676665,-7.955710104678504,-308.3615133544906,83.90227429158715,-200.46223795981336,-471.9134362240557,-0.08350192,0.6763379,1.0,-1.0,10,-2.7072882813769574,1.0677363482498303,-1.0441122074047704,-8.933528391788311,-270.7288281376958,50.552840398896954,-189.01117741071022,-363.08051542113026,-0.036894901995588855,0.5932829511454832,1.0,-1.0,0.08834791519664921,0.03775596799794983,0.17065055152481617,0.03143480395754934,0.09037444118101477,0.035900129858103265,0.14962204813653046,0.043464592693688284,0.13815597243968017,0.05361882896042127,0.28187725450094203,0.03395225273391813,0.14066843825071035,0.05334645343771139,0.2818747242822184,0.0653518762443829,0.1059876143106442,0.036190797654974446,0.17750549652880362,0.057117329353003087,0.11138473805208281,0.03463926372447131,0.17622723887372463,0.07000569326193128,0.0,0.0,0.0,0.0,0.0,0.0,0.0,0.0,16.780428394083867,3.0385463877333767,23.348681720832346,8.599599429169714,16.71952101436506,2.966439343543843,21.800690619693192,11.96278350376768,-0.9981818181818182,0.042601361868581746,0.0,-1.0,-1.0,0.0,-1.0,-1.0,5411.820615045412,4347.217769551642,31313.967901115946,933.0435272404998,4288.530174198453,2796.6103604525974,9964.758638164763,1035.539359552816,0.0,0.0,0,0,0.0,0.0,0,0,3.0836151335449067,1.2030124399951356,7.955710104678505,1.3696515265676665,2.7904742343441993,0.9404846447782356,4.50975571279525,1.4432363576563016,-308.3615133544906,96004,28000,280,24.068783694958256,15.096083517004445,12.489892736179172,51.65475994814187,1460.921005176715,27
8.336531,7.460405,165.34572,-166.27786,123.11625,-6.36929,-451.993,-166.4543,123.104645,-5.5761685,-445.94785,-166.58983,123.254684,-3.0751562,-451.83536,8.336531,25.136322,247.87749,1.9446248e-05,7.4604044,20.41904,203.74626,0.0004910468,0.015499208,0.86414355,1.0,-1.0,-3.4268377768824263,1.3508388913652347,-1.1742842416520836,-9.21099044216674,-342.68377768824257,119.43365008681205,-127.19170481902881,-552.6033813237138,-0.026523173,0.6669003,1.0,-1.0,10,-2.7865034858396305,1.1294819119057966,-1.2212607762486907,-7.415951281923744,-278.650348583963,94.74877100298991,-141.47796871622424,-444.9924679121408,0.056985928885444355,0.6335694120901284,1.0,-1.0,0.08268077115259656,0.032601127390924474,0.16018441166573397,0.02883526067350324,0.08468372276465087,0.02880030183019874,0.1588208088438705,0.05488827142611154,0.11018728013720275,0.042944971366195066,0.21550649980290126,0.031949084720323,0.11123784295680053,0.043137089543314876,0.1951532010171484,0.05369692448651374,0.10420674178168784,0.03731046839714683,0.2040165622294293,0.05648259762130407,0.1096070612011756,0.04013756484850819,0.19704555899991508,0.06815417858257929,0.0,0.0,0.0,0.0,0.0,0.0,0.0,0.0,17.840077725403408,3.0827619810703526,24.5239962047391,10.215742726877252,18.076073634840863,2.8059808381715277,23.973551362628005,14.176073001774292,-1.0,0.0,-1.0,-1.0,-1.0,0.0,-1.0,-1.0,6695.3641272267905,5133.694871167287,41209.24915866065,682.5537063097403,5842.566730290885,3969.286799800885,13437.081031846681,859.7709889078704,0.0,0.0,0,0,0.0,0.0,0,0,3.4268377768824263,1.350838891365235,9.210990442166741,1.1742842416520836,3.236441224881012,1.1649673250200243,5.205293529159475,1.3189266353043883,-342.68377768824257,100004,29000,290,25.49783753794327,15.409829938005714,12.739744387043174,53.64741186299216,1516.0435465006958,28
8.125896,8.195377,174.40796,-175.9986,127.0873,-4.2274284,-472.44598,-176.04474,127.20656,-4.710819,-474.47717,-175.9661,127.18778,-5.295639,-467.56653,8.125897,15.6954565,120.087135,0.00025755214,8.195377,19.338833,162.95096,0.00021535975,-0.20267162,0.85193187,1.0,-1.0,-2.876488828912111,0.9747382902807341,-0.8305192894452957,-6.002520045043844,-287.64888289121103,89.07899268016418,-108.02605911300509,-420.56885419013815,-0.03812136,0.63452667,1.0,-1.0,10,-2.6929137802801226,1.0102229953003845,-0.9667822732722346,-7.2832667678082235,-269.29137802801216,62.32041654864501,-217.42634024143732,-424.08870228787487,-0.06421261950573459,0.5628001560602964,1.0,-1.0,0.10148898942896828,0.02574170998418122,0.16122660689724247,0.028620651690342374,0.10096558524725659,0.023746607251481533,0.13869951281539475,0.07025185149949505,0.13008392271277772,0.06006394722751435,0.20072077460327034,0.013711500744704794,0.12986327335636566,0.06159109858159211,0.1984937323423819,0.013711500744704794,0.10903347842103986,0.028280353463063908,0.1685118291898866,0.05736172847461304,0.11197182810506728,0.025769331824881767,0.15458088608136658,0.07408717836225279,0.0,0.0,0.0,0.0,0.0,0.0,0.0,0.0,18.112913717089295,4.3077062334936,26.102102481233043,5.786121352648423,18.075876834127886,3.9728119141041547,26.06943262109281,11.842312657957144,-0.9654545454545455,0.1826254804667259,0.0,-1.0,-1.0,0.0,-1.0,-1.0,4573.3740750848765,2816.147206596625,17814.753715500105,341.97908350116904,4312.177795567164,2385.210762973154,8949.476108777757,357.2589551263713,0.0,0.0,0,0,0.0,0.0,0,0,2.876488828912111,0.974738290280734,6.002520045043844,0.8305192894452957,2.8023493206366394,0.9174438136167743,4.2477767898408185,0.8488179521724529,-287.64888289121103,104004,30000,300,29.757950783030537,16.912388467004348,13.643077503998938,60.313416754033824,1578.2124028117396,29
10.519192,12.17646,180.48071,-181.60255,127.09278,-7.4629273,-504.2593,-181.73956,127.05059,-6.3307624,-509.0715,-181.01407,126.59772,-4.950704,-500.53494,10.519193,58.060368,658.3473,4.3064356e-06,12.17646,47.28616,515.47797,0.0009791869,-0.14446603,0.8199284,1.0,-1.0,-3.119883280722817,1.0170142369510453,-1.6585538418240615,-7.733030892046137,-311.98832807228166,93.71866502916262,-174.75555863987546,-535.8925524787796,-0.088580936,0.56985646,1.0,-1.0,10,-2.982526266281793,1.1778617331739123,-1.7743986031202579,-7.888537357469372,-298.25262662817937,91.47648386790277,-196.19966364958512,-551.1387596009031,-0.09138438334730042,0.6255398977790293,1.0,-1.0,0.10972963356348327,0.04322339858707639,0.18606479086477493,0.029394890430089596,0.11023802966346637,0.043094853529988666,0.18367594971160678,0.050778565238561196,0.10677628118963924,0.0680150398298678,0.2452044247647522,0.03278875214613018,0.10900956517391443,0.0695544412893927,0.2452029448584141,0.03278903285780322,0.0933723985972062,0.020389015316417028,0.1422117225768151,0.05772744814408421,0.09355245418161512,0.020237958775885478,0.13961104848647016,0.0724210451371493,0.0,0.0,0.0,0.0,0.0,0.0,0.0,0.0,18.802230423326666,3.9024785597520726,23.991349844448276,8.002276684886873,19.307461585074638,3.4440925298055003,23.898319142230775,13.069221556594254,-0.9736363636363636,0.16021421610244926,0.0,-1.0,-1.0,0.0,-1.0,-1.0,5319.5661384100995,3813.11278632413,28890.422120558917,1366.5933202524361,5320.89713223791,3783.396410577293,15608.419676603493,1474.704088519397,0.0,0.0,0,0,0.0,0.0,0,0,3.119883280722817,1.0170142369510453,7.733030892046137,1.6585538418240615,3.1180925665509562,1.0228661211627728,5.636714579439396,1.7227430977490705,-311.98832807228166,108004,31000,310,28.45529455925862,18.76506603600137,13.521375500124122,60.74173609538411,1638.4444773821378,30
15.893473,17.253143,184.17972,-186.06958,129.6869,-5.9385056,-544.7123,-186.39679,129.57964,-6.062336,-542.0061,-185.28244,129.29135,-5.9629374,-539.8896,15.893471,89.96713,1014.1196,0.0005969082,17.253141,75.5521,824.90686,3.6379788e-10,0.07219952,0.8530015,1.0,-1.0,-3.000490814685145,1.1515213611323125,-1.3489695795709835,-7.427048628165271,-300.04908146851443,91.62734536831637,-187.29107261647744,-469.3171314172527,-0.01789599,0.6036467,1.0,-1.0,10,-2.830302061106234,0.9291702888390572,-1.5520185929761814,-6.1014797041586055,-283.0302061106234,75.75944127226734,-190.20471020279035,-391.88483967378727,-0.1014199990256194,0.5791488920439181,1.0,-1.0,0.1050744329699668,0.03343711620066292,0.18377191743100382,0.02955755018763161,0.10913398261677357,0.036290403380778574,0.18311891814608988,0.05022906549628194,0.13306102662935934,0.07939524961822637,0.30229747021877673,0.018966219184103073,0.13671084737734632,0.08018064297300509,0.3022948634758165,0.018967959211378067,0.12815218376105392,0.04773211559889382,0.2169591778133714,0.05691149207218376,0.13723447412411052,0.04844770848956388,0.21653940724105603,0.07955158108184535,0.0,0.0,0.0,0.0,0.0,0.0,0.0,0.0,20.027321153981394,3.5596190818177984,26.27552529497945,8.133796571980149,20.250026710784393,3.7649167233293275,25.416902772741917,13.330823869960295,-0.9972727272727273,0.052152034579139875,0.0,-1.0,-1.0,0.0,-1.0,-1.0,5095.760348789919,3924.2064024672545,27288.639776017226,905.2529509127612,4316.54461146535,2856.6705895485916,10207.448803154515,1026.7409117296024,0.0,0.0,0,0,0.0,0.0,0,0,3.000490814685145,1.1515213611323127,7.427048628165271,1.3489695795709835,2.799122671004061,0.9526270234615297,4.550617181470906,1.4394115831796401,-300.04908146851443,112004,32000,320,32.98638066115382,18.22630317799485,14.077957583074749,65.29064142222342,1700.6783153993529,31
17.16608,21.708923,179.79062,-181.58626,123.5673,-6.1149454,-416.88333,-181.34889,123.46609,-6.3106966,-419.87326,-181.82532,123.04728,-6.277444,-413.19263,17.166082,123.5954,1401.1014,0.00024509523,21.708921,125.96012,1404.0662,4.3451786e-05,0.048581928,0.84694064,1.0,-1.0,-2.814182078024897,0.9888336706169292,-1.6017053124610807,-7.907710520595653,-281.4182078024897,70.71922867162404,-199.72201035014191,-419.67494519970904,-0.056809153,0.65743756,1.0,-1.0,10,-3.5510467264669154,1.0373981486035,-1.789194170424234,-7.4804451923294355,-355.10467264669165,77.7840151303889,-219.9914387847189,-512.6327093137537,-0.11186223328810144,0.5972677117373743,1.0,-1.0,0.08405364487791853,0.03542641171560231,0.18333799091901817,0.028172901521575065,0.08586859920201878,0.033610398609903405,0.167162454114038,0.05074505676483119,0.1308841985105388,0.07010190954164157,0.2772775115599476,0.043093713976072305,0.1328081703388457,0.07143591197964669,0.27727513757408445,0.04309513253812782,0.1079939472877334,0.033749762747439606,0.19122383975953988,0.05697024337414261,0.11191987781477632,0.032463219209963014,0.18217751035877588,0.06970294390065425,0.0,0.0,0.0,0.0,0.0,0.0,0.0,0.0,17.58488598119632,3.563494128994077,24.183993867850504,10.239231456645586,17.867524372048457,3.4948708392983714,24.09498568697792,13.319054638194466,-1.0,0.0,-1.0,-1.0,-1.0,0.0,-1.0,-1.0,4398.840841504706,3398.5544850966494,30831.457341904184,1271.8023479530882,3377.899131643578,1792.1783339397482,6142.051508837681,1305.7911609787607,0.0,0.0,0,0,0.0,0.0,0,0,2.814182078024897,0.9888336706169291,7.907710520595653,1.6017053124610807,2.515186707923238,0.7021473771927235,3.512800421881903,1.6214322123503802,-281.4182078024897,116004,33000,330,24.126949649966264,15.184529821999604,12.438441931954003,51.74992140391987,1755.012673032259,32
12.428736,10.935488,179.63525,-181.5061,133.75815,-5.5596275,-537.14014,-181.36482,133.5008,-5.163336,-537.6513,-181.73843,134.21121,-5.7278457,-541.07733,12.428736,40.811676,403.76614,0.000463876,10.935488,36.877045,378.52856,0.00037158804,-0.026492052,0.8400811,1.0,-1.0,-2.72128204054035,1.0834933091060202,-1.1781133737817528,-7.469196813885725,-272.12820405403505,86.60026026632687,-157.80266768998655,-480.52272219924384,-0.010512618,0.7443834,1.0,-1.0,10,-3.618346217484656,1.7031260757366824,-1.8345830087747808,-9.956775905983458,-361.83462174846557,151.63163507285728,-210.9575463957453,-779.9920122279298,0.023939754098819342,0.5649606590743875,1.0,-1.0,0.08680920660153695,0.031389251105648185,0.16663205453595725,0.02961470154215515,0.08997997867369073,0.030670936227495244,0.15520587225778285,0.04847941628872269,0.13428236288970838,0.05762982603594346,0.2416399953410839,0.016850015284105308,0.13643238499262766,0.05793985192289384,0.24163691387162176,0.050428526659987954,0.10346755689122243,0.026925123709549068,0.16960646139536667,0.057186647291271805,0.10798593409026136,0.027049438376565697,0.1680908569703572,0.074219747891411,0.0009090909090909091,0.03013742628045596,1.0,0.0,0.0,0.0,0.0,0.0,18.764948196032652,2.3348283638784753,22.95535141095895,9.545734427043001,19.114722253759847,2.029321135584816,22.93743559243477,15.29176754191418,-0.9981818181818182,0.04260136186858175,0.0,-1.0,-1.0,0.0,-1.0,-1.0,4241.374658717975,3624.1165189131366,27338.48109312656,689.35934706252,3623.498762225299,2977.880779394773,12036.656073903594,759.9117816648609,0.0,0.0,0,0,0.0,0.0,0,0,2.72128204054035,1.0834933091060202,7.469196813885725,1.1781133737817528,2.530047798463828,0.9586552452587591,4.9397765333979216,1.2368175643658543,-272.12820405403505,120004,34000,340,25.556235561860376,17.78202194500045,12.853367893047107,56.191625399907934,1807.7093410641683,33
11.584681,11.065553,185.56052,-187.98557,133.61917,-5.19993,-567.6091,-187.5971,133.37904,-4.9606895,-571.56415,-188.3518,133.25415,-5.695559,-567.6615,11.584681,28.307005,226.35152,0.0021340689,11.065552,26.108534,181.94731,0.0,-0.14233208,0.8482605,1.0,-1.0,-3.1019490729981274,1.0944264517884084,-1.7982508061986877,-6.7783071531572885,-310.19490729981277,96.5556167903695,-204.42611231571112,-495.93574051825226,-0.10738426,0.66702527,1.0,-1.0,10,-3.0251766525666515,1.3317235152430233,-1.1767744530070525,-7.2628950761178865,-302.5176652566651,107.50684013037451,-181.2084960795247,-588.752211031908,-0.023520558125879474,0.6428444204522612,1.0,-1.0,0.09714991607786046,0.041415299950270615,0.19408763469274165,0.029761760406450222,0.09773098335704655,0.04204052010162946,0.19374108938645732,0.04970574091779425,0.1316222619108855,0.055529279640225734,0.20877557929373172,0.03743231734905111,0.1332374974556225,0.056282065558202254,0.20877305984583736,0.037433342727696724,0.11157959023266377,0.039905278147348795,0.2069101044594936,0.056952019283914336,0.11538601340888137,0.04056478951938308,0.20478695843242267,0.07569726546057862,0.0,0.0,0.0,0.0,0.0,0.0,0.0,0.0,18.962666823580978,3.5748789162693226,24.85322171787363,10.163181470053232,19.22801551645248,3.2068313670848645,24.84074860454372,14.799325088261652,-1.0,0.0,-1.0,-1.0,-1.0,0.0,-1.0,-1.0,5349.625763054445,3960.5721646693023,22528.791557729808,1602.5119591475009,5070.855156344211,3798.877025195226,14036.898962055959,1952.4435153646082,0.0,0.0,0,0,0.0,0.0,0,0,3.1019490729981274,1.0944264517884084,6.7783071531572885,1.7982508061986877,3.023595888424921,1.0458825574988568,5.311733032441569,1.9813801749040891,-310.19490729981277,124004,35000,350,25.195873212025617,14.273250714002643,12.730777199962176,52.199901125990436,1859.4541310271597,34
12.490599,13.118943,194.68246,-196.49432,142.74179,-5.6246147,-618.7099,-195.94896,142.82967,-5.051646,-621.23914,-196.02101,142.6254,-5.6952834,-626.01196,12.490599,41.50263,397.3798,5.379319e-06,13.118943,43.282837,452.61108,0.00017826096,-0.09906799,0.8324753,1.0,-1.0,-2.879064327134147,0.9436597752377329,-0.8613651293592028,-7.3259283398526485,-287.90643271341474,66.61668505226163,-131.6422545493817,-377.11599549908897,0.063727304,0.598995,1.0,-1.0,10,-3.3207077288163873,1.1256496028769225,-1.676240291770339,-6.37081234758657,-332.07077288163885,98.55232187209964,-217.21210171658078,-497.64932083933815,-0.01869945231725262,0.6195340740464158,1.0,-1.0,0.08846773768408722,0.03535034693716242,0.1672205055878074,0.030472593728435023,0.09124747399922573,0.03296186371930348,0.1672205055878074,0.042007865569757386,0.13623256200946152,0.0595968457497973,0.23354984008388383,0.05767889947747264,0.13646033592909862,0.06074854609825329,0.23354657338183982,0.05768193219855212,0.1035263087544372,0.025999908473615968,0.14617676916644934,0.05734456422117148,0.10558305913591282,0.024285654416786776,0.14617676916644934,0.06563179488021567,0.0,0.0,0.0,0.0,0.0,0.0,0.0,0.0,18.98054630446044,3.8908794386738177,25.765970960077773,10.737145332373238,19.623884273982146,3.6491960965039096,24.20014743172099,12.370565702881342,-1.0,0.0,-1.0,-1.0,-1.0,0.0,-1.0,-1.0,4539.324586533718,3016.1360306867327,26317.337307152557,368.6699190439544,3909.466719856662,1693.0799873830401,6398.434476261415,404.6238055193769,0.0,0.0,0,0,0.0,0.0,0,0,2.879064327134147,0.9436597752377329,7.3259283398526485,0.861365129359203,2.7146879705127698,0.7264756892452393,3.5994892010808894,0.9020500967162762,-287.90643271341474,128004,36000,360,23.830849796104303,13.813467490996118,12.289090889025829,49.93340817612625,1910.7322795062792,35
7.631741,7.079735,185.35294,-186.29642,130.52519,-16.492659,-486.78128,-186.15376,130.6305,-16.992264,-492.9411,-186.07281,130.82147,-17.128284,-492.43396,7.6317415,19.42467,170.25081,0.00017456233,7.079735,15.944852,136.22092,0.0016822815,-0.046777688,0.8384483,1.0,-1.0,-3.0675480129958292,1.145198105227864,-1.1662360362874284,-7.78228971811118,-306.7548012995829,91.78482191938144,-197.96575595370646,-478.22832297420456,-0.051296275,0.7361404,1.0,-1.0,10,-3.433168590164118,1.241167203316225,-1.2748568542613763,-7.3103670343327956,-343.31685901641174,91.76541578949818,-250.59989475199885,-559.0441648241067,0.05838787564145973,0.6326148744915293,1.0,-1.0,0.11075093898108676,0.04223711249428973,0.1927817842053778,0.02869203250645557,0.11576920239038686,0.037621281545833815,0.18964376528628032,0.05285149433587907,0.13184286144478594,0.05078100661184587,0.2166406953098975,0.047477246365391135,0.13131462352299816,0.05131019868126739,0.21663809595758235,0.047477246365391135,0.10795822089525393,0.03146092533114113,0.1605653258176292,0.05722734213211886,0.11420492668784227,0.02677982890389116,0.15885494104603431,0.07631212266684764,0.0,0.0,0.0,0.0,0.0,0.0,0.0,0.0,19.646130495010915,3.733992886090746,24.738825531100066,10.070740179661263,20.045239948799804,3.5161278840759063,23.842787342633656,12.826409702313253,-1.0,0.0,-1.0,-1.0,-1.0,0.0,-1.0,-1.0,5299.163344904433,4218.340213963883,29477.87064914047,674.2843345019999,4374.569785199765,3018.419653588126,10748.25768384099,970.7938352032821,0.0,0.0,0,0,0.0,0.0,0,0,3.067548012995829,1.145198105227864,7.78228971811118,1.1662360362874284,2.819265250403879,0.9472415280079542,4.661685946236946,1.3976347958518434,-306.7548012995829,132004,37000,370,26.313023168055224,15.169881383000757,12.471746772112965,53.954651323168946,1965.5835977884417,36
8.311678,5.716545,168.46526,-169.94662,118.36155,-2.651945,-456.60886,-170.66367,118.73929,-3.5163302,-458.91385,-170.31519,118.506615,-1.2691257,-454.66632,8.311678,18.687784,122.374855,0.0005322844,5.716545,13.591903,121.12155,0.0017582215,-0.06941839,0.876202,1.0,-1.0,-3.455344602846346,0.9084262394474626,-1.7934940268043535,-6.2138828416378145,-345.53446028463463,77.59489697169478,-255.1449336339377,-529.497947434886,-0.029178029,0.68152916,1.0,-1.0,10,-2.7386244628389766,1.1487067087014329,-1.2217142857031777,-6.841347224662281,-273.86244628389767,96.6193570957739,-136.73210729797785,-477.6267226710738,0.002885428706309611,0.5558261858547038,1.0,-1.0,0.09293173894728415,0.030223105183224193,0.1559217561000457,0.029596017408489127,0.09310736010609079,0.02997816062369751,0.14248674752816173,0.037949018798270104,0.17588451292631185,0.07048357570822329,0.2823346374085793,0.02011939082534703,0.17813225583790337,0.07162628823672504,0.2823318809665376,0.020122384333671122,0.1120587604535202,0.041637102330184285,0.19495562266715816,0.05738537646851624,0.1274561360140909,0.04042153531225515,0.19451485122292994,0.06668438427325246,0.0,0.0,0.0,0.0,0.0,0.0,0.0,0.0,18.901341428289335,3.4072011740528074,25.007346863570724,9.674791160854662,18.26754779235117,3.611735561008802,24.813270810284127,12.4852829934437,-0.9990909090909091,0.030137426280455955,0.0,-1.0,-1.0,0.0,-1.0,-1.0,6305.1249783453295,3534.500625857261,18807.06167199391,1602.5667455160174,5226.806556746134,1914.1356513233875,10092.50392231933,3374.1680054850995,0.0,0.0,0,0,0.0,0.0,0,0,3.455344602846346,0.9084262394474626,6.213882841637815,1.7934940268043535,3.2010767760320165,0.5497960965660462,4.52311545205189,2.6068480644036933,-345.53446028463463,136004,38000,380,38.58596884699364,16.05669729499641,15.52717179692263,70.16983793891268,2035.329255495366,37
11.908886,10.459853,186.53334,-188.0672,124.49678,-12.094676,-502.29498,-188.77496,124.40607,-12.487374,-501.03943,-187.17792,124.47651,-11.560932,-498.18692,11.908886,28.071396,187.1781,0.0009313226,10.459852,25.991673,276.80124,5.6474528e-05,0.074412376,0.8842248,1.0,-1.0,-3.0316685460657515,1.1950460435711552,-1.2748409629327515,-7.42311652437429,-303.16685460657516,98.15792684065134,-183.3012030234008,-479.86508778330324,0.044557456,0.6688774,1.0,-1.0,10,-2.897459695920649,1.1690717534456303,-0.895850878248802,-8.080650732372057,-289.7459695920649,71.26551977089808,-158.6650226228264,-416.86591742142895,0.0296176880722989,0.6426467581828165,1.0,-1.0,0.08977511300123751,0.04124714114642484,0.1878317368241948,0.02928333497256061,0.09251797424765952,0.038182376990893996,0.1839381719280476,0.045577933219264934,0.12260801388842502,0.05649709918165441,0.26755383760192575,0.021025913651771963,0.12585349268081567,0.058378980783168055,0.2675484874743208,0.05358902036441156,0.09002376530395956,0.026730914253090488,0.14380670990939148,0.05728826250501419,0.091741296390185,0.0250230961632636,0.14006368734981117,0.06358528996567926,0.0009090909090909091,0.03013742628045596,1.0,0.0,0.0,0.0,0.0,0.0,19.78438147963128,4.256403464177684,28.118568092771913,9.590932697284694,20.48925432430213,4.157172036066488,26.005711968312927,11.476297556844091,-0.9990909090909091,0.030137426280455955,0.0,-1.0,-1.0,0.0,-1.0,-1.0,5242.217929152312,4001.989573537124,27013.46819919166,804.9699597355063,4318.940421407643,2693.6440585041123,9191.296142370544,1295.3770063060447,0.0,0.0,0,0,0.0,0.0,0,0,3.031668546065752,1.1950460435711552,7.42311652437429,1.2748409629327513,2.7970927900328912,0.9556469869540782,4.320379935058941,1.6176497447579605,-303.16685460657516,140004,39000,390,26.89567152606469,15.640907633998722,12.71513932095695,55.25171848102036,2090.0695401983976,38
8.681278,9.887997,191.02356,-192.45026,130.57213,-9.3814125,-472.54538,-193.46349,130.42159,-10.485117,-470.85983,-192.72919,130.53139,-9.149839,-481.02164,8.681278,15.983279,94.644905,0.00028275046,9.887997,20.851654,185.77371,2.530418e-06,-0.04425528,0.8520927,1.0,-1.0,-3.147175355589188,1.1222189146528379,-1.3342430970608967,-7.245251158967879,-314.71753555891877,93.78786001696001,-143.63890467249777,-510.56549523657554,0.05521576,0.7325138,1.0,-1.0,10,-3.5119167343859043,1.0989961124630325,-1.5877240216158988,-7.355702430631741,-351.1916734385903,89.93535900278954,-210.62877812333318,-504.1896588149882,-0.03675193207923606,0.5825686388882958,1.0,-1.0,0.09225325054917557,0.03656850944244713,0.1726986064859008,0.02932781682658074,0.09752990559707109,0.03574484897770963,0.1726986064859008,0.04544264402785749,0.12441820640278856,0.07814201588955991,0.29218168090093727,0.021399857133247584,0.12751975025509252,0.08256069475699655,0.2921775170375422,0.021404513772995803,0.10995864951818884,0.03797192920497277,0.17959829668224908,0.05721378398153493,0.11777972575475419,0.03483026927829557,0.17893378661360884,0.07451195893789787,0.0,0.0,0.0,0.0,0.0,0.0,0.0,0.0,18.971002981326293,2.6455236569345377,23.269964371052772,10.866961735579677,19.947606357073933,2.0844140917462024,23.269367917407283,17.026631784558894,-1.0,0.0,-1.0,-1.0,-1.0,0.0,-1.0,-1.0,5519.258549171139,4186.787417147156,25847.134158200322,878.8304204589765,4731.747671017767,2541.8425104507205,11151.763111545002,992.4309073442288,0.0,0.0,0,0,0.0,0.0,0,0,3.147175355589188,1.1222189146528379,7.245251158967879,1.3342430970608967,2.9792067875898804,0.8198272305713217,4.74495535598024,1.4173246878764163,-314.71753555891877,144004,40000,400,22.685557916003745,15.105560014002549,11.970791254971118,49.76190918497741,2139.3780264693705,39
13.63768,13.149992,199.737,-200.7092,144.46999,-8.599252,-503.9687,-201.53827,145.1169,-8.555597,-507.70834,-202.11987,145.30653,-10.21777,-507.85733,13.63768,29.369015,225.21886,0.00047544972,13.149992,34.766876,282.90546,8.964451e-05,-0.017265629,0.8201161,1.0,-1.0,-2.7098741333497585,1.1617884950372626,-1.1340401599516958,-8.118274357332696,-270.9874133349758,80.75886402853426,-162.35669800283813,-479.72702675995384,-0.040030234,0.72375596,1.0,-1.0,10,-2.9679108461647448,0.993751228675552,-1.5445162517461233,-6.388471521184663,-296.79108461647445,79.90733902502583,-178.1213420723383,-463.08095751853375,0.029985622976602462,0.5054805825252067,1.0,-1.0,0.09706511660828561,0.03774057546888824,0.17635947525309045,0.028351428176351418,0.10212850373478002,0.038337057411598194,0.17635947525309045,0.040090330880619446,0.1718367118778753,0.0617124108434481,0.29103261191306284,0.03447241770629921,0.17520946727454148,0.061393234823101044,0.29102870285423854,0.10713196620653628,0.1017821358810828,0.029942845406474378,0.17579359912391104,0.05680974825699822,0.10560371821851816,0.029209558866566655,0.17579359912391104,0.07107265785827126,0.0,0.0,0.0,0.0,0.0,0.0,0.0,0.0,19.80079448927983,4.388558334075531,25.935149063378038,8.426880700419364,20.100427281004556,4.460340705122255,25.34291295838849,10.353870279165442,-0.9963636363636363,0.06019252857180673,0.0,-1.0,-1.0,0.0,-1.0,-1.0,4292.814006630322,4287.000509730406,32289.345668156202,639.0892107019613,3260.315884861544,2094.421998406969,8819.969273104643,655.7476635797286,0.0,0.0,0,0,0.0,0.0,0,0,2.7098741333497585,1.1617884950372626,8.118274357332696,1.1340401599516958,2.4466757701028787,0.7734960620779022,4.220978833751082,1.1469853551820766,-270.9874133349758,148004,41000,410,31.452943324075022,14.65766600799543,14.014844620171061,60.125453952241514,2200.7864645206064,40
16.952515,15.85545,201.72522,-203.24252,146.33308,-12.112132,-504.22266,-203.02304,146.25252,-12.278215,-507.74106,-203.41591,146.38274,-11.990692,-509.43225,16.952515,68.745056,675.4606,3.0174851e-05,15.85545,52.098694,438.58084,0.0021854797,-0.011557953,0.8410294,1.0,-1.0,-2.719524545213825,0.8761374075542615,-1.5268539787876436,-7.830606152655391,-271.95245452138255,54.46484627305375,-161.33422506289517,-335.99296205544476,0.03115773,0.57321674,1.0,-1.0,10,-2.4504806127545553,0.9416711243111195,-1.0970917099902717,-6.917267233033983,-245.0480612754555,43.427682197041534,-165.35992089068282,-301.6128373048099,-0.07953380155789189,0.6141066262134607,1.0,-1.0,0.06837179187078034,0.024800992638515616,0.15732395987146994,0.029889723696674256,0.06672460629252477,0.020018869726795754,0.10720299909776469,0.0394417824123864,0.13675963192522173,0.05405758359754245,0.24248578023767856,0.03549223688250088,0.1416208193273056,0.05241375990878994,0.24248193658987702,0.0774231950986269,0.08658473554884613,0.01362217029680869,0.12742739852747523,0.05717198940496255,0.08898365623901588,0.01029479719559922,0.10698558669110375,0.0740599990118623,0.0,0.0,0.0,0.0,0.0,0.0,0.0,0.0,17.497779954074975,3.020962636073613,22.311275926057515,11.094981217992428,17.55309592976799,3.0503658546144163,22.10332626350169,13.175699090392472,-1.0,0.0,-1.0,-1.0,-1.0,0.0,-1.0,-1.0,4039.5585793534956,3176.2760021524796,30010.2961894049,1156.2113013446933,3253.184746922777,1260.3798775864316,5069.102836680964,1335.1807294414514,0.0,0.0,0,0,0.0,0.0,0,0,2.7195245452138255,0.8761374075542615,7.830606152655391,1.5268539787876434,2.5086940694363054,0.5180282789910131,3.206901095256257,1.6405114108033796,-271.95245452138255,152004,42000,420,23.67593336203572,15.947987983003259,12.17326401606988,51.79718536110886,2252.0557962087187,41
11.912706,10.629881,200.13016,-201.02078,145.88593,-10.54028,-617.2326,-201.27461,145.8827,-7.5715275,-623.45544,-201.74844,146.3681,-11.31899,-623.51483,11.912706,33.362392,228.18716,4.2055035e-09,10.629881,31.382534,247.37564,7.113734e-05,0.07641067,0.83701813,1.0,-1.0,-2.6389610107502004,1.0118852737192603,-1.615301540121196,-7.865706074678234,-263.89610107502,51.482291524129934,-174.25142738459013,-363.9928532752336,0.012176637,0.623943,1.0,-1.0,10,-3.2781290648344914,1.144950381546459,-1.0984092606598936,-7.72642160919459,-327.8129064834491,78.44620716435972,-176.97113697667575,-468.6011331308275,-0.006358312477658668,0.6045949313107748,1.0,-1.0,0.09566671274972141,0.03224761692931923,0.1385067979243409,0.027697708811116033,0.09800555758305425,0.03143155935918477,0.13795525986137597,0.036241547630064756,0.13596129408279448,0.054158837716589435,0.21359830261536622,0.008328351766193575,0.1380801549122516,0.05393381609622746,0.2135970801808066,0.05084567168732599,0.10639019658512636,0.03283539051496477,0.1933407217825245,0.05711033667026024,0.11125174662494573,0.03366929004356182,0.19291723273974823,0.0733861277554896,0.0018181818181818182,0.04260136186858175,1.0,0.0,0.0,0.0,0.0,0.0,18.616764530244694,4.526215408168459,25.998835333095823,5.198512193627827,18.791432581222605,4.34019646245654,24.2421990290472,10.405961234769757,-0.9609090909090909,0.193811273968661,0.0,-1.0,-1.0,0.0,-1.0,-1.0,3945.8195498102777,3805.3931151821585,30323.286841914833,1296.7778952553012,2856.5065810821984,1273.3654736662004,6089.834329895561,1465.9929317642673,0.0,0.0,0,0,0.0,0.0,0,0,2.6389610107502004,1.0118852737192603,7.865706074678234,1.6153015401211963,2.3481697899542344,0.5046479736416661,3.5055591476671344,1.7183914607998045,-263.89610107502,156004,43000,430,23.793446986142953,15.423934915997961,12.356160726951202,51.57354262909212,2302.9244865818255,42
11.179571,9.137457,200.26788,-201.70377,136.25946,-11.71567,-577.4476,-202.15965,136.54207,-11.804373,-572.704,-202.17842,136.95099,-12.587124,-588.4036,11.179571,45.91198,475.93695,8.853385e-08,9.137456,36.321136,303.98447,4.219797e-06,-0.095089905,0.84751636,1.0,-1.0,-3.0357729527985233,0.838236785144357,-1.3141574469355954,-6.636926326799084,-303.57729527985236,61.7578199456388,-172.5287376816027,-389.07686487856284,-0.049594242,0.6078355,1.0,-1.0,10,-3.2116222422239797,0.9617494982831332,-1.2489435492184142,-6.635372553661973,-321.162224222398,72.18593035431695,-226.9754606764921,-459.86148912404377,0.01836086366822876,0.6698524522514396,1.0,-1.0,0.08339440744842957,0.034234135130857046,0.14795253072096598,0.030085195339027877,0.08140476909914435,0.03613201044700419,0.14595795719119503,0.0493710768447009,0.12240236273369974,0.05768543027460981,0.21474537853719125,0.02314254419571824,0.12203068808062935,0.05811123074295068,0.21474010401316315,0.0231455542425092,0.09984744813940684,0.02775469986655857,0.14357485782319349,0.056296040185760676,0.10280010333471414,0.02817497749419069,0.14166776945640155,0.06787641532035348,0.0,0.0,0.0,0.0,0.0,0.0,0.0,0.0,16.90386720959439,2.7908742780287037,22.598926867854225,9.331950795609266,16.948980719938707,2.7333801061890335,22.23593767440222,13.03461867955836,-0.9963636363636363,0.06019252857180673,0.0,-1.0,-1.0,0.0,-1.0,-1.0,4902.016739461197,2658.2187643805255,21622.68460194795,861.0851927346,4258.2394133562775,1748.9336368468014,6395.072161009253,982.4897662594572,0.0,0.0,0,0,0.0,0.0,0,0,3.0357729527985233,0.838236785144357,6.636926326799084,1.3141574469355952,2.85577667312368,0.6710159143989469,3.5958252400395705,1.4031366513667276,-303.57729527985236,160004,44000,440,24.777776646093116,14.712207126998692,12.393095217033988,51.883078990125796,2356.268778141937,43
9.331669,8.029525,198.75714,-200.14038,140.1176,0.8971504,-481.4416,-200.16396,140.0476,-0.47225046,-475.29318,-200.3069,140.55145,0.26109913,-480.11633,9.331669,21.047443,175.02895,0.0007343888,8.029525,15.180765,99.67358,3.3620745e-05,-0.13032159,0.866055,1.0,-1.0,-3.018965039619935,0.9219549099005088,-1.1863803336344074,-6.689766794826138,-301.8965039619935,76.17012525025545,-136.18294393528677,-397.97068420029063,-0.11037023,0.6409528,1.0,-1.0,10,-2.73013525779302,0.9289625318916017,-1.3122571940599754,-7.467049017341136,-273.01352577930203,58.1505398172563,-202.73913999325825,-394.9605285876697,0.008320227395569724,0.6111181805008382,1.0,-1.0,0.09743275967817973,0.045304183945399895,0.20013799654792086,0.028726002520687428,0.10466223210213892,0.04653118517115334,0.20013799654792086,0.03646906993969207,0.13412125692119342,0.07585794436977515,0.24232388915641848,0.022149221674033145,0.1370107380703594,0.07803842301059977,0.24232388915641848,0.022154269236150766,0.11864401929196483,0.0396563386445633,0.20305044896484722,0.05734312872007759,0.1287511209074847,0.04019045022615421,0.20305044896484722,0.0724867712619464,0.0,0.0,0.0,0.0,0.0,0.0,0.0,0.0,17.108848961539543,3.555916783101341,23.87427436693065,9.934847349068265,17.229926729916823,3.381602786896831,23.728593866027975,11.5825154258877,-0.9990909090909091,0.030137426280455955,0.0,-1.0,-1.0,0.0,-1.0,-1.0,4934.62634347863,2881.1646142164745,21928.286952117374,700.8066051201062,4118.9711756741535,1969.437965445525,7110.670775527799,705.1396967370054,0.0,0.0,0,0,0.0,0.0,0,0,3.018965039619935,0.9219549099005088,6.689766794826139,1.1863803336344076,2.779899909837026,0.7591684937039554,3.7948101523508466,1.1898360335421887,-301.8965039619935,164004,45000,450,27.006422428916267,16.163443035002274,13.213851341039117,56.38371680495766,2411.5938874039057,44
9.840084,8.545019,209.11182,-210.72464,142.54132,-7.9027042,-539.1649,-211.07925,142.57094,-7.2943354,-538.52875,-210.48872,142.41824,-7.453124,-545.7653,9.840084,25.889637,230.82518,0.00044726674,8.545019,24.387625,198.19102,1.168251e-05,-0.0018026903,0.8500436,1.0,-1.0,-2.909672746088521,0.8034260873570568,-1.9804518839526155,-7.177940713947583,-290.96727460885216,42.26930937485692,-232.95958316138754,-395.66352738675795,-0.033687025,0.5884709,1.0,-1.0,10,-3.468581534024127,1.075760489627683,-2.2290905988620042,-8.362381866793953,-346.85815340241277,92.121505152669,-237.88089212148992,-564.5660318587734,-0.02060584286429227,0.6560367310756532,1.0,-1.0,0.09358402010931607,0.03676211823329297,0.16116007360418622,0.029302037063108268,0.09387339695375428,0.03626598030989017,0.15273738892977326,0.03577572239430672,0.11444412880133936,0.04304474173580421,0.19434199208973324,0.0529246521283361,0.11377133638891487,0.04234228246898398,0.19302613771985141,0.05292587927458887,0.10395459152939636,0.03458151034262754,0.20106849952328051,0.0567260950869095,0.10762488166031609,0.03489745991848651,0.18558138511201502,0.06686999696437564,0.0,0.0,0.0,0.0,0.0,0.0,0.0,0.0,18.01175339306273,3.8470799893078618,25.610919552167083,10.614886574686704,18.335237341759687,3.9226362992150547,23.8038950802579,10.971646376977946,-1.0,0.0,-1.0,-1.0,-1.0,0.0,-1.0,-1.0,4512.784612906674,3053.0585536004896,25206.437976689387,1931.8813549598697,3999.798491483853,1377.8876799474338,7445.758910572091,1994.1396230066084,0.0,0.0,0,0,0.0,0.0,0,0,2.909672746088521,0.8034260873570568,7.177940713947584,1.9804518839526155,2.8013375071205897,0.4694922750785698,3.8818035574056062,2.011795732159697,-290.96727460885216,168004,46000,460,22.202786725087208,15.121364175000053,12.026312869915273,49.350463770002534,2464.014102844885,45
8.562447,8.332114,192.18497,-193.42285,134.93008,-5.703523,-598.8893,-194.16464,135.25742,-5.489171,-601.0483,-193.39713,135.257,-6.511479,-602.9772,8.562447,16.424986,107.938774,0.000451796,8.332114,24.443287,255.36417,5.9604645e-08,0.034471475,0.8338647,1.0,-1.0,-3.138165896035715,1.1099761839434736,-1.6516923965496875,-7.910549882085596,-313.8165896035714,96.44714823214373,-206.36341186502574,-516.9454583697475,-0.06929879,0.74125105,1.0,-1.0,10,-2.851073264337615,0.8666987694538428,-1.6761866544964488,-7.4043711815909905,-285.10732643376156,60.02923352059824,-178.53172275394078,-402.36719464312176,-0.13826641173843218,0.6504375766300938,1.0,-1.0,0.09376152891689095,0.04532281347996957,0.19264980806844315,0.03106310871391968,0.09589641627915198,0.04442921678704572,0.19264980806844315,0.04567253852593479,0.09953386349432998,0.06167272400076316,0.2481823000320881,0.00679564122734674,0.10244611427327886,0.06263452089623509,0.24817718024633717,0.025296026317033468,0.12532538471081434,0.03934514639339494,0.19960147937924988,0.05737326195351751,0.13137397921239113,0.03946839227267426,0.19916914917722586,0.07430315035799338,0.007272727272727273,0.08496961051307579,1.0,0.0,0.0,0.0,0.0,0.0,17.833877999143436,4.1048518490194885,24.598931594719552,8.590831374120752,18.071883188076427,4.024698681631247,24.598931594719552,12.692628647823181,-0.9972727272727273,0.05215203457913988,0.0,-1.0,-1.0,0.0,-1.0,-1.0,5481.143540830199,4102.283440380379,30571.619551667463,1353.9468578438305,5108.162805879241,3674.156357566283,13611.329116971794,1527.1144411861947,0.0,0.0,0,0,0.0,0.0,0,0,3.138165896035715,1.1099761839434736,7.910549882085595,1.6516923965496877,3.0310035109674973,1.062531722138302,5.250339983318454,1.7615156551980642,-313.8165896035714,172004,47000,470,28.352043962870084,18.200176459999057,13.126104859038605,59.678325281907746,2521.6177937057946,46
24.74968,24.38562,206.14616,-208.23102,142.87672,-4.4620657,-581.10297,-209.3646,143.09555,-4.535703,-586.0982,-208.58533,142.5548,-5.320719,-581.5253,24.749678,141.18771,1568.8977,0.0043085436,24.385618,169.32623,1909.8271,3.4654513e-06,-0.08075546,0.87869054,1.0,-1.0,-2.859941843579989,1.1512660458809338,-1.1926556321911546,-6.985467710512808,-285.99418435799896,96.37725201326272,-156.84583927129515,-464.80038078687994,0.034166843,0.53971785,1.0,-1.0,10,-3.145663131313085,1.4766625506286042,-1.0046109610421263,-7.844611165598917,-314.5663131313085,101.87334278397792,-173.40891383345738,-513.8542835153576,-0.1313641229984155,0.6837463827464566,1.0,-1.0,0.09262190921373889,0.038973437147134464,0.1712454432233111,0.029700848459926734,0.095210469758781,0.03630397945452371,0.16737686407391997,0.04135786058401901,0.14844676439596252,0.08392432244868382,0.30229914267532754,0.026141331295454782,0.1484467318985436,0.08656845166977353,0.3022946262640475,0.026145672049113042,0.09035276915227371,0.03200380482202842,0.17192524060838119,0.056985522216827574,0.09174891710126115,0.032557051581766104,0.17192524060838119,0.06313799052818686,0.0,0.0,0.0,0.0,0.0,0.0,0.0,0.0,19.8743894066238,2.960829675372411,25.858034326957895,10.556105208376767,20.554567858034204,2.8336135037087264,25.858034326957895,15.397821862471975,-1.0,0.0,-1.0,-1.0,-1.0,0.0,-1.0,-1.0,4690.117527636347,3715.075581112334,23873.384106205103,708.3170449529538,3806.3353078722416,2584.8039084254387,9079.255739215496,733.5049639192036,0.0,0.0,0,0,0.0,0.0,0,0,2.8599418435799895,1.1512660458809338,6.985467710512808,1.1926556321911546,2.609972941377627,0.9446474858811447,4.311243304781449,1.2136987038395222,-285.99418435799896,176004,48000,480,23.81101955412305,16.111857769996277,12.1334654241291,52.056342748248426,2574.1420838930426,47
9.746734,8.638053,202.32578,-203.58679,143.8307,-5.5039616,-499.5559,-204.07292,144.1849,-5.255299,-499.8309,-204.0299,143.87093,-5.160882,-497.9,9.746735,23.88514,163.23595,2.3267934e-05,8.638053,23.324644,204.03954,6.792485e-05,-0.05219035,0.8619615,1.0,-1.0,-3.1898054294586182,0.8299263872781222,-1.8774194429027804,-8.142741800238065,-318.9805429458618,58.32671283227544,-231.3080874831094,-424.2835562843462,-0.19633439,0.77136254,1.0,-1.0,10,-2.7453369014939644,1.0619934787234255,-1.3333676974963735,-6.919021218186317,-274.5336901493964,67.06034441209314,-157.65014441295094,-372.1512209239837,-0.002660974595061479,0.6311478820089511,1.0,-1.0,0.12835830466991613,0.04081259215856343,0.18969398070846086,0.029668328888381654,0.13458546463722787,0.03941431107467529,0.18969398070846086,0.060168053224885346,0.108142719973044,0.07993022265618248,0.25413711120837357,0.011951307905408244,0.10887650199000885,0.08110334953228067,0.2541313259679133,0.011956003845354451,0.1353817008767419,0.04128009363556728,0.20500846332146563,0.057555113443322495,0.1436834009936937,0.04040641446389155,0.20168681194164848,0.07514215269119355,0.0,0.0,0.0,0.0,0.0,0.0,0.0,0.0,19.74636978343403,3.415748181781097,25.102189301489165,9.949198140406223,20.126037784451256,3.225164378761703,25.102189301489165,15.581438893291924,-0.9990909090909091,0.030137426280455955,0.0,-1.0,-1.0,0.0,-1.0,-1.0,5363.9544563750105,3224.616385686665,32498.610245756532,1743.7990265678693,4917.239033251331,1910.8319236748907,8510.961875351422,1977.991764311229,0.0,0.0,0,0,0.0,0.0,0,0,3.1898054294586182,0.8299263872781222,8.142741800238065,1.8774194429027804,3.089690211459536,0.6392328369943008,4.162607945168367,1.9942293695096982,-318.9805429458618,180004,49000,490,21.86265095087583,16.58148105700093,11.74275400791521,50.18688601579197,2623.8020022218334,48
9.430328,9.42412,197.965,-199.05042,129.54391,-18.312439,-549.35956,-198.6355,129.70813,-17.37185,-550.0798,-198.51285,129.65027,-17.527931,-550.408,9.430329,20.415028,183.35414,1.2156612e-05,9.42412,29.68662,310.23413,0.00041620084,-0.026217515,0.8469237,1.0,-1.0,-2.8318763722191895,1.0621003487980576,-1.407122268901673,-7.509803594685619,-283.1876372219189,74.47097839886789,-185.92029931842282,-438.0485521454252,-0.075561106,0.6010691,1.0,-1.0,10,-2.6585941409515335,1.030559305821955,-1.1298425897501119,-6.2351592478688005,-265.85941409515334,67.41051779953825,-127.7746492868205,-382.3388835521472,-0.038706056646968176,0.5675994811578736,1.0,-1.0,0.08884445296994824,0.03438289325541756,0.1541943442753057,0.03034474276703415,0.08908636712661738,0.033835295206665,0.15386257752611535,0.047198451975106304,0.14619455885338997,0.05149172640770303,0.2665978283795011,0.03168959940838353,0.14795625425688883,0.05208114412521741,0.2665916673846777,0.05654359659388062,0.11178905714854344,0.025265089184287902,0.16357984909765255,0.05692314444153476,0.11453195738272486,0.02149567392990325,0.15856238844875795,0.07981179972617869,0.0,0.0,0.0,0.0,0.0,0.0,0.0,0.0,17.160222076997538,3.6758083939793296,23.334481105400336,8.284671763930243,17.172392068692254,3.5612094393900864,22.542694765136783,11.742447571574035,-0.9990909090909091,0.030137426280455955,0.0,-1.0,-1.0,0.0,-1.0,-1.0,4525.967141858205,3723.26131036425,27756.86255573501,979.1595227188951,3855.7736715421765,2670.6786311907968,10272.339323561464,1483.6020272828387,0.0,0.0,0,0,0.0,0.0,0,0,2.8318763722191895,1.0621003487980576,7.509803594685619,1.4071222689016727,2.648355608866977,0.8749849316816215,4.551848690809443,1.727676370949454,-283.1876372219189,184004,50000,500,26.76602796697989,16.04001440599677,13.18152844193537,55.98757081491203,2680.1426216957625,49
18.320248,14.777945,199.17409,-199.29268,134.29634,-5.2843213,-498.38718,-199.26038,134.5403,-4.0182323,-498.63077,-199.78833,134.75977,-7.230042,-499.6024,18.320248,89.81773,941.688,6.625306e-06,14.777944,63.217823,526.72406,0.00025795025,-0.046023324,0.8667972,1.0,-1.0,-3.105822271028971,0.9279953707346081,-1.8713419038995036,-7.936396280305192,-310.5822271028972,66.26778600981733,-224.5020215399972,-460.65065790735576,-0.10833178,0.64880794,1.0,-1.0,10,-3.0445170428693897,1.0922688060867343,-1.3553130139751082,-7.337155798087168,-304.45170428693893,76.07673189367738,-208.33646344515847,-421.7834313690417,-0.04268767551160739,0.6673165575918182,1.0,-1.0,0.09148382464715547,0.04312571728506276,0.1812258428605416,0.030997344393767907,0.09304060033804516,0.043719944682787365,0.17323771131241927,0.0400426894605862,0.15643847258470403,0.07221700204406252,0.28191434876955995,0.030956405469433,0.1582023224403555,0.07394065355810334,0.28190777374547515,0.041148748227751414,0.10696696509438265,0.022585465424251897,0.14423465161667426,0.05666652867714291,0.10853599065523206,0.024092816541633463,0.14423465161667426,0.06441166480493557,0.0,0.0,0.0,0.0,0.0,0.0,0.0,0.0,17.527702473044236,3.373756983106661,23.2625352019407,10.84164794934761,17.5038966378346,3.9058962270346083,22.958521346596893,11.933103294967575,-1.0,0.0,-1.0,-1.0,-1.0,0.0,-1.0,-1.0,5189.82153418826,3525.3008551829043,30512.596069068706,1744.0560948566372,4684.1876821299875,2323.074785097327,10449.236338428125,1783.8361621701033,0.0,0.0,0,0,0.0,0.0,0,0,3.105822271028971,0.9279953707346081,7.936396280305193,1.8713419038995036,2.986627806763583,0.7423270827174671,4.606586867729433,1.8924728082941016,-310.5822271028972,188004,51000,510,28.807138436997775,16.395292009001423,13.072089759902155,58.274520205901354,2740.894155376678,50
11.183761,8.856422,199.806,-200.4411,137.94498,-7.208054,-639.885,-201.21625,137.89066,-7.127695,-641.2114,-201.31876,138.74559,-7.768936,-646.6733,11.183762,51.863533,540.35394,4.14143e-05,8.856421,38.793053,417.68518,6.157278e-05,-0.0472746,0.85961205,1.0,-1.0,-2.802815578676662,0.8176673595295038,-1.553668112912159,-6.913782167095353,-280.28155786766615,69.33379855807038,-164.48680649023387,-381.40994733139183,-0.06929469,0.58760035,1.0,-1.0,10,-2.9633056288354145,0.8736464475709054,-1.647084405094519,-5.942287790143472,-296.3305628835416,76.02823053721595,-208.3382084379326,-469.3483800915368,-0.11667681179311672,0.5922540373163819,1.0,-1.0,0.10290421709640248,0.04795049222782527,0.204179720869252,0.02951136592648899,0.10306867331626073,0.04655894207047211,0.18428352545877272,0.04449970630677021,0.1528115412259092,0.059725608542774374,0.2806541091944868,0.06997660778689348,0.1532149187345169,0.06091180293527783,0.2806465569642217,0.06997660778689348,0.11312564324850244,0.03683817237132947,0.19802796482923013,0.05751830865037033,0.11599760746034443,0.03754932298054545,0.19751862184760566,0.06776695180400907,0.0,0.0,0.0,0.0,0.0,0.0,0.0,0.0,19.64713243768169,3.0457694823145802,24.964520768350177,11.79667030221437,19.779843170752642,2.9661797250792308,24.22436456387752,14.492510627319481,-1.0,0.0,-1.0,-1.0,-1.0,0.0,-1.0,-1.0,4222.826557061529,2554.7634523965394,23456.016433041746,1201.7290548137642,3815.096423615176,1875.041780206459,7151.2977292447,1232.0457015560758,0.0,0.0,0,0,0.0,0.0,0,0,2.802815578676662,0.8176673595295038,6.913782167095353,1.553668112912159,2.6809407101319227,0.712513475803071,3.7959635694371,1.5732271337246115,-280.28155786766615,192004,52000,520,25.543440334920888,18.883694356998603,12.588978146108275,57.016112838027766,2846.989090103707,51
12.082094,9.294601,198.01001,-199.18488,137.30498,-6.121151,-510.41098,-199.48563,137.21059,-6.8966017,-508.59714,-199.17712,136.6897,-7.452463,-511.66925,12.082094,40.808277,289.6499,0.0003987985,9.294601,24.074196,164.08665,0.0008264221,-0.14650646,0.8301487,1.0,-1.0,-3.3681985320043415,1.0541384545610772,-1.2071836608137654,-7.142820596515782,-336.8198532004342,86.43517005325224,-172.8191496719001,-493.0012526898356,-0.19936097,0.626564,1.0,-1.0,10,-2.870884130082949,1.0640944038111024,-1.8155772497570164,-8.164297276266462,-287.08841300829494,43.26006209240869,-228.7365738707813,-388.2810393782255,0.026922390865824958,0.6231694985097015,1.0,-1.0,0.09322650339932521,0.03892234188233888,0.15024006369122128,0.029026687591201132,0.09363753730243242,0.03925318471938901,0.1431038426156761,0.0353428663182908,0.1386514366767076,0.0825307414369669,0.298804928410312,0.019864694810668295,0.14072033284692467,0.0851707895276054,0.2987985675873151,0.019864694810668295,0.11256260826477686,0.037803643024929924,0.200787367910576,0.05690552258448776,0.11638265343818394,0.036366526253236664,0.1782893905684784,0.06601962483202906,0.0027272727272727275,0.05215203457913988,1.0,0.0,0.0,0.0,0.0,0.0,15.8556711214089,3.5319594484401517,23.209879374453916,8.606068868908364,16.056800133317093,3.4794941873659404,22.56935860214947,9.617211918760544,-0.9136363636363637,0.28090026464509776,0.0,-1.0,-0.9090909090909091,0.28747978728803447,0.0,-1.0,6174.875347240265,3826.2319024656936,24932.70469122143,726.1404656116267,5508.563944090957,2929.4188115205193,12093.852018295003,769.4682442920328,0.0,0.0,0,0,0.0,0.0,0,0,3.3681985320043415,1.0541384545610772,7.142820596515782,1.2071836608137654,3.201804630876516,0.9242414975833606,4.949482913925196,1.242746162771321,-336.8198532004342,196004,53000,530,23.04635691497242,16.167116602999158,12.160572995999246,51.374046513970825,2897.8414065856778,52
9.430196,8.292032,199.63446,-201.08643,137.33571,-6.846515,-494.3379,-200.78903,137.43112,-4.31614,-495.84363,-201.37822,137.76984,-2.7997231,-495.65088,9.430196,25.76732,224.63074,0.00048447546,8.292033,17.831678,99.36229,8.33308e-05,-0.11366306,0.8203038,1.0,-1.0,-2.941566968242158,0.8024941150282765,-1.5356967982904768,-7.164305702144327,-294.1566968242157,46.78511231292768,-216.08224175993655,-357.4012846372865,-0.15928051,0.7089401,1.0,-1.0,10,-2.5941650352117933,1.1237437743635281,-0.9146685177313824,-7.2851127766347314,-259.4165035211793,79.24002634151431,-156.44832108940173,-439.18631082144776,-0.19209791689174618,0.620258248794907,1.0,-1.0,0.08855599844761777,0.03666112774994515,0.1565079136618258,0.029215813402973207,0.0911575383562956,0.03696741308006044,0.1555651927860423,0.0449311275794169,0.12550762364329232,0.04166399664120733,0.2180602378358585,0.0703447458516848,0.12381537085510395,0.04120812723912953,0.2180602378358585,0.07361098071102172,0.11791277610847221,0.03630931400699983,0.17459291821333495,0.05669408670167504,0.12721532586656567,0.03549635772126694,0.17401670044793274,0.08065118812939522,0.0,0.0,0.0,0.0,0.0,0.0,0.0,0.0,17.538901155228935,3.3444943192015346,24.681747938029677,10.398976674582373,17.352483532734873,3.583927069465115,23.638181925690024,12.142507020369207,-1.0,0.0,-1.0,-1.0,-1.0,0.0,-1.0,-1.0,4594.151821579524,2788.0776168641914,25033.25154322606,1177.5366489606843,3919.524822357955,1406.0971176234823,6240.696499679547,1476.426729488654,0.0,0.0,0,0,0.0,0.0,0,0,2.9415669682421575,0.8024941150282766,7.164305702144327,1.5356967982904766,2.7608182798596768,0.5474710903578135,3.547681121041651,1.7219279722966079,-294.1566968242157,200004,54000,540,20.80789527577872,15.647136644001876,11.802598754024075,48.25763067380467,2945.3965281934798,53
13.933344,17.350016,202.49832,-203.56915,145.88274,-6.571505,-527.36774,-204.2704,146.05069,-7.300309,-526.47925,-203.3789,145.77605,-6.391016,-527.68616,13.933342,55.61621,529.3496,0.0013355224,17.350018,74.14329,674.8452,1.2995224e-05,-0.059763607,0.8241866,1.0,-1.0,-2.4530991592029006,0.8788918336785034,-1.074239085501954,-7.085030227923952,-245.30991592029014,55.140968394921025,-151.191644945207,-309.0393655479768,-0.10632904,0.66202354,1.0,-1.0,10,-2.5477656891893354,1.1239895854364679,-1.362224676723127,-7.877277386409865,-254.7765689189335,43.87116709070755,-202.29351631272118,-339.6012082380249,-0.013337586149223129,0.6318510097314335,1.0,-1.0,0.11331025491962488,0.03694965768828086,0.17127987698759803,0.028231605178106873,0.11468774594401422,0.037528337325052764,0.17127987698759803,0.047250655340666275,0.14691755302889647,0.05700593448624107,0.22574908166911337,0.01576478677164994,0.14961075899157655,0.056594922802735495,0.22574492785396408,0.03712927578488109,0.11067017893245153,0.02312360079632599,0.14824097141039483,0.05698611253724555,0.11323526417215447,0.02186319816660607,0.14426634544094077,0.07400035675445019,0.0,0.0,0.0,0.0,0.0,0.0,0.0,0.0,19.576510967920132,4.415033682287626,25.886037765031286,10.908336406282746,20.038137709298965,4.4352448877679915,25.668157358709347,12.531029384055712,-1.0,0.0,-1.0,-1.0,-1.0,0.0,-1.0,-1.0,3354.9135300234134,2847.5575900075187,24421.30270038396,575.5874457256448,2842.1183499424005,1338.6217995437285,4682.616683581454,663.7497429522583,0.0,0.0,0,0,0.0,0.0,0,0,2.4530991592029006,0.8788918336785034,7.085030227923953,1.0742390855019541,2.3120257704374225,0.6344425270555902,3.0639970789241815,1.1529082212531527,-245.30991592029014,204004,55000,550,23.47627830986312,14.948030706000281,12.10685851998278,50.53116753584618,2997.6874996193364,54
23.413017,24.480627,188.25256,-190.14508,129.50815,-8.381184,-475.8031,-190.70749,129.40508,-8.830736,-471.0936,-189.7332,129.70851,-7.975331,-472.15665,23.413017,144.38057,1620.0096,0.00011936203,24.480625,151.06346,1647.2487,7.4601267e-06,0.05822934,0.84641606,1.0,-1.0,-3.251826702914933,1.5291085053302125,-0.8874638443837479,-7.726782196422676,-325.18267029149325,138.7066604763594,-130.83409798127576,-608.4358098421408,-0.07295961,0.75143677,1.0,-1.0,10,-2.9924999342845475,0.933316832303493,-1.7639756795856105,-5.824213261449238,-299.2499934284548,68.1023978478078,-199.55875377720824,-413.37028998391565,-0.02846504510300387,0.5927390197322449,1.0,-1.0,0.08965388098408467,0.03843503009789028,0.17448760178496714,0.031157286233203473,0.09488091854634413,0.03779009682267258,0.17448760178496714,0.03814801934499542,0.10988661982921294,0.03812860812490884,0.17917983070157364,0.010705339450676025,0.1100035397470262,0.03749343208995696,0.1606003161363373,0.0452074424870626,0.10967452678254881,0.04540623691937467,0.19532189749607173,0.057016708201507976,0.11663811979835957,0.04548349850044459,0.19521666146246405,0.06584864363190583,0.0018181818181818182,0.04260136186858175,1.0,0.0,0.0,0.0,0.0,0.0,17.79903809024556,3.946849496954594,25.19202439346902,8.307110761056633,18.35965922862247,4.275567025288359,24.455305370907023,13.384066111702744,-0.9981818181818182,0.04260136186858175,0.0,-1.0,-1.0,0.0,-1.0,-1.0,6378.132282163943,5688.130359276295,29342.643978969303,390.75901054025445,5825.942025351068,4991.0801139634605,16704.01213715857,653.8760240286642,0.0,0.0,0,0,0.0,0.0,0,0,3.251826702914933,1.5291085053302125,7.726782196422676,0.8874638443837479,3.1123407915124655,1.44681606375862,5.803175577845229,1.1497796516005154,-325.18267029149325,208004,56000,560,25.17980634689593,16.708571533003123,12.157283157030179,54.04566103692923,3049.34266363825,55
8.604446,7.498914,206.11255,-207.5033,143.63411,-6.5479927,-543.45355,-207.39207,143.5549,-7.2848845,-539.68,-207.8539,143.93892,-7.101955,-541.98047,8.604446,27.650066,255.71687,0.00017035435,7.4989147,22.835276,237.7241,0.00013822463,-0.02023843,0.8597918,1.0,-1.0,-2.856361991240187,0.8565361341776321,-1.1740103674022269,-7.541187618699632,-285.6361991240187,53.60221266315064,-182.00734032911666,-365.0842464688926,-0.07357767,0.7577535,1.0,-1.0,10,-2.708155587227165,0.9295975147436268,-1.540439344728571,-6.256638833541242,-270.81555872271656,81.63280095373327,-163.11038229466624,-415.68799830090666,-0.10241565942446919,0.7139425521297028,1.0,-1.0,0.10958526377708976,0.034631563651098866,0.17738062417365172,0.03156090535311546,0.1100465168034266,0.0325535158499746,0.16771549248715287,0.053453052183403765,0.11159937599348936,0.04138816821526631,0.19585959547918355,0.04020722145543494,0.11378845799571086,0.04347667473302547,0.19585257180599006,0.04517069555396019,0.12306153019810247,0.0384775743474298,0.1969333912583817,0.05759165823245526,0.12513798045642655,0.03934006554246273,0.1956777190130654,0.0654678433311943,0.0,0.0,0.0,0.0,0.0,0.0,0.0,0.0,19.771953208333347,3.169491635165329,24.272094339577976,10.577529082528393,20.041816858959347,3.1734963481234444,24.089675473877914,14.008062159322348,-1.0,0.0,-1.0,-1.0,-1.0,0.0,-1.0,-1.0,4395.695659695616,2918.7951833617053,27936.750936662454,683.2717925794403,3684.9370105619396,1741.3234270693754,6504.661385759699,1044.8315637495189,0.0,0.0,0,0,0.0,0.0,0,0,2.856361991240187,0.856536134177632,7.541187618699632,1.1740103674022269,2.642658432654053,0.6842622019060733,3.6372756438176834,1.4468638972861942,-285.6361991240187,212004,57000,570,25.418146127049113,14.313754846996744,12.436270941929251,52.16817191597511,3106.5788477042224,56
7.7735734,9.07229,198.71097,-200.17068,133.19864,-8.4163475,-559.2891,-200.3597,133.27394,-8.069752,-557.22504,-200.03549,133.44345,-7.7046485,-558.22577,7.7735734,20.717672,175.46466,1.3939316e-06,9.07229,28.480198,254.9386,0.0012575127,-0.1822221,0.8123982,1.0,-1.0,-3.032326348649459,1.088106137189643,-1.5009865490995626,-7.187037116546157,-303.23263486494585,95.00872125757562,-189.25801445383038,-463.8616030779761,-0.09869805,0.6886625,1.0,-1.0,10,-2.9573941260518444,1.042634504066442,-1.0846607940434538,-8.334051929931103,-295.7394126051844,66.9651509285674,-162.20268617833935,-395.62913543934866,-0.07214678351983848,0.660695020144306,1.0,-1.0,0.10556732518389236,0.03992094777608979,0.1814526313350646,0.02928216978119104,0.10928366304203352,0.03900691530977132,0.1727737509042824,0.04755609196549168,0.15045927078279103,0.05877729917736283,0.28363813690288486,0.06637457000962765,0.15325638050227242,0.058992013235495154,0.28363091874245244,0.07266116795424521,0.11837542024233172,0.03720168956195938,0.18992578912330801,0.05687814838476075,0.12358774445339651,0.03776596069299188,0.18992578912330801,0.07049796699815866,0.0,0.0,0.0,0.0,0.0,0.0,0.0,0.0,18.865552093087945,3.8300766192550664,24.638197043540433,9.894660869655421,19.373654472819545,3.843395578439843,24.519140496208635,12.478582343400955,-0.9990909090909091,0.030137426280455955,0.0,-1.0,-1.0,0.0,-1.0,-1.0,5137.05694643503,3724.323739782974,25237.76289428681,1121.002512645939,4598.246197006738,3210.936562236633,10744.810257646624,1296.1494067309375,0.0,0.0,0,0,0.0,0.0,0,0,3.032326348649459,1.088106137189643,7.187037116546157,1.5009865490995626,2.879167905640895,0.9997948099445705,4.6576659128710975,1.6140012446778653,-303.23263486494585,216004,58000,580,29.912378288012405,19.38504366899724,13.449888780975016,62.74731073798466,3166.0475809391937,57
9.693633,11.41251,205.6977,-207.05032,143.52669,-6.5485883,-525.4879,-207.26813,143.56837,-6.2951794,-533.2395,-207.3857,143.71692,-5.8653793,-536.1085,9.693633,31.607275,330.81235,1.6379672e-06,11.412511,64.59154,721.0957,0.000615954,-0.12729359,0.85556346,1.0,-1.0,-2.8758063972930117,0.9716548084981497,-1.4462322430153018,-6.559941717605653,-287.5806397293012,82.7783833653261,-159.14537535978215,-421.0538204298435,-0.067417264,0.6717156,1.0,-1.0,10,-2.5231420357032857,1.0107155062780762,-1.1990109925058186,-6.650366496016646,-252.31420357032863,69.16830787599433,-179.69250005296496,-422.042432732619,-0.08681839992877735,0.6203026629646673,1.0,-1.0,0.10839334460267912,0.03704096279087405,0.16580249530030822,0.02899522464510319,0.1093562303130227,0.03476789553755824,0.16580249530030822,0.054698836326520076,0.1204539147734407,0.03591803049535219,0.16266862217748498,0.03671625691763836,0.12142462355430152,0.03628210711232253,0.16266798999594867,0.04810639804504583,0.11415254713404868,0.033209950614004474,0.18926637318035194,0.05659522329792512,0.1193539633927177,0.030030927947421692,0.168378323734485,0.07443477988123598,0.0,0.0,0.0,0.0,0.0,0.0,0.0,0.0,18.69130511435948,3.835560077076469,26.697367563727262,8.780315091308104,19.200066768016875,3.6667793569516727,24.94646910177682,12.382195052786866,-0.9981818181818182,0.042601361868581746,0.0,-1.0,-1.0,0.0,-1.0,-1.0,4560.971791973377,3125.1085044376737,21188.270470527088,1034.1944015578779,4062.7767641361993,2527.54083054346,9056.27881321906,1089.171045907979,0.0,0.0,0,0,0.0,0.0,0,0,2.8758063972930117,0.9716548084981497,6.5599417176056525,1.4462322430153018,2.7334918898515936,0.852029082200318,4.272624424324975,1.484643914500115,-287.5806397293012,220004,59000,590,31.935129274024803,16.10476271099469,13.687241895997431,61.727133881016925,3230.210626304237,58
10.030165,12.641574,206.00986,-207.35052,145.4386,-7.518172,-557.9209,-206.94101,145.38069,-6.8830085,-558.0279,-207.55115,145.77803,-6.056022,-558.6503,10.030165,34.616375,360.39026,1.3861805e-05,12.641575,44.093895,356.09055,0.0002268164,0.050381403,0.86475265,1.0,-1.0,-3.3193951937809967,1.1190608785888276,-1.8001512459170648,-7.220067789987939,-331.9395193780997,84.75479784775052,-221.8772236576086,-539.8410734101961,-0.10352814,0.6791283,1.0,-1.0,10,-2.9929160000942185,1.0438772939426169,-0.7738352893632535,-6.245742779100911,-299.2916000094218,74.30063008626816,-167.61063230706043,-438.51828420483,-0.01976685216772496,0.7023302677319315,1.0,-1.0,0.09187363645612519,0.035577706343988914,0.1772584050920474,0.03263814605414679,0.09675168847009546,0.03505499798044734,0.1768820551856434,0.0533840096080135,0.1321142699700419,0.035560167872543846,0.1827854874711926,0.023157215248103526,0.1355482423011751,0.03351018351769816,0.18277981606564214,0.0715182864714977,0.10834479469806065,0.031366604319491516,0.189240183540263,0.05739039819355405,0.11311177387165329,0.03189737777731386,0.189240183540263,0.07924708848274721,0.0,0.0,0.0,0.0,0.0,0.0,0.0,0.0,16.434650656802496,2.6813147572176357,23.67549261163727,9.822360699137453,17.134191642574624,2.659194531955768,23.57713461029863,13.914480935346289,-0.9990909090909091,0.030137426280455955,0.0,-1.0,-1.0,0.0,-1.0,-1.0,6077.955900546252,4348.361934157535,25624.185279308287,1599.9755636047594,5696.628395687962,3952.565284036803,14795.507835124456,1663.6678184616817,0.0,0.0,0,0,0.0,0.0,0,0,3.3193951937809967,1.1190608785888276,7.220067789987939,1.8001512459170648,3.2127193578915585,1.0797207635019506,5.460724411614265,1.834971323515648,-331.9395193780997,224004,60000,600,22.63237897893123,18.52279274200555,11.779881737915275,52.93505345885205,3280.343878033069,59
13.623953,13.574888,203.92473,-205.76466,137.15819,-15.713041,-517.1929,-206.00775,137.12213,-15.6304245,-516.3228,-204.99632,136.54962,-16.522654,-519.5651,13.623954,64.10689,686.62213,1.4551915e-07,13.574887,51.04855,529.6017,2.9882198e-05,-0.04194034,0.8622639,1.0,-1.0,-2.6551865833490327,0.9269976080992451,-1.715101399229993,-8.326659998099043,-265.51865833490325,51.669935175845225,-193.1569038422659,-360.621682920412,-0.06849559,0.74011964,1.0,-1.0,10,-3.1185794854885827,0.9390772849171176,-2.055631006558037,-7.98879573136191,-311.85794854885825,40.38058366562789,-260.880859746045,-414.281149321223,-0.05958117645546862,0.5816245386628249,1.0,-1.0,0.12185123197190298,0.03748337823679098,0.1751748191170261,0.030306423596908307,0.12434492923068402,0.03621273753202102,0.17331894193007474,0.04587959554905003,0.13226907185616374,0.05051125375224526,0.22526630500472716,0.07079838989664605,0.1341660094152737,0.05125009133820899,0.22525494654474418,0.07079918735415895,0.1221579420808632,0.040794717491711215,0.21384793665531496,0.05663804688233543,0.1259778972011385,0.04142681860197385,0.21358391598137483,0.07126171956018047,0.0,0.0,0.0,0.0,0.0,0.0,0.0,0.0,19.751094095930853,2.614617351770284,23.28358446742409,9.306013731999403,19.737460877043613,2.4238334718644365,23.24282760308099,15.560615313756536,-0.9990909090909091,0.03013742628045596,0.0,-1.0,-1.0,0.0,-1.0,-1.0,3909.6863288976388,3631.2027549663726,33826.8849944449,1449.8528710961116,3061.861203426131,1359.5872234555322,6057.820785159713,1835.3923947208348,0.0,0.0,0,0,0.0,0.0,0,0,2.6551865833490336,0.9269976080992451,8.326659998099043,1.715101399229993,2.432839987342299,0.5157303318545229,3.501495880748085,1.9330346001674719,-265.51865833490325,228004,61000,610,26.191109552128182,15.742838371996186,12.556645964032214,54.49059388815658,3331.886092689223,60
7.543859,8.5774,206.4247,-207.94424,144.98602,-3.9714675,-551.82465,-208.56868,145.19972,-2.745183,-552.408,-208.0362,145.52333,-1.6885804,-551.6029,7.543859,21.23326,179.0229,4.3050386e-05,8.5774,27.27755,238.71797,9.837095e-09,-0.11937971,0.84581673,1.0,-1.0,-3.1635639874877004,0.7384257767658036,-2.210246498177345,-7.186702762342798,-316.3563987487701,50.21386699134588,-225.01400680320097,-410.0930037414,-0.20051043,0.71040964,1.0,-1.0,10,-3.3818745086868405,0.9621661841901133,-1.3065701268063918,-6.889170587641586,-338.1874508686841,76.38997397715463,-231.50041479854278,-436.72589960000806,-0.08115053374442459,0.6468092987544409,1.0,-1.0,0.10300666092181314,0.04279531316520298,0.17534351587728733,0.029976343516202854,0.10317425089197121,0.04513281774557484,0.17534351587728733,0.03584828564177569,0.14005609283976664,0.044429555136810676,0.2053399945670383,0.04224607209642738,0.14247323185965968,0.04494434885453439,0.20532871636810812,0.04224749875602897,0.11880432790277609,0.02194668880628814,0.1558442017240682,0.05728410597429298,0.12152674980644877,0.02056257524050012,0.14557892242445328,0.08121698448387267,0.0,0.0,0.0,0.0,0.0,0.0,0.0,0.0,18.519263894570084,3.5355051780994953,23.69410044719018,10.485783202299606,18.54031941502878,3.7885799905958417,23.62030906623509,10.59012401455236,-1.0,0.0,-1.0,-1.0,-1.0,0.0,-1.0,-1.0,5230.298755899311,2819.5532092273866,25258.581377567276,2414.114507845832,4889.926118528122,1850.3312022004343,8517.383090431444,2501.0224881926033,0.0,0.0,0,0,0.0,0.0,0,0,3.1635639874877004,0.7384257767658036,7.186702762342798,2.210246498177345,3.0874261314723928,0.5690867328033979,4.146136091588927,2.2490363500749906,-316.3563987487701,232004,62000,620,24.300396569051372,12.77445250999881,12.386578046942304,49.461427125992486,3384.8615589102046,61
11.112484,12.362406,206.15942,-207.84354,143.13309,-5.8961225,-528.6434,-208.07639,143.2113,-5.7874117,-527.7283,-208.14404,143.0171,-6.00231,-521.8034,11.112484,27.067934,171.41553,9.270408e-05,12.362406,30.229479,253.83176,1.6043487e-07,-0.09880534,0.8287863,1.0,-1.0,-2.7132472664632354,0.9289902656574875,-1.2418781032069395,-7.295412478158829,-271.32472664632354,66.7044655012781,-165.22001887237886,-377.04964207416424,-0.13597773,0.597999,1.0,-1.0,10,-2.8171793332072523,1.1399097155009958,-1.3282827385114981,-8.490254621542874,-281.7179333207253,75.33204510074502,-144.36797519671825,-411.81087491180574,-0.13154320155985136,0.6633369099407773,1.0,-1.0,0.09560643387557612,0.028583348465750197,0.1517761175867313,0.02751728646883774,0.09817961705968387,0.02496132552551262,0.13580351992150488,0.04884457535863452,0.1663845535927052,0.045646457699998616,0.24756569598039582,0.05029574917099549,0.169336146040505,0.046440181547699945,0.24756569598039582,0.11149473647929234,0.11863395547164986,0.03895173940800868,0.1917517728093826,0.05692218176746012,0.12518893381854068,0.03670706480008217,0.18660800045828563,0.07364965038619604,0.0,0.0,0.0,0.0,0.0,0.0,0.0,0.0,18.73348399061173,4.106282417874985,25.944640736183697,8.931082193252811,18.874990973853343,4.261282548206216,25.886430754226957,12.64904073238135,-0.9990909090909091,0.030137426280455955,0.0,-1.0,-1.0,0.0,-1.0,-1.0,4064.7423950622087,2987.248865683023,26097.0954612626,762.3752915645438,3352.8695875741964,1726.8803051454647,6111.594397737501,805.4164065610885,0.0,0.0,0,0,0.0,0.0,0,0,2.7132472664632354,0.9289902656574875,7.295412478158829,1.2418781032069395,2.5057487703177466,0.7026518035286177,3.53562294213306,1.2764347206010314,-271.32472664632354,236004,63000,630,24.54001168715331,16.298967823997373,12.319862346914306,53.15884185806499,3436.398979696285,62
8.729738,8.666087,199.92453,-201.49759,144.08618,-9.335026,-484.06854,-201.45294,143.8746,-9.562644,-491.2083,-200.75415,143.64243,-7.9752474,-490.43375,8.729738,17.931734,106.08786,1.5739352e-07,8.666087,24.3845,232.9629,3.847346e-05,-0.09491813,0.83388305,1.0,-1.0,-2.665710738706013,0.9062181850503362,-1.1969528476585949,-5.268158480840747,-266.57107387060125,82.15634227719268,-151.26322736050125,-400.9536433883921,-0.056113638,0.6783912,1.0,-1.0,10,-2.224607430253229,0.76952884826218,-1.3291051878444406,-6.816810897089684,-222.46074302532293,44.816867483830244,-159.2546785833958,-297.9849416462361,-0.10201143584511195,0.5743499242232182,1.0,-1.0,0.0998810613419488,0.032331904164787796,0.15479227134585866,0.029236289352254922,0.10233864165168499,0.03455665993890213,0.15479227134585866,0.05522945429590309,0.1389488841782541,0.045028734028478366,0.21434001265492886,0.07336830206981372,0.13972854921395622,0.04539598419697186,0.21433490710675512,0.07631549410110364,0.12208267603630103,0.02992973708062014,0.19189907471060808,0.05670448981801909,0.12750448769855274,0.03146074768591308,0.19187971102269102,0.08741845501001225,0.0,0.0,0.0,0.0,0.0,0.0,0.0,0.0,18.78141829293567,3.5577480650410553,24.516060377948364,11.04667598715759,19.314633163381135,3.501874567300204,24.516060377948364,12.424972064187822,-1.0,0.0,-1.0,-1.0,-1.0,0.0,-1.0,-1.0,3927.434005550664,2571.193265654182,13550.290680888033,712.0935222481417,3658.703891605526,2345.1576953125864,7585.551605075937,823.8115433495445,0.0,0.0,0,0,0.0,0.0,0,0,2.665710738706013,0.9062181850503362,5.268158480840747,1.1969528476585949,2.5783258189882754,0.8570239876652797,3.901912721901622,1.2873120891109517,-266.57107387060125,240004,64000,640,26.390512921083427,14.667992284004868,12.597635560952767,53.65614076604106,3490.2748919393416,63
9.950061,10.541803,208.4912,-209.9981,143.35196,-4.1308985,-569.26855,-209.76721,143.32753,-3.847478,-568.6821,-210.17941,143.75323,-4.39099,-569.17194,9.950061,31.828554,264.68723,5.654622e-07,10.541803,31.88292,310.16373,0.00033415947,-0.00010938663,0.8367671,1.0,-1.0,-3.17201507009779,0.8100267944155489,-1.7337015885972467,-7.951715785221533,-317.201507009779,66.71245033794332,-181.45908864497846,-417.6550114070003,-0.061443456,0.7045505,1.0,-1.0,10,-3.127383610287894,1.3766279085072557,-1.2984640111521164,-7.089041818884002,-312.7383610287894,112.62327047772945,-195.23172729362946,-586.1404652610502,-0.11108470771299415,0.6304151638497404,1.0,-1.0,0.09973037285430618,0.0370074902306255,0.1775522205296057,0.0275427690561905,0.09953987096066222,0.03701926880614983,0.17728761870535853,0.05079941640878187,0.08821724405302231,0.04234681037039026,0.15321441280756537,0.009980211299888976,0.08759675754874013,0.0425238108622762,0.1532035630542144,0.0099825617949313,0.11288784803584881,0.030984002814672104,0.18329822975092044,0.05735929730700814,0.11310961283141481,0.031410752070396564,0.18318271820523652,0.07706619628822939,0.0,0.0,0.0,0.0,0.0,0.0,0.0,0.0,18.64775151898513,3.108045582238368,23.50506387316701,9.690557122641307,18.746796116540065,3.2874571140147006,23.462879793014938,12.581758763971406,-0.9981818181818182,0.04260136186858175,0.0,-1.0,-1.0,0.0,-1.0,-1.0,5305.1942669285545,2896.6881145660454,30952.950783402008,1480.1591911060705,4740.530671261119,1960.1794589242695,8462.329410532438,1595.6124114753334,0.0,0.0,0,0,0.0,0.0,0,0,3.1720150700977903,0.8100267944155489,7.951715785221534,1.7337015885972467,3.02143730743326,0.6602095504135063,4.132153964216848,1.7997138703095132,-317.201507009779,244004,65000,650,23.901766660921567,14.880302186000335,12.491427982058667,51.27349682898057,3543.0127116393123,64
13.5047035,12.659485,203.21855,-204.62866,147.93187,-4.7906303,-600.7534,-204.89636,147.65443,-5.2232976,-604.0308,-205.01297,148.17342,-5.17741,-605.2313,13.504703,51.046383,492.21475,0.00011786638,12.659485,41.638767,395.15878,7.957864e-06,-0.04315932,0.83826786,1.0,-1.0,-2.8783720266355233,1.2535943435979462,-0.9915812651993349,-8.074830275780446,-287.83720266355226,97.78489103656571,-151.02453122050107,-413.25370288035117,-0.15869834,0.72694594,1.0,-1.0,10,-2.938584604077204,0.7933352595899045,-1.6338607320582406,-6.982284229896199,-293.8584604077204,51.915401261675015,-210.65258402607526,-389.68906384434797,-0.08350568055572354,0.5965747234625987,1.0,-1.0,0.11120534945831077,0.0389767230523076,0.19195175462704828,0.02833093937845846,0.11260666155659482,0.0359967949640641,0.18066560381269925,0.0663418983859504,0.11475453473755516,0.047680097713626364,0.19586393676534797,0.011634728495343413,0.11511732122716295,0.04696894193550346,0.1899900550386189,0.02195877401829422,0.11948440968159539,0.044319948819491896,0.20455470678492726,0.05736254801644977,0.12522061682422206,0.046963381989680565,0.20285463511414767,0.07012716155539105,0.0018181818181818182,0.04260136186858175,1.0,0.0,0.0,0.0,0.0,0.0,19.453429889397277,3.511362773932779,26.386616847090117,9.283187086123535,19.59375081248517,3.222761153521291,26.164250948224392,13.963714167119818,-0.9963636363636363,0.06019252857180673,0.0,-1.0,-1.0,0.0,-1.0,-1.0,4878.34554229207,3854.566932702949,31926.05911174575,489.45745369209556,4083.8432811037765,2714.464474798063,7170.427413177015,571.1543010028447,0.0,0.0,0,0,0.0,0.0,0,0,2.8783720266355233,1.2535943435979462,8.074830275780446,0.9915812651993349,2.6547644507104726,1.0875455439351454,3.8020317836651514,1.0709793902106148,-287.83720266355226,248004,66000,660,26.917190954161924,16.366171568006393,12.855677848019695,56.13904037018801,3596.896735224487,65
7.2709084,5.4559193,195.33224,-196.9795,132.77274,-11.517377,-540.1346,-196.67319,132.96747,-11.818868,-540.3406,-197.31546,132.77605,-11.752387,-542.4732,7.270909,15.807992,136.35167,2.332317e-05,5.4559193,12.810526,112.632996,2.5973655e-05,-0.008634474,0.85323787,1.0,-1.0,-3.0538256193492437,0.7778930934981719,-2.048147987522943,-6.263503030967064,-305.38256193492435,69.04778004527284,-215.01822232784815,-478.0601844631797,0.026713213,0.6296431,1.0,-1.0,10,-3.0926871910068976,1.0671020741495958,-1.4512381585758682,-7.722447988845812,-309.26871910068974,71.87195629424994,-173.74717362600313,-407.4797862099787,-0.007696564920349371,0.6462140268560111,1.0,-1.0,0.0959928999918151,0.0348042163376048,0.15765432322513345,0.029048258863985845,0.09818092393174084,0.03628747020380406,0.15765432322513345,0.03575238674961998,0.15873263800720566,0.0692824340634698,0.28718704096431946,0.026763292386512212,0.160194125735054,0.06982716501446821,0.28717715660095583,0.05660693425803558,0.09863311793115236,0.028298685633929014,0.15931539867700714,0.05655640139585141,0.10186765758513051,0.0292527285318335,0.15548217508917486,0.06605044109053233,0.0,0.0,0.0,0.0,0.0,0.0,0.0,0.0,17.263030236052263,3.7467940063152674,25.59815689251344,8.757986633532031,17.48553200606834,3.8235972989413805,25.57394146631021,13.26158434641814,-0.9990909090909091,0.030137426280455955,0.0,-1.0,-1.0,0.0,-1.0,-1.0,4914.57509145496,2813.636751617532,19186.65017796056,2085.991377392411,4453.273131865675,1949.3289186922148,9021.606013958974,2312.426753859407,0.0,0.0,0,0,0.0,0.0,0,0,3.053825619349244,0.7778930934981719,6.263503030967064,2.048147987522943,2.935071203819207,0.6085043633254223,4.26847950454326,2.153390008688201,-305.38256193492435,252004,67000,670,29.81379852797545,14.106688582003699,13.704885155115335,57.625372265094484,3656.4441976715752,66
14.820042,18.791529,198.65654,-200.27827,128.36223,-16.27331,-541.8488,-200.91092,129.08624,-16.512907,-544.8766,-200.75732,128.63884,-16.478857,-544.4529,14.820041,69.1464,672.6637,0.0019879276,18.791527,95.92641,1059.458,0.00011986267,0.009121295,0.8492726,1.0,-1.0,-2.7798124619965185,1.2976202294840493,-1.0888945463177595,-8.30171801981977,-277.9812461996519,100.41101571868914,-141.28646194086397,-499.08104180213894,-0.05821864,0.71026754,1.0,-1.0,10,-2.9616729155825308,1.0571830729484704,-0.9942479051859976,-6.509053218382048,-296.167291558253,83.5145759737032,-173.3688566411497,-453.1180172904852,-0.11739876229713374,0.5934836349117605,1.0,-1.0,0.08410333650977975,0.03587387373899205,0.17028346736183478,0.027353022447329695,0.08199444318847166,0.0377382517447248,0.17028346736183478,0.03986118176712608,0.10345801154689532,0.0367582371334906,0.18543311643660754,0.024725545685644626,0.10518109276445572,0.03776331635154717,0.18542524186596634,0.045384618409883996,0.12149764492932813,0.04567512404194303,0.20362469818652124,0.057265994734032,0.1255004940566698,0.03994940882812816,0.19757013261496398,0.07036798722853041,0.0,0.0,0.0,0.0,0.0,0.0,0.0,0.0,16.84659272524768,2.943606766383184,22.49469295350937,7.6928423319956485,16.81698321925784,2.786398232791576,21.662957716438942,12.76396009989678,-0.9972727272727273,0.052152034579139875,0.0,-1.0,-1.0,0.0,-1.0,-1.0,4652.137722184685,4718.428202302943,33739.3830795017,589.9939576356111,3484.4780016142017,2897.863795585715,10435.636383423236,804.0945216073294,0.0,0.0,0,0,0.0,0.0,0,0,2.779812461996519,1.2976202294840495,8.30171801981977,1.0888945463177593,2.4656313277508852,0.9745612106254339,4.5826857061092285,1.2717898868348174,-277.9812461996519,256004,68000,680,26.295667581835005,16.029287776000274,12.89602485596697,55.22098021380225,3712.86821492538,67
20.826893,21.32013,196.27026,-197.48392,137.52113,-6.4332085,-494.7878,-197.77167,137.74323,-5.6630754,-493.42703,-198.76038,138.01126,-6.0636907,-495.2114,20.826893,83.27141,835.9524,0.0030603842,21.32013,70.71438,623.9171,0.00031817728,-0.09588323,0.82955986,1.0,-1.0,-2.741114151808286,1.004434092958397,-1.4369527366414248,-7.3180325850799575,-274.1114151808286,57.280381051897436,-197.33129150675757,-390.55089205419114,-0.036202677,0.7577595,1.0,-1.0,10,-3.3725568311165963,1.2882459053130741,-1.0502160522816129,-7.91429562132242,-337.25568311165966,104.87672939795434,-115.37441475396864,-497.34925657847566,-0.08072947247411918,0.6492469003445076,1.0,-1.0,0.08808759969490161,0.03794037795270664,0.16682274486435889,0.029173483649807427,0.09139046381468151,0.03723252200760377,0.1667858898976269,0.03791787696542469,0.11882542792684272,0.05837380004314583,0.20560865256424696,0.0161691703595684,0.1197264966080393,0.059190259168260616,0.20560865256424696,0.025718654627144198,0.09919997657841703,0.03345304443834124,0.1721538961496716,0.056509863333366044,0.1003768075452733,0.03455739589746659,0.1645160052472419,0.06382057693566758,0.0009090909090909091,0.030137426280455955,1.0,0.0,0.0,0.0,0.0,0.0,18.474272037235025,3.262137332493959,23.543791357714213,9.32938539010028,19.19829275198005,3.1043866799160647,22.93327901605649,14.27859670001382,-0.9990909090909091,0.030137426280455955,0.0,-1.0,-1.0,0.0,-1.0,-1.0,4216.417999813188,3721.8153340290123,26216.7962470399,1013.0091602748644,3447.8611811437736,1736.5015549849775,7097.132297355314,1387.3365136637613,0.0,0.0,0,0,0.0,0.0,0,0,2.741114151808286,1.004434092958397,7.3180325850799575,1.4369527366414248,2.5590194449583765,0.6432057933818516,3.789010105215322,1.6781306369166271,-274.1114151808286,260004,69000,690,26.19364574293286,17.227777576001245,12.253549177054083,55.674972495988186,3767.688986337358,68
7.3021374,7.741791,199.72887,-200.72238,138.53444,-5.4906645,-552.10895,-201.28235,138.90904,-5.8057427,-554.3721,-201.09955,138.46565,-6.0279894,-553.3293,7.3021374,16.862215,116.125565,9.182468e-05,7.741791,22.206135,197.13544,0.00025086198,-0.11192311,0.8370973,1.0,-1.0,-3.1112209628009135,0.9685731092585659,-1.2371795832924757,-7.621491962100571,-311.12209628009134,79.98986667119291,-160.87000424763696,-470.7687538232942,0.01410999,0.6622263,1.0,-1.0,10,-2.626554128052894,0.7054477109899691,-1.7742789334591718,-6.746917444731538,-262.65541280528936,44.01470073715308,-203.2137977492271,-340.7649349446724,-0.13295894598534333,0.6449454589348836,1.0,-1.0,0.08523629167485952,0.03762247285201091,0.16442273008893687,0.03012953539347699,0.08535087567101073,0.034153755846442896,0.13527590582542476,0.045556137205939436,0.10356293124805518,0.05501032066387013,0.21806178155036227,0.018346905470659678,0.10420005871614996,0.05433764915259379,0.17281830740292167,0.01834840148196022,0.09075484947590134,0.018763157813652412,0.14166625318766313,0.05734423087815751,0.09114332849797528,0.018781544462228066,0.14166625318766313,0.07287001995420889,0.0,0.0,0.0,0.0,0.0,0.0,0.0,0.0,17.853886402995645,3.6981467566052317,24.393007992211874,7.795342609375126,18.170248059346317,3.582986269885918,23.66162104864648,12.737737240939747,-0.9981818181818182,0.042601361868581746,0.0,-1.0,-1.0,0.0,-1.0,-1.0,5246.272177335823,3316.7792434658045,28401.6006369785,762.8442148001891,4952.671460678446,2949.8555579891836,12410.405044887872,964.1201220902221,0.0,0.0,0,0,0.0,0.0,0,0,3.1112209628009135,0.9685731092585658,7.6214919621005714,1.2371795832924757,3.0293181204800272,0.9146866995622768,5.001608283011565,1.391528409522853,-311.12209628009134,264004,70000,700,24.270146958915575,16.371840336993046,11.870314604886516,52.51230190079514,3819.311863403156,69
12.645796,15.177975,205.89436,-207.8599,151.00874,-4.835156,-517.2269,-207.2067,150.61559,-4.612966,-517.5,-207.44667,150.95567,-4.388609,-518.9881,12.645798,53.551216,524.69104,0.00053863996,15.177975,59.762043,548.9145,4.4361746e-05,-0.0431122,0.8387745,1.0,-1.0,-2.3501214315116306,0.971331248898172,-1.129960296318799,-6.88113549866665,-235.01214315116312,60.95042384969843,-133.78654251822002,-331.6018368659151,-0.0040789684,0.5218075,1.0,-1.0,10,-2.7118849299920558,0.7787776202467738,-1.4151192089554336,-6.803438151992562,-271.18849299920555,30.340927003395674,-230.81805620509675,-334.6792936026535,-0.04087868142367978,0.6279503233549164,1.0,-1.0,0.08008218971497107,0.026918684669733354,0.14115964936691325,0.0300989909128082,0.08109874467707408,0.026909152449807693,0.12178064309005295,0.03868886802136851,0.11153090405211706,0.0465519934014236,0.20373281855945488,0.008425518808777403,0.11221226615632779,0.04570005676268675,0.18322259692628567,0.017632931066299786,0.0978224676780048,0.025887673458776326,0.14659714204609256,0.05689692434593879,0.09964498558330322,0.02565801985930316,0.14291329111278722,0.06490686913554797,0.0,0.0,0.0,0.0,0.0,0.0,0.0,0.0,17.223675474885777,3.3015523261052437,24.865015050704105,9.520252194424476,17.376586407824878,3.424336041244581,24.05151078597856,12.727217623472038,-0.9990909090909091,0.030137426280455955,0.0,-1.0,-1.0,0.0,-1.0,-1.0,3202.347671204553,3059.675393851133,23267.738413958912,633.4382764288339,2421.764213004005,1316.3677974293248,4665.590935199798,655.1747941298738,0.0,0.0,0,0,0.0,0.0,0,0,2.3501214315116306,0.971331248898172,6.88113549866665,1.129960296318799,2.1154396048207214,0.6362241778285764,3.0694032093922283,1.1473865092364788,-235.01214315116312,268004,71000,710,25.040734439076914,15.486831459995301,12.487458730953222,53.01502463002544,3872.486474750178,70
12.140316,7.5842257,194.6531,-196.08463,141.67209,-5.3495555,-548.3796,-195.90201,141.56097,-5.7496867,-547.84186,-195.73576,141.46927,-5.086719,-548.88873,12.140316,27.909555,201.1752,0.00038355874,7.5842257,14.505218,84.13939,0.0005312288,-4.3710694e-05,0.85276735,1.0,-1.0,-3.040361607512562,0.8965655794663597,-1.587839214511533,-6.403725242331452,-304.0361607512562,68.01102630696447,-214.554038776613,-436.249663843356,-0.01952965,0.81992584,1.0,-1.0,10,-2.529652205108781,1.1512833793679342,-0.6802705456406871,-8.468488459093233,-252.96522051087808,68.68632993166534,-117.18764739690232,-402.5163098302955,0.02401119019058437,0.6221096600369441,1.0,-1.0,0.08463533259547044,0.027336090030490777,0.15506322911038103,0.02776695431687497,0.086564237851267,0.026387148022063118,0.1349012785991657,0.04835416131696475,0.15185657659402452,0.055679392099027704,0.21996927978974118,0.06700800071381313,0.15264741920793704,0.056577984292525474,0.219962149894222,0.06701193277060881,0.1295899292363098,0.04186356986746883,0.21248324009292785,0.05768491608004991,0.1351897255455023,0.037589706324254915,0.20526491934079183,0.07846413249813655,0.0,0.0,0.0,0.0,0.0,0.0,0.0,0.0,18.349233536110905,3.2760049002859883,25.974100311012723,9.2780741813798,18.774035378486996,3.516768232311756,22.60573090144665,12.18315815216045,-0.9990909090909091,0.030137426280455955,0.0,-1.0,-1.0,0.0,-1.0,-1.0,4976.580960114652,3012.988634736831,20151.755917789756,1252.7887580703434,4360.476661996518,2429.3919529568802,9627.696146063567,1281.2559925356982,0.0,0.0,0,0,0.0,0.0,0,0,3.040361607512562,0.8965655794663597,6.403725242331452,1.587839214511533,2.854409593938941,0.8046688063130747,4.406709480579624,1.6059792126539847,-304.0361607512562,272004,72000,720,24.26112900301814,15.647901135998836,12.334757241944317,52.243787380961294,3925.818339747151,71
7.4202604,8.123641,197.89688,-199.0567,139.83284,-4.757436,-586.7764,-200.03311,140.21289,-5.3113985,-595.14716,-200.04347,140.01292,-4.7602153,-593.29004,7.4202604,16.324736,125.38764,7.72553e-06,8.123641,19.367226,116.06301,2.3396919e-05,-0.12065998,0.7958032,1.0,-1.0,-2.756466987168762,1.274478868962322,-0.8344405245323663,-7.458668039153344,-275.64669871687613,106.06612413244028,-116.49723032226281,-475.5628025399195,-0.06764202,0.6614263,1.0,-1.0,10,-2.583620032934842,0.910760727653134,-1.4091171222827144,-8.161090679744314,-258.3620032934841,47.19557668282958,-181.8232378705363,-348.1007491952234,0.031153171755482947,0.5381780481163083,1.0,-1.0,0.09264451010316027,0.026479575849074587,0.14812112747171138,0.027533624247333188,0.09440823832630528,0.02352053436483574,0.12567540791333373,0.05911411481647796,0.16408810295467063,0.07808729372887444,0.3186666953311756,0.06006396069956382,0.16577707891877214,0.0813733505192608,0.31865663989152515,0.061054521880090744,0.10393900111658697,0.034598185917222,0.16025494934042256,0.05672770872769977,0.1082891136063462,0.031802045279411446,0.16008451759011552,0.06473772224906439,0.0,0.0,0.0,0.0,0.0,0.0,0.0,0.0,18.089707795991515,3.5212378762663468,25.61447051135521,10.306706028504749,18.332927486697454,3.5613928195387388,25.222863614274004,12.947648411385444,-1.0,0.0,-1.0,-1.0,-1.0,0.0,-1.0,-1.0,4561.500782604751,4153.7614436497815,27361.79399097674,346.453276167898,3949.869717923298,3210.2521637779705,12052.581316493382,657.5432403112075,0.0,0.0,0,0,0.0,0.0,0,0,2.756466987168762,1.274478868962322,7.458668039153344,0.8344405245323664,2.593599295218345,1.1163044044944155,4.940643514166563,1.1512125150058676,-275.64669871687613,276004,73000,730,24.425972565055417,16.741234290006105,12.361932872321631,53.52913972738315,3978.477993354536,72
5.766472,5.6993437,202.85432,-203.79774,137.08968,-7.0465508,-466.4981,-203.00394,136.7864,-6.3950276,-467.2686,-202.94809,136.82466,-6.8148484,-466.89642,5.766472,12.952924,83.67437,2.474431e-05,5.6993437,13.703124,88.88217,7.657852e-05,0.03143919,0.8456149,1.0,-1.0,-2.8764622769132133,0.7727230568799555,-1.3300512676986695,-7.023478548195715,-287.64622769132126,56.499719063572066,-163.1347358510425,-388.78209994824107,-0.05852672,0.678869,1.0,-1.0,10,-2.639557665507372,0.7575608546395511,-1.7687987890642778,-7.6817888481827925,-263.95576655073717,41.89651743420781,-191.12984455090006,-325.00319326687406,-0.15252991055108145,0.622558422880725,1.0,-1.0,0.1104878283283882,0.02756930827365975,0.16257868451905394,0.028038032555041833,0.11278448096777054,0.023939686975173506,0.15450093106861834,0.06485132562280715,0.13661119454632467,0.07391465718710857,0.2572487513549289,0.036576141432676096,0.1371537316481646,0.07513644527255392,0.25723684795774077,0.03833842241248277,0.1240881514654534,0.03376420339127075,0.18109696892950747,0.057479812917821636,0.12809343628102263,0.03130080976821276,0.1798441811028936,0.06445916258813503,0.0,0.0,0.0,0.0,0.0,0.0,0.0,0.0,17.85869129353609,3.370415940635553,24.8174784311095,9.600215459583938,18.277067806978508,3.353029461465598,24.769118883972247,14.29521446073047,-0.9990909090909091,0.030137426280455952,0.0,-1.0,-1.0,0.0,-1.0,-1.0,4393.143868296486,2435.795424096081,24188.714803901872,875.0027750975141,3796.9684695616047,1632.4635242303514,7245.672795652032,921.1726353639104,0.0,0.0,0,0,0.0,0.0,0,0,2.8764622769132133,0.7727230568799555,7.0234785481957145,1.3300512676986695,2.694709370362553,0.6341234549697804,3.822965493864759,1.3653789719313594,-287.64622769132126,280004,74000,740,24.241676349971385,15.85923307199846,12.443443206961092,52.54435262893094,4031.6287453074474,73
5.496852,6.7611246,190.3132,-191.99564,127.78582,-5.21895,-483.92313,-192.4784,127.40732,-6.5331845,-474.87396,-191.31299,127.29288,-5.349393,-478.61996,5.496852,11.609682,75.841095,7.543713e-06,6.7611246,13.127587,110.99788,0.00012407545,-0.11887733,0.8358605,1.0,-1.0,-2.6123895068789342,1.100090132308279,-1.4206555044599984,-7.582719661526229,-261.23895068789346,80.47077554977972,-170.8352409077489,-434.92089455502384,-0.050576113,0.63232774,1.0,-1.0,10,-2.646107886408266,1.1186748605862298,-1.0396853113493216,-7.089887347399424,-264.6107886408266,86.49635401308122,-147.85282331081376,-419.8931174840968,-0.1248665931211746,0.6287438523040808,1.0,-1.0,0.0925411541247932,0.03077416922515145,0.1509634510824636,0.02813131303189819,0.09625880043220726,0.030712352062800177,0.14186642650019202,0.05752790502726481,0.11776215989525957,0.07194499975970677,0.2536461767141853,0.016975131239639972,0.12049555106692282,0.07363551680397952,0.25363205436235425,0.017037442522317568,0.10881031865989835,0.030375864897306266,0.1694807890383329,0.05705270011185153,0.11442088726539625,0.03070758752031355,0.1694807890383329,0.07114873839285091,0.0,0.0,0.0,0.0,0.0,0.0,0.0,0.0,17.467981987546672,4.54905346176712,23.285753433302414,7.194695598287564,17.821604798958102,4.618142404763363,23.25926818118942,8.587161719988087,-0.9127272727272727,0.2822342969008328,0.0,-1.0,-0.9090909090909091,0.28747978728803447,0.0,-1.0,3977.5165647305666,3674.9783369997954,28284.923162426912,1003.3255670931737,3193.9745132928747,2359.4963849837895,8671.232959160418,1282.6122442201013,0.0,0.0,0,0,0.0,0.0,0,0,2.612389506878935,1.100090132308279,7.582719661526229,1.4206555044599984,2.394942875883967,0.840834537519081,4.181683865033687,1.605981378014855,-261.23895068789346,284004,75000,750,27.209380830070586,16.4726564349985,12.883776508075243,56.56581377314433,4086.6171823046097,74
10.321483,10.312586,199.41602,-200.5897,138.14424,-3.7313166,-477.82104,-201.13914,138.57303,-4.0383134,-477.39398,-200.50159,138.38222,-4.2900257,-475.76178,10.321482,52.606678,585.6938,0.00030684844,10.312586,53.132397,588.1158,9.566569e-05,-0.025670778,0.8453501,1.0,-1.0,-2.6690283485925983,1.208839481353569,-1.1653688189667697,-8.509471821641842,-266.9028348592599,65.34577065192006,-168.01478544828004,-381.4647600511201,0.05417348,0.758445,1.0,-1.0,10,-2.615793964821235,1.0491615536317123,-1.135432372042743,-6.976339146523156,-261.5793964821235,79.71177013287235,-123.4329626158085,-433.9994396893099,0.014462979699621325,0.6270954903969104,1.0,-1.0,0.09986501675561062,0.03399309951731588,0.18151578354395662,0.029023797092949794,0.10749128304306148,0.03523113461324736,0.18079024123599266,0.06967630406419237,0.11547641737823265,0.03727198832051375,0.17928081248983885,0.03988319680936314,0.11714309626218435,0.03791849105789711,0.1709613859409712,0.06955811774138111,0.10717604412104408,0.0351373969363131,0.19958948183555544,0.05751758602282802,0.11108369891908598,0.03203252608364351,0.17907344950742987,0.07593857648042125,0.0,0.0,0.0,0.0,0.0,0.0,0.0,0.0,18.566215017467485,3.298171218481701,25.481191471366902,11.01678213718545,19.116778692742773,3.2109351857962944,25.226173527396,14.651097429939382,-1.0,0.0,-1.0,-1.0,-1.0,0.0,-1.0,-1.0,4247.409198845405,4882.737776929271,35613.39089143039,674.136729528391,2831.5490295199916,1528.9906939957336,5808.782298389571,674.136729528391,0.0,0.0,0,0,0.0,0.0,0,0,2.6690283485925983,1.208839481353569,8.50947182164184,1.1653688189667697,2.29726153317653,0.6550375682363191,3.4247709115149574,1.1653688189667697,-266.9028348592599,288004,76000,760,24.08539452693367,14.887254313005542,12.599669302951952,51.57231814289116,4137.7733153984955,75
9.75224,11.289362,204.54254,-206.69171,139.8069,-17.298983,-507.35812,-206.2916,139.74576,-16.578156,-508.95276,-206.15039,139.00725,-17.341545,-494.15787,9.752241,26.377787,180.63612,1.8859282e-06,11.289362,35.310547,309.61307,3.6525453e-06,0.015576515,0.8382537,1.0,-1.0,-2.7281274369031396,1.1275389131249496,-1.3982912441294921,-7.669779862989871,-272.81274369031394,75.06548365082615,-146.95112916806764,-388.4981260774756,-0.038991477,0.8048422,1.0,-1.0,10,-2.8799435984193087,0.8972920716909747,-1.7578590416061481,-7.8490936306728845,-287.99435984193093,37.072271061405324,-230.22859011840367,-336.2188686604855,0.003108201904161643,0.6586518636249247,1.0,-1.0,0.1060995850964548,0.032502563336913946,0.17724425906552133,0.027980710261418646,0.11052529569534415,0.031609948151686024,0.17724425906552133,0.06063463530332467,0.11665626833732952,0.05707254918450544,0.23653765627410178,0.024783428311502556,0.11737542288091726,0.05744493210159946,0.23413151250262554,0.030879264792195802,0.11984386556313048,0.03795238434137309,0.19488994851716185,0.05723171436938708,0.12497694841104251,0.03268231659816459,0.1795481399740255,0.07375889841381819,0.0,0.0,0.0,0.0,0.0,0.0,0.0,0.0,18.751575859773485,3.175265541322743,24.752194066609754,9.237212239923792,19.50045083338956,2.786440597714427,23.811513148068002,14.545676905783496,-0.9981818181818182,0.04260136186858175,0.0,-1.0,-1.0,0.0,-1.0,-1.0,4314.183831687243,4071.088497007387,28795.60686852906,959.5863239781484,3454.461087890454,2161.4033291283317,7394.326271306552,981.4976060871019,0.0,0.0,0,0,0.0,0.0,0,0,2.72812743690314,1.1275389131249496,7.66977986298987,1.3982912441294921,2.5106870777949957,0.8144666410034856,3.8527098195308986,1.4132734540727256,-272.81274369031394,292004,77000,770,23.136538240039954,14.493075674006832,12.494038466989878,50.12365238103666,4189.586915022526,76
7.726016,9.7991295,210.07805,-211.52585,143.54095,-7.851383,-555.0332,-210.92676,143.21162,-6.779837,-552.74194,-211.10562,143.66502,-6.854391,-552.4708,7.726016,18.355227,113.831604,4.9588794e-05,9.7991295,33.843964,322.69284,3.2419339e-06,-0.14495677,0.8746332,1.0,-1.0,-3.0638379460571756,0.9684902683520015,-1.599011927657207,-8.471676137702554,-306.3837946057175,53.16352670875144,-225.32127547668358,-422.249998390535,-0.011076654,0.6941963,1.0,-1.0,10,-3.1171784221419174,0.9532262295917007,-1.5775578039480997,-6.699077734043336,-311.7178422141918,62.700967758636075,-225.3746958247095,-406.8620750969849,-0.12501817946478425,0.6753400761743859,1.0,-1.0,0.08490694761124033,0.028146183325907976,0.1509592181318502,0.02937470564431665,0.08773951595703237,0.02910026025916816,0.13442875663981327,0.04470000544901281,0.15581231897343578,0.09599905715279161,0.37516742766137473,0.02057613469342761,0.15904219649335036,0.09813196458810977,0.37515851198741906,0.03292550384362095,0.10715279447312338,0.032795309098549594,0.19412004297914828,0.05668267089032382,0.11421666371804547,0.033107533322983516,0.17622035801874048,0.07080613018505474,0.0,0.0,0.0,0.0,0.0,0.0,0.0,0.0,16.85694949869006,2.6534066563030114,23.864221521342042,9.901462227790702,17.17973775375667,2.112966447745713,21.03386917429527,14.681766893784076,-0.9990909090909091,0.030137426280455955,0.0,-1.0,-1.0,0.0,-1.0,-1.0,5110.413396098689,3917.7399266627262,35274.80413660937,1273.5944133616927,4292.952629927438,2077.5996789916203,9999.376133584166,1565.2871452384793,0.0,0.0,0,0,0.0,0.0,0,0,3.0638379460571756,0.9684902683520015,8.471676137702554,1.5990119276572068,2.868482476362874,0.6604601223686508,4.492427546116963,1.7743724015307478,-306.3837946057175,296004,78000,780,25.358906763962295,16.1581342280042,12.686415614065481,54.20345660603198,4245.07648278655,77
14.098259,13.465004,208.70114,-210.35432,142.21675,-5.761447,-564.40894,-210.02069,141.84276,-6.3333244,-561.26416,-209.80716,141.85402,-6.0514135,-558.4476,14.098258,50.848953,401.2094,0.00013572449,13.465004,50.859516,417.2437,0.0005193386,-0.13809817,0.8171245,1.0,-1.0,-2.6410024059766095,1.184243190614718,-1.2054437620613179,-6.469633343362095,-264.10024059766096,93.59223627771776,-129.91633056857674,-488.49027795156684,-0.017659577,0.82289964,1.0,-1.0,10,-2.659456062682919,1.0913612843938232,-0.9522651433202252,-7.581666585668736,-265.9456062682919,63.12310779102858,-170.48624175174731,-385.84110189422245,-0.09868957181924676,0.6087155596165896,1.0,-1.0,0.10589822668238998,0.032623552750205356,0.1744675855324493,0.02927622941094495,0.1120282234428382,0.0321437280921036,0.1681848253767112,0.03982006838768229,0.17415792197017832,0.05612000306703018,0.28307049811508583,0.015065085779884352,0.17827286020411012,0.053415848748988165,0.2830544992404809,0.07827286981964629,0.11664894016204479,0.04360300099844275,0.20598520045190083,0.057687756057999896,0.12509048106508117,0.04577139533628038,0.20598520045190083,0.06219647642003074,0.0009090909090909091,0.030137426280455955,1.0,0.0,0.0,0.0,0.0,0.0,19.45247527956245,3.400325931121937,25.57105756525856,8.373747446029675,19.5569203323204,3.431145167078238,24.876552731779245,13.11796828353139,-0.9954545454545455,0.06726658448613065,0.0,-1.0,-1.0,0.0,-1.0,-1.0,4132.262896382063,3796.785442378271,20408.51824824979,719.3351542646607,3145.475859637695,2406.677841932761,9302.697261096695,728.491967632873,0.0,0.0,0,0,0.0,0.0,0,0,2.6410024059766095,1.184243190614718,6.469633343362095,1.2054437620613179,2.360011848559782,0.8864322994221308,4.35371612134561,1.2130380482734104,-264.10024059766096,300004,79000,790,30.55469667314901,17.471999137997045,13.962214657127333,61.98891046827339,4306.429354560823,78
9.7589245,8.485017,197.61891,-199.02858,138.50893,-5.651382,-529.0323,-198.25607,138.30367,-5.267044,-526.31934,-198.58792,138.07292,-5.135512,-526.5144,9.7589245,21.962194,132.70874,0.0005958602,8.485017,22.343508,186.28317,8.749054e-05,-0.07531336,0.8253464,1.0,-1.0,-2.5466862269740007,0.9101825535831316,-1.1242916739062163,-7.121939698745756,-254.6686226974001,55.9753380635161,-164.21526347292732,-372.05337080650634,-0.004203675,0.75638026,1.0,-1.0,10,-2.8872970082077827,1.0706579961698324,-1.1462082467183663,-8.436943112343334,-288.72970082077825,56.17293796390282,-208.70081356675493,-413.8856596958079,-0.07664045889962691,0.6867484228031653,1.0,-1.0,0.09673837102999668,0.04137385391151869,0.16793136841694153,0.030080237879276155,0.09843898254878868,0.04260736119852238,0.16793136841694153,0.04716810593610866,0.12849226962876284,0.0673774792346803,0.2873430559928264,0.023884447237242194,0.1291453797514478,0.07012530443960739,0.28732738183956513,0.02389597239522518,0.11234765586392681,0.036754356154466206,0.18643746080289464,0.05702221670734302,0.11555002306365324,0.038110888059280666,0.1826475144224915,0.06416914962501738,0.0,0.0,0.0,0.0,0.0,0.0,0.0,0.0,19.092479019013158,3.905281508159748,24.388598504715713,10.9293962866702,19.350735648959695,3.978838561557942,24.092505307572033,13.075485454734382,-1.0,0.0,-1.0,-1.0,-1.0,0.0,-1.0,-1.0,3621.533731124286,2941.1899857100702,24962.96450161766,631.2394871861667,2908.911711256293,1661.336112050797,7001.535870867976,706.0459467142474,0.0,0.0,0,0,0.0,0.0,0,0,2.5466862269740007,0.9101825535831316,7.121939698745757,1.1242916739062165,2.323942440880512,0.6823003804300648,3.753474659111462,1.1897980349288684,-254.6686226974001,304004,80000,800,35.33623123897269,16.798956541002553,14.599333548889263,66.7345213288645,4374.720120908685,79
9.012861,11.017177,194.68475,-196.2008,124.82533,8.213839,-533.04254,-195.55899,124.63777,9.572772,-528.8783,-196.86676,124.87225,7.718399,-528.05914,9.012861,19.928957,132.50632,3.3807592e-06,11.017178,18.784897,150.01091,3.4780765e-05,-0.031152632,0.8534143,1.0,-1.0,-2.643695358398448,1.235625593295446,-0.7302498666212248,-7.954730814565382,-264.36953583984473,98.49569512712418,-97.10509512390226,-391.7714921722768,-0.10211849,0.7259529,1.0,-1.0,10,-3.2517015440276964,1.2066911510802516,-1.4547945578656007,-7.656137867813479,-325.1701544027697,92.5452437568094,-160.87095859975892,-480.57481051401857,-0.06693800503222751,0.6724728768545303,1.0,-1.0,0.10780863868033816,0.03755186785885645,0.17268153131665787,0.029410891107042703,0.11378222397483424,0.03700110041637761,0.16733246030048027,0.05093916105065781,0.16554650403984686,0.07461150842926376,0.3518969600758307,0.014376100364044908,0.16945744494512438,0.07626699926457293,0.35187952583215965,0.08509251807353461,0.10841351570905941,0.03245731448938903,0.17118348023671534,0.05753074241500004,0.1124797108263917,0.03236404237166524,0.17060760211786127,0.06615712047396988,0.0,0.0,0.0,0.0,0.0,0.0,0.0,0.0,19.08531548867833,3.5894619179411418,25.152963187136137,9.34252060594931,19.71077203948963,3.6448392633120528,25.070371391792634,12.48191001659752,-0.9981818181818182,0.04260136186858175,0.0,-1.0,-1.0,0.0,-1.0,-1.0,4204.04375149337,4288.734961710212,30757.517346414887,264.42952014653565,3492.7294262464716,2243.1432805923205,6578.94594418679,557.341047717693,0.0,0.0,0,0,0.0,0.0,0,0,2.643695358398448,1.2356255932954459,7.954730814565382,0.7302498666212248,2.498135778593964,0.9080988832671198,3.6415226463706136,1.0596581006450176,-264.36953583984473,308004,81000,810,26.36015197881352,18.3491272849933,12.992125231095997,57.70140449490282,4433.313930591583,80
8.504728,6.6180887,200.23492,-201.55397,138.21666,-9.193482,-473.6914,-202.19894,138.05928,-10.086132,-470.30652,-201.36884,138.07274,-9.262766,-473.10117,8.504729,19.995531,141.23677,9.347699e-05,6.618089,11.147909,51.957798,0.00023586728,-0.043464497,0.82699513,1.0,-1.0,-3.0428974971274854,1.1846894297125017,-1.354009643926226,-7.981121621721162,-304.2897497127485,96.33584900283249,-178.7320829867581,-466.54326069966294,-0.09972848,0.75157595,1.0,-1.0,10,-3.046443445481476,0.9618366976224033,-1.631038684989452,-7.506636572083354,-304.64434454814767,64.77192187818343,-203.7646706017812,-422.6886686881618,-0.06515745473357697,0.6940362890859959,1.0,-1.0,0.12157129469005812,0.03188571411223783,0.1719859136963014,0.028269832276940396,0.12813585756070517,0.028914875431839942,0.17050588234397962,0.06990878579534966,0.1654324232825875,0.08332195021491635,0.3420329236512804,0.059331866178897616,0.16815952877256526,0.08639456637699273,0.3420225672621175,0.059332322547556,0.10364412606996048,0.02980978914028711,0.16972492455952354,0.0569370714076133,0.1069072690791577,0.027894397493899124,0.16256914370920375,0.06404911216105291,0.0,0.0,0.0,0.0,0.0,0.0,0.0,0.0,21.039092790932443,3.032482643668715,26.315581010526227,11.549357164080547,21.71392575755647,2.596031350691783,25.699861097645897,18.546860961322988,-1.0,0.0,-1.0,-1.0,-1.0,0.0,-1.0,-1.0,5267.864323523013,4154.8076720708,31195.128833151815,908.8289964132961,4322.084073935009,3025.0358585475706,10763.497618705425,1019.4116574162333,0.0,0.0,0,0,0.0,0.0,0,0,3.0428974971274854,1.1846894297125017,7.981121621721162,1.354009643926226,2.7836366565620705,0.9894188398329398,4.662722530862887,1.4349199453547978,-304.2897497127485,312004,82000,820,24.42753384719981,19.262696698999207,12.570187662917306,56.260418209116324,4484.503704755705,81
6.824785,8.623742,197.0249,-198.03268,137.15327,-5.0766373,-475.23972,-198.3428,137.096,-5.4715157,-475.3923,-198.4718,137.36913,-5.210725,-477.26486,6.824785,20.464783,152.19475,9.1751586e-05,8.623741,23.6891,198.18716,0.0047142967,-0.121356696,0.8205219,1.0,-1.0,-2.53413803664906,0.8503823123888077,-1.4136059582423655,-7.244268627030524,-253.41380366490606,45.26887068131783,-190.5834380442396,-338.5919214625583,0.03160329,0.6629767,1.0,-1.0,10,-3.0274594759560616,1.0218714752522895,-1.1880980877939342,-7.5257972661594,-302.7459475956062,70.785405788274,-169.23223231101053,-432.68337101265706,-0.1309166634808808,0.7108297002569919,1.0,-1.0,0.08891246632323985,0.03226620106378891,0.15764395238426146,0.02864150824194321,0.08984578171222307,0.032123527338209834,0.15394605111133017,0.03727510624218839,0.1371977572914112,0.06853669315950718,0.2967254901753649,0.019735913821170358,0.13854034171798257,0.06899244060177243,0.29671363530728656,0.04210548906877354,0.09575164340728269,0.02775273982020061,0.15365318407239686,0.05683941165746021,0.09944553245030739,0.027468514455689475,0.15353397349749595,0.07106829015160905,0.0,0.0,0.0,0.0,0.0,0.0,0.0,0.0,18.514484434414438,3.8582261784542387,26.820767545004955,8.11312083722033,18.989602409980662,3.9335915248311686,26.793594407409078,11.13082802689891,-0.9927272727272727,0.0849696105130758,0.0,-1.0,-1.0,0.0,-1.0,-1.0,3532.914487773772,2900.4743590875228,25733.486562465223,976.499414561089,3101.014532790588,1508.0592965273106,6381.615218559864,1009.7224127200443,0.0,0.0,0,0,0.0,0.0,0,0,2.53413803664906,0.8503823123888077,7.244268627030524,1.4136059582423655,2.4294634397636448,0.6016682377712013,3.587395340139997,1.4367010235960602,-253.41380366490606,316004,83000,830,28.547364116893732,14.173546525998972,13.205259268994268,55.92616991188697,4541.982987552605,82
13.5375,17.645397,211.90894,-213.07925,144.5178,-7.2684207,-607.01575,-212.1696,144.12791,-6.5705853,-608.8136,-211.93045,144.34547,-6.446879,-602.9303,13.5375,46.849174,395.01685,4.4662156e-06,17.645397,96.36553,1048.605,1.046434e-05,-0.011597348,0.85105485,1.0,-1.0,-2.8254557068665895,1.1071770875090317,-1.1904279510174802,-7.644721834914286,-282.54557068665895,84.17567275955561,-163.90880970494766,-476.3056250247479,0.035000175,0.75213265,1.0,-1.0,10,-3.0447052274841804,0.9902000126746442,-1.2059841466080015,-7.782477743135274,-304.4705227484181,65.555105019702,-132.09715902886012,-389.6661920741806,-0.09001672894210172,0.6460934353549959,1.0,-1.0,0.08271930664543158,0.033946982325928646,0.15785760747531571,0.029370625585170798,0.08545220417357778,0.03316452298125524,0.15746293517513896,0.04654466444397511,0.12323977627445683,0.06874564019380551,0.27522065005839835,0.02871284746951736,0.12315717278821005,0.07072012936125341,0.27520731524609154,0.031147757451687942,0.11494370117035511,0.03880519630427268,0.20160912110412652,0.05717092472734528,0.12330498124671713,0.035853717374169015,0.17289455013284835,0.06564190903668818,0.0,0.0,0.0,0.0,0.0,0.0,0.0,0.0,17.878438999820208,4.297328479128125,25.72001406325571,9.130491479848766,17.981756989618322,4.575251926785444,25.671183413000538,10.210958975471877,-0.9890909090909091,0.1038753225969869,0.0,-1.0,-1.0,0.0,-1.0,-1.0,4556.268852967681,3705.1658113159756,28694.15589687454,703.3684963069154,3770.003631782474,2466.269137547437,10053.188895607798,703.3684963069154,0.0,0.0,0,0,0.0,0.0,0,0,2.8254557068665895,1.1071770875090314,7.644721834914286,1.1904279510174802,2.6096113758891617,0.8896906601177003,4.4985155256396725,1.1904279510174802,-282.54557068665895,320004,84000,840,23.990578462842677,15.752097210999636,12.27541010198911,52.01808577583142,4593.990976504443,83
9.484962,11.291296,200.28162,-200.60074,144.76312,9.896572,-626.09,-200.3793,144.96594,10.477986,-627.9593,-200.91443,145.46046,3.3516083,-638.40186,9.484962,23.666035,151.58113,0.00077972654,11.291296,33.132706,283.29672,1.2316741e-05,-0.02480352,0.86819464,1.0,-1.0,-2.657190765151142,0.8694445481655174,-1.2117211783837034,-7.87833156209028,-265.71907651511424,58.39239781122824,-177.59232656846257,-364.1634405479269,-0.035758443,0.62799376,1.0,-1.0,10,-3.1301710385878803,1.0168369943278848,-1.7332037720950322,-7.362512079360776,-313.017103858788,52.54109193424295,-246.32219604395718,-396.9786967161454,0.08068829596272173,0.6605398879108304,1.0,-1.0,0.08414345599572201,0.023912839048668824,0.1485065847268012,0.02881181129447032,0.08497688096113488,0.022665997625147385,0.12641870359351184,0.037718723987169606,0.13071512203211905,0.0813535075198982,0.34694798065211613,0.03172242793478614,0.131463095861194,0.08340624054578602,0.34693747092763044,0.03172743002753379,0.11948842193186679,0.035076483060058214,0.18962168847471225,0.05705529839424379,0.12279678933656943,0.033097128113978226,0.17962014770281062,0.06842020198688165,0.0,0.0,0.0,0.0,0.0,0.0,0.0,0.0,14.985742791592836,3.0459490450385664,24.869444572736267,8.675427210999393,14.934803999734568,3.5445292760489253,24.814451147964206,11.444926549085238,-0.9981818181818182,0.042601361868581746,0.0,-1.0,-1.0,0.0,-1.0,-1.0,3872.3049337950197,3070.420449484969,30378.813881936825,731.3092017312899,3296.4890978315593,1402.364437947722,6252.558910243832,1010.0699121106946,0.0,0.0,0,0,0.0,0.0,0,0,2.657190765151142,0.8694445481655175,7.87833156209028,1.2117211783837032,2.512316152580744,0.5760845779341763,3.5595439808096976,1.4260950590766697,-265.71907651511424,324004,85000,850,22.69966774997738,15.72207136000361,12.282477587956237,50.70421669793723,4647.873586161382,84
11.128696,11.220354,199.83945,-201.58289,139.15784,-6.362341,-576.3348,-202.06801,138.81445,-7.4525194,-574.64557,-200.69336,138.47086,-8.054454,-568.6297,11.128696,21.452423,178.35957,0.00032309536,11.220354,25.69519,205.46223,0.00023004506,-0.1086732,0.83599854,1.0,-1.0,-3.211996597046138,0.989004364528279,-1.623338853566898,-5.364493227478901,-321.1996597046138,91.37855104514524,-192.46899461478668,-462.79558736204183,-0.051204987,0.8072409,1.0,-1.0,10,-2.489165755977897,1.0728219605654272,-0.43252976922367276,-7.375126917917901,-248.9165755977897,87.6492916630904,-56.71794523621766,-375.2365973806124,-0.05728345818859389,0.6970747535344634,1.0,-1.0,0.08517521723988104,0.032188263603247766,0.15124396561624576,0.028960093148410443,0.08332356716299866,0.03176255971115236,0.15124396561624576,0.0405324538699789,0.10951243325616926,0.05939464840345978,0.22996477291407477,0.010696946322716474,0.1090397808351506,0.0584563682950111,0.22995092019661834,0.029091861877066853,0.10833365477950412,0.03577072710876029,0.1806481487960667,0.05672800367974931,0.10926041453146705,0.03605934502469857,0.1806481487960667,0.06920426607335048,0.0009090909090909091,0.03013742628045596,1.0,0.0,0.0,0.0,0.0,0.0,17.54075468791818,3.6435830386486816,22.782033566847897,7.3696176900919435,17.2882486321751,3.6095131718058258,22.567452994091358,10.377443524407559,-0.9990909090909091,0.030137426280455955,0.0,-1.0,-1.0,0.0,-1.0,-1.0,5586.452406647695,3313.9633034640756,14210.000518843555,1296.835891728179,5723.653404955777,3639.7776970199866,13002.938668894134,1362.492463301787,0.0,0.0,0,0,0.0,0.0,0,0,3.211996597046138,0.989004364528279,5.364493227478901,1.623338853566898,3.2315770578500493,1.0625893626884302,5.120161533880456,1.664247697281147,-321.1996597046138,328004,86000,860,37.85565233915986,18.924524986003235,15.28647417591128,72.06665150107438,4714.169929501462,85
7.564414,5.881226,202.47836,-204.36804,142.4824,-6.377343,-503.13986,-204.52487,142.67067,-5.9936023,-505.25256,-203.91844,142.47739,-6.9339685,-504.5066,7.564413,27.488073,298.23248,7.617846e-05,5.8812256,13.784374,120.58946,1.8676374e-06,-0.14996523,0.83100355,1.0,-1.0,-2.7123092598423812,0.9942094727696883,-0.976065957381895,-6.894550999157075,-271.2309259842382,67.95178343739344,-149.5480066295397,-367.3822993119909,-0.05155967,0.7552715,1.0,-1.0,10,-2.801292319882391,0.8785216795850654,-1.6018243827355454,-5.4209173973326665,-280.129231988239,65.45667085875867,-199.1369139138591,-448.9116870623286,-0.11638816740069562,0.704909071913989,1.0,-1.0,0.0973012331450466,0.04092439583419448,0.16666533628057537,0.028534135265749234,0.1043344641805044,0.04316631969999459,0.166164206029743,0.037098157227892066,0.14538779149558587,0.0374355769595402,0.19600652209928393,0.03519649275672939,0.14752610112417458,0.0340959964070644,0.19600652209928393,0.09022388027956289,0.10372100873247461,0.03542300456002863,0.18868520790631818,0.05695655824397446,0.11327123373394099,0.03703409629593565,0.18269122040527622,0.06371955393928487,0.0,0.0,0.0,0.0,0.0,0.0,0.0,0.0,18.312068814127628,4.2411381523710805,27.878634924882785,8.318168439160004,18.95405690566568,4.294935775176398,27.471063521941197,11.961683026345433,-0.9981818181818182,0.042601361868581746,0.0,-1.0,-1.0,0.0,-1.0,-1.0,4132.723729359054,3130.6076940220128,23376.616858174748,471.9438825999279,3343.069034874949,1759.3291660633251,6939.611440754212,639.6341952210646,0.0,0.0,0,0,0.0,0.0,0,0,2.7123092598423812,0.9942094727696883,6.894550999157075,0.9760659573818952,2.485128638338139,0.7488542742134073,3.7355951364886475,1.1367283569770308,-271.2309259842382,332004,87000,870,24.63881154810224,13.143979296997713,12.650182283039612,50.432973128139565,4767.688199066601,86
15.185932,9.773937,205.28125,-206.49536,148.3022,-2.8826041,-574.08154,-206.5004,147.88193,-2.6828089,-573.2593,-206.55788,148.08574,-4.51742,-574.6252,15.185932,84.36764,903.5484,0.00016782456,9.773937,33.356815,252.54494,0.00024455803,-0.053062424,0.8615647,1.0,-1.0,-2.2952259797164904,1.319418803268064,-0.6780889869530106,-8.568599392659436,-229.52259797164908,86.50422860116137,-125.48023517330248,-445.41099608460434,0.030809402,0.58189,1.0,-1.0,10,-2.6100734828072025,0.7962744639509687,-1.2166415503793548,-6.601310450784142,-261.0073482807203,56.82111552505176,-176.90448954662222,-339.4114900698237,-0.08416763426093196,0.6742131535902129,1.0,-1.0,0.08846684710970669,0.039678232727447485,0.1659509824508436,0.028642842028665814,0.09097804941502363,0.039385583466694754,0.1549093699400109,0.04318017007279803,0.12412455866284203,0.05090701433927751,0.221736628690124,0.027430746749148024,0.12183096340819194,0.0505662081630461,0.2217255307661051,0.06360876328526134,0.10310434070396421,0.03889269375060363,0.18957221769958804,0.056822972591944874,0.11026471149979854,0.03769431758861115,0.18796940218644784,0.0668268766970353,0.0009090909090909091,0.03013742628045596,1.0,0.0,0.0,0.0,0.0,0.0,18.15283454099897,3.7219163748452955,24.392631922742904,8.823136374688504,18.23747031157833,3.8912498805571096,23.22872977514163,12.016959692927237,-0.9963636363636363,0.06019252857180673,0.0,-1.0,-1.0,0.0,-1.0,-1.0,3465.791908809126,4574.808937369264,36018.64162706535,229.18660670380564,2211.2658958856705,2067.1381766329287,7967.492607575629,264.06735453732887,0.0,0.0,0,0,0.0,0.0,0,0,2.2952259797164904,1.319418803268064,8.568599392659435,0.6780889869530107,1.9272989340395765,0.8568247086024534,4.002923368400744,0.7278112820011285,-229.52259797164908,336004,88000,880,24.772643244192295,16.23163799000031,12.625899235114048,53.63018046930665,4818.275146584914,87
9.515585,7.7340364,187.9251,-189.28026,135.98555,-5.4198513,-461.70285,-189.22989,136.39133,-4.0098486,-464.9745,-189.40616,136.20818,-5.243209,-465.84097,9.515585,27.018894,253.64801,0.00057738216,7.7340364,21.608665,215.1887,1.7220154e-06,-0.16945024,0.81595397,1.0,-1.0,-3.419850277369378,1.2513156415574784,-2.006057085843913,-8.591770969606644,-341.9850277369378,107.4599671989897,-223.88494952177138,-541.6229874607465,-0.07530086,0.82741505,1.0,-1.0,10,-2.57198424151748,0.8335549369164122,-1.3158277130850438,-6.328160104641223,-257.19842415174804,41.50597823191072,-190.08801485655593,-324.46023620105063,-0.10348598716578833,0.6639892464597158,1.0,-1.0,0.09868315805003469,0.03131970503407462,0.15683004320653926,0.030041011435434826,0.10110153510254194,0.031086635813290665,0.15629071979556455,0.05829782549747754,0.1668206241154166,0.05428913533563202,0.2544011320845598,0.01432852500356734,0.17087994465678602,0.05194761104496721,0.25438487999498394,0.044252006737932205,0.11590237155138748,0.037205857237416214,0.20524404152250575,0.05694586296626067,0.11887613725301133,0.0372965776770665,0.2052276465053533,0.07076478175267024,0.0,0.0,0.0,0.0,0.0,0.0,0.0,0.0,17.653769997787936,3.6994238263120347,26.418885454358577,9.080184474784467,17.858939944839236,3.702570234424746,23.87053089669924,12.649776269841587,-0.9954545454545455,0.06726658448613064,0.0,-1.0,-1.0,0.0,-1.0,-1.0,6579.969486007532,4978.242389166956,36136.29432626774,1998.0085783516647,5824.498143900471,3901.327904217395,12748.209409827676,2039.9979652601778,0.0,0.0,0,0,0.0,0.0,0,0,3.419850277369378,1.2513156415574784,8.591770969606644,2.006057085843913,3.2496148114339305,1.075936347659485,5.0651566642768255,2.026978941642792,-341.9850277369378,340004,89000,890,24.503093155071838,13.186079651997716,12.282640327823174,49.97181313489273,4869.388922441809,88
11.334465,13.648211,200.64964,-200.96336,146.85283,6.930983,-517.9309,-200.82826,146.80574,6.2719193,-518.0703,-201.59729,147.09456,3.7415533,-522.65137,11.334465,36.240944,309.34033,2.1490741e-05,13.648211,43.08462,344.94266,0.00052386895,-0.02761503,0.8335989,1.0,-1.0,-2.579400171963791,1.0515712707491005,-0.8584156514969882,-7.011827539914335,-257.94001719637913,64.97755251137006,-140.11446416541912,-381.2454031635822,-0.018783264,0.7766403,1.0,-1.0,10,-2.909118187465804,1.2327075104858165,-0.7913733720988223,-7.653362098065339,-290.9118187465804,74.49566611906991,-181.18202557239502,-445.95163563228743,-0.10356235284825584,0.6874744838306632,1.0,-1.0,0.08660783217822987,0.031117235578349917,0.16309363727864792,0.029484357662627896,0.08746980695675542,0.024796556054823442,0.129697224253397,0.044216254908754096,0.12772222282001955,0.06131104735798767,0.25413427673849615,0.0075965814904636695,0.13300913170321124,0.061758324392450846,0.2541213017059523,0.038643987722338596,0.10536657549888397,0.03718554272324791,0.1928438562690701,0.05710661342162415,0.11499627373195835,0.03783026157388207,0.1928438562690701,0.06983092552908196,0.0,0.0,0.0,0.0,0.0,0.0,0.0,0.0,17.428515086682136,2.9603357373874895,22.045391640426285,7.6745518850229475,17.720901904201998,2.7413147284062753,21.31044439633038,13.243639489509846,-0.9945454545454545,0.07365319672919671,0.0,-1.0,-1.0,0.0,-1.0,-1.0,3835.493913700904,3496.4788969029373,24152.787615473753,367.1312144427262,2725.680175899144,1237.3454918039854,4922.718157153364,544.0579420205197,0.0,0.0,0,0,0.0,0.0,0,0,2.579400171963791,1.0515712707491005,7.011827539914335,0.8584156514969882,2.2713712452173502,0.5846913173640628,3.147471186296741,1.0456787539973298,-257.94001719637913,344004,90000,900,24.005047486098192,14.325393418002932,12.277849617814354,50.60829052191548,4921.448425829731,89
11.165719,9.31272,198.99088,-199.60468,139.95457,-5.650679,-585.8613,-199.76917,139.7731,-4.8590164,-584.7907,-199.46494,140.0189,-4.3932834,-581.491,11.165719,37.741577,272.33157,8.8348985e-05,9.312721,35.584187,344.10544,0.00011149421,-0.022830356,0.85923,1.0,-1.0,-2.3163141615451273,0.7422179213746931,-1.2720900605162715,-5.844022880800669,-231.63141615451275,48.259981869339164,-153.3576798221383,-291.94683507581664,-0.10064786,0.73415184,1.0,-1.0,10,-2.671617132730606,1.050636777895283,-1.2915123706522604,-7.032024653130565,-267.1617132730606,61.593338851171296,-181.76044428190914,-364.4495890571875,-0.05268884690636293,0.5852429455577497,1.0,-1.0,0.10289914810200518,0.030765339590108465,0.15859207274211984,0.02778084493619833,0.10545614901192968,0.028884081212753147,0.1578640167508681,0.061887899446176994,0.15206189430490516,0.06721075990243137,0.25907545419784284,0.033750518183202696,0.15411444625187345,0.06756292231583018,0.2590591695498437,0.044703223683531704,0.13331775984314326,0.042422592660270916,0.19737401843559507,0.057848902836031564,0.14340232384120813,0.040306733410023055,0.19737401843559507,0.09307001206915844,0.0,0.0,0.0,0.0,0.0,0.0,0.0,0.0,18.93289207435034,3.9077456371425945,24.602472658244213,9.933221088828066,19.050309381639735,3.924158678115369,24.28127150907989,13.12673034675083,-0.9990909090909091,0.030137426280455955,0.0,-1.0,-1.0,0.0,-1.0,-1.0,2921.9698232952305,2148.365947894297,16799.56535314436,803.69997893552,2240.078819921562,1009.1231893537474,3864.310031931088,821.625687925577,0.0,0.0,0,0,0.0,0.0,0,0,2.3163141615451273,0.7422179213746931,5.844022880800669,1.2720900605162715,2.0716669638855483,0.4914824317992566,2.804983672125342,1.2862314961016685,-231.63141615451275,348004,91000,910,28.489109532005386,15.76499492599396,13.290596411025035,57.54470086902438,4979.013561338776,90
8.576645,12.052877,195.94202,-196.9964,133.92673,-6.310786,-528.9024,-197.56445,134.54268,-5.937007,-531.24457,-196.81927,134.22778,-5.9305058,-531.11664,8.576645,27.452679,241.27898,0.00030152593,12.052877,33.954556,218.40506,2.7157366e-06,-0.02294135,0.86455077,1.0,-1.0,-3.013953247425454,1.014111152085906,-1.5140640451977208,-7.557781559456842,-301.39532474254537,55.25790024670822,-197.2111666570776,-388.6329724456318,-0.11467745,0.7822299,1.0,-1.0,10,-2.6137247693493673,1.130142971672014,-0.8025112607282822,-6.830767779945927,-261.37247693493674,82.31827903427603,-152.61215680601896,-435.13592604256263,-0.10710824856984622,0.5605486728333852,1.0,-1.0,0.09932323485668389,0.03287157597192067,0.1518228318164448,0.028158606899449046,0.105388939192838,0.029426233322177177,0.1518228318164448,0.05459161195865918,0.1278180391456241,0.06841093906506775,0.2602145807740918,0.015960809083590825,0.12950890695356396,0.07037801444220253,0.26019865216714577,0.018587364389489568,0.12410103440912763,0.03496793493152812,0.17997680969906282,0.057390827483045845,0.13195493045514584,0.034014414738125026,0.17928500299841701,0.0711902744475445,0.0,0.0,0.0,0.0,0.0,0.0,0.0,0.0,17.836701676136872,3.356360206827303,24.53665916978407,9.92720679913321,18.26163026374181,3.624726638080316,24.393060635170322,12.561639487763154,-0.9990909090909091,0.030137426280455955,0.0,-1.0,-1.0,0.0,-1.0,-1.0,5002.728429253173,3795.8591519226525,27772.051480517937,1143.2508392421357,4165.194432648128,1889.5353949474666,7380.126944624737,1352.7549009927118,0.0,0.0,0,0,0.0,0.0,0,0,3.013953247425454,1.014111152085906,7.557781559456842,1.5140640451977208,2.8144888007559925,0.6957758687516883,3.85838541830813,1.646941110820507,-301.39532474254537,352004,92000,920,19.604367227075272,15.7896233989959,11.493372740929772,46.887363367000944,5027.350884883774,91
14.156013,17.789082,197.80724,-199.38846,132.92845,-8.995001,-460.0076,-198.68663,132.61063,-8.538284,-453.5382,-199.08427,132.96516,-8.6017885,-455.13464,14.156012,61.05229,653.54596,9.958539e-05,17.789083,76.2977,712.92816,3.63274e-05,-0.113634534,0.8501453,1.0,-1.0,-3.016693527847101,1.017413317155095,-1.3743955349682198,-8.392937167093415,-301.6693527847101,75.2417852721822,-179.36143757449545,-412.15018168188703,-0.081353106,0.7139867,1.0,-1.0,10,-2.5973666873480115,1.1255288492648303,-1.0542298557279075,-7.840699937888255,-259.7366687348011,52.421365769008005,-175.46571670456737,-354.08220685731163,-0.0686624683097211,0.6065196187530674,1.0,-1.0,0.08436870597819049,0.02483407999211216,0.1364686995455001,0.029540188185029875,0.08312268840972777,0.025558175306031626,0.12053341276827098,0.04374058908965901,0.15514856647441266,0.07820217824091563,0.31178887369853703,0.022305464960502005,0.15848839566401496,0.07946347728571616,0.31177596646518435,0.07557915708618186,0.11105089087531729,0.04127031241020741,0.20009806165030555,0.05658487595609629,0.11206416597200404,0.04272502192942059,0.20009806165030555,0.0638739455808176,0.0,0.0,0.0,0.0,0.0,0.0,0.0,0.0,16.841040936523807,2.5505127679880455,24.024182037443914,9.679167830371805,16.53145912993425,3.0265465793482518,20.93708045423104,11.648350756893976,-0.9972727272727273,0.052152034579139875,0.0,-1.0,-1.0,0.0,-1.0,-1.0,5026.938152823553,3702.8569164282435,34753.59193893892,939.797985141272,4414.17447539412,2091.116211286712,8094.315469229841,965.3269347667358,0.0,0.0,0,0,0.0,0.0,0,0,3.016693527847101,1.017413317155095,8.392937167093415,1.37439553496822,2.878963744574589,0.7726539523021421,4.032476766861936,1.3928556269790382,-301.6693527847101,356004,93000,930,27.247229980079283,17.238406451004266,13.037892477026617,57.523528908110166,5084.3343690878755,92
5.4604692,5.1631927,195.1646,-195.96072,139.60094,-4.371215,-481.46222,-196.21408,139.73373,-4.796525,-480.79248,-195.90924,139.94287,-4.5330887,-477.9148,5.460469,11.100787,73.9071,9.313226e-10,5.1631927,11.035454,87.14292,0.00036496297,-0.12205663,0.866279,1.0,-1.0,-2.4639435868922637,0.7806928361004344,-1.2736967829669132,-6.723062895301221,-246.39435868922638,47.578453563133436,-171.89003939889804,-328.0639713051682,-0.08288859,0.6709355,1.0,-1.0,10,-2.894806015876009,1.1848645070578385,-1.2902545222723358,-7.873129488637072,-289.48060158760086,78.50475494354032,-200.27117452092523,-446.8914426082212,-0.010379644898159679,0.6698115828494187,1.0,-1.0,0.09418739925784445,0.039487783678739036,0.1608752011285858,0.028672655564100372,0.09516731438868903,0.03879602354593175,0.15686845663942092,0.036066614594619344,0.10578961144861412,0.050823370271231,0.19371699053405758,0.03303530965827971,0.10633795149458175,0.050804941206679624,0.19369998167464283,0.050811200327266104,0.12155363365524931,0.028621261243268054,0.19517546544960865,0.05769257329955433,0.12438015326283279,0.02672936494952683,0.18799613071243312,0.0913384127416143,0.0,0.0,0.0,0.0,0.0,0.0,0.0,0.0,17.67320378698611,3.0375454797231676,23.336747814102623,7.725597690105144,18.09689308742658,3.1134234090121966,23.219871111958792,12.86957673672857,-0.9981818181818182,0.042601361868581746,0.0,-1.0,-1.0,0.0,-1.0,-1.0,3307.842192652742,2400.0754507471597,22174.267320888357,797.0218786416228,2834.635611872916,1232.9205106271388,5283.976356483088,917.5051649017709,0.0,0.0,0,0,0.0,0.0,0,0,2.4639435868922637,0.7806928361004345,6.72306289530122,1.2736967829669132,2.328537946934963,0.5473229447862425,3.265560977961058,1.3673034962866368,-246.39435868922638,360004,94000,940,24.629351234871137,16.696584077006264,12.460052635833563,53.785987947710964,5135.738346984581,93
11.365337,10.134282,195.1858,-195.95952,138.91545,-6.2887793,-489.10455,-195.6702,138.92072,-6.07813,-492.343,-196.54709,139.26979,-6.8785763,-498.02957,11.365337,45.1484,484.83423,0.0003349968,10.134281,34.052586,344.3931,7.724762e-05,-0.08980487,0.85750145,1.0,-1.0,-2.7622288326371307,0.9395291488203019,-0.6380671356893023,-6.846872482984837,-276.2228832637131,71.22508379061914,-114.44381397166896,-358.486446689138,-0.044789817,0.74094075,1.0,-1.0,10,-2.778421389604166,1.0841092040814853,-1.3103662426231122,-9.042745870647538,-277.8421389604166,64.19819443221246,-174.1685309989405,-392.7824264385674,-0.00023817454092007752,0.6313337859753615,1.0,-1.0,0.08549222269876813,0.022541275655644184,0.15667777177174158,0.02956595895544287,0.08468268599614054,0.019491656479799533,0.11578073722176864,0.05240801189138268,0.14492244799551854,0.05841173711064098,0.2564468768458526,0.018647842466201093,0.14795523586755518,0.058421333298519035,0.2564319367392753,0.04192076660304773,0.12714512913109613,0.04252173511573906,0.20388073473850096,0.05723081891039849,0.1370749367746373,0.038959323470298735,0.20008958237365687,0.08048493771766832,0.0009090909090909091,0.030137426280455955,1.0,0.0,0.0,0.0,0.0,0.0,18.197986461209883,3.3363266681777817,23.62413449997145,6.340002559073462,18.01776133840248,3.3886639137564427,23.331563617185207,12.284043156183381,-0.9981818181818182,0.042601361868581746,0.0,-1.0,-1.0,0.0,-1.0,-1.0,4211.130528876916,2679.800399101719,22872.518738072555,201.77077098173532,3509.446941413619,1778.1098922226909,5925.018794884123,225.92814529198284,0.0,0.0,0,0,0.0,0.0,0,0,2.7622288326371307,0.9395291488203019,6.846872482984837,0.6380671356893023,2.5395418947017143,0.7987540877610256,3.466053684197584,0.6760743850885811,-276.2228832637131,364004,95000,950,27.888425370045297,14.317774619994452,13.284438537033566,55.490638527073315,5192.096149307647,94
5.450067,6.1552505,200.93921,-202.65744,139.3648,-5.7893715,-535.06525,-203.35779,140.05806,-5.843176,-536.8635,-202.03513,139.40248,-5.5532403,-539.9651,5.450067,11.41711,71.71404,0.0008476116,6.1552505,9.835151,47.232483,0.00034032413,-0.092105865,0.88258433,1.0,-1.0,-2.7104614299029777,1.0879896614411713,-0.9809051484154327,-8.018713203272949,-271.04614299029777,66.39554457482834,-143.03456160424741,-362.95101252813777,0.09171216,0.7674279,1.0,-1.0,10,-2.914278668392277,1.0820611898649095,-1.109775354617899,-6.990449361380862,-291.42786683922776,83.1673157685638,-172.69584934322,-492.3976066883747,-0.061341377211326834,0.5993385425039408,1.0,-1.0,0.08284792771264003,0.0253412004563377,0.1631284932414153,0.03017535022236545,0.08648099723400014,0.024281207196936123,0.1390493224744117,0.06187394476748796,0.13796463520889302,0.04794179541180596,0.21691001630868442,0.06690273391904149,0.1382253531973853,0.049022429612076264,0.21688892104515883,0.07200569038019528,0.11364783113372896,0.02654069483389605,0.17052237861133332,0.05708485852799295,0.11799890234123465,0.020976071673803193,0.14454231713342217,0.08434908051431438,0.0,0.0,0.0,0.0,0.0,0.0,0.0,0.0,17.854750659154753,3.6157985760547002,24.772923977582405,9.713256062180625,18.49237121355718,3.9361310350312424,23.44550299991189,12.004443621703867,-0.9990909090909091,0.030137426280455955,0.0,-1.0,-1.0,0.0,-1.0,-1.0,4224.3003119214745,3675.308733874961,31677.21657191015,476.4835827016241,3356.3581392579945,1910.057365980162,6644.579262334401,511.12312248469505,0.0,0.0,0,0,0.0,0.0,0,0,2.7104614299029777,1.0879896614411713,8.018713203272949,0.9809051484154327,2.476065794250791,0.7982137202347288,3.65515976541665,1.0156146798847483,-271.04614299029777,368004,96000,960,27.947817493048206,15.19604360700032,12.814433178085892,55.95829427813442,5248.244277366779,95
7.3966646,7.218848,199.58667,-200.94194,135.4188,-7.6749716,-492.198,-201.14969,135.66539,-7.3795924,-489.95975,-200.78693,135.21739,-9.076862,-488.89096,7.3966646,18.367361,140.18967,0.0014870876,7.218848,15.821071,83.160675,7.8189245e-05,-0.09317319,0.8699618,1.0,-1.0,-3.0127942406614054,1.1775377963321954,-1.0699148864327326,-7.996091544085009,-301.27942406614056,82.78892419330883,-166.32072367377745,-455.4617128240512,0.036114026,0.81116575,1.0,-1.0,10,-2.407130847955412,0.9803374997754927,-0.9650091006514704,-7.8299666894558495,-240.71308479554122,44.10371196126721,-169.7267339482772,-305.72601865585324,-0.053688980841206255,0.626520307527615,1.0,-1.0,0.10734755618138138,0.04691617987476127,0.1809238324432345,0.027843061373840593,0.11639784650469488,0.04464788082686867,0.1809238324432345,0.04637368893427471,0.16906793067995934,0.08475137495490488,0.3333957629302806,0.03298931411117798,0.17330131614274233,0.08665469071414467,0.333372276475224,0.0330717653911762,0.11006761919104636,0.0339570156806048,0.18425584122253041,0.0564075366100699,0.11787858846230544,0.03143963645540523,0.18346845016119165,0.07138227679735154,0.0,0.0,0.0,0.0,0.0,0.0,0.0,0.0,19.714693993962825,4.412194688359042,26.69238955452881,8.941228070026549,20.814622730671367,4.026056350293429,26.450695212055887,14.647944955739506,-0.9990909090909091,0.030137426280455955,0.0,-1.0,-1.0,0.0,-1.0,-1.0,5174.996959995392,4135.502593968743,31301.425370804092,565.7413152950847,4318.164695765737,2824.1542176852313,10551.422765150863,611.6154452272316,0.0,0.0,0,0,0.0,0.0,0,0,3.0127942406614054,1.1775377963321954,7.996091544085008,1.0699148864327326,2.793832001111037,0.9583785791475431,4.621731854406969,1.1129086146850176,-301.27942406614056,372004,97000,970,25.86522440196859,15.39123513600498,12.817227828149043,54.07368736612261,5301.367662653909,96
7.5648193,5.9272294,195.83406,-196.47833,139.66216,-4.896285,-518.62933,-196.84454,140.36209,-3.9167998,-521.2926,-197.39807,140.12234,-4.378202,-519.4948,7.5648193,16.672546,115.842834,0.0030473142,5.927229,13.909128,93.06055,2.35818e-05,-0.17358866,0.8559702,1.0,-1.0,-2.9066243508589378,1.193630282061575,-1.0616042974759055,-7.943024173580394,-290.6624350858938,88.33054339668347,-164.21856091235284,-471.48534393964724,-0.035319187,0.79276633,1.0,-1.0,10,-2.755424516440739,0.9133932562642432,-1.5401968931205468,-6.866675070252027,-275.54245164407394,51.84777397224691,-200.56229814366722,-386.8938383028343,-0.012407070331606972,0.6310039134371637,1.0,-1.0,0.11953975575559923,0.042731021985539436,0.20707504178157357,0.02831103855958017,0.1239312812597559,0.04150181752808879,0.20707504178157357,0.05331036175607552,0.1383803141747836,0.06518680130345231,0.29096395393781876,0.014060812375395302,0.1416663967938003,0.06437736574189538,0.2909494848026122,0.026899414296087394,0.1282931351746951,0.03403180436345824,0.19932454407702457,0.05729268734244567,0.13480620240749863,0.033964097457167775,0.19012995219932602,0.09457833961154653,0.0009090909090909091,0.030137426280455955,1.0,0.0,0.0,0.0,0.0,0.0,18.909339203258984,3.555569220756954,25.733919888612494,10.569170927129983,19.47405734342939,3.424801871539249,25.432124801790977,14.503385437821619,-1.0,0.0,-1.0,-1.0,-1.0,0.0,-1.0,-1.0,4889.100754864961,4453.078797189223,30932.652053467114,560.0136866813457,3808.920844813329,2305.807244888524,7826.659508365614,585.836814238763,0.0,0.0,0,0,0.0,0.0,0,0,2.9066243508589378,1.193630282061575,7.943024173580394,1.0616042974759055,2.635112280847188,0.8578678802825594,3.9748037189026766,1.0855478538310956,-290.6624350858938,376004,98000,980,23.449539041008393,14.437567517001298,12.61320790015452,50.50031445816421,5352.861663015072,97
7.643814,7.705661,206.76497,-208.45926,147.3959,-9.84432,-584.88617,-209.1536,147.97179,-9.366662,-590.1683,-208.69708,147.99097,-8.658709,-583.59644,7.6438136,18.84575,126.29279,0.00027687993,7.7056613,21.46167,157.68225,4.1071326e-05,0.0109901745,0.86520183,1.0,-1.0,-2.8452109608944727,0.8722719213703972,-1.224205749920533,-6.224150640772763,-284.5210960894472,69.20343582818727,-165.75435665904814,-394.57240626293986,0.009553116,0.8180038,1.0,-1.0,10,-2.9559843041742897,1.2406953190095389,-0.9664466894981358,-8.49674614959929,-295.59843041742903,91.7061261587933,-152.04886190665147,-509.79259979390537,0.014082171375472654,0.7045990802839988,1.0,-1.0,0.09924355356419302,0.025928128629511996,0.1631922612443455,0.042722328633622145,0.10243058637331463,0.030752891583054824,0.1606302268362809,0.05345470303232671,0.13150974301912055,0.06336377482786465,0.24140358526165917,0.018390320802154508,0.1334272449028477,0.06355431144577292,0.2413881791480294,0.06144486987970091,0.09998907477990897,0.01947810016247928,0.1386908408635605,0.056891949850059215,0.10337060578430289,0.018740733105829837,0.13321819098409296,0.0763732761308676,0.0,0.0,0.0,0.0,0.0,0.0,0.0,0.0,19.796756549357784,4.158534809508418,26.042916108435094,10.129244758857986,19.94494352363602,4.41026485775024,26.042916108435094,11.721078585129002,-1.0,0.0,-1.0,-1.0,-1.0,0.0,-1.0,-1.0,4392.683137267675,2603.34510381513,19043.24411703543,743.3819524602843,4078.425055153885,2155.8612795086406,7773.437269011351,764.6236769083121,0.0,0.0,0,0,0.0,0.0,0,0,2.8452109608944727,0.8722719213703971,6.224150640772763,1.224205749920533,2.75316221750897,0.7976618855170025,3.959563194758928,1.2413258009110826,-284.5210960894472,380004,99000,990,24.613675958040403,15.416769292998652,12.462586141104111,52.493031392143166,5407.955489088206,98
7.309672,8.031414,192.10956,-193.50581,138.32918,-3.5763247,-461.66238,-193.65,138.29004,-3.248593,-465.05988,-193.6748,138.32565,-3.9767694,-456.29868,7.3096724,23.975098,238.80379,8.4940344e-05,8.031414,28.06176,278.00128,0.0003596624,-0.0568028,0.8412469,1.0,-1.0,-2.3895060950580342,0.760112679665463,-1.2478917912259049,-6.639514405504708,-238.95060950580344,50.57082336814765,-156.8726166319166,-328.24910154693913,-0.019072006,0.61252946,1.0,-1.0,10,-2.3116070816508474,1.032032213864501,-0.9781738170370473,-6.581319029437497,-231.16070816508477,69.66098001104275,-128.78714525827655,-338.6022029629202,-0.005039413559164398,0.6982115971968424,1.0,-1.0,0.08801826459156478,0.034381315113828186,0.17423706172011863,0.02989920906249179,0.0903681144821263,0.03448146588797554,0.17195485396532634,0.047681054030621756,0.0898514982194614,0.03922492318903004,0.19213776023168508,0.02389132048239453,0.08920116104468766,0.03823876289423046,0.1543368689916679,0.03262882938171209,0.11203613333853406,0.035460349288537876,0.21809735089034482,0.05748634573162893,0.11278709763597351,0.03894868848153878,0.2160870048342009,0.06962716699488088,0.0,0.0,0.0,0.0,0.0,0.0,0.0,0.0,17.80629497579128,3.443034766845825,23.303760135384167,7.995337934151153,18.140928481851017,3.2177541555565554,22.580524623493652,12.466284866076517,-0.9945454545454545,0.0736531967291967,0.0,-1.0,-1.0,0.0,-1.0,-1.0,3114.9755274326417,2210.3407660941607,21537.374511317455,765.7769895717514,2718.4169409634655,1377.903351901209,5278.469567813854,782.8412355179959,0.0,0.0,0,0,0.0,0.0,0,0,2.3895060950580342,0.760112679665463,6.639514405504708,1.247891791225905,2.2624565504391145,0.6032840701247213,3.2591724653906136,1.2619443205978904,-238.95060950580344,384004,100000,1000,23.989362181033357,18.010322993002774,12.599225637124619,54.59891081116075,5460.125984827355,99
6.0532064,5.7105217,200.5329,-201.61143,145.35118,-3.6523461,-688.1118,-201.25821,145.08452,-4.5456433,-684.33923,-201.62306,144.86261,-3.8260548,-685.15234,6.0532064,16.951633,172.33212,0.00026956573,5.710522,14.695319,114.71699,0.00012680981,0.0513304,0.8380646,1.0,-1.0,-3.058740909629658,1.2056828534959847,-1.5408731511165692,-7.452688803907629,-305.87409096296585,104.24222192455832,-187.3039224237488,-481.2607685521913,-0.10038297,0.76158214,1.0,-1.0,10,-2.4764501389489215,1.2661409346381398,-0.8684928808478585,-7.144701939797462,-247.6450138948922,97.56475733781377,-144.53749891350088,-476.64773736432977,-0.0266018749285068,0.6158118188737044,1.0,-1.0,0.09944598040623231,0.035427321546150504,0.1585476957727908,0.029488250067558553,0.10329790476444588,0.0342144644911543,0.15772832818768462,0.042796324708861695,0.10960706843996224,0.0654910565945878,0.23126544437123828,0.02612264288945803,0.10992281515051948,0.06713530853989153,0.23124622704323955,0.026124827711162917,0.1161504977789725,0.04019065997911678,0.18830716138319908,0.057416324898280885,0.12127636642819022,0.04015743986815655,0.1854906025550642,0.0666786925691658,0.0,0.0,0.0,0.0,0.0,0.0,0.0,0.0,16.780107745829632,2.950153625552007,21.95494635288229,9.345853359089885,17.084817520683103,2.7745530331973765,20.356388313621178,10.9427309318131,-0.9981818181818182,0.042601361868581746,0.0,-1.0,-1.0,0.0,-1.0,-1.0,5357.129066215511,4232.9951900115075,27354.70698321949,1173.1050393890828,4825.27731574797,3618.4190489594243,11928.281462435247,1223.0032625875506,0.0,0.0,0,0,0.0,0.0,0,0,3.058740909629658,1.2056828534959845,7.452688803907629,1.5408731511165692,2.9182747429106217,1.100374020060041,4.90280502784683,1.5728627055898379,-305.87409096296585,388004,101000,1010,25.467814867974084,15.597192469002039,12.322924792868434,53.38793212984456,5511.970131604197,100
9.417503,9.4792595,205.32452,-207.65533,142.81624,-10.344948,-542.6723,-207.07065,142.31346,-10.2956295,-540.8836,-206.33646,141.87532,-10.308524,-537.98773,9.417503,28.320438,269.51062,2.3050816e-06,9.4792595,32.43693,308.21954,0.0001662715,-0.06902255,0.85265404,1.0,-1.0,-3.038235902574116,0.8902234470029605,-1.5600253198816343,-6.076862861029942,-303.82359025741164,78.70510941268638,-178.84395537076537,-463.912815947613,-0.059384573,0.7219671,1.0,-1.0,10,-3.17981483638613,1.2384208417687566,-0.8161430403874628,-7.445821843372657,-317.981483638613,95.87464019034452,-139.74411913821092,-453.8723093371275,-0.07312325460153168,0.6705202658140701,1.0,-1.0,0.09289936369690661,0.0306850193178536,0.1607785043472457,0.028997867532450407,0.09334074660637509,0.034426069581076996,0.1607785043472457,0.042037663716915814,0.12937656774843317,0.05110596429966837,0.22266551704909587,0.01193871444414099,0.1307580956203903,0.05089712359335054,0.222646417227071,0.03299273313451806,0.1189250274711111,0.03212031513615224,0.19010100636740765,0.057150882173666685,0.11837686331348424,0.03501087692824054,0.19010100636740765,0.07214940867149489,0.0009090909090909091,0.03013742628045596,1.0,0.0,0.0,0.0,0.0,0.0,17.895499031239396,2.868686206614641,23.754073529128014,8.905688085533683,17.844351287350744,3.4452464437639554,23.21693955281691,11.61088261742876,-0.9981818181818182,0.042601361868581746,0.0,-1.0,-1.0,0.0,-1.0,-1.0,4969.241287509037,2999.9384375322184,17956.07099871555,1208.4926840177536,4956.746822098543,3067.4288042144967,11172.63684676309,2014.0625417853234,0.0,0.0,0,0,0.0,0.0,0,0,3.038235902574116,0.8902234470029605,6.076862861029941,1.5600253198816345,3.0300546903124994,0.895222473339071,4.736701162388972,2.0166660594296983,-303.82359025741164,392004,102000,1020,25.18932482389937,14.033832651999546,12.545019344055618,51.76817681995453,5623.698509578149,101
7.463851,7.5523725,191.91263,-193.12534,135.68726,-6.3838434,-501.8633,-194.19199,136.5676,-6.7584457,-504.2379,-194.11012,136.07318,-7.1734276,-502.40088,7.463851,17.036055,144.6658,0.00012957398,7.552372,26.173197,279.75644,9.127893e-06,-0.12852892,0.8652914,1.0,-1.0,-2.9940681821835784,1.2128305330913025,-1.2252357485854897,-6.658785354470513,-299.40681821835784,106.7721533592811,-165.07506323289857,-549.5084811880084,0.00584142,0.758722,1.0,-1.0,10,-3.005405861392057,1.0243802559738213,-1.4590674156286954,-6.506438997073936,-300.54058613920574,84.48015194064682,-200.2076274524077,-455.9245571723095,-0.09308418612732836,0.6492198555904763,1.0,-1.0,0.09642998547225476,0.03986432858800558,0.159440498809759,0.029191437512490162,0.09873477159424282,0.039549179895207384,0.1542708699596382,0.05058353154418207,0.13880837700031065,0.06802985265807773,0.3269259066230164,0.04319549223952621,0.14060966940093214,0.06923191540069107,0.3269099565546439,0.05783237324776112,0.11571373624290775,0.032851364785616045,0.1756323481059576,0.056987031287369094,0.1179703734178386,0.03136807276125087,0.15741334325161863,0.0660716311626484,0.0,0.0,0.0,0.0,0.0,0.0,0.0,0.0,19.00771316825115,3.2740492641391623,25.13963250815605,9.945610644301487,19.492619167209273,3.2016139122406746,24.605565084775023,14.660248149911839,-0.9990909090909091,0.030137426280455952,0.0,-1.0,-1.0,0.0,-1.0,-1.0,5159.056926510072,4200.801803185713,21887.626506921057,743.5192009510145,4723.795277729506,3723.893541281702,15135.106129976255,801.1314447185769,0.0,0.0,0,0,0.0,0.0,0,0,2.9940681821835784,1.2128305330913025,6.658785354470513,1.2252357485854897,2.882820744277817,1.1170258042570016,5.551193422546667,1.2713608209034917,-299.40681821835784,396004,103000,1030,23.414561925106682,16.688720017999003,12.241932237848232,52.34521418095392,5674.869875359102,102
5.7239227,6.981856,199.65408,-200.51738,145.40068,-3.3028367,-493.58646,-200.7309,145.27335,-3.2522433,-492.26523,-200.60901,145.39084,-3.6179237,-492.62442,5.7239227,20.421957,213.47664,4.180707e-06,6.981856,23.96876,216.5904,4.881283e-05,-0.048703335,0.83548516,1.0,-1.0,-2.4338798609161567,0.8970747322924479,-1.1167004838702352,-7.701214714182242,-243.38798609161566,57.01157515203928,-152.58049713077045,-313.44379750191115,-0.13709095,0.6753089,1.0,-1.0,10,-2.5109329396726734,0.8833602852387503,-1.32106300716667,-6.6451174907521,-251.09329396726739,28.909290945669593,-205.7593487346418,-295.1794377683934,-0.09447673602747682,0.6462268489097042,1.0,-1.0,0.09070258442685233,0.03250885861602883,0.18022251015240445,0.02794716588352887,0.09087060170151025,0.030990439862621354,0.170414413465616,0.050875075270049655,0.1250945093849858,0.05294087307191926,0.2385550938252141,0.06008946631675215,0.12593552062990934,0.054158109159504066,0.2385478165216305,0.06214233735446731,0.11626480385382353,0.03432256454411455,0.17966577699976705,0.05763956020904044,0.12005451002724134,0.03561061481639398,0.17966577699976705,0.06461443057995465,0.0,0.0,0.0,0.0,0.0,0.0,0.0,0.0,18.077102683479588,3.2383099230466494,23.323120849638862,10.806242944802039,18.01553195163156,3.2491898947396463,22.32230890426387,12.92241361157563,-1.0,0.0,-1.0,-1.0,-1.0,0.0,-1.0,-1.0,3325.0966163254675,3017.11961607075,29067.407320237762,619.7758073337613,2606.0645579430416,1269.3014871806652,4891.813133495984,632.9698365789211,0.0,0.0,0,0,0.0,0.0,0,0,2.4338798609161567,0.8970747322924479,7.701214714182242,1.1167004838702352,2.2169816734815755,0.5934722883683033,3.140202799022255,1.128566485978441,-243.38798609161566,400004,104000,1040,34.85800228914013,15.526376472997072,14.705751846981002,65.0901306091182,5738.865050586217,103
8.033569,8.21158,196.10568,-197.3681,137.35478,-2.2930386,-513.0083,-197.97012,137.60121,-2.281332,-516.13257,-197.20598,137.36359,-1.2751541,-510.1072,8.033569,27.94351,263.18942,1.9852072e-05,8.21158,25.64378,232.89212,8.409866e-05,-0.1173741,0.85908175,1.0,-1.0,-2.563704641444639,1.0956800112088123,-1.4444297277373441,-6.439114957248097,-256.3704641444638,85.88539428055344,-175.53158802150466,-501.47626929414474,-0.07072654,0.65445626,1.0,-1.0,10,-2.8172240733080387,1.1197132051710963,-1.4563400936329522,-7.336587860085696,-281.722407330804,63.26336161605035,-207.7061673663513,-398.4105979764158,-0.0816715831269311,0.5757720256886342,1.0,-1.0,0.10658895633663827,0.03686707655649053,0.16668475094320795,0.02965609704421305,0.1105575252598256,0.035003077313038755,0.15488002250644906,0.044458444995310535,0.1036847585312429,0.057478840032515216,0.22547216339029816,0.017522678024943315,0.1026040047433744,0.05785792808784775,0.22545594752298334,0.01754262450380073,0.12426950814348887,0.033654984349901884,0.18162770526266883,0.056933355106701014,0.1301020157627731,0.026406666654908203,0.18162770526266883,0.0863645199881514,0.0,0.0,0.0,0.0,0.0,0.0,0.0,0.0,17.459407153580838,3.1547837094000233,23.458686516667427,7.427289477921972,17.837253654544377,3.146209164555465,22.820812788933672,12.09441455854863,-0.9981818181818182,0.04260136186858175,0.0,-1.0,-1.0,0.0,-1.0,-1.0,3831.8060186269813,3794.867372706609,20257.20866384637,1036.9342693742014,2805.1324034389304,1856.1577371952105,8178.498933837151,1069.1195433084292,0.0,0.0,0,0,0.0,0.0,0,0,2.563704641444639,1.0956800112088123,6.439114957248096,1.4444297277373441,2.283722397336136,0.6695455117019906,4.070111832483881,1.4665323894965392,-256.3704641444638,404004,105000,1050,20.419363141867507,14.429767769994214,11.985679714009166,46.83481062587089,5785.736289437096,104
13.715761,12.432928,192.73294,-193.8875,142.39368,-3.3095548,-478.49493,-194.37009,142.35686,-2.5836325,-478.11365,-195.01514,143.09576,-2.4425142,-480.45132,13.715761,53.450294,536.30664,0.0004293779,12.432928,65.861305,719.39136,5.4770826e-06,-0.09754885,0.853994,1.0,-1.0,-2.900208905765977,1.333986988497429,-1.1174725614198722,-7.795129768308848,-290.02089057659765,111.95189109524847,-153.41625598386378,-505.36657708813846,-0.1272682,0.6752,1.0,-1.0,10,-2.8480999951188988,1.114615329480354,-1.016940940700426,-7.025862689715272,-284.80999951188977,75.23176707378441,-178.0828290090245,-395.40790589033907,-0.0259397815357307,0.6445131249758896,1.0,-1.0,0.11305035165099861,0.035464179565512066,0.171701625737891,0.029331867030446174,0.11841940913018621,0.033866292240481946,0.16701935441648091,0.04913867312720227,0.12406077312564784,0.05650084044375084,0.23092838338458027,0.021697472833984207,0.12609812409555723,0.05674820883340609,0.23091453072212856,0.051950422919000754,0.10443961712142667,0.031748346613487695,0.16692612405976973,0.056916587742707005,0.10730881256557821,0.030330309359626263,0.16189003997989518,0.06772553809465115,0.0,0.0,0.0,0.0,0.0,0.0,0.0,0.0,19.08236237523296,3.1883111388455645,23.530431350458475,10.077873639866445,19.696291221877566,3.0450890483733923,23.40480370781407,13.716049414245537,-1.0,0.0,-1.0,-1.0,-1.0,0.0,-1.0,-1.0,5042.9557546996575,4513.411107668636,29686.291717879853,614.5247236115092,4405.532025593701,3522.459111893391,11806.255524793487,620.4235696271523,0.0,0.0,0,0,0.0,0.0,0,0,2.900208905765977,1.333986988497429,7.795129768308848,1.117472561419872,2.7319922738478337,1.1948357830127578,4.880820648653363,1.1230544144684922,-290.02089057659765,408004,106000,1060,21.62939513006131,14.471943374999682,11.850571884009696,47.95191038907069,5831.060351861168,105
4.5045824,6.1587706,193.82063,-195.30206,132.66211,-4.832287,-496.15912,-195.26624,132.46053,-5.6470623,-498.97546,-195.08102,132.07639,-5.3302774,-500.7987,4.5045824,12.47709,117.84352,7.543713e-08,6.158771,28.327042,312.18463,0.0004190072,-0.13332932,0.8430816,1.0,-1.0,-2.679986272500013,1.1998349399775936,-0.7538658323846433,-7.729956397932124,-267.9986272500013,77.78219540041272,-139.44559599414944,-409.025408450844,-0.053942893,0.69261575,1.0,-1.0,10,-2.8148849576639274,1.134010554267328,-1.0961251113503798,-8.580758540275387,-281.4884957663927,49.682881316978865,-169.05166707227983,-354.71076172760564,-0.004526370604922286,0.6798173304827704,1.0,-1.0,0.1137626133218149,0.04178417541542346,0.17775854242224992,0.028336705585046498,0.12063832078485989,0.04146001884161672,0.17556585132457017,0.0565620655683625,0.13842024865628275,0.0748591125688036,0.292131283870512,0.02166731030561553,0.13889588120630728,0.07803211622199521,0.29201790240305414,0.021677082785964162,0.0969522764491664,0.026048351780760173,0.146187854125932,0.057093493176832245,0.1003286220079798,0.027004076834715406,0.146187854125932,0.07001370025590604,0.0,0.0,0.0,0.0,0.0,0.0,0.0,0.0,19.242786354628414,3.59025111731585,23.892930462907728,8.144609952617547,19.860870852750363,3.3674515868060664,23.762459286807214,14.375283157534145,-0.9963636363636363,0.06019252857180673,0.0,-1.0,-1.0,0.0,-1.0,-1.0,4265.390350200789,4284.349051683785,29238.607013607667,280.26436130030305,3019.416049947919,1682.7433855592744,6324.783041564324,426.1308857358981,0.0,0.0,0,0,0.0,0.0,0,0,2.6799862725000136,1.1998349399775936,7.729956397932124,0.7538658323846434,2.350894805307579,0.7471984885798717,3.573033273349238,0.9300164475500536,-267.9986272500013,412004,107000,1070,23.12798597991059,11.841082701997948,12.22447422498226,47.1935429068908,5881.980499082063,106
26.748976,19.769676,200.0489,-201.59908,144.17981,-7.887271,-531.7646,-201.58038,144.29948,-8.539527,-532.6404,-201.50311,144.66704,-7.3727007,-534.005,26.748974,160.60751,1732.7689,5.3198077e-05,19.769676,105.80028,1146.6547,1.5169513e-05,-0.05834622,0.86248875,1.0,-1.0,-2.863576206053376,0.9032300495903748,-1.81828829658925,-7.211775939834865,-286.3576206053376,56.59043723849862,-222.21630940745115,-398.367349288025,-0.22060445,0.70529985,1.0,-1.0,10,-2.818516966174888,1.2890130294774296,-0.8669504141905865,-7.318949808854527,-281.8516966174888,108.1808282335501,-124.38880658310204,-520.6633094057119,0.01631044771365868,0.6160267592907207,1.0,-1.0,0.11386124576387575,0.036371980399301514,0.17970120960923103,0.03086527715527548,0.12041671842552795,0.03462056130097563,0.17970120960923103,0.07089871835478527,0.15984903876033196,0.05774425219277653,0.28949615994216754,0.03779906769804032,0.16381296345211724,0.056927786430187456,0.28947659134349246,0.037809858676119724,0.13049895394043623,0.045612104237344055,0.21192641387644948,0.05668187180473509,0.1393579639825916,0.04553239609159885,0.21126530909998012,0.07522237122282659,0.0,0.0,0.0,0.0,0.0,0.0,0.0,0.0,18.812489569657146,3.4653131914559134,26.91184235140054,8.257315096031864,19.11790718063297,3.2689134123496886,24.52702234408575,13.561802091565136,-0.9990909090909091,0.030137426280455955,0.0,-1.0,-1.0,0.0,-1.0,-1.0,4462.240754296055,3200.696576553139,25455.394401484053,1648.37321403565,3589.7821624133403,1685.2638584781537,7142.341404191848,1951.535963169658,0.0,0.0,0,0,0.0,0.0,0,0,2.863576206053376,0.9032300495903748,7.211775939834865,1.8182882965892502,2.6264213990286236,0.5867163257851904,3.8105811067933084,1.9771319378989798,-286.3576206053376,416004,108000,1080,23.320595941971987,15.557113180002489,12.006309056043392,50.88401817801787,5934.0813261830845,107
13.195076,9.5690365,196.68387,-198.12964,138.895,-7.4509907,-504.24554,-198.56682,139.04877,-7.9619355,-504.31036,-197.78629,138.91853,-6.092906,-507.01453,13.195075,65.82447,715.9985,0.00151606,9.569037,31.309423,304.74582,0.01330007,-0.16295928,0.81204975,1.0,-1.0,-2.752916582838927,1.145640592728085,-1.1786279666030166,-7.653232756329592,-275.2916582838927,71.3617529482166,-166.40383144053158,-400.84138695559705,-0.09956207,0.72846603,1.0,-1.0,10,-2.618768983917086,1.0921271267236436,-1.3607605558850433,-8.005556596793552,-261.87689839170855,63.331170973898594,-152.47056562623473,-375.8524841226473,-0.015590832004312888,0.656867664543461,1.0,-1.0,0.08727684200581187,0.0346765555159717,0.17662994753114422,0.02911957794865677,0.08975212393987066,0.03684098296283998,0.16500990186814352,0.03410984148817629,0.12205996193698045,0.06974864236902366,0.26617893841919515,0.024881386533095365,0.12391805865097116,0.07165229133153446,0.26616294132135626,0.04294634851317106,0.10790433039303733,0.03633559275383248,0.1964925765261673,0.057112653662107216,0.11938707562262575,0.03484554158503085,0.19327554640751354,0.06522798262058749,0.0009090909090909091,0.03013742628045596,1.0,0.0,0.0,0.0,0.0,0.0,17.558588264458436,3.02704743827132,24.58484512388628,10.420915442611223,17.281143661328056,3.3337020465489613,21.526278210475013,10.67190255000995,-1.0,0.0,-1.0,-1.0,-1.0,0.0,-1.0,-1.0,4401.103853027471,4140.442778203516,28579.012621936825,687.9987384069132,3158.99764005216,1702.0738544971723,6382.792324204717,723.1527126199164,0.0,0.0,0,0,0.0,0.0,0,0,2.752916582838927,1.145640592728085,7.653232756329592,1.1786279666030166,2.428823711542889,0.6816392207133788,3.5837379036824197,1.2084420377888463,-275.2916582838927,420004,109000,1090,27.327921905045514,16.770098695000343,12.81604094193608,56.91406154198194,5990.194139763051,108
19.58838,20.047504,200.17142,-201.38025,136.98364,-3.6232245,-512.8601,-200.85526,136.90822,-1.784714,-515.5509,-200.52966,136.78607,-2.5085585,-516.9258,19.58838,138.89139,1575.415,0.00045415046,20.047504,147.88463,1676.4712,7.886533e-05,-0.07585267,0.84031415,1.0,-1.0,-2.6451710926672742,1.1328313326001067,-1.1043283437498357,-6.737015862783004,-264.51710926672746,88.5561918895846,-156.2214866538945,-452.0359291722405,-0.059665207,0.688245,1.0,-1.0,10,-2.80846800631885,1.0579109203139758,-1.462652680086877,-8.763135606777753,-280.8468006318849,69.93156032851925,-207.2697494058136,-468.26524275403847,-0.07820582536966902,0.6523113098601773,1.0,-1.0,0.09601272476597869,0.024612030897026665,0.16096981286403544,0.02786852389126191,0.09899824674125733,0.024257765577538778,0.15033993086394354,0.07005571611022517,0.16256234280085474,0.08571105294574975,0.3152339266300799,0.034037043470427464,0.16420692228933007,0.08816091998422435,0.3152164512630929,0.034037043470427464,0.10907416280077033,0.03616543919831987,0.1921141933634865,0.057299503218159686,0.11293376553620217,0.03739258945840426,0.19207583725266164,0.07397423171063834,0.0,0.0,0.0,0.0,0.0,0.0,0.0,0.0,18.320366090426482,4.39084718423293,26.525546723655864,6.283033426219101,18.65592193463419,4.429950783597482,24.682563847644378,11.892302182969985,-0.9981818181818182,0.042601361868581746,0.0,-1.0,-1.0,0.0,-1.0,-1.0,4097.346620231565,3547.615847829999,21951.769404844606,604.056077337634,3256.702022364512,2559.1028446835626,9164.556225098933,686.1246463614012,0.0,0.0,0,0,0.0,0.0,0,0,2.6451710926672742,1.1328313326001067,6.737015862783004,1.1043283437498357,2.375128514560631,0.962567025595331,4.294713594252451,1.1772782920763558,-264.51710926672746,424004,110000,1100,25.79186704701715,15.991097787999024,12.77349143705942,54.55645627207559,6044.4639937061365,109
9.370861,10.552238,196.70894,-197.58714,135.72267,-4.210932,-472.08478,-197.6799,136.05414,-3.5381024,-471.1651,-198.54367,136.3206,-4.320832,-473.6465,9.370861,27.483807,288.141,0.0047699874,10.552238,33.757317,302.6775,0.00028480683,-0.19221716,0.86744213,1.0,-1.0,-2.661603118398531,0.7491361535954397,-1.7115938762154803,-6.9722264118880535,-266.16031183985314,40.70415252557571,-202.24239571609957,-326.04949156374863,-0.15207066,0.7043921,1.0,-1.0,10,-2.8103428052436064,0.9830839255129532,-1.5284802393097452,-8.210569617855564,-281.0342805243606,50.90395544283086,-204.82927564072045,-373.1204765712946,-0.03980893276203635,0.60454377436135,1.0,-1.0,0.10365684250326121,0.03246856844433192,0.15139501668435565,0.030678894932355892,0.10602092882130415,0.030097498504578456,0.13868848530366842,0.04512472592721568,0.11771198851582054,0.057906426556607646,0.1863587932333583,0.02870235494643222,0.11840475224071988,0.05842896847926952,0.1851404016537842,0.03195254853727459,0.10422809903613241,0.022068836975788084,0.14577194611784283,0.057153777028109545,0.10635669466568748,0.018877158352740394,0.14442247773144432,0.08263139812852524,0.0,0.0,0.0,0.0,0.0,0.0,0.0,0.0,17.01894301835813,3.151012208831759,23.261052984086707,7.992256921769692,16.81365188635367,3.0518068500496622,23.173938682576633,12.855759102409806,-0.9990909090909091,0.030137426280455955,0.0,-1.0,-1.0,0.0,-1.0,-1.0,3786.840883258355,2628.478133195974,23678.246448871247,1457.2468831905135,3257.371168882897,1219.5088028906846,5399.394413111381,1541.4757261529328,0.0,0.0,0,0,0.0,0.0,0,0,2.661603118398531,0.7491361535954396,6.9722264118880535,1.71159387621548,2.5133322686423525,0.49781714268585925,3.29980352018533,1.761217533599802,-266.16031183985314,428004,111000,1110,29.196180932136485,15.698068967001745,13.238970121208695,58.133220020346926,6102.048409221483,110
9.853713,6.1804395,195.7136,-196.85934,134.32039,-9.004623,-445.6219,-197.08293,134.08833,-8.989563,-446.2576,-195.99744,133.90338,-7.931945,-439.79813,9.853712,33.367523,348.4156,2.2361055e-06,6.180439,11.902925,72.652885,0.0010044149,-0.08526452,0.86023843,1.0,-1.0,-2.496505613428514,1.1559369890063682,-0.8505029374531906,-7.353026289371547,-249.6505613428514,85.84501303344145,-127.54263568115105,-416.98384679938073,-0.08831629,0.7021292,1.0,-1.0,10,-2.603059688979366,1.150663495555634,-1.0802764654983041,-7.424571185957934,-260.30596889793657,73.05647777656867,-146.9518680797462,-370.211696890098,-0.09960772599478322,0.6984264860585091,1.0,-1.0,0.0994721156955358,0.03256212401623157,0.1632159589007487,0.029953909683303952,0.10224650332174358,0.031436938668439045,0.1632159589007487,0.05721343432146993,0.12610841673182513,0.05887324150710209,0.24627034463979952,0.037809988265145006,0.12695169163758604,0.05917638477965503,0.24624687417844607,0.04667604782768465,0.09630818232559955,0.029161996773668507,0.16886062927360115,0.056663784939084166,0.10028039873850575,0.027943397864649035,0.16760841758400735,0.06812697578594383,0.0,0.0,0.0,0.0,0.0,0.0,0.0,0.0,18.425756021827045,3.1361091577325184,24.5655460252494,9.459016191579973,18.73035688752066,3.0595251138493076,23.415032451687352,12.972186850339577,-0.9981818181818182,0.042601361868581746,0.0,-1.0,-1.0,0.0,-1.0,-1.0,3748.2339005037643,3706.581497493621,26377.63858890161,359.0333823641705,3031.392766402019,2085.2705975235,7727.950908190297,399.3222507898878,0.0,0.0,0,0,0.0,0.0,0,0,2.496505613428514,1.1559369890063682,7.353026289371547,0.8505029374531906,2.3122396878004476,0.8762168753951309,3.9557837554074533,0.8980573635846685,-249.6505613428514,432004,112000,1120,23.42627241203445,15.164575609000167,12.220231794010033,50.81107981504465,6154.831587057517,111
12.832647,11.5068245,202.979,-204.00667,143.20435,-6.8683424,-534.4803,-204.05896,143.54105,-6.8399734,-542.3918,-205.10498,143.63092,-7.413903,-543.1184,12.832647,31.775297,230.34822,0.00025437854,11.506825,37.167465,322.7115,2.986184e-06,-0.1425836,0.8485887,1.0,-1.0,-2.5285831285054132,1.0099596686678307,-0.9332163490698582,-8.935944833203774,-252.85831285054127,64.12960566177355,-124.9315047721258,-361.1614241262029,-0.12658685,0.6777358,1.0,-1.0,10,-3.303594519727777,0.692499752121962,-2.068182806308703,-6.535869111083375,-330.3594519727777,38.44278714829698,-246.5176313927565,-396.8998387551875,0.003901315546569659,0.6627211996228742,1.0,-1.0,0.10085673032938759,0.031789781719452646,0.17018657235056606,0.028259609237613448,0.10275914955329916,0.03181854721528473,0.16207703135930818,0.07006703071269554,0.16106895513389832,0.07817850369806033,0.3560274679841746,0.019702655871143983,0.16424106697689494,0.08046270600457116,0.35599919649204,0.019702655871143983,0.1196721603258361,0.03592829528841552,0.1928975571717681,0.056843603050032165,0.12419467830446641,0.03400319779433814,0.19080588893462885,0.08682718915603337,0.0,0.0,0.0,0.0,0.0,0.0,0.0,0.0,18.046114730604106,3.397572768847158,25.101338324834565,8.75521001587885,18.14497037980829,3.2652469034204596,23.066296641497445,13.245143756905756,-0.9981818181818182,0.042601361868581746,0.0,-1.0,-1.0,0.0,-1.0,-1.0,3667.6378865147094,3879.8469349991665,38788.38246930565,431.3894699508862,2768.381560277607,1263.744807107291,4601.267809483867,461.9317826706887,0.0,0.0,0,0,0.0,0.0,0,0,2.5285831285054132,1.0099596686678307,8.935944833203774,0.9332163490698582,2.283816672005277,0.6049225883777595,3.04663240603705,0.9655660368909554,-252.85831285054127,436004,113000,1130,23.004191429070488,17.13901789599913,12.33117907182168,52.4743883968913,6206.1699841404115,112
7.7998934,10.366435,199.01411,-199.56732,140.9092,-3.0341113,-641.9084,-199.52545,141.09456,-2.72749,-643.2907,-200.5077,141.51811,-2.3072445,-641.7479,7.7998934,16.9276,104.911156,5.1610266e-05,10.366436,27.188562,209.82718,0.0010365853,0.11249315,0.846117,1.0,-1.0,-2.640946931227433,0.8345668830971401,-1.3024079462929739,-6.200399041716939,-264.0946931227433,73.4121566134679,-167.43359548035463,-400.57486745903,-0.014440146,0.6972694,1.0,-1.0,10,-2.6740502262257606,0.9182571770304592,-1.6346303308647425,-7.584358985633495,-267.405022622576,48.76321046644888,-204.20715927328112,-367.8759612419106,-0.028092829964295036,0.6273112627133058,1.0,-1.0,0.1016090470065225,0.02857434739076787,0.15253937343392787,0.03034576022442734,0.10311081050635136,0.022825334311667694,0.1472137406167174,0.06125795287769418,0.11669556294808307,0.06180835256941113,0.2343710210057758,0.020712670656647728,0.11730871864290421,0.0630040033238496,0.23435169217553872,0.020712670656647728,0.10561698044079014,0.0316992430035571,0.17237693190030623,0.05699200033730365,0.10898916768305357,0.033497342508359854,0.15877240579411322,0.06779203762204193,0.0,0.0,0.0,0.0,0.0,0.0,0.0,0.0,18.8785066853384,3.9988611076715626,25.05031031554373,9.397602907525705,19.140515389787243,4.124476582768881,24.00614524682561,9.972912949340191,-0.9209090909090909,0.26988059802453873,0.0,-1.0,-0.9090909090909091,0.28747978728803447,0.0,-1.0,3804.067027052629,2655.7693205600663,18673.396571395733,846.156856311927,3403.1769719245353,1783.095959366405,7472.90817948892,1191.308266210148,0.0,0.0,0,0,0.0,0.0,0,0,2.640946931227433,0.8345668830971401,6.20039904171694,1.3024079462929736,2.5310203210685365,0.6684658013854973,3.8762693820941387,1.5526570515760179,-264.0946931227433,440004,114000,1140,25.157646983803716,16.00894207500096,12.57194049089594,53.738529549700615,6259.26547960411,113
8.528238,11.053947,197.7532,-199.1493,143.35675,-7.8980017,-462.53262,-198.24579,142.8532,-6.8966026,-460.8796,-198.76248,142.88846,-8.5141945,-458.75446,8.528237,26.842947,249.48631,0.00029832183,11.053947,40.637115,416.31104,1.1826374e-05,-0.14479348,0.8440031,1.0,-1.0,-2.7315146997997086,1.0035334975824828,-1.1410904514921127,-7.190971591108319,-273.15146997997084,73.30971730388448,-140.65999792427928,-426.5759422251738,0.0102133425,0.6276827,1.0,-1.0,10,-2.8937138527179753,1.1242723125157894,-1.1920842986803035,-7.374090124676957,-289.3713852717976,76.41161320368082,-183.2193152267006,-392.3154891433072,-0.1206874861710874,0.6205260737836569,1.0,-1.0,0.08647258826721359,0.038313208330542005,0.16181353058345002,0.029400937872772277,0.08756497929655979,0.04030814318953734,0.1528541910183262,0.03762462708378645,0.13320998910130655,0.07181746075492686,0.3100226002421369,0.030611956819051673,0.13624602336079156,0.07315385126479614,0.3100009728639166,0.030611956819051673,0.11297110716690921,0.03541710166760354,0.18419673073390477,0.05726035292767248,0.12120559383810288,0.038219221678451126,0.18419673073390477,0.07464005945459265,0.0,0.0,0.0,0.0,0.0,0.0,0.0,0.0,17.178801831529007,4.108215283766747,24.19685415224574,9.957801776724068,17.005420829371545,4.22369788567065,22.99847511786424,10.461065655845086,-0.9990909090909091,0.030137426280455955,0.0,-1.0,-1.0,0.0,-1.0,-1.0,4188.377149270419,3467.1131568930764,25282.82953829251,643.0301007238124,3309.707436020952,1608.2915054053374,5597.514957825017,658.000261736528,0.0,0.0,0,0,0.0,0.0,0,0,2.7315146997997086,1.0035334975824828,7.190971591108319,1.1410904514921127,2.494411699702446,0.6776095352811673,3.363525002206322,1.1543080716272165,-273.15146997997084,444004,115000,1150,23.014822674929746,15.344082865995006,12.001043157026288,50.35994869795104,6308.654299773058,114
6.4315805,8.19812,193.79013,-194.0146,138.02275,-2.012918,-449.1308,-193.52042,138.22925,-0.454628,-449.95007,-194.45049,138.94691,-1.476528,-453.20627,6.431581,13.264564,89.11999,7.63117e-07,8.19812,20.530403,186.11661,0.00084228907,-0.09305567,0.84317327,1.0,-1.0,-2.7197342260819006,1.0528276505997296,-1.4627874840578408,-6.48998461219385,-271.97342260819005,79.80810459725144,-195.92921001584958,-471.136792070293,-0.087979265,0.6445829,1.0,-1.0,10,-2.5477875868590965,0.989836438871274,-1.1478438929669366,-6.114498362734117,-254.77875868590962,81.34490162586215,-170.18383785289444,-417.99014722137605,0.016541891129810714,0.6116110803586295,1.0,-1.0,0.09962075775085685,0.04414364391039704,0.1816633385715463,0.028902638166217076,0.10595582132220943,0.0396119750973315,0.17646442497174744,0.041653379150916915,0.13296261732618123,0.07265092614204874,0.30826741423975923,0.023989456730072654,0.13713844952339882,0.07264994763806094,0.30825276365205984,0.040696390312354835,0.12769565058802895,0.0348214591629584,0.18672488869631296,0.05736915931214848,0.13636947858540546,0.029405360229915765,0.18656522560270794,0.08263542681723955,0.0009090909090909091,0.030137426280455955,1.0,0.0,0.0,0.0,0.0,0.0,18.18119414849246,4.058629286337958,24.940042519542462,8.093218904351732,18.607774926872,3.9137490165988282,24.92412445819691,12.831255692454128,-0.9963636363636363,0.06019252857180673,0.0,-1.0,-1.0,0.0,-1.0,-1.0,4205.498044201466,3650.583986708471,20630.32542975903,1060.4193704735903,3261.029234243269,1979.7151548863064,7779.78787531769,1246.1612465107096,0.0,0.0,0,0,0.0,0.0,0,0,2.7197342260819006,1.0528276505997296,6.489984612193849,1.4627874840578408,2.4585442495293304,0.7278965427295186,3.955857330295014,1.5850337104075045,-271.97342260819005,448004,116000,1160,21.826466739170428,14.378996491002908,12.072192374005681,48.27765560417902,6358.928684698265,115
6.6673217,8.112818,188.14337,-188.74026,135.5933,-6.7041016,-472.10376,-189.37001,136.02458,-6.4997377,-473.94482,-189.69922,135.65263,-8.204524,-473.00098,6.6673217,17.295809,126.56628,0.00097084884,8.112818,29.95757,308.43845,0.00016039703,-0.10776174,0.8347124,1.0,-1.0,-2.7518130301944703,0.9508780989531816,-1.1250909639842388,-7.674226068051794,-275.18130301944706,78.9269921644743,-141.80134917071337,-392.5100488502927,0.051696964,0.68736154,1.0,-1.0,10,-2.7452819292138324,1.024859449414116,-1.3543728112971747,-7.656865405260149,-274.52819292138327,35.3901894293794,-209.65049126100675,-309.53929883384615,-0.025350080137305782,0.6520124163051709,1.0,-1.0,0.10460301685572893,0.043942510146270035,0.20001558010553044,0.02835340979976326,0.10889005164808459,0.044188102352997194,0.20001558010553044,0.04133428515758927,0.15958917724160354,0.06170234195870615,0.2879048514018192,0.04039354967114156,0.1637360264112934,0.06266062969571629,0.2878754910707943,0.08295122205018493,0.10638386949010817,0.028174159184583183,0.1641069021786335,0.05717811134323423,0.11026289995966541,0.02854775238265352,0.14768265973521544,0.06558623542977055,0.0,0.0,0.0,0.0,0.0,0.0,0.0,0.0,20.711000989410405,4.199554954834553,26.57739440046807,10.944642784948222,21.042008602902744,4.2302963173038,25.584504874197272,11.732070420656704,-1.0,0.0,-1.0,-1.0,-1.0,0.0,-1.0,-1.0,4192.600283596649,3049.077233783771,28877.383817342714,631.143140445329,3712.731445311326,2044.5068113252948,7012.547405083034,660.773212189664,0.0,0.0,0,0,0.0,0.0,0,0,2.7518130301944703,0.9508780989531815,7.674226068051794,1.1250909639842388,2.623000598257393,0.7910345582859789,3.7864491537457297,1.1513031330302546,-275.18130301944706,452004,117000,1170,21.615170175129606,16.35511020499689,11.666834802905214,49.63711518303171,6409.270549398294,116
6.4416676,5.7652826,191.26422,-193.01027,135.91357,-1.8773897,-466.74338,-193.00403,135.75224,-2.5283787,-471.45624,-192.64789,135.80283,-2.0754802,-472.39395,6.441667,17.684912,173.49106,9.837095e-05,5.7652826,14.536101,121.51954,0.0011766106,-0.12092681,0.8514819,1.0,-1.0,-2.438271943789223,1.2257914445756821,-1.1249705303608324,-7.29134304592766,-243.82719437892237,85.45196975371337,-158.74362298874735,-452.61792441640614,0.036642987,0.6384297,1.0,-1.0,10,-2.8576937170491896,0.9448496187726269,-1.3969693253565083,-8.299239580336474,-285.769371704919,63.17943553682252,-172.53117862203285,-368.95919748005497,-0.09623381941872222,0.5840182986294152,1.0,-1.0,0.08862600504274401,0.03383972179566589,0.17575716214278597,0.029840527968349052,0.08722082781519329,0.03531940983370156,0.17575716214278597,0.04808818948864111,0.1672067734049447,0.08790155043546899,0.287465408919527,0.019448016039520566,0.17236040560770946,0.08954569854493738,0.28745899870258296,0.03226091481816616,0.11426082946571961,0.03733300612378029,0.19240223974000314,0.057012881426113465,0.11923221354302328,0.032612271605086854,0.17726327187164512,0.07393957727661725,0.0,0.0,0.0,0.0,0.0,0.0,0.0,0.0,19.150872190975377,3.34795446546224,24.64806430943878,10.125799269291479,19.65269193799726,3.156490367728606,24.445551860553543,15.215115716005638,-1.0,0.0,-1.0,-1.0,-1.0,0.0,-1.0,-1.0,3688.412529521126,4102.959407225837,26100.696201197774,631.3126586077803,2731.903889349439,2642.702309116824,9852.36545470486,783.3672160797626,0.0,0.0,0,0,0.0,0.0,0,0,2.4382719437892235,1.2257914445756821,7.29134304592766,1.1249705303608322,2.1483920876109526,0.9442585977029182,4.452925336237082,1.2543312661582309,-243.82719437892237,456004,118000,1180,33.126558471012686,17.08043442000053,14.229059795005014,64.43605268601823,6471.305612878321,117
6.209682,7.001644,194.06134,-194.99763,138.90773,-4.3586864,-462.5488,-194.64462,138.69197,-5.009324,-465.38248,-195.5042,139.46605,-4.556486,-464.4813,6.2096825,15.30317,135.86533,0.0001419267,7.001645,13.330879,84.228004,0.00077547156,-0.05687455,0.8479705,1.0,-1.0,-2.885058493686454,0.7106428180625286,-1.9018621212349467,-7.051443430307832,-288.50584936864533,50.10713178418159,-197.87981011035123,-374.7852822751643,-0.14263514,0.63664824,1.0,-1.0,10,-2.7493839682251195,1.030641867133339,-1.3450330715141623,-7.51404637496337,-274.93839682251195,60.83679931471894,-190.75955112683573,-421.6200476562399,0.025204815378240007,0.589054978067291,1.0,-1.0,0.10695083349653264,0.03159513291548676,0.15394114467448053,0.028097930797182074,0.10943302936582298,0.03124759974271489,0.15394114467448053,0.0467407740604876,0.09447919520308189,0.05083658668629448,0.17323651283728714,0.013954093203195569,0.09395513035716542,0.05067246338344087,0.1732137491396524,0.01395920648500872,0.11736809534533268,0.021756608641481122,0.1561707411574201,0.0573482704635238,0.11839184044531369,0.022163652692506905,0.15573095611615442,0.07349086149998015,0.0027272727272727275,0.05215203457913988,1.0,0.0,0.0,0.0,0.0,0.0,18.769105570151336,3.4738367537244077,25.343652666659434,8.007135418401019,19.09585105501348,3.3861301922027667,25.292883994843777,13.357858643631943,-0.9954545454545455,0.06726658448613064,0.0,-1.0,-1.0,0.0,-1.0,-1.0,4371.779105586578,2583.187613921261,24406.073479816478,1791.7289217219295,3902.4654349064467,1339.875493404641,6384.9197433424815,1960.755023338635,0.0,0.0,0,0,0.0,0.0,0,0,2.885058493686454,0.7106428180625286,7.051443430307833,1.9018621212349467,2.7632903240664044,0.48967820389887595,3.597360545307284,1.9905919065296174,-288.50584936864533,460004,119000,1190,23.229461487084336,14.676742536998063,12.521148824918782,50.42735284900118,6520.884914470327,118
5.6170573,6.1275434,191.26796,-192.63899,141.7489,-9.295831,-550.32104,-193.23892,141.54308,-9.602974,-549.934,-193.05699,141.61708,-8.938234,-553.0151,5.617058,12.331211,74.98615,6.991997e-05,6.1275434,12.303543,82.81455,4.2850384e-05,0.020529207,0.844519,1.0,-1.0,-2.339634375623491,1.0918051461344214,-0.5179653544584637,-7.413962046785422,-233.9634375623491,88.56931616663982,-84.7793694965544,-418.51392772806093,-0.13266248,0.5599241,1.0,-1.0,10,-2.7759783092293455,1.162563906862924,-0.8432973560669653,-6.065612030175077,-277.5978309229345,103.940710328824,-134.18085030971366,-404.12133159780456,-0.19611793437557715,0.6943057231388582,1.0,-1.0,0.09828419592276831,0.03912877098543016,0.18215891577538126,0.02981044600706014,0.09941956186196702,0.03664806103219257,0.17121424441473534,0.03873989072791451,0.14316917523841044,0.04499624838885822,0.2037644538150535,0.03120476526056015,0.14281695706164485,0.045841991400008164,0.19434125135576852,0.0312869308886249,0.10934387269135594,0.03508785653756215,0.18140571559999852,0.05737003678592398,0.11206332994717748,0.032937317731418676,0.16239282283072737,0.07021657596771126,0.0,0.0,0.0,0.0,0.0,0.0,0.0,0.0,17.079897350750684,3.6354261577520384,24.295357704666404,10.497648076975146,17.27080378741377,3.497939584613339,23.573362220569233,12.873013596144476,-1.0,0.0,-1.0,-1.0,-1.0,0.0,-1.0,-1.0,3304.29378229483,3223.1403992729315,26864.570150537947,133.806904830758,2692.5886322383003,2175.659721744096,8450.316035937387,152.82208061974515,0.0,0.0,0,0,0.0,0.0,0,0,2.339634375623491,1.0918051461344214,7.4139620467854215,0.5179653544584636,2.140868189401571,0.9147594382784162,4.122995547835499,0.5533937849349265,-233.9634375623491,464004,120000,1200,23.768362536015047,13.82971591000387,12.379496742076299,49.977575188095216,6572.049291405434,119
12.391288,6.9196496,209.02061,-210.08226,151.50888,-7.014651,-653.9457,-210.2457,151.71498,-7.347782,-655.4578,-210.22751,152.00252,-7.11868,-663.75476,12.391289,73.377556,813.0556,0.00011457648,6.91965,20.25446,165.69118,0.001477981,-0.16684625,0.83832854,1.0,-1.0,-2.681279538886497,0.8609016402476798,-1.3166064073594455,-6.847982090504467,-268.1279538886497,49.53125522412227,-172.8059136509547,-350.65582292722723,-0.22423212,0.7651088,1.0,-1.0,10,-2.7469143921392365,0.9224715182385659,-1.633426175403493,-7.805956752024952,-274.6914392139237,57.95566492896901,-208.231896394695,-403.50167227659887,-0.23899152078972685,0.6366627901487498,1.0,-1.0,0.1142413701930818,0.034285193938406205,0.16756752255798607,0.029603579498435506,0.11560050065502515,0.03457674516546956,0.16756752255798607,0.06355265777676387,0.1488162639671488,0.06624414305324765,0.225453693941528,0.01843560045634373,0.1515196134001362,0.06622935937605218,0.22542873357433835,0.018457149007593227,0.11271295225994572,0.024965917961294427,0.15477625097768422,0.0571950832828738,0.1151246513723875,0.020701277602531393,0.15402061763216934,0.08205489461151663,0.0018181818181818182,0.04260136186858175,1.0,0.0,0.0,0.0,0.0,0.0,18.659368549584343,3.642110126919734,26.254811170016843,8.967931246930542,18.76676126406445,3.7536613132910506,24.187074309005904,14.32502374403634,-0.9981818181818182,0.04260136186858175,0.0,-1.0,-1.0,0.0,-1.0,-1.0,3925.348582084895,2915.0449700657873,22948.20071766044,849.1970228584801,3291.4160594594196,1373.536963599733,6066.527807074257,869.337416990345,0.0,0.0,0,0,0.0,0.0,0,0,2.681279538886497,0.8609016402476798,6.847982090504468,1.3166064073594455,2.513842579897105,0.5641211530970318,3.4897504388649763,1.3292326396865035,-268.1279538886497,468004,121000,1210,24.2945451330379,14.993386116002512,12.380254666852125,51.668185915892536,6623.090251164329,120
4.7177362,3.7816105,198.9464,-200.44183,143.47162,-1.594192,-482.8228,-200.72058,143.7023,-1.7976217,-482.3504,-200.73526,143.56427,-1.5497799,-482.03546,4.7177367,11.142464,99.59011,5.2049677e-07,3.7816103,8.806317,78.24377,0.0002460517,-0.09246136,0.8695317,1.0,-1.0,-2.959101217859309,0.897473940557278,-1.6777675416793034,-6.419564707112197,-295.91012178593087,45.91515006046973,-210.05945984004097,-368.5766890019197,-0.030842004,0.69741285,1.0,-1.0,10,-2.3975302010533595,0.8585776944760328,-1.2366669575576814,-7.655016353993718,-239.75302010533596,54.92296010383179,-147.7625907639073,-302.87641319856186,-0.05948720817699952,0.6833304502002084,1.0,-1.0,0.08777888305205282,0.02810737555459684,0.16806287615956486,0.030855356131030593,0.09728844424771245,0.03482819971426154,0.16799226431602945,0.05508591936500369,0.1178185667557808,0.06255153456363324,0.2709415108860409,0.010365833272001612,0.1165310617849542,0.07506844611437975,0.27093352437299884,0.010468286781022185,0.10113526950968411,0.030163044042897658,0.22155920378411645,0.057205064421837024,0.1162106563628552,0.040644957225583256,0.22045265596937708,0.06841957948828047,0.0,0.0,0.0,0.0,0.0,0.0,0.0,0.0,17.78439421007168,3.548501408669655,25.275608975323095,6.74509917920647,18.743845285379034,3.430756343710641,22.95568001401408,12.660604389153558,-0.9972727272727273,0.052152034579139875,0.0,-1.0,-1.0,0.0,-1.0,-1.0,4736.011424947237,3102.0725729736787,20207.199313608628,1393.9551874660478,3138.6963249103883,1251.0992005372182,5117.679332813438,1491.1904672134322,0.0,0.0,0,0,0.0,0.0,0,0,2.959101217859309,0.897473940557278,6.419564707112197,1.6777675416793034,2.4631182126117555,0.5068883361051588,3.2163609966185964,1.7350221543326816,-295.91012178593087,472004,122000,1220,27.008035314880544,14.378238928002247,13.195300044833857,54.58157428771665,6677.772768748044,121
34.177273,29.986607,186.51575,-187.8753,135.96158,-5.390147,-493.52975,-187.71085,136.01698,-5.8684816,-494.47537,-188.24408,137.4021,-4.8821025,-497.58112,34.177273,201.79137,1961.7346,5.2386895e-08,29.986605,168.42416,1576.7405,6.0262755e-05,-0.050397713,0.86515576,1.0,-1.0,-2.6871489177469114,0.7639601018164811,-1.349627394062872,-6.225246133113403,-268.7148917746912,40.72733456604843,-172.7549075573946,-318.72093707998897,-0.075837664,0.7028502,1.0,-1.0,10,-2.600238892124863,1.1130329838342778,-1.164896178087096,-7.471153818596661,-260.0238892124863,56.50710690924056,-184.45913981434018,-363.8350809351018,0.018585189106457446,0.6201209461290182,1.0,-1.0,0.10584004722757868,0.04224755929472012,0.1769954637570181,0.030871226193324292,0.11091442665342041,0.042527404311885474,0.1769954637570181,0.04154488463588824,0.1371576012312901,0.06426034206924358,0.27185167534872084,0.04240219928281802,0.13853972156863292,0.06460283639869513,0.2718295756007449,0.04240219928281802,0.12695196959856617,0.03559918093570555,0.19218412341490096,0.05658603304924872,0.136626261877009,0.030611314614795316,0.19206094540372062,0.08392023451848686,0.0,0.0,0.0,0.0,0.0,0.0,0.0,0.0,17.373245875674563,3.595969062892798,25.757698930803567,8.977150712205411,17.418357057688596,3.7454297020801337,24.5073394839447,11.946379625609156,-0.9981818181818182,0.04260136186858175,0.0,-1.0,-1.0,0.0,-1.0,-1.0,3862.4002623886918,2413.159015384141,18940.69908087149,903.6719004273166,3172.397443023944,1114.6613434928056,4597.779164388253,1035.5743320309487,0.0,0.0,0,0,0.0,0.0,0,0,2.6871489177469114,0.7639601018164811,6.225246133113403,1.349627394062872,2.4833331094656033,0.4846794161293999,3.0419786434377043,1.4447748341196611,-268.7148917746912,476004,123000,1230,29.018755261102342,14.482542952995573,13.72839114004455,57.229689354142465,6736.4058140692,122
10.516427,6.773601,206.39265,-207.55844,148.62633,-3.1432726,-650.6205,-207.52145,148.23903,-3.7171767,-652.61676,-207.46198,148.61626,-1.7946833,-652.0803,10.516427,34.141697,271.29865,0.00044468883,6.7736006,18.0378,115.217636,0.00021057227,-0.11887866,0.85700315,1.0,-1.0,-2.8035574526061176,1.1081922810137366,-1.119283301233565,-7.558947981120474,-280.3557452606117,74.68263571097435,-116.53467276077349,-384.9800854384998,0.03058774,0.67905915,1.0,-1.0,10,-2.7039804985474967,0.5922267102877824,-1.8358789586290853,-7.130443247267091,-270.3980498547497,26.079061645903167,-223.00469335991986,-300.9731170886879,-0.07974023882293957,0.6471131334761216,1.0,-1.0,0.08677146874007055,0.03193463837874186,0.14944062060067478,0.030922504391542968,0.08782994229062585,0.031172940033250624,0.14326631455733244,0.050184609541262096,0.128426345086021,0.05948854953024164,0.24025221586567208,0.041824668465355236,0.1302458186825387,0.061321317333020514,0.24023166626774614,0.04184927618676264,0.10520892650074583,0.03091756059139316,0.18540945431450187,0.0569506276908555,0.11315824035870613,0.028772864626674347,0.1644174327867657,0.07410872987459331,0.0,0.0,0.0,0.0,0.0,0.0,0.0,0.0,17.95222019603486,3.112965894657055,25.180639200427365,10.056274569062909,17.972379862001528,3.2867769257100683,24.193427890544232,13.354840209322314,-1.0,0.0,-1.0,-1.0,-1.0,0.0,-1.0,-1.0,4492.346196816557,3954.618159785367,28055.468887885327,620.5073094602274,3491.896772081889,1840.7498572839709,7013.328115303248,648.1212924579335,0.0,0.0,0,0,0.0,0.0,0,0,2.8035574526061176,1.1081922810137366,7.558947981120474,1.119283301233565,2.554627879020252,0.7216608057623188,3.775428591163095,1.1443572224683014,-280.3557452606117,480004,124000,1240,26.370347285221214,15.875725999998394,12.855426802045258,55.10150008726487,6790.186523015451,123
7.768779,9.771942,196.57712,-197.7799,146.35301,-2.0679371,-508.41772,-197.98543,146.46384,-2.4038372,-510.38486,-198.29591,146.77365,-2.3479905,-506.8764,7.7687798,28.512568,245.79997,2.5934787e-07,9.771942,36.6194,334.9789,8.910229e-06,-0.22232786,0.8247063,1.0,-1.0,-2.850823058023802,1.0364931304251048,-1.6348762288457603,-5.931862472107054,-285.0823058023802,92.06300082114042,-185.18970598936056,-479.91294621962754,-0.1551722,0.78772855,1.0,-1.0,10,-3.0637618496610424,1.1974107360007258,-1.2440588266135633,-7.7155757524474105,-306.37618496610423,100.51798058103694,-144.1248410133375,-509.0979580475132,-0.02077134777347173,0.6583997059400992,1.0,-1.0,0.0999440907897118,0.030701566325437104,0.15084689962775522,0.028886402583909628,0.10338181475643625,0.028088743198519762,0.15084689962775522,0.05707200934415253,0.13605495993847197,0.04945387172940259,0.2078953636004017,0.027528455670494452,0.13672905607313457,0.05157550102148418,0.20787946774059213,0.027528455670494452,0.11952136073063953,0.03473117630692805,0.1974715348624225,0.05777841158866888,0.1264009417260481,0.03387882387987092,0.1974715348624225,0.07415211144163618,0.0,0.0,0.0,0.0,0.0,0.0,0.0,0.0,18.22910025297695,3.2831715767380696,24.71537259369588,10.869961501894661,18.44277458384713,2.9495167682574097,22.377179153472177,13.272782347703869,-1.0,0.0,-1.0,-1.0,-1.0,0.0,-1.0,-1.0,4549.751729241618,3469.6517081289494,17157.547080235578,1322.357375709084,3593.5633560839706,1921.9087712270311,7019.303143654411,1322.357375709084,0.0,0.0,0,0,0.0,0.0,0,0,2.850823058023802,1.0364931304251048,5.931862472107053,1.6348762288457603,2.5905180653002073,0.7368764731169676,3.769136448647093,1.6348762288457603,-285.0823058023802,484004,125000,1250,21.706178970940528,14.560697779998009,11.816977391899854,48.08385414283839,6839.387619856308,124
8.772526,10.570806,189.35583,-191.06194,135.04768,-6.561987,-494.51642,-190.71896,135.11147,-5.460825,-496.45703,-190.08221,134.81227,-5.5861425,-491.49475,8.772526,27.739006,262.0885,0.0001230789,10.570806,35.443817,366.74915,1.0662712e-05,-0.137715,0.8529772,1.0,-1.0,-2.414855993317765,1.0242125263561168,-1.2773600094066957,-7.53660260605721,-241.48559933177657,53.11236809899801,-170.51554308789272,-325.9136436233502,-0.06763238,0.7078159,1.0,-1.0,10,-2.7335926337100394,1.0543978334610753,-1.388019826532216,-6.768465138213098,-273.359263371004,77.41231552088104,-179.78602263910201,-419.02210854975823,-0.08463851107853931,0.669082238076638,1.0,-1.0,0.09128724080657771,0.03514233114055944,0.16469611064019254,0.029644520696132878,0.09306551842816237,0.036053498166829435,0.16469611064019254,0.048825911235645565,0.15170896286942512,0.0616315574439586,0.27632441920065537,0.018334260361359565,0.15446492218438182,0.062230150361257335,0.2762926241979658,0.07933046856408718,0.12185738216800256,0.027343980479044475,0.16552047383317234,0.05664265293271038,0.12696724739087284,0.020413172703578317,0.1591763561761114,0.08800798620844671,0.0,0.0,0.0,0.0,0.0,0.0,0.0,0.0,18.48768519159716,3.5793841731640526,24.999442054519804,9.496242604646602,18.70340094773066,3.5226683955392786,23.967048056473917,13.932288057567254,-0.9990909090909091,0.030137426280455955,0.0,-1.0,-1.0,0.0,-1.0,-1.0,3403.9003363298225,3480.8807037045704,28043.83200657076,813.9184752202639,2324.4139714972407,1212.8319449596063,4903.463789939013,951.4453349178141,0.0,0.0,0,0,0.0,0.0,0,0,2.414855993317765,1.0242125263561168,7.53660260605721,1.2773600094066955,2.092684272576409,0.5526990060796618,3.145413525606101,1.381089610948546,-241.48559933177657,488004,126000,1260,25.277571976941545,15.684164963000512,12.73132726707263,53.693064207014686,6890.450757510305,125
42.992783,43.36988,195.83205,-197.16847,142.81572,-3.9265044,-521.9861,-196.55988,142.21129,-4.089673,-521.1955,-197.49402,142.93095,-5.170517,-519.37396,42.992783,350.59454,3950.455,0.00014377323,43.369873,301.6819,3318.8083,2.180133e-05,-0.15034483,0.84045243,1.0,-1.0,-3.179418657530566,1.0218493975784066,-1.4533675606372918,-6.502363137127146,-317.9418657530566,82.42192092411747,-186.3273782401313,-446.12429702556466,-0.06551542,0.75904834,1.0,-1.0,10,-2.6255610280448938,0.9209292568615122,-1.2601895097187108,-5.598540652445532,-262.5561028044894,72.09684344425544,-169.28154435411545,-360.6389511495107,-0.18262316696769665,0.7093263245443459,1.0,-1.0,0.11475290429545376,0.04030062422910312,0.188317350071279,0.02762880837549167,0.1177167496496502,0.04056532125347459,0.18412722016884206,0.047315766177650834,0.1248965467623351,0.07360382518676514,0.2518097381591012,0.036546209574006346,0.12703063637410622,0.07525034137620679,0.251792874155932,0.036546209574006346,0.1340148025963811,0.04467869048256466,0.19407497919533642,0.05771863179975508,0.14183991820032738,0.04332819363157606,0.19407497919533642,0.07344782683306121,0.0,0.0,0.0,0.0,0.0,0.0,0.0,0.0,18.532473181932186,2.512815471071994,23.528756853630792,10.348998060740335,18.6683862925258,2.4749401965764646,22.923868114584657,15.727345741585122,-1.0,0.0,-1.0,-1.0,-1.0,0.0,-1.0,-1.0,5516.283208315693,3415.9141186128677,20598.850503809874,1046.795863457739,4873.527492013224,2646.5896718687445,9727.16897423414,1086.1007551477323,0.0,0.0,0,0,0.0,0.0,0,0,3.179418657530566,1.0218493975784066,6.502363137127146,1.453367560637292,3.0124561374442296,0.8763755912920712,4.4282937284483275,1.4812271338274476,-317.9418657530566,492004,127000,1270,21.899714458850212,13.0530104999998,11.824807061981119,46.77753202083113,6943.6667726131345,126
15.50764,13.822651,202.28761,-202.6862,144.76923,-10.664805,-599.62024,-203.20068,144.8582,-11.026287,-600.3345,-203.60278,145.99896,-10.445528,-599.41547,15.507641,80.177345,865.0381,1.398439e-06,13.822651,43.209133,312.03528,1.10080155e-05,-0.10327203,0.8826907,1.0,-1.0,-2.8179451155261455,0.9701620793997117,-1.5304258035700284,-7.497676720932987,-281.7945115526145,68.35508078292254,-173.59081853962408,-360.42194064539876,0.045127105,0.7587764,1.0,-1.0,10,-2.364940162904602,1.2050113300711671,-1.1749607087771516,-7.806951993453484,-236.49401629046014,59.04719057860964,-168.54718253628502,-327.95151616142533,-0.09693707699389782,0.6014831864294674,1.0,-1.0,0.09576095598280279,0.039098945398280335,0.1724217617324382,0.030243300832555,0.09803446959533625,0.038707823002188155,0.1724217617324382,0.05148442094383509,0.1482996273474071,0.07476522409760858,0.26844753826072015,0.00723423712973709,0.14952331627033683,0.07606054813155547,0.2684249672837452,0.013143198692109791,0.11655364347941506,0.03850733810659198,0.20760166203029282,0.0568177144744811,0.11964109257230847,0.0360642906949138,0.18686522371889933,0.06468515605900095,0.0027272727272727275,0.05215203457913988,1.0,0.0,0.0,0.0,0.0,0.0,18.979210816061798,3.2972127700468103,26.051483644447078,6.952589487140836,19.18317011149959,3.4408233577465417,25.46732850580537,13.15444880108188,-0.9963636363636363,0.06019252857180673,0.0,-1.0,-1.0,0.0,-1.0,-1.0,4398.560675913421,3681.8786474572944,27701.43064714528,1155.5754437444507,3784.6680138161737,1803.2624603148527,6788.889037222845,1292.5881512042308,0.0,0.0,0,0,0.0,0.0,0,0,2.8179451155261455,0.9701620793997117,7.497676720932988,1.5304258035700287,2.6788412395368053,0.6731766922610352,3.693162614107689,1.6181321998168727,-281.7945115526145,496004,128000,1280,22.62856724204903,19.482858023999142,12.045295436146262,54.156720702194434,6994.095154174334,127
5.588806,5.163325,185.5112,-186.51549,133.29787,-8.2768135,-442.39752,-186.6719,133.16449,-8.457311,-445.01672,-186.48029,133.47011,-8.2732725,-440.37634,5.5888057,15.171305,130.25157,7.2737603e-06,5.1633253,15.583627,124.20415,0.00029730145,-0.057669222,0.8338088,1.0,-1.0,-2.3840897408995114,0.9357798846971066,-0.9247922954875315,-7.17874635677612,-238.40897408995122,68.12336703891978,-133.6856129893335,-365.61072400876935,-0.017601458,0.7297112,1.0,-1.0,10,-2.671946368162822,0.9099786589271064,-1.489970618666823,-7.518178846844117,-267.19463681628224,43.03204982923758,-179.25662352719957,-329.86655712886335,-0.10979869761589414,0.6428018813540888,1.0,-1.0,0.10638501319106279,0.03640124431958968,0.17301181180788175,0.03020937605006095,0.11075774607603632,0.03448742584213484,0.160932586627633,0.0661119512044991,0.1497025304197908,0.06760224769754136,0.3060840827593226,0.013998983450767926,0.15101339886240692,0.068994628810245,0.30605359977952856,0.05106317112915575,0.11337623207273846,0.035901063306599965,0.17412996252446436,0.05712246493074002,0.11705296401747453,0.03603523657547911,0.17302855385357008,0.06301659742994395,0.0009090909090909091,0.030137426280455955,1.0,0.0,0.0,0.0,0.0,0.0,18.819441353842887,3.4398009327081587,24.394414182165594,7.466585310151598,19.441156662141847,3.162860557939193,23.271843182719913,14.448665044516307,-0.9972727272727273,0.05215203457913988,0.0,-1.0,-1.0,0.0,-1.0,-1.0,3246.7366983964876,2875.1296773356644,25196.833791133966,420.84218643986446,2696.8472535180804,1812.789687907917,6878.779661659854,463.6462249519229,0.0,0.0,0,0,0.0,0.0,0,0,2.3840897408995114,0.9357798846971065,7.17874635677612,0.9247922954875314,2.2124900635631857,0.7411035680328715,3.7269350803418155,0.9766221676730132,-238.40897408995122,500004,129000,1290,24.375982287056104,15.768298672999663,12.780651711007522,52.92493267106329,7047.765105290411,128
11.374239,7.4140625,187.78534,-189.13739,136.05727,-7.523549,-489.21753,-189.2568,136.09842,-7.5557947,-489.75797,-189.30183,136.30482,-7.263897,-499.46902,11.374239,31.614391,187.96637,9.202584e-05,7.4140625,21.891224,186.89513,5.7390425e-06,-0.03434986,0.8498003,1.0,-1.0,-2.796627502247203,0.9824629399278907,-1.075678256335118,-6.395790241452221,-279.66275022472024,72.00577450164877,-145.7505264528968,-408.644702945465,-0.09336988,0.76445025,1.0,-1.0,10,-3.0883838984478356,1.0731149716107482,-1.4782166310284837,-8.199136740299238,-308.83838984478353,74.82500929923268,-180.51642551872106,-459.3521573849871,-0.126982135726221,0.6339669025559135,1.0,-1.0,0.09186468962537427,0.03587011662509708,0.15752833235306968,0.030219569156336067,0.09431155146758757,0.03681739402818107,0.15377081371628787,0.04500237042330936,0.1385397201680729,0.07717400088557852,0.3151878488912352,0.010850676301457444,0.1367992934463963,0.07998748558955417,0.3151691265288481,0.04750436667802668,0.11255306746272661,0.04266945851904576,0.19483488160751758,0.057202201374545736,0.11632883090389558,0.04457734937368897,0.19323390075983465,0.06978202659495034,0.0027272727272727275,0.05215203457913988,1.0,0.0,0.0,0.0,0.0,0.0,17.978539852005774,3.8009423259004915,27.23347387302285,5.170428737864331,18.4118166572523,3.5742123256188982,25.583510344318857,14.400217863275678,-0.9981818181818182,0.042601361868581746,0.0,-1.0,-1.0,0.0,-1.0,-1.0,4358.596208913183,3207.7761363908057,20154.740454582337,575.7511376365028,3692.5890209814343,2072.3846933121163,8438.059688965915,701.3104266127434,0.0,0.0,0,0,0.0,0.0,0,0,2.796627502247203,0.9824629399278907,6.39579024145222,1.075678256335118,2.616876824102874,0.7627884366774956,4.114953813193347,1.1867004743478637,-279.66275022472024,504004,130000,1300,23.533137482081656,16.51216913999815,12.250350372029061,52.29565699410887,7098.93080729551,129
8.415919,7.0438213,189.39291,-190.54538,133.4079,-4.916299,-465.39905,-190.81122,133.8064,-4.4896364,-471.60004,-190.6517,133.55681,-4.544086,-472.87048,8.415919,16.98939,120.59214,1.0142103e-06,7.043821,17.88358,119.20204,0.00045716332,-0.0025462904,0.84019923,1.0,-1.0,-2.8499679075900626,0.8727227727552829,-1.8827675268287234,-7.349995323212953,-284.9967907590062,43.252503799686025,-199.30322992300415,-353.0389075198249,-0.09548821,0.77807397,1.0,-1.0,10,-2.7948019428359734,1.1696492863634127,-1.6128879374581464,-8.393040178302464,-279.48019428359737,61.20770265892957,-208.84738895088512,-406.315523967773,-0.042026098789662514,0.6478124838148449,1.0,-1.0,0.1108612138578891,0.035634840990281524,0.18157791764988845,0.02983820218654963,0.11607108652815876,0.03547596628512919,0.18157791764988845,0.05005999629816936,0.17439268866527724,0.08239817942176121,0.33722846182446975,0.016370999560748497,0.17881225138002046,0.08313533462035047,0.3372052171896617,0.0741520236694387,0.11735492114817145,0.03904551649952182,0.2034622721630958,0.05695108515411166,0.12284510920483668,0.03584121083525959,0.19181990133367402,0.07896947234588732,0.0,0.0,0.0,0.0,0.0,0.0,0.0,0.0,18.752291428771127,3.0779969702835226,25.89794212639608,9.427481974436017,19.15520372388539,3.066923381168317,24.751861665369262,14.264687419973228,-0.9990909090909091,0.030137426280455955,0.0,-1.0,-1.0,0.0,-1.0,-1.0,4399.720956839772,3386.653350523694,25871.973403524116,1753.6134216544283,3490.175015229797,1323.9606653150502,6528.109660090075,1796.7329007340866,0.0,0.0,0,0,0.0,0.0,0,0,2.8499679075900626,0.8727227727552829,7.349995323212952,1.8827675268287234,2.6074244126695545,0.48659187261770276,3.6246276956188623,1.9058946347136525,-284.9967907590062,508004,131000,1310,24.31900859092275,15.384925562000717,12.365358053997625,52.06929220692109,7152.051219634435,130
8.04875,5.6065226,192.853,-194.26733,139.1813,-5.1242304,-511.44186,-194.48929,138.97134,-5.929216,-515.22345,-193.80728,138.91148,-5.9331803,-515.55505,8.04875,28.925959,260.3543,3.1532581e-06,5.6065226,13.902184,97.49513,1.5716658e-05,-0.033784468,0.84833944,1.0,-1.0,-2.636994407771642,0.8919635444122732,-1.0718010000633023,-6.934266495584209,-263.6994407771642,51.20130392562799,-154.08359418935103,-337.2907749207707,-0.091497,0.6770483,1.0,-1.0,10,-3.0200698245914244,1.1149570824042525,-0.9542379136276852,-6.963679275258761,-302.0069824591425,83.31071971279623,-165.1594684983286,-459.66120113530934,-0.00843530514146724,0.6388255713655561,1.0,-1.0,0.11816842545252976,0.032574306792198596,0.16156649906224166,0.029905684320906473,0.12193515866046055,0.031423423105237075,0.16153096762266608,0.08051049986451052,0.14181517567090363,0.06977238451676271,0.29594891718672156,0.013806921602828008,0.14357944911800485,0.07117811450336876,0.2959241837056413,0.013826756559561722,0.13168305920270001,0.044752005197346366,0.206144144921286,0.056760498014120656,0.13965801167054528,0.041728166774180515,0.19257650339915855,0.0791511001461283,0.0009090909090909091,0.030137426280455955,1.0,0.0,0.0,0.0,0.0,0.0,18.050493733856705,2.856126185860246,24.992669436598597,9.251765836208948,18.417228513928038,2.8214903212997298,22.859634874039315,13.345398232321086,-0.9990909090909091,0.030137426280455955,0.0,-1.0,-1.0,0.0,-1.0,-1.0,3835.502509056346,2929.3502189682827,23593.492758585788,568.9380008868886,3037.0971570983866,1325.2148523944736,4770.21922578119,643.1623143027584,0.0,0.0,0,0,0.0,0.0,0,0,2.636994407771642,0.8919635444122732,6.934266495584209,1.0718010000633023,2.400858232008455,0.6014111311228957,3.1077399866822057,1.1395634297716217,-263.6994407771642,512004,132000,1320,31.206321410099918,16.413882748995093,14.022794598975452,61.64299875807046,7215.647911192507,131
16.190304,12.770958,196.81686,-198.02432,140.40382,-8.403113,-540.4882,-197.44075,140.06424,-8.092323,-538.0653,-197.6691,139.424,-8.991551,-540.44464,16.190302,94.74039,1044.6322,1.3096724e-10,12.770957,54.800156,553.5833,0.00013519172,-0.13030834,0.8306353,1.0,-1.0,-2.7570339295436823,0.9318165360008117,-0.985323473670249,-7.363528257584954,-275.7033929543682,66.23019319496501,-127.58138653391659,-367.0734584692126,-0.074289106,0.66965306,1.0,-1.0,10,-2.473397288882152,1.045585394061523,-1.2990353159086436,-7.321535046289506,-247.33972888821518,72.04370366421173,-155.16470595495804,-367.84820517556665,-0.13079886235492874,0.6420060547676844,1.0,-1.0,0.10117179016801976,0.03362494625470697,0.15293770899785036,0.030279745768556375,0.10268211714440222,0.03112216324104992,0.13943919778029687,0.050331757570079266,0.15567793460648344,0.08760323002679178,0.34491800262703626,0.022569701849657578,0.1589111706100428,0.09004690140617341,0.3448835028974135,0.05590675853304664,0.1205972400379169,0.03568093901965306,0.19806426849905884,0.056674491265625224,0.1257671996794837,0.03558910253833392,0.19806426849905884,0.0800335481107133,0.0009090909090909091,0.03013742628045596,1.0,0.0,0.0,0.0,0.0,0.0,18.699504268910932,3.802931598006008,24.68423826266931,7.242912191159213,18.819144534970473,3.8386514271873553,24.38916916321928,12.547824085209212,-0.9954545454545455,0.06726658448613064,0.0,-1.0,-1.0,0.0,-1.0,-1.0,4196.623980719434,3132.2435723757862,26489.594709419507,482.82814134752425,3483.1944626617696,1471.9217134046369,5444.36203352612,574.5239617476956,0.0,0.0,0,0,0.0,0.0,0,0,2.7570339295436823,0.9318165360008117,7.363528257584953,0.985323473670249,2.5678777958053534,0.6493185386730463,3.3146974280690653,1.0751575679037992,-275.7033929543682,516004,133000,1330,23.53817125417845,18.373760046000825,12.3186910321092,54.230622332288476,7267.610998029799,132
17.773907,13.831773,189.1238,-190.38646,127.75019,-11.240529,-427.26276,-189.54465,127.90751,-10.209519,-425.2,-191.07047,128.82678,-11.288399,-431.2703,17.773907,69.48842,540.2943,8.95001e-07,13.831773,46.782005,385.49405,0.00028493558,-0.10798036,0.8244488,1.0,-1.0,-2.131674566063261,1.0399317520911133,-0.6357783039816952,-6.528265248189764,-213.1674566063261,54.595403386485465,-118.42684765222205,-272.84375467804887,-0.04498984,0.60272545,1.0,-1.0,10,-2.5231052015901776,0.8411267027831081,-1.359715995507966,-7.625864253974515,-252.3105201590178,39.001025225587505,-192.93797751624868,-318.4649417723585,-0.07557653296174689,0.5907383232544735,1.0,-1.0,0.09031192917382702,0.03735591974098035,0.179811244040237,0.028840139528557757,0.09210555048050538,0.037874938329197146,0.17958713993952377,0.035911192189114774,0.1413414119174869,0.09813673035541497,0.32559134195920303,0.02043125238348042,0.1444911508490543,0.10097586936634287,0.32557107103152677,0.020446956441181514,0.13527963017831832,0.04120919849787283,0.20138433973371794,0.05686255337841804,0.14281052724401677,0.03633376459657158,0.19114499684476147,0.07853544895728719,0.0018181818181818182,0.04260136186858175,1.0,0.0,0.0,0.0,0.0,0.0,15.92370486624271,3.9717405637343517,25.278556088587724,7.799935921818045,15.98558092897768,4.09029973400204,22.89627850539004,10.29009519917075,-0.9372727272727273,0.24247177564300357,0.0,-1.0,-1.0,0.0,-1.0,-1.0,2782.074326595937,3149.532660729197,20544.939813515884,200.55966453858122,1826.5818287727632,1022.6502234362412,3474.2008883122053,235.48649978977335,0.0,0.0,0,0,0.0,0.0,0,0,2.131674566063261,1.0399317520911133,6.528265248189765,0.6357783039816952,1.8195840850058993,0.6072584086226505,2.649200599085602,0.6886802310268394,-213.1674566063261,520004,134000,1340,23.69794408394955,16.10779571799503,12.407052920963906,52.21279272290849,7319.253426435709,133
7.080191,4.8869276,185.20618,-186.17868,135.30821,-10.415594,-478.101,-186.34695,135.40987,-10.29134,-481.31882,-186.63118,136.01141,-9.525901,-482.32474,7.0801916,15.858458,112.788185,0.00010766089,4.8869276,9.855035,71.19308,0.000120699406,-0.049694885,0.8278401,1.0,-1.0,-2.5752287116604995,0.8207794037302203,-1.57877792015979,-6.220011524239886,-257.5228711660499,49.40522024878836,-182.4918351640282,-339.1953820908446,-0.06835513,0.620002,1.0,-1.0,10,-2.7868192458964494,0.8346224292831955,-1.0922128657741386,-7.005045193421126,-278.6819245896449,54.43902298111679,-147.93057696934346,-338.84364741946297,-0.12573816933931944,0.6232842484234936,1.0,-1.0,0.10307826121035342,0.03812208963077187,0.17419523283769436,0.030230933245124308,0.10407096536540324,0.03975113826054294,0.17419523283769436,0.04660217782826206,0.13059659576013052,0.05119817743853829,0.20579211617826532,0.020762930349911415,0.1311951919272837,0.05075132584819855,0.20576823871967456,0.04705213113186441,0.11958555790404334,0.03391774810753141,0.1798385470253267,0.056836066975080965,0.12974964854930465,0.028999165277117687,0.1765985638601332,0.07314445155666983,0.0,0.0,0.0,0.0,0.0,0.0,0.0,0.0,17.758789777028618,2.7155559534481597,22.52876328014297,8.024863324228582,18.116740200837775,2.697830521508993,22.52876328014297,14.014854534939877,-0.9990909090909091,0.030137426280455955,0.0,-1.0,-1.0,0.0,-1.0,-1.0,3615.0586429520417,2641.192710853733,18926.98346361669,1238.349076204428,3209.8225810550557,1760.6040439324731,6325.313917967317,1389.8375511868785,0.0,0.0,0,0,0.0,0.0,0,0,2.5752287116604995,0.8207794037302204,6.220011524239886,1.57877792015979,2.4556975704808184,0.6701322305045766,3.5684171524897046,1.6719797332076731,-257.5228711660499,524004,135000,1350,24.911481289855146,15.53777217300376,12.746521025059337,53.19577448791824,7372.079648935622,134
39.04545,38.76564,195.12732,-195.86201,135.02136,-9.153447,-458.80664,-195.94101,135.2635,-8.769131,-459.18326,-195.7912,134.4705,-8.850631,-458.0685,39.04545,256.03497,2373.8586,9.313226e-06,38.765636,275.184,2637.1177,7.3562987e-06,-0.09642875,0.8180925,1.0,-1.0,-2.662002808276291,0.9473593874262779,-1.2481004862617655,-6.738212541896349,-266.2002808276292,59.61804614547204,-158.94034332944,-368.3537091958373,-0.06878099,0.74992496,1.0,-1.0,10,-2.8766312258757103,1.1621122071900725,-1.3838641450297375,-7.644433038412183,-287.66312258757097,84.05989772664664,-169.717238209551,-434.94720056448153,-0.06978164212256834,0.5611736739867677,1.0,-1.0,0.0951466958482145,0.035147464931130246,0.15623578096931906,0.030313271671937696,0.09450256673339318,0.032289328606913685,0.14157259858893548,0.038456385171937266,0.11747499065454037,0.06906075682679849,0.266456460492427,0.00584502948396361,0.12051316497974095,0.07026466620199272,0.2664339739289172,0.010082802648077017,0.11833268694196823,0.038776062754892246,0.19454538755434678,0.056894937634388056,0.12171992460851101,0.03793938825171032,0.18079861286609755,0.06924582653387082,0.0009090909090909091,0.03013742628045596,1.0,0.0,0.0,0.0,0.0,0.0,17.07895856195771,3.4909393702316596,25.828886844327425,9.448303257637804,16.916651261085764,3.3505607314397423,23.959239705035884,11.691561509670548,-0.9981818181818182,0.042601361868581746,0.0,-1.0,-1.0,0.0,-1.0,-1.0,3949.091608474035,3007.68429155389,22215.14787545181,773.3791761551189,3342.190409006181,1863.8562848498202,7606.518610840463,823.1660520503024,0.0,0.0,0,0,0.0,0.0,0,0,2.6620028082762914,0.9473593874262778,6.738212541896349,1.2481004862617655,2.488330410228885,0.7425064497566868,3.914730445094856,1.2877217228735265,-266.2002808276292,528004,136000,1360,25.806127667929104,15.176935325005616,12.768068714147375,53.751131707082095,7425.8749901286865,135
11.1685295,7.608816,192.6095,-193.5549,141.03963,-8.46201,-517.67285,-193.4454,141.14642,-7.330675,-518.6062,-193.8793,141.47476,-7.7140493,-515.04004,11.1685295,56.180733,566.9,0.00019878522,7.608816,34.86732,343.80774,2.3283064e-06,-0.04974762,0.82554305,1.0,-1.0,-2.5871458809861925,1.0775332244350808,-0.9227232693129092,-8.04032215313939,-258.7145880986193,71.85969742656695,-135.26074779459017,-405.4304195816387,-0.09078395,0.75499576,1.0,-1.0,10,-2.877891864384085,1.2604999982904623,-1.5514548958324528,-8.649430365296503,-287.7891864384086,103.20068899571021,-185.7048173453099,-572.3231942656498,-0.11480103559076243,0.6149450217341778,1.0,-1.0,0.09434127875658517,0.036265914226963215,0.15539099396869255,0.028807140684764466,0.09744274065544496,0.03602090006194425,0.14910345354717355,0.03541073124198125,0.12653979221862482,0.05815519765092656,0.2539390125030513,0.03127963194101046,0.12608873992793804,0.059735878870380725,0.25391454456952406,0.03129595356289545,0.11669056520023996,0.03899696992533575,0.18731443349297608,0.05675810176165772,0.12415520168776926,0.03786937730790766,0.18503335616287664,0.06961178826145178,0.0,0.0,0.0,0.0,0.0,0.0,0.0,0.0,17.55710397614743,3.697400611103185,24.89992642608821,10.219597309371123,17.814719709234257,3.6426150138625055,23.550047813506758,10.938934340508643,-1.0,0.0,-1.0,-1.0,-1.0,0.0,-1.0,-1.0,3883.4997926150077,3653.3789908304498,31391.405713011893,424.3249919358567,3079.927968356635,1718.5294289950107,6723.4864325896915,516.2438227677749,0.0,0.0,0,0,0.0,0.0,0,0,2.5871458809861925,1.0775332244350808,8.040322153139389,0.9227232693129092,2.378294758991114,0.7499154471067682,3.678543194152071,1.0180383143219713,-258.7145880986193,532004,137000,1370,26.80332248886407,15.233233423998172,13.18109025501326,55.2176461678755,7483.391568355546,136
6.9276505,4.8424387,200.0925,-200.7944,145.0588,-7.327265,-539.67267,-201.42014,145.45984,-7.78733,-543.0932,-201.31256,145.25198,-8.162509,-541.43555,6.9276514,17.828487,122.910866,1.3184181e-06,4.8424387,9.631414,51.38809,9.313226e-08,-0.058179777,0.82662296,1.0,-1.0,-2.9075501862289657,1.1238679843626653,-1.492023249040641,-8.895787243739774,-290.7550186228966,81.57788709253929,-174.80771837319304,-429.4006415176217,0.016396282,0.58863765,1.0,-1.0,10,-2.502954707488705,0.866622784817115,-1.4036670684287917,-6.426228398471475,-250.2954707488705,47.80050987944917,-182.5553957899275,-324.2569865481574,-0.04979922152024128,0.5927107950784405,1.0,-1.0,0.10281651947963709,0.03469336484591414,0.19098485278885555,0.029629812352914134,0.09894010604026171,0.037320483706093616,0.1798927852149952,0.048875645374050106,0.16832953562626315,0.06074712315524185,0.28532980929850205,0.06547235246994429,0.1725397548244863,0.061842899871667134,0.28530373942000037,0.06547235246994429,0.10467140042614702,0.03951705816068017,0.1917295155826597,0.05703719443047243,0.1080286486291045,0.04153121947856565,0.1917295155826597,0.06358056429187554,0.0,0.0,0.0,0.0,0.0,0.0,0.0,0.0,20.370808489556804,3.794683905087037,25.762218520814287,10.901067815029938,19.885049259793725,4.154902544303726,24.639365483124678,11.917550922580975,-1.0,0.0,-1.0,-1.0,-1.0,0.0,-1.0,-1.0,4811.633980128486,4390.236002837336,38462.59585517546,1110.6189095923446,3428.0948722448693,1994.5561406299857,7058.640989126474,1510.972908117756,0.0,0.0,0,0,0.0,0.0,0,0,2.9075501862289657,1.1238679843626653,8.895787243739774,1.4920232490406413,2.5219854329755766,0.737592983703091,3.7777791408076555,1.744996191448632,-290.7550186228966,536004,138000,1380,25.563834075059276,17.50384390099498,12.61447803214105,55.68215600819531,7535.801645215746,137
7.2735624,8.655287,186.30484,-187.51959,133.99252,-7.1987247,-477.50314,-187.03563,133.91586,-6.575607,-475.71783,-187.54752,134.32271,-7.338031,-477.272,7.273562,25.350882,245.2185,8.95001e-07,8.655287,31.23768,307.15964,0.0022559457,-0.17961031,0.82809496,1.0,-1.0,-2.578565825382764,0.991105427872208,-1.197732478078146,-8.394904688984461,-257.8565825382764,49.80524076264748,-161.52817640775586,-341.7156085779778,-0.16215867,0.78370965,1.0,-1.0,10,-2.472017749733032,0.929757682911313,-0.9874576140193946,-6.469988753790849,-247.2017749733032,34.24840593132261,-193.1113594806866,-306.19621393742733,-0.12660455042555757,0.634466808529124,1.0,-1.0,0.10320070331072999,0.028443955605894182,0.15726976690378255,0.029221630576451118,0.10672808813685615,0.02840277954524633,0.15726976690378255,0.05605541401259375,0.11993952105559866,0.06408650942157496,0.21761305813938053,0.018574620931482284,0.12149834817502851,0.06595136886267386,0.2176001266197272,0.027101381430036438,0.10924457152305221,0.03280985890108597,0.16830331207422553,0.0566926216827732,0.11157047227518535,0.033580562801630735,0.16830331207422553,0.06651750877095042,0.0018181818181818182,0.042601361868581746,1.0,0.0,0.0,0.0,0.0,0.0,18.419479487592014,2.602340982033646,22.597382747472228,8.789858194203262,18.585303804304885,2.8597174113133628,22.52970289407284,12.932301175237276,-0.9990909090909091,0.030137426280455955,0.0,-1.0,-1.0,0.0,-1.0,-1.0,3775.630679708216,3685.687070445755,34382.84282271395,708.0089184302385,2928.9288099357864,1332.7014043018964,5758.91550325197,740.1763511720485,0.0,0.0,0,0,0.0,0.0,0,0,2.578565825382764,0.991105427872208,8.39490468898446,1.197732478078146,2.3589711905143247,0.585433074193808,3.4126298428048014,1.2250526889744915,-257.8565825382764,540004,139000,1390,24.502275656959682,14.259141510003246,12.466131351029617,51.227548517992545,7587.123598325736,138
5.096636,5.7519264,195.06535,-196.19916,140.2463,-5.6625094,-513.2154,-196.09515,140.22186,-5.5756874,-506.02536,-196.12968,140.25565,-5.985178,-515.7113,5.096636,11.876943,75.79964,0.00018030405,5.7519264,17.130163,161.92422,9.1897804e-05,-0.1195079,0.8507401,1.0,-1.0,-2.863359525049791,0.9824967687095804,-1.23250158363796,-7.928985456470148,-286.33595250497916,56.2905712675488,-168.69424175835437,-374.0131375499944,-0.011049432,0.73240393,1.0,-1.0,10,-3.0829904606872005,0.8659341039367678,-1.9038698383340311,-7.457674574776145,-308.29904606872003,57.025711395263734,-231.306753644558,-427.2686132276189,-0.03126850305005142,0.6863968328170994,1.0,-1.0,0.09447222767202723,0.039636756544523706,0.1614800166533509,0.028882404150822414,0.09577555052113036,0.04012392675552473,0.1614800166533509,0.037169763997265744,0.13946442001914233,0.06252657962631439,0.2820354548513554,0.012953161664144194,0.1419163478974617,0.06275712118964488,0.28200611188894215,0.08007597821956193,0.11208227345165467,0.0323180065088991,0.20045418574191295,0.05783384191285155,0.11511973323830717,0.03274935548954001,0.19992289140480005,0.0835932976731669,0.0009090909090909091,0.030137426280455955,1.0,0.0,0.0,0.0,0.0,0.0,18.604700295445166,5.1236974015334456,25.992645279233745,8.89393954934596,18.518928334064334,5.39434281492554,25.117235306049395,9.694039913388448,-0.9727272727272728,0.16287702606517196,0.0,-1.0,-0.9090909090909091,0.28747978728803447,0.0,-1.0,4536.712176673752,3681.21211443407,30773.805482888492,753.2834065659466,3632.9050151739298,1484.486695661551,6265.062159608693,822.5385401787188,0.0,0.0,0,0,0.0,0.0,0,0,2.863359525049791,0.9824967687095804,7.928985456470148,1.23250158363796,2.6380498586826695,0.6037003563451417,3.5459003124050024,1.2876076434326533,-286.33595250497916,544004,140000,1400,22.348576422969927,14.358206463999522,12.228117509956064,48.934900396925514,7641.2221671106745,139
10.938569,9.44586,195.39801,-196.56564,146.22197,-8.31697,-527.4711,-196.6893,146.03699,-7.8804903,-536.00507,-196.64587,146.17757,-8.269196,-530.26544,10.93857,28.493397,182.41896,5.9977756e-06,9.44586,24.359737,160.84181,9.4809457e-07,-0.054182395,0.8414915,1.0,-1.0,-2.665567484640755,1.00028974499418,-1.269063663208761,-7.625914621961328,-266.5567484640755,65.61989015323934,-166.8641361269786,-386.8997164674047,-0.03804238,0.8165674,1.0,-1.0,10,-2.9707755909535147,0.8870129351034528,-1.5851892565703767,-6.709436776716855,-297.07755909535143,38.80927743345492,-237.02786529534774,-343.77596593139845,-0.048110882729924094,0.6209552535878318,1.0,-1.0,0.10988164483201134,0.0363722506777131,0.1698624784393017,0.029097058067611932,0.11420901997247465,0.03704187677964801,0.1698624784393017,0.05291268986975055,0.12618268381413086,0.06793107353682011,0.23026940617472305,0.01578548752836591,0.1285280556133125,0.06930673349165796,0.23024110315263693,0.026441960964193666,0.131430368384146,0.04271596621134929,0.20686452714005044,0.05759659276929838,0.13937591487454756,0.038620593700200795,0.20441756497014757,0.08089041079984013,0.0,0.0,0.0,0.0,0.0,0.0,0.0,0.0,20.285202251275994,3.0684724724148706,25.986943162237058,9.834127585072157,20.73147052616454,2.937529886526296,25.562258318960087,14.80520238583403,-0.9990909090909091,0.030137426280455955,0.0,-1.0,-1.0,0.0,-1.0,-1.0,4006.90147962843,3485.7828359674163,28080.911735886086,800.9115736581299,3186.0545030651424,1620.7859827452385,6124.113910189206,805.5987394624035,0.0,0.0,0,0,0.0,0.0,0,0,2.665567484640755,1.00028974499418,7.625914621961327,1.269063663208761,2.450684549254587,0.6545722716732191,3.5221034518672405,1.2728950424530747,-266.5567484640755,548004,141000,1410,28.075156808852626,19.517077110001992,13.238873610935116,60.83110752978973,7696.610710849462,140
4.641591,4.589258,187.27469,-188.57333,137.68541,-2.6264067,-454.51965,-189.04697,137.82169,-2.96976,-458.62842,-188.46838,137.69833,-3.21771,-454.5293,4.641591,11.768581,74.482254,1.4320016e-05,4.589258,9.70024,57.355385,2.7793052e-05,-0.15762876,0.81848055,1.0,-1.0,-2.7663829931394477,1.1106560224768127,-0.7067634812947828,-7.481026330450525,-276.63829931394474,68.673746819229,-111.28239692745954,-375.02689000620524,-0.098884255,0.72906905,1.0,-1.0,10,-3.097661653653885,1.2114097158907084,-1.2508600753880874,-7.648602155822679,-309.7661653653885,98.39743968526825,-192.14738698777117,-523.7364365995287,0.03736120574427583,0.5908242183649369,1.0,-1.0,0.09764856188584291,0.02846102983109637,0.15560499120625834,0.028997069229640654,0.10301942250813688,0.027612763674913988,0.1522292214251164,0.052039981596375406,0.1231625989134191,0.05690777755539007,0.22242974552745265,0.007177436519022978,0.12410407462311315,0.057791361364290604,0.2224122034461399,0.02251009396066729,0.1141628181289669,0.039570239076723926,0.1947426511879092,0.05712181578726785,0.1198819549614205,0.039393914969716684,0.1947426511879092,0.0753684721829562,0.0018181818181818182,0.042601361868581746,1.0,0.0,0.0,0.0,0.0,0.0,17.940156358789224,4.376773810895957,26.510518612016007,8.09080814693985,18.63857820029707,4.379389523240089,26.510518612016007,12.382166486727455,-0.9818181818181818,0.133608531424537,0.0,-1.0,-1.0,0.0,-1.0,-1.0,4397.843795124499,3893.6804424448896,27472.387699943305,249.11170316829512,3428.4182700944275,1616.172783949627,5690.019082186687,321.17698644582697,0.0,0.0,0,0,0.0,0.0,0,0,2.7663829931394477,1.1106560224768127,7.481026330450525,0.7067634812947828,2.514857305921772,0.7646810592700394,3.3850097956487737,0.80240713599486,-276.63829931394474,552004,142000,1420,24.79539773384022,14.05396444699727,12.157250339936581,51.00661252077407,7749.253929389226,141
4.8076706,5.980875,194.90077,-195.47165,139.23602,-3.1620286,-509.1909,-195.155,139.48564,-2.7093396,-509.94687,-196.04335,139.38669,-3.452482,-508.50363,4.807671,12.092787,87.839134,0.00033807592,5.9808755,14.99469,106.7124,2.444163e-05,-0.052027985,0.8238832,1.0,-1.0,-2.9623478478418703,1.078012151572364,-1.4434209087966812,-8.790633378750165,-296.23478478418707,74.39354002731154,-190.24503334799041,-417.4971333119488,-0.07134736,0.8315848,1.0,-1.0,10,-2.860670672873093,1.441634661440427,-0.7696341379517926,-7.761750269255536,-286.06706728730927,88.92420883237445,-139.08350400498344,-449.23334910908926,-0.056054395536648184,0.6153146843508962,1.0,-1.0,0.09432793697030761,0.027394103435992072,0.1568167787553859,0.027600607637436818,0.09770636792056475,0.025126606871979172,0.13047475041181963,0.05614494312067417,0.1558755470982459,0.06261607428629451,0.24861435325252992,0.02772485328485504,0.15935887982971111,0.06215072792434214,0.24858453893123247,0.04019121039570401,0.11496788566975305,0.03748982947386804,0.2067701057042423,0.057286704383025265,0.12281492487418699,0.03450715347938823,0.1908684949527518,0.06769622960723358,0.0,0.0,0.0,0.0,0.0,0.0,0.0,0.0,18.32959005345558,3.312999857898488,25.88943842408808,8.765039253211715,18.560546054059387,3.43146407028927,24.90637262137826,12.89166345137962,-0.9990909090909091,0.030137426280455955,0.0,-1.0,-1.0,0.0,-1.0,-1.0,4917.131675317478,4014.70878290863,37918.37378273071,1037.0958657182025,3926.464737558163,1918.2176512526091,7167.112365795074,1047.870318993459,0.0,0.0,0,0,0.0,0.0,0,0,2.9623478478418703,1.078012151572364,8.790633378750163,1.443420908796681,2.7183316136833646,0.7309815499408063,3.8015364740993043,1.4508761129399494,-296.23478478418707,556004,143000,1430,24.824669913075923,15.696603686999879,12.492340285898536,53.01361388597434,7801.321827102205,142
6.6888394,6.61722,192.25005,-193.84174,142.18375,-3.7245579,-482.5109,-193.22125,142.09155,-3.1100078,-480.38934,-193.57263,142.19823,-4.3887863,-485.20242,6.68884,16.418966,129.70602,1.2748875e-05,6.61722,16.110147,100.11539,5.7390425e-06,-0.15962236,0.84822,1.0,-1.0,-2.572715251809913,0.8445396808018546,-1.6495176842834565,-6.530923640781768,-257.2715251809913,53.31782787716495,-168.96095994025941,-353.7987160262337,-0.16329609,0.7307691,1.0,-1.0,10,-2.78656708376654,0.7957602290310488,-1.5594085214825533,-6.268567794657774,-278.6567083766541,44.44058147362367,-205.85149678296628,-377.5536460281964,-0.1580574183255021,0.6902942151945484,1.0,-1.0,0.10301320623507668,0.035760955818672856,0.17200694083372695,0.029021612510846968,0.10560560606305511,0.03209178556079151,0.1699645184305441,0.060369813401086714,0.12659778162920843,0.036535156443451094,0.18056713469697963,0.06789324177519228,0.13190789694341426,0.03372219764606351,0.1805652672637121,0.06792235483121531,0.12829056708492959,0.0419286920833982,0.20790625794561077,0.05772527710142319,0.13976035731340242,0.035112297286573224,0.19344092990519643,0.07457358459574763,0.0,0.0,0.0,0.0,0.0,0.0,0.0,0.0,18.451874201905653,2.554393163833794,23.83471568248181,9.895312075751276,18.763363693241228,2.183808104845221,21.804354982291304,13.788278235004183,-0.9990909090909091,0.030137426280455955,0.0,-1.0,-1.0,0.0,-1.0,-1.0,3629.65237265095,2725.258984174942,20883.10018172359,1344.6889214129596,2812.939078256804,1135.8775102031732,4710.438689056867,1357.7448684091273,0.0,0.0,0,0,0.0,0.0,0,0,2.572715251809913,0.8445396808018546,6.530923640781768,1.6495176842834567,2.330570795667792,0.4879598395543399,3.0802589137423477,1.6569800509559218,-257.2715251809913,560004,144000,1440,26.99732789691916,14.761746463002055,13.321727870890754,55.08080223081197,7857.014698453007,143
6.7196183,9.704628,190.78656,-192.21445,135.86581,-5.2253313,-519.5729,-192.53482,135.81076,-6.168589,-513.5924,-192.2503,135.56204,-5.5113597,-520.1763,6.719618,16.71894,117.26482,3.8595317e-06,9.704629,31.350277,299.7121,0.00086727086,-0.06867116,0.8585124,1.0,-1.0,-2.563360972806109,0.9600397284555157,-1.4276512705604767,-7.02799122005821,-256.33609728061083,54.78797442625312,-166.75450170088243,-372.1030795618607,-0.04419307,0.7191476,1.0,-1.0,10,-2.769810870241496,1.0928054288062832,-1.5017425021923434,-7.9551390796217545,-276.9810870241496,83.03885407245969,-158.9569119214072,-478.6808858483396,-0.20208643700706683,0.7085752701268437,1.0,-1.0,0.08198155010697336,0.027112878794097624,0.1327649405439379,0.028395784547609472,0.08668336948597467,0.02481571020794104,0.12794979911675153,0.043609041680200356,0.10810618397685459,0.054853533350722926,0.21934165673248895,0.016356553184290926,0.10829246184008326,0.057247765964376196,0.21931136237682364,0.025331330158245544,0.10749145098959181,0.035517942386716995,0.18402638470028926,0.056825224229821,0.11473987217399952,0.03421201089572601,0.17716416789542372,0.06991555811425748,0.0018181818181818182,0.042601361868581746,1.0,0.0,0.0,0.0,0.0,0.0,18.032671729294876,3.6291378692385576,24.38906228399642,7.252780823993786,18.198789795453084,3.587746058247857,23.603070978813566,11.145939033551127,-0.9790909090909091,0.1430800504139074,0.0,-1.0,-1.0,0.0,-1.0,-1.0,3710.482485906121,3347.232837060973,24244.582192228947,1009.1067051585605,2818.4896755631194,1357.9430722642937,5833.769858762062,1035.2203250395467,0.0,0.0,0,0,0.0,0.0,0,0,2.5633609728061084,0.9600397284555157,7.027991220058211,1.427651270560477,2.317914814138799,0.5518918055169767,3.42474346244735,1.4465855095112574,-256.33609728061083,564004,145000,1450,24.020331782929134,15.36229773699597,12.400530497150612,51.783160017075716,7907.26530092708,144
4.086491,3.4136229,187.59839,-188.66684,138.21014,-5.6606717,-463.04764,-188.8626,138.15717,-5.486347,-461.06485,-188.37196,138.20409,-5.328565,-464.41925,4.086491,11.091062,98.70963,3.882047e-06,3.4136229,8.205183,53.521317,2.0792359e-06,-0.06839312,0.8321069,1.0,-1.0,-2.6558611978009488,1.0697686613155726,-1.6771368827169153,-7.557969506867437,-265.586119780095,85.92236183482186,-192.4407497857152,-440.52742291257147,0.0060605733,0.72565824,1.0,-1.0,10,-2.6766340449927104,1.1698172890595715,-1.213608031743343,-8.216131588110748,-267.663404499271,82.70904924434446,-157.95166056674466,-426.5927078736624,-0.09590209332221779,0.6329236778886045,1.0,-1.0,0.08796665130630114,0.031025776230048895,0.1467631118432135,0.02900804563590501,0.09097782437705808,0.031738443076513766,0.143756225886291,0.04433600281255107,0.15097858482717688,0.06562034276566134,0.30330899508339837,0.036372491382230816,0.15176842195493015,0.06709145193491214,0.3032795967819129,0.05109166225854694,0.10370402211533812,0.029718988650517333,0.17079329094645512,0.057498106637216134,0.10573206470446671,0.02873064308987732,0.15715792853794375,0.06281727769097022,0.0,0.0,0.0,0.0,0.0,0.0,0.0,0.0,18.276718589658834,3.9952447737624572,24.522814429177455,9.353163971531478,18.514887093755153,4.0160262614587205,24.522814429177455,11.65504842491034,-0.9963636363636363,0.06019252857180673,0.0,-1.0,-1.0,0.0,-1.0,-1.0,4056.6524066175825,3875.774396874749,27846.879953831733,1396.4651345511747,3390.5625297095467,2589.792668594669,9746.155211877613,1522.3456544053038,0.0,0.0,0,0,0.0,0.0,0,0,2.6558611978009488,1.0697686613155726,7.557969506867437,1.6771368827169153,2.478152930882943,0.8394763810225309,4.43069314330695,1.7531507604515955,-265.586119780095,568004,146000,1460,24.48190690393676,13.816708696002024,12.202283454178541,50.500899054117326,7958.364549856182,145
4.528026,5.9898944,191.98517,-193.61351,142.0051,-2.7956555,-436.3237,-193.95529,142.17209,-3.002863,-439.23785,-193.42499,142.04172,-2.7075825,-435.32596,4.528026,13.958588,134.42282,5.0343806e-07,5.989894,16.100168,118.47048,7.043127e-07,-0.10199122,0.84091026,1.0,-1.0,-2.8207369305088674,1.1132246504814403,-1.0893282083844955,-7.253389567479586,-282.07369305088673,75.9013741478638,-164.43916613272876,-391.44719453899495,-0.122459136,0.805727,1.0,-1.0,10,-2.7559459424070756,1.212953614733439,-1.0844495907549243,-7.128267334808505,-275.5945942407075,98.41139503610367,-132.16909110028195,-459.7229670686869,-0.02614096841311622,0.6307804684825238,1.0,-1.0,0.09908880714401835,0.042717921326166815,0.18293627957846106,0.027606211832307652,0.10978962993182216,0.04118830742218536,0.1713087513782062,0.037666389528462255,0.15132231565048432,0.05213316403551907,0.2367298700903341,0.027156464909349615,0.1573368968965424,0.05190501839676919,0.23670068176441936,0.07273804935162448,0.13377901057931813,0.047773254135977515,0.21411612855178613,0.056980103852769776,0.15379379751024766,0.03872162066693302,0.2120592113458394,0.09162666725894925,0.0,0.0,0.0,0.0,0.0,0.0,0.0,0.0,18.018394160340765,3.5056579104893317,25.523869161291092,8.758516040376195,18.67915443708754,3.2373391755380623,23.564714040049626,13.462093391352946,-0.9990909090909091,0.030137426280455955,0.0,-1.0,-1.0,0.0,-1.0,-1.0,4548.06665725615,3574.9174429060713,25617.236706523894,588.6024205666326,3435.040425547566,2010.9008249310834,6807.9213147801975,718.4136244676688,0.0,0.0,0,0,0.0,0.0,0,0,2.8207369305088674,1.1132246504814403,7.253389567479586,1.0893282083844955,2.4987084823775896,0.8308071499429118,3.7127860386239995,1.2034968838437152,-282.07369305088673,572004,147000,1470,25.52124320591247,14.414637995003432,12.746276400968782,52.68215760188468,8009.375745674071,146
23.044128,23.320107,194.29503,-194.84586,143.98232,-1.7671547,-486.1281,-194.93535,144.02629,-2.3314164,-483.675,-196.27243,145.03416,-1.9189543,-484.0722,23.044128,128.02406,1187.6108,0.00075060414,23.320107,126.35327,1030.0538,0.00015569736,-0.02454349,0.83528906,1.0,-1.0,-3.174166836369475,1.080065218973014,-1.4759377202412352,-8.319808262840661,-317.4166836369475,77.75387358553004,-201.24039306263572,-448.5562040546708,-0.0658187,0.71908706,1.0,-1.0,10,-2.8175781135793745,1.162564327311677,-0.7631232273530278,-7.824722075598012,-281.7578113579375,70.70372045924978,-169.4530777688217,-382.76943329000574,-0.03936427658288214,0.6743334962897307,1.0,-1.0,0.09302803609574617,0.03445324747525671,0.16546862948075763,0.028663797760691886,0.0957586434297712,0.03233065614260942,0.15711797192409538,0.05763285173893271,0.1502243822519551,0.06414301364687527,0.3104487728458739,0.06825153884129691,0.15227968676662315,0.06580076244252163,0.31041505928663227,0.07580361119050624,0.09864668745702705,0.02005240791465898,0.13722420659129375,0.05728452807409654,0.10072333740131013,0.01881254738185216,0.13117365448159943,0.06612858215155476,0.0,0.0,0.0,0.0,0.0,0.0,0.0,0.0,18.560859367377734,3.1704054222756977,23.583077036115316,10.179029486734521,19.124700039845102,3.219238333017978,23.341225556031038,13.612796182835368,-1.0,0.0,-1.0,-1.0,-1.0,0.0,-1.0,-1.0,5565.064623103377,4133.923194042312,33969.70795016992,1086.5907842453082,4829.549551585362,2571.2461926837004,9024.565748325324,1196.9986892284596,0.0,0.0,0,0,0.0,0.0,0,0,3.174166836369475,1.080065218973014,8.319808262840661,1.4759377202412352,2.995302674947874,0.8782026046117648,4.26730097902625,1.5516663430336528,-317.4166836369475,576004,148000,1480,29.562625750935695,12.766337492001185,13.803580821033393,56.13254406397027,8067.508859181042,147
11.378969,9.0286255,187.54636,-188.98575,137.48611,-2.1492062,-459.78458,-188.9325,137.57018,-2.3146024,-462.3636,-189.52568,137.41129,-2.244974,-461.22226,11.378969,61.97635,678.644,7.731469e-05,9.0286255,28.09487,259.931,0.000460268,0.031457316,0.8582006,1.0,-1.0,-2.6390629650319046,1.078773221471392,-1.0808651724532636,-6.769294580988413,-263.9062965031905,83.38292630177726,-136.71980797964383,-431.43452119051415,-0.027900448,0.8265617,1.0,-1.0,10,-2.6512649969076594,1.0591444252758768,-1.3799948545761742,-7.4716673944755305,-265.126499690766,77.12136373923543,-171.59247994207706,-449.4307711589022,-0.11676531150616434,0.6860515208362454,1.0,-1.0,0.08725871206677875,0.0354280329141916,0.16573292577799903,0.02887512952875759,0.08980479883996294,0.03627943846931012,0.1581338017342035,0.03592104553596323,0.15372380089198037,0.08113555723532127,0.3084924244602645,0.008154524434045443,0.15727259975453303,0.08207837759679946,0.3084638453718009,0.04402561458658193,0.11852828434887126,0.03437902734254969,0.20675017412090613,0.05696320331462183,0.12304967456816283,0.03191882554361638,0.1878652145959926,0.07432658662742915,0.0,0.0,0.0,0.0,0.0,0.0,0.0,0.0,17.534996973410948,3.221560081310159,25.76388156379725,10.22476432292885,17.952862272377025,3.5578384746222076,24.523729377399604,12.007474283854691,-1.0,0.0,-1.0,-1.0,-1.0,0.0,-1.0,-1.0,4021.678670170529,3301.792019689232,22523.047053233953,581.9423189900613,3374.719107251058,2549.417179135746,9285.55269389624,746.1658503568835,0.0,0.0,0,0,0.0,0.0,0,0,2.6390629650319046,1.078773221471392,6.769294580988413,1.0808651724532636,2.4343738924881038,0.9451763655128252,4.343952798383885,1.2283733899970222,-263.9062965031905,580004,149000,1490,25.813815680055995,14.766611929997453,12.815030759942601,53.39545836999605,8120.583008326037,148
7.964055,7.619622,189.3924,-190.74973,138.27075,-1.7416005,-503.24518,-190.9234,138.45354,-0.46931458,-503.8726,-190.34366,138.29137,-1.4032351,-503.7658,7.964055,35.496376,378.64258,4.2850384e-05,7.619622,27.60237,277.82425,5.914271e-05,-0.09644906,0.865587,1.0,-1.0,-2.8346992188224713,0.8343195102322039,-1.6878062757461685,-8.01150087445252,-283.46992188224704,56.77724577503695,-193.8819708189228,-378.7678736354651,-0.15336908,0.8029943,1.0,-1.0,10,-2.729521043118805,1.1428630911765219,-0.9151972979696043,-7.6538408482265,-272.95210431188053,82.61569898675332,-154.05796926757455,-414.8960308875956,-0.08350099476856297,0.7049460986109105,1.0,-1.0,0.09866218057452503,0.03262836133149514,0.1586542363414017,0.02894701558222072,0.10046016883691719,0.03368541672554208,0.1586542363414017,0.05411885123802372,0.11823088930445555,0.06488596369299975,0.29801392017325473,0.019932548775941795,0.11787700359244026,0.06643453275869761,0.29798192561748754,0.058735376605384935,0.11729083408747995,0.03491521909797946,0.19785033931114532,0.056679874070173226,0.12037754410459475,0.03802688220100865,0.1966105670221255,0.06512423248098921,0.0,0.0,0.0,0.0,0.0,0.0,0.0,0.0,18.268248220967383,2.953779901495133,22.989591279305998,9.357342656528909,18.548589915372403,2.87763881091341,22.76694454547969,14.238257132348007,-0.9990909090909091,0.030137426280455955,0.0,-1.0,-1.0,0.0,-1.0,-1.0,4326.669237438193,3238.1943733668286,31547.74662796323,1420.2001978830476,3613.951384894628,1387.4140018721803,6247.329530821147,1580.0700311854657,0.0,0.0,0,0,0.0,0.0,0,0,2.8346992188224713,0.834319510232204,8.011500874452521,1.6878062757461685,2.648350385421271,0.5228783426451697,3.562078254628222,1.7801050368010267,-283.46992188224704,584004,150000,1500,24.089921408027294,14.444321609000326,12.58749340481154,51.12173642183916,8171.582552740874,149
5.368176,4.928028,181.61948,-182.56021,129.34464,-1.6634648,-465.64246,-182.55243,129.50888,-2.0778375,-464.66714,-182.58432,129.4531,-2.7715254,-459.2928,5.3681765,13.541719,108.22399,2.9840507e-05,4.928028,11.276256,72.99483,1.6119975e-05,-0.021668691,0.8621391,1.0,-1.0,-2.9190475953911155,0.9732180667720147,-1.544630536516915,-7.986639080537875,-291.9047595391116,67.00005269376703,-199.79206430545744,-440.8879275392333,-0.011644377,0.79846525,1.0,-1.0,10,-2.9039475666583585,1.0744038719614917,-1.5948016358027153,-7.284244928786637,-290.39475666583587,60.58834602896326,-214.3224230788795,-413.52568084766745,-0.029513403238734616,0.6299554747906174,1.0,-1.0,0.08758824464467702,0.03480591921477875,0.15505122768565774,0.02964430443522486,0.08941074694496048,0.03878115450164642,0.15218655790869606,0.03832260511709646,0.1568568623032941,0.0798105982282114,0.2836785675473552,0.020874805788995015,0.16070781855934962,0.08000152161874814,0.28364922193651165,0.020903435304019526,0.10420476844769137,0.03556915532541568,0.18923802136147053,0.05720277066108494,0.10737765518974408,0.03814624087860977,0.1856220419494828,0.0683406133755928,0.0,0.0,0.0,0.0,0.0,0.0,0.0,0.0,17.220928159221074,4.233042223951337,28.200719299548346,9.131256130656107,17.358554582786216,4.551926334795492,28.192993913478922,12.715944938182762,-0.9990909090909091,0.030137426280455955,0.0,-1.0,-1.0,0.0,-1.0,-1.0,4690.397617780315,3465.7053981177382,31205.402467446453,1181.3959569375552,4288.799713103065,2215.012572147687,9489.703976950588,1574.6900415644375,0.0,0.0,0,0,0.0,0.0,0,0,2.9190475953911155,0.9732180667720147,7.986639080537875,1.544630536516915,2.848687839693955,0.7247459589670294,4.378047080966718,1.779144303471121,-291.9047595391116,588004,151000,1510,30.593698316988593,14.313282702001743,13.95948879988282,58.866469818873156,8233.09192688774,150
9.204281,6.8564434,196.35892,-197.0422,144.78027,-7.0646544,-508.67398,-197.43765,145.41322,-6.8000455,-514.2311,-198.52982,145.26851,-7.9090977,-517.6884,9.204281,35.43423,372.1165,3.605202e-05,6.8564434,21.950325,215.35638,3.084913e-05,-0.015217746,0.83892745,1.0,-1.0,-2.6689926761304528,1.197094103618023,-0.9417692197201167,-6.988909770447443,-266.89926761304525,97.35892001521282,-140.28609981541425,-506.0539786543399,-0.08806968,0.7300476,1.0,-1.0,10,-2.5227639490979326,1.0211243025615118,-1.1987897833724752,-7.69246888950303,-252.27639490979323,40.31274835761443,-196.86865528267793,-352.1780139924101,-0.07858955616519435,0.6677002366597216,1.0,-1.0,0.11384969282956134,0.04186613837894896,0.19705579097340112,0.028370480833423504,0.11729490891529624,0.03920712829260265,0.18533161618392105,0.05136822303180347,0.1521088102588374,0.05979685962594372,0.2547126209166508,0.021331614537258205,0.15417596106680898,0.06017204871140543,0.25468142101161156,0.061525743394382895,0.11270549238162898,0.04133030690648538,0.1967338691580214,0.05717226326967087,0.11714231416710383,0.03997092669896652,0.18160335896428326,0.06332729614481371,0.0,0.0,0.0,0.0,0.0,0.0,0.0,0.0,18.874937640810575,3.4734803432963446,25.03060026517055,10.929817703542897,19.33100069917558,3.457586342805379,23.629966833755788,13.575954045972686,-1.0,0.0,-1.0,-1.0,-1.0,0.0,-1.0,-1.0,4233.542232354425,3896.294504113555,24015.458573238215,438.8761202357482,3564.844490770067,3029.3085035939857,11805.149382610576,564.9420232038385,0.0,0.0,0,0,0.0,0.0,0,0,2.6689926761304528,1.197094103618023,6.988909770447443,0.9417692197201167,2.4795703838728524,1.0254779619386838,4.88301559988705,1.071779540591434,-266.89926761304525,592004,152000,1520,24.689384571960545,16.94630838699959,12.394926454879169,54.030619413839304,8341.128923438591,151
3.862434,4.315378,178.5799,-179.62231,128.9553,-3.1870315,-503.6828,-179.4532,129.25075,-3.1936932,-505.94403,-179.54242,128.87668,-2.684389,-507.17282,3.862434,13.089645,137.19539,4.9347324e-05,4.3153777,11.308501,108.9207,8.405186e-08,0.0002569463,0.8468426,1.0,-1.0,-2.611285186308934,0.9448289888838827,-1.2270267578624319,-6.557132655091545,-261.1285186308935,70.66814762332922,-150.54700439528577,-395.1098626380359,-0.061260495,0.71855354,1.0,-1.0,10,-2.820907385160699,1.1318817627110527,-1.3831905103417208,-7.3245991421164165,-282.0907385160699,95.16927532200687,-187.86862895733913,-531.7121327704829,-0.030914780561368146,0.649500609845183,1.0,-1.0,0.09545016874024506,0.04112728810524531,0.1911605111340438,0.02922350672597044,0.09685538835973095,0.04170722288988777,0.17980859736833849,0.05120796040897671,0.16039437953486507,0.08047531424952953,0.34242426433997925,0.014499583594091713,0.1634140601217536,0.08159925025063039,0.34239374758135366,0.021908224717674837,0.11858079779465,0.038555923061232095,0.18226687368497949,0.05734660419740879,0.1252662683452247,0.039147868035080406,0.17661415993650031,0.07736970236078891,0.0009090909090909091,0.030137426280455955,1.0,0.0,0.0,0.0,0.0,0.0,19.39323560377907,3.698589293992535,26.282678273713337,8.709880728179677,19.33831639888568,3.4447448324172547,24.417713111012326,11.829075537256848,-0.9990909090909091,0.03013742628045596,0.0,-1.0,-1.0,0.0,-1.0,-1.0,3817.2989714226687,3065.697981018501,21078.059757146126,747.3721241509651,3115.198881468888,1715.6668813483113,6802.854248580834,768.7988354476539,0.0,0.0,0,0,0.0,0.0,0,0,2.611285186308934,0.9448289888838828,6.557132655091545,1.2270267578624319,2.4102277358989106,0.685016688339789,3.6997146615454177,1.2446798418929517,-261.1285186308935,596004,153000,1530,31.22657791893289,14.79125726800703,14.071568403909623,60.08940359084954,8400.706949394436,152
5.660449,6.060998,183.63821,-184.90471,134.52625,-2.9284055,-484.38623,-185.4213,134.89613,-3.7133367,-488.753,-184.81189,134.40944,-3.3736825,-489.57498,5.660449,12.673474,76.89845,3.2971147e-06,6.060998,15.862056,110.354645,1.6319696e-05,-0.03604147,0.8608355,1.0,-1.0,-2.729884870657279,0.9638295154826003,-1.3088643796772343,-7.504231077122426,-272.9884870657279,67.54106924600738,-170.17059320801638,-418.8246283651467,-0.071513295,0.7169664,1.0,-1.0,10,-2.8296530741613197,1.0442923915598847,-0.9968896078142231,-7.164520452985141,-282.965307416132,74.58878790301155,-142.0728296812523,-392.04948304915206,-0.024032043837330205,0.6357544473832322,1.0,-1.0,0.09840437006840197,0.027289545632145785,0.15315264671367598,0.029571750842724374,0.09980089233052074,0.025794665413421965,0.14347415081889486,0.06297858761324088,0.14272578941315103,0.04536778017746719,0.2072476885151631,0.03179714750179327,0.14674975259749645,0.043529999341560224,0.2072476885151631,0.05133151323753127,0.11784921615432278,0.02775169932028697,0.17958007539508752,0.05709654465141715,0.12099696618918304,0.02414521743787968,0.17727467063852953,0.08811698611040884,0.0,0.0,0.0,0.0,0.0,0.0,0.0,0.0,17.671475283115786,3.7667079248270707,26.068923816056078,9.71953328004247,17.861128909910963,3.900687092398955,25.235384310517254,11.894881765955763,-0.9990909090909091,0.030137426280455955,0.0,-1.0,-1.0,0.0,-1.0,-1.0,4149.227587704302,3346.5420423394125,27580.385292451752,852.2999303549826,3243.5777755359395,1579.001025029027,6230.025037838281,968.6175254190679,0.0,0.0,0,0,0.0,0.0,0,0,2.729884870657279,0.9638295154826004,7.5042310771224265,1.3088643796772346,2.479446033738751,0.6231124564430842,3.536520638512081,1.3952590115083716,-272.9884870657279,600004,154000,1540,23.0631723959159,14.312081235999358,11.898699071978626,49.27395270389388,8453.316217326334,153
9.599147,11.234705,198.43236,-199.53656,141.94247,-2.2197363,-534.0807,-199.7179,141.95949,-2.4401767,-532.00867,-199.59518,142.32199,-2.4571493,-539.0244,9.599147,22.2918,179.55002,0.00084206765,11.234703,26.803429,198.34229,5.2386895e-06,-0.06547907,0.8353417,1.0,-1.0,-2.686986525342979,1.3071171014347196,-1.2104326151352425,-7.1707770122505545,-268.69865253429793,111.28991708798185,-168.07833016917635,-481.1753206952895,-0.021386987,0.72558403,1.0,-1.0,10,-2.70323686317744,1.0712636581381032,-1.6207978768564448,-7.449196829063601,-270.3236863177441,68.62582389382048,-188.95190118254848,-416.96494761617527,-0.10140157577892586,0.7094811608766856,1.0,-1.0,0.0934668197072498,0.029110889396195126,0.15895708148531412,0.02953529519482086,0.09523638169734881,0.02928256295279624,0.14396430726696374,0.052695721964801746,0.10479318725391254,0.07386515396356064,0.22751863948480136,0.020279540038749534,0.10670886628438964,0.07554777193953754,0.22748093894194052,0.02722774406214431,0.11281699497191579,0.036973708235585025,0.2137316876693813,0.05691255913763141,0.11578092706623244,0.03872955815237067,0.21008661063260045,0.061435647567234644,0.0009090909090909091,0.03013742628045596,1.0,0.0,0.0,0.0,0.0,0.0,18.061573741066002,3.6178611696541187,26.34632299016096,7.706991887391996,18.300682253779485,3.5713231774421157,25.38588278911527,12.310557854092949,-0.9972727272727273,0.052152034579139875,0.0,-1.0,-1.0,0.0,-1.0,-1.0,4421.00425609908,4386.59753287468,25213.774010775567,726.5369827796113,3747.6519185141105,3408.3713758758736,10817.88759089301,751.9608890855098,0.0,0.0,0,0,0.0,0.0,0,0,2.686986525342979,1.3071171014347198,7.170777012250554,1.2104326151352425,2.5049130832192543,1.1310965697683628,4.670853653988914,1.2315926355726543,-268.69865253429793,604004,155000,1550,24.98551101001067,17.627659300000232,12.183889384985378,54.79705969499628,8506.13391422134,154
6.2342405,5.529054,189.2857,-190.52667,137.18471,-3.3337038,-528.0851,-190.66895,137.08736,-2.7247193,-529.2312,-190.26503,137.17325,-2.671256,-530.10297,6.2342405,19.382828,151.24991,7.5646676e-07,5.5290537,12.964267,71.32794,0.00012646639,0.0244104,0.85976887,1.0,-1.0,-2.484025626590038,0.9518657007862322,-1.2709122549037193,-7.965799616485421,-248.4025626590038,70.85136197246325,-148.12101156299732,-354.34558105976134,-0.036088064,0.7285338,1.0,-1.0,10,-2.974078203541987,1.1575434218201583,-1.2534217973282582,-8.233466084317884,-297.40782035419875,69.02049778069136,-167.95925242869532,-416.9450963141998,-0.1709422091666265,0.701078073948511,1.0,-1.0,0.08753653751625101,0.026516463084103475,0.14322556484115562,0.02904359786486365,0.09435299169936666,0.024437589832897948,0.12621727966694557,0.05337887636798715,0.07662826640128793,0.043905754516045725,0.15329385059080827,0.012004189155366838,0.07864561382823987,0.04806397900146303,0.1532868502625815,0.012007120331022877,0.10027714297787053,0.037635726538015675,0.21665832235171412,0.0571906172861218,0.11090007810356282,0.04467092833151447,0.21656429647505865,0.0649100153850328,0.031818181818181815,0.17551576887552564,1.0,0.0,0.0,0.0,0.0,0.0,16.90344595661677,4.50393377590897,24.268107426461665,6.033687309197829,17.16460417692443,4.098321232498146,23.645464128585193,9.254300412487563,-0.8972727272727272,0.303602338866632,0.0,-1.0,-0.9090909090909091,0.28747978728803447,0.0,-1.0,3505.149940670514,3222.3386283124632,30993.51288019812,800.9968641246546,2830.289648140222,1470.577108120891,5179.817582990755,1206.4694944865914,0.0,0.0,0,0,0.0,0.0,0,0,2.484025626590038,0.9518657007862321,7.965799616485421,1.270912254903719,2.310227855336621,0.6018974987741978,3.228573464558685,1.5589689420056354,-248.4025626590038,608004,156000,1560,21.893601947864227,15.6365707570003,12.196092623169534,49.72626532803406,8555.117690787374,155
9.712141,9.534456,197.11792,-197.9209,143.44414,-7.6222644,-602.98663,-197.60898,143.27003,-7.2858806,-604.3996,-197.88873,143.14828,-7.9502,-598.2749,9.712141,29.499525,236.38219,0.00015579257,9.534456,23.778812,151.91797,7.606708e-06,-0.13609785,0.8318521,1.0,-1.0,-2.4065337091023395,0.936538158641478,-1.4033939448196189,-6.971244661707242,-240.65337091023395,50.57181716112393,-151.9596519830357,-334.1327269467852,-0.12665913,0.7576753,1.0,-1.0,10,-2.5276409538666633,1.108209311849304,-1.3967457375416366,-7.296291743626231,-252.76409538666627,61.8416123796182,-155.15419446576422,-335.2634511374024,-0.12952211965165214,0.6686168463323298,1.0,-1.0,0.09613565995578073,0.027339523447508698,0.14725640100170773,0.03011475810120691,0.1058306107015179,0.024981674352160036,0.14395746494624104,0.06247586242538543,0.16173292035556075,0.08361471209098129,0.3055107896396142,0.054477339820349496,0.16369518658254098,0.08592041928804882,0.30547676714204197,0.05735082535248075,0.11390489804552387,0.031108248407633758,0.17219488180869347,0.05702117505755628,0.12114735768521291,0.02885172823788454,0.17194346065425195,0.06939458382506934,0.0,0.0,0.0,0.0,0.0,0.0,0.0,0.0,19.018579012707026,3.058064180998507,24.10953378597692,11.345544679875223,19.928987752789258,2.7546362073598827,23.651033386268132,13.8466850977715,-1.0,0.0,-1.0,-1.0,-1.0,0.0,-1.0,-1.0,3298.8698397031526,3197.794623181311,23702.59240370613,974.9904814586796,2465.238090858019,1280.399687527197,5382.88329093405,1093.0484592769983,0.0,0.0,0,0,0.0,0.0,0,0,2.4065337091023395,0.936538158641478,6.971244661707241,1.4033939448196189,2.1622728369709274,0.5514647523975246,3.310909755707306,1.4858004035002235,-240.65337091023395,612004,157000,1570,27.499754271033453,14.916583707003156,13.024666852150403,55.44100483018701,8609.105783136583,156
7.231878,8.384371,195.54456,-197.49252,136.17946,-3.2781384,-436.86758,-197.75284,136.27577,-3.7127135,-435.18195,-197.17374,136.2698,-3.5121663,-442.71185,7.2318773,16.571451,92.97225,0.0009942851,8.384372,17.843525,118.19926,2.3879125e-05,-0.020511812,0.83974206,1.0,-1.0,-2.919431076021963,1.1329723811772694,-1.3782876856320432,-7.810003770715851,-291.9431076021963,63.10453116721037,-203.56606177249765,-385.32741642013855,-0.07053044,0.6721876,1.0,-1.0,10,-2.5693514868363874,1.1885798873202087,-1.284485033545477,-6.533674172583096,-256.9351486836388,83.3921631328192,-181.9134954261171,-415.46024275338135,-0.046199286267180756,0.6669035139579476,1.0,-1.0,0.09897229194230099,0.03678356196882274,0.15194752099805137,0.030794914866785175,0.1042900966531526,0.03431251040087273,0.14582058768693426,0.04490871133424227,0.11244519080232926,0.07992895963792433,0.3059162523947502,0.010088287425379998,0.11328865407770204,0.0825258314453553,0.30588897306996365,0.011103685274661379,0.11153782856544849,0.03317216807884565,0.1758455531982566,0.05669514079808257,0.1173210184190515,0.03359915880147904,0.1741570788168746,0.0641938747702745,0.08272727272727273,0.2754695465462202,1.0,0.0,0.09090909090909091,0.2874797872880344,1.0,0.0,19.251746673875836,3.3765090381588183,26.798391500330727,8.073279339436967,19.85963723162939,2.8610101517726334,24.791169937741312,13.955354749422805,-0.9954545454545455,0.06726658448613064,0.0,-1.0,-1.0,0.0,-1.0,-1.0,4853.930493595151,4267.725233715499,29806.61037943118,944.4869277458836,3635.308836910123,1743.9192791528133,6394.922410490931,1260.8627749634747,0.0,0.0,0,0,0.0,0.0,0,0,2.919431076021963,1.1329723811772694,7.810003770715851,1.3782876856320432,2.6192759791641347,0.6805331860354147,3.5829352526073333,1.5944136889721916,-291.9431076021963,616004,158000,1580,25.77118906709802,13.46852220200526,12.857206311942718,52.096917581046,8663.73573986462,157
6.489797,7.5518937,191.20528,-192.0708,138.11299,-5.87033,-472.8687,-191.57095,138.27731,-4.7849483,-475.28525,-192.75175,138.6815,-5.786904,-478.3307,6.4897966,18.19493,181.24182,6.0366445e-05,7.5518937,19.647604,112.67931,1.4785677e-05,-0.05940427,0.8189056,1.0,-1.0,-2.8660576254779486,1.3279277315671931,-1.0613485702003513,-7.032938154938443,-286.60576254779494,106.05532168867765,-149.9289216817692,-549.8443968355343,-0.104871966,0.69517404,1.0,-1.0,10,-2.35976560839998,1.0256911784162321,-1.2766973179353558,-7.27601981363264,-235.97656083999806,58.82755716295055,-183.24227907579765,-378.3367266792508,-0.0039881527273886485,0.6015544224353814,1.0,-1.0,0.09992934145066153,0.029937526387904808,0.1631022743176809,0.030499496320449557,0.10245792947679287,0.02641454991505775,0.1624527841919735,0.06400057593232551,0.157487018599386,0.10586798668389735,0.3154946144111154,0.01818150820680816,0.1605389112042234,0.10885885014966046,0.3154946144111154,0.02307028889412617,0.11223896350177737,0.041743718482539154,0.1846797429709021,0.05694339377105317,0.11782974380423523,0.04046415982971212,0.17783734645413324,0.07077305473999039,0.0,0.0,0.0,0.0,0.0,0.0,0.0,0.0,18.250774189152903,2.7241275762372923,24.493363270295436,8.366197710380808,17.989076100468605,2.4842887433789667,21.616772291224642,13.881345371655511,-0.9981818181818182,0.04260136186858175,0.0,-1.0,-1.0,0.0,-1.0,-1.0,4943.564971069756,4699.608345325351,24469.258899746368,562.3787520074777,3964.5068392236412,3989.88370768128,15672.783929382262,590.8665725347897,0.0,0.0,0,0,0.0,0.0,0,0,2.8660576254779486,1.3279277315671931,7.032938154938443,1.0613485702003513,2.581741039621117,1.1522951637100711,5.626689830288166,1.0880917614259749,-286.60576254779494,620004,159000,1590,26.190840197094076,15.999505133004277,12.75673755187745,54.9470828819758,8720.428826179595,158
9.489206,7.251913,191.05905,-192.7932,132.19864,-5.741927,-478.5641,-192.39578,132.42416,-5.274562,-480.5495,-192.8789,132.07036,-5.4108176,-480.41776,9.489204,44.265755,485.66614,0.00013271929,7.251913,23.575891,233.03581,3.2220036e-05,-0.027311526,0.86315167,1.0,-1.0,-2.698672118886399,0.8616210880366063,-1.6135454054690588,-7.635389577215865,-269.8672118886399,53.74909508479844,-172.32653118199877,-388.1993026431544,-0.13560776,0.61704636,1.0,-1.0,10,-2.6942750159465287,1.1090416422352352,-1.4891111718328767,-7.292751568672947,-269.4275015946529,67.91380910854231,-174.26181439266233,-414.1937089645525,-0.03819215110308424,0.6164013958237728,1.0,-1.0,0.09397115949496272,0.028464363908123708,0.16014312340646472,0.029455558402969748,0.09753072315019909,0.028732358569584854,0.15079980883978422,0.05836360584328861,0.15392841771483765,0.07647440805529492,0.29312424389161346,0.010399113826910422,0.15747409585048824,0.07831478713692676,0.2930972543684641,0.027228449106316367,0.10800256310501218,0.03444021054736918,0.1821010354670162,0.05669090904980504,0.10913314167869284,0.03607073529623518,0.17790137414668514,0.0642796070694489,0.0,0.0,0.0,0.0,0.0,0.0,0.0,0.0,16.412952195598606,2.693078162321428,23.804660646858856,8.193668845537193,16.812863483699065,2.8212794196818423,22.315222045682113,12.995502134973467,-0.9972727272727273,0.052152034579139875,0.0,-1.0,-1.0,0.0,-1.0,-1.0,3969.413455856284,3115.10320493508,28537.488152169833,1292.196381930804,3271.8911793710677,1516.1575639300959,7148.302687259666,1392.6482818904021,0.0,0.0,0,0,0.0,0.0,0,0,2.698672118886399,0.8616210880366063,7.635389577215865,1.6135454054690588,2.5091567329111153,0.5554887202849806,3.796329863096714,1.6756429559046064,-269.8672118886399,624004,160000,1600,33.89962151882355,17.750885590001417,14.455591272024321,66.10609838084929,8785.468281405425,159
5.219056,6.5662336,184.35135,-185.87448,130.20612,-8.692779,-500.0729,-185.91681,130.31088,-8.369188,-500.25784,-185.8175,130.07388,-8.795623,-500.86182,5.219056,10.440544,66.357254,0.00012533212,6.566234,21.13387,182.7307,0.00018744207,-0.049006544,0.8241924,1.0,-1.0,-3.214130385962734,0.9875675561110965,-1.6966957814137533,-8.071750929948461,-321.41303859627345,77.73430300727668,-184.8194614203286,-457.9109950922978,-0.15641364,0.7142474,1.0,-1.0,10,-2.744175850108028,1.0539138498208527,-1.0722149835361703,-7.530562216685421,-274.41758501080284,59.666425138914704,-169.18934457877896,-378.4866964758057,-0.06745425005917743,0.6069921712588771,1.0,-1.0,0.10408425158581183,0.045457025519093724,0.1633183855417977,0.02935564750832594,0.10757275112960075,0.0444764382987385,0.16242871046597865,0.04185058365648504,0.12659312851661436,0.06926627950119098,0.3184366466828618,0.0052446729230482625,0.12782598816173735,0.07087394681187754,0.3184139858234817,0.04521983698856759,0.10411216357238119,0.03121887914882458,0.19101669832309415,0.05705898927428769,0.1071362721507087,0.032484025611571224,0.18811461181215405,0.06985697371182964,0.0027272727272727275,0.05215203457913988,1.0,0.0,0.0,0.0,0.0,0.0,17.739156997497794,3.6791829144843167,26.016134939707634,6.305723829828735,18.198279568324278,3.280339801209073,24.77357269113847,14.064388102133272,-0.9963636363636363,0.06019252857180673,0.0,-1.0,-1.0,0.0,-1.0,-1.0,5594.275883474809,3850.331777290544,31937.040524242126,1423.6911038981384,4836.766482043645,2276.5066609329024,9007.565491728988,1486.7615428162683,0.0,0.0,0,0,0.0,0.0,0,0,3.214130385962734,0.9875675561110965,8.071750929948461,1.6966957814137533,3.0356246689471154,0.7398536938884387,4.265536829908677,1.7336506361028938,-321.41303859627345,628004,161000,1610,26.68709789402783,16.677786565000133,12.989153226008057,56.35403768503602,8842.893306997466,160
17.612242,18.181427,182.5606,-183.46933,133.57257,-3.6443896,-440.33478,-183.61996,133.56938,-4.0153823,-439.68887,-184.22482,133.78627,-4.299327,-437.70096,17.61224,127.91264,1439.6869,1.5199243e-05,18.181427,134.31522,1515.9293,0.00014752522,-0.085720226,0.8276823,1.0,-1.0,-2.1587528454815494,1.0435329502034678,-0.5905407826942042,-6.407188276336699,-215.875284548155,66.25047356362973,-106.72660296103622,-330.15814213351007,-0.23496205,0.6712138,1.0,-1.0,10,-3.0778912781713226,1.1555301412628634,-1.7381671408474695,-8.780431734470165,-307.7891278171322,74.62494168911654,-216.23034152926917,-471.0432905406811,-0.03048028894796766,0.6603489864767776,1.0,-1.0,0.097946113064769,0.03427387437332693,0.14744183734568783,0.02874423560502948,0.101000277043307,0.033726751575724606,0.13971040993774242,0.04132904459028524,0.15564336657616124,0.08358195591661326,0.3057883834247563,0.020755555329528618,0.16041763720630128,0.083871788880206,0.30574810583307366,0.027704785501907053,0.12455880949416351,0.03267902518777193,0.18304603023349753,0.05690802731364123,0.13059747005766,0.029309757489431376,0.16884082372750817,0.07172172928201524,0.0018181818181818182,0.042601361868581746,1.0,0.0,0.0,0.0,0.0,0.0,17.075394436022453,2.5451537501561665,21.54159875078253,5.806462083087908,17.31362476143301,2.270646684895887,20.818799728738657,14.024402306473721,-0.9954545454545455,0.06726658448613064,0.0,-1.0,-1.0,0.0,-1.0,-1.0,2845.220151193393,2998.5742208286215,20179.890010715342,173.19558888735327,2031.5719718356843,1410.7409169568339,5301.514383967272,194.68370274901176,0.0,0.0,0,0,0.0,0.0,0,0,2.1587528454815494,1.0435329502034678,6.407188276336699,0.5905407826942042,1.8834696387384546,0.7391352502310143,3.2691294901103007,0.626162447268924,-215.875284548155,632004,162000,1620,24.201323820067046,17.74042456100142,12.564644645877706,54.50639302694617,8895.934838006426,161
4.082965,3.7357206,201.7118,-202.85944,144.11229,-8.516192,-469.88712,-202.66806,144.25943,-8.600516,-468.11758,-202.51764,144.48175,-8.210662,-465.88483,4.082965,8.6025715,53.285366,5.0073504e-07,3.7357206,7.349244,41.044926,0.0010021192,-0.06183589,0.82460564,1.0,-1.0,-2.8236077188295843,1.0394535670973686,-0.8899637223952785,-7.633589416208397,-282.36077188295843,66.88499668754727,-130.67338535090408,-369.409767314383,-0.023747819,0.7445235,1.0,-1.0,10,-2.607085567033584,0.7650415658686209,-1.3012791565537485,-6.309364208793403,-260.70855670335845,43.54157470969461,-180.53899547044006,-317.207620136221,-0.022936180220895826,0.6473642732364923,1.0,-1.0,0.09098761739081009,0.030686599733222568,0.1505220869986241,0.02895436675669577,0.09715605942892515,0.030357803313298952,0.1505220869986241,0.06040559396667305,0.18657682455953623,0.07896131446390386,0.30009049135669685,0.02975742358039343,0.18892886605420509,0.08191853942188214,0.30004906012299054,0.03423467990454906,0.10012995680410235,0.028902238166047877,0.15945722280799352,0.056549972897756075,0.10365036338800335,0.027827157430463333,0.1493674093626721,0.06857908404585317,0.0,0.0,0.0,0.0,0.0,0.0,0.0,0.0,18.243124875920632,3.0272456089954565,25.245149133776582,10.604180441207179,19.099506230767947,2.721481703700835,25.243472020735748,16.09931928707275,-1.0,0.0,-1.0,-1.0,-1.0,0.0,-1.0,-1.0,4484.268345505965,3679.5100529510587,28255.03070728921,393.94270899378586,3603.363989408464,1798.829600097909,6873.986610143513,440.4605975776849,0.0,0.0,0,0,0.0,0.0,0,0,2.8236077188295843,1.0394535670973686,7.633589416208397,0.8899637223952785,2.585993354094713,0.7543265239757926,3.7186672155530407,0.9406656718738233,-282.36077188295843,636004,163000,1630,25.26227664808539,16.296519124000042,12.702828365887399,54.26162413797283,8949.733919030412,162
5.3838453,5.861062,191.44434,-192.01926,145.68108,-3.7859063,-519.07385,-191.76036,145.55002,-1.735925,-520.3059,-192.21294,145.87299,-3.1315265,-525.3618,5.3838453,12.426171,86.213844,0.0006283232,5.8610616,13.968426,130.63602,0.00011502608,-0.05370129,0.84070367,1.0,-1.0,-2.9472245468780898,1.2390120972486183,-1.5694197613162786,-6.376677937585137,-294.722454687809,110.76156596263682,-161.27047694724817,-578.1646317349091,-0.10424639,0.75494915,1.0,-1.0,10,-2.6378636146063923,1.1768703653285897,-1.0126695480513488,-9.664141469910847,-263.78636146063917,74.26167754456323,-165.5728502813543,-426.50705084810403,-0.07487775289170283,0.6932663225169381,1.0,-1.0,0.1079180249695207,0.03257208297982846,0.15758750733407603,0.030349550891124535,0.1117237669627874,0.02919988949696065,0.1455718924078097,0.05378476835294487,0.13562612621707884,0.07114903542630859,0.2704527588674368,0.02576475735723757,0.13714852414845422,0.07212574839260368,0.270411585056606,0.02578695463953069,0.11640277220718534,0.032505401848720944,0.190090896141328,0.057516990515508334,0.12022543432585824,0.033233225488604703,0.1886600694280391,0.07671099150160503,0.0,0.0,0.0,0.0,0.0,0.0,0.0,0.0,18.400248334774197,3.632983133857446,26.46488856574661,8.725136807120013,18.84697052036606,3.6149161069709694,26.201448023120136,13.697153381819536,-0.9981818181818182,0.04260136186858175,0.0,-1.0,-1.0,0.0,-1.0,-1.0,5063.572650228961,4576.883843422935,20218.623228290362,1217.743723506918,4349.5168626372515,3655.6369054759834,14599.0995387749,1308.3502488067788,0.0,0.0,0,0,0.0,0.0,0,0,2.9472245468780898,1.2390120972486183,6.376677937585137,1.5694197613162786,2.771321500291123,1.039288499440954,5.421459084449876,1.6250981148020218,-294.722454687809,640004,164000,1640,26.27431104707648,15.802243158002966,12.902602689056948,54.979156894136395,9006.114528616541,163
11.157877,8.573927,196.61435,-198.09164,135.72997,-8.870475,-594.67883,-197.95401,135.24059,-8.464098,-591.06714,-197.45212,135.61426,-8.351626,-593.20703,11.157877,46.974293,468.46722,8.777622e-05,8.573926,31.21042,288.43063,5.9377635e-07,-0.046915483,0.8207621,1.0,-1.0,-2.659434834991368,0.8392345313874443,-1.8027725201534786,-7.512364263343452,-265.94348349913685,47.683456822957744,-212.27359909101258,-362.56449986035295,-0.038966138,0.6924269,1.0,-1.0,10,-2.780633806436139,1.1612986549372346,-1.161103775697382,-7.969194765418917,-278.063380643614,58.71098125976118,-148.33516687158533,-369.148413082953,0.014688089319965115,0.6024012318799005,1.0,-1.0,0.09913911187314103,0.04147418214113151,0.1908202247893331,0.02946747902243721,0.10181574608150604,0.04277214871709915,0.1908202247893331,0.046344787065359064,0.1421258775511709,0.07340481197437138,0.26820016795662677,0.033005223558313,0.14573072377625454,0.07371937403606502,0.26816446545468037,0.033017250654620356,0.12284050014226143,0.044379236705183685,0.22216063449238127,0.0575421283141418,0.12786413047529738,0.044975178208189776,0.219872588773317,0.0699529736401362,0.0,0.0,0.0,0.0,0.0,0.0,0.0,0.0,19.10952278901973,4.168338738500446,27.34871848774551,10.061810510907122,19.458568557222783,4.111100231060243,24.950360252704076,12.470733751771547,-1.0,0.0,-1.0,-1.0,-1.0,0.0,-1.0,-1.0,3848.4107855751095,3022.7100017241096,27501.29803784009,1608.680190799036,3143.958567544023,1274.5647259322106,5408.359678395277,1771.355852806024,0.0,0.0,0,0,0.0,0.0,0,0,2.659434834991368,0.8392345313874443,7.512364263343452,1.8027725201534786,2.4697647751124063,0.4956453292134032,3.326844709037749,1.8906444052777867,-265.94348349913685,644004,165000,1650,26.889997806138126,17.20445252100035,12.96630641516822,57.060756742306694,9059.930398939825,164
5.3007116,7.8680973,187.26654,-188.20357,137.75832,-2.4464896,-494.71835,-187.9997,137.37454,-2.6392317,-490.05515,-188.51385,137.72823,-2.8080702,-495.1892,5.300711,20.16698,220.76656,2.6017417e-05,7.8680983,35.16367,389.20108,6.972872e-05,-0.07876009,0.8045597,1.0,-1.0,-2.449917111627012,1.1695356428922827,-0.5608217043184559,-6.8738260755581235,-244.99171116270125,97.06525955877508,-92.86721269208435,-454.51015104071274,-0.10997919,0.6822606,1.0,-1.0,10,-2.82379396636151,1.116045305041026,-1.4000241204012331,-7.206429975273491,-282.37939663615106,87.89516135295607,-195.58876524291438,-512.3901124596797,-0.0789283354649169,0.6418299846028611,1.0,-1.0,0.10273761989245796,0.038399512338887706,0.19391067123226627,0.027977210455802464,0.1082015793622348,0.03990462433345203,0.19381334634304567,0.059471942659306755,0.1548553929512981,0.06311750975903384,0.27090637415876745,0.018848868823996782,0.15677033409536803,0.06371197435735844,0.27088343849870744,0.06176288841544231,0.1373809850080233,0.043692194542254446,0.23413721272159502,0.05736716688703099,0.14396956811416628,0.03986770513763234,0.2072635653316993,0.06769634247302266,0.0,0.0,0.0,0.0,0.0,0.0,0.0,0.0,19.181841366433392,3.0983577842204992,26.52968595426617,8.491199505980603,19.53377286350153,2.9373967133210446,24.074403124753662,14.654525225105079,-0.9972727272727273,0.05215203457913988,0.0,-1.0,-1.0,0.0,-1.0,-1.0,3647.4812967269636,3548.8068077687594,23129.346844265016,155.65607789485165,2884.2320657243276,2336.8787371724793,8791.457459034691,426.375004369729,0.0,0.0,0,0,0.0,0.0,0,0,2.449917111627012,1.169535642892283,6.8738260755581235,0.5608217043184559,2.2323414280043385,0.9134821877579407,4.207042064384952,0.9280138977167419,-244.99171116270125,648004,166000,1660,25.04980756789155,13.973842020997836,12.587723929944332,51.611373518833716,9113.18262468867,165
6.1868496,5.6353106,197.44705,-199.3613,137.62779,-9.686945,-546.0822,-199.7951,137.77003,-10.285275,-544.3811,-199.40048,138.0313,-9.301644,-544.8483,6.1868496,13.402137,74.25014,0.00043096027,5.635311,12.959703,105.06375,0.00018624277,-0.04987968,0.8521171,1.0,-1.0,-2.379862315416764,1.0569844409590226,-1.3107544298901657,-7.8206771651086,-237.98623154167637,63.663807283060216,-157.52230976895274,-349.7374532429237,-0.018928632,0.71595985,1.0,-1.0,10,-2.876920047374877,0.9988441632136535,-1.1422138898815994,-7.554350283374053,-287.6920047374876,49.71209540100594,-207.56348898461965,-360.251919882205,-0.052515664615020385,0.6354540083555891,1.0,-1.0,0.0980886470915794,0.02898720043982816,0.16001142387527778,0.028678676722935597,0.10358121062981449,0.02668284115220386,0.14958077199629483,0.06542801436492579,0.13473516964209642,0.09316075294764199,0.3713463725199868,0.040716343080709906,0.13718579109244688,0.09667418671577052,0.3713229475885016,0.048382377227581215,0.09909085665898602,0.031848044547673926,0.17756067546220525,0.05694903545122639,0.10485059888318013,0.03273954641563168,0.17193919764033963,0.06782575458411817,0.0,0.0,0.0,0.0,0.0,0.0,0.0,0.0,18.68681357703587,3.483978727050802,25.39951683780623,10.035643512755401,19.49369650287941,3.292668268577856,23.668614699625074,15.209664262124635,-1.0,0.0,-1.0,-1.0,-1.0,0.0,-1.0,-1.0,3358.3149682461612,3871.5264988701438,29967.348111645348,852.0315185765993,2616.160575317463,1692.228683012925,5738.718155508743,928.2040541445901,0.0,0.0,0,0,0.0,0.0,0,0,2.379862315416764,1.0569844409590226,7.8206771651086,1.3107544298901657,2.1840607825445693,0.7053326403323638,3.4013893027590716,1.3647602271863117,-237.98623154167637,652004,167000,1670,19.745409066941647,15.595992097994895,11.402153665076185,46.74355483001273,9158.533860681695,166
8.364262,7.763127,197.37004,-199.02252,134.85005,-8.442549,-506.14,-199.2851,135.19958,-8.04007,-507.72113,-199.11743,134.60078,-8.853576,-508.6097,8.364262,25.949888,180.74033,5.4767588e-05,7.7631264,24.703098,203.53592,0.0020871023,-0.029502086,0.87921625,1.0,-1.0,-2.6677919583227467,0.9399070904707055,-1.5592505977090705,-6.911065647864587,-266.77919583227464,75.39283994470811,-176.00994059421308,-465.07336099085404,-0.205774,0.74466103,1.0,-1.0,10,-2.8944645875963433,1.1981091933900305,-1.2686797727215982,-7.275897770965192,-289.44645875963425,84.63909526966111,-165.31528354339596,-474.15926637299464,-0.0805602148313102,0.6322541337704388,1.0,-1.0,0.13233240268057642,0.034427069592277336,0.18168905573365832,0.029675199962726606,0.13686406939522244,0.03229500777536167,0.1816839753069936,0.08893132550128505,0.13860527684890397,0.04385261074235718,0.24706443992537838,0.056827328729463535,0.1403568360871395,0.0442487302549519,0.24704112503502562,0.09171815063960471,0.11088882715093001,0.026313003426466856,0.17968845070099795,0.057190330480935636,0.11461218389644999,0.024717045412647503,0.16205991378267265,0.08182052838541022,0.0,0.0,0.0,0.0,0.0,0.0,0.0,0.0,20.47410726215122,2.70661698830799,25.201198838830344,8.511469069941214,20.50794961820051,2.4914607530614816,24.261950566479047,15.806716047395767,-0.9990909090909091,0.030137426280455955,0.0,-1.0,-1.0,0.0,-1.0,-1.0,3965.8638359236793,3163.37803352153,23372.383428167028,1204.3815346265942,3424.1209011857204,2383.0607697403757,10137.678240589186,1224.4712840482075,0.0,0.0,0,0,0.0,0.0,0,0,2.6677919583227463,0.9399070904707055,6.911065647864587,1.5592505977090705,2.5081643730610512,0.7796455680328966,4.518771212697127,1.5720092193579356,-266.77919583227464,656004,168000,1680,31.63779710799281,14.202463888002967,13.658316361972538,59.498577357968315,9219.724095902646,167
17.751583,14.9523945,185.49742,-186.46754,130.94781,-7.784063,-588.50714,-186.77545,130.89339,-7.5638504,-585.5699,-186.5039,130.72672,-7.1329207,-578.00525,17.751583,142.07808,1609.4156,0.00057829916,14.9523945,118.57149,1344.1975,0.00015569736,-0.1357924,0.8337974,1.0,-1.0,-2.7470795170315445,1.0927118056223635,-0.8384047412289357,-7.5339580390247765,-274.70795170315444,71.25041622774822,-124.92192943080208,-378.2905340801788,-0.090340644,0.63901997,1.0,-1.0,10,-2.8067018821354415,0.9860949498055166,-1.5918900413574137,-8.400288883065633,-280.6701882135442,83.39110142535182,-165.62413469103453,-431.6603475243311,-0.1307495074982603,0.6614230404774109,1.0,-1.0,0.10450494528204217,0.04625513345081296,0.17845336967419423,0.029562324769688612,0.10828032892473081,0.04758278089216021,0.17618241152788316,0.04651925216409167,0.12190600600622396,0.06999022260152521,0.2651734408461671,0.026030677975227456,0.12378880610138147,0.07285163295332597,0.26514166404106243,0.0336032171131715,0.0978634642167644,0.03111539763808838,0.2018906307119137,0.05687105190363087,0.10178580207008983,0.03242694301072198,0.18940925536901354,0.06829816807162009,0.0,0.0,0.0,0.0,0.0,0.0,0.0,0.0,18.438402045678522,3.585312144635969,24.877834846840404,7.908719923388687,18.574743463842715,3.7990292251150506,23.38940239851768,12.264683782365944,-0.9990909090909091,0.030137426280455952,0.0,-1.0,-1.0,0.0,-1.0,-1.0,4327.842926272408,3716.162652630972,27647.933093025225,349.1242434597108,3411.6230811856713,2025.3190638686567,7102.233460778772,355.6448062244066,0.0,0.0,0,0,0.0,0.0,0,0,2.7470795170315445,1.0927118056223635,7.5339580390247765,0.8384047412289357,2.486166909224262,0.8340314283296882,3.77697169368487,0.8462296892920117,-274.70795170315444,660004,169000,1690,30.100330741021025,15.906255090994819,13.484963364026044,59.49154919604189,9279.218839773697,168
11.035002,11.106943,195.85318,-197.25964,135.30916,-7.6799603,-505.1087,-197.3122,135.3455,-7.621088,-512.2995,-197.00928,135.00896,-6.793704,-495.1515,11.035003,47.020893,462.5814,0.0009822929,11.106945,36.38817,294.05426,8.270517e-05,-0.053616706,0.87548923,1.0,-1.0,-2.4216899422693303,1.066948658261664,-1.1632598442444986,-6.228591331896273,-242.16899422693305,89.79828420593898,-139.7002480504597,-400.0007594287702,-0.18092768,0.6695619,1.0,-1.0,10,-2.4893746595455304,0.9570909959333095,-1.2632215510145928,-7.170402058107762,-248.93746595455303,52.302606983756405,-158.60219157312898,-335.7517517369075,0.030930599823255918,0.5699272055382564,1.0,-1.0,0.11029520393099869,0.033701227380030466,0.1626904236150353,0.02826134789985309,0.11131625994573188,0.03250542017952937,0.1527653300162534,0.06263346783865759,0.13298163955346778,0.0479869843190995,0.20399052322449338,0.02993339716441474,0.13719752835095772,0.048131587034507116,0.20078583573309736,0.04802630719636359,0.1119149888305792,0.030690448115139844,0.17388282975705216,0.0568696810354873,0.11599045776713314,0.029455358688385447,0.17381869979596482,0.0750408575504482,0.0,0.0,0.0,0.0,0.0,0.0,0.0,0.0,17.09553961479775,3.2886286219436327,23.050764231184967,7.042162254012727,17.244858045285554,3.2523166617968444,21.760781133502007,12.625083811736225,-0.9963636363636363,0.06019252857180673,0.0,-1.0,-1.0,0.0,-1.0,-1.0,3468.541037467675,3084.0968852577416,19095.47887222282,671.5139268577614,2922.9256699367234,2340.5872995807335,6898.950463398184,788.9934253529266,0.0,0.0,0,0,0.0,0.0,0,0,2.4216899422693303,1.066948658261664,6.228591331896273,1.1632598442444986,2.2545422679281453,0.8972585938904523,3.7231870292120917,1.2606357718516537,-242.16899422693305,664004,170000,1700,24.081863872037502,15.915586994000478,12.15967880707467,52.15712967311265,9329.954957915812,169
6.4666433,5.1833467,189.50073,-190.63588,128.0584,-5.4886417,-432.8134,-190.23102,127.97409,-5.7444506,-431.97083,-190.20648,128.19148,-4.220188,-433.41498,6.4666433,34.68338,388.95367,0.0011991916,5.183347,23.564188,261.65244,0.00036112888,-0.00637512,0.8503,1.0,-1.0,-2.634398503299707,0.8839085596812573,-1.0540349454927658,-6.635384213417725,-263.4398503299707,53.877516261796714,-142.67012212854445,-346.3078489593379,-0.13659585,0.72813874,1.0,-1.0,10,-2.4871999150438957,1.0038277335821355,-1.1129702299276527,-7.35679307523243,-248.71999150438955,62.61560841611762,-142.55131638524935,-355.76620961864245,-0.004620317660971623,0.5872421117380825,1.0,-1.0,0.09580018227439444,0.022904378449521832,0.1488407954240606,0.029890776202035917,0.10205033070473707,0.018330621088981196,0.14273073404143624,0.072683012558959,0.16331539320296776,0.08117861983993202,0.2720733004886344,0.014212746892021063,0.1663222648763857,0.08332025665317809,0.2720404881344448,0.01541785128526815,0.12977417637144914,0.03940886822214415,0.18653787976283137,0.05769158857376812,0.1393214958354294,0.03741897727878928,0.18502553664465166,0.06723667317018621,0.0,0.0,0.0,0.0,0.0,0.0,0.0,0.0,17.620488867608994,2.259091230498376,25.00722110244231,9.077838459442447,17.866389670934193,2.190579990629849,22.166439020260068,15.263916384938113,-0.9990909090909091,0.030137426280455952,0.0,-1.0,-1.0,0.0,-1.0,-1.0,3824.8588330011003,2834.915453628519,21560.346019249722,546.81453376905,3110.757436080618,1417.8735044043785,5802.568069429088,550.9411418036739,0.0,0.0,0,0,0.0,0.0,0,0,2.634398503299707,0.8839085596812573,6.6353842134177246,1.0540349454927658,2.4270035197182662,0.6140014047561055,3.417782571564636,1.0592922395693458,-263.4398503299707,668004,171000,1710,23.823942527080362,14.479132191001554,12.381478779811005,50.68455349789292,9379.177234217714,170
6.8689375,8.024988,177.90689,-179.3083,127.21829,-8.50381,-473.7419,-179.08414,127.46037,-7.5772843,-475.269,-179.33691,127.32865,-7.805422,-473.95383,6.8689375,21.086115,166.22565,4.456524e-09,8.024988,34.071217,334.76224,0.00015751139,-0.0041305497,0.851386,1.0,-1.0,-2.809355969582357,1.067551035830438,-1.2558849834953933,-7.903978180494514,-280.9355969582357,69.06402525279273,-165.7591986251907,-429.90330847951617,-0.023974974,0.7629033,1.0,-1.0,10,-2.7332848900007636,1.3044134742099616,-1.116678229058044,-6.871512206181792,-273.32848900007633,78.50675924505558,-149.09895821573207,-430.42626578770665,-0.008132685384665213,0.5870913037611635,1.0,-1.0,0.10277929234156903,0.03750681368415262,0.167323589347535,0.02853787882046695,0.11105884507774216,0.037667033532380344,0.16414217519443144,0.04716516320409841,0.14957560835945669,0.07007992856160898,0.29394709739193053,0.020193713417046677,0.15246241016480297,0.07147218307130367,0.29391631843711963,0.0764916302381122,0.12250338070848663,0.04037525338472182,0.196148186863846,0.05732759450496191,0.1282851795280827,0.040061282479483935,0.19270234043607185,0.07487562135480488,0.0009090909090909091,0.030137426280455955,1.0,0.0,0.0,0.0,0.0,0.0,18.66738998490913,3.876386254704368,25.27733901626466,6.853730774449987,19.232015683747715,3.8609373769187787,24.611691598136836,12.38877963411895,-0.9954545454545455,0.06726658448613065,0.0,-1.0,-1.0,0.0,-1.0,-1.0,4473.232871487652,3867.67709945548,30630.298800172255,782.8482823287004,3365.0994688225805,1944.3851284463422,8240.464943813247,782.8482823287004,0.0,0.0,0,0,0.0,0.0,0,0,2.809355969582357,1.067551035830438,7.903978180494514,1.2558849834953936,2.498413215851326,0.7339650240963567,4.080627573281467,1.2558849834953936,-280.9355969582357,672004,172000,1720,24.844568811713543,13.02955106900481,12.504031867909362,50.378151748627715,9431.817640185334,171
5.760277,4.420286,196.0533,-196.83809,138.32687,-3.0023983,-508.50064,-196.47327,138.28241,-3.1300774,-508.79147,-196.82758,138.38275,-3.6866205,-507.63657,5.760276,16.30521,122.314095,0.0036902158,4.420286,9.908137,76.339424,0.00010424486,0.0050040167,0.85900164,1.0,-1.0,-2.7987914635924027,1.0600309101753267,-0.8963312544557995,-7.570068647649057,-279.8791463592403,72.21918653021687,-134.97835460112813,-364.05845647366664,-0.06303226,0.7175893,1.0,-1.0,10,-2.914425801487532,1.0471266858417427,-1.154162415619748,-6.393286522481359,-291.4425801487532,75.09258047541056,-175.86188129492805,-411.7422915474391,-0.06206778097303585,0.6645857959645973,1.0,-1.0,0.11582710501868723,0.03514535618319034,0.17137996344188317,0.02992818455329691,0.11678007183618858,0.03492766368143394,0.17097627991242983,0.04216517627226276,0.13600970694766007,0.06924469471114467,0.23251753723716734,0.03154663534019418,0.1396033909324973,0.07088154001763068,0.23247303473805148,0.03154849287906919,0.10226776952727212,0.02783228196019825,0.18065408021474702,0.05718382739651444,0.10277570168831879,0.028272181975682993,0.17650293427255173,0.07529301136829765,0.0,0.0,0.0,0.0,0.0,0.0,0.0,0.0,21.84673449446209,3.533453592126633,26.984090033865993,10.979263947641831,22.183570445267776,3.3955784573529217,26.62513952253371,14.746328171465645,-1.0,0.0,-1.0,-1.0,-1.0,0.0,-1.0,-1.0,4424.390276742909,3528.665856385754,28072.99221650242,400.3922258446417,3822.486321541724,2027.7631062638766,7330.679934642237,413.6343208577439,0.0,0.0,0,0,0.0,0.0,0,0,2.7987914635924027,1.0600309101753267,7.570068647649057,0.8963312544557995,2.6469771702200604,0.8491901971053822,3.8435124602263233,0.9109627397401209,-279.8791463592403,676004,173000,1730,31.15795373410947,15.29740583000239,13.859966033909586,60.315325598021445,9490.61049211635,172
4.9116106,7.9496746,188.67075,-190.02039,139.4582,-4.681429,-513.264,-190.73834,139.68704,-4.8300285,-512.92365,-189.82077,139.6711,-4.7234497,-514.1405,4.9116096,15.912318,147.31328,1.7270249e-06,7.9496746,22.940287,223.4618,2.2483422e-05,-0.13458434,0.819529,1.0,-1.0,-2.463505684873381,0.8713170792660048,-1.1074326014037654,-6.877070279478777,-246.35056848733814,50.46209436647732,-166.77397779550049,-343.3843520610209,-0.09431501,0.56702346,1.0,-1.0,10,-3.0659831881756747,0.8115234812052303,-1.5795836639873877,-7.852735591000437,-306.5983188175674,52.525206302164975,-209.07527569755158,-386.01750165959135,-0.088107350061849,0.6524083022811683,1.0,-1.0,0.11007474923069524,0.040694525792156884,0.1717948582469355,0.029217481156723884,0.11316233307730314,0.039564327863130064,0.1717948582469355,0.03751994443895269,0.11459978835339323,0.06918535947196164,0.31501177869359065,0.029175159289930835,0.11721564966695378,0.07097796952869213,0.3149688127099422,0.02920195684011239,0.1256053636647326,0.038800547576508554,0.18720968426692916,0.0574236919111542,0.12947814538340668,0.03560426466392766,0.17748603659246365,0.06352104170752287,0.0,0.0,0.0,0.0,0.0,0.0,0.0,0.0,18.792838428085393,3.852125038162472,25.8926132366548,9.760076073849028,19.083718273958667,3.869066094545927,23.44837319102653,11.618496700957385,-0.9990909090909091,0.030137426280455955,0.0,-1.0,-1.0,0.0,-1.0,-1.0,3382.2516070194556,2889.318985269557,23199.209321828865,610.4077494146769,2731.1595853509566,1240.686156197478,5344.234977427905,822.3153698969861,0.0,0.0,0,0,0.0,0.0,0,0,2.463505684873381,0.8713170792660048,6.877070279478777,1.1074326014037654,2.2822736422029584,0.5429674298936618,3.2786284117017286,1.285153750550466,-246.35056848733814,680004,174000,1740,23.77595097792073,13.769620532002591,12.379834954037506,49.925406463960826,9542.65402226332,173
3.7253337,3.2328203,179.17455,-180.60263,135.02788,-6.8962812,-530.9033,-180.65758,135.07494,-7.4117804,-532.7529,-180.69247,134.79088,-6.9806547,-534.497,3.7253337,7.100685,47.27853,0.0008618869,3.2328205,6.1039343,32.11826,0.0011433512,-0.056215733,0.83577627,1.0,-1.0,-3.1675009684074555,1.1933122150099102,-1.1263091192942674,-7.925932593727902,-316.7500968407455,103.37053131990479,-151.98394128734873,-501.79662929447164,-0.024677662,0.8047166,1.0,-1.0,10,-2.648946879594114,1.306612752501554,-1.2362722365516075,-7.650689295307261,-264.8946879594113,84.95176478907489,-162.37814042244034,-459.5696449468993,-0.026161230452124175,0.5958033180913014,1.0,-1.0,0.11238121531251372,0.0460404770106425,0.18384223025947175,0.029435917818989327,0.1116487724747568,0.042335244641756024,0.1742181903486728,0.04824458581695712,0.09350986642589838,0.045891560766978846,0.21523246743179986,0.009706128313306356,0.09337735201222047,0.045267506208842,0.18465126307303778,0.009706128313306356,0.12699809108415458,0.035150763341856905,0.2055506102514681,0.05725709218974796,0.13083448099838924,0.03185194212417522,0.1996640551230001,0.08649786737365461,0.0,0.0,0.0,0.0,0.0,0.0,0.0,0.0,19.49836073035246,3.2953725822804567,25.155915498801726,7.662858489537733,19.762650760393214,2.8843397954922447,24.683423654477526,14.48305908240616,-0.9990909090909091,0.030137426280455952,0.0,-1.0,-1.0,0.0,-1.0,-1.0,5665.377707622341,4363.405917939717,30354.821226524444,628.2191762718317,4795.539874289902,3169.576035635498,10587.408971686466,884.0026655243223,0.0,0.0,0,0,0.0,0.0,0,0,3.1675009684074555,1.1933122150099102,7.925932593727902,1.1263091192942671,2.9446188041328853,0.9991414211950624,4.616428827535626,1.3358645115280554,-316.7500968407455,684004,175000,1750,25.70568380012992,15.891465883993078,12.674214815306186,54.27136449942918,9596.644264951741,174
12.036434,9.485489,185.14539,-186.0201,129.24835,-4.180702,-463.30627,-186.36841,129.45097,-3.3827343,-463.89474,-186.63858,129.99756,-4.300306,-465.71588,12.036436,55.991478,519.5222,0.00010956917,9.485489,46.669388,483.6966,0.00018859282,-0.028391037,0.85842806,1.0,-1.0,-2.785355799037819,1.1642293533148687,-1.267679157327577,-7.668550692793795,-278.5355799037819,82.35650519861903,-180.36605928760065,-453.834636187018,-0.1838635,0.68168724,1.0,-1.0,10,-2.964496997659372,1.126456367779506,-1.0113207790847334,-8.917724556386194,-296.4496997659372,81.81114548590615,-153.18005661413082,-447.96378920674505,-0.10896976169923182,0.692104230526223,1.0,-1.0,0.1000965925994012,0.04452576797074629,0.1733520841996753,0.029134651964070613,0.10372964604582068,0.04458376838958759,0.1625976869629117,0.03600195816882186,0.1580468791662146,0.06817331787247306,0.29336798492006005,0.009972899746254055,0.16298567917628073,0.06701666281597632,0.2933348426219503,0.04322645588524833,0.10367953674489608,0.02997707142410537,0.1659892500090368,0.05711764567036126,0.10996505933883878,0.029080216883134873,0.16487062575861747,0.06319374063770349,0.0009090909090909091,0.03013742628045596,1.0,0.0,0.0,0.0,0.0,0.0,18.074176375344642,4.334567824600205,26.039273860081487,8.17386049467385,18.310623118375183,4.613899493823631,25.999296414932292,11.60179426391681,-0.9990909090909091,0.030137426280455955,0.0,-1.0,-1.0,0.0,-1.0,-1.0,4510.750068344256,4198.387757237961,29039.04340218711,801.071979472181,3420.139355916939,2329.25299622813,9261.73145862326,1129.3683366589203,0.0,0.0,0,0,0.0,0.0,0,0,2.7853557990378186,1.1642293533148687,7.668550692793795,1.267679157327577,2.50327681641611,0.789776851471347,4.317088931165139,1.504952945243455,-278.5355799037819,688004,176000,1760,24.946400509099476,15.607958606997272,12.532918095137575,53.08727721123432,9650.18229556099,175
7.9724984,8.130183,187.87167,-188.50676,132.19743,-3.4560597,-451.6835,-188.74863,132.36728,-3.081657,-449.46088,-188.47911,132.18248,-5.272542,-449.0921,7.972499,28.630917,235.2874,0.00017744699,8.130183,32.68693,348.51016,1.7622951e-06,-0.057943385,0.8317461,1.0,-1.0,-2.4506728350779547,0.8596288564075936,-1.5751371736586894,-6.95267344081696,-245.0672835077955,42.1922434194451,-196.73937340616675,-330.60741582520933,-0.021543495,0.57795393,1.0,-1.0,10,-3.0127177327651955,0.8235011051315472,-1.7107103549117029,-7.193191334688566,-301.2717732765196,51.930367631217166,-227.57660762097655,-372.1361245723042,-0.026532190584444167,0.6461282035089233,1.0,-1.0,0.09900342427841555,0.03953568366103007,0.1695414158833049,0.02827932727216124,0.10234106257161688,0.038643562211792694,0.15983578363934148,0.05680962059702237,0.16433193877762986,0.07698562557546827,0.2786958008303578,0.04953566614355794,0.1670734521410343,0.0781609912188462,0.2786540614612501,0.06052663752835519,0.11104411596445825,0.05002745026376285,0.23012944859812526,0.057391556082891135,0.11644644421893496,0.053075836104537956,0.23012944859812526,0.0657061595944557,0.0,0.0,0.0,0.0,0.0,0.0,0.0,0.0,18.13439855301536,3.818934094551076,23.60376585206431,8.4961886201296,18.50305684804504,3.7713409941339666,23.44567878954127,11.896991565286505,-0.9972727272727273,0.05215203457913988,0.0,-1.0,-1.0,0.0,-1.0,-1.0,3340.060050989688,2901.1690509105188,23652.790230832252,1234.511086744435,2544.1937757630094,1227.2713363382538,5552.864067326251,1343.7429751592135,0.0,0.0,0,0,0.0,0.0,0,0,2.4506728350779547,0.8596288564075936,6.95267344081696,1.5751371736586894,2.208269250778966,0.4997855547265088,3.347027822493041,1.6440024101695756,-245.0672835077955,692004,177000,1770,22.727887577922957,16.062945377998403,12.046579320965975,50.837412276887335,9700.547179478861,176
23.298044,17.721703,186.4563,-187.46906,131.34238,-4.269419,-439.7993,-187.38953,130.81808,-4.921132,-439.28577,-186.59366,131.14664,-3.9883778,-449.82745,23.298042,189.28488,2146.6233,7.754716e-06,17.721703,120.94313,1356.8907,4.799012e-05,-0.043086395,0.8289092,1.0,-1.0,-2.522860530036431,1.0362618874220464,-1.0045461433828713,-7.840066656483822,-252.28605300364305,73.15971399131863,-149.13793673516045,-370.86846249710754,-0.03639025,0.65871686,1.0,-1.0,10,-2.855163148325491,0.8231821302934312,-1.286198048217858,-7.437900197073469,-285.5163148325491,34.199743030155304,-238.22136164546654,-339.9341812939451,-0.03198064683625673,0.6646488058795336,1.0,-1.0,0.09070665351172205,0.03167240829944101,0.16808908453469576,0.029540492499191492,0.09183520250541957,0.030263957818063493,0.16055522909757888,0.046161302419879195,0.1349640110079226,0.05027255083423263,0.25670053528658476,0.03758370765796219,0.13543989924495833,0.051248324498506186,0.2566710068221632,0.06709205315532232,0.10590798250728149,0.0404503759833824,0.1942446686116847,0.056743192532533133,0.10749632083735218,0.042812304908247646,0.19420110985846326,0.06140408410777477,0.0,0.0,0.0,0.0,0.0,0.0,0.0,0.0,19.057757709537324,2.911487398047482,24.270117439729347,9.749880074972987,19.059433289518992,2.9341136514026003,22.72742450615147,14.043090712890553,-0.9990909090909091,0.030137426280455955,0.0,-1.0,-1.0,0.0,-1.0,-1.0,3684.316943811222,3390.628047194707,30063.04179965712,499.27854782626576,2842.1083109215015,1710.9016770976798,6365.647656551173,502.16286046166766,0.0,0.0,0,0,0.0,0.0,0,0,2.522860530036431,1.0362618874220462,7.840066656483822,1.0045461433828713,2.271857885205979,0.7551306335645719,3.587896307671003,1.0074444999175352,-252.28605300364305,696004,178000,1780,24.268427594979585,15.589306971000042,12.35381837789464,52.21155294387427,9755.227591611729,177
8.992113,8.44501,186.39215,-187.67552,133.90344,-2.5326395,-507.9067,-187.52408,133.82437,-2.376249,-503.0053,-186.88828,133.62135,-2.7259235,-509.17853,8.992113,36.191525,385.07773,0.00014861606,8.44501,37.297596,411.91916,0.00018608663,-0.019853543,0.8252608,1.0,-1.0,-2.422615657844525,1.1454264802594991,-1.3683095405009624,-7.71462821726796,-242.26156578445253,47.77794635038813,-176.54798325352183,-329.72860117697365,-0.056359064,0.6005739,1.0,-1.0,10,-2.536545201795827,0.8336812300321077,-1.5809597405438258,-7.130626901551359,-253.65452017958265,44.18913279197543,-194.33254549385128,-359.75474444179684,-0.05421008651568049,0.6980018532186926,1.0,-1.0,0.08685490481919377,0.038049730606305676,0.16039582013779502,0.029645556925769208,0.08953754553934644,0.03625685884458604,0.15251635499350527,0.037645476464436466,0.1422101460248256,0.08805516010240927,0.32562275658938317,0.023071119820670942,0.14317429745691476,0.09242620999007045,0.3255755835262497,0.023100537591882343,0.08773648516463724,0.021432494410308353,0.14564908236112434,0.0567637652265405,0.09129770044508088,0.020221024417298603,0.13559055895909608,0.06470342556683467,0.0,0.0,0.0,0.0,0.0,0.0,0.0,0.0,17.16840388500534,4.300640802578454,25.899427523031495,7.082263912757701,17.31206424037865,4.344922213519581,24.65713335523743,11.068687715843511,-0.9772727272727273,0.14903269373413638,0.0,-1.0,-1.0,0.0,-1.0,-1.0,3549.0864439741504,4498.932464921326,29154.34031997536,926.7898136857641,2261.8606283536296,1220.6473270777226,5079.269740141503,926.7898136857641,0.0,0.0,0,0,0.0,0.0,0,0,2.4226156578445255,1.1454264802594993,7.714628217267961,1.3683095405009624,2.0677117459024545,0.5341038267980122,3.1996495048232587,1.3683095405009624,-242.26156578445253,700004,179000,1790,24.648241479146236,18.050010892999126,12.488674098916817,55.18692647106218,9807.560215617785,178
4.3908644,4.480874,179.87645,-180.8184,129.63925,-4.3201838,-433.67447,-180.99292,130.07393,-3.5376887,-433.5362,-180.91185,129.95155,-4.0703053,-432.6649,4.390864,17.551418,182.53355,1.4537367e-05,4.4808745,19.104424,203.90442,0.00034360433,0.015842093,0.8217375,1.0,-1.0,-2.904285469429437,0.9039218913715434,-0.8328338879514141,-6.058982084433855,-290.4285469429438,71.68226825858717,-109.11869424465914,-409.9014631666217,-0.1263536,0.74399376,1.0,-1.0,10,-2.6073020855661957,1.1994593112803853,-1.4707536740140499,-7.656175663521243,-260.73020855661963,65.10583990626834,-183.02349743671442,-390.59829352485934,-0.0511750478084469,0.6091431045541776,1.0,-1.0,0.10185422178863018,0.03860864891155555,0.1593236637451218,0.02850986068397177,0.1060280611028384,0.03916905308935104,0.15850566053572993,0.046580346677542885,0.14705587221398497,0.08953401888581033,0.3209669483233397,0.025219144678163656,0.14975657129969608,0.09180963214924877,0.3209160519500772,0.02522704390333444,0.1230697626678625,0.04400574017206612,0.21590194490664172,0.05682400826372749,0.1293481636668638,0.04525324439299598,0.21182305142544683,0.07663350964114095,0.0018181818181818182,0.04260136186858175,1.0,0.0,0.0,0.0,0.0,0.0,17.25647076690747,4.313449735029156,23.906202071867487,6.924832869122733,17.407071635067354,4.62419794586106,23.851704149801815,8.546158002810182,-0.9227272727272727,0.2670236935040821,0.0,-1.0,-0.9090909090909091,0.28747978728803447,0.0,-1.0,4584.555798507278,2651.5237335163883,17785.404744150474,344.2243153295349,4139.390182205094,1943.7029417103347,8230.153039571182,377.9660664444479,0.0,0.0,0,0,0.0,0.0,0,0,2.904285469429437,0.9039218913715434,6.058982084433855,0.8328338879514141,2.782957745505862,0.778093469429096,4.073185636770472,0.8725802813349586,-290.4285469429438,704004,180000,1800,24.778340029079118,15.205516743000771,12.47377060605504,52.45762737813493,9861.029110106923,179
55.63305,47.99283,185.84149,-186.44547,128.97247,-4.4503083,-482.05475,-186.36856,129.34853,-3.603919,-481.3068,-187.95557,130.56999,-3.8437781,-483.4333,55.63305,534.47894,6063.5317,0.00035915617,47.99282,463.4016,5261.796,6.934699e-05,0.016693767,0.8280847,1.0,-1.0,-2.79826528011263,1.084332803279656,-1.1006946517487954,-7.579545849672393,-279.826528011263,90.29808198319571,-128.84882232524353,-474.55082560863747,-0.058381166,0.79266095,1.0,-1.0,10,-2.667723766243026,1.1132401709714053,-1.2018271554994977,-10.404566743762071,-266.77237662430264,70.61532125914012,-174.34019124758595,-431.18011744578365,-0.06935332152218396,0.704830944715715,1.0,-1.0,0.09644650990777599,0.03789614046020744,0.15691879969083516,0.02904748384923246,0.10166087332955422,0.03854825105548958,0.15569276870098647,0.03458477034169689,0.12947428613797443,0.06832246955333943,0.23039405105099706,0.04274454590580833,0.13270593386340915,0.06913992261208064,0.23034445598126776,0.04276271784772294,0.12353305824178051,0.037397229541148914,0.18521609590737917,0.0570591620851745,0.1302153881276162,0.03575245195633026,0.18173727677857132,0.07133730716217533,0.0,0.0,0.0,0.0,0.0,0.0,0.0,0.0,17.78018468016057,4.114218963902687,23.427834994259758,8.044903774422382,17.99189088870505,4.16379249009896,23.047917922645677,8.254291812949996,-0.9436363636363636,0.2306225853196172,0.0,-1.0,-0.9090909090909091,0.28747978728803447,0.0,-1.0,4458.095440524789,3806.753963344622,28124.77900253336,601.7663934363064,3876.455835670193,2944.947904328639,12070.692689147421,769.5460093282816,0.0,0.0,0,0,0.0,0.0,0,0,2.79826528011263,1.084332803279656,7.579545849672393,1.1006946517487954,2.6306389715772553,0.9516257235662032,4.934075608754251,1.244199013618286,-279.826528011263,708004,181000,1810,24.988169134121563,16.217100583999127,12.739560128953599,53.94482984707429,9913.514676743995,180
4.81993,4.32131,191.91931,-192.91766,138.1704,-5.0137167,-581.12665,-193.12383,138.49797,-4.724656,-580.6995,-193.3638,138.55911,-5.179478,-582.68665,4.81993,14.775729,122.938614,6.247405e-05,4.32131,17.632803,179.12929,0.00011736993,-0.0010214392,0.82194406,1.0,-1.0,-2.856038394573361,1.0084213838361482,-1.3837240074145454,-7.769754820526824,-285.6038394573361,58.7881442209024,-179.50330513362084,-377.48041846465213,-0.17679906,0.7094999,1.0,-1.0,10,-2.9390650343373634,0.9511910115374569,-1.563987861972146,-7.796854814092621,-293.90650343373636,66.94974840727335,-205.47237431986596,-431.2668081091211,-0.030639126551606537,0.612945583774279,1.0,-1.0,0.09797697979955246,0.031554392767380174,0.15696822740470417,0.02961345479233973,0.0998569114889827,0.029840458757553274,0.14595987508202252,0.05241141220606007,0.1594407067293517,0.0767685296375764,0.3336412948116979,0.03379865830973594,0.16593235509794457,0.07771859373689616,0.3335918306509217,0.05512139381848016,0.1085875376862769,0.04398789129425299,0.24968721351085565,0.05676071432013817,0.11466577846433097,0.04788007880781179,0.2413682422059336,0.06955597936705991,0.0,0.0,0.0,0.0,0.0,0.0,0.0,0.0,17.274510157197604,3.7161134478675053,25.017288908454972,9.162143164058733,17.370813437782576,3.8429113480136974,24.2913850557707,11.439932220596484,-0.9981818181818182,0.04260136186858175,0.0,-1.0,-1.0,0.0,-1.0,-1.0,4545.0263335264035,3812.4555369593813,29527.712607028865,951.2762195690898,3674.944777680621,1744.6170540688813,7235.043844511865,1135.1542502022494,0.0,0.0,0,0,0.0,0.0,0,0,2.856038394573361,1.0084213838361482,7.769754820526824,1.3837240074145454,2.6384588255939945,0.6602900921274036,3.8174470115638677,1.5128043002770821,-285.6038394573361,712004,182000,1820,24.871449633094016,14.751192330004415,12.661317912119557,52.28395987521799,9967.632453149221,181
17.506908,12.81881,188.15363,-189.2441,136.9019,-7.7295656,-558.6481,-188.64618,136.56102,-7.559805,-564.7292,-188.55467,136.85083,-8.622102,-565.98505,17.506908,139.49469,1579.1383,0.0008944422,12.81881,89.34166,1006.92914,0.00017420971,-0.17009795,0.8392875,1.0,-1.0,-2.3765462481659037,0.8592776979211821,-1.070376603361265,-6.555814776724449,-237.6546248165903,56.23139709758972,-163.34607013310247,-313.45989193179685,0.0144034885,0.6780034,1.0,-1.0,10,-2.4747380589209635,1.082536861386888,-1.492484591798782,-7.644050836340867,-247.47380589209632,55.47295545954652,-197.3089818161537,-394.5009664219491,-0.06810315328644638,0.5753879307119716,1.0,-1.0,0.10024438802598842,0.03956613094997838,0.184321042871877,0.02869967711002494,0.10250714829421698,0.037951506313788304,0.16073880138470667,0.05507305569135534,0.13296677348671743,0.06981485416028793,0.25524283305224843,0.02285387570381329,0.13511424046740725,0.0712892078366097,0.2551923573770001,0.02286986051824708,0.1113795972586219,0.02906788550501412,0.17163918424560867,0.05744236851647402,0.11498915921218811,0.028048265854389205,0.17163918424560867,0.06232728446669735,0.0,0.0,0.0,0.0,0.0,0.0,0.0,0.0,18.154569461613725,4.615972305333742,25.702886710181946,9.657257481730266,18.869274094036424,4.507321711454462,25.025368136457935,11.724666506579352,-0.9718181818181818,0.165492003751798,0.0,-1.0,-1.0,0.0,-1.0,-1.0,3161.1177180161462,2547.5116467909534,21167.389045105112,557.7854292882316,2556.748696480842,1416.9906562277781,4556.071156387736,667.5437825113164,0.0,0.0,0,0,0.0,0.0,0,0,2.3765462481659037,0.8592776979211821,6.555814776724448,1.070376603361265,2.1747714125681608,0.6588569814461955,3.0273243643812653,1.1708502609409208,-237.6546248165903,716004,183000,1830,27.384811198920943,16.604137968999567,12.874664347029466,56.863613514949975,10023.46421856116,182
6.6224856,5.66299,193.47076,-194.20938,135.70782,-9.315702,-478.53918,-194.48769,136.07695,-9.929911,-482.11505,-194.54686,136.43518,-9.7035265,-484.59412,6.622486,22.025677,233.80699,0.00031885807,5.6629896,25.402985,278.39856,5.4458806e-06,-0.059117652,0.8295405,1.0,-1.0,-2.542156559078172,1.0568924674135098,-1.1043630805500861,-7.890330059733316,-254.2156559078172,62.52916027388203,-168.18298681194176,-384.30760958757907,-0.018401543,0.6531349,1.0,-1.0,10,-2.773777513069779,0.8303787697428232,-1.731689197142818,-6.916214009126115,-277.3777513069779,57.442614851661624,-202.07781208663752,-399.0960224386213,-0.08355964230024947,0.6725744239950568,1.0,-1.0,0.10027352872377164,0.03795347219222754,0.1562765578555407,0.030897672078724087,0.1023418539778655,0.03705564616403473,0.1562765578555407,0.03956611466569867,0.16321820281969007,0.07555605914940276,0.3140985370349265,0.026324524113259938,0.1661144173329179,0.07863667004790127,0.3140485747965797,0.05058028330502814,0.10658433084946518,0.03398782211590399,0.16224505521744786,0.05720668347488921,0.1104137887846417,0.033623742397387704,0.15048288591207593,0.06253948507316623,0.0,0.0,0.0,0.0,0.0,0.0,0.0,0.0,19.240104391962518,3.7333897036941455,26.478975287137228,8.649133182339368,19.355156357138135,3.951582901567252,24.80371448413903,11.86907949499198,-0.9963636363636363,0.06019252857180673,0.0,-1.0,-1.0,0.0,-1.0,-1.0,3752.095817352339,3584.0462076214244,30394.46729581966,598.1229210779122,2911.1259074543214,1908.4056432966481,7531.743111226248,603.1356181441163,0.0,0.0,0,0,0.0,0.0,0,0,2.542156559078172,1.0568924674135098,7.890330059733316,1.1043630805500861,2.297005020579,0.7706485008576137,3.8927700401894123,1.1088393627227842,-254.2156559078172,720004,184000,1840,23.775071076081076,15.560645129997283,12.371836833044654,51.70755303912301,10074.472457227297,183
11.561102,10.2301855,185.51189,-186.33365,135.99371,-5.7192726,-506.57364,-186.29556,135.68915,-6.5723667,-498.65863,-185.88959,135.6237,-4.9670825,-504.11978,11.561102,41.72313,397.9421,8.085957e-05,10.230185,41.83582,430.91846,9.313226e-06,-0.01027442,0.8287402,1.0,-1.0,-2.7425954460263586,1.0331455346671654,-1.560998583159421,-7.185868870308909,-274.2595446026359,77.57670523927526,-194.99310806822547,-449.6977278470906,-0.022730343,0.68582916,1.0,-1.0,10,-2.529476265449644,1.1331954350593152,-0.9838602359860635,-7.882748608132234,-252.94762654496435,72.07407261734996,-158.16680831581684,-352.62082056050036,-0.17979857852179018,0.6280645150876575,1.0,-1.0,0.08840579521319065,0.03188341079969,0.1528226850431511,0.029767840511396908,0.08759731064756018,0.03228942319225826,0.1528226850431511,0.04792352855027077,0.12250071781732365,0.05486894527772412,0.2354325421669688,0.010302860882652668,0.1239628083506039,0.05461597987735474,0.23539979550228804,0.026229465938346973,0.1154029840017309,0.042167521928667615,0.205493849807109,0.057019860466864594,0.11957836063182739,0.04201038872764202,0.19965698011251862,0.06431431707850396,0.0,0.0,0.0,0.0,0.0,0.0,0.0,0.0,17.340788856413095,3.318664612240027,24.702164363875085,8.014375780214085,17.402461626891988,3.531649302147306,24.69244390196312,13.00091854915937,-0.9990909090909091,0.030137426280455955,0.0,-1.0,-1.0,0.0,-1.0,-1.0,4254.474173278572,3540.879996523615,25381.634376896367,1207.4182026925137,3504.3867806968333,2291.7027774197036,8804.22276663342,1495.1543128508727,0.0,0.0,0,0,0.0,0.0,0,0,2.7425954460263586,1.0331455346671654,7.185868870308909,1.560998583159421,2.535163106991513,0.7989662011451577,4.207846921511307,1.737120187341062,-274.2595446026359,724004,185000,1850,24.015588326998113,14.84618754999974,12.155112978027319,51.01688885502517,10124.838359815323,184
6.4129176,6.306581,182.5363,-183.7476,133.81404,-6.1344852,-468.4339,-183.58246,133.89954,-5.431514,-467.30966,-184.12703,134.20093,-6.01508,-467.1919,6.412917,14.880382,105.070946,9.521848e-05,6.3065815,16.942993,149.30978,0.00032691212,-0.11921698,0.8145234,1.0,-1.0,-2.6270806472065513,1.0825039553016267,-1.066149910962261,-7.998011754704233,-262.7080647206551,77.13872008440757,-132.78244090983347,-381.1537992061805,-0.03667516,0.78388023,1.0,-1.0,10,-2.7490593244122468,1.0071914552107606,-1.1040227809839906,-7.209614992862395,-274.90593244122465,54.751932171616176,-196.62876703961305,-371.6314513928054,-0.16252563557166463,0.6802026304884549,1.0,-1.0,0.09444086809798959,0.03951637962083101,0.17314280109792793,0.028339262927181103,0.09952469882857251,0.03932528154065158,0.17166716009744626,0.05219448313803036,0.117312464446614,0.06444557303929366,0.21703950872569686,0.007341494929987772,0.11886503973726645,0.06589556327021248,0.21700526141489068,0.030408132026978875,0.12267163161626324,0.039724016527222065,0.21468848197597729,0.057014750550412566,0.12974348665877625,0.03764568735450344,0.20863938888995742,0.08750363309454817,0.005454545454545455,0.0736531967291967,1.0,0.0,0.0,0.0,0.0,0.0,17.347040060384167,3.542544665711244,23.685627831712452,4.589800302894852,17.755659983183715,3.8082683912380273,23.684585383221016,12.271115862298718,-0.9927272727272727,0.0849696105130758,0.0,-1.0,-1.0,0.0,-1.0,-1.0,3997.618634304747,3512.7354332462437,31334.387109210533,564.1129719804694,3007.5747726798536,1704.488711513111,6108.770591284009,581.5156866221673,0.0,0.0,0,0,0.0,0.0,0,0,2.6270806472065513,1.0825039553016267,7.998011754704232,1.0661499109622607,2.3465284591282844,0.7431461487067997,3.5142968663294076,1.0816073570512454,-262.7080647206551,728004,186000,1860,24.84182042910834,14.204913375993783,12.749444509943714,51.796178315045836,10177.271714241382,185
6.759803,6.181391,181.87798,-183.39365,130.10326,-6.4874716,-476.59595,-183.33362,129.77718,-7.5060024,-478.45828,-182.90422,129.2877,-7.6003027,-477.22867,6.759803,14.996369,112.15578,0.00012646639,6.181391,16.114561,103.649025,0.0019388256,-0.07762472,0.86701006,1.0,-1.0,-2.775761111943362,1.1334534816857595,-0.9511821169802822,-7.465627354568176,-277.57611119433625,84.09699845314589,-102.4955918677218,-422.2907431658887,-0.09493486,0.64459115,1.0,-1.0,10,-3.0303814059659766,1.217977586956216,-1.5891940522385601,-7.997965650321238,-303.03814059659766,76.95225554915005,-210.49317222340113,-425.27145350120907,-0.13882187502173587,0.614542846209424,1.0,-1.0,0.09240955442007877,0.03340465792112057,0.1546623131022341,0.030653972346497783,0.09832126793083389,0.03249011969429629,0.14981967591688677,0.04006238889362313,0.15104951563790306,0.05411784403404077,0.24395201978185055,0.013668052296348756,0.15151066703740515,0.055614138414893766,0.24391748691858842,0.08378378651207943,0.10525194214977296,0.03787259854705024,0.21805571302658006,0.05759435833515771,0.11351570068787703,0.0376200829930306,0.21764096555994625,0.07143437082929897,0.0009090909090909091,0.030137426280455955,1.0,0.0,0.0,0.0,0.0,0.0,16.893772794235677,3.536089370602399,24.828929189984436,7.054644732582953,17.421770446844,3.460623052436535,24.227504935225788,12.517808613631413,-0.9990909090909091,0.030137426280455955,0.0,-1.0,-1.0,0.0,-1.0,-1.0,4454.957800067445,3880.8646477922657,27187.32931058027,450.0933971507582,3603.0961509615413,2297.105826721524,8705.789470737569,537.9749152160325,0.0,0.0,0,0,0.0,0.0,0,0,2.775761111943362,1.1334534816857595,7.465627354568176,0.9511821169802822,2.5576132277379044,0.8440271420763449,4.186902304389171,1.0395940251597156,-277.57611119433625,732004,187000,1870,24.27535373200226,14.835936237999704,12.675551484127936,51.7868414541299,10226.176029652503,186
4.383516,4.139047,187.8605,-189.31311,134.9358,-7.8486805,-490.2797,-189.25136,134.73839,-7.927232,-487.24365,-188.84024,134.77635,-8.301765,-486.87372,4.383516,8.942268,53.209652,2.5048852e-05,4.1390467,9.958987,64.91659,0.004253135,-0.028942464,0.8505799,1.0,-1.0,-2.7574403789964594,1.0652799215583078,-1.3100079772797522,-7.1152418706895935,-275.74403789964595,70.78521662227337,-159.34379378561673,-401.9068724779317,-0.13130368,0.6152261,1.0,-1.0,10,-2.5726746797707425,1.0831876330477894,-1.1530225090609092,-7.65594225319255,-257.2674679770742,68.10972598555503,-154.95547768963038,-399.2850556070993,-0.10814045052534084,0.6468019562928855,1.0,-1.0,0.08764974688349335,0.027978676236707,0.1520652627504637,0.028191010596620093,0.0900748613389472,0.024886982029981894,0.14742402957086737,0.04809514335997415,0.13833308687750767,0.06635480643773212,0.26351491126056403,0.01772004290833403,0.14197620685818163,0.06699807981543764,0.26346390384138796,0.060801070877707246,0.10570440548087347,0.026311162045126606,0.158388696831831,0.057156231750797336,0.10961846276449115,0.02530211624596352,0.1495390054022505,0.07292676515802907,0.0,0.0,0.0,0.0,0.0,0.0,0.0,0.0,17.2971617512629,3.5979274593347044,25.941729278416137,9.400771357424416,17.371187152821445,3.4949514351412048,24.71850160132771,12.685896287964397,-0.9954545454545455,0.06726658448613064,0.0,-1.0,-1.0,0.0,-1.0,-1.0,4329.857898384614,3563.817405970174,24643.65856022344,851.1519344175356,3503.69098410146,2202.131195028229,8538.940820522404,960.3824684815529,0.0,0.0,0,0,0.0,0.0,0,0,2.7574403789964594,1.0652799215583078,7.1152418706895935,1.3100079772797522,2.5276563252968476,0.8165560164580737,4.15557861959354,1.391097334642106,-275.74403789964595,736004,188000,1880,24.69259518011677,11.973139205001644,12.683138579937804,49.348872965056216,10279.478037200563,187
7.3183827,6.504895,180.75464,-181.93755,129.7651,-7.124952,-461.7345,-181.84949,129.90976,-6.946905,-461.96472,-182.00032,129.96036,-7.3489285,-464.78018,7.318383,25.55113,241.09177,1.5663773e-05,6.5048943,26.815372,276.01025,1.9581057e-07,-0.19892523,0.81654704,1.0,-1.0,-2.989931384129019,1.0931378412659438,-1.5663685735804538,-8.160046459203656,-298.9931384129019,83.75016770769128,-189.45710503234352,-462.53875141662223,0.07262912,0.78000176,1.0,-1.0,10,-2.453482070649561,1.1005011399085989,-1.0694570185037622,-7.547392408729632,-245.34820706495606,47.95777764345554,-164.4671155010264,-318.9026013534628,-0.07511686313503213,0.62489221705182,1.0,-1.0,0.08263156048483317,0.02754793409268793,0.14068557195948428,0.030807350738947314,0.08939151995719767,0.028220224151960988,0.14061730978168765,0.04950671432814554,0.14692421324306798,0.06808144672827958,0.2796757284992591,0.03645298883385334,0.15204614739837485,0.07065626849561953,0.27963532679502945,0.04349550211911945,0.10662051719447893,0.03796104157406238,0.20331363661182442,0.05713199947281048,0.11245153018093616,0.04115354420585365,0.203312565065641,0.06625147709998122,0.0,0.0,0.0,0.0,0.0,0.0,0.0,0.0,18.45500768430556,4.0326775860689095,29.656267632985475,9.692239966640026,18.996346123659862,4.249619177722082,29.656267632985475,13.448252167155525,-0.9990909090909091,0.030137426280455955,0.0,-1.0,-1.0,0.0,-1.0,-1.0,5009.3886242992785,4082.051106028119,32637.021469589297,1216.4581674731,4493.304739201932,3591.313786988416,14652.172045072419,1415.6792916097386,0.0,0.0,0,0,0.0,0.0,0,0,2.989931384129019,1.0931378412659438,8.160046459203656,1.566368573580454,2.8298437883941987,1.0409328741341972,5.4535064614043,1.6899557891645538,-298.9931384129019,740004,189000,1890,21.713175482051156,15.90594708199933,12.127990675864567,49.74711323991505,10325.917415588483,188
6.735107,4.463582,183.82675,-184.92647,130.56581,-7.6628523,-420.0832,-184.95023,130.7834,-7.5638237,-429.68124,-184.64507,130.88957,-7.234954,-436.57794,6.7351065,25.352766,272.0768,0.0026788712,4.463582,10.990818,88.814865,0.0008348878,-0.026656792,0.8303682,1.0,-1.0,-2.888740582741102,0.830138715234897,-1.704024539305927,-7.315804472365297,-288.87405827411015,33.746869488083576,-256.60441847953365,-360.122845323219,-0.15517335,0.6855262,1.0,-1.0,10,-2.6114974706280636,1.2079734426765156,-0.3854895517469923,-7.552116400398792,-261.1497470628064,51.263880072126845,-152.93442942844507,-317.15012466676797,-0.08394529029013294,0.6399095606127728,1.0,-1.0,0.08872427524960247,0.03406239226053861,0.15534525786493758,0.029976968657232258,0.09192121874675024,0.03062947558427819,0.14282418972718294,0.052550804619569444,0.1753695120706138,0.06526250350998233,0.3051481630089118,0.0629180070280505,0.17908601225497114,0.06686052903989606,0.30511654010349853,0.06294804253262563,0.11404764489682319,0.037156277696762316,0.18389707329232394,0.05687417897686106,0.11836820809219456,0.03629397878500414,0.1719654980667158,0.0673626776963218,0.0,0.0,0.0,0.0,0.0,0.0,0.0,0.0,17.12701544579731,2.298913122942327,21.467152021564367,9.699386219815047,17.423589305696936,1.702373151041923,19.428440846488176,14.213339089524945,-0.9990909090909091,0.030137426280455955,0.0,-1.0,-1.0,0.0,-1.0,-1.0,4473.829606764479,3333.2135249714315,26335.942271791242,1442.5974423887712,3565.307013647773,1124.6608448050997,6443.642723707523,2321.5631124543743,0.0,0.0,0,0,0.0,0.0,0,0,2.888740582741102,0.830138715234897,7.315804472365297,1.704024539305927,2.6514992966141695,0.39550062662857566,3.6093900864842543,2.1610376855932034,-288.87405827411015,744004,190000,1900,28.83320233806444,12.609283621997747,13.14169971802039,54.58418567808258,10380.361249929563,189
15.483075,17.298601,183.64415,-185.1835,129.94627,-8.348348,-453.34174,-185.3428,130.03857,-8.637503,-456.20044,-184.86182,129.87752,-8.566326,-454.39896,15.483075,130.0199,1475.0564,0.00031113997,17.2986,135.24713,1529.1661,5.6531877e-05,-0.048360933,0.8140468,1.0,-1.0,-2.2703966580701542,0.8294862279597324,-1.1042241667241735,-6.434892841130884,-227.03966580701544,57.712364088191165,-142.730836185613,-366.6689833240155,-0.16057654,0.7426749,1.0,-1.0,10,-2.8700503011468963,1.043815229449717,-1.6292001892188563,-7.902018441812406,-287.0050301146897,55.73395011802202,-206.10173880073577,-362.5415357426649,0.04167441101567958,0.5857850267075715,1.0,-1.0,0.08909095653295043,0.017978640693082897,0.15000122465890128,0.02877734214489089,0.09218453006063553,0.017379944949456824,0.12300291220983318,0.06730694947554666,0.13892963145782655,0.06306755058590315,0.2653569931717175,0.02221787392525026,0.13993281284549877,0.06442636071009895,0.265304649516225,0.022327231695939403,0.10015858487563158,0.024103971562043917,0.14618300991790112,0.056800956142038166,0.10349459394116546,0.024921140182564822,0.14618300991790112,0.06756402834867549,0.0,0.0,0.0,0.0,0.0,0.0,0.0,0.0,16.579949867813138,3.1904743470080525,23.627503376396223,10.91038114654037,16.851443810403175,3.379425400212196,23.627503376396223,12.058092118740076,-1.0,0.0,-1.0,-1.0,-1.0,0.0,-1.0,-1.0,2896.7650928774465,2431.534745243433,20399.353516802956,602.7097906338186,2398.1008005360527,1388.6591258077926,5436.615907259981,602.7097906338186,0.0,0.0,0,0,0.0,0.0,0,0,2.270396658070154,0.8294862279597324,6.434892841130884,1.1042241667241735,2.1005881807991558,0.6487856240718365,3.3077611173913586,1.1042241667241735,-227.03966580701544,748004,191000,1910,20.751599831914064,12.473809673996584,11.71977248496114,44.94518199087179,10427.762543967438,190
7.601856,6.0345745,181.70798,-182.4765,127.74173,-7.0416327,-450.75204,-182.51091,127.80612,-7.5718484,-451.08273,-183.20457,128.1044,-7.355447,-454.28198,7.6018553,32.617336,354.93396,2.9927796e-06,6.0345745,23.367111,253.71703,3.5051256e-05,-0.048732925,0.82842606,1.0,-1.0,-2.5893410539059403,0.9841377765753102,-0.871409303891567,-6.69002680766999,-258.9341053905941,65.22937973961328,-128.3887477383471,-369.8308484903532,-0.04529178,0.77469915,1.0,-1.0,10,-2.4957638842864207,1.067563938896823,-1.35009770633436,-7.5330681229814145,-249.57638842864208,64.29737023297444,-175.85595004101702,-378.80621039184257,-0.05757961405676011,0.6088353936331655,1.0,-1.0,0.09712391937776425,0.03066169450981948,0.15567929929770122,0.029323587747312713,0.1008032358824355,0.029184796050446153,0.15567929929770122,0.04853107206189042,0.11898411529331859,0.07189900931068613,0.28258503447246847,0.02593041716577259,0.1184544209402017,0.07238015071051718,0.28254186298128664,0.02593143238874005,0.11530954849107353,0.03806186102327219,0.1947832986348703,0.057055381214453096,0.11828973377200859,0.03593575016053056,0.19270443982086644,0.07898356803708846,0.0,0.0,0.0,0.0,0.0,0.0,0.0,0.0,17.869173749787716,3.9633003190283205,26.13925797305226,10.423879809392533,18.575667752436132,3.9178759004384793,24.340798020794626,11.909314522474943,-1.0,0.0,-1.0,-1.0,-1.0,0.0,-1.0,-1.0,3795.6719170261867,3150.2086365894174,21790.474926793402,378.8927596250288,3078.6119965618254,1651.1175148148059,6340.654495321989,447.08843299375457,0.0,0.0,0,0,0.0,0.0,0,0,2.5893410539059403,0.9841377765753103,6.69002680766999,0.871409303891567,2.3902737867363286,0.707718599454749,3.573352303635398,0.9467443517831078,-258.9341053905941,752004,192000,1920,26.130675608932506,14.91649413000414,12.687942884098447,53.73511262303509,10483.94581561249,191
4.8091097,4.37906,182.34909,-183.02924,136.40717,-8.377726,-522.2468,-183.0457,136.88168,-8.34668,-523.8537,-184.039,137.00243,-9.331309,-525.74036,4.8091097,9.6098,61.783688,1.4901161e-08,4.37906,8.8597355,72.03227,0.0009746561,-0.09892426,0.82224554,1.0,-1.0,-2.530731845986113,1.08678950357441,-1.174087584947893,-7.481317681023706,-253.07318459861133,56.28511222062242,-159.01117662987443,-325.4213646360636,-0.07777349,0.62434936,1.0,-1.0,10,-3.1200524800671445,1.3048456792946137,-1.2223795575041678,-8.01735879919967,-312.0052480067144,104.00225974092126,-183.71690204498879,-528.2332383516155,-0.027053992057163426,0.6266951693091384,1.0,-1.0,0.10615335443124,0.03839386396741,0.15972809573742022,0.02768358815314884,0.10855686711717862,0.03672174957679817,0.15972809573742022,0.03942558302164595,0.07746464531727586,0.043114991965528274,0.17816152565470209,0.03342855390475142,0.07520820479395555,0.042284735971520916,0.15815615888129236,0.03377161329088331,0.10080461280795525,0.028615669725465007,0.167381132257304,0.056815086493283345,0.10167963469125864,0.02753663783254795,0.1649991371845275,0.06380598350868691,0.0,0.0,0.0,0.0,0.0,0.0,0.0,0.0,18.587456389263735,3.0581637769642285,25.47475097683578,7.929795766578984,19.04414043915614,2.6736791445587254,23.018588012282606,12.904697844249002,-0.9972727272727273,0.05215203457913988,0.0,-1.0,-1.0,0.0,-1.0,-1.0,3755.7701997555732,3765.256730978004,27558.267057184057,684.0945024341947,2709.6841503699666,1574.2799460188196,4967.878013281304,684.0945024341947,0.0,0.0,0,0,0.0,0.0,0,0,2.530731845986113,1.08678950357441,7.481317681023706,1.174087584947893,2.227475176064223,0.7060051866087597,3.165371777894104,1.174087584947893,-253.07318459861133,756004,193000,1930,24.236042941105552,17.37345584200375,12.73066050082707,54.34015928393637,10539.184237179412,192
18.291725,11.9875145,190.0438,-191.42676,137.47807,-9.146358,-493.75616,-191.01239,137.37999,-8.818141,-495.7266,-190.74126,137.65007,-8.334245,-495.56583,18.291725,90.044365,825.9984,0.00048548356,11.987515,60.704254,632.6128,4.8626447e-05,-0.088848196,0.8270207,1.0,-1.0,-2.5503576010096003,0.8517290515919288,-1.3545827818904357,-6.536805241832554,-255.03576010096006,64.93178972423364,-152.9477295690334,-354.03092985422376,-0.062277686,0.7561661,1.0,-1.0,10,-2.7670458630707233,1.1000861310275083,-1.5184335178675097,-8.400863489062687,-276.70458630707236,41.703604719041024,-194.89754839547012,-353.7164507682439,-0.007377135478734161,0.6813226768570672,1.0,-1.0,0.09939104705155186,0.033470840254391634,0.18085194504890323,0.028335422640491697,0.10182468308935409,0.034212451275328105,0.18085194504890323,0.06808099255138943,0.12253265061784258,0.047741189477958176,0.1953565013687382,0.020556722660409713,0.12461164846890553,0.047394189493729845,0.19533860849388768,0.06451332086663338,0.11638514583093734,0.03266756832593057,0.17568629591115884,0.056933051134389435,0.11851821464920052,0.03357635645836363,0.16452269338897407,0.06944516758440587,0.0009090909090909091,0.030137426280455955,1.0,0.0,0.0,0.0,0.0,0.0,18.188090637659744,3.231383174412932,24.311344918246466,6.660040536376227,18.44003171285576,3.181735078732013,24.168479508826174,14.971603519895243,-0.9945454545454545,0.0736531967291967,0.0,-1.0,-1.0,0.0,-1.0,-1.0,3577.569245924257,2592.8308754966265,21055.524095439778,909.491915466738,3074.5236443655376,1488.5616358935372,5255.597516558548,934.1094149322605,0.0,0.0,0,0,0.0,0.0,0,0,2.5503576010096003,0.8517290515919288,6.536805241832553,1.3545827818904357,2.4098901992234727,0.6308099997773913,3.248763986090543,1.3731081899941209,-255.03576010096006,760004,194000,1940,36.039885933067126,18.27035005899961,14.92662948799989,69.23686548006663,10607.651953845489,193
5.154766,6.1577597,193.95181,-194.71783,141.23164,-8.489339,-494.2097,-194.10089,141.25085,-7.939576,-491.693,-194.61436,141.06775,-7.9740453,-501.2499,5.154766,13.211385,96.34805,0.00022446702,6.15776,17.963484,117.61207,0.0003999039,-0.077157475,0.84570515,1.0,-1.0,-2.889326405733048,0.9876625059192357,-1.7561429229989782,-9.171990435107348,-288.9326405733048,74.83389506159504,-210.19966865026063,-449.9360254878618,-0.06861747,0.73331654,1.0,-1.0,10,-2.703512599313889,1.2663783839330613,-1.2214474651584821,-7.776202505255931,-270.3512599313889,90.97974026228101,-152.0971030881316,-466.26679847853586,-0.09501431859499208,0.649983863860045,1.0,-1.0,0.08902346113041323,0.03711564035022526,0.16062534468545925,0.03019208186632912,0.09004931209858126,0.03836739951370679,0.1482293797553066,0.03640045102671068,0.14169285259199563,0.07712268979832188,0.27761602435733723,0.017576126608277495,0.1454518500598322,0.07909096479189535,0.27759477219688944,0.01760492114848223,0.10319103948898012,0.02361438814039338,0.15399704418263743,0.05704072896089653,0.10740349508609488,0.02090065111404579,0.14572576713097027,0.06885874026539081,0.0036363636363636364,0.06019252857180673,1.0,0.0,0.0,0.0,0.0,0.0,16.42426958412832,4.206475569947952,22.87203692391273,5.685594279799995,16.435608334859776,4.165248194453021,22.714017642471674,9.768162235756135,-0.9118181818181819,0.2835591386712249,0.0,-1.0,-0.9090909090909091,0.28747978728803447,0.0,-1.0,4617.184916268087,3952.366514843841,41332.9921712115,1529.3456193924567,3894.292406061381,2264.703917121567,8181.600857212281,1555.4699853023176,0.0,0.0,0,0,0.0,0.0,0,0,2.889326405733048,0.9876625059192357,9.171990435107348,1.7561429229989782,2.6934309750929675,0.772013675838602,4.057467356617265,1.7714187951674387,-288.9326405733048,764004,195000,1950,25.27270661003422,17.5040784810044,12.369909512060985,55.146694603099604,10663.186292578583,194
12.037443,8.10717,182.9313,-184.09094,134.76236,-6.8988876,-586.86163,-184.50067,134.66525,-7.1153374,-588.0058,-184.40945,134.74838,-7.236952,-587.5307,12.037442,34.38249,266.6605,2.4630586e-05,8.10717,19.390123,131.98727,0.0003603138,-0.0142616555,0.8420606,1.0,-1.0,-2.7411815419580132,1.207828433691972,-1.0931762324189593,-9.226571840108083,-274.1181541958013,82.33620212921876,-146.36853147791615,-437.82351072142785,-0.03527227,0.7227363,1.0,-1.0,10,-2.8110243769739016,1.0710990025511171,-1.3512423513615586,-7.656544240326032,-281.10243769739014,59.40158557796831,-187.4038082595816,-371.6152816742853,-0.11392489980272424,0.6400740051862998,1.0,-1.0,0.10165766175448392,0.03072556123900257,0.16653900194171312,0.029143596653238332,0.10906652376887814,0.03086642521085021,0.16653900194171312,0.06070685142192215,0.13013273041137324,0.08868901916517047,0.27951862651178805,0.018500534716798248,0.13060671965597567,0.09151747532389799,0.27946706542500405,0.01955462047269425,0.11071469011295319,0.03159079493379917,0.17148449664769108,0.056972827511430665,0.11654381279228007,0.028621903914355297,0.1610797200924461,0.06946179328136572,0.0,0.0,0.0,0.0,0.0,0.0,0.0,0.0,18.97961072590455,3.1357523004059087,23.971291942034377,8.692689173069084,19.72067585930638,3.029744040481305,23.85582769862464,13.486231747647285,-0.9990909090909091,0.030137426280455952,0.0,-1.0,-1.0,0.0,-1.0,-1.0,4442.287059892596,4506.455983123455,41800.5309875729,591.1494156441577,3401.7085836930205,2471.945179119139,9009.370976716384,613.0244306081328,0.0,0.0,0,0,0.0,0.0,0,0,2.7411815419580132,1.207828433691972,9.226571840108083,1.0931762324189593,2.4569332522396836,0.9037074332413352,4.251575084654803,1.1133616991932258,-274.1181541958013,768004,196000,1960,25.724104069828172,17.879684123996412,12.621468477977032,56.22525667180162,10716.515693183384,195
17.954525,16.567123,180.64236,-181.47992,133.3597,-7.894136,-514.73895,-181.8739,133.85504,-7.650115,-516.2781,-182.71167,133.5647,-8.583823,-514.42584,17.954523,82.44427,803.6744,0.0004193196,16.567123,69.97142,575.6646,0.00016742945,-0.08857618,0.8500037,1.0,-1.0,-2.838920844367273,0.9487222280614186,-0.9542649809058729,-6.130872113444393,-283.8920844367272,76.35226686518745,-141.3469791055011,-404.7323425093757,-0.03176372,0.636928,1.0,-1.0,10,-2.553996083622619,0.961308967264583,-1.056277799834988,-7.243508909215891,-255.39960836226197,67.41660384152583,-118.25628985555687,-346.51506600326445,-0.15266478602049202,0.6846895444585076,1.0,-1.0,0.09922995907525009,0.03429642045890671,0.17711331376161096,0.031243510462584032,0.09893280851202911,0.031436723471499145,0.16413027614624323,0.05355748024636683,0.1527515824196104,0.05796513171674105,0.2666794990182001,0.039697479967291574,0.15588552273733478,0.05871602625370225,0.2666481454194234,0.03972268035193661,0.10994739784849061,0.033767476821228826,0.19670336932690152,0.056904143301719466,0.11106003126831888,0.03333198764171862,0.17629148111921153,0.06704078291882311,0.0,0.0,0.0,0.0,0.0,0.0,0.0,0.0,19.034674885344238,2.9322578989379013,24.335816656079967,10.785781718268053,19.39573282899984,2.2197698284771183,22.66758835224947,16.14535045786096,-1.0,0.0,-1.0,-1.0,-1.0,0.0,-1.0,-1.0,4441.33886248754,2794.209718327337,18519.498772475854,449.2855945696366,3691.257234494731,1999.5602711745782,7765.569257252331,754.3236387858776,0.0,0.0,0,0,0.0,0.0,0,0,2.838920844367273,0.9487222280614186,6.130872113444393,0.9542649809058729,2.6173406238965025,0.7659313278564516,3.9526944792545073,1.2352511438048357,-283.8920844367272,772004,197000,1970,25.30042072186916,14.997218951997638,12.310095376975369,52.607735050842166,10769.973995711225,196
7.1283255,7.780285,189.38896,-190.76166,134.6087,-8.411148,-450.71127,-190.81776,134.4025,-8.627882,-451.24277,-189.81302,134.4877,-7.4335995,-446.8894,7.128326,25.35053,207.90335,0.0010326589,7.7802854,26.069742,240.64087,0.00011113199,-0.099675916,0.8398046,1.0,-1.0,-2.5934231667355734,1.166282828979544,-1.072528826563872,-7.177661599865135,-259.3423166735574,89.30137061131724,-109.96428493042522,-385.16638688684134,-0.12845352,0.7461235,1.0,-1.0,10,-2.516863709258476,1.0839331951294313,-1.331632707275073,-6.7649867913039765,-251.6863709258476,64.4734970242399,-152.4611015918355,-348.95434253294394,-0.13559792607356613,0.6285802542621767,1.0,-1.0,0.10579597601104819,0.04188339893535252,0.1625282860296692,0.029533564279226217,0.10882144013684752,0.04095808943003516,0.16231581839166367,0.04332354281624169,0.1426252100018911,0.062118069841519706,0.24799725960766114,0.05034961104879841,0.14353063506706104,0.06368460658247516,0.2479530203869895,0.05034961104879841,0.12465908984193254,0.04506666260186902,0.19562145002989073,0.05715760915860305,0.13024853332221406,0.044856446717671104,0.1944691014237006,0.07760135329254693,0.0,0.0,0.0,0.0,0.0,0.0,0.0,0.0,17.697558475750913,2.952332080911918,24.90950233185335,10.370241783498214,17.98484416211065,2.5804531121572936,21.146336948054287,14.005378216695725,-1.0,0.0,-1.0,-1.0,-1.0,0.0,-1.0,-1.0,4000.753414938676,3652.525680312756,25209.077759215194,572.4348816458397,3696.311364102179,3129.5417636581456,11420.703798240163,610.2366440920889,0.0,0.0,0,0,0.0,0.0,0,0,2.593423166735573,1.166282828979544,7.177661599865135,1.072528826563872,2.5047128317456098,1.0927762226180135,4.819242287106725,1.107381521586026,-259.3423166735574,776004,198000,1980,31.703081855863275,15.840956646999985,14.005144299044332,61.54918280190759,10831.444495669137,197
4.785264,3.6037064,188.21341,-189.34473,135.5332,-8.405081,-461.70905,-189.08453,135.34192,-7.76803,-462.8675,-188.8627,135.29813,-7.626979,-462.61633,4.785264,12.157112,113.06579,0.0007610917,3.6037064,6.6052175,38.37169,4.4387158e-05,-0.00888123,0.85584563,1.0,-1.0,-2.69426770444354,0.7809725897361786,-1.7313684012315367,-6.5397270510763885,-269.4267704443541,52.42618415065697,-194.385717667534,-344.60093594979486,-0.13603628,0.82347035,1.0,-1.0,10,-2.544557954783131,1.1764627122956874,-1.1933668235363863,-9.346753998596933,-254.45579547831306,62.59617664811372,-173.87572273566641,-378.62942331643336,-0.055897769816694365,0.6582181737842386,1.0,-1.0,0.12107956558252407,0.03281087660181784,0.1765025945670578,0.028948482573797275,0.12495361490996972,0.02984104485621555,0.16890041194541244,0.06582057362256823,0.13530750441227093,0.07230706639123506,0.26622608728336306,0.020502154069773283,0.13705422049687718,0.07300611604758604,0.26618765896572794,0.020502154069773283,0.12110490461104485,0.036888354482238185,0.19719626698581008,0.05688377341716216,0.12782643725068385,0.03410410410745,0.17922127387422124,0.08504169652224478,0.0,0.0,0.0,0.0,0.0,0.0,0.0,0.0,20.050851042983524,4.297372365658185,27.34626638638069,8.046058302667168,20.40680350425201,4.187938817680789,27.15188118817739,12.394325945682876,-0.9972727272727273,0.052152034579139875,0.0,-1.0,-1.0,0.0,-1.0,-1.0,3889.962717541812,2607.378035530617,20785.908551884288,1475.9056515828615,3345.727794113889,1528.1592759114624,5614.2136160212085,1475.9056515828615,0.0,0.0,0,0,0.0,0.0,0,0,2.69426770444354,0.7809725897361784,6.5397270510763885,1.7313684012315367,2.5327653539433554,0.5903089453744843,3.372230266545078,1.7313684012315367,-269.4267704443541,780004,199000,1990,25.290671178918274,15.767537941996125,12.708118740185455,53.76632786109985,10885.379317768238,198
9.666021,8.207447,186.1817,-186.60529,136.62735,-10.006561,-692.19415,-186.48709,136.3726,-9.911421,-693.41876,-186.06625,136.34052,-9.362517,-700.5677,9.666022,37.24331,321.04922,3.1874515e-05,8.207446,31.873917,254.01947,4.0760724e-06,-0.053681597,0.83790886,1.0,-1.0,-2.558338121186564,1.1468584969891684,-1.1258716291679394,-7.693892218109484,-255.83381211865634,67.73543543328108,-150.1199636003924,-416.2659286141729,-0.088839374,0.6817026,1.0,-1.0,10,-2.839005686216632,1.4949788817569079,-0.7635532473491793,-8.316945004689622,-283.9005686216633,122.25094222763389,-150.17305400005176,-561.8303110957513,-0.012190465824608594,0.6935906354799026,1.0,-1.0,0.10025572089854505,0.03049308114329586,0.16873012163991763,0.03045054629275907,0.10179192112808472,0.027515074545987686,0.16674935908154895,0.056013147196473205,0.12377687221510619,0.06586654447727329,0.2765109795161694,0.017008240896157246,0.12541678683354454,0.06703342887951069,0.276472810148662,0.025836583856996664,0.11762671737362829,0.038618577111776665,0.21374928757099626,0.056910046853873096,0.12243378092961645,0.0349863443492026,0.1964326801922376,0.08243275698223775,0.0,0.0,0.0,0.0,0.0,0.0,0.0,0.0,19.090822509557903,3.1052483532932915,23.887331011495377,10.022728496032919,19.54906154017234,2.7683222641917684,23.779937848110052,14.917127472858924,-1.0,0.0,-1.0,-1.0,-1.0,0.0,-1.0,-1.0,3885.9104063759446,4148.325184104838,29193.42344856279,622.9112962719568,2759.668997119538,1829.9967501082178,7907.3493198156075,626.7693802543282,0.0,0.0,0,0,0.0,0.0,0,0,2.5583381211865635,1.1468584969891684,7.693892218109484,1.1258716291679391,2.2530620845891325,0.699424485526716,3.987252290700795,1.1292830517866999,-255.83381211865634,784004,200000,2000,24.157878384066862,15.93616048500553,12.38415531093051,52.4781941800029,10938.129582450238,199
9.295576,8.679365,192.34735,-194.04999,143.91306,-7.6241674,-635.81696,-193.87767,143.84369,-7.4397163,-635.9172,-192.99738,143.25467,-7.614827,-633.8465,9.295576,26.399008,170.71184,0.0020317072,8.679366,25.745186,178.85553,3.713658e-05,-0.07761051,0.83546644,1.0,-1.0,-2.606997022631211,0.9960144935460475,-1.1464098365523216,-6.980192878451059,-260.6997022631211,75.73541576073927,-163.6802218373424,-410.55921126181994,-0.08195539,0.5271688,1.0,-1.0,10,-2.5878523306442713,1.3739152213581949,-1.0942975073020411,-8.06917706288832,-258.78523306442713,94.56051617556304,-131.60392389593997,-412.5024632345618,-0.14007341814870533,0.7104869181950627,1.0,-1.0,0.0939768712141434,0.031621244878667576,0.15207077702602437,0.02936213367145101,0.09404782247469207,0.03332975935105683,0.15189794557285546,0.040722928888754374,0.13744457466071228,0.044768369409839345,0.22345383520537387,0.04895205363029101,0.1386094242209085,0.045893143877935326,0.22340242953745584,0.058844570764700115,0.11559486463213141,0.04865951117468504,0.2050161999790545,0.057387820182304726,0.12465201353004701,0.045107001430493,0.2046812903807316,0.07192842593141673,0.0,0.0,0.0,0.0,0.0,0.0,0.0,0.0,17.78981949774779,3.2441441637240795,25.250402412467444,9.958634166574642,17.877280317880807,3.4918549233365206,24.62161976675144,12.02096400243617,-0.9990909090909091,0.030137426280455955,0.0,-1.0,-1.0,0.0,-1.0,-1.0,3861.3840626720626,3142.0134146539926,23916.185721287948,651.8214992505092,3065.4574384986963,2093.9700487832733,8447.700065776375,661.4596449718969,0.0,0.0,0,0,0.0,0.0,0,0,2.606997022631211,0.9960144935460475,6.980192878451059,1.1464098365523216,2.3586359673693424,0.7798525230792115,4.120540247158988,1.1548578982670208,-260.6997022631211,788004,201000,2010,25.2197005571943,16.210628168002586,12.657094842877996,54.08742356807488,10989.903571201314,200
3.9166453,3.5436385,176.64917,-177.26677,123.085846,-8.420689,-403.1881,-176.98903,123.10275,-8.303219,-397.30148,-176.77983,123.16568,-8.658476,-400.7002,3.916645,9.266653,82.94235,0.00073273573,3.5436387,8.93043,77.03694,4.4057379e-07,0.02090521,0.85614437,1.0,-1.0,-2.6293608160149984,0.971633447366317,-0.7639675864231297,-7.187101145935807,-262.93608160149984,67.16932330184493,-96.21632756213042,-353.51383408901006,-0.024339655,0.7659279,1.0,-1.0,10,-3.1330759454069788,1.0752367311495297,-1.5812361387821192,-8.701382785185894,-313.30759454069795,95.78119455239948,-201.5976229582297,-559.1541006971114,-0.02608874168274266,0.5998034313570947,1.0,-1.0,0.10167316220398008,0.02714773564204627,0.13860074514789975,0.028979554281827646,0.10369873007414858,0.02928046112688037,0.13786501450256888,0.040155766920387186,0.14036947552839146,0.05834694655907817,0.24395504696673048,0.00827834670455229,0.14254085151780152,0.05734087002428943,0.24390686326387867,0.030420853041539225,0.11338103200462325,0.035391982885416,0.1910728115821373,0.05721820038655359,0.11647655603743033,0.03718075816188642,0.1892979725202821,0.07405045327990357,0.0027272727272727275,0.052152034579139875,1.0,0.0,0.0,0.0,0.0,0.0,19.13982146560327,3.3432876780765914,24.678992836578892,5.062991139356367,19.39691364344287,3.3708232166892675,24.509281249328964,14.276908331133132,-0.9954545454545455,0.06726658448613064,0.0,-1.0,-1.0,0.0,-1.0,-1.0,3884.604787576711,3081.70414203241,25402.65162972262,287.55166899177783,3135.5210560663395,1613.8568138966393,5906.3494107200695,289.7847666932738,0.0,0.0,0,0,0.0,0.0,0,0,2.6293608160149984,0.971633447366317,7.187101145935807,0.7639675864231297,2.4044692931162572,0.7436887173239825,3.453829058676185,0.7668980375580623,-262.93608160149984,792004,202000,2020,23.067102388071362,13.894820205001452,12.271802374911204,49.23372496798402,11093.442435068297,201
8.734314,8.450368,185.24599,-185.9637,138.22473,-7.4557376,-471.06708,-185.48682,138.00159,-7.589621,-470.0261,-186.57187,138.60103,-7.2817945,-473.33508,8.734315,33.040546,339.62637,2.2304048e-06,8.450367,22.627346,219.24294,0.0007673135,-0.050448414,0.82882285,1.0,-1.0,-2.5565510925734056,0.851946977040589,-1.511627836917535,-6.628991664018699,-255.65510925734054,43.481416780537614,-187.29479009964496,-322.6084581550892,-0.10706656,0.61955774,1.0,-1.0,10,-3.009976912395312,1.02958988259477,-1.6214613886823555,-7.472719917936767,-300.9976912395311,51.30886434961786,-194.29711291978913,-374.45505273075986,-0.06253857430386486,0.7102939083992215,1.0,-1.0,0.10816624911192706,0.038463604543172165,0.18684022728528224,0.02952302306699515,0.11236245707067623,0.03836091004648385,0.17576783347463756,0.0628946333100712,0.1464365419911582,0.058862522412877656,0.26936242409651673,0.039099138968935264,0.14888514907006722,0.059415090427994255,0.2693207288712237,0.07563969699386845,0.12017597760147716,0.03945211527459229,0.19734448064572643,0.05718359425694872,0.1248462259575678,0.038743546322681406,0.19732601645648346,0.07749125956499543,0.0,0.0,0.0,0.0,0.0,0.0,0.0,0.0,18.850664794155325,3.2810711074500833,24.257840264586445,8.503466511625751,19.316087981861685,2.830532050908075,23.289305636204187,15.369813682212063,-0.9990909090909091,0.030137426280455955,0.0,-1.0,-1.0,0.0,-1.0,-1.0,3598.7448889485945,2928.6091944918676,21645.028240636693,1138.6783486570946,2805.5322683770723,1158.7470528788501,5033.450675728974,1152.303075449046,0.0,0.0,0,0,0.0,0.0,0,0,2.5565510925734056,0.851946977040589,6.628991664018699,1.511627836917535,2.3202202118680706,0.5173206418319254,3.1856205773103907,1.520491145906017,-255.65510925734054,796004,203000,2030,30.10745271419728,14.390536318001978,13.555736859852914,58.05372589205217,11154.698028922343,202
5.829162,6.7619853,182.76431,-183.92027,136.52182,-8.886634,-504.07593,-183.62965,136.73505,-8.231514,-503.23917,-184.52884,137.05852,-8.635366,-508.0567,5.8291626,13.815801,86.80765,9.127893e-06,6.7619853,17.565903,133.12637,0.0056222538,-0.105770946,0.8199143,1.0,-1.0,-2.443166815346932,0.8772783049822632,-0.961041134518285,-7.016422005608673,-244.3166815346931,44.07185565086949,-156.45234044771368,-308.16823828023024,-0.13008066,0.74353683,1.0,-1.0,10,-2.354652623927077,1.042128184873402,-1.1690409727409141,-6.775831013213579,-235.4652623927077,56.26194250915312,-161.81591738374524,-342.6695001148302,-0.15004958479874778,0.6018480577237391,1.0,-1.0,0.09357335362883597,0.03742110665724518,0.17450542428046123,0.02854046078946528,0.09902651915151855,0.03645347663002859,0.17450542428046123,0.04222015758150574,0.17719729065805334,0.07077542962693952,0.3185259265017741,0.03651616569902041,0.1795582167005775,0.0723458019193154,0.31848774987693634,0.0725696234587417,0.10116564824787493,0.02741732169465782,0.17411383952656875,0.057121158487148424,0.10526361368448779,0.02373783920521613,0.14862923039949102,0.07359379107670144,0.0,0.0,0.0,0.0,0.0,0.0,0.0,0.0,17.040537469409493,3.1424471520030437,25.96819365861977,9.502918874115872,17.69203761919744,2.969448723086812,22.091789919631534,12.889956272338809,-0.9963636363636363,0.06019252857180673,0.0,-1.0,-1.0,0.0,-1.0,-1.0,3338.748038524592,2960.699497936862,24157.032156009835,458.0510884273616,2573.1843284681718,1092.5254403731954,4633.606083479227,487.3568445201835,0.0,0.0,0,0,0.0,0.0,0,0,2.443166815346932,0.8772783049822632,7.016422005608673,0.961041134518285,2.2147880825087913,0.5266361731288964,3.051718195849662,0.9911282701577343,-244.3166815346931,800004,204000,2040,22.9229021688152,17.584446437002043,12.030623661186837,52.53797226700408,11205.443864802335,203
5.2750907,5.799118,177.78781,-179.22778,133.90897,-7.1120415,-504.2316,-179.04768,133.90692,-7.292696,-502.0681,-178.64793,133.994,-7.5460734,-501.0463,5.27509,16.441063,113.59014,2.4821056e-06,5.799117,18.78624,148.0914,1.3077864e-05,0.0027094204,0.82538646,1.0,-1.0,-3.0849572546523665,1.4969925271320397,-1.2827361196470424,-7.430538546721019,-308.4957254652366,131.0543342646898,-168.6090717298552,-627.1503579037062,-0.08791551,0.83575445,1.0,-1.0,10,-2.640908724006527,1.072365534422104,-1.3294701391631067,-7.3564210586832175,-264.09087240065276,64.33422490584269,-147.68330764054653,-402.9637507199875,-0.021949286272939676,0.6441410325820541,1.0,-1.0,0.08707219412721333,0.04169161473938016,0.1893119401807715,0.027389231576752552,0.09130045980369222,0.041518320627822375,0.1893119401807715,0.03454378631756162,0.11821683392218657,0.03188452859025693,0.16947461074286438,0.006696881958538953,0.12173090268262053,0.027919073830552386,0.16943531228433695,0.06409572683375775,0.11771907179821221,0.03963062658848674,0.2051961467029767,0.057292191642911994,0.12335775872930009,0.04115448860930986,0.20517456639122228,0.06308322770918336,0.0,0.0,0.0,0.0,0.0,0.0,0.0,0.0,18.366805649089706,4.182299898050739,25.574829633910316,7.856001215261778,18.661692871919858,4.148384811459845,24.606273522318098,11.95811670670127,-0.9981818181818182,0.04260136186858175,0.0,-1.0,-1.0,0.0,-1.0,-1.0,5823.659582293659,5672.934684193699,26947.81718002739,817.0659776045877,5342.0944602155,5995.301077445146,22709.506693182237,895.2408201818129,0.0,0.0,0,0,0.0,0.0,0,0,3.0849572546523665,1.4969925271320397,7.430538546721019,1.2827361196470424,2.911265209457099,1.517971156149269,6.767122934025265,1.3429210395666615,-308.4957254652366,804004,205000,2050,25.120635651001066,15.80541780400381,12.395903793149046,53.32195724815392,11262.237239601469,204
3.7498286,4.63208,186.16817,-187.25595,140.44572,-5.7003546,-481.89572,-187.45535,140.97165,-5.981453,-484.2012,-186.77379,140.41664,-6.392137,-483.78436,3.7498288,8.861242,66.24295,7.835799e-05,4.63208,11.675643,93.892006,9.3883136e-05,-0.031064631,0.797689,1.0,-1.0,-2.5508229005986394,0.7769575606414011,-1.45742441222316,-6.261448364848246,-255.08229005986388,45.706173471523925,-173.7095585887163,-332.4769111595762,-0.19856493,0.7216289,1.0,-1.0,10,-2.9907642481952763,1.0626854835569672,-1.5446148424189887,-7.527098570171498,-299.0764248195277,80.09432779797962,-207.95052390059942,-449.72946299506845,-0.02883799358495686,0.6314838824142045,1.0,-1.0,0.0908454192052577,0.027151124929417014,0.15210062016288306,0.029883310366379638,0.09234353542038833,0.025589234376895285,0.14248058478875303,0.06034439352570862,0.1052154936731731,0.05806934816328987,0.26825783426895816,0.02691946803570006,0.10553113242666347,0.05845683847288889,0.2682164262148395,0.051281439932927504,0.11867359278657887,0.03480756147608029,0.17659196412473352,0.05705283525362409,0.12529706477572158,0.03367264589920042,0.17559343482702766,0.06985787455357889,0.0,0.0,0.0,0.0,0.0,0.0,0.0,0.0,16.960824876946386,3.252690740699836,24.47299384857401,9.689538229231173,17.076651588646456,3.2250605966699792,24.41312477509017,12.610751349396638,-0.9990909090909091,0.030137426280455955,0.0,-1.0,-1.0,0.0,-1.0,-1.0,3524.2115560858088,2431.247416219962,19265.392242966464,1056.8484150710167,2934.10627980278,1256.8692295712385,5333.120118271401,1220.4307527170442,0.0,0.0,0,0,0.0,0.0,0,0,2.5508229005986394,0.7769575606414011,6.261448364848246,1.45742441222316,2.3692594695606846,0.539179324479728,3.278930429478973,1.5681926810050753,-255.08229005986388,808004,206000,2060,23.546200968921767,19.27952542300045,12.211579663904558,55.037306055826775,11315.826679977305,205
7.416793,6.4399614,180.19118,-181.476,132.51492,-8.661009,-440.10007,-181.6998,132.59755,-8.83301,-443.0575,-181.72694,132.24614,-9.482556,-443.4605,7.4167933,19.050983,138.11594,4.799012e-05,6.4399614,15.937774,131.04059,0.00015224199,-0.0017805528,0.8337651,1.0,-1.0,-2.5718029322554683,0.9526084732925335,-1.459259951847205,-7.296205031254935,-257.1802932255468,44.964307603189965,-184.12317647931187,-309.2231864274715,-0.058139607,0.52549773,1.0,-1.0,10,-2.509849226360449,0.9346789411981962,-1.6758936856364914,-6.943915038411973,-250.98492263604484,40.6189251004339,-205.24648829226652,-317.85025418833783,-0.08070484335117435,0.5923580538568651,1.0,-1.0,0.11236570115559417,0.030416734891587298,0.16542839173244328,0.029443695629275284,0.11836734978636777,0.025282227734471915,0.16542839173244328,0.09106050666058803,0.1791644204255062,0.09262132501097774,0.3330013536293663,0.03476986674228924,0.18318330563483115,0.09503547380439424,0.33294086253520544,0.04974289248998952,0.11264017285074338,0.040621859100337714,0.21497838944712086,0.05678208122998937,0.11929584665079312,0.0414663098965207,0.21433633290213572,0.07251173012498735,0.0,0.0,0.0,0.0,0.0,0.0,0.0,0.0,19.73967375761628,2.9619388621764107,23.809294221994087,9.123055532713785,20.34116288781299,2.6019566190698047,23.798297943461566,16.256901412068736,-0.9972727272727273,0.052152034579139875,0.0,-1.0,-1.0,0.0,-1.0,-1.0,3724.825280229434,3449.2563029094918,26008.90851891235,1057.318767422917,2742.012410792297,1036.3413098483036,3993.6030845182127,1151.953983661992,0.0,0.0,0,0,0.0,0.0,0,0,2.5718029322554683,0.9526084732925334,7.296205031254935,1.4592599518472051,2.300681739777899,0.48137673160888667,2.8319330145310855,1.521839321897093,-257.1802932255468,812004,207000,2070,24.442490699962946,17.82862818400463,12.552853330860671,54.823972214828245,11368.251762732143,206
6.8539042,6.5260754,184.23235,-184.89993,134.52524,-7.3715396,-432.98422,-184.77612,134.68687,-6.677579,-432.8021,-185.38109,134.79012,-7.4960647,-432.45737,6.8539042,20.193653,193.90869,7.556375e-05,6.5260754,19.50438,147.55525,6.7288056e-06,-0.030763427,0.8152546,1.0,-1.0,-2.2951683740488633,0.9166529774242205,-1.1112534249967143,-6.75405339922589,-229.51683740488636,54.392643334423155,-161.56334578916014,-343.12278636888914,-0.05570237,0.71984166,1.0,-1.0,10,-2.369409710249779,0.9340059070733935,-1.198193260258858,-6.906255228633174,-236.9409710249779,38.240111832527,-179.9107432427602,-299.88436286874327,-0.05227097918542347,0.6289906573524269,1.0,-1.0,0.10097925724736306,0.034721502092506844,0.1583638654313903,0.030775080034684415,0.10411436836430062,0.03256945248483931,0.1576890751681105,0.04892518202454394,0.13476463834797323,0.07111116071919132,0.24135114955951076,0.01332816324593584,0.13466242911878068,0.07252624954687936,0.24131059402789642,0.0299458061133834,0.12508306661244975,0.04487784590635358,0.22563926415144542,0.05693511752212171,0.12767509163386165,0.0444734682175503,0.22471914733577975,0.0660773676293559,0.0,0.0,0.0,0.0,0.0,0.0,0.0,0.0,17.991820697942117,3.466338866560578,24.71919062664568,10.439228944762576,18.443516779788965,3.3962286005160123,24.652407736932904,12.922388619880387,-1.0,0.0,-1.0,-1.0,-1.0,0.0,-1.0,-1.0,3023.4083382665453,2906.309506839547,22349.469047697417,612.655883256553,2292.968577272938,1171.0654710259773,5036.244946941165,621.2598186923296,0.0,0.0,0,0,0.0,0.0,0,0,2.2951683740488633,0.9166529774242205,6.7540533992258895,1.1112534249967143,2.0793415845020387,0.5489414560190765,3.1919279499850126,1.118868859630558,-229.51683740488636,816004,208000,2080,30.363309178021154,15.423283177005942,13.650943875967641,59.43753623099474,11427.71410335014,207
29.637543,24.131844,188.80492,-189.60493,136.31825,-7.349978,-532.249,-189.7056,136.15965,-7.0968184,-521.50616,-190.60962,136.58566,-7.72,-528.5395,29.637547,239.43895,2699.2256,3.6881305e-05,24.131845,181.52171,2023.3799,0.0010003085,-0.056744203,0.8133311,1.0,-1.0,-2.6670209023801257,1.275588765189855,-0.7258434798870829,-6.678318372713471,-266.7020902380125,102.10569028320333,-131.91186282623877,-522.9207560517536,-0.053930644,0.734739,1.0,-1.0,10,-2.25664226768265,1.1269831608201242,-0.7137873531786242,-7.840725856540342,-225.664226768265,47.99285677838157,-128.6236503700453,-284.7562979741277,-0.007571749600135803,0.6524774947219573,1.0,-1.0,0.09671409886979167,0.03009823187580951,0.1578305546358281,0.02820677116555799,0.09745827738664734,0.029291751042484285,0.15485130384966522,0.04494897187225064,0.10811054349809157,0.0682519652371517,0.24327345725281507,0.013860199249614031,0.10908692399076365,0.0697159664365077,0.2432258910850658,0.028934037363468498,0.11148400329994584,0.0421946526035333,0.1974502357985874,0.05678859451620983,0.116331797268604,0.04141480836073436,0.18201783704489036,0.06537294175872829,0.0009090909090909091,0.03013742628045596,1.0,0.0,0.0,0.0,0.0,0.0,17.25117737509928,3.0249129568036186,25.400712314466222,8.10994329913985,17.29021889571359,3.125099809843937,24.250819952288698,13.739450043753783,-0.9945454545454545,0.0736531967291967,0.0,-1.0,-1.0,0.0,-1.0,-1.0,4328.896021563511,4162.26260949715,21810.13032564545,259.69068726356426,3687.666939914599,3592.4510864068416,12788.950537848903,283.27044980820824,0.0,0.0,0,0,0.0,0.0,0,0,2.6670209023801257,1.275588765189855,6.678318372713471,0.7258434798870829,2.456736421493164,1.179837932248202,5.071795767709936,0.7582770488245124,-266.7020902380125,820004,209000,2090,25.293568143017183,15.441851119998319,12.412586940918118,53.14800620393362,11483.397048865074,208
6.483883,3.89292,179.83405,-181.26984,135.34843,-8.286699,-475.237,-180.91293,134.78825,-8.556358,-472.47433,-180.27286,134.64507,-7.3406243,-472.10217,6.483883,19.007708,142.15804,0.0010314333,3.89292,9.360087,49.369087,7.8594545e-05,-0.07526589,0.8385843,1.0,-1.0,-2.9113797519114013,1.002251794205686,-1.5427302690492128,-8.232308967707937,-291.1379751911402,49.508666057761246,-225.06894724372472,-375.845852623258,-0.11755812,0.85105085,1.0,-1.0,10,-2.4264415892050346,1.0259341897778151,-0.8052762194088443,-5.60825198083219,-242.64415892050346,79.86285956877424,-118.61846914615055,-407.0555174004701,-0.0380237614623971,0.6450214300842998,1.0,-1.0,0.1059687850691644,0.03527581871403759,0.1886720934624052,0.027959892207110634,0.11313503586944296,0.03220999355178631,0.1776334553170557,0.05922394599646803,0.14973283422004108,0.0670184971424794,0.2774578279972971,0.02519641442852303,0.15084641255245176,0.06745754376787905,0.277421658525177,0.04687993837588361,0.12164657188248634,0.04184670797839997,0.21276557684533165,0.056851267263122174,0.12801588686489954,0.042330747718364786,0.20802099742584992,0.06118204495375418,0.0,0.0,0.0,0.0,0.0,0.0,0.0,0.0,18.712270018584974,3.5921089440222604,25.551849421181885,8.2824494943867,19.226199399932025,3.270533655811568,23.30519179558471,14.290310690227203,-0.9972727272727273,0.052152034579139875,0.0,-1.0,-1.0,0.0,-1.0,-1.0,4693.415953345183,3948.9397596777917,33207.33375620265,1179.1040802836387,3604.951036199251,1575.4559697979823,6804.2126579784035,1344.429706794219,0.0,0.0,0,0,0.0,0.0,0,0,2.9113797519114013,1.002251794205686,8.232308967707937,1.5427302690492128,2.6335615919995345,0.5755774981339684,3.6996310584798233,1.6478282236384074,-291.1379751911402,824004,210000,2100,25.6818716499547,17.98217858299904,13.098741535017325,56.762791767971066,11534.470284097042,209
9.463005,9.074529,185.38611,-186.2963,139.3408,-7.1786966,-609.6365,-186.81616,139.33258,-7.815048,-614.0215,-186.0802,139.34009,-7.8710046,-612.25696,9.463004,30.61992,262.63324,2.5278481e-05,9.07453,27.772722,223.28119,0.00013492572,-0.027945347,0.83587974,1.0,-1.0,-2.5517691915411445,0.8364433307803031,-1.2134565241409254,-7.067303940324828,-255.17691915411442,54.63052778199245,-176.5650332728308,-333.2129437840825,-0.10915457,0.737081,1.0,-1.0,10,-2.936403696394916,1.0901076470696003,-0.9559142120213427,-7.5697535560446765,-293.6403696394917,56.33894368682549,-181.4871130283849,-387.82461547049786,-0.0838867116721031,0.6477626704836772,1.0,-1.0,0.07921699651465022,0.044942560255604204,0.17646560514390042,0.02957348316543796,0.08076816124334517,0.04511426378650627,0.17646560514390042,0.03524644222198558,0.15635500902258112,0.06977059741126503,0.3518696509855089,0.07384535588259164,0.15712031125694498,0.07258974040254086,0.3518093953109886,0.07384768328261065,0.11225322888932993,0.028203409978026183,0.17438375552477275,0.05684909412262727,0.11593541164947076,0.024854799023241995,0.1572134810801434,0.07309381884933332,0.0,0.0,0.0,0.0,0.0,0.0,0.0,0.0,16.622563314377167,3.800748063631671,24.453963998664545,10.033399050239437,16.767312936773852,4.140664265718479,24.453963998664545,10.318486189708867,-1.0,0.0,-1.0,-1.0,-1.0,0.0,-1.0,-1.0,3569.5529090762493,2762.598923002285,24608.05953155016,733.238223829009,2947.954797601661,1261.70763585352,4990.615148234229,999.506136337141,0.0,0.0,0,0,0.0,0.0,0,0,2.5517691915411445,0.8364433307803031,7.067303940324828,1.2134565241409254,2.3762166181465743,0.5499664759757628,3.1780929905244664,1.418827368148384,-255.17691915411442,828004,211000,2110,33.04427618227055,12.274175277001632,14.242846568151435,59.56129802742362,11596.84443243347,210
4.06355,4.1798944,182.52667,-183.47543,139.36934,-8.328386,-488.74908,-183.07642,139.36688,-7.463647,-489.88867,-183.08687,138.79283,-8.074773,-487.98962,4.06355,11.985085,105.05499,1.1578435e-05,4.179895,11.7739935,98.98513,3.934838e-06,-0.16728798,0.8076404,1.0,-1.0,-2.8396752899746844,1.2999776434514623,-0.8420240006596827,-7.759804082989177,-283.9675289974685,100.92685716520283,-126.16485424067824,-462.79247950778444,-0.10886598,0.69321793,1.0,-1.0,10,-2.6534210362943034,1.1178135514532797,-1.4562374156499533,-8.355678413441009,-265.3421036294304,42.96073690636668,-198.4248063992199,-324.3545886577594,-0.11361535600316515,0.7031638386052202,1.0,-1.0,0.0940869663261726,0.036433339187009785,0.14831240034466103,0.028758710846210664,0.09533772287715218,0.037003343031671534,0.139574631784205,0.0390322069257069,0.10481403001064202,0.05593931421209221,0.23283360840560396,0.04666534874003234,0.10339888438024931,0.056560287967436375,0.23278899654001628,0.04671741838916312,0.09789138162239702,0.03313008756029687,0.19343218473392268,0.056763122663324186,0.10072507795775833,0.031417250036291,0.17042936672984643,0.06144789546378931,0.0,0.0,0.0,0.0,0.0,0.0,0.0,0.0,15.887883236416707,3.5692366115224954,24.994435982141297,10.607378482810235,15.861497192710294,3.8157467143706687,24.231356999826826,10.772780285460938,-1.0,0.0,-1.0,-1.0,-1.0,0.0,-1.0,-1.0,4839.499272967438,4074.195445200118,29452.053530429326,349.090787494204,4104.224452625583,3201.03818042437,10766.12223950367,519.0589130430459,0.0,0.0,0,0,0.0,0.0,0,0,2.8396752899746844,1.2999776434514623,7.759804082989176,0.8420240006596827,2.6205689770427125,1.1804775614576666,4.655817386021377,1.0206584819985043,-283.9675289974685,832004,212000,2120,27.533174318021338,15.113931066996884,13.321651946091151,55.96875733110937,11652.493501576588,211
3.6368384,3.4071527,184.40439,-185.38817,133.03833,-7.009156,-455.5811,-185.31094,132.79826,-6.8107734,-454.7875,-185.6653,133.29594,-6.81248,-454.79068,3.6368384,8.868089,66.95797,0.00010319591,3.4071527,7.6419415,51.501034,2.9124842e-06,-0.09867426,0.8286988,1.0,-1.0,-2.4726329247931114,1.093579327985393,-1.2157731351061924,-7.258593877012553,-247.2632924793111,63.940992469968094,-158.24446870257952,-353.4892953477061,-0.122508146,0.85433763,1.0,-1.0,10,-2.914339471187023,1.2009859574111807,-1.5251669421141443,-7.739712053290347,-291.4339471187023,74.81603283345686,-204.43061001325114,-447.2662667604978,-0.08443851556314351,0.7211043035874585,1.0,-1.0,0.12740761305219872,0.040545295539988174,0.19977497278291323,0.029293571426956835,0.13231319759511728,0.03213605897279865,0.1899253802150771,0.09031258607133036,0.17199783468749605,0.09993651399435681,0.3727755464192453,0.015706129058527234,0.1770091166398223,0.10211552393336842,0.3727375474698489,0.01957798080280676,0.12201300700971873,0.038670533184883345,0.2277912000540489,0.05738744995716078,0.12687538422890612,0.03834532104085521,0.22302859748538828,0.08884924297136096,0.0,0.0,0.0,0.0,0.0,0.0,0.0,0.0,20.45322699410816,3.219543312293267,24.520860878520562,11.130515083008149,20.968128802972718,2.491925964998791,23.657548806511794,15.212164540893692,-1.0,0.0,-1.0,-1.0,-1.0,0.0,-1.0,-1.0,3614.4450379522355,3617.9481709782035,25798.175353576633,729.572847408575,2757.979765442105,1797.0626934808793,6112.560814196355,758.6411120855182,0.0,0.0,0,0,0.0,0.0,0,0,2.4726329247931114,1.093579327985393,7.2585938770125535,1.2157731351061924,2.233002143996783,0.7608866066797736,3.5096208423253232,1.2389181210339542,-247.2632924793111,836004,213000,2130,24.456031879031798,14.7908998540006,12.506784369892557,51.753716102924955,11704.591408256514,212
7.454315,8.304505,180.19032,-181.4006,135.24394,-6.3890476,-447.0055,-181.21992,135.51683,-6.4827204,-445.96207,-182.14606,135.65536,-6.843219,-447.30896,7.4543147,32.74082,321.89404,0.0004901174,8.304504,44.435165,480.36258,6.979244e-07,-0.07679049,0.85320824,1.0,-1.0,-2.497574448288662,0.9781493088259341,-1.2531763854836118,-7.535164890294802,-249.75744482886614,54.330108977128596,-153.03219261520212,-344.0677785246202,-0.116661504,0.84098905,1.0,-1.0,10,-2.7573175308469335,0.9275641068183947,-1.58032311624604,-7.304686146803807,-275.7317530846933,53.647549551322356,-211.03621808090568,-378.61913039924275,-0.08217037643608915,0.5541619912948188,1.0,-1.0,0.10473133589245423,0.04398899312431534,0.1695706496416751,0.028489392678221474,0.10955167948867238,0.044176897622906997,0.1695706496416751,0.0406217560172434,0.13221352254056237,0.06978551999817408,0.30849898270436094,0.04108320742577851,0.13515147346210646,0.07180900885281981,0.30845450223963433,0.04113525964573636,0.11656067822447354,0.03882712162255366,0.18537310520852332,0.057142081160968285,0.12478028033535829,0.03743660873153951,0.18510303953567295,0.0772586890056354,0.0,0.0,0.0,0.0,0.0,0.0,0.0,0.0,18.186349574565693,3.9750463901382598,25.497164658314965,10.262551040745107,18.524150339324695,3.9156036840263755,25.421042545012895,13.064104214059286,-1.0,0.0,-1.0,-1.0,-1.0,0.0,-1.0,-1.0,3560.0026794882856,3603.0024559985786,27857.082964530346,778.6198685747884,2679.190303126948,1253.0369061638098,5073.094340768056,815.3093581579301,0.0,0.0,0,0,0.0,0.0,0,0,2.497574448288662,0.9781493088259341,7.535164890294801,1.2531763854836118,2.2559902267404115,0.5629117357851323,3.2081339866470406,1.2823031918755856,-249.75744482886614,840004,214000,2140,26.35261798200372,15.108318717997463,13.870795899085351,55.331732599086536,11762.545305496598,213
3.2570944,2.8696046,179.52756,-180.19432,134.86073,-8.190605,-543.2911,-180.09497,134.55719,-8.463898,-539.7709,-180.22221,135.43785,-7.4674215,-543.54047,3.2570946,7.554556,67.11364,0.0016220451,2.8696046,5.3403482,34.269363,6.055925e-07,-0.08286311,0.83020747,1.0,-1.0,-2.705242581201007,1.203013086555173,-1.2849268698869702,-7.505189423193555,-270.5242581201007,80.29255294244616,-177.02182836935546,-470.23865815127573,-0.089272656,0.66700155,1.0,-1.0,10,-2.8236551606886935,1.1222553231243622,-1.2806598025348368,-7.400364186737622,-282.36551606886934,65.17521575851607,-184.36106623562253,-387.2263354094113,-0.12673738687314742,0.6226685601861947,1.0,-1.0,0.0856607458420748,0.036226966325380514,0.17048900069298192,0.028716730190097555,0.09072519883593601,0.037041097235800235,0.17039452194926916,0.03751187407266828,0.14195326688130216,0.05125576270266532,0.23516242814542063,0.01948171309475407,0.1457465742134282,0.05023468538694473,0.235117885049288,0.06570526436790053,0.10699408185933955,0.036926812199510564,0.19122110843317933,0.05720878357010808,0.11268138748269649,0.038440018534417746,0.1910545040823322,0.061705076080465715,0.0,0.0,0.0,0.0,0.0,0.0,0.0,0.0,17.783965938447377,3.1426887912947032,23.349985489845796,8.922544225907952,18.13861165970767,2.9719617392943927,23.349985489845796,13.268656281751378,-0.9981818181818182,0.04260136186858175,0.0,-1.0,-1.0,0.0,-1.0,-1.0,4338.010951005134,4388.767717331429,27423.260371436678,821.7762354609071,3138.2964022570663,2348.294211145451,9772.108867892679,847.0291210781636,0.0,0.0,0,0,0.0,0.0,0,0,2.705242581201007,1.203013086555173,7.505189423193555,1.2849268698869702,2.3801383925601574,0.8119335199138357,4.426844902779602,1.304501581646538,-270.5242581201007,844004,215000,2150,40.54389310789702,17.738078802998643,19.842199932005315,78.12417184290098,11844.226782759513,214
15.936587,18.00445,193.84293,-194.72856,148.4408,-7.683588,-489.3302,-195.09079,148.28748,-8.290284,-487.8772,-194.8583,148.60625,-7.2229567,-486.49585,15.936585,116.12913,1262.2377,1.7607817e-05,18.004448,142.16139,1592.6891,5.1131796e-05,-0.10442831,0.83304113,1.0,-1.0,-2.239831722823899,0.8459713683829772,-1.251706223360161,-7.262237154112943,-223.98317228238992,63.54336833284474,-158.12009631640606,-341.9094871110811,-0.21340273,0.73361725,1.0,-1.0,10,-2.8039661361987482,1.0636118568003796,-1.4105064519146184,-7.80068938084425,-280.3966136198748,79.96318444532059,-158.4752929968962,-426.9610962617837,-0.06902725562121424,0.5936851695745493,1.0,-1.0,0.12622111350484924,0.03125947118303768,0.18409400058960107,0.029386663066590497,0.1288330888715901,0.028544151807266948,0.17413567875648928,0.0810715038602744,0.11723413507916464,0.05311181586241967,0.21735678280384665,0.036661943481439335,0.11831539093446204,0.05340177500064127,0.2173113486264888,0.036661943481439335,0.12822726416270333,0.03166006705949521,0.2011586060236155,0.05665696152763116,0.13338899562270348,0.030999390664260745,0.2011586060236155,0.0769044803778935,0.0,0.0,0.0,0.0,0.0,0.0,0.0,0.0,19.449758984823976,3.2692001065553304,26.827021616496967,10.732145477909613,19.614862348577002,3.2179659936366627,23.77468954854228,12.833484772695053,-1.0,0.0,-1.0,-1.0,-1.0,0.0,-1.0,-1.0,2833.5664337051426,2428.7242983839014,25767.468376869816,777.0319891521424,2507.582676242002,1624.8747770903549,6073.719650742489,782.2578425537546,0.0,0.0,0,0,0.0,0.0,0,0,2.239831722823899,0.8459713683829772,7.262237154112943,1.2517062233601612,2.1343868664841925,0.7183850964838967,3.513076367063613,1.2559901257906285,-223.98317228238992,848004,216000,2160,38.86959164289874,21.302199040001142,20.022097726941865,80.19388840984175,11928.77951277735,215
8.756629,8.280221,181.42033,-182.74588,136.88794,-7.870362,-513.74786,-182.78214,136.85811,-7.88459,-518.06744,-182.43823,136.63542,-8.634036,-516.4433,8.75663,55.391697,622.9037,6.979244e-07,8.28022,40.555546,445.857,2.4782275e-05,-0.060917363,0.85118735,1.0,-1.0,-2.3984796905823913,1.1227215291217116,-0.872637476719499,-7.743634678411138,-239.84796905823913,79.60892870856756,-95.87801102615954,-342.5742259958279,-0.048138775,0.6384523,1.0,-1.0,10,-2.733326782539685,1.3517610963235331,-0.6800611066265554,-9.213216889716039,-273.33267825396854,82.2651773306638,-116.23542641010589,-409.0205898916163,-0.009634312114084031,0.6357072064917367,1.0,-1.0,0.0999249136108498,0.034471681152137584,0.17068844288966167,0.030055266449594678,0.1052521604556844,0.03216683880254356,0.17037926046632323,0.04648511281307778,0.15886800228033518,0.06631389710152395,0.29689264683178485,0.035128844878782074,0.16163210756037197,0.06671352826583901,0.29684501747211234,0.07245880569446757,0.11640633472705893,0.046973732624999126,0.2144621142390506,0.05668048508977563,0.12362819470267575,0.047863680751066576,0.2019277793280672,0.06651256127170234,0.0,0.0,0.0,0.0,0.0,0.0,0.0,0.0,19.26315580054709,3.991026115495953,26.046210081170436,10.187950757547666,19.767370319033557,4.109266843439644,26.046210081170436,12.258412673606323,-1.0,0.0,-1.0,-1.0,-1.0,0.0,-1.0,-1.0,3469.5336354912706,3459.543027328812,29404.183968619964,379.029214804282,2710.2998367002933,1853.5344084752114,5632.329723008614,416.4268618574368,0.0,0.0,0,0,0.0,0.0,0,0,2.3984796905823913,1.1227215291217116,7.743634678411137,0.872637476719499,2.1787895774577746,0.8483189037190586,3.3763390870328225,0.914977721332821,-239.84796905823913,852004,217000,2170,44.28927295901667,25.65462349200243,20.758521852993,90.7024183040121,12021.435126874348,216
7.3974686,7.3281364,182.5469,-184.07538,137.56415,-7.013768,-467.69373,-184.10211,137.53374,-6.847272,-464.17255,-183.70401,137.07341,-7.404552,-469.65024,7.3974676,20.503254,128.20752,1.3009558e-06,7.328136,19.864277,153.31667,0.003973292,0.020129737,0.82722884,1.0,-1.0,-2.8003368214149473,1.016709613168811,-1.484214231124783,-7.828598267663986,-280.0336821414948,58.61966116728984,-191.34882997517542,-376.1019065911377,-0.18507504,0.7705152,1.0,-1.0,10,-2.6192221613241644,1.11688555598006,-1.0503048629512888,-7.209968849635513,-261.92221613241645,62.3960971334273,-117.9955530636549,-353.5255837881936,-0.09493458419478958,0.604303206368432,1.0,-1.0,0.09972224907669991,0.031133713955424972,0.15791392430215698,0.028598914996706547,0.10560141588755417,0.02691142139505896,0.14859140061835244,0.06887764864792797,0.12789624384545584,0.06075141270196653,0.2629063301535707,0.020141158669343122,0.1292868929013279,0.0627731981031812,0.2628636198557353,0.061458939952793765,0.12672196470063538,0.034998081763229265,0.18484244219919388,0.056671257968351985,0.1364075787427246,0.030015933845686904,0.18223729059866853,0.07993306377663528,0.0018181818181818182,0.04260136186858175,1.0,0.0,0.0,0.0,0.0,0.0,16.82588275709294,3.3490889383964895,23.278867722246172,6.797382855705823,16.972405449347644,3.126286057029441,22.499990003842456,11.986915203733586,-0.9981818181818182,0.04260136186858175,0.0,-1.0,-1.0,0.0,-1.0,-1.0,4392.3891155448655,3695.3140274657535,29860.61162594668,1096.3676848793991,3342.0154343065547,1529.9634188968305,6116.500066300263,1379.1151863443147,0.0,0.0,0,0,0.0,0.0,0,0,2.8003368214149473,1.016709613168811,7.828598267663986,1.484214231124783,2.523604502990338,0.6057047591690031,3.5092351841995195,1.665585933729642,-280.0336821414948,856004,218000,2180,35.17153823508852,27.614928748997045,16.173213549038337,78.9596805331239,12088.324393996467,217
14.886366,17.931732,181.78532,-182.95813,134.82605,-7.9952145,-455.77576,-182.27246,134.46503,-7.344776,-453.41483,-182.77344,134.67136,-7.426429,-452.26837,14.886366,98.320045,1107.9697,2.9115621e-05,17.931734,144.37766,1639.5691,1.3146931e-05,-0.026457325,0.8089373,1.0,-1.0,-2.820769227563505,0.8684345960819955,-1.621181927479579,-6.72183325159378,-282.0769227563505,49.58929133324435,-187.8642457587738,-359.40186309130746,-0.17650093,0.59678704,1.0,-1.0,10,-2.5516012037397133,0.9629638236059145,-1.3423823648708002,-7.567526502237707,-255.1601203739712,52.51361660188709,-149.63200587278405,-325.146828284056,-0.14215696372121756,0.6786032413955511,1.0,-1.0,0.08705420338291216,0.030652220032477043,0.15825404921878075,0.02945279243245758,0.08925318934449425,0.029220797614444682,0.14911345982196847,0.04497033853405606,0.1516717881984507,0.06702838439314719,0.28923136957607387,0.029062249781301727,0.15533576421498904,0.06759198612761226,0.28916729384825784,0.07516829862388126,0.11214619249858593,0.03606433895500414,0.19141190850154574,0.05670416446813423,0.11740371051792699,0.035593760722184016,0.19119952225237594,0.0642855858177633,0.0,0.0,0.0,0.0,0.0,0.0,0.0,0.0,15.93533040949655,3.121522337622979,22.401714934078086,9.568709417842433,15.955425203438471,3.0563734908208473,22.27976567375673,10.50607777083695,-0.9981818181818182,0.04260136186858175,0.0,-1.0,-1.0,0.0,-1.0,-1.0,4318.139744306853,3142.43074832043,22141.93850493746,1307.393100697896,3454.9855158915625,1197.5826530565182,5403.81534375501,1513.7998423801396,0.0,0.0,0,0,0.0,0.0,0,0,2.820769227563505,0.8684345960819955,6.72183325159378,1.621181927479579,2.5931249404547603,0.479185604266034,3.2977134515015547,1.7452757375357428,-282.0769227563505,860004,219000,2190,24.970319326057506,15.572001309003099,12.48141151703021,53.023732152090815,12140.145128756565,218
7.6330476,5.8811817,188.46901,-189.96307,145.10742,-8.929728,-555.6442,-190.45071,145.10216,-9.319309,-560.4795,-189.96565,145.10571,-8.638009,-563.2977,7.633048,33.564426,348.2037,1.1307453e-05,5.881182,24.484161,226.66383,6.2957406e-07,-0.16298988,0.78316855,1.0,-1.0,-2.595667831550497,0.9998533572293573,-1.4598322442689569,-7.628816381537053,-259.56678315504973,45.50610673093958,-194.5039813956373,-326.7879591137747,-0.12178048,0.61475563,1.0,-1.0,10,-2.582122080879056,1.0183562584812584,-1.4359692511522577,-6.924099680076242,-258.21220808790554,43.54056994170852,-196.5730158525513,-331.4348184242946,-0.03195906170529561,0.551271134053508,1.0,-1.0,0.08524111848818998,0.043360901713299586,0.1571484117222376,0.028274408348644208,0.0878308666022498,0.04500385153544327,0.1530205266782619,0.03704513685343615,0.12822546377805308,0.06836144142931716,0.2693646801894764,0.023281972797424142,0.12898152859869805,0.07035430363718,0.269326764804606,0.03125264612977555,0.12804022261573303,0.05099794819018807,0.2137078993912897,0.05668982756151804,0.13709925811032048,0.0489207512670643,0.2047746825572289,0.0642142154821017,0.0,0.0,0.0,0.0,0.0,0.0,0.0,0.0,16.923570994838414,3.727218806100391,24.79713059016254,7.522101230401996,17.11459728450049,3.5099314157109505,22.92343037441646,11.944703429682466,-0.9972727272727273,0.052152034579139875,0.0,-1.0,-1.0,0.0,-1.0,-1.0,3830.496665673407,3654.6440608456483,28437.60678343142,1063.0517030705212,2737.5602359108902,1123.733382981452,4398.299799802406,1161.014168108387,0.0,0.0,0,0,0.0,0.0,0,0,2.595667831550497,0.9998533572293573,7.628816381537054,1.459832244268957,2.294839961660741,0.4975482959207924,2.9779007441779495,1.525823066258334,-259.56678315504973,864004,220000,2200,23.89781092798512,14.363086484001542,11.690344310787623,49.951241722774284,12192.826463160338,219
6.1056786,5.2171335,184.15237,-185.52505,139.57832,-7.918494,-566.2301,-185.32698,139.67395,-7.08018,-565.79285,-185.68794,139.4989,-7.732697,-556.9917,6.1056786,27.778368,300.72733,0.00038565346,5.2171335,19.296839,193.83475,0.00030471385,-0.10521644,0.8036453,1.0,-1.0,-2.594886748978204,1.0828966486422942,-1.2620185214398143,-7.923603271854074,-259.4886748978204,59.30787329860594,-187.1292140831267,-391.3436441545249,-0.090902075,0.5867174,1.0,-1.0,10,-2.8937341494370203,1.1089374597604733,-1.5949461848200257,-7.346580913222752,-289.37341494370196,75.51050597825399,-192.23573179252756,-428.25437897713323,-0.05781833848638408,0.6719520599361943,1.0,-1.0,0.08899098431757353,0.033883232437810565,0.15706167008835162,0.02867118638756522,0.09046742892955709,0.03379089102232239,0.15434685663067269,0.05151511549067425,0.15281478408577373,0.07590811189364408,0.28387267156581286,0.022108819211617982,0.15454246718158623,0.07815405674661866,0.28382361147447266,0.0789634733797688,0.0995490392686629,0.02679533596856997,0.1672054877549606,0.05686829752257503,0.10221789600163517,0.025720579717213907,0.1531916618125838,0.06906402133128026,0.0009090909090909091,0.03013742628045596,1.0,0.0,0.0,0.0,0.0,0.0,18.108046447600547,3.624282675457739,23.91959490411111,7.561864295172734,18.45530206101274,3.585471398913506,23.178451857851087,14.156302742712503,-0.9963636363636363,0.06019252857180672,0.0,-1.0,-1.0,0.0,-1.0,-1.0,3916.182408808764,4033.4791892433927,30053.50311586997,793.496157827537,2978.212222858547,1737.74738669248,7090.087364531955,1200.3245398071851,0.0,0.0,0,0,0.0,0.0,0,0,2.594886748978204,1.0828966486422942,7.923603271854074,1.2620185214398143,2.3527639664408353,0.6767050618641842,3.7868853961219604,1.5536778613662623,-259.4886748978204,868004,221000,2210,32.91115639797499,17.058488930997555,15.068128611921566,65.03777394089411,12258.179988800228,220
5.7019606,6.7997055,179.93585,-181.11557,130.31297,-9.279533,-465.70267,-181.60966,130.38162,-9.304127,-468.79208,-181.04337,130.24255,-9.0596695,-464.67276,5.701961,22.4975,238.84859,0.0001339968,6.799706,18.682245,179.94403,3.6379788e-06,-0.043046795,0.80341476,1.0,-1.0,-2.210283059490199,0.7985708939161258,-1.101633766746982,-6.7266881423021605,-221.02830594901988,46.535207310323464,-132.64091701634754,-301.3141778300171,-0.12505391,0.7464061,1.0,-1.0,10,-2.296140434287243,1.2319319217050166,-1.2002701558212185,-7.060143012102329,-229.61404342872424,70.08589321932378,-176.51979118680322,-420.80580391120566,-0.006990496232231058,0.5500873178225214,1.0,-1.0,0.10490385075596736,0.04025380959280921,0.1996032430787993,0.02887682819902914,0.10621931759032012,0.04053965344020579,0.19794338940071451,0.05704594604183126,0.13375722910245114,0.04865542373280995,0.21808656717455707,0.053727562490157386,0.13394959700650064,0.04999202870468929,0.2180258002626314,0.06986828821930054,0.10252571984696872,0.027701651601580113,0.16174371293656545,0.05710076305134553,0.10285934709415877,0.027756159290235095,0.16173096240963986,0.06750590146913311,0.0,0.0,0.0,0.0,0.0,0.0,0.0,0.0,19.438044952802066,3.461407030168142,24.676440284478186,11.264604685632243,19.87376718704659,3.290987669763377,24.53615932021251,13.991937591704923,-1.0,0.0,-1.0,-1.0,-1.0,0.0,-1.0,-1.0,2734.22493251222,2417.086007476469,22208.14969172937,602.003660152868,2316.4227222615336,1127.947470215312,4341.784033209995,725.2080993860325,0.0,0.0,0,0,0.0,0.0,0,0,2.210283059490199,0.7985708939161258,6.726688142302161,1.101633766746982,2.0910240292927353,0.5490828799908979,2.9655052123807075,1.2088578765145148,-221.02830594901988,872004,222000,2220,28.62573538380093,17.397276162999333,14.00887228006468,60.03188382686494,12316.51197969709,221
3.2704809,3.8487654,170.6059,-171.91858,130.45847,-7.50062,-449.10626,-172.19579,130.55338,-7.8799324,-449.4345,-171.85068,130.31682,-7.291908,-448.86136,3.2704806,9.075651,77.579834,3.3070046e-05,3.8487656,11.741492,109.66099,0.0025787354,0.07576646,0.8043544,1.0,-1.0,-2.6966209966951546,0.830492894457365,-1.4113269495099983,-6.6265830037877045,-269.6620996695155,67.38641112582158,-171.91281416715967,-362.5326952888404,-0.14419131,0.80383444,1.0,-1.0,10,-2.563139179884493,1.124646096922675,-1.1250018343000807,-8.263383536389375,-256.3139179884493,57.13658969986535,-155.8509507217724,-354.7787358724672,-0.007984132174537003,0.5873400657845619,1.0,-1.0,0.12209231248612779,0.02950998227705793,0.166692802077184,0.02899260811735912,0.12436596131656166,0.02636719411201895,0.15194583695343475,0.06858607437245678,0.10327622433574592,0.04316949892678409,0.1692546514272964,0.013429654624301925,0.10327653129055654,0.04396081409356076,0.16921508592790468,0.01688651079833837,0.12281053114846284,0.030333563010872467,0.17325468745647551,0.05694777615998944,0.12353387326323637,0.030397450840480445,0.17276073243439738,0.07533785596780444,0.0036363636363636364,0.06019252857180673,1.0,0.0,0.0,0.0,0.0,0.0,19.181857484026665,2.5165024719614726,23.36204461935249,8.293893289507144,19.622549869776098,2.312725681257115,23.032729333072215,15.570388599948382,-0.9972727272727273,0.05215203457913988,0.0,-1.0,-1.0,0.0,-1.0,-1.0,3943.8501829383436,2727.6715746202735,21516.149599994118,979.831963871474,3415.998980541581,1721.022597067728,6140.6596001658,1002.0789044424739,0.0,0.0,0,0,0.0,0.0,0,0,2.6966209966951546,0.8304928944573648,6.6265830037877045,1.4113269495099983,2.534341934121284,0.6812075824951831,3.515455860704498,1.423731072522799,-269.6620996695155,876004,223000,2230,25.618586843906087,15.675216910996824,13.269338123973284,54.563141878876195,12374.78706963396,222
13.109549,11.978125,184.2022,-186.07375,138.05685,-5.987699,-470.4292,-186.1711,138.04059,-6.7667894,-473.43564,-185.73593,138.30807,-6.0461087,-489.92,13.109549,44.636463,379.89185,8.749054e-05,11.978125,57.321655,593.3524,2.1481901e-05,-0.19690232,0.7954711,1.0,-1.0,-2.783998369315091,1.082986383017584,-1.534594582893078,-9.206513598040214,-278.399836931509,78.75636556635511,-166.80065608299813,-432.8752685463036,-0.09629558,0.7864898,1.0,-1.0,10,-2.940543919016537,1.081842369402148,-1.7961626737179868,-7.733377775951773,-294.05439190165373,44.33882527878546,-245.0132863818801,-397.8072040038597,-0.0011159561758284067,0.5785210595726061,1.0,-1.0,0.09771012126350061,0.035811774712122435,0.16924693518398223,0.03034466002725062,0.10168176199754143,0.03696148546469129,0.16924693518398223,0.04611538612200602,0.13637558904916178,0.05128477492805743,0.2515338891579452,0.014735537878280663,0.13922630813457265,0.0507324115176754,0.25149073841507935,0.08332852514774568,0.11031688124509419,0.04005008161477006,0.1989325895989683,0.05720043141117558,0.11579703417531705,0.04078429752000937,0.19703921827782442,0.06784557192208633,0.0,0.0,0.0,0.0,0.0,0.0,0.0,0.0,19.389388214888694,2.99561020344753,25.462508039229512,8.715034934527491,19.823043140379177,2.8832789282869946,23.992584077884,15.421729553028953,-0.9954545454545455,0.06726658448613064,0.0,-1.0,-1.0,0.0,-1.0,-1.0,4424.252246537932,4295.929598923856,41742.02628387956,1175.2870806013882,3644.522594156208,2224.9781048919494,8900.08339832163,1224.2288313734045,0.0,0.0,0,0,0.0,0.0,0,0,2.783998369315091,1.082986383017584,9.206513598040212,1.534594582893078,2.600877250503352,0.7583842141995136,4.228341563287374,1.5662669097044681,-278.399836931509,880004,224000,2240,35.370757603188395,19.387174025003333,16.080945182737196,70.83887681092892,12445.452238974874,223
7.094294,4.354901,190.88861,-191.8995,139.70212,-9.833662,-563.37537,-191.67633,139.12653,-9.253923,-537.60974,-192.04134,139.58739,-9.63958,-541.8457,7.0942936,41.059113,463.5264,0.0016341278,4.3549004,10.243121,69.05099,0.00010044376,-0.018757649,0.8182009,1.0,-1.0,-2.4174857980809104,1.2402141488954614,-1.029452069780663,-7.835631323832242,-241.74857980809102,90.78541695368177,-123.93426789278398,-453.7819390575722,-0.13207455,0.7507077,1.0,-1.0,10,-2.900426991029484,1.1822633020764683,-1.6064890931049551,-9.08382987383667,-290.04269910294846,28.58813912064071,-249.43216847136978,-327.85002761731477,-0.005744733893897021,0.6081240483272076,1.0,-1.0,0.09706735479948779,0.03909189080270454,0.18104820929447876,0.02786065389209633,0.10381308930042232,0.04095344739355892,0.18104820929447876,0.050902685836800625,0.13134897879184954,0.05607104167868792,0.20375799970258407,0.0178111752311598,0.13348191397076148,0.05665932491950261,0.20371023093291957,0.03286101698510876,0.12043753195735481,0.03909879322686373,0.2021981425375139,0.056697038909337846,0.12826671793907332,0.03575473645638052,0.2021981425375139,0.07970617739583906,0.0,0.0,0.0,0.0,0.0,0.0,0.0,0.0,18.136941089014826,4.003990484201258,26.120235107007886,7.612158670896921,18.350405314338175,4.049265995959621,25.63990516050623,9.02709322812019,-0.9163636363636364,0.2768416917916259,0.0,-1.0,-0.9090909090909091,0.28747978728803447,0.0,-1.0,3651.1424104875264,4411.635075265407,29746.795100731848,527.5931029467686,2457.340265959269,1620.9638170124867,5998.165131113883,567.573130544182,0.0,0.0,0,0,0.0,0.0,0,0,2.4174857980809104,1.2402141488954614,7.835631323832242,1.029452069780663,2.1081341833061984,0.7097614441552159,3.480690475169467,1.06771725726549,-241.74857980809102,884004,225000,2250,38.35179454196623,19.239637450999,20.197512897109846,77.78894489007507,12530.273794499946,224
4.7819805,5.616439,184.55865,-185.88531,138.29964,-6.7956963,-560.62915,-185.69406,138.17862,-6.286867,-560.16675,-185.24301,137.99626,-6.920048,-561.2995,4.781981,10.149768,64.26101,2.2375025e-05,5.616439,14.941704,96.754074,7.724762e-05,-0.14942127,0.825083,1.0,-1.0,-2.1928146334169467,0.9353606659538759,-1.2194367136835773,-7.587872685688459,-219.28146334169466,44.51952024967623,-153.90315589361558,-291.4389658501178,-0.13591357,0.6209814,1.0,-1.0,10,-2.2868643178895383,1.1025121208134399,-1.0649093845842554,-7.629759837868082,-228.68643178895383,35.59131072970529,-182.36547587223654,-275.3247879749333,-0.021889471463147188,0.5435518357015251,1.0,-1.0,0.07640058726693723,0.027264965984290304,0.15041469362218646,0.029506384312229655,0.0786293874540309,0.02600067312253374,0.12640676901693154,0.04132921640162693,0.14668889450729844,0.06133397574990738,0.2514127222042094,0.035943275039281526,0.15023122432657113,0.06184653871695205,0.2513765128440352,0.03652032786746251,0.12206428474859866,0.038889317574680456,0.19588698652489386,0.057348604595322566,0.1296276534245647,0.03734974146222206,0.19522750648046241,0.0788160249851066,0.0,0.0,0.0,0.0,0.0,0.0,0.0,0.0,16.159734440656578,2.5083484771680267,21.69045096825926,7.300144042229123,16.11349054389323,2.2970247810753945,18.424486406584183,10.732749452192438,-0.9418181818181818,0.23408693730081576,0.0,-1.0,-1.0,0.0,-1.0,-1.0,2814.8095258171684,3159.7910640374603,28228.33437633815,739.6564447016444,1910.1729600863646,869.1267743743368,3529.787288336492,850.6883800178621,0.0,0.0,0,0,0.0,0.0,0,0,2.1928146334169467,0.9353606659538759,7.587872685688459,1.2194367136835773,1.9118026291592016,0.43622842892904345,2.66616708980538,1.3068894513368348,-219.28146334169466,888004,226000,2260,50.722114273681655,26.298292927007424,22.093858213236672,99.11426541392575,12630.872701412889,225
4.2305164,3.643125,182.4283,-183.75343,134.07751,-7.801714,-539.8674,-183.56642,133.83408,-8.7355,-539.4601,-183.61963,134.06195,-8.90008,-535.0584,4.230516,8.783264,46.590973,0.0006102866,3.643125,10.744631,101.69051,5.4993667e-05,0.0022010845,0.84441495,1.0,-1.0,-2.5787577175918424,0.9985587539581794,-1.4302820302095978,-7.594245986755742,-257.87577175918426,52.58707459435657,-177.255455072649,-339.18273986688064,-0.1154297,0.696228,1.0,-1.0,10,-2.989911771425181,1.1924898742612078,-1.970826486674444,-8.308781762270636,-298.99117714251804,76.21417031013168,-234.93663978937454,-512.8615918106898,-0.16206779366870988,0.6975157532207459,1.0,-1.0,0.1048315456190228,0.03469235278908986,0.1676939621804792,0.02896214130298376,0.10826246182603877,0.0342687465921208,0.1676939621804792,0.04832787777211309,0.15570096977264733,0.08119826102110643,0.3333126098910526,0.019677710354592568,0.1595263657272246,0.08231376112635605,0.3332458487910815,0.06303744521331558,0.1234129218033508,0.04197926131569021,0.21538023855183577,0.057418977762080325,0.12828712913553209,0.03836405095087453,0.19389640400454955,0.086052203922355,0.0009090909090909091,0.03013742628045596,1.0,0.0,0.0,0.0,0.0,0.0,18.212798374414838,3.8917583374880516,24.75326952489795,8.097345077784905,18.72741226819852,3.623614750420879,24.628980844201973,12.843318663589336,-0.9963636363636363,0.06019252857180673,0.0,-1.0,-1.0,0.0,-1.0,-1.0,3783.634741561075,3650.9481334874035,28196.172195159786,1016.4066712098409,2712.8159173650506,1113.5189307534167,4936.788979062643,1022.8575423656405,0.0,0.0,0,0,0.0,0.0,0,0,2.5787577175918424,0.9985587539581794,7.594245986755742,1.4302820302095978,2.2878071208579356,0.48306177519039584,3.1526802383429344,1.434856091066894,-257.87577175918426,892004,227000,2270,46.427542322155205,27.739339938998455,20.786196329136146,94.9530785902898,12714.737724462197,226
3.768557,3.607049,179.14148,-179.8417,131.27634,-9.782488,-481.08875,-179.90437,131.17516,-9.743254,-485.17517,-180.30786,131.51237,-10.149483,-485.46823,3.7685573,10.176811,78.9716,8.104835e-05,3.6070492,8.684852,46.133232,5.0655217e-06,-0.110053785,0.80944556,1.0,-1.0,-2.0681035994658536,0.815675928606811,-1.110153956108008,-6.078839945202081,-206.81035994658535,58.72155151761395,-126.54556801274788,-336.76828690314113,-0.19960637,0.726931,1.0,-1.0,10,-2.4326005397747386,0.9665810356547545,-0.7245927241275305,-6.5403053765681305,-243.26005397747386,59.84140426197667,-140.28920433050422,-340.2488011211049,-0.019119029083290474,0.5885336872504566,1.0,-1.0,0.07859266655672772,0.02912465057268031,0.15835772660594746,0.02852150513020185,0.07998944358569304,0.028330477144293424,0.1571690914461988,0.04446106877336019,0.12757484920599482,0.07153982946013188,0.2537820472796924,0.052981100659058596,0.12825980486498206,0.07343584428455943,0.25373101727393926,0.052981100659058596,0.11358506079678833,0.045816728992919185,0.22451072831775784,0.056914132311074235,0.11782187222422268,0.048409107448743646,0.22447647819706634,0.06290158854236659,0.0,0.0,0.0,0.0,0.0,0.0,0.0,0.0,15.662508821474159,2.6931060414433645,23.03651314979614,10.025729299235321,15.554661824255863,2.22290520005324,19.068334994480917,12.240933215335932,-1.0,0.0,-1.0,-1.0,-1.0,0.0,-1.0,-1.0,2452.276291943053,2242.429691521615,18154.791602151236,606.6752457078835,2083.554460323028,1525.7642332602932,6173.419469340901,870.9738634717039,0.0,0.0,0,0,0.0,0.0,0,0,2.0681035994658536,0.815675928606811,6.078839945202082,1.110153956108008,1.940664315183758,0.651718442787974,3.5236875815487716,1.3217562592732737,-206.81035994658535,896004,228000,2280,48.88838244325598,16.657575375997112,21.408724272012478,86.95468209126557,12810.325610361477,227
3.8325088,3.811499,182.92543,-183.85043,140.62546,-9.076708,-551.443,-183.94408,140.65666,-9.164556,-548.9317,-183.61316,140.4414,-8.071031,-548.4933,3.832509,8.654401,72.6672,2.5355257e-07,3.8114989,8.354247,62.03437,0.0001016132,-0.067178406,0.8052737,1.0,-1.0,-2.334715002666256,0.9100832067145972,-0.9660571164201271,-8.57313403728294,-233.47150026662567,38.14534825194492,-150.5740079481519,-286.42066142117324,-0.06590054,0.6896099,1.0,-1.0,10,-2.2222730986871486,0.9658597221787223,-0.8686959523514121,-6.679140729070241,-222.22730986871488,60.463000520711454,-132.37462452424657,-351.42492840439417,-0.11394347124823036,0.6504612944271233,1.0,-1.0,0.09779297123305941,0.03553448756489734,0.15676296852083874,0.0276689938256607,0.09956936485782043,0.034955273976795154,0.15676296852083874,0.043978052942426495,0.11188404676458254,0.07324503928810495,0.26985344301655734,0.011450905896790797,0.11424955200144592,0.07627144685508491,0.2697847250287615,0.011482517118304903,0.10359434027833923,0.02831409842299492,0.18500984585383215,0.05713257343664495,0.1059236423964189,0.029677987773834926,0.1722946019077321,0.07390268460108484,0.0027272727272727275,0.052152034579139875,1.0,0.0,0.0,0.0,0.0,0.0,17.44621703145953,4.518987805914684,27.639654132864806,7.236849824778033,17.682096541406278,4.715146067805298,26.992585593960605,12.18863652909106,-0.9945454545454545,0.0736531967291967,0.0,-1.0,-1.0,0.0,-1.0,-1.0,3108.0253299020146,3233.2372804867377,35525.94839620381,462.9010145366241,2245.539793599102,922.8351681575967,3737.4356383052814,465.87634692018366,0.0,0.0,0,0,0.0,0.0,0,0,2.334715002666256,0.9100832067145972,8.57313403728294,0.9660571164201271,2.0671780181773425,0.49764202234168947,2.746048604808711,0.9691748435754942,-233.47150026662567,900004,229000,2290,42.81860187808343,25.353250642001512,20.812951652274933,88.98480417235987,12901.898872238824,228
24.839743,24.872501,174.88632,-175.79095,128.46655,-8.987818,-450.22083,-175.46353,128.32729,-9.036942,-450.7079,-175.80804,128.9203,-8.486755,-450.59988,24.83974,250.56654,2848.1577,5.5902638e-05,24.8725,245.8042,2793.8005,1.0766089e-06,-0.09174683,0.79808867,1.0,-1.0,-2.4417225794876942,0.9213599244212571,-1.1262349288686677,-7.397005617882662,-244.17225794876933,62.89454409767465,-122.92817994587253,-329.44487637722557,-0.17227589,0.6591172,1.0,-1.0,10,-2.99572768187807,1.1986765447297294,-1.362356001592567,-6.909426325841068,-299.5727681878069,97.54153219118523,-180.96479117807044,-523.7104697439137,0.006404488118540794,0.6702902808225356,1.0,-1.0,0.10114123450398098,0.03429615164286396,0.16169007488105105,0.030132010613979823,0.1055762936903777,0.03343214732332372,0.15782237135108126,0.04496880072014267,0.15681888876463368,0.04829828605631577,0.24351780982124707,0.03756500110836156,0.15894420078314203,0.047734797482071725,0.24345249471036143,0.10231289721094738,0.10549933599937879,0.027841169494659923,0.15108136329493857,0.05644591093687204,0.10630891811487896,0.027332506163406756,0.15059267306370885,0.06531016011071092,0.0,0.0,0.0,0.0,0.0,0.0,0.0,0.0,18.0730392438926,3.465554094677531,24.49501137922335,9.700966075151182,18.485473970579786,3.3745853061018716,24.48375808249968,14.225886806811564,-0.9990909090909091,0.030137426280455955,0.0,-1.0,-1.0,0.0,-1.0,-1.0,3375.7253048087414,3264.0644055316166,26813.509943867175,628.1868311529571,2772.9368664843587,1256.9140768627524,4615.653981765066,762.417546962518,0.0,0.0,0,0,0.0,0.0,0,0,2.4417225794876942,0.9213599244212571,7.397005617882662,1.1262349288686677,2.2920186721158124,0.5758171530653489,3.043324554693308,1.2404114182859507,-244.17225794876933,904004,230000,2300,41.22073720196204,27.88347413399606,20.893338174166274,89.99754951012437,12987.780843179957,229
3.0333407,3.817914,187.73187,-188.51111,144.60698,-9.829315,-576.5692,-188.02742,144.63373,-9.390222,-569.53687,-187.83704,144.70848,-9.319172,-576.00653,3.0333405,6.021606,53.774796,2.3544766e-05,3.817914,9.577269,80.42808,9.3219e-05,0.05646002,0.80327135,1.0,-1.0,-2.4553343749514718,1.0697754926586365,-1.4198439519569266,-7.604374517107201,-245.53343749514724,76.11874045029977,-167.07343574680561,-420.06829504245513,-0.21488279,0.7218149,1.0,-1.0,10,-2.5297054305841686,1.046378603273425,-1.314710105841808,-7.522449504946952,-252.9705430584168,57.57197202758896,-165.61550541667467,-364.2700958821122,-0.07864258417175926,0.6143529741792969,1.0,-1.0,0.09873641629370176,0.04239477490427107,0.1901314067255108,0.028058617387386086,0.1007642850847846,0.04025947217151183,0.17888265409722276,0.04745007037923169,0.15775962449336708,0.05775554747424672,0.2689556182871161,0.08494735419534633,0.15892659847753232,0.05894645997748119,0.2689117387159843,0.08495279216601329,0.1251160519254818,0.03920894873053766,0.20999380102153223,0.05726077478862669,0.12924943609305276,0.0381399719911347,0.20378702026315773,0.0725486786230404,0.0,0.0,0.0,0.0,0.0,0.0,0.0,0.0,18.620512034822696,2.7835068606474156,24.194211959662926,10.166824549230721,18.905031652309333,2.3819810365339076,23.0984183863149,16.071137035003062,-1.0,0.0,-1.0,-1.0,-1.0,0.0,-1.0,-1.0,3548.0168285145833,3550.2723405521338,27951.388313335723,1005.5308318572502,2832.295011691416,2155.09702656962,7329.33233863962,1078.444065366144,0.0,0.0,0,0,0.0,0.0,0,0,2.4553343749514713,1.0697754926586365,7.6043745171072015,1.4198439519569266,2.246129117858682,0.8187582889678274,3.8430390029859534,1.4702751164490655,-245.53343749514724,908004,231000,2310,36.42311182602134,23.7489675800025,17.493069369738805,77.66514877576265,13056.231907148693,230
10.976179,10.389193,190.78004,-191.39801,143.50728,-9.552746,-723.5112,-191.67645,143.6834,-10.093026,-723.9284,-191.6373,143.93951,-9.700737,-729.87946,10.97618,52.61824,564.40466,0.00041309372,10.389191,41.25828,415.576,1.08629465e-05,-0.04522656,0.8335393,1.0,-1.0,-3.0030729777219443,0.7222453336785124,-2.0332526533148427,-7.409668219402116,-300.30729777219443,56.868453644828314,-218.3601285137962,-398.923713090375,-0.020922827,0.75450784,1.0,-1.0,10,-2.5092240917058763,1.2130783723191303,-1.1137089637362179,-7.375995963193023,-250.92240917058757,67.77098214085103,-169.59151837493437,-413.6394861198511,0.00024377201030484485,0.6130178008359612,1.0,-1.0,0.1009262138346179,0.03149279783398009,0.177414574123539,0.031087919745862454,0.10486423744076444,0.0326934025802868,0.177414574123539,0.053147883247002405,0.13361761835482297,0.03641207459773169,0.2011048702614294,0.018560135664352485,0.13497913356058663,0.034696657534652335,0.20103370107740304,0.07254918448029904,0.12321518784223774,0.032560957553167874,0.18981180048269225,0.05718252528872797,0.12786528043663947,0.033534729989824714,0.18735813856192723,0.07011268558329706,0.0009090909090909091,0.03013742628045596,1.0,0.0,0.0,0.0,0.0,0.0,18.16349450076522,2.877564089241327,24.39495223878897,8.26788137074006,18.59195557766711,2.7097870383536597,23.964454967386402,14.8507924414809,-0.9972727272727273,0.052152034579139875,0.0,-1.0,-1.0,0.0,-1.0,-1.0,4720.881048345732,2520.8061703097183,27120.622282430442,2052.135229412451,4223.334607038876,1666.8255451286918,6866.715033067598,2106.9383895196656,0.0,0.0,0,0,0.0,0.0,0,0,3.0030729777219443,0.7222453336785124,7.409668219402116,2.0332526533148427,2.8644208042612704,0.5719118531002411,3.7247170933837825,2.060315023901003,-300.30729777219443,912004,232000,2320,32.861758256098256,14.56191162999312,16.893080418842146,64.31675030493352,13131.80758279263,231
4.8080816,4.744654,183.1367,-184.22534,136.38348,-8.749144,-476.87683,-183.97772,136.07126,-8.766783,-474.34534,-183.91106,136.12119,-8.8969345,-477.00864,4.8080816,12.85811,93.65323,1.4551915e-05,4.7446537,11.1511,77.00373,4.3050386e-07,-0.022167357,0.80574715,1.0,-1.0,-2.966583126975368,1.053926756180162,-1.5160890732241252,-7.605750767828523,-296.65831269753676,79.21915959506555,-178.17938289437504,-432.86194973166346,-0.029296026,0.622489,1.0,-1.0,10,-2.585186715153014,1.2007453313225664,-1.3006145454816285,-7.839561688467333,-258.51867151530143,46.998696524724465,-187.81085881406443,-366.4755453461473,-0.09296387612151716,0.6321569362071796,1.0,-1.0,0.08872055772473737,0.031362622578509525,0.170121028899287,0.028590183748193217,0.08879763595124747,0.030498602201961066,0.1481882324274266,0.04533616862934679,0.14022629372329729,0.057206684666477096,0.2604598086063652,0.016563128996132444,0.14260376624405183,0.05687397152042752,0.2604148371855272,0.03490918973609275,0.0997981145754267,0.025245077785267984,0.1601960043991562,0.057004903768415244,0.10525727546593698,0.02418706673077308,0.15335895943298566,0.07434226513450935,0.0018181818181818182,0.04260136186858175,1.0,0.0,0.0,0.0,0.0,0.0,17.036374372680292,4.2766378458883105,28.131307699697153,6.85081652384917,17.20882078650163,4.28051138599183,27.45987670970059,11.991139237911932,-0.9945454545454545,0.0736531967291967,0.0,-1.0,-1.0,0.0,-1.0,-1.0,4916.40090855239,3877.2013234398983,28438.172525674825,1141.124644765487,4487.617405107548,2591.984070822969,8997.768865489228,1296.4686029670788,0.0,0.0,0,0,0.0,0.0,0,0,2.966583126975368,1.053926756180162,7.605750767828523,1.5160890732241252,2.876542265445689,0.8668181180160421,4.25004791469934,1.6160495787579696,-296.65831269753676,916004,233000,2330,38.5301497138571,25.81845219898969,20.065481372192153,84.41408328503894,13214.786089087684,232
6.8868933,6.8809915,188.37164,-189.70627,137.26213,-8.214993,-528.7127,-189.78665,137.04951,-8.640661,-527.261,-188.91104,136.79617,-7.900551,-526.4638,6.8868933,22.302755,185.05563,0.00013009558,6.880992,17.025782,142.49918,0.00031113997,-0.07471142,0.83400494,1.0,-1.0,-2.866038978291813,1.0088846265936446,-1.9234277076397672,-7.217790075461747,-286.6038978291812,45.14344261457885,-220.16815558855706,-359.2961145750843,-0.21610421,0.7362358,1.0,-1.0,10,-2.5879263767517355,1.063837517086316,-1.087234239513321,-7.204514296044147,-258.7926376751735,59.74428165405025,-180.3003102889116,-347.866109525065,-0.09995681560325957,0.6343294868087289,1.0,-1.0,0.12257896819972522,0.03646597970774629,0.16413059989770729,0.02978190924450523,0.1293057625014684,0.030772597687056646,0.15839049352838397,0.05106569351762593,0.14556643398324826,0.06242525845613937,0.27284909678238567,0.018207926399456238,0.14862609550859285,0.06250339655464728,0.2727975369267427,0.018723807394455793,0.13460208029802662,0.04643495805813013,0.21846755967985435,0.057128144575653385,0.14309322453379264,0.04532073547540093,0.21649433751218955,0.08039495706636676,0.0018181818181818182,0.04260136186858175,1.0,0.0,0.0,0.0,0.0,0.0,19.216120820003137,2.8842708678066558,24.29226218998151,6.301626453788826,19.503776575394703,2.7030452821035675,23.48809935321399,14.520962852662242,-0.9945454545454545,0.07365319672919671,0.0,-1.0,-1.0,0.0,-1.0,-1.0,4566.418098593072,3982.528117496329,25299.10532964824,1821.297493901345,3246.4718945405107,1108.2926528765308,5236.764043540918,1945.8875007194065,0.0,0.0,0,0,0.0,0.0,0,0,2.866038978291813,1.0088846265936446,7.217790075461748,1.9234277076397672,2.5239897445497586,0.42322521020945403,3.256240544350758,1.9893993896554645,-286.6038978291812,920004,234000,2340,29.940703991014743,24.381859203000204,14.790956680037198,69.11351987405214,13276.89270745172,233
8.833688,12.861752,182.30612,-182.8598,139.56406,-10.210963,-438.3699,-182.2868,139.66118,-9.694713,-436.96844,-183.32074,139.85738,-9.481278,-437.3604,8.833688,24.730555,164.85532,8.1392136e-07,12.861752,48.384827,398.7656,0.00066110765,-0.08852806,0.8252564,1.0,-1.0,-2.7183652443319724,1.1094475978853038,-1.2166561296394647,-7.065472067761292,-271.8365244331972,84.90328792156937,-160.61871093503666,-479.94428186183364,-0.11714248,0.7263115,1.0,-1.0,10,-2.596265061462461,1.0322744827929922,-1.0527804578371194,-6.7555013506548915,-259.6265061462461,59.59562639770038,-194.8362166837711,-361.71985334802474,0.027830484973831532,0.561376876521099,1.0,-1.0,0.10604876961558196,0.03873618362949179,0.16997844401426562,0.027511623424075593,0.11124244044952475,0.03784050277805331,0.16997844401426562,0.04152898979029407,0.14585068067078713,0.06904715291796666,0.2407184651910638,0.028265040813893586,0.14759286666689925,0.07092980588840381,0.24065338397358665,0.03423557730470727,0.11632693202234765,0.02978705188227133,0.18236017473300517,0.05678465422986744,0.1222266429787974,0.029234117208233282,0.1795464267051322,0.07544946006413919,0.0,0.0,0.0,0.0,0.0,0.0,0.0,0.0,18.59600992375996,4.097132217794655,24.735436726796628,6.530078279589187,19.00518771273374,3.9008845574052065,24.102847683126285,12.578131061779604,-0.9981818181818182,0.042601361868581746,0.0,-1.0,-1.0,0.0,-1.0,-1.0,4268.827652007781,3789.6890305595903,24413.173574630608,737.5358690615092,3489.8994171118684,2833.407870608117,11615.097994404314,783.5386722838565,0.0,0.0,0,0,0.0,0.0,0,0,2.7183652443319724,1.1094475978853038,7.065472067761292,1.2166561296394645,2.487808344332062,0.918415973225447,4.831543384855979,1.2534960114182336,-271.8365244331972,924004,235000,2350,29.6808966811368,17.379477901995415,14.028711445760564,61.08908602889278,13337.993975958634,234
9.316017,6.9052687,177.4907,-178.747,134.21191,-8.222929,-441.85147,-178.55888,134.08644,-8.122072,-439.52032,-178.25287,134.1077,-8.4284935,-441.0986,9.316017,23.284977,117.12143,7.043127e-05,6.9052687,16.409418,102.33988,0.00022401003,-0.05762061,0.8037784,1.0,-1.0,-2.9375574097090875,1.1325535690275508,-1.1838095379675522,-7.165362233961215,-293.7557409709088,91.41652877874171,-156.15349753386653,-425.34355143899427,-0.029397354,0.5805433,1.0,-1.0,10,-3.0118513626640966,1.089158163855485,-1.4414783930019552,-8.052438269573894,-301.18513626640964,74.02728811511912,-172.2921470751274,-399.5357189644167,-0.05830145200825198,0.688512162517266,1.0,-1.0,0.08543357101660466,0.024427117213087816,0.15596147847617667,0.02779169785553106,0.09028476800367521,0.0256563119434268,0.1475250509131578,0.05944553479777424,0.13381412542843102,0.06349490438760469,0.25252947201429415,0.029023464004497807,0.13468893555452077,0.06550478844866216,0.25246569677292807,0.03283716551516905,0.1229467121415793,0.0344645830938725,0.18927744853491946,0.05691854591299957,0.1279272639367118,0.03217030043957451,0.17910010270612836,0.08997681649673409,0.0,0.0,0.0,0.0,0.0,0.0,0.0,0.0,16.51098897848508,3.6515312011369723,24.66750551895123,8.568058490555364,17.18704071978585,3.770898413655122,24.6145929341385,11.27374251438542,-0.9981818181818182,0.04260136186858175,0.0,-1.0,-1.0,0.0,-1.0,-1.0,4911.547344687397,3741.4372859255623,25210.428089149722,699.985704378278,4335.1617434040945,2589.56506214041,8410.64053720444,700.9681635534448,0.0,0.0,0,0,0.0,0.0,0,0,2.937557409709088,1.1325535690275508,7.165362233961216,1.1838095379675522,2.791267314041107,0.9733972452481077,4.1254296497774625,1.184668468311691,-293.7557409709088,928004,236000,2360,56.38310457584157,17.38270421899506,25.00413020628912,98.76993900112575,13451.944591265732,235
9.299696,9.329766,179.16435,-180.41815,130.42583,-8.010612,-520.9393,-180.60448,130.88829,-7.3243184,-522.5105,-180.73979,130.56262,-8.467339,-522.0922,9.299696,26.628494,187.04787,0.00031817728,9.329766,32.38848,253.1049,2.6599504e-05,0.070230424,0.8308846,1.0,-1.0,-2.556033282900571,0.9032336308476695,-1.398183574921382,-6.3137768588253245,-255.60332829005708,58.56051818021584,-181.8871559746707,-362.2946438260661,-0.091755435,0.6077727,1.0,-1.0,10,-2.615504614054448,1.0020275101244165,-1.3480362927703715,-7.579072855877214,-261.5504614054448,54.55142967945244,-174.4395246955452,-352.7252273484492,-0.09068710897521709,0.6849677858312874,1.0,-1.0,0.09326810474460775,0.040556578943107824,0.16856456462340086,0.02896240469182687,0.09700294985752646,0.04018956302750319,0.16856456462340086,0.03755946289534233,0.14900150768172574,0.06775886191639331,0.2881767607575838,0.03223958870114009,0.1509110159469538,0.06978032287466739,0.288128955071203,0.04928980921449036,0.11899710208869986,0.03721973547040296,0.19907309852567565,0.057173610989598396,0.12427841876040445,0.03487041724553938,0.18963618693796463,0.07035636055873079,0.0,0.0,0.0,0.0,0.0,0.0,0.0,0.0,17.188226461168682,4.066468273163004,25.25072977350514,7.667221282782581,17.42326941625798,4.0268268550960755,23.34574657452351,12.124506593289434,-0.9972727272727273,0.052152034579139875,0.0,-1.0,-1.0,0.0,-1.0,-1.0,3644.470536231233,2803.267294112081,19481.44477637498,965.4299642371714,2943.6054693808424,1621.538050577037,6274.339505384073,1075.4983570013428,0.0,0.0,0,0,0.0,0.0,0,0,2.556033282900571,0.9032336308476695,6.3137768588253245,1.398183574921382,2.34380425959263,0.6591996641566898,3.5496023992140375,1.4785963739482273,-255.60332829005708,932004,237000,2370,56.00103975900856,32.56357106300129,25.379139064709307,113.94374988671916,13565.619666060484,236
10.840405,11.240522,184.71716,-185.50208,139.11945,-8.528613,-481.96948,-185.46817,138.90802,-9.445831,-481.06763,-185.21791,138.742,-8.546679,-487.19568,10.840406,37.415062,346.79626,1.8339051e-06,11.240523,42.10599,381.86798,0.00019535795,-0.04986468,0.80532306,1.0,-1.0,-2.495012308625696,1.100738451815149,-1.1639185308552036,-6.446024416972129,-249.50123086256966,79.3793476078979,-148.57955807606356,-384.20703022138184,-0.109173454,0.75140345,1.0,-1.0,10,-2.451121868115306,1.0580509197059875,-1.2902291045840901,-8.119341388610527,-245.1121868115306,57.60473668787809,-162.19076732798146,-371.4562731928191,-0.09392647395741952,0.6167314037953655,1.0,-1.0,0.10244370171590488,0.038590529222807965,0.17941119559729848,0.027772616632724414,0.10580416630619414,0.03829855914612674,0.17941119559729848,0.04819605130917622,0.1390951584640606,0.07191126996491476,0.27217175489333834,0.03226445507529439,0.14495008673781326,0.07382539293557416,0.27213452686068956,0.036351761969933824,0.12652408825843048,0.03627008632521097,0.21037439173167244,0.057028466315907474,0.13338699627750616,0.033237047077199586,0.19991646016938805,0.08478979869874743,0.0,0.0,0.0,0.0,0.0,0.0,0.0,0.0,18.312353385155514,4.245480266136112,25.453786666641484,8.426468249894166,18.501717563741977,4.358279477027853,24.084965582071753,10.478527503374938,-0.9981818181818182,0.04260136186858175,0.0,-1.0,-1.0,0.0,-1.0,-1.0,3677.8801873849275,3233.3343610036954,20240.398759524407,672.8969748563968,3027.0768733426567,2123.7294400179076,6933.393211310713,701.961318395279,0.0,0.0,0,0,0.0,0.0,0,0,2.4950123086256966,1.100738451815149,6.446024416972129,1.1639185308552036,2.302354151548845,0.9012906422120448,3.7480861462949875,1.1888056775774711,-249.50123086256966,936004,238000,2380,57.62248281719803,32.29773021300207,25.932566710878746,115.85277974107885,13683.009164208539,237
3.6086555,3.3339984,169.96414,-171.33777,129.43855,-9.124024,-458.52545,-171.2345,129.44386,-9.518144,-453.477,-171.18922,129.3966,-9.084594,-458.4201,3.6086557,7.770878,68.57607,0.00031127455,3.3339982,7.1455626,54.614346,7.212162e-06,-0.06979111,0.81964475,1.0,-1.0,-2.369243686459163,0.9024596979252948,-1.3227030456348339,-6.266369959220533,-236.92436864591627,61.46402949352635,-160.30335871753007,-380.9629657590712,-0.14005493,0.6469701,1.0,-1.0,10,-2.4015065881842657,1.2183803574605674,-1.1127833810558514,-7.2860096902887586,-240.15065881842662,53.420576809133614,-168.7082849597325,-323.1438933963,-0.05676245363689604,0.6259619296112445,1.0,-1.0,0.09583659256409634,0.03506054135455581,0.18435059520640712,0.028871287846418483,0.09833407738261238,0.03523368124593227,0.18075212813649635,0.054749860115329625,0.13380582389099113,0.08336580618394095,0.34602282779797494,0.008349158221109529,0.1350323785711372,0.08409399140573895,0.34597964753183674,0.03643969376847626,0.1264432407344506,0.05045654468517454,0.22201539668188006,0.05692688221074765,0.13685532224334288,0.04844188267097666,0.22123348850193092,0.0772589981458446,0.0,0.0,0.0,0.0,0.0,0.0,0.0,0.0,16.409893915508984,2.916219834831962,24.088910346706367,7.767519791173165,16.753231098193428,2.9101488038746073,22.064319315383628,12.430508413090754,-0.9963636363636363,0.06019252857180672,0.0,-1.0,-1.0,0.0,-1.0,-1.0,3181.619925473428,2614.46850490923,19242.508281331786,869.4774208946542,2651.8264253067186,1978.4018417882844,7889.044857220822,902.3535437547653,0.0,0.0,0,0,0.0,0.0,0,0,2.369243686459163,0.9024596979252948,6.266369959220533,1.3227030456348339,2.189179613630616,0.750717169463798,3.992239971407101,1.3473760637488466,-236.92436864591627,940004,239000,2390,59.92401219403837,33.853148591995705,26.153998856112594,119.93115964214667,13802.350455580694,238
9.660818,4.713251,180.97707,-181.87027,132.87367,-8.8980465,-397.3646,-182.21065,133.08234,-8.215877,-397.66495,-182.79007,133.42961,-9.774548,-402.8171,9.660819,42.573383,448.25345,0.00023283064,4.7132506,13.017754,98.05097,8.4940344e-05,-0.0032496434,0.7901074,1.0,-1.0,-2.250326879050952,1.1442102903730864,-0.7268231245845295,-7.957658108561308,-225.0326879050952,65.20430534217157,-131.85819792947834,-387.52390056355154,-0.010646152,0.6051814,1.0,-1.0,10,-2.675930028291608,0.961982256564969,-1.1930331573838033,-7.720253544976219,-267.5930028291608,50.318595036734756,-181.18461754791767,-320.07423784593084,-0.07487847170006849,0.676458642591056,1.0,-1.0,0.09966765581603979,0.026061995940319913,0.14469859079222894,0.028586859563190497,0.103353279357163,0.022995759766584835,0.13403799765036462,0.06363020362833124,0.17612974483013769,0.0845036529303759,0.3189622672988094,0.02114286429457335,0.18104787893041385,0.08569792310873015,0.31891741212855373,0.08244164582779173,0.1052986423983366,0.02993396101342941,0.1461753481287878,0.0571762342876344,0.10863182353135935,0.028005494276558632,0.1461753481287878,0.06671055051434913,0.0036363636363636364,0.06019252857180673,1.0,0.0,0.0,0.0,0.0,0.0,20.108491956926816,3.5733318979581705,25.79422459193367,8.623532978447576,20.75493593763981,3.3035095391284095,24.680093605510862,13.370642725376287,-0.9981818181818182,0.042601361868581746,0.0,-1.0,-1.0,0.0,-1.0,-1.0,3151.806202635886,3963.029671242509,30889.449107663575,261.8824492878495,2084.2325760131243,1484.5211955713028,6272.679686820735,268.0229575017533,0.0,0.0,0,0,0.0,0.0,0,0,2.250326879050952,1.1442102903730864,7.957658108561308,0.7268231245845295,1.9366510389432063,0.6722712784925902,3.557563350657552,0.7352815721676826,-225.0326879050952,944004,240000,2400,58.51316156586108,33.22391893599706,25.90030488879711,117.63738539065525,13918.20258991437,239
4.5699577,3.5672946,180.86871,-182.03864,139.7751,-9.051514,-537.07025,-181.91002,139.59506,-8.371852,-535.078,-181.94418,139.6125,-8.334144,-536.53613,4.5699587,13.996946,103.30258,3.541354e-05,3.5672946,11.819673,92.633575,8.605435e-06,0.009209981,0.81145394,1.0,-1.0,-2.3871801314484995,1.123037928939982,-0.943448820262025,-7.537689450467769,-238.71801314485,68.96965461767499,-140.47156861146823,-379.8876718491335,-0.108903766,0.7082557,1.0,-1.0,10,-2.795115630323259,0.7497099682359212,-1.8954528596948217,-6.747614601531949,-279.51156303232585,43.62062315187072,-226.90450904681228,-358.74846124523623,-0.002329635847625001,0.5988335629968015,1.0,-1.0,0.10577580372438505,0.03522815026478268,0.17640445525204637,0.029219328189971226,0.11258913066935783,0.034379105532676,0.17640445525204637,0.06472462389674939,0.13205962637921667,0.08714879513731677,0.37147682438312546,0.013160596944756011,0.1329738249873079,0.09013900522240385,0.37142626992798683,0.040645164598030956,0.10324275459782518,0.027772953468392345,0.1661490181290591,0.05644181668731226,0.10733316321163956,0.02575568989940025,0.16017972991853063,0.06367304910966286,0.0,0.0,0.0,0.0,0.0,0.0,0.0,0.0,17.794811309469125,4.314935091964079,25.634451539453035,7.37506632034771,18.440147898719573,4.425669397008399,23.533500625118094,10.521910644649791,-0.9954545454545455,0.06726658448613064,0.0,-1.0,-1.0,0.0,-1.0,-1.0,3440.6883976975423,3842.689056415995,27795.61978850264,442.1591935157812,2531.351707085431,1554.4600337102067,5767.267268201534,475.13491020547747,0.0,0.0,0,0,0.0,0.0,0,0,2.3871801314484995,1.123037928939982,7.53768945046777,0.943448820262025,2.143284394690591,0.7178554782176708,3.4138215711233992,0.9779401206651334,-238.71801314485,948004,241000,2410,59.78978808497777,31.45486148999771,26.675531290020444,117.92018086499593,14037.347786936334,240
12.236254,8.908896,176.78354,-178.66684,134.98508,-7.9061327,-450.56433,-178.41289,135.06345,-7.827221,-450.7758,-178.7273,134.99278,-8.458813,-450.96664,12.236254,41.623398,308.5572,0.0008551805,8.908897,22.659485,166.63667,0.00016580452,-0.020176332,0.8044823,1.0,-1.0,-2.2827092678580505,1.1280827051470308,-1.2057605684978698,-6.081911700688512,-228.27092678580502,84.69905660558754,-141.5658158807886,-439.37679563146565,-0.020647518,0.51153153,1.0,-1.0,10,-2.812110085692676,1.1531332444769145,-1.4120270785591935,-7.072734023569283,-281.2110085692675,64.48757024182623,-163.95763065119988,-407.68220129519165,-0.06326816884834735,0.6767980871469935,1.0,-1.0,0.08822959746790365,0.03541580459993252,0.16894463170537255,0.029573425384546333,0.08728393543734748,0.03449853152525768,0.1591914125729682,0.04548990782899361,0.12491857856375203,0.051736539918698164,0.21608517133749983,0.020150725871210577,0.12690118543330106,0.05222071550545876,0.21602759761880413,0.020150725871210577,0.10591317840073582,0.022305536017080015,0.16311371654223045,0.05679165616554357,0.10776340823233094,0.01928305179022736,0.13900789811346598,0.08428005701443558,0.0,0.0,0.0,0.0,0.0,0.0,0.0,0.0,17.13648337603825,3.647932535270921,24.91284677913231,9.197235597582958,17.198432096732144,3.5242495864641143,22.118030868593095,10.443064360300179,-0.9990909090909091,0.030137426280455955,0.0,-1.0,-1.0,0.0,-1.0,-1.0,3214.482418071992,3394.4474494005635,18188.584921482965,722.6116642805482,2550.933802596084,2602.6690003626213,9851.815976367176,743.5309176045148,0.0,0.0,0,0,0.0,0.0,0,0,2.2827092678580505,1.1280827051470308,6.081911700688512,1.2057605684978698,2.063042297801093,0.9358075014980118,4.452660147903273,1.2234757256304736,-228.27092678580502,952004,242000,2420,54.06257783982437,32.670047623993014,25.10586450221308,111.83848996603047,14150.562455798376,241
6.6202636,11.8498955,181.71866,-182.60736,139.62805,-8.951615,-517.8442,-182.51044,139.7656,-8.908356,-516.547,-182.44565,139.12936,-9.602919,-517.5415,6.6202636,17.769337,141.40292,9.0368325e-05,11.8498955,66.54807,739.79913,3.0511059e-05,-0.09763458,0.8074338,1.0,-1.0,-2.425964831204798,1.2700092969338845,-1.0830817366333185,-8.238627209729456,-242.59648312047977,76.46159451465095,-167.3202767577539,-393.0786954641931,-0.10278479,0.6672338,1.0,-1.0,10,-2.762762095967752,1.1254562059783793,-1.123580804856699,-8.59519647807181,-276.2762095967752,80.9594618012952,-173.56467329546726,-438.4500544495844,-0.07976574009620595,0.6061794138810488,1.0,-1.0,0.1080811358990384,0.04091919312820186,0.18407364804104595,0.029864886645954693,0.11601170526551349,0.04076837125576761,0.18153913325209606,0.06445099318665234,0.1311632671138223,0.0811376107815548,0.3348772495881521,0.017960112954416095,0.13639514337594483,0.08382250717470419,0.33480635979498086,0.027125572753084668,0.10435034067749309,0.033133612254617695,0.19357889543917378,0.056985228692819447,0.11066437761898672,0.03442313279485507,0.18736299337138415,0.07416244027052536,0.0,0.0,0.0,0.0,0.0,0.0,0.0,0.0,17.83267177581762,4.224471124592598,26.600992659250828,8.758508139016747,18.31914640052293,4.407820645801978,26.16716850215596,13.212442727583756,-0.9972727272727273,0.05215203457913988,0.0,-1.0,-1.0,0.0,-1.0,-1.0,3709.944570648205,4567.489698965087,32922.64983141096,580.2492989049922,2545.313299595389,2043.8894618319207,6959.775203075587,593.4157659649867,0.0,0.0,0,0,0.0,0.0,0,0,2.425964831204798,1.2700092969338843,8.238627209729456,1.0830817366333183,2.0964202477303524,0.8506994652403241,3.737382343863357,1.0951701447660858,-242.59648312047977,956004,243000,2430,54.8275508875231,34.0638076000032,24.771800963804708,113.66315945133101,14254.269799488706,242
6.2642817,5.114798,174.07323,-175.18735,129.62239,-10.142903,-473.91757,-175.40979,129.62437,-10.4503,-471.7289,-175.1947,129.50478,-10.185181,-477.14963,6.264282,20.438917,194.23349,2.5182962e-06,5.1147976,12.919937,89.727745,0.00124887,-0.06470964,0.81465286,1.0,-1.0,-2.73762853231149,1.0946648158931938,-1.6950751239650432,-7.388769567542884,-273.76285323114905,87.86208399877944,-198.92726340428817,-529.083998778002,-0.056831144,0.7066742,1.0,-1.0,10,-2.5844068975238668,1.1851552172148878,-1.0871281500015875,-8.21535052762628,-258.4406897523867,56.64032479754115,-170.54703192070113,-350.82555096689936,-0.12402661275726158,0.5853046365845114,1.0,-1.0,0.09580936492955235,0.04606033410519606,0.19288178027354258,0.029495671723039258,0.10030919111715092,0.04798247525010466,0.19288178027354258,0.038679661791720985,0.1205895573734756,0.06560393737270738,0.2896128548497198,0.027941197350269092,0.12120982718982841,0.06710277988504183,0.28956037657717315,0.05427697621735587,0.12704623383008798,0.04475618716958677,0.19950820000709843,0.05669328600689493,0.13713220414973068,0.04504136886388922,0.19950820000709843,0.06948764145399264,0.0,0.0,0.0,0.0,0.0,0.0,0.0,0.0,18.824450889342778,4.021735930631993,26.74949736688537,8.54145824991181,19.017053779460372,4.065450268291105,25.184046566447112,12.438362604578149,-0.9981818181818182,0.04260136186858175,0.0,-1.0,-1.0,0.0,-1.0,-1.0,4304.119283686468,4054.823079967068,26820.434509231956,1424.6943721503449,3618.491996699736,3175.010480845085,13288.727322302448,1452.1210741755433,0.0,0.0,0,0,0.0,0.0,0,0,2.73762853231149,1.0946648158931938,7.388769567542885,1.695075123965043,2.541726829287056,0.9143151427399092,5.185746367034752,1.711390196623726,-273.76285323114905,960004,244000,2440,48.93885778532422,24.08501450899348,21.19321642315481,94.2170887174725,14347.941775776148,243
2.725366,3.4449816,176.93985,-177.52116,130.16534,-6.2352386,-469.8099,-177.69446,130.41713,-6.142471,-470.25305,-177.84256,130.19193,-5.889599,-473.1753,2.7253659,5.1976037,37.19109,2.0954758e-07,3.4449813,8.670053,61.83839,0.0002337629,-0.058515918,0.7976459,1.0,-1.0,-2.4829233340713652,1.1315397864037868,-0.9683823425997412,-8.08321852532617,-248.29233340713654,68.59478817030606,-147.14352931580044,-394.67862352803854,-0.117317654,0.7140226,1.0,-1.0,10,-2.6100171053632732,1.0478536566739771,-1.3723500095824739,-7.111343346599462,-261.0017105363274,65.55648969588636,-161.64718647423066,-367.01801707459043,0.01430569890271301,0.6047097288304397,1.0,-1.0,0.09354597853461764,0.03854815508532133,0.17288959327915646,0.028005769164997283,0.09719321908679959,0.035950184100879815,0.16065699756275909,0.037918751217577616,0.1464196496099521,0.06300387436620931,0.2365869601594196,0.04244616499106252,0.14824221090285453,0.06560107862713559,0.23652593442627953,0.04244868216033732,0.10638312803057996,0.042465683554536095,0.19454108581737833,0.057335002183442084,0.10882483005521969,0.0416095892718079,0.19093871365424625,0.06438919052250101,0.0,0.0,0.0,0.0,0.0,0.0,0.0,0.0,18.412565667584573,4.0146972536557595,23.388819182359295,9.397282157993322,18.777996692920095,3.92922641347776,22.250147889905026,10.21553723876082,-0.9890909090909091,0.10387532259698691,0.0,-1.0,-1.0,0.0,-1.0,-1.0,3687.539851341034,4316.279843171504,32150.40652049957,460.0572902816849,2726.5719404484767,1542.1283688913204,6308.758876576927,700.1600287003557,0.0,0.0,0,0,0.0,0.0,0,0,2.4829233340713652,1.1315397864037868,8.08321852532617,0.9683823425997412,2.248147018773798,0.6619226871635836,3.563783510155655,1.1905219766764654,-248.29233340713654,964004,245000,2450,39.33428133212146,23.565568784004427,19.902239688919508,82.8020898050454,14431.258849283193,244
9.911762,9.210904,177.6619,-178.31503,131.94807,-9.994145,-452.92236,-178.3529,131.8759,-9.808075,-451.00015,-178.4231,132.0984,-9.3365965,-451.0355,9.911762,63.496395,715.2376,2.7432237e-05,9.210903,54.387505,604.3393,0.000100501115,-0.104320906,0.80659986,1.0,-1.0,-1.966941356290209,1.0649734911889082,-0.7159024715542688,-7.343059793795538,-196.69413562902085,65.54415440473201,-104.78329488896829,-354.079641658447,-0.05574687,0.5701391,1.0,-1.0,10,-2.3381131769179064,1.0171161978404943,-0.957188910461482,-6.890185485432236,-233.81131769179063,51.656429753297175,-137.9250587631665,-321.01672178271264,-0.04699822468822596,0.5599548137247669,1.0,-1.0,0.08950124886141028,0.031124129812819555,0.14538581825121488,0.031612268326375835,0.0905042445640812,0.028251170995384225,0.1357551107979221,0.04287610949476099,0.11506549884518161,0.04275177543025816,0.22000577008830452,0.0273478483004253,0.11409407729504753,0.042356318089745194,0.17420858346614168,0.04982387923647666,0.10057392709136465,0.040336122180173704,0.21771444627597294,0.05712508553104404,0.1028658531312206,0.04138462577066369,0.21574768234668354,0.06484481042400499,0.0,0.0,0.0,0.0,0.0,0.0,0.0,0.0,17.253905437966697,3.609184039146601,24.480642416681192,9.252390819178517,17.54766145659481,3.592638994992261,23.06127171210693,11.061706619036864,-0.9981818181818182,0.042601361868581746,0.0,-1.0,-1.0,0.0,-1.0,-1.0,2476.7906159577924,3192.2441695038915,26431.550648868462,255.5001232493366,1759.6404622450414,1527.870320102908,6066.690010310064,279.21104586109743,0.0,0.0,0,0,0.0,0.0,0,0,1.966941356290209,1.0649734911889082,7.343059793795538,0.7159024715542688,1.7415432610331936,0.7150665603884329,3.4932215599785064,0.7484164344107905,-196.69413562902085,968004,246000,2460,45.36796686021262,24.08035650799866,21.03061542804062,90.4789387962519,14522.674559200452,245
4.5205903,4.90374,179.95575,-180.9248,133.48465,-7.78798,-461.27603,-180.78365,133.33717,-7.017394,-459.50235,-180.98973,133.4527,-7.1782703,-459.71744,4.5205903,11.664203,105.66269,7.0559385e-05,4.90374,18.173258,190.8505,0.00012659511,-0.041066047,0.8025973,1.0,-1.0,-2.3123452753943954,0.9000154400797636,-1.1026907398189547,-7.556366356144214,-231.23452753943954,39.15513310537323,-158.58122032623888,-306.5998949152142,0.009089975,0.56520385,1.0,-1.0,10,-2.546898772461046,1.2855670963516441,-1.333211530829618,-9.863243094105476,-254.68987724610457,63.6284765240049,-183.18981313959335,-354.57527135163656,-0.055152183166816623,0.7066133429729559,1.0,-1.0,0.10590168512078559,0.04071330237622006,0.20165832626078448,0.029637150198206095,0.10775974041442199,0.03896114422756894,0.17631836133446255,0.04423142876424606,0.11713606382155531,0.0517826567817819,0.2372747769199502,0.02125861692958405,0.12022765350579387,0.05282405748322784,0.23719935332812853,0.06172054824445897,0.10328308629448665,0.030560762452129218,0.1772666955770175,0.056723444749628614,0.10958433408762752,0.027002668610160218,0.16722014770837143,0.06838264674511146,0.0,0.0,0.0,0.0,0.0,0.0,0.0,0.0,19.258697790624495,4.155709455854611,25.109147970473884,8.636682227125709,19.624449101944684,4.392222186871454,25.09766145549043,12.792270469915456,-0.9963636363636363,0.06019252857180673,0.0,-1.0,-1.0,0.0,-1.0,-1.0,3050.534199231388,3269.2223284470815,28085.737023156955,602.0931041555211,2350.4366294765528,765.1384865817794,3659.0397856991635,653.9430518632591,0.0,0.0,0,0,0.0,0.0,0,0,2.3123452753943954,0.9000154400797636,7.556366356144214,1.1026907398189545,2.137879776178413,0.3996271720558558,2.7116686583080334,1.148910184330645,-231.23452753943954,972004,247000,2470,40.08105703104229,25.017483149000327,19.76551746496989,84.86405764501251,14608.066574874472,246
3.3585548,3.5397246,178.29767,-179.48473,128.43665,-9.913254,-450.21335,-178.69704,128.16489,-9.847061,-447.63422,-178.80728,128.29942,-9.899316,-446.613,3.3585546,6.179054,38.565887,3.9329985e-05,3.5397246,7.1614785,54.31593,0.0008178905,-0.019838305,0.80331254,1.0,-1.0,-2.6815807937257126,1.0469301296705122,-1.065717889909999,-7.28800144111608,-268.1580793725712,62.606790830712235,-150.38930953026656,-385.62030995135586,-0.052123442,0.60253906,1.0,-1.0,10,-2.199249100855224,0.9266417818224786,-1.2248324306527938,-6.496916637178758,-219.9249100855224,52.83750002915972,-155.05040291235844,-310.4426082619715,-0.11450634795541276,0.5232446176659488,1.0,-1.0,0.08424142248948653,0.03707156162914344,0.17475248307342295,0.029088173392262787,0.08589945249143817,0.03781375887193357,0.1742159173268118,0.03870556887344368,0.1619886608350603,0.09654535044883306,0.30611017837130194,0.02881432965488267,0.16346599681714682,0.10009648443049475,0.3060621589025283,0.03536300318330988,0.11092631602895435,0.033764587357599636,0.17559714030475512,0.05707736486542467,0.11542018497442044,0.03239713566776946,0.17356724198617743,0.0770164384695066,0.0009090909090909091,0.03013742628045596,1.0,0.0,0.0,0.0,0.0,0.0,17.19562169592852,3.6076713502853694,24.680323224768483,7.72415834045595,17.43293385466973,3.5723861884450487,24.42383700235743,13.023959820721373,-0.9963636363636363,0.06019252857180673,0.0,-1.0,-1.0,0.0,-1.0,-1.0,4106.867778121371,3702.148466057824,26151.52781470993,555.4912002887858,2991.1467454093086,1359.0428340343483,5446.27567492876,826.7999616591796,0.0,0.0,0,0,0.0,0.0,0,0,2.6815807937257126,1.0469301296705122,7.28800144111608,1.065717889909999,2.383651653281333,0.5821121280148244,3.3066072076920214,1.298775492717778,-268.1580793725712,976004,248000,2480,40.259628306142986,25.53866500199365,20.300247064777068,86.0985403729137,14695.970579752386,247
7.096417,7.309347,175.25232,-176.31998,130.8566,-9.606109,-444.52353,-176.40533,131.09654,-9.392146,-447.94754,-176.67154,130.82077,-9.941443,-446.23114,7.0964174,41.37705,458.3915,0.00038266275,7.3093467,34.012928,349.88623,0.0002889419,-0.04407525,0.7824299,1.0,-1.0,-2.270831236669323,1.194337868069155,-0.9193583684394963,-8.056843655461794,-227.08312366693227,61.92220325515883,-133.5267529059338,-379.36237892038446,-0.06275935,0.5049647,1.0,-1.0,10,-2.8695125153001717,0.988322717244788,-1.4288020858101196,-9.035492098986547,-286.9512515300172,53.405661479421525,-189.72728951446024,-350.85268226334045,-0.09909967567251127,0.6167956273742016,1.0,-1.0,0.09788330243110008,0.04188455674427159,0.17499279523154804,0.028369382575975623,0.10234080153562462,0.042889186246511765,0.17151933075292683,0.037787979710560825,0.14589859468278926,0.08795004855829719,0.27882737935760793,0.01674594240013317,0.14630974491722618,0.0914344746317406,0.2787516301313631,0.01782905578109461,0.10149540719157235,0.0320522118811613,0.1873341879180682,0.05684883249942113,0.10653168100622062,0.03145054484947925,0.1767564960291388,0.06892719518354673,0.0,0.0,0.0,0.0,0.0,0.0,0.0,0.0,18.565040033299294,4.936171327773736,25.348197242047824,9.713670078289155,18.783393460792563,5.105811798057897,24.71041570608538,12.001171287191665,-0.9990909090909091,0.030137426280455952,0.0,-1.0,-1.0,0.0,-1.0,-1.0,3256.6881750184702,4294.812346383447,31659.24877461033,420.4594421207428,2110.4630627177326,1458.2243639804392,5951.624000607618,421.33712649795257,0.0,0.0,0,0,0.0,0.0,0,0,2.270831236669323,1.194337868069155,8.056843655461794,0.9193583684394963,1.954678161663981,0.6528049571653679,3.456839391908785,0.9203539678995509,-227.08312366693227,980004,249000,2490,45.16260627019801,27.356951698006014,21.517023377789883,94.03658134599391,14790.788752879373,248
7.366255,7.9847817,181.52048,-182.14261,130.1577,-9.612911,-494.40665,-182.23514,130.05968,-9.245964,-493.27792,-183.13603,130.05133,-9.690724,-496.3666,7.3662558,28.596966,304.63766,9.80685e-05,7.9847813,31.596136,327.83755,3.6696205e-05,-0.17791894,0.8099545,1.0,-1.0,-2.4915413831591304,1.0403389020766056,-1.5853079626387456,-7.026736934837974,-249.15413831591306,44.972297457522174,-204.84378527193374,-367.54611727401056,-0.23273604,0.6425782,1.0,-1.0,10,-2.9947475953471083,1.208006855969593,-1.4646551667084975,-8.129410783031462,-299.47475953471087,56.41279793001134,-201.04363423925764,-406.0260285672059,-0.17176698474203983,0.6762674127865889,1.0,-1.0,0.11955002568826767,0.029719322037359098,0.16567498014084484,0.029599341255587514,0.12506791315093152,0.024842763703772273,0.15968303962567224,0.09181827308200266,0.16004995794597762,0.08003750146721726,0.33258419323841604,0.03846637721863029,0.16337217571894577,0.08156008889989322,0.3325115174168667,0.04944895883993057,0.12353246754092698,0.04707097558032245,0.20836312461583303,0.057201173332800455,0.13011712754359547,0.047444261460025776,0.20800312116956932,0.0656181603093365,0.0,0.0,0.0,0.0,0.0,0.0,0.0,0.0,18.6724132220265,2.3693697806910534,24.011822027452368,10.475878813201362,18.750811631971615,2.061728563875652,20.85603349215184,14.381054648219608,-1.0,0.0,-1.0,-1.0,-1.0,0.0,-1.0,-1.0,3608.8031900233223,3819.860525446186,24081.880428604032,1246.3091426120616,2443.6381882384285,1093.9775552181115,5151.408939792214,1246.3091426120616,0.0,0.0,0,0,0.0,0.0,0,0,2.4915413831591304,1.0403389020766056,7.026736934837973,1.5853079626387456,2.1693678262501153,0.45923625774759713,3.219227243674657,1.5853079626387456,-249.15413831591306,984004,250000,2500,39.69845304891351,28.136519099003635,20.049587864254136,87.88456001217128,14870.028523056542,249
7.2866044,10.471977,180.34254,-181.64189,135.76411,-6.228483,-483.18842,-181.83994,136.35555,-4.890994,-485.05624,-182.2478,135.91132,-6.248869,-483.2784,7.2866054,41.045094,464.72296,0.00041557848,10.471977,54.643127,593.9874,0.00034597726,-0.12967117,0.8227361,1.0,-1.0,-2.5429716116847016,1.0508492621677759,-1.0761922544189553,-6.741121003185197,-254.29716116847018,70.67072154750834,-157.4387762660773,-378.07156456723465,-0.07809562,0.6084404,1.0,-1.0,10,-2.7852276870368278,1.3774145703885203,-1.1171884411025172,-8.67713040395227,-278.5227687036828,71.42466127448816,-125.08024542496308,-372.16422016663637,-0.06555265030013893,0.6276836195811045,1.0,-1.0,0.07973776042395751,0.03757428017430611,0.1552329423335933,0.028447772382564584,0.08280037176175942,0.03687207148608131,0.15112927480163685,0.039073893266925036,0.11015329197558871,0.04914933371864165,0.18685364504234256,0.021929592222495815,0.11364820810876924,0.05009222592408329,0.18682890885800355,0.04385428638429132,0.11353951383068946,0.04772725402901878,0.20649454594494365,0.056892848803750264,0.12203937149439693,0.04742840708027232,0.20257329194564164,0.06309251166313336,0.0009090909090909091,0.03013742628045596,1.0,0.0,0.0,0.0,0.0,0.0,17.18455006943301,3.611481357887396,26.179788289420767,8.27562765425653,17.46408995702689,3.5161828409302456,23.52742802095133,10.921196177688463,-0.9918181818181818,0.09008260671771133,0.0,-1.0,-1.0,0.0,-1.0,-1.0,3752.1773219905485,3391.147410014544,22344.695169503128,575.2179365350039,2922.6026078565524,1915.244015689128,6472.678066884113,597.9426951285714,0.0,0.0,0,0,0.0,0.0,0,0,2.5429716116847016,1.0508492621677759,6.741121003185198,1.0761922544189553,2.296198596335449,0.781844434191913,3.606743059321621,1.0971566263464767,-254.29716116847018,988004,251000,2510,44.21722476500145,19.470134311995935,20.111824024046655,83.79918310104404,14963.80558296061,250
5.576994,5.614574,180.99158,-181.62924,131.04181,-11.863357,-450.6417,-181.62054,131.0925,-11.777132,-447.62756,-182.04852,131.47575,-11.980991,-452.27487,5.5769935,11.188318,80.87947,0.00020748377,5.6145744,11.709678,80.932175,6.7673565e-05,-0.04036048,0.80581427,1.0,-1.0,-2.721746611802687,1.1301344376061058,-0.9452606968675721,-7.095601282289115,-272.1746611802688,87.86627559021083,-123.26327478335024,-441.62793752750747,-0.05973388,0.56655353,1.0,-1.0,10,-2.620200276163106,0.9945219125287059,-1.376701585929912,-7.863089398471878,-262.0200276163106,52.92946919523491,-197.18037502420043,-396.7363063642537,-0.012996390599469635,0.6358943576933073,1.0,-1.0,0.1108605347157136,0.03997629641885923,0.19082908156947243,0.028927370934762844,0.11366095664290156,0.03756041921930583,0.1802622159958637,0.057597784690998556,0.13916757407250635,0.07458904175318566,0.27808270149643943,0.018604295359499336,0.14123433952389627,0.07618619523601335,0.2780306690824455,0.02728690749586644,0.10876181944408352,0.035102584940046457,0.17890123645155737,0.05666210322402138,0.11368316304600011,0.03354962084945359,0.17088779081986757,0.06641974739120277,0.0009090909090909091,0.03013742628045596,1.0,0.0,0.0,0.0,0.0,0.0,18.87876177426972,3.382613421395386,23.463725961282435,6.914750849860596,19.064472788295586,3.3656079110463146,23.400906602836546,13.772152055559276,-0.9981818181818182,0.04260136186858175,0.0,-1.0,-1.0,0.0,-1.0,-1.0,4292.318073312832,3770.2555422038813,24808.09803317423,444.94341274071843,3393.0781731947222,2026.0162898522653,7819.208637542504,529.5417995515404,0.0,0.0,0,0,0.0,0.0,0,0,2.721746611802687,1.1301344376061058,7.095601282289115,0.9452606968675721,2.486151386138025,0.8199683217027979,3.972832406444276,1.0309353954163956,-272.1746611802688,992004,252000,2520,54.45835217225249,29.472804293996887,22.09991900404566,106.03107547029504,15155.573397389897,251
4.889535,7.131177,171.30826,-172.52063,128.55223,-6.956003,-449.70648,-172.8809,128.55254,-7.908893,-449.55316,-172.53615,128.46564,-7.8998604,-448.31876,4.889535,14.40079,141.16116,0.00061179535,7.131178,29.767088,318.18408,1.1565458e-05,-0.10010122,0.8113849,1.0,-1.0,-2.547938278986895,1.2227377717414307,-0.9107205456907047,-6.978224071024038,-254.79382789868953,91.55816283775386,-128.74796660216606,-402.5350220073724,-0.011505616,0.5839865,1.0,-1.0,10,-2.87315571276966,0.9704454766434504,-1.2671267853771448,-7.0731808428405705,-287.31557127696595,65.25272014969207,-182.7804071793432,-395.0196127727164,-0.12447017730789839,0.6357728260167936,1.0,-1.0,0.07304787100891805,0.021018871851934844,0.1340278510820795,0.028536374963801518,0.0723087473634735,0.019340361617085383,0.10720151907014734,0.03407915949217442,0.12099491371783819,0.06376286671538049,0.2283493464492086,0.012829405248837772,0.12141805169742766,0.06430641680632757,0.22827544000711245,0.015672322064109456,0.09260803429277406,0.017365321811187204,0.1410349195488577,0.05668055965947461,0.09399586147490627,0.0141232937341181,0.11996929270178883,0.07039949954652092,0.0,0.0,0.0,0.0,0.0,0.0,0.0,0.0,17.147688668046925,3.6310449168332535,23.03044705892503,9.144242047854911,17.26503309895782,3.7320270205035757,22.945374511154352,11.198648789805686,-0.9972727272727273,0.052152034579139875,0.0,-1.0,-1.0,0.0,-1.0,-1.0,3960.076860529169,3714.364884471795,23845.655912993527,412.845452079376,3103.127787074059,2545.725071789827,8046.938979299252,427.7458739794414,0.0,0.0,0,0,0.0,0.0,0,0,2.547938278986895,1.2227377717414305,6.978224071024038,0.9107205456907048,2.2871756479449363,1.0093957572936265,4.02636910924322,0.9269198645705693,-254.79382789868953,996004,253000,2530,39.05460819108703,24.959980486004497,19.730485144944396,83.74507382203592,15244.01972742992,252
6.9488463,7.5345507,180.2201,-181.1576,133.56448,-10.276974,-450.95407,-181.15094,133.38707,-10.500022,-455.13074,-180.93625,133.69083,-10.163884,-453.0855,6.948846,30.426537,320.38248,0.0002954626,7.5345507,24.136108,204.45212,0.0008229166,-0.12276829,0.8323594,1.0,-1.0,-2.7975022003047236,0.7987379158806747,-1.8294247625913236,-6.766995616123791,-279.7502200304723,43.29575036261921,-210.95815303963548,-382.6452879578143,-0.17194447,0.70656186,1.0,-1.0,10,-2.796432045218718,1.181165129075047,-1.5977443361626888,-9.07785112994879,-279.6432045218718,74.62664969237203,-209.1071397429687,-466.4346424591319,-0.09869832612499715,0.594648879164757,1.0,-1.0,0.09872531886758544,0.04097488219748683,0.16374542487968194,0.029363211789233585,0.10678176925258791,0.04096037172104094,0.1637155284720345,0.04198969352123256,0.1374435037131698,0.06724475004039723,0.2876781772067712,0.031456789060117736,0.14552573255828724,0.06884980172168483,0.2876258172811057,0.05511250571836656,0.11276101171110564,0.036851842470385685,0.1933685150288523,0.056874172485562126,0.11974029704772576,0.03439247758440985,0.18731745583520257,0.0819001687296082,0.0,0.0,0.0,0.0,0.0,0.0,0.0,0.0,16.454579939950968,3.34200670364078,22.656358331748585,9.312939492118069,16.9459512315445,3.3235745597001976,22.526084499779266,12.050212771376607,-0.9990909090909091,0.030137426280455955,0.0,-1.0,-1.0,0.0,-1.0,-1.0,4190.8762570612735,3005.4638538737845,22531.247647766017,1657.8899194065662,3350.903483289681,823.4116731413114,4578.759441068959,1921.7239820342677,0.0,0.0,0,0,0.0,0.0,0,0,2.7975022003047236,0.7987379158806747,6.766995616123791,1.8294247625913234,2.578598761945634,0.3261760594385688,3.0375183346225,1.9710678867958649,-279.7502200304723,1000004,254000,2540,39.68241334913182,29.681456555001205,20.277369891875423,89.64123979600845,15329.212238597924,253
3.7171319,4.089055,175.645,-177.15955,129.54973,-5.266043,-541.42737,-177.39996,129.51944,-5.296748,-539.55396,-177.46742,129.56755,-5.596639,-541.5769,3.7171316,7.554244,54.397377,0.00024111025,4.089055,12.277991,109.07698,1.0538512e-05,-0.07243952,0.83620936,1.0,-1.0,-2.4748873442295514,0.934064677470835,-1.4468707752667014,-6.130802845340864,-247.48873442295516,62.54120862795238,-171.13746744892137,-362.11069784806864,-0.10444695,0.6982145,1.0,-1.0,10,-2.7445303124068365,1.0101591094989346,-1.088517690641947,-6.933644894696437,-274.4530312406837,65.9082714464968,-159.7304562904812,-396.874513900102,-0.039292080455797074,0.6132877697355221,1.0,-1.0,0.09755966274620412,0.036035644180673336,0.15484837241062474,0.028559446421124773,0.09837603025079353,0.03560373584048378,0.15390595470102847,0.04715565872510741,0.1261652525813714,0.08199944149102917,0.2954735107269576,0.009679452969492177,0.1276261778348742,0.08290821253434952,0.2954142965280594,0.018892908701937796,0.10715827912605848,0.03921850176260181,0.22613162196121164,0.05677804534096219,0.10991770038559391,0.042228308544436405,0.22613162196121164,0.0639462636605391,0.0,0.0,0.0,0.0,0.0,0.0,0.0,0.0,16.75721644715576,2.991296162102402,23.31558461559426,8.335992194051341,16.808820088035628,3.3269686669370793,22.212584799859854,9.670703528088403,-0.9618181818181818,0.19163498360724424,0.0,-1.0,-0.9090909090909091,0.28747978728803447,0.0,-1.0,3469.815069729138,2828.8525282996134,18529.784967665553,1039.061802872304,2802.6147999311947,1847.548742557427,6524.078065885589,1077.5415350972326,0.0,0.0,0,0,0.0,0.0,0,0,2.4748873442295514,0.934064677470835,6.130802845340864,1.4468707752667014,2.2653785168594407,0.7134299199607235,3.619519947788104,1.4730147225251904,-247.48873442295516,1004004,255000,2550,45.06178570934571,25.2253370880062,20.70190090870892,90.98902370606083,15419.326288202014,254
9.821606,10.224895,180.9339,-181.65721,127.36234,-10.764135,-447.5383,-181.84056,127.43206,-10.75818,-445.115,-182.29306,127.88609,-10.776595,-443.04724,9.821606,42.856964,404.50555,9.313226e-08,10.224895,49.870163,483.0632,2.2133463e-06,-0.026771847,0.8223166,1.0,-1.0,-2.4485523588086076,1.1545031073983638,-1.0966742766127326,-7.910578367032222,-244.85523588086073,57.14319220897481,-137.71951725158993,-328.453078794903,-0.10743979,0.60825574,1.0,-1.0,10,-2.7321220432108877,1.1843931569138437,-0.8046657819526233,-7.265509651779539,-273.21220432108873,70.23405673901696,-136.59320663789097,-381.27175297002765,-0.07144430834584341,0.5505407798573742,1.0,-1.0,0.10636419069548039,0.04006257046327529,0.1837798086454507,0.028113145412341656,0.11051429556162819,0.03994825925736334,0.17803106406298563,0.04249022606829714,0.14907879648599193,0.08454844360255352,0.27187552607162474,0.029643520607217356,0.15173599333516694,0.08715241052967744,0.27179891941823087,0.029707235479329647,0.13348036843541464,0.06392911979328088,0.24149888474066133,0.05687325788871219,0.144317119890639,0.06427812949129076,0.24149888474066133,0.0642610885310694,0.0,0.0,0.0,0.0,0.0,0.0,0.0,0.0,17.701965704493634,3.645552433346711,24.411899204291274,10.235125834391512,17.813867341817165,3.6559310498891864,24.367431198037277,12.799903282025983,-1.0,0.0,-1.0,-1.0,-1.0,0.0,-1.0,-1.0,3621.739409084482,4142.810408385055,30427.470876530882,596.8816929619682,2286.429258977402,1201.9012679034015,4224.379498298696,655.9380526261612,0.0,0.0,0,0,0.0,0.0,0,0,2.4485523588086076,1.1545031073983638,7.910578367032222,1.0966742766127326,2.063898259018101,0.5900081235729872,2.914420354244816,1.1528569937864648,-244.85523588086073,1008004,256000,2560,38.529816463866155,24.331326105006156,20.090304125173134,82.95144669404544,15502.557121769067,255
5.5949736,5.515865,177.52644,-178.40521,139.18462,-6.743536,-549.1189,-178.34253,139.17535,-6.633379,-548.2132,-178.91455,139.28302,-7.4067035,-551.4771,5.5949736,12.262833,94.57218,5.9613027e-05,5.5158644,13.771883,110.81565,0.00018697232,-0.010359905,0.7988522,1.0,-1.0,-2.1865022979583713,1.1000205791662578,-1.308795715866045,-7.689372399013581,-218.6502297958371,53.67220360122879,-157.58051405214772,-365.46891308421635,-0.07814662,0.59157485,1.0,-1.0,10,-2.549867219763741,1.1949675927215433,-1.161998040904278,-7.452853838032478,-254.98672197637407,62.8779187078647,-163.27966535166553,-422.72649513355805,-0.10116469719800307,0.6209668296100758,1.0,-1.0,0.09612821890788739,0.038497339987071846,0.1659156955507175,0.03121570988930797,0.10240976811490107,0.03709697616231419,0.16450226291319364,0.049130259540747366,0.13910414353876147,0.0645338021745087,0.23920791210997772,0.014995372216489401,0.1422790423710497,0.06510249064561904,0.23920791210997772,0.0686922779736814,0.11236591053301333,0.04452619279233477,0.21705004741648676,0.057006910330347146,0.12028950794078005,0.044659639350537635,0.21705004741648676,0.06500463166926539,0.0018181818181818182,0.04260136186858175,1.0,0.0,0.0,0.0,0.0,0.0,18.598910491162293,3.0143675372503567,25.83159252980569,7.906745012069761,19.167520584810184,2.723973276836586,23.31199254760932,15.027624952941139,-0.9963636363636363,0.06019252857180673,0.0,-1.0,-1.0,0.0,-1.0,-1.0,2966.233547644848,3872.757795874377,28972.455182762264,850.0848828214608,1917.985839759925,1524.3692354398138,6412.903391187688,853.6619006317997,0.0,0.0,0,0,0.0,0.0,0,0,2.1865022979583713,1.1000205791662578,7.689372399013581,1.308795715866045,1.862593880688179,0.6260695811545905,3.593863533543228,1.3115678875638546,-218.6502297958371,1012004,257000,2570,38.165812130246195,24.610114511000575,20.014405061112484,82.79033170235925,15585.811771772416,256
8.6934185,8.857132,170.30074,-171.63097,127.21465,-9.40686,-409.99484,-171.41916,126.93353,-9.381437,-410.71558,-171.09825,126.67157,-9.222335,-409.1362,8.693417,35.5064,292.31314,7.1304385e-06,8.857132,38.67611,354.025,4.434027e-06,-0.07828454,0.7836944,1.0,-1.0,-2.2665305401856646,1.163923232007492,-0.821756790746695,-6.72133219090404,-226.65305401856648,72.65062732489477,-164.78518658195608,-393.1371127084599,-0.076594695,0.48845893,1.0,-1.0,10,-2.6802645486966945,1.176755718164014,-0.9145679481976324,-7.469362499983274,-268.0264548696694,60.15411610627275,-162.81383571264342,-355.3678407036801,-0.08977739941266077,0.6065472052883544,1.0,-1.0,0.10449851336223007,0.03229594432638978,0.17774850205275664,0.027583999224353586,0.10784002173462075,0.02899995202153371,0.17218932560585723,0.07752212774108641,0.1871416711228173,0.06585316825077968,0.31395956679638676,0.04261564831790896,0.1927631682744947,0.06519599868153382,0.31390713619534577,0.0671971068280778,0.12601201247079644,0.04440733535254518,0.2185258075131032,0.056944479857899535,0.13397217523473945,0.043371689702973164,0.2072928480140448,0.06386716135616036,0.0,0.0,0.0,0.0,0.0,0.0,0.0,0.0,18.742843564908423,3.4107435348928195,24.84414099524511,10.390532614467025,19.06969097618654,3.102922196129881,24.466124530039806,13.200446790290219,-1.0,0.0,-1.0,-1.0,-1.0,0.0,-1.0,-1.0,3212.02883038588,3618.47521790354,22203.215503116164,334.781342484479,2062.694505498515,1804.4044787816667,6303.252847120924,440.1001762034574,0.0,0.0,0,0,0.0,0.0,0,0,2.2665305401856646,1.163923232007492,6.721332190904041,0.821756790746695,1.8849837181745408,0.7770478864213703,3.5635287303733683,0.9421237755970032,-226.65305401856648,1016004,258000,2580,39.54028718599875,25.08275923799374,20.085063190184883,84.70810961417737,15669.489169841567,257
5.499424,9.957642,176.27144,-177.70428,133.6046,-9.520078,-520.97437,-177.42441,133.62907,-9.397885,-518.9164,-177.59053,133.43295,-10.053584,-520.51086,5.499423,12.833796,87.86144,8.229166e-06,9.957642,58.555443,651.6305,9.0658665e-05,-0.0890256,0.7928255,1.0,-1.0,-2.474485407756145,0.9262453109673354,-1.4638629693105374,-6.707910573630821,-247.44854077561442,58.33662890412851,-177.8862354200843,-368.653313191839,-0.038725205,0.68302715,1.0,-1.0,10,-2.8220263729096358,1.3651922063998203,-1.2068899323292444,-7.788191087841601,-282.20263729096354,83.19828409561816,-182.12973391779892,-486.8291709810556,-0.09189366502493465,0.6882227855214696,1.0,-1.0,0.10370409566442135,0.03460581031509282,0.1806395054704593,0.02848705532242312,0.10758783741887162,0.03159940427732937,0.1806395054704593,0.05685976031089496,0.11735330594897828,0.06878422461980574,0.2902618432830684,0.027242814136891082,0.11744739515564379,0.07179737047310054,0.29018354457941203,0.027242814136891082,0.12405600668479244,0.03684381956776225,0.19632064097668855,0.05718673275640085,0.13010543215786405,0.035439804800031685,0.19320996762367512,0.07775916200452938,0.0,0.0,0.0,0.0,0.0,0.0,0.0,0.0,18.508198415171304,2.833923972081576,23.55326176872695,9.786268027545477,18.83060114834838,2.782101631056287,22.832904549809246,14.439900506707055,-0.9981818181818182,0.042601361868581746,0.0,-1.0,-1.0,0.0,-1.0,-1.0,3453.073194147603,2949.439999182729,21952.392400729794,1061.8795362741953,2856.903156078205,1746.0938426785476,6353.637627610287,1107.4215937598306,0.0,0.0,0,0,0.0,0.0,0,0,2.474485407756145,0.9262453109673354,6.707910573630821,1.4638629693105374,2.301132531155069,0.6849730513792543,3.5853273013611755,1.4923218448614433,-247.44854077561442,1020004,259000,2590,50.89567321189679,24.06629964298918,22.026350175845437,96.98832303073141,15770.751013913316,258
6.400145,7.081057,174.18532,-175.83295,128.2889,-9.728958,-427.22348,-175.50851,128.13011,-9.983547,-425.89908,-175.2239,127.63391,-10.144729,-434.3685,6.4001446,13.680756,77.63488,1.4089979e-05,7.081057,17.334164,111.55609,0.00014384184,-0.077352695,0.81967336,1.0,-1.0,-2.491600757775688,0.8652400819487873,-1.5774193321398708,-7.591233431969955,-249.16007577756875,37.40591788062755,-185.6715931996519,-293.7366843980082,-0.16993827,0.72956914,1.0,-1.0,10,-2.9023529583355496,1.088582459932988,-1.4330199080179047,-7.768311809691189,-290.23529583355497,69.85366609763142,-172.3302023000503,-392.6413949545341,-0.08661921225165282,0.6078685693770915,1.0,-1.0,0.09032593939657814,0.04215650222531968,0.18155322528957568,0.029120840091405045,0.09700836244114336,0.04318998607027588,0.1781502520061291,0.044781826748062935,0.17137968240168452,0.09255891000278546,0.31741926296072914,0.013535027794821871,0.17648572545260938,0.09453603024425775,0.31733586639750677,0.013587081046105405,0.11400737836593984,0.037507179062586306,0.19734822389673895,0.0566423302004451,0.1186170519256032,0.03772316600345251,0.19456874863925178,0.06989224009022622,0.0,0.0,0.0,0.0,0.0,0.0,0.0,0.0,16.787160574864046,3.870776108451734,24.28293591284797,9.726289499095891,17.081218556403922,3.885939973433315,24.25199912884467,11.10958036360691,-0.9990909090909091,0.03013742628045596,0.0,-1.0,-1.0,0.0,-1.0,-1.0,3444.510972702667,3280.7434455345747,28186.889399993015,1229.8753725705756,2624.846471593067,839.6606721117844,4148.176372018454,1283.079401775573,0.0,0.0,0,0,0.0,0.0,0,0,2.491600757775688,0.8652400819487873,7.591233431969955,1.5774193321398708,2.268535781576892,0.37829958449507245,2.889756766626939,1.6101160092080666,-249.16007577756875,1024004,260000,2600,48.564424529118696,28.327927430000273,21.022310497122817,97.91466245624179,15866.186701263527,259
2.6296115,2.7605772,178.23059,-179.37555,137.4204,-11.428106,-570.39764,-179.25912,137.28896,-11.635958,-565.9908,-179.20786,137.41342,-10.918884,-565.04974,2.6296115,5.9330277,37.183643,8.762814e-06,2.7605774,5.08683,29.5835,0.0003227526,-0.1328865,0.79616,1.0,-1.0,-2.892240644850753,1.0571264675046648,-1.1603938542432854,-7.688701039097315,-289.2240644850753,60.843095888031634,-183.62153476000503,-375.56863787952847,-0.20746951,0.71414155,1.0,-1.0,10,-2.2292316859653694,1.1832979131161352,-1.0284933043285678,-8.373726724730668,-222.92316859653684,80.78523105311109,-129.0459106118951,-394.65335453761134,-0.08472240715411929,0.6280640733304312,1.0,-1.0,0.1249806292293126,0.03259177431949766,0.1754440705904138,0.02780395134602423,0.13332322181292783,0.028284172411559897,0.1754440705904138,0.08390938871164602,0.13087617315260328,0.07765806220379558,0.2911641848203807,0.0183979706293277,0.13373726783195963,0.07865969709650025,0.2911008370804739,0.0183979706293277,0.11095540670624618,0.03508343647314103,0.18891320154077804,0.05717185685396715,0.11729264795760787,0.03485376495902923,0.18416160303780296,0.06439330559027868,0.0009090909090909091,0.030137426280455955,1.0,0.0,0.0,0.0,0.0,0.0,20.44654075498354,3.069076919523264,24.099193641679424,9.57773032134544,21.162402687789225,2.543522227495862,24.016496637241737,16.1622682752643,-0.9981818181818182,0.04260136186858175,0.0,-1.0,-1.0,0.0,-1.0,-1.0,4694.156665587279,3938.747663995437,29028.711689873766,668.3275108438922,3568.100577686582,1711.2481228849317,6862.962920210492,668.3275108438922,0.0,0.0,0,0,0.0,0.0,0,0,2.892240644850753,1.0571264675046648,7.688701039097315,1.1603938542432854,2.5884294463419066,0.7025429130806653,3.7259043846833415,1.1603938542432854,-289.2240644850753,1028004,261000,2610,43.069639810040826,25.857972298996174,20.517088543609134,89.44470065264613,15954.662890358151,260
7.4206533,10.1164665,170.03871,-171.01366,130.88307,-3.0458066,-443.0163,-170.73106,130.61696,-3.2461724,-439.71368,-171.46304,131.2106,-3.1204176,-466.67575,7.4206533,49.47534,559.7698,3.9521605e-05,10.1164665,67.74481,765.3105,7.832423e-05,-0.064787865,0.8182475,1.0,-1.0,-2.373714750814708,1.1375990153562403,-1.178652857101034,-7.556138437561071,-237.37147508147083,72.91649787379319,-145.59555912492138,-399.94122575977946,-0.08075374,0.74262846,1.0,-1.0,10,-2.7274411763498763,1.006516807396959,-1.359982520400318,-6.312947469636468,-272.7441176349877,74.05887050738168,-186.84369009766684,-408.05631351739873,-0.1523133229759092,0.6203457733787229,1.0,-1.0,0.10730519884516723,0.03534809805736923,0.17251667933790166,0.028614950142121127,0.11329296722209548,0.03532627172419612,0.17045961927544467,0.05033604329455355,0.1613279341111461,0.08117960324064642,0.3366855100768454,0.015098679424558809,0.16509160522860128,0.08349581478642513,0.3366379874869264,0.05512766212907434,0.1202656099593445,0.03627209764773701,0.2097385935755447,0.057278235773659085,0.12633069103389213,0.03557441015208626,0.20969059567891113,0.08650872577049179,0.0,0.0,0.0,0.0,0.0,0.0,0.0,0.0,19.324042871600163,4.013007146826237,26.427273493755,10.232747034889806,19.756968918090237,4.111731121658482,26.05808317158939,11.741895533798774,-1.0,0.0,-1.0,-1.0,-1.0,0.0,-1.0,-1.0,3421.9387364979607,4050.932418930692,27939.44262467888,689.1864840217222,2433.5096282782547,1758.1076367034352,6937.536239364735,706.9735313967838,0.0,0.0,0,0,0.0,0.0,0,0,2.373714750814708,1.1375990153562403,7.556138437561071,1.178652857101034,2.10494960624129,0.6969737270943376,3.7391637304155783,1.1937139702908286,-237.37147508147083,1032004,262000,2620,32.195141239018994,24.89287568499276,18.19523422299244,75.2832511470042,16028.580368233168,261
3.2164524,3.3791456,176.14334,-177.22015,131.84328,-4.159809,-555.30054,-177.6526,132.10863,-3.4382286,-557.6674,-177.50693,131.6501,-3.8800735,-555.146,3.2164526,5.9075136,34.353737,9.68948e-06,3.3791459,6.328723,32.62178,1.7352635e-05,-0.09638959,0.7958398,1.0,-1.0,-2.182318098723397,1.0291259802381447,-0.9535241828437606,-6.597258735650366,-218.23180987233965,64.5767077143765,-104.1734935272551,-310.3535331264553,-0.17141289,0.65330565,1.0,-1.0,10,-2.3888318629399157,1.1606172402333088,-0.9186180383487079,-7.043272587033407,-238.88318629399154,75.25213734075417,-150.72296533461864,-415.37563102474684,-0.03324397762506352,0.5710612088885058,1.0,-1.0,0.11099210285224832,0.0312923920006835,0.17335188544584507,0.02946742890282569,0.11512616665677942,0.028297924885399776,0.16612165177327248,0.07897491709049495,0.14989393315491356,0.06192505859328766,0.2662164014225772,0.03777366151491519,0.15255521164664615,0.062439076978501325,0.2661507582342141,0.043837128912546534,0.10976473045738123,0.03110496459473096,0.1878862540788365,0.05712575804738364,0.11339798631187724,0.031012873616506714,0.1789560038548683,0.07052969175532375,0.0,0.0,0.0,0.0,0.0,0.0,0.0,0.0,18.82412336521388,2.9470417902111183,24.915619845079387,10.391853491687376,19.214369184267216,2.652687025905465,23.356127604017168,14.844720821062499,-1.0,0.0,-1.0,-1.0,-1.0,0.0,-1.0,-1.0,2879.4338851703337,3080.4318792657696,21257.865843236345,452.7961270354017,2103.791337177196,1322.0669867774682,4440.067438074609,493.3829334652255,0.0,0.0,0,0,0.0,0.0,0,0,2.182318098723397,1.0291259802381447,6.597258735650366,0.9535241828437606,1.9436353771284451,0.6816849754161749,2.9881010761686064,0.997281920817623,-218.23180987233965,1036004,263000,2630,37.62556243489962,23.505966969998553,19.372378360159928,80.5039077650581,16109.582167406239,262
7.958643,12.807643,180.58763,-181.6455,138.8894,-2.5614507,-507.49878,-182.34586,139.27132,-3.2629423,-511.2262,-182.5468,139.42303,-2.8593304,-508.52585,7.9586425,29.256392,305.19455,0.00038636546,12.807642,92.56244,1045.4313,0.0001453096,-0.019210365,0.8086278,1.0,-1.0,-3.2297481906090666,1.3061935615000502,-1.313909628787601,-8.598520692886504,-322.9748190609066,102.34778076410626,-203.39479801892,-535.066767904089,-0.030875817,0.7061614,1.0,-1.0,10,-2.47700026973454,1.1390043437767345,-1.0151817124303344,-6.6615259443442145,-247.70002697345393,61.61532920015522,-146.60429761932565,-355.99127840654285,-0.00022820444335457956,0.540491771932146,1.0,-1.0,0.10602634362965176,0.04274916098304018,0.19378137932110423,0.027593249987002733,0.11012962887538648,0.042133993002422855,0.18175961743219246,0.053779126728549134,0.12754699220676932,0.08014866989977174,0.31102608217276856,0.022278587438547715,0.13002166923309602,0.0816274277905762,0.31096884549713083,0.022974485873602162,0.1117068627860955,0.039582032714805475,0.20411143929824638,0.05691636737137179,0.12002750419941095,0.04195590658511815,0.20411143929824638,0.06876486270103122,0.0,0.0,0.0,0.0,0.0,0.0,0.0,0.0,19.348138999648967,3.3453821123017335,26.994279086905816,9.017695449435072,19.7819764035529,3.126240922743258,25.78365883012348,14.979569323464998,-0.9963636363636363,0.06019252857180673,0.0,-1.0,-1.0,0.0,-1.0,-1.0,6003.111900409208,5194.3217969592715,36168.37619276854,861.0249965585531,5158.438280615657,3862.396451284013,14689.731226281836,1481.6306941023172,0.0,0.0,0,0,0.0,0.0,0,0,3.2297481906090666,1.3061935615000502,8.598520692886504,1.313909628787601,3.038694223472687,1.0843479384714605,5.44875721632817,1.7248049224483626,-322.9748190609066,1040004,264000,2640,40.4236037468072,23.997742688006838,19.769825550116366,84.1911719849304,16199.496872734184,263
6.9533243,8.7777,178.15833,-179.21957,142.27051,-4.4889264,-653.48254,-179.13177,141.9246,-3.8272421,-647.65967,-178.4855,141.70439,-4.0025268,-647.474,6.9533243,35.503452,389.99622,8.055009e-06,8.777699,45.109047,410.85266,2.7113492e-07,-0.10563865,0.78220874,1.0,-1.0,-2.627729938160749,0.9777755405141298,-1.4678641108561898,-7.605715560098258,-262.7729938160749,48.90317178742257,-179.89552853859843,-364.38520384053174,-0.05696027,0.6637164,1.0,-1.0,10,-2.235131668904368,0.9744579221746689,-1.1866549705708087,-8.238267850515005,-223.5131668904368,34.5946703542603,-177.09015647066596,-284.53816046445183,-0.03024101595510468,0.6267236951612275,1.0,-1.0,0.09382999026887132,0.03827764324937726,0.1736150584125382,0.029554416935327656,0.09633428171805791,0.038043343286394,0.17045519001665513,0.04448346776453866,0.1696025047758114,0.09447765803743646,0.3414303334421692,0.038646417669765995,0.17187701490309656,0.09877892194743626,0.3413449073665762,0.03998068865625788,0.10816613114611605,0.034395691742372975,0.18720563037865265,0.05667446406963673,0.11090453185543177,0.03271216422921445,0.1872007405044735,0.07179780265334992,0.0,0.0,0.0,0.0,0.0,0.0,0.0,0.0,17.799837905248385,3.3136368893895356,24.727737609916577,8.248282940861726,18.0769984605183,3.5890445783072398,24.690713675218436,13.191280775740518,-0.9981818181818182,0.04260136186858175,0.0,-1.0,-1.0,0.0,-1.0,-1.0,3894.0499870737717,3602.6549980183136,28383.312806548223,1074.3935627912858,2896.7076241069813,1251.2665577601283,5402.38350174221,1123.448411958152,0.0,0.0,0,0,0.0,0.0,0,0,2.627729938160749,0.9777755405141297,7.6057155600982576,1.4678641108561898,2.352203265337041,0.5427969913039751,3.2900821979297774,1.501656715883229,-262.7729938160749,1044004,265000,2650,41.78455100777501,29.746722829004284,20.107261103432393,91.63853494021168,16285.795889929395,264
5.802207,6.1664014,173.44958,-175.05385,129.95532,-9.755058,-455.7704,-175.11,129.61633,-10.112185,-457.21848,-174.40488,129.33601,-9.536238,-457.6594,5.802207,18.491379,184.40112,0.00011089083,6.1664014,18.62418,162.18762,8.847711e-06,-0.06326498,0.78361,1.0,-1.0,-2.5482111565087755,0.8925603056856243,-1.2957625410149742,-6.332786333945501,-254.8211156508776,61.62560068435721,-140.51400891116194,-356.36535400782367,-0.055050302,0.6338261,1.0,-1.0,10,-2.364940881148753,1.122664021389007,-0.8902973109362265,-7.940415964976678,-236.4940881148753,72.9875678334754,-145.66919898184327,-336.3790313787516,-0.07269941901020743,0.5472710081208679,1.0,-1.0,0.09698116203628504,0.028024176126063356,0.1483070118309511,0.027588432195720627,0.09890205132987492,0.02592401316707479,0.1483070118309511,0.04715483801380153,0.1346425085824353,0.06594929144869735,0.28665864941727354,0.015771974382210487,0.13699422252706364,0.06786780401273793,0.2865911028548357,0.015778564908432127,0.11255755602823186,0.02926066876803088,0.17704073334658796,0.05666338573513903,0.11714121138686355,0.02541056483849306,0.16663847525278547,0.08482363698417676,0.0,0.0,0.0,0.0,0.0,0.0,0.0,0.0,16.91974102915141,2.5963621310421816,24.62664073851368,8.6903031422583,16.939029023776033,2.367201145469504,21.467050294952337,13.328421817417917,-0.9972727272727273,0.052152034579139875,0.0,-1.0,-1.0,0.0,-1.0,-1.0,3608.1494333095484,2786.710141316886,19649.880823070213,836.4568251746648,2862.418603255247,1435.9745982682057,6075.628591457754,932.7732744021853,0.0,0.0,0,0,0.0,0.0,0,0,2.5482111565087755,0.8925603056856243,6.332786333945501,1.2957625410149742,2.322930442971512,0.6136932431774968,3.512444945536876,1.3693958706029472,-254.8211156508776,1048004,266000,2660,38.0258153648756,24.397726708004484,19.466391291323816,81.8899333642039,16367.19001149662,265
10.443351,7.778967,183.55704,-184.52753,143.40826,-4.0558314,-644.70764,-184.73833,143.85129,-3.7652314,-647.50977,-185.41809,143.74377,-4.009324,-641.2096,10.443352,46.167374,476.15134,0.00041433517,7.778967,29.914703,299.95306,0.00039712433,-0.13262326,0.79461724,1.0,-1.0,-2.7740774664131567,1.1168471172953958,-1.0068569315456286,-7.309844232303405,-277.40774664131567,78.10336927511827,-139.3725131474132,-367.5601523992147,-0.18563357,0.71275234,1.0,-1.0,10,-2.52550485307211,1.0616422026692114,-0.9841498418338983,-7.027621927999507,-252.550485307211,66.61285681838186,-149.05753625101494,-394.55169140697245,-0.04791624595104672,0.6138867339788561,1.0,-1.0,0.10208774976355836,0.042116951423257824,0.1826026792359966,0.029722317907939732,0.10617852582794893,0.04209691839551058,0.18244327893936252,0.04181523892766867,0.1388402915239627,0.07446687963412105,0.2756627012710613,0.011236287077671655,0.13945051433825956,0.07612025193030136,0.2756025276484705,0.04332436656450386,0.1166376642063699,0.04039029691435876,0.1937904648372457,0.05686786510702346,0.12288710342593454,0.037350102051745736,0.18980093430865141,0.06997144705071348,0.0,0.0,0.0,0.0,0.0,0.0,0.0,0.0,17.4796331763322,4.640210539625386,26.14870819768226,7.885159972334854,17.70033645805836,4.649268156220185,23.455813653678565,11.086203069607588,-0.9554545454545454,0.20630355553114785,0.0,-1.0,-1.0,0.0,-1.0,-1.0,4424.60959598219,3627.0827747086364,26195.456302445637,502.8346667999523,3402.961247691079,1948.2249062886153,5985.110725787165,503.86568510727636,0.0,0.0,0,0,0.0,0.0,0,0,2.7740774664131567,1.1168471172953958,7.309844232303405,1.0068569315456286,2.4786918748719464,0.8476719262956981,3.481070819032849,1.0079281709494183,-277.40774664131567,1052004,267000,2670,41.61708751479455,23.899304393999046,19.539060029084794,85.05545193787839,16451.6913341525,266
4.7953153,5.8780975,176.67734,-177.52179,133.81335,-3.7197962,-453.8049,-177.11775,133.64603,-3.6335316,-453.5024,-176.90942,133.41544,-4.161073,-450.00372,4.7953153,13.152552,114.814415,0.0006245995,5.8780975,20.501987,192.54611,6.676657e-05,-0.05963696,0.81355137,1.0,-1.0,-2.3831836294632556,1.0876369115304465,-1.3321872054112358,-7.426388667477237,-238.31836294632555,74.92024024994093,-161.56794758503236,-452.6885629607702,-0.03827238,0.65652984,1.0,-1.0,10,-2.818492059073832,1.2392548465719633,-1.0455494178834175,-9.647798605357293,-281.84920590738324,62.200023089014365,-196.90123343362632,-397.4739308410911,-0.007014408507594421,0.6491908718956787,1.0,-1.0,0.10688332722100681,0.025790539768714874,0.15829408028837386,0.030754765956798446,0.11228692585847101,0.020860345027858152,0.15674325427537278,0.08741508931300912,0.14509648944450154,0.10016525711794975,0.3502810899789853,0.02583907310177117,0.15004399083758074,0.10255256526528692,0.3501952344612218,0.038845107027477864,0.12224120626200158,0.043650308296476,0.21652265365295642,0.05763365524237596,0.13054944019386153,0.04468874304519184,0.21576126116123345,0.07540028523279611,0.0,0.0,0.0,0.0,0.0,0.0,0.0,0.0,19.431668997627515,2.32001716603118,25.438856594520935,9.153860195473687,19.89662630864076,1.9094807579052142,22.497450665093076,14.7333536874817,-0.9972727272727273,0.05215203457913988,0.0,-1.0,-1.0,0.0,-1.0,-1.0,3400.269390630453,3806.220952198722,27137.621547672752,879.993310996896,2511.9934479899753,2142.589591254419,9097.823389596695,879.993310996896,0.0,0.0,0,0,0.0,0.0,0,0,2.3831836294632556,1.0876369115304465,7.426388667477237,1.332187205411236,2.1251437023756887,0.7355715431078166,4.277962588048427,1.332187205411236,-238.31836294632555,1056004,268000,2680,36.86272455511789,23.34636163500545,18.93494472214661,79.14403091226995,16533.201120030768,267
4.1074595,4.3107195,182.7326,-183.83105,140.55032,-7.049529,-530.74274,-183.68764,140.50143,-6.9249344,-531.731,-184.30464,140.92755,-6.600381,-531.9023,4.107459,14.735846,149.44406,0.00051378977,4.3107195,10.675482,100.97772,8.749054e-05,-0.18883885,0.7908666,1.0,-1.0,-2.5294618818888,1.2063387039893414,-0.6885815168819408,-7.45277449381749,-252.94618818888,89.871735204414,-124.04711141810341,-454.08005916339977,-0.06275355,0.58045286,1.0,-1.0,10,-2.8568109629151386,1.3726397068231653,-1.2121279079850231,-8.059653210200807,-285.6810962915139,88.48504647352583,-182.8548291756828,-511.3494297538526,-0.07183559497618366,0.6422822461687936,1.0,-1.0,0.10338352406720885,0.03565713291611529,0.1653230734725094,0.028231385635142686,0.10923177002919669,0.034478329677234965,0.1653230734725094,0.04838228630926051,0.11761681911787178,0.05694391260922971,0.2551492365701962,0.04372023460705983,0.118575331150008,0.05820778175388758,0.25509287494562694,0.04608726792408454,0.09460730476927345,0.03342893202356771,0.16340605472603367,0.05674644440998809,0.09933698551099973,0.036186431588409194,0.15932615902278668,0.0618971607849402,0.0,0.0,0.0,0.0,0.0,0.0,0.0,0.0,19.255093022492755,4.312601076924022,26.427755614513572,7.80987948745767,20.00405569154292,4.05722476524711,26.346855915061223,12.660956036818222,-0.9963636363636363,0.06019252857180673,0.0,-1.0,-1.0,0.0,-1.0,-1.0,3890.670346622753,3955.208834923986,27213.148621821972,234.96933086031225,3035.3166912178754,2388.240090267682,9296.608641556855,324.72841550470673,0.0,0.0,0,0,0.0,0.0,0,0,2.5294618818888,1.2063387039893414,7.452774493817489,0.6885815168819408,2.2892081242597238,0.9344343740493699,4.323246278682906,0.8091359149280695,-252.94618818888,1060004,269000,2690,39.39466557807464,25.706593805996818,20.342877544870134,85.44413692894159,16619.2831170777,268
4.8711486,4.612462,173.64168,-174.75574,133.05043,-6.257476,-443.0666,-174.82587,132.72575,-6.230404,-439.18124,-175.09572,132.78978,-6.0183163,-446.67245,4.871149,15.639719,159.80922,0.00013263141,4.612462,11.649433,85.01074,3.3842298e-07,-0.04511089,0.8123815,1.0,-1.0,-2.103757371069191,0.8431621269611155,-1.2175052172359861,-7.109156212948566,-210.3757371069191,43.345732364079595,-154.76559744551318,-321.9896960601034,-0.032419454,0.4871455,1.0,-1.0,10,-2.34089146879151,1.2122606188582188,-0.7904847200226126,-7.409941028445423,-234.08914687915103,73.25225366626618,-131.8046325628098,-364.13353715524755,-0.08596178597199215,0.5600808257435768,1.0,-1.0,0.09413725598285838,0.029644481214626667,0.14940444303804948,0.029570531285822176,0.0959938489273232,0.027194245728427283,0.1493257939990976,0.053525179791426326,0.15673085555049523,0.07344091282378995,0.2671496386566176,0.020770627348527086,0.15946360669910503,0.07517036685762307,0.2670753274729075,0.021228155656629142,0.09832504770590925,0.03188137736593139,0.16797267500183105,0.0569959534796224,0.09971139445375905,0.031485275348018565,0.16070717248759314,0.06294010579645377,0.0,0.0,0.0,0.0,0.0,0.0,0.0,0.0,18.679441671948165,2.9450736593908875,23.622965972501145,10.418465404098326,19.10927006273949,2.8241423819439957,23.556122747119378,14.828581979465277,-1.0,0.0,-1.0,-1.0,-1.0,0.0,-1.0,-1.0,2544.9623696853923,2839.790772476498,24881.9551405649,739.2671935175214,1870.4000800843955,867.1030687542085,4184.30848857871,863.7227173981992,0.0,0.0,0,0,0.0,0.0,0,0,2.103757371069191,0.8431621269611155,7.109156212948566,1.2175052172359861,1.896838677497094,0.40901013023159877,2.8968801899240457,1.3186237456556884,-210.3757371069191,1064004,270000,2700,41.27246346148604,26.356163692005794,20.169977685218328,87.79860483871016,16703.891447486392,269
9.192835,6.8784723,177.87286,-179.14018,133.3606,-5.5511575,-471.1331,-179.06987,133.21762,-5.2946424,-469.67288,-179.30205,133.3142,-5.478572,-470.616,9.192835,60.690998,685.6645,3.6143698e-05,6.8784723,42.059605,475.1164,0.00018556662,-0.1151367,0.7899539,1.0,-1.0,-2.4251449561781615,0.9670381457044162,-1.039358052873781,-7.720070780628357,-242.51449561781612,51.96545440621083,-144.6782725667438,-316.3545477071539,-0.07719759,0.5738331,1.0,-1.0,10,-2.576240978930517,1.2549503532101032,-1.002878311158348,-8.269715201046436,-257.6240978930517,65.09503441369502,-139.11693822581884,-361.25492677524767,-0.16222559880571266,0.6277446474680058,1.0,-1.0,0.09809009055143439,0.027017480328657466,0.1701246168128541,0.028074198512479265,0.10353904057494118,0.024756504366604214,0.1634856488237393,0.06853177601605794,0.13524365482839368,0.06345678074823374,0.25278510209174043,0.025372898129143357,0.13690161732971748,0.06434901511697232,0.2527268913253312,0.061744202708773246,0.11992179795293786,0.04985052061450401,0.23509187490544495,0.056947296472887494,0.1286629967423521,0.04890535621954256,0.23499325835173573,0.06310363960206654,0.0,0.0,0.0,0.0,0.0,0.0,0.0,0.0,18.285320521602177,3.8603143987909445,26.94110169239273,10.168309092662435,18.847222969673194,3.669750641101343,24.146423450996167,10.831984478177873,-1.0,0.0,-1.0,-1.0,-1.0,0.0,-1.0,-1.0,3374.002205168388,3338.087410282316,29312.371529579003,538.84270886272,2446.2456138699213,1251.449985522361,4720.621609382895,656.4739959395706,0.0,0.0,0,0,0.0,0.0,0,0,2.4251449561781615,0.9670381457044163,7.720070780628357,1.039358052873781,2.1414425064526657,0.5870663179969794,3.0893602650460372,1.1471233483998828,-242.51449561781612,1068004,271000,2710,39.10993601001974,23.159481214999687,19.983770152757643,82.25318737777707,16785.376147591167,270
5.41259,5.4017477,182.53122,-183.8003,138.0796,-5.973764,-494.79672,-183.37006,138.0647,-6.0403175,-494.69034,-183.8158,138.03816,-6.1229143,-497.46814,5.41259,15.269822,103.08558,0.00024378313,5.401748,17.68252,140.28851,0.00022031426,-0.25609297,0.78358,1.0,-1.0,-2.883105256022561,1.129929864835787,-1.1767607454318123,-6.853652263983723,-288.3105256022561,93.9865034155689,-156.5847153356393,-465.97505277356737,-0.041785356,0.560261,1.0,-1.0,10,-2.98767154652024,1.1611321867553042,-1.739931659592728,-8.101013231838749,-298.76715465202403,70.49522994221189,-196.56947708597477,-468.3925003176554,-0.12464250120327419,0.6322523671971424,1.0,-1.0,0.08596039761025479,0.04333373484841475,0.198124671847477,0.02778206166662334,0.0878916830039499,0.04387367695157231,0.198124671847477,0.04791305811445357,0.14415112894355978,0.06308220957480781,0.24985719919153612,0.03785043480521684,0.14433019495083005,0.06503154512560198,0.24979190629258075,0.03793549266445305,0.11551015485726762,0.049682657794559194,0.23152946542240782,0.057061175852348656,0.12021823499586083,0.052602560600499504,0.23152946542240782,0.0659546553733927,0.0,0.0,0.0,0.0,0.0,0.0,0.0,0.0,17.064884820797783,3.1272556953747057,25.15628596529819,8.3060915746946,17.14291015035345,3.029079007544973,25.15628596529819,13.978158939418314,-0.9981818181818182,0.042601361868581746,0.0,-1.0,-1.0,0.0,-1.0,-1.0,4736.817852234281,3614.696728000754,23070.61734489797,687.5153310182038,4091.358380848962,2889.7231281439913,10113.266679631328,812.6792721979451,0.0,0.0,0,0,0.0,0.0,0,0,2.883105256022561,1.129929864835787,6.853652263983724,1.1767607454318125,2.697070737977094,1.0011027078434909,4.528305477880518,1.2801392998605572,-288.3105256022561,1072004,272000,2720,41.229909174653585,22.40280190600606,20.554581353950198,84.18729243460984,16876.28373142577,271
4.962672,5.1887145,162.32584,-163.78204,120.59534,-10.354235,-453.96378,-163.56747,120.66957,-9.981245,-453.3227,-163.24997,120.9371,-10.210061,-454.23413,4.962672,14.759507,149.93953,6.392971e-05,5.1887145,12.654629,102.06099,7.978265e-05,-0.16408892,0.7783767,1.0,-1.0,-2.933000179584109,0.9512853378790652,-1.5872669658399268,-6.625156362901725,-293.3000179584108,57.58764877344784,-215.3042541899486,-420.1318913761429,-0.18396169,0.7760277,1.0,-1.0,10,-2.699772342820918,1.2603978920167491,-0.8623187791861563,-7.388028379806543,-269.97723428209184,90.00356910737341,-135.7891922340443,-428.31867826746077,-0.08131046408516265,0.6464385813997952,1.0,-1.0,0.10719239693013403,0.03215123903245002,0.16230197886966288,0.028160709821227974,0.11255918248142417,0.03055551646208056,0.16227146984134852,0.07515756372938062,0.17460326693928044,0.07727430745818811,0.29935396347624493,0.018000068281918077,0.17884894924632735,0.07791393818048015,0.29928339909662444,0.030886534609496405,0.1312785909816444,0.041787304145434835,0.22562863801659058,0.05675041417772047,0.138760718337499,0.0386847330140502,0.2174491833723681,0.07885995156271251,0.0036363636363636364,0.06019252857180672,1.0,0.0,0.0,0.0,0.0,0.0,18.368284112958566,3.282239873357036,24.46912420205689,7.034612072651016,18.726827865690417,3.119468870048341,23.81945289095881,13.543971705159938,-0.9981818181818182,0.04260136186858175,0.0,-1.0,-1.0,0.0,-1.0,-1.0,4701.477976023285,3355.523148210936,21544.064754501298,1249.7746471054784,3853.021577540801,1899.8429987051195,8346.911308851557,1292.8352114280578,0.0,0.0,0,0,0.0,0.0,0,0,2.9330001795841087,0.9512853378790653,6.625156362901726,1.5872669658399268,2.70328891088664,0.6871163212000416,4.106286516532211,1.614609253462366,-293.3000179584108,1076004,273000,2730,47.071714594145305,29.12909991700144,21.18576451431727,97.38657902546402,16970.282704817255,272
11.615652,11.015422,186.70245,-188.4386,147.1637,-9.647324,-500.0089,-188.8583,147.24081,-9.462818,-506.77954,-187.91803,146.52008,-9.891564,-507.76993,11.615652,45.21404,355.13177,0.00083202444,11.015423,35.25531,250.51776,1.9178027e-05,-0.08775391,0.7837459,1.0,-1.0,-2.969476183992146,1.071684817653376,-1.4387482729757652,-8.046527837472826,-296.9476183992146,65.19838286136678,-191.67002998480615,-411.6330179916989,-0.014731001,0.6967244,1.0,-1.0,10,-2.567647895766846,1.0359090914805067,-0.923559547044472,-8.493157508924863,-256.7647895766847,42.31923885457971,-179.6921751876731,-320.20808669744633,-0.085608332274214,0.5990606487824152,1.0,-1.0,0.09486124199247441,0.029468252752134737,0.166612635296136,0.02950699615315364,0.09875575486571814,0.030348076565517197,0.166612635296136,0.06316341582488279,0.15945579727426948,0.061969642902548625,0.26535732864862716,0.015980249999258015,0.16392472008725462,0.06197107634420465,0.2652728812923108,0.08230210154260278,0.11466692772181605,0.048182964832786314,0.2086770593748805,0.05712790609855495,0.12074845087022257,0.04880984510284321,0.20647857375349257,0.06804209285452155,0.0009090909090909091,0.030137426280455955,1.0,0.0,0.0,0.0,0.0,0.0,18.57065045511516,2.674729183693939,24.21714816576435,8.224722439571863,18.834050210177935,2.477835272225076,23.623571400634507,14.769553666040176,-0.9972727272727273,0.052152034579139875,0.0,-1.0,-1.0,0.0,-1.0,-1.0,4938.771043863509,3911.8623818687643,31700.760353330443,1025.6737527588407,3947.368780420872,2024.7346578008635,7701.919230997098,1460.332442019031,0.0,0.0,0,0,0.0,0.0,0,0,2.9694761839921457,1.071684817653376,8.046527837472826,1.4387482729757652,2.723244229835283,0.7311940873565583,3.9316837280571657,1.715091607978551,-296.9476183992146,1080004,274000,2740,39.271151936700335,25.729576750003616,20.311445983985323,85.31217467068927,17053.612528494945,273
5.8840246,5.1622095,181.36465,-182.58463,137.22397,-8.503969,-491.35944,-182.50357,137.10384,-8.624472,-491.9128,-182.35495,136.86292,-8.676424,-492.22726,5.884025,16.595884,158.844,0.00026296766,5.16221,16.4929,158.63022,1.7320868e-05,-0.04329732,0.8326355,1.0,-1.0,-2.714794388435915,1.132531092957111,-1.3042879682050093,-8.608982840500556,-271.4794388435914,56.724802275581006,-203.80157560190327,-368.9217841901244,-0.14034088,0.59074044,1.0,-1.0,10,-2.549889874044091,0.9120136630468197,-1.3293155789364515,-8.464775897342648,-254.98898740440904,55.39088646515615,-179.03714522533704,-383.5693217888931,-0.11200837164874379,0.6280557898509508,1.0,-1.0,0.11332969330886611,0.033373633546639955,0.1855226678630099,0.02774268397906011,0.1179630903135501,0.02900207043192675,0.1855226678630099,0.08007544672636413,0.1333648782113849,0.08017662396108437,0.30609590494757066,0.03042526065844758,0.13521823597135255,0.08284773725691925,0.306053988862419,0.035819333549650514,0.11796061882964358,0.04138957569084752,0.21695436150395453,0.056784368915608584,0.12475930864347573,0.04128307134346635,0.21695436150395453,0.06701724278541249,0.0,0.0,0.0,0.0,0.0,0.0,0.0,0.0,17.639941189478144,3.9507552321969297,24.560388584627738,9.146622312683121,18.07327795411913,4.034084140930419,24.04321049237121,11.766146317047543,-0.9972727272727273,0.05215203457913988,0.0,-1.0,-1.0,0.0,-1.0,-1.0,4281.688612185422,4413.793759925391,36477.28554155833,842.4681748646564,2866.588924936815,1429.5357204474633,5700.821353178971,1359.3452151109382,0.0,0.0,0,0,0.0,0.0,0,0,2.714794388435915,1.132531092957111,8.608982840500556,1.3042879682050093,2.336934068458827,0.5625150189977267,3.3950859543643874,1.6580960420909583,-271.4794388435914,1084004,275000,2750,43.799117021408165,23.7401628279913,20.817136538826162,88.35641638822563,17144.211566007165,274
25.838335,28.522602,179.981,-181.82697,136.98485,-6.2528124,-504.82867,-182.051,136.97902,-6.4369845,-505.43967,-182.16086,137.19624,-6.1006665,-504.75424,25.838337,139.47652,1138.8452,0.0005990304,28.522602,174.52925,1816.0881,2.7873553e-05,-0.05335848,0.8213995,1.0,-1.0,-2.2461933593817935,0.9751319787814178,-0.8720607830074684,-6.51836099866231,-224.61933593817932,55.23190168668739,-107.8411459362128,-310.3266478841637,-0.06291004,0.5347429,1.0,-1.0,10,-2.721203687915778,1.033003060792832,-1.0906345680457985,-7.23224420524759,-272.1203687915778,68.3006641633909,-147.50856751245925,-402.9786539403004,-0.117832122221233,0.6554750505875209,1.0,-1.0,0.09061174011295875,0.029057019151977753,0.1588316361178536,0.02916935450307854,0.09517248137057503,0.02656314380826387,0.14963645407025783,0.04464740318258801,0.11230206087977719,0.06654212299286004,0.2433810302425984,0.029351983000780537,0.113072898021503,0.06860407032718487,0.24331840575807562,0.03834374546416912,0.11125772049128872,0.04297193043221428,0.21173499695076806,0.05717981302256351,0.1171802376672733,0.040901346543958376,0.19687132437989435,0.06500038051900843,0.0,0.0,0.0,0.0,0.0,0.0,0.0,0.0,17.340023077116165,3.100407967541515,24.42296270452125,8.440676125546041,17.935196715716454,2.95141138198005,24.3175964660455,13.619577920395306,-0.9954545454545455,0.06726658448613064,0.0,-1.0,-1.0,0.0,-1.0,-1.0,2971.1831710325387,3000.350271827809,20857.150784804166,377.6037224954405,2136.041597290293,1176.6438989232267,4191.558182511388,407.10354596032374,0.0,0.0,0,0,0.0,0.0,0,0,2.246193359381793,0.9751319787814178,6.51836099866231,0.8720607830074684,1.9840252352013457,0.6063559840102948,2.9086307771315765,0.9058126274532377,-224.61933593817932,1088004,276000,2760,42.35710951396322,26.029454047005856,20.421737791984924,88.808301352954,17231.592403115115,275
5.626852,5.877773,186.88046,-187.95364,141.00899,-7.906261,-484.87634,-188.02136,141.44756,-7.78518,-488.49734,-187.69221,141.44658,-7.253611,-490.67554,5.6268516,14.805281,111.33283,0.00028998032,5.8777723,14.074994,77.86576,0.0006208869,-0.11333163,0.80300295,1.0,-1.0,-2.701809489521159,0.9280233693796163,-1.5829668550418592,-7.507541653860499,-270.18094895211584,34.570605700081515,-206.93983981122665,-320.72620413473555,-0.07534062,0.59247786,1.0,-1.0,10,-2.928000159126335,1.2124864632980197,-0.9543997496602746,-8.04125990677762,-292.8000159126335,74.6405679196262,-174.9636738005191,-379.75477667989367,-0.028309075393651868,0.6209607695438698,1.0,-1.0,0.11554882441488093,0.04796726646023381,0.20183787026212657,0.02852699815105925,0.12145400819548975,0.04633036741225396,0.20183787026212657,0.04449836125572571,0.1244377037761393,0.06230593563564504,0.23188725878348238,0.04651183034390536,0.12487852336397541,0.06402012387141452,0.23183661771251363,0.04653344451561009,0.10374954999590216,0.03689300176358667,0.18029304442387067,0.05686956677982337,0.10981536217204377,0.03688122670145093,0.17847957636867412,0.06405160178098028,0.0,0.0,0.0,0.0,0.0,0.0,0.0,0.0,19.154960716518122,4.785268072062871,28.681406044196113,10.164641581738039,19.5761717923991,4.636109719708795,25.902140683052224,12.00979607842881,-1.0,0.0,-1.0,-1.0,-1.0,0.0,-1.0,-1.0,4038.538893587774,3635.97792447114,27599.79930718157,1248.6048996107756,2955.25959324241,715.3883767653027,4472.979678221502,1898.000766685203,0.0,0.0,0,0,0.0,0.0,0,0,2.701809489521159,0.9280233693796163,7.507541653860498,1.5829668550418592,2.423533133762469,0.2954218725733041,2.99935086309668,1.9569600733318318,-270.18094895211584,1092004,277000,2770,47.04850953296409,24.542014605991426,21.066356669951347,92.65688080890686,17329.71858572303,276
5.259842,7.45789,175.16113,-176.4335,133.19507,-7.940246,-502.81616,-176.59183,133.4877,-7.562319,-504.49982,-176.26828,132.83565,-8.2028885,-502.75232,5.2598424,13.516074,127.49806,0.00034711347,7.45789,30.851635,329.49152,0.0009861225,-0.025015615,0.81291395,1.0,-1.0,-2.42271318699565,0.8889508661560032,-1.5119087089699768,-7.486371779180476,-242.271318699565,41.189783006911576,-180.83179073001517,-324.796869389509,0.040497962,0.5245014,1.0,-1.0,10,-2.8303077451680214,1.0499421023646467,-1.8471784381162037,-8.022399641384393,-283.0307745168021,57.21658532075956,-224.81929914385034,-429.31549388974344,-0.0725405186694612,0.6121145940632883,1.0,-1.0,0.08780708919699151,0.030821204244144123,0.15278558827598349,0.030224551402217577,0.08922531607474567,0.02907873720933051,0.13033475209111117,0.04689946230210717,0.10003765962531487,0.04803641745826404,0.20638876357685065,0.03536694049163834,0.09811073291247858,0.04708716970620987,0.1844260112300692,0.035441220160283254,0.09978230466092844,0.025162888709935393,0.1461784245778389,0.05642497806805589,0.10286004164277673,0.02552948704437028,0.1461784245778389,0.06479847212333897,0.0,0.0,0.0,0.0,0.0,0.0,0.0,0.0,18.05917635627022,4.529752300901796,26.278445710469505,10.10208942190658,18.443710362392284,4.631021160373785,26.077653828892103,10.78495969544852,-1.0,0.0,-1.0,-1.0,-1.0,0.0,-1.0,-1.0,3303.05117324331,3306.3934016352664,27414.449864641105,1139.2378366755552,2597.699946861009,1148.5591149125505,5220.307744271649,1162.7535195754956,0.0,0.0,0,0,0.0,0.0,0,0,2.42271318699565,0.8889508661560032,7.486371779180476,1.5119087089699768,2.234953106622523,0.48244151773512295,3.246047016662949,1.5275043543429478,-242.271318699565,1096004,278000,2780,44.915301560104126,30.05287078800029,20.554520173507626,95.52269252161204,17422.038346186622,277
6.14987,6.4882755,169.63383,-171.05862,124.909195,-6.831021,-498.03217,-170.75598,124.891556,-6.1211452,-501.2732,-170.7632,124.75761,-5.924468,-493.67078,6.14987,17.798323,132.45924,4.8626447e-05,6.4882746,19.751034,162.69016,0.000235633,-0.09131332,0.7913622,1.0,-1.0,-2.619833103749503,1.0331323593010662,-1.220608733593197,-7.941041028189442,-261.9833103749503,69.24545756005762,-165.5073201661251,-387.8436848032805,-0.11198422,0.6496827,1.0,-1.0,10,-2.7859363773920602,1.2818658370876885,-1.4181791345697021,-8.046930332217341,-278.59363773920603,56.965660783501626,-202.3189606920687,-378.09388061401165,-0.03429815845074485,0.6183511738581738,1.0,-1.0,0.11131783448444463,0.03785969049583148,0.19652998542314049,0.02897539461402489,0.11297683691328864,0.03590162567014162,0.1846559034716652,0.06629532896353148,0.15017711102373368,0.07655932759250035,0.3101219446979135,0.01811744256724418,0.1519574231577749,0.0784968669690831,0.3100406010299813,0.06289206277887699,0.11342033093109452,0.04242497615048241,0.22319564121471577,0.056801375422983434,0.1163094365290653,0.044394659727501555,0.22319564121471577,0.06456707925622049,0.0,0.0,0.0,0.0,0.0,0.0,0.0,0.0,18.83322742397349,3.1132413145198745,26.738796048969828,10.161565267662546,18.94198341855363,2.8355180297536484,23.190227826967693,14.420038707987898,-1.0,0.0,-1.0,-1.0,-1.0,0.0,-1.0,-1.0,3928.0147412676138,3517.924268732858,30989.613259202535,740.8604233431668,3118.1065690906134,1851.2829147030607,7325.82539057009,760.7516603180958,0.0,0.0,0,0,0.0,0.0,0,0,2.619833103749503,1.0331323593010662,7.941041028189442,1.220608733593197,2.3997673504948467,0.7246045235624241,3.8489028475443803,1.2365904836863284,-261.9833103749503,1100004,279000,2790,43.3819900060771,26.812361192001845,21.054300326126395,91.24865152420534,17511.54731094183,278
3.7064674,2.772055,183.51385,-184.3269,137.5726,-3.8080044,-450.9752,-184.17891,137.42393,-3.2795873,-450.79068,-184.00583,137.29884,-1.3217062,-451.86102,3.7064674,8.605128,59.043034,0.00043270423,2.772055,6.6830435,51.363014,0.00030471385,-0.17453152,0.77126706,1.0,-1.0,-2.514460104742961,0.985442192331779,-1.2104013812232712,-7.214363577514442,-251.44601047429617,58.49696987776598,-149.26713555636508,-362.3834846859162,-0.03916121,0.7219037,1.0,-1.0,10,-2.968035049306315,0.9917411519489144,-1.5757660129035778,-7.176642954095437,-296.8035049306315,44.86072631444133,-211.87502581561318,-361.4710424910703,-0.1415752581911932,0.669935203925905,1.0,-1.0,0.10184038414621098,0.03306703999634522,0.16899879201553455,0.030328235319165092,0.10430511029701478,0.03410317696444447,0.16899879201553455,0.05479156620650775,0.12914831865212612,0.08066738980869999,0.3381972543507252,0.04169989652068166,0.12966278206452445,0.08400708113130072,0.3381103807577428,0.04174438520427192,0.13165096985419628,0.04492045808285334,0.22562559513209945,0.0568821052542082,0.1397476888167415,0.044576595662997764,0.2238858949437019,0.08341107784797162,0.0,0.0,0.0,0.0,0.0,0.0,0.0,0.0,17.56608660389134,4.099357013165761,24.20882938563926,8.604046686133369,17.666994431460115,4.188103155590278,23.83480956220523,11.784950555367825,-0.9981818181818182,0.04260136186858175,0.0,-1.0,-1.0,0.0,-1.0,-1.0,3609.0310214622896,3366.1290316912623,25750.50125434371,724.4734177523621,2758.7865554268615,1348.6432658998465,5467.318574165286,972.0948926824553,0.0,0.0,0,0,0.0,0.0,0,0,2.514460104742961,0.985442192331779,7.214363577514442,1.2104013812232712,2.2834823251888228,0.5915979477723599,3.313390791557275,1.4010655997256063,-251.44601047429617,1104004,280000,2800,33.47869894390169,25.101865390999592,19.155422213763813,77.7359865486651,17590.557453100504,279
7.4485283,5.855549,177.94469,-179.02612,138.65518,-6.254836,-477.4417,-178.99168,138.81255,-6.2251034,-479.57733,-179.21371,139.00766,-6.0969787,-480.17322,7.4485283,35.018414,342.69504,3.7252903e-09,5.855549,30.769173,336.86945,2.7053935e-05,-0.0015346799,0.8274202,1.0,-1.0,-2.4767086295329213,1.0209949442636568,-1.2029216476999702,-7.4267603317403985,-247.6708629532921,64.85522764508285,-159.6419446584631,-407.50379573810716,-0.047459807,0.68999845,1.0,-1.0,10,-2.6203256892885545,0.7992992780884188,-1.514210480814836,-6.835314491036917,-262.0325689288554,32.995258695599524,-220.33760658079748,-325.54595088316864,-0.07519615922430734,0.6765626348288736,1.0,-1.0,0.09731783086358703,0.03999247279058441,0.17359256784821592,0.028812009013435197,0.09851836726443773,0.037694510188053615,0.15645995759961379,0.03862212396392656,0.11691460113545345,0.05514877691785321,0.22712183252637524,0.008895103779790775,0.11925425308199676,0.05411961045811889,0.22705531340262905,0.03424969534367896,0.09547402165202684,0.029685341451254118,0.15287862839142943,0.056699532664695074,0.09674256590281596,0.030399067188429104,0.1486151761928914,0.06132504185371762,0.0027272727272727275,0.05215203457913988,1.0,0.0,0.0,0.0,0.0,0.0,16.90529349159989,3.883044008920757,24.15179759731878,5.977368570281608,16.9986055294995,3.95331432774587,24.13504425932262,11.962574600827104,-0.9972727272727273,0.052152034579139875,0.0,-1.0,-1.0,0.0,-1.0,-1.0,3552.849032268293,3437.037701201793,27042.503322057768,718.128543129954,2770.3721041808003,2009.377218775909,8455.67260758438,751.5357263400692,0.0,0.0,0,0,0.0,0.0,0,0,2.4767086295329213,1.0209949442636568,7.4267603317403985,1.2029216476999702,2.2468629769206934,0.7349044991425142,4.129400976427286,1.23153552868163,-247.6708629532921,1108004,281000,2810,43.6507195958111,26.34333134299959,20.950363687137724,90.94441462594841,17678.645439646476,280
12.223724,11.256728,170.01265,-171.29176,125.66054,-7.4330645,-409.01584,-171.16336,125.55828,-7.8472943,-407.9728,-172.06003,125.776566,-7.650068,-413.91544,12.223723,81.03862,883.8663,0.00013590232,11.256729,68.227135,719.163,0.00062650774,-0.07079102,0.83805287,1.0,-1.0,-2.649554158289804,1.032276347263128,-1.1485549845233536,-8.397338918381308,-264.95541582898045,54.93094301649333,-159.6980465990751,-353.7732879554345,-0.07127743,0.6699102,1.0,-1.0,10,-2.8329283648858667,1.1195055457216403,-1.3297694850727495,-7.65349438423907,-283.29283648858666,70.8675510237866,-184.1454377373606,-402.14773353872425,-0.0628870620888518,0.6699084517046233,1.0,-1.0,0.11159681934570426,0.03438911938540281,0.1719997884776952,0.029557855957534854,0.1184025408312019,0.03203586033198475,0.1719997884776952,0.0750506887618492,0.15691373653891147,0.07566059328235229,0.27634681345073975,0.022932209738078538,0.16124434199043083,0.07662391034289723,0.27634681345073975,0.04031309101368606,0.12015808921582034,0.04475781553249925,0.1885314835432412,0.05669367629328055,0.12892702120712987,0.043480081028819104,0.18035755782573082,0.06270171901478863,0.0,0.0,0.0,0.0,0.0,0.0,0.0,0.0,20.28238230592047,3.1376496684974304,27.167768745203364,8.91000500325427,20.786336449394756,2.8476775901460227,23.567990595291125,14.161890910873185,-0.9990909090909091,0.030137426280455955,0.0,-1.0,-1.0,0.0,-1.0,-1.0,3990.976543394995,3703.153365341022,34540.2104856652,656.5857661699008,2919.839968515933,1541.7555719473776,6116.6064053445825,701.5790565244491,0.0,0.0,0,0,0.0,0.0,0,0,2.649554158289804,1.032276347263128,8.397338918381308,1.1485549845233536,2.345160473451598,0.6435764031480397,3.5453358830586925,1.1872459550827703,-264.95541582898045,1112004,282000,2820,43.77554239060555,23.506876391998958,20.45436144710402,87.73678022970853,17771.45110554019,281
6.7305417,7.841844,173.46674,-174.87262,134.80028,-7.0188837,-506.88007,-174.76817,134.79807,-7.2052355,-505.0905,-174.29941,134.6871,-5.820814,-508.5936,6.730542,21.624681,205.37738,0.00029167172,7.841845,31.594334,307.99457,3.3527613e-08,-0.006523758,0.7954481,1.0,-1.0,-2.4412428422914516,0.8972352160538429,-1.4208474083586102,-6.900673053739442,-244.12428422914516,58.75235864880238,-163.22469711810842,-343.5977436967355,-0.18752147,0.8317912,1.0,-1.0,10,-2.8088403264426622,1.010793413231419,-1.6493391439486327,-6.8652394596693656,-280.88403264426614,73.85658892579595,-191.56627289611032,-416.82997276490823,-0.11907543618225444,0.5789852177226364,1.0,-1.0,0.10855858444813496,0.033154688277147286,0.17548567667585438,0.03004160670416436,0.11198335726311562,0.029079173536213938,0.16471855902408072,0.07591007850913731,0.135130154913882,0.0863401233119285,0.3229487549180881,0.02757743188345449,0.13861956707504358,0.0877517968167166,0.32288912501649,0.028280909389959297,0.13097153388370275,0.037329375029278807,0.22612612673015636,0.05706340627168544,0.13833027329754935,0.0377689642622854,0.22295959900536674,0.10496833886130248,0.0,0.0,0.0,0.0,0.0,0.0,0.0,0.0,18.14339058444333,3.2825162614201977,23.526136046490297,8.996154503328123,18.03174842497678,3.3678475834761956,22.30666761806862,11.651043749538994,-0.9981818181818182,0.04260136186858175,0.0,-1.0,-1.0,0.0,-1.0,-1.0,3349.1459223786023,2999.622611316761,23268.027618400505,998.5317881812896,2832.71724649347,1443.3706336903717,5796.7107998027295,1015.6914166297873,0.0,0.0,0,0,0.0,0.0,0,0,2.4412428422914516,0.8972352160538429,6.900673053739442,1.4208474083586102,2.310776602849796,0.6102507085276879,3.4189048872116006,1.4329155741157744,-244.12428422914516,1116004,283000,2830,48.70007060999342,28.57515641700593,21.507898575044237,98.78312560204358,17866.233149210246,282
7.762829,8.411865,174.81894,-176.13187,132.6901,-5.004005,-437.42014,-176.36095,132.90643,-5.895314,-439.07925,-176.38702,132.91403,-6.312066,-438.08453,7.7628293,29.804403,217.40431,1.1269003e-05,8.411864,32.733837,227.47687,9.211735e-05,-0.14280143,0.828002,1.0,-1.0,-2.7383172086545153,0.9679034140352989,-1.2719028761042324,-7.467758269244661,-273.8317208654516,52.49518514083603,-182.8256879113718,-373.7502724295969,-0.010452916,0.6807118,1.0,-1.0,10,-2.3935823844832185,1.0790490918444704,-0.8554083245678514,-7.085577713082429,-239.35823844832188,57.410434898730806,-149.9341207441078,-347.1815300459693,-0.026200094983222504,0.5475137937691766,1.0,-1.0,0.10174770766096922,0.032000145217987046,0.15651887147714605,0.030505594660415924,0.10243860161028033,0.03080906542693579,0.14452226099454552,0.053013441653218134,0.14522733011302782,0.08064868865783746,0.2952051902867631,0.012518699259965078,0.14808945200780818,0.08234270412537963,0.29513907899419706,0.019002941140532626,0.10972788086242334,0.04146662016142547,0.21898780664982856,0.057181309667226,0.11664796592803425,0.0427568521142128,0.21898780664982856,0.06455204394156812,0.0,0.0,0.0,0.0,0.0,0.0,0.0,0.0,17.94219561738296,3.1443374154640957,23.06388799926078,11.402103585166156,18.290425059167205,3.0824710196739704,22.50604293236961,13.637205142210567,-1.0,0.0,-1.0,-1.0,-1.0,0.0,-1.0,-1.0,4174.8870672394805,3472.799399564167,27390.201056723115,804.9188515667654,3315.2957192348626,1515.2533544568316,5952.830080166854,859.7706050404822,0.0,0.0,0,0,0.0,0.0,0,0,2.7383172086545153,0.967903414035299,7.467758269244661,1.2719028761042324,2.506171637081798,0.6375966667952504,3.457390809584919,1.313878293049406,-273.8317208654516,1120004,284000,2840,39.44253912089334,24.585363145000883,19.904920725763077,83.9328229916573,17949.819952471888,283
10.331232,12.386277,161.38141,-163.0393,124.08876,-5.226785,-495.83316,-163.14786,123.7584,-5.2999463,-487.53336,-163.3504,124.26826,-4.916597,-481.8194,10.331234,42.178963,410.52734,0.00052194984,12.386279,55.817574,539.3733,5.001953e-05,-0.13536906,0.80758053,1.0,-1.0,-2.7358840813926086,1.0637746039807048,-1.5377851580543813,-7.598225320098946,-273.5884081392608,64.22490303190216,-177.08027681268595,-367.7949077894296,-0.08101496,0.68948805,1.0,-1.0,10,-2.210341278843599,1.031442243811709,-0.8955150096012098,-6.954832774522807,-221.0341278843599,58.67295372775425,-133.1901616212152,-294.4663649130994,-0.08375964066445772,0.588816349275526,1.0,-1.0,0.09616609874298528,0.028875297396088115,0.15326166301263108,0.027983287981684545,0.0998370340518501,0.029252438687244215,0.14718887385299473,0.040452305795473605,0.10884273497757363,0.038351512274669014,0.2036763300216619,0.037961542257236254,0.10963356765391122,0.03797814106329977,0.20359450446401653,0.0657905319620972,0.09127184226479332,0.028402386313176462,0.18052724084124064,0.05677243210665783,0.09361702027409625,0.03109354770519757,0.17540896269469186,0.06388032047318717,0.0,0.0,0.0,0.0,0.0,0.0,0.0,0.0,18.350423712633518,3.1285148144319233,26.008224825127957,9.280441663116816,18.598502368536643,3.094306223204119,22.22662244017384,14.076868666342047,-0.9981818181818182,0.04260136186858175,0.0,-1.0,-1.0,0.0,-1.0,-1.0,4269.311750992266,3943.0874259083234,28307.449574578426,1175.1662743020913,3202.4834433654,1586.4872980131815,6164.901518592624,1262.5920324220788,0.0,0.0,0,0,0.0,0.0,0,0,2.7358840813926086,1.0637746039807048,7.598225320098946,1.5377851580543813,2.4605179693820616,0.6287214973214958,3.522105868040498,1.5945717910274062,-273.5884081392608,1124004,285000,2850,46.65157081920188,24.218469910993008,20.679221483282163,91.54926221347705,18042.51315174235,284
7.486375,6.4731994,178.77042,-180.23532,134.63843,-7.326272,-484.6539,-179.6319,134.38647,-7.2317286,-483.47958,-180.26047,134.39818,-7.146673,-484.54266,7.486375,25.586588,236.20656,9.962346e-05,6.4732,15.445951,137.84967,7.671211e-05,-0.03840894,0.8273413,1.0,-1.0,-2.8466489555883023,1.1851574231161537,-0.7586436493867025,-8.081532988669181,-284.66489555883027,75.2750104252092,-115.52597221440958,-385.1384349806148,-0.053083017,0.6919164,1.0,-1.0,10,-2.4858594511675713,1.073436704169399,-0.9582242974913667,-6.947008363769279,-248.5859451167572,50.144755979827046,-181.20227015216426,-363.70635767990706,0.025436624315806056,0.5748767421216431,1.0,-1.0,0.10283014657472862,0.03833832185282173,0.17672361058961472,0.029469411896093624,0.10772566559099152,0.037604730601576965,0.17615382308919655,0.04094641951428011,0.16871253133638406,0.08781168984018142,0.3175317444206462,0.0096588523947855,0.17570263322112706,0.09072481569432471,0.31748614794064994,0.02990288916820914,0.1064744820598895,0.0428479812323793,0.22020610423853657,0.057028692157794804,0.11571042295944768,0.047770628297727324,0.22020610423853657,0.06227404593844284,0.0,0.0,0.0,0.0,0.0,0.0,0.0,0.0,18.952759627774114,3.9286568400080655,27.27749296495011,9.001594971661032,19.376557818416526,3.865388322687944,24.066985208140274,11.375631090140095,-0.9772727272727273,0.14903269373413638,0.0,-1.0,-1.0,0.0,-1.0,-1.0,4701.6013714365845,4242.660449329486,31999.34381133018,286.5301096179136,3573.1499218161016,2068.429302383511,8434.258862207094,319.02019252380524,0.0,0.0,0,0,0.0,0.0,0,0,2.8466489555883023,1.1851574231161537,8.081532988669181,0.7586436493867025,2.5559033096271038,0.8262027105529194,4.126844036856824,0.8004175426630206,-284.66489555883027,1128004,286000,2860,53.08005673078878,25.36522631099797,22.037997017949237,100.48328005973599,18143.286652874092,285
6.2018466,4.614648,184.08931,-185.57864,136.95482,-5.250464,-497.97437,-185.13145,136.70975,-4.3989553,-495.34735,-185.06767,136.67154,-3.8731906,-496.34366,6.2018466,20.882105,187.35434,3.875792e-05,4.614648,13.293385,111.1558,7.3562987e-06,-0.027590131,0.8226605,1.0,-1.0,-2.5091893802942096,0.8783457234761076,-1.3505205642288183,-7.339932596289648,-250.918938029421,54.48008649077222,-145.3987309388095,-327.56071289727544,-0.110497415,0.7187374,1.0,-1.0,10,-2.597285535413507,1.034711609459673,-0.7030140780766537,-6.752338568529232,-259.72855354135066,71.07008953879097,-128.27922747253822,-366.0151861290414,-0.057994204974798694,0.6602169046783767,1.0,-1.0,0.0972316829563101,0.03208317434808398,0.1733195181002231,0.036838024999525626,0.10541842596887675,0.033376419120329216,0.1733195181002231,0.05403064478574891,0.151801260190128,0.0729035886433986,0.282444183947761,0.013616473883887465,0.15489647380410057,0.07385594617117609,0.28238922467034844,0.030142854072111466,0.13012612204244697,0.0349410079876673,0.19976406939083338,0.05747507604369172,0.1404431305746399,0.03126695497731839,0.19973333402812668,0.1017158267978933,0.0,0.0,0.0,0.0,0.0,0.0,0.0,0.0,16.54656540796893,3.2929072813479197,22.264443320474616,9.817447923825428,16.941263736095614,3.444637684747253,22.164076216025876,11.449388151454901,-0.9990909090909091,0.030137426280455955,0.0,-1.0,-1.0,0.0,-1.0,-1.0,3502.7652784288725,3172.1701026863007,26527.80529406928,904.8764844755881,2783.6284863995406,1005.0907619786448,4435.990710068037,1059.6373731408726,0.0,0.0,0,0,0.0,0.0,0,0,2.5091893802942096,0.8783457234761076,7.339932596289648,1.3505205642288183,2.3262659915669874,0.44341896254068586,2.999342045219276,1.4611159789294559,-250.918938029421,1132004,287000,2870,51.96624619216891,25.657971741005895,21.017516567822895,98.6417345009977,18238.97807110611,286
4.5942955,5.5508375,175.79146,-177.03583,131.51018,-6.453606,-421.3214,-176.67172,131.37134,-5.7719555,-421.58932,-177.1598,131.48276,-6.821718,-419.49048,4.5942955,15.704352,157.97075,3.7775353e-06,5.5508375,18.14572,153.78065,1.7220154e-06,-0.07824837,0.8106897,1.0,-1.0,-2.4393781005827226,1.1332603271888895,-1.0862559791118522,-8.727906313054056,-243.93781005827225,80.08517019869348,-130.9546369646278,-372.87772226717016,-0.045794006,0.7352395,1.0,-1.0,10,-2.396966938858417,1.1305242383578715,-0.6209179623422929,-7.201993595492857,-239.6966938858417,57.71103815417991,-128.71483852449617,-343.32766436636206,-0.24605912647346678,0.5938043425052179,1.0,-1.0,0.12528113472460103,0.03963725477642583,0.18634563151826417,0.029669040858523947,0.12813469331940205,0.03898867326283765,0.18634563151826417,0.040109782496903564,0.16027673506899368,0.06193148381839558,0.32849391857117327,0.053430888950255884,0.16335919174521468,0.06315812255564973,0.32841812319932034,0.05805513611443697,0.12731269469358428,0.03303763321436784,0.19248384443724112,0.05757061232977123,0.13241189417835886,0.029440741622334107,0.19241111745051906,0.065229609960597,0.0,0.0,0.0,0.0,0.0,0.0,0.0,0.0,20.28223710015084,4.26171128964343,27.298352161941956,9.44357776967436,20.490692060878153,4.505502631821767,26.51487798058403,11.076270481602661,-0.9990909090909091,0.030137426280455955,0.0,-1.0,-1.0,0.0,-1.0,-1.0,3579.4583233731864,3976.0108009808587,37446.37552659503,584.7863823746508,2753.201979750357,1936.3391638298033,6794.691935682461,631.9295674327756,0.0,0.0,0,0,0.0,0.0,0,0,2.439378100582723,1.1332603271888895,8.727906313054056,1.0862559791118522,2.209025436142739,0.8249288712597327,3.713684338231243,1.129073143689191,-243.93781005827225,1136004,288000,2880,38.96397496282589,22.68813300099282,19.12584347902157,80.77795144284028,18317.895183577923,287
6.4341736,6.933378,174.45575,-175.63373,132.85858,-4.63314,-448.01846,-175.8421,132.77614,-3.957281,-450.40372,-175.5892,132.98712,-4.0443006,-447.88953,6.4341745,31.731997,293.0775,6.0440565e-05,6.933378,32.028183,300.9761,3.3527613e-06,-0.06228587,0.7913472,1.0,-1.0,-2.6246888188991337,0.9327187531396617,-1.8739946279563489,-8.635290014203173,-262.4688818899133,33.61249632752211,-205.57397076391342,-308.8436488225435,-0.09428391,0.70172983,1.0,-1.0,10,-2.719181166467008,1.2332023936906065,-1.1189078872730482,-7.9846447411062575,-271.9181166467008,94.85435109668624,-162.9251337006699,-439.06360719577503,0.0362612816774076,0.5597472982033844,1.0,-1.0,0.10040741089735622,0.04116529631086534,0.1733457095320464,0.028873111132107276,0.10526240671540064,0.04228937961101289,0.1733457095320464,0.04119075318923279,0.16411939008016319,0.07433080894674031,0.27482293777079636,0.0561241876244274,0.16641072361097992,0.0761143461809251,0.274747617332299,0.06639480317142411,0.10127711398487706,0.035752279276173915,0.18932658203828032,0.05681377606086359,0.10664841329553894,0.0353241305510046,0.189301510879619,0.06712282776584219,0.0,0.0,0.0,0.0,0.0,0.0,0.0,0.0,18.86854474254676,3.592560883751331,27.170666839184626,10.060385155697016,19.199546411270447,3.6893341447532664,27.021587906616478,13.80083410213485,-1.0,0.0,-1.0,-1.0,-1.0,0.0,-1.0,-1.0,3834.9973419579387,4068.6664486939794,36428.38513279677,1738.865780201481,2893.9155151485015,800.7233356376059,4322.16492992548,1842.3886250133369,0.0,0.0,0,0,0.0,0.0,0,0,2.6246888188991337,0.9327187531396617,8.635290014203173,1.8739946279563489,2.395330835309952,0.33105571907654047,2.949101879318637,1.9227926555841814,-262.4688818899133,1140004,289000,2890,38.188276816988946,20.848106493998785,19.037131335877348,78.07351464686508,18399.516166508787,288
7.1227136,5.300988,181.79007,-182.74731,137.95567,-2.767087,-467.8103,-182.4937,137.74046,-3.8334646,-466.6426,-182.67712,137.941,-3.8798864,-466.94897,7.122713,36.67838,407.02966,0.002477468,5.300988,15.417631,126.52508,0.0009809782,-0.035500173,0.81532884,1.0,-1.0,-2.2806169649679116,1.0556282381535254,-0.6108271133361167,-7.051108336631629,-228.06169649679114,60.27925332046113,-123.92294893587177,-340.1366012530618,-0.05196638,0.5935901,1.0,-1.0,10,-2.3613797615383336,0.9835691113575434,-1.5335271264796275,-7.224999341502219,-236.13797615383336,48.110811460403404,-182.6345749431185,-323.8507439119492,-0.10997709239439837,0.59988045484934,1.0,-1.0,0.0964596026740973,0.035659116698322016,0.17543396959031113,0.027806316466262106,0.09767271805754602,0.03393739558222213,0.1653533524687356,0.04259916579095622,0.14902670099154847,0.05493758894528448,0.2396104257843141,0.01940414575726701,0.15264409052267183,0.054353878532402096,0.2395409160832982,0.07524196279389832,0.1022173651305126,0.036312710280999444,0.19203279088332512,0.05700863932391738,0.1054395307560961,0.036196818938167646,0.19016664839728395,0.06499317874744037,0.0018181818181818182,0.042601361868581746,1.0,0.0,0.0,0.0,0.0,0.0,18.459313818148605,3.4792767143869536,25.05385049920673,6.468177804151107,18.698979673356003,3.223875827480914,24.28525467791602,12.67193965399089,-0.9945454545454545,0.0736531967291967,0.0,-1.0,-1.0,0.0,-1.0,-1.0,3128.024032976714,3451.291462302766,24391.491131974766,184.99514893106897,2201.109516381546,1128.8599411256514,4005.1936186341186,191.87789428050905,0.0,0.0,0,0,0.0,0.0,0,0,2.2806169649679116,1.0556282381535254,7.051108336631629,0.6108271133361166,2.010196297211669,0.6272183782955502,2.839562804635303,0.6221615811875257,-228.06169649679114,1144004,290000,2900,50.78423270311032,24.389904119001585,21.33289481709653,96.50703163920844,18496.667620596032,289
5.714698,6.9268475,180.58331,-182.13562,139.67917,-4.3892,-487.55023,-182.28577,139.632,-4.9856257,-486.0974,-181.75967,139.66443,-5.096178,-484.31232,5.714697,29.259731,326.56735,0.00082094804,6.926848,42.739532,482.09296,0.0010817731,-0.050692383,0.7979096,1.0,-1.0,-2.85014218424937,1.5771720145408692,-1.3964944413242286,-7.5891202424092254,-285.014218424937,136.9487197171391,-162.4716564384395,-675.0621789984016,-0.15539764,0.55346274,1.0,-1.0,10,-2.6852157229166393,1.2640669868232555,-1.0925214126136957,-8.285628243391399,-268.52157229166386,75.0593782420787,-159.4709123890372,-415.5720370313329,-0.05691542524623705,0.6051506519878279,1.0,-1.0,0.09595519764240389,0.03747254537571865,0.1516153210588353,0.030399480808775452,0.09900514859529658,0.036966400414293756,0.14996549244812274,0.041119261710225216,0.14157723337339875,0.07119604083028326,0.32438823207718576,0.005715905750238103,0.1463876372215134,0.0726947428128795,0.32429208830587286,0.03928308417633335,0.11191301910541566,0.03478598373794619,0.19607119285489893,0.05687395502984148,0.11767222682607553,0.03464181204663862,0.19607119285489893,0.06783304552646548,0.0009090909090909091,0.03013742628045596,1.0,0.0,0.0,0.0,0.0,0.0,16.750758908487107,2.1892604609762016,23.654993953636065,9.602997577630163,16.797594493615875,2.06893197050338,20.59094809391695,13.677996822563124,-0.9990909090909091,0.030137426280455952,0.0,-1.0,-1.0,0.0,-1.0,-1.0,5244.569330721948,6451.5965008392095,28013.43916432945,967.6644937743845,4378.39231899256,5558.746035166087,21176.415157262156,991.0360055798781,0.0,0.0,0,0,0.0,0.0,0,0,2.8501421842493695,1.5771720145408692,7.589120242409225,1.3964944413242286,2.620878495768813,1.4064701084814883,6.554187743361804,1.4120343698475573,-285.014218424937,1148004,291000,2910,43.92850861091574,25.056072659004712,20.47200530428381,89.45658657420427,18586.708010412236,290
4.998263,6.1904755,174.98404,-175.99693,134.57475,-2.987949,-438.76193,-176.1882,134.88612,-2.7712975,-439.72247,-176.35564,134.82458,-4.101097,-439.21185,4.9982634,11.104378,62.77303,0.00020485464,6.1904755,18.945253,139.3629,3.1874515e-05,-0.06711059,0.80097437,1.0,-1.0,-2.291863887406554,1.090129559723021,-1.1305554582414252,-6.989808784056612,-229.1863887406553,69.7070782251078,-141.5536824773939,-415.24061012147035,-0.082407154,0.5392219,1.0,-1.0,10,-3.0676348439278156,1.3038827781618185,-1.51107898258773,-9.374596880710962,-306.7634843927816,102.39823214077829,-199.40274121007178,-566.1426483814184,-0.049028394872013534,0.5588438043083996,1.0,-1.0,0.0837108204117472,0.038233738385635006,0.177914942480882,0.02848009280884387,0.08852186728497488,0.038805767102453224,0.17559273195332092,0.041366336973817884,0.1682814894050605,0.06330602616499768,0.30059245697484727,0.013187777359928252,0.17168589334408696,0.062207514471800444,0.30051514682710667,0.07723725274123175,0.10048363274785362,0.036210867605868065,0.19560630498390247,0.056637334459006546,0.10575991269974469,0.0374191091494705,0.19547114609080912,0.06331811677831053,0.0018181818181818182,0.042601361868581746,1.0,0.0,0.0,0.0,0.0,0.0,18.215042408175485,2.721817598210017,23.71093541565315,6.346490309937693,18.755650951906734,2.2800659128438845,22.97203187282338,15.471061897865871,-0.9963636363636363,0.06019252857180673,0.0,-1.0,-1.0,0.0,-1.0,-1.0,3190.292302842471,3658.449705661679,24057.82391324902,633.7103366524238,2242.156873107154,1800.8290422723326,7550.814435420494,1159.7424365711904,0.0,0.0,0,0,0.0,0.0,0,0,2.291863887406554,1.090129559723021,6.989808784056612,1.1305554582414252,2.0137300264510505,0.679854714330363,3.905281341903253,1.5310714898301023,-229.1863887406553,1152004,292000,2920,43.2565375201666,25.63085706300626,20.488220121944323,89.37561470511719,18677.99579875335,291
6.5125866,5.623907,177.35269,-178.31253,130.62656,-7.2283306,-515.62726,-178.43893,130.70822,-6.5980535,-516.59875,-178.22217,130.27051,-6.7105913,-514.8418,6.512586,16.97739,138.49672,0.0013319002,5.623907,11.916643,67.92913,0.00052526686,-0.1662463,0.8383667,1.0,-1.0,-2.5345440921845315,0.9647072722770459,-0.8603470102223593,-7.5682114155793085,-253.45440921845312,68.42682330449223,-123.81029957184185,-393.26304410346177,-0.034967136,0.7467623,1.0,-1.0,10,-2.6976520991630784,1.1578325714627369,-1.288177188524381,-7.386360581260595,-269.76520991630775,80.22143597956736,-162.55498202375367,-406.9140643723573,-0.05392205468341794,0.6762232704339349,1.0,-1.0,0.10520102403036938,0.046689755502649685,0.19420173904895902,0.030197546928251443,0.10839799486343411,0.04886033687263239,0.19420173904895902,0.04546385189577776,0.16462508090219538,0.06865190426003238,0.2707109319970783,0.03359676954844813,0.16507315275020493,0.07030782835298777,0.27064736044402726,0.03364228494275936,0.115047710166209,0.030389608600367855,0.17856872530120804,0.05686902870880147,0.11908449295824063,0.030179600910634773,0.17755264417785782,0.07563778893818798,0.0,0.0,0.0,0.0,0.0,0.0,0.0,0.0,18.23038983203244,4.708098383884665,26.747426441110306,9.147610894799827,18.552618073414013,5.199660202220017,26.747426441110306,9.804429790748792,-0.92,0.2712931993250107,0.0,-1.0,-0.9090909090909091,0.28747978728803447,0.0,-1.0,3641.5812753483838,3077.8051826700294,27989.87403157219,366.3161585760229,2922.232718300985,1849.054170098268,7550.546104915655,370.5563970406771,0.0,0.0,0,0,0.0,0.0,0,0,2.5345440921845315,0.9647072722770459,7.5682114155793085,0.8603470102223593,2.3043056275727043,0.7640571142275592,3.8947720742880216,0.8652626839308787,-253.45440921845312,1156004,293000,2930,39.059972005925374,27.54299727799662,19.293446301177028,85.89641558509902,18762.293729453457,292
10.168343,8.958577,177.87405,-179.43591,132.0955,-6.858871,-434.21222,-179.29317,132.22304,-6.2025356,-432.65552,-179.3527,132.3908,-6.8180833,-431.34967,10.168342,44.273933,435.47455,4.3451786e-05,8.958577,40.445683,413.55966,0.0003886558,-0.08805846,0.8142906,1.0,-1.0,-2.228511282222276,1.0893991699244527,-0.834889752442273,-8.001846409311261,-222.85112822222757,58.035184190176,-134.5969585921015,-309.040261636661,-0.11017374,0.71497184,1.0,-1.0,10,-2.4830442789595586,1.260048348797283,-1.1700956521497445,-8.363445189526399,-248.30442789595585,66.38430417357924,-136.53630742080904,-372.6442083394555,0.019276375240165757,0.6658867049807872,1.0,-1.0,0.11009079262707164,0.04169444704499123,0.1902498640386071,0.028867964477063912,0.11620328736443897,0.03978880514056971,0.1902498640386071,0.03847104080332646,0.13725741596047514,0.06783771551717598,0.2451453759856658,0.03245921433041644,0.13573424719723953,0.06883548610858144,0.24507832591491438,0.040815933695517885,0.11387266294772533,0.031044884677643565,0.1715656348463595,0.05663785176983463,0.12327782976859442,0.027358141419436814,0.1709447256865483,0.07868881067727211,0.0,0.0,0.0,0.0,0.0,0.0,0.0,0.0,19.370346543805947,3.012745500755739,23.665663022726985,10.57891383442488,19.87307187243932,2.8125966895466408,23.665663022726985,13.653353292589218,-1.0,0.0,-1.0,-1.0,-1.0,0.0,-1.0,-1.0,3038.4871992897483,3856.102688257077,31305.545410728057,347.2782924726613,2200.080181661347,1318.1046088399546,4459.352648447952,456.0110652988228,0.0,0.0,0,0,0.0,0.0,0,0,2.228511282222276,1.0893991699244527,8.001846409311261,0.834889752442273,1.9962073290934577,0.6818534623513379,3.005424958360628,0.9586989111244568,-222.85112822222757,1160004,294000,2940,46.88115174997074,25.919188736006618,20.644367257264093,93.44470774324145,18852.799329446694,293
7.614199,10.423809,173.34721,-174.71556,139.39056,-2.6186175,-492.0333,-174.91312,139.63448,-3.9577646,-493.00845,-174.76062,139.01529,-4.3124537,-494.12662,7.614199,34.337006,352.33484,0.00019027293,10.423809,53.124428,539.6313,3.0325064e-06,-0.14296986,0.7981752,1.0,-1.0,-2.4960389559655565,0.7381432416302789,-1.51189882584064,-6.432774347140083,-249.60389559655562,49.84321177645769,-166.27968019466624,-346.2580022451638,-0.11432148,0.7597915,1.0,-1.0,10,-2.631230272169914,1.1439468310987413,-1.0355054130412384,-7.113047809197572,-263.12302721699155,33.56913918901411,-188.5916588783283,-305.2475899335843,-0.06659491463729741,0.5847526612585071,1.0,-1.0,0.11647618842346302,0.04077420469407667,0.17980136535613053,0.027926623056527388,0.12166647843992769,0.03560212649993176,0.16606669388441936,0.04744123355315666,0.12238179629750029,0.05755147792667463,0.19209795139472974,0.007736427590016031,0.1251575515495988,0.05691861643542574,0.19202564256876659,0.027362103849062555,0.12514189127665465,0.026663173674622537,0.17909994506558446,0.05699001330723692,0.13036708212102013,0.023586574219699865,0.17909994506558446,0.08212587077299449,0.0009090909090909091,0.030137426280455955,1.0,0.0,0.0,0.0,0.0,0.0,18.62909838248363,3.5171535395953284,23.978190462153158,8.271870222977068,19.171548470679287,3.1554695455563797,23.285766641976277,13.04587770250952,-0.9972727272727273,0.052152034579139875,0.0,-1.0,-1.0,0.0,-1.0,-1.0,3350.238233142926,2364.3205015182502,20294.895679204266,1138.7041665337513,2899.942540642692,1173.6522023644009,5410.7212375503905,1259.6481180325914,0.0,0.0,0,0,0.0,0.0,0,0,2.4960389559655565,0.7381432416302789,6.432774347140083,1.51189882584064,2.3734006607592195,0.4800013331803465,3.3238627555525424,1.5971304719155384,-249.60389559655562,1164004,295000,2950,46.95125881115382,22.980089096003212,20.891281027084915,90.82262893424195,18949.198282680918,294
9.607722,9.13479,179.21014,-179.38034,138.02794,-4.6505003,-515.80316,-179.47946,138.02887,-5.1910315,-516.4318,-180.26636,138.67305,-5.526661,-517.2813,9.607723,48.178738,492.76874,1.7225742e-05,9.134791,38.93991,419.93976,0.00030271942,-0.18643978,0.8086313,1.0,-1.0,-2.192889580108983,1.0242609519635844,-1.174516202416004,-6.979820068134261,-219.28895801089823,52.236582773896444,-129.33742142856062,-309.8653772358361,-0.045976914,0.6644748,1.0,-1.0,10,-2.5537642488314796,0.6742020139515468,-1.479656003541872,-5.859401076819229,-255.37642488314796,41.55292247200417,-191.45399368616054,-346.2982183403895,-0.07540756932610952,0.615176960693168,1.0,-1.0,0.09054480974681672,0.03175441608270227,0.14416560238285345,0.029228806279436928,0.0931003268112876,0.03306252946706399,0.14106456833951111,0.05173565211350986,0.1618073473550959,0.08271012802101935,0.3580903448940076,0.014272770737372707,0.16364459635997333,0.08599555828847986,0.3579942871851244,0.03795905562231001,0.12221276034401078,0.0362994233760989,0.18010743599110488,0.057135643903437935,0.12880053684701617,0.03301389412942608,0.18010743599110488,0.0656814237679295,0.0,0.0,0.0,0.0,0.0,0.0,0.0,0.0,18.126376240748854,2.5699990443545375,23.819195926374345,8.857481518709864,18.409044966981355,2.6488998090241207,21.671275527908737,12.879821878074203,-0.9981818181818182,0.042601361868581746,0.0,-1.0,-1.0,0.0,-1.0,-1.0,2897.4950627629323,3560.6085178308354,23941.526857425404,685.5321445172566,1905.7727986803097,909.1223436235176,3901.6294099763845,737.7035174711892,0.0,0.0,0,0,0.0,0.0,0,0,2.192889580108983,1.0242609519635844,6.979820068134261,1.1745162024160039,1.9065311482217373,0.45740875050759205,2.811225648638134,1.2183768125724161,-219.28895801089823,1168004,296000,2960,54.693105052792816,28.574042911001015,22.43175973376492,105.69890769755875,19050.950194091485,295
3.0806355,4.572942,182.17612,-182.849,138.54819,-4.376314,-477.88275,-183.38599,138.86127,-4.810655,-477.84894,-182.53781,138.66992,-4.68693,-479.04843,3.0806358,6.6517286,56.458244,7.0687616e-05,4.572942,10.242639,68.25297,0.00026259664,0.029443365,0.81666034,1.0,-1.0,-2.356802482534234,1.2306434347974786,-0.8727514624181097,-7.6827157413971605,-235.68024825342337,81.77235999367763,-122.22877635092685,-334.83883126442726,-0.18164116,0.6956296,1.0,-1.0,10,-2.527326805286695,0.876122482588571,-1.5449450194773682,-7.323413417521215,-252.73268052866956,61.13479479513984,-173.78317038441804,-363.06658988611764,-0.054662017130082355,0.5444307842342776,1.0,-1.0,0.10068148518999752,0.038662903438066276,0.1575355271947201,0.029604765660337425,0.10878831907837135,0.03567972716702728,0.1575355271947201,0.04377244391473363,0.1346653902688774,0.052387529021771274,0.23016096023289798,0.038463593217924114,0.13532353290620688,0.05253002182997177,0.23006329782864213,0.06391978757759573,0.11912333382527389,0.03504179110015615,0.18761887606159264,0.05720402899959658,0.12828292327467586,0.03302832441389747,0.1876129334000884,0.08756808542116318,0.0,0.0,0.0,0.0,0.0,0.0,0.0,0.0,17.289503614448503,2.7266191484473796,23.165622689379568,9.563779710602978,17.637684894824016,2.614245148295529,23.165622689379568,13.226054000395447,-0.9990909090909091,0.030137426280455952,0.0,-1.0,-1.0,0.0,-1.0,-1.0,3491.1143987731916,3844.8461174922645,28814.775005483552,377.720558501533,2354.7180325076265,1695.541063220098,5114.24880266021,393.2746616875749,0.0,0.0,0,0,0.0,0.0,0,0,2.356802482534234,1.2306434347974786,7.68271574139716,0.8727514624181097,2.0194787795107216,0.8225648266299622,3.219163339318099,0.8907713282543883,-235.68024825342337,1172004,297000,2970,37.45669120385719,24.622737633995712,19.018846623119316,81.09827546097222,19131.34478164046,296
6.876482,5.6213226,183.75253,-185.05457,136.60767,-8.275028,-496.69482,-185.59981,136.67114,-8.751244,-496.88943,-185.39139,136.52882,-8.639539,-494.0822,6.876482,22.792652,205.49942,0.00011539459,5.621322,15.054407,120.69069,6.2685285e-05,-0.05101511,0.8319595,1.0,-1.0,-2.2136040269046036,1.0320366659678268,-1.2185673328190658,-7.101691477648519,-221.36040269046035,57.108816876488916,-164.5143851035903,-340.70014701035,-0.058542926,0.44902667,1.0,-1.0,10,-2.2820542171259484,1.1203704035349817,-1.1818975621293961,-8.250733843023632,-228.2054217125948,51.08465490952432,-150.2348025730611,-294.37930707512936,-0.21477063952782213,0.6654062457872998,1.0,-1.0,0.10211941110083525,0.03175624429452147,0.15157447035379498,0.029183523153217848,0.10606564077074414,0.02776278867074724,0.15021376322882318,0.0555386274386615,0.13443513989073372,0.08283953573273468,0.28188625369607256,0.013490834574943657,0.13416739668763927,0.08566913971228755,0.2817905454679406,0.022543890377787264,0.10787053037953256,0.021328051106265088,0.14730533080960997,0.0570840574021615,0.11153256827691481,0.017244397998474117,0.14118555132970873,0.07931017739124252,0.0027272727272727275,0.052152034579139875,1.0,0.0,0.0,0.0,0.0,0.0,17.742163174686866,2.827077486712621,22.922631351267867,6.330251177421209,17.934942079186257,2.716335316322335,22.880932462588905,12.844629160466106,-0.9981818181818182,0.04260136186858175,0.0,-1.0,-1.0,0.0,-1.0,-1.0,2953.9896010487173,3409.1699288068526,24724.999207458124,739.4724308413906,1959.4187871921283,1151.166895413808,4659.686831794459,956.0726264306984,0.0,0.0,0,0,0.0,0.0,0,0,2.2136040269046036,1.0320366659678268,7.101691477648519,1.2185673328190658,1.9143958822894704,0.5253826637821866,3.060837642483464,1.3865554180266775,-221.36040269046035,1176004,298000,2980,36.77885722830251,23.92112284200266,18.706586500178673,79.40656657048385,19216.327444612914,297
22.930672,26.082771,176.94604,-177.95808,136.5453,-4.4653497,-416.80432,-177.94572,136.52277,-4.793502,-419.4998,-178.77008,136.90608,-5.0104814,-416.3721,22.930668,216.24811,2458.148,0.00011246302,26.082767,246.56633,2801.8943,0.0005210787,-0.052266207,0.7954755,1.0,-1.0,-2.784547216307768,0.6761373118222432,-2.093929928680823,-7.302307410876518,-278.4547216307767,33.00427052174553,-244.75437257814377,-372.45333165946676,-0.089118846,0.69086707,1.0,-1.0,10,-2.851250893480451,1.3729463897763634,-0.8268888263853973,-8.226717127640448,-285.1250893480451,83.83974345989319,-160.0429166309692,-414.7187713915538,-0.0003086277607255958,0.6285249353542208,1.0,-1.0,0.10309527631005456,0.04333200209524169,0.18167565379532305,0.02969921760882384,0.10646359676041108,0.04294227144929343,0.18167565379532305,0.04403158868693673,0.1053064573605365,0.046044678838609666,0.18970966101930029,0.03022243716739211,0.10499224988482973,0.04714425516166152,0.18970966101930029,0.03859387131675137,0.13309381210920365,0.032001355398587464,0.19122787396580118,0.05709155604958928,0.1390331495913354,0.030172854841156112,0.17938118740322678,0.0890055042463289,0.0,0.0,0.0,0.0,0.0,0.0,0.0,0.0,17.8812182702747,3.9706173131110902,25.38711828274406,9.59099924074578,18.17019112120678,4.164257992266822,24.511449983941453,12.419882733759538,-0.9990909090909091,0.030137426280455955,0.0,-1.0,-1.0,0.0,-1.0,-1.0,4066.8797466367187,2680.444769822141,26119.63245096001,2182.118429416985,3567.3956962018415,732.0090291678365,5494.652234088808,2802.6863625320902,0.0,0.0,0,0,0.0,0.0,0,0,2.7845472163077676,0.6761373118222432,7.302307410876518,2.093929928680823,2.6693092000287493,0.2623227429382558,3.3323177272269016,2.3748701557184995,-278.4547216307767,1180004,299000,2990,51.23790219184593,29.488364086006186,21.980260152864503,102.70652643071662,19316.21823696563,298
12.718395,13.065394,169.91832,-170.5285,125.99424,-7.2726345,-444.5925,-170.58008,125.97448,-7.103192,-446.0285,-170.66234,126.50755,-7.1521215,-445.9873,12.718397,68.345795,676.24756,8.61399e-05,13.065395,59.218575,471.72662,5.2311458e-05,0.030766074,0.80210304,1.0,-1.0,-2.3672643439379333,1.0471551710772666,-0.9556757679490633,-6.870087316900636,-236.72643439379343,74.6315110572406,-102.2079304099896,-363.952872008951,-0.10705801,0.609837,1.0,-1.0,10,-2.659705309928741,1.2431293968109782,-1.1177276215328438,-7.7328933387494185,-265.9705309928741,73.98418378885442,-171.6398744393594,-429.4478941389356,-0.038889658327029196,0.553764272018064,1.0,-1.0,0.10130810489063619,0.036705614635833925,0.17458042631430884,0.028358312600639944,0.10520302943730528,0.03386086324923835,0.1615068434292143,0.048250150725878675,0.1424396153855131,0.049388646924289216,0.2607592802671629,0.032523721306391244,0.14399036094148718,0.049247292117625185,0.2606901457335548,0.07166151292230759,0.11191927763713624,0.04072409400197564,0.21563201600985601,0.05713537835323311,0.11601078284747303,0.042067997389283546,0.21563201600985601,0.06571895190648379,0.0,0.0,0.0,0.0,0.0,0.0,0.0,0.0,18.384507869369706,3.1909592306647356,24.04571642263099,9.069513258274796,18.870447002707706,2.9503658238295274,23.5518445351379,14.273577862273646,-0.9990909090909091,0.030137426280455955,0.0,-1.0,-1.0,0.0,-1.0,-1.0,3312.4392729912743,3142.546410603862,23089.71981905252,454.8258806299938,2568.972672088912,1582.1299372082144,5737.7022916437345,473.86583785564756,0.0,0.0,0,0,0.0,0.0,0,0,2.3672643439379333,1.0471551710772666,6.870087316900637,0.9556757679490634,2.153080228041473,0.744395805054057,3.4060590049190327,0.9757266349765211,-236.72643439379343,1184004,300000,3000,43.55541733313294,26.700954463987728,20.696188521862496,90.95256031898316,19405.52619741961,299
10.168343,8.958577,177.87405,-179.43591,132.0955,-6.858871,-434.21222,-179.29317,132.22304,-6.2025356,-432.65552,-179.3527,132.3908,-6.8180833,-431.34967,10.168342,44.273933,435.47455,4.3451786e-05,8.958577,40.445683,413.55966,0.0003886558,-0.08805846,0.8142906,1.0,-1.0,-2.228511282222276,1.0893991699244527,-0.834889752442273,-8.001846409311261,-222.85112822222757,58.035184190176,-134.5969585921015,-309.040261636661,-0.11017374,0.71497184,1.0,-1.0,10,-2.4830442789595586,1.260048348797283,-1.1700956521497445,-8.363445189526399,-248.30442789595585,66.38430417357924,-136.53630742080904,-372.6442083394555,0.019276375240165757,0.6658867049807872,1.0,-1.0,0.11009079262707164,0.04169444704499123,0.1902498640386071,0.028867964477063912,0.11620328736443897,0.03978880514056971,0.1902498640386071,0.03847104080332646,0.13725741596047514,0.06783771551717598,0.2451453759856658,0.03245921433041644,0.13573424719723953,0.06883548610858144,0.24507832591491438,0.040815933695517885,0.11387266294772533,0.031044884677643565,0.1715656348463595,0.05663785176983463,0.12327782976859442,0.027358141419436814,0.1709447256865483,0.07868881067727211,0.0,0.0,0.0,0.0,0.0,0.0,0.0,0.0,19.370346543805947,3.012745500755739,23.665663022726985,10.57891383442488,19.87307187243932,2.8125966895466408,23.665663022726985,13.653353292589218,-1.0,0.0,-1.0,-1.0,-1.0,0.0,-1.0,-1.0,3038.4871992897483,3856.102688257077,31305.545410728057,347.2782924726613,2200.080181661347,1318.1046088399546,4459.352648447952,456.0110652988228,0.0,0.0,0,0,0.0,0.0,0,0,2.228511282222276,1.0893991699244527,8.001846409311261,0.834889752442273,1.9962073290934577,0.6818534623513379,3.005424958360628,0.9586989111244568,-222.85112822222757,1160004,294000,2940,46.88115174997074,25.919188736006618,20.644367257264093,93.44470774324145,18852.799329446694,293
10.168343,8.958577,177.87405,-179.43591,132.0955,-6.858871,-434.21222,-179.29317,132.22304,-6.2025356,-432.65552,-179.3527,132.3908,-6.8180833,-431.34967,10.168342,44.273933,435.47455,4.3451786e-05,8.958577,40.445683,413.55966,0.0003886558,-0.08805846,0.8142906,1.0,-1.0,-2.228511282222276,1.0893991699244527,-0.834889752442273,-8.001846409311261,-222.85112822222757,58.035184190176,-134.5969585921015,-309.040261636661,-0.11017374,0.71497184,1.0,-1.0,10,-2.4830442789595586,1.260048348797283,-1.1700956521497445,-8.363445189526399,-248.30442789595585,66.38430417357924,-136.53630742080904,-372.6442083394555,0.019276375240165757,0.6658867049807872,1.0,-1.0,0.11009079262707164,0.04169444704499123,0.1902498640386071,0.028867964477063912,0.11620328736443897,0.03978880514056971,0.1902498640386071,0.03847104080332646,0.13725741596047514,0.06783771551717598,0.2451453759856658,0.03245921433041644,0.13573424719723953,0.06883548610858144,0.24507832591491438,0.040815933695517885,0.11387266294772533,0.031044884677643565,0.1715656348463595,0.05663785176983463,0.12327782976859442,0.027358141419436814,0.1709447256865483,0.07868881067727211,0.0,0.0,0.0,0.0,0.0,0.0,0.0,0.0,19.370346543805947,3.012745500755739,23.665663022726985,10.57891383442488,19.87307187243932,2.8125966895466408,23.665663022726985,13.653353292589218,-1.0,0.0,-1.0,-1.0,-1.0,0.0,-1.0,-1.0,3038.4871992897483,3856.102688257077,31305.545410728057,347.2782924726613,2200.080181661347,1318.1046088399546,4459.352648447952,456.0110652988228,0.0,0.0,0,0,0.0,0.0,0,0,2.228511282222276,1.0893991699244527,8.001846409311261,0.834889752442273,1.9962073290934577,0.6818534623513379,3.005424958360628,0.9586989111244568,-222.85112822222757,1160004,294000,2940,46.88115174997074,25.919188736006618,20.644367257264093,93.44470774324145,18852.799329446694,293
12.718395,13.065394,169.91832,-170.5285,125.99424,-7.2726345,-444.5925,-170.58008,125.97448,-7.103192,-446.0285,-170.66234,126.50755,-7.1521215,-445.9873,12.718397,68.345795,676.24756,8.61399e-05,13.065395,59.218575,471.72662,5.2311458e-05,0.030766074,0.80210304,1.0,-1.0,-2.3672643439379333,1.0471551710772666,-0.9556757679490633,-6.870087316900636,-236.72643439379343,74.6315110572406,-102.2079304099896,-363.952872008951,-0.10705801,0.609837,1.0,-1.0,10,-2.659705309928741,1.2431293968109782,-1.1177276215328438,-7.7328933387494185,-265.9705309928741,73.98418378885442,-171.6398744393594,-429.4478941389356,-0.038889658327029196,0.553764272018064,1.0,-1.0,0.10130810489063619,0.036705614635833925,0.17458042631430884,0.028358312600639944,0.10520302943730528,0.03386086324923835,0.1615068434292143,0.048250150725878675,0.1424396153855131,0.049388646924289216,0.2607592802671629,0.032523721306391244,0.14399036094148718,0.049247292117625185,0.2606901457335548,0.07166151292230759,0.11191927763713624,0.04072409400197564,0.21563201600985601,0.05713537835323311,0.11601078284747303,0.042067997389283546,0.21563201600985601,0.06571895190648379,0.0,0.0,0.0,0.0,0.0,0.0,0.0,0.0,18.384507869369706,3.1909592306647356,24.04571642263099,9.069513258274796,18.870447002707706,2.9503658238295274,23.5518445351379,14.273577862273646,-0.9990909090909091,0.030137426280455955,0.0,-1.0,-1.0,0.0,-1.0,-1.0,3312.4392729912743,3142.546410603862,23089.71981905252,454.8258806299938,2568.972672088912,1582.1299372082144,5737.7022916437345,473.86583785564756,0.0,0.0,0,0,0.0,0.0,0,0,2.3672643439379333,1.0471551710772666,6.870087316900637,0.9556757679490634,2.153080228041473,0.744395805054057,3.4060590049190327,0.9757266349765211,-236.72643439379343,1184004,300000,3000,43.55541733313294,26.700954463987728,20.696188521862496,90.95256031898316,19405.52619741961,299
