QF1 Loss,QF2 Loss,Policy Loss,Q1 Predictions Mean,Q1 Predictions Std,Q1 Predictions Max,Q1 Predictions Min,Q2 Predictions Mean,Q2 Predictions Std,Q2 Predictions Max,Q2 Predictions Min,Q Targets Mean,Q Targets Std,Q Targets Max,Q Targets Min,Bellman Errors 1 Mean,Bellman Errors 1 Std,Bellman Errors 1 Max,Bellman Errors 1 Min,Bellman Errors 2 Mean,Bellman Errors 2 Std,Bellman Errors 2 Max,Bellman Errors 2 Min,Policy Action Mean,Policy Action Std,Policy Action Max,Policy Action Min,Test Rewards Mean,Test Rewards Std,Test Rewards Max,Test Rewards Min,Test Returns Mean,Test Returns Std,Test Returns Max,Test Returns Min,Test Actions Mean,Test Actions Std,Test Actions Max,Test Actions Min,Num Paths,Exploration Rewards Mean,Exploration Rewards Std,Exploration Rewards Max,Exploration Rewards Min,Exploration Returns Mean,Exploration Returns Std,Exploration Returns Max,Exploration Returns Min,Exploration Actions Mean,Exploration Actions Std,Exploration Actions Max,Exploration Actions Min,touch_distance Mean,touch_distance Std,touch_distance Max,touch_distance Min,Final touch_distance Mean,Final touch_distance Std,Final touch_distance Max,Final touch_distance Min,hand_success Mean,hand_success Std,hand_success Max,hand_success Min,Final hand_success Mean,Final hand_success Std,Final hand_success Max,Final hand_success Min,obj_success Mean,obj_success Std,obj_success Max,obj_success Min,Final obj_success Mean,Final obj_success Std,Final obj_success Max,Final obj_success Min,hand_and_obj_success Mean,hand_and_obj_success Std,hand_and_obj_success Max,hand_and_obj_success Min,Final hand_and_obj_success Mean,Final hand_and_obj_success Std,Final hand_and_obj_success Max,Final hand_and_obj_success Min,touch_success Mean,touch_success Std,touch_success Max,touch_success Min,Final touch_success Mean,Final touch_success Std,Final touch_success Max,Final touch_success Min,hand_distance Mean,hand_distance Std,hand_distance Max,hand_distance Min,Final hand_distance Mean,Final hand_distance Std,Final hand_distance Max,Final hand_distance Min,obj_distance Mean,obj_distance Std,obj_distance Max,obj_distance Min,Final obj_distance Mean,Final obj_distance Std,Final obj_distance Max,Final obj_distance Min,hand_and_obj_distance Mean,hand_and_obj_distance Std,hand_and_obj_distance Max,hand_and_obj_distance Min,Final hand_and_obj_distance Mean,Final hand_and_obj_distance Std,Final hand_and_obj_distance Max,Final hand_and_obj_distance Min,total_pickups Mean,total_pickups Std,total_pickups Max,total_pickups Min,Final total_pickups Mean,Final total_pickups Std,Final total_pickups Max,Final total_pickups Min,image_dist Mean,image_dist Std,image_dist Max,image_dist Min,Final image_dist Mean,Final image_dist Std,Final image_dist Max,Final image_dist Min,image_success Mean,image_success Std,image_success Max,image_success Min,Final image_success Mean,Final image_success Std,Final image_success Max,Final image_success Min,vae_dist Mean,vae_dist Std,vae_dist Max,vae_dist Min,Final vae_dist Mean,Final vae_dist Std,Final vae_dist Max,Final vae_dist Min,AverageReturn,Number of train steps total,Number of env steps total,Number of rollouts total,Train Time (s),(Previous) Eval Time (s),Sample Time (s),Epoch Time (s),Total Train Time (s),Epoch
43.013992,43.038002,0.030045573,-0.0025834793,0.0015710061,0.0011933984,-0.0064012096,-0.0005987366,0.0016329633,0.0037653458,-0.004651005,-6.037174,2.5682855,-0.0025070522,-10.017326,43.013992,25.245161,100.313126,4.6949868e-08,43.038002,25.253544,100.348564,2.390709e-07,0.00019316227,0.0019519215,0.005504863,-0.004435527,-4.888252,1.1973058,-2.7274523,-8.610314,-488.82516,107.75712,-334.1628,-701.613,0.012475133,0.04380129,0.05880478,-0.06578069,10,-7.559460818022352,1.121570777704884,-3.842586127438169,-10.382877404881185,-755.9460818022351,86.49464551078272,-664.2354998004372,-940.092224311437,0.004563202153797695,0.38692836721739937,1.0,-1.0,0.2313570023500488,0.023935399096379584,0.2887492423369994,0.1944900379900123,0.2376462634201779,0.02317157463143171,0.27172927235366945,0.2060391680921174,0.1318181818181818,0.3382929924789022,1.0,0.0,0.09090909090909091,0.2874797872880344,1.0,0.0,0.0,0.0,0.0,0.0,0.0,0.0,0.0,0.0,0.0,0.0,0.0,0.0,0.0,0.0,0.0,0.0,0.0,0.0,0.0,0.0,0.0,0.0,0.0,0.0,0.131742017511443,0.05548025641131449,0.24433575104403052,0.015026295096898045,0.12219064456097416,0.05946024582275237,0.24433575104403052,0.05724850295564727,0.23508210808197966,0.0461296771524259,0.326846935351468,0.1578768955986554,0.23508208838570102,0.04612967562549751,0.32684411295845345,0.1578768955986554,0.3668241255934227,0.07839614898657438,0.48085879365558776,0.17290319069555343,0.35727273294667516,0.07547925403789067,0.47016603131860224,0.21963652429648683,0.0,0.0,0,0,0.0,0.0,0,0,16.501433312567265,3.644384336138503,22.785870825265096,8.296334010642752,18.050673916040168,3.0889672931479426,22.785870825265096,10.928779258029783,-0.9236363636363636,0.26557904925833037,0.0,-1.0,-1.0,0.0,-1.0,-1.0,4.888252,1.1973058,8.610314,2.7274523,5.1597023,1.2828017,8.610314,3.7985995,-488.82516,4,4000,40,0.014104444766417146,0.06148306303657591,2.7152832886204123,2.7908707964234054,25.383606060175225,3
40.29502,40.652287,0.282665,-0.1869836,0.026564289,-0.13379614,-0.27257663,-0.15591127,0.023602016,-0.10675361,-0.21683295,-5.9262605,2.701018,-0.004083307,-10.424058,40.29502,25.931122,104.77107,0.013074881,40.652287,26.096195,105.17009,0.01856427,0.011900822,0.038095895,0.061770875,-0.06575435,-3.8941948,1.0434597,-1.3765938,-6.1626062,-389.41946,95.22915,-182.41542,-546.74304,-0.076667815,0.38997284,0.9999984,-0.99999976,10,-6.427506493948689,0.8262212602731839,-4.236313089022286,-9.105285685643073,-642.7506493948689,71.83011316130003,-516.6219991005295,-785.5616962558558,0.09992173603072041,0.6255012903958942,1.0,-1.0,0.3038252491383664,0.10628867017784588,0.449738875175185,0.09650128586077458,0.3232331981014172,0.10622648766235114,0.44477757091652076,0.11098426145907236,0.2781818181818182,0.4481034414227099,1.0,0.0,0.18181818181818182,0.38569460791993493,1.0,0.0,0.0,0.0,0.0,0.0,0.0,0.0,0.0,0.0,0.0,0.0,0.0,0.0,0.0,0.0,0.0,0.0,0.0,0.0,0.0,0.0,0.0,0.0,0.0,0.0,0.10977379483277114,0.06039190451248004,0.22999612339906989,0.01124933726375459,0.1353776987007092,0.06562413130308582,0.22999612339906989,0.026289154407651002,0.25449627522211804,0.08616943323620142,0.4012559863669647,0.061176456461212475,0.2544962600097972,0.08616943252250973,0.40125517690115786,0.061176456461212475,0.36427007005488915,0.1038682790306591,0.5650121845404422,0.08278729727570781,0.3898739587105064,0.11169347652606874,0.5495342600356363,0.09483174357847868,0.0,0.0,0,0,0.0,0.0,0,0,12.37031644408519,2.8414509983461236,22.903925849082494,5.32166399267217,13.530629083772624,3.358760799582657,21.1855053348683,7.9991358625948275,-0.8027272727272727,0.3979399431410567,0.0,-1.0,-0.9090909090909091,0.28747978728803447,0.0,-1.0,3.8941948,1.0434597,6.1626062,1.376594,4.337004,0.9666062,6.160635,2.2161093,-389.41946,4004,5000,50,9.439763465547003,2.952220211038366,3.0845805999124423,15.476564276497811,40.77991317876149,4
2.5108254,2.7036471,38.741604,-40.99737,22.814383,-0.96862984,-80.140526,-41.025894,22.717684,-0.5912499,-79.32953,-40.670193,22.778316,-0.7153766,-79.34737,2.5108252,5.3165464,40.821953,9.6675736e-05,2.7036471,6.4128585,57.37844,0.00017653349,0.024084808,0.7816435,1.0,-1.0,-3.3941393,1.1106156,-0.922643,-6.3458767,-339.41397,101.37682,-149.00677,-508.61172,-0.015125482,0.47684807,1.0,-1.0,10,-6.423900868601411,1.152272634191521,-4.43690693681771,-9.383363245188256,-642.3900868601411,107.13348055873908,-525.486228865833,-875.3018374312514,-0.006813021938157949,0.6571640596706053,1.0,-1.0,0.2322983042890926,0.07684164820424395,0.3419731336302127,0.08650179818389493,0.24401927228788936,0.0745000569083305,0.3419731336302127,0.1307681879717868,0.08818181818181818,0.2835591386712249,1.0,0.0,0.09090909090909091,0.2874797872880344,1.0,0.0,0.2727272727272727,0.4453617714151233,1.0,0.0,0.2727272727272727,0.4453617714151233,1.0,0.0,0.0,0.0,0.0,0.0,0.0,0.0,0.0,0.0,0.0,0.0,0.0,0.0,0.0,0.0,0.0,0.0,0.13169596675368048,0.06913312502901693,0.28006447788219463,0.045695061138199426,0.14347982568022358,0.07705957866463507,0.28006447788219463,0.057387905182117734,0.18780732418933627,0.11090614270321113,0.3877976368172889,0.023622819949887592,0.18780730719656027,0.1109061342457058,0.3877958166397502,0.023622819949887592,0.3195032909430167,0.12916359727842935,0.5856056343982224,0.09587832533667878,0.33128713287678385,0.1195491764784811,0.5787099603222993,0.16999775467153883,0.0,0.0,0,0,0.0,0.0,0,0,12.195343203579135,3.0042993289011473,24.646524710702387,5.258447735545763,13.123998251325634,2.8681479458714407,18.599265776581408,10.321286276607722,-0.8336363636363636,0.3724067357869674,0.0,-1.0,-1.0,0.0,-1.0,-1.0,3.3941393,1.1106156,6.3458767,0.922643,3.6540651,1.0562447,5.733359,1.9278034,-339.41397,8004,6000,60,9.232737281243317,2.871577725978568,3.0039977696724236,15.108312776894309,55.936650405521505,5
4.9708147,5.1053476,71.31648,-74.494095,46.780033,2.8786168,-157.54395,-74.42916,46.709984,3.7729943,-155.16322,-74.51847,46.789055,3.967625,-156.2099,4.9708147,9.020726,71.08536,0.0025926046,5.105347,9.754213,66.53898,4.495284e-05,-0.04127416,0.8052299,1.0,-1.0,-3.3948526,0.75557584,-1.7327305,-6.867063,-339.48523,50.676086,-248.79541,-416.76828,-0.16246924,0.5122648,1.0,-1.0,10,-6.878430797284949,1.135183642492427,-4.649258629115981,-10.384564875469465,-687.843079728495,99.66127991386064,-577.5699764945786,-919.0243567213538,0.015933753281126818,0.6122024412272957,1.0,-1.0,0.2555162681329987,0.08428872111612738,0.4413926307319135,0.11326955518354906,0.2685954409829169,0.08429272083709213,0.4413153722535898,0.13195726608169003,0.24,0.4270831300812524,1.0,0.0,0.18181818181818182,0.38569460791993493,1.0,0.0,0.0,0.0,0.0,0.0,0.0,0.0,0.0,0.0,0.0,0.0,0.0,0.0,0.0,0.0,0.0,0.0,0.0,0.0,0.0,0.0,0.0,0.0,0.0,0.0,0.12751336715274078,0.08103635286892583,0.34023567259712706,0.00833215419074668,0.1442776532157037,0.09223758533167303,0.34023567259712706,0.04168070489101135,0.1933737982993201,0.05565706566236059,0.32220988982078175,0.1055090739032383,0.19337377881171428,0.055657062009938474,0.32220737680730244,0.1055090739032383,0.3208871654520609,0.10959594753099991,0.5275855829721152,0.1510652280762074,0.337651432027418,0.11539122120609681,0.5275855829721152,0.16722647586337658,0.0,0.0,0,0,0.0,0.0,0,0,11.849135909736011,2.5449825021264476,24.07707986243427,6.472415665892863,13.083242035830425,2.8986998259794827,21.096432987913698,9.821234125808264,-0.73,0.4439594576084623,0.0,-1.0,-0.9090909090909091,0.28747978728803447,0.0,-1.0,3.3948526,0.75557584,6.8670626,1.7327306,3.8140724,0.94432354,6.5698185,2.9056199,-339.48523,12004,7000,70,10.386534952791408,2.919248476973735,3.1884833570802584,16.4942667868454,72.41052964306436,6
7.004306,8.099232,98.20976,-100.7991,68.500565,6.2933125,-221.89546,-100.914276,68.57727,5.3643947,-222.60202,-100.70642,68.60524,4.662155,-224.96239,7.0043054,12.502439,93.187775,0.00011880005,8.099232,13.99836,102.56213,2.7964256e-07,-0.2192665,0.78456247,1.0,-1.0,-3.5640757,0.9943091,-1.5896422,-8.839434,-356.40753,75.559166,-195.20343,-462.70877,-0.19218527,0.5972426,1.0,-1.0,10,-6.388195348248946,1.076231944734682,-3.763425044786024,-9.055188295490762,-638.8195348248945,100.15757411278915,-448.7296632125119,-823.3436447780091,-0.053949743956611666,0.5855854435230087,1.0,-1.0,0.2484490543261816,0.08429623423152457,0.44103498264536467,0.07846207917532846,0.26048346316038007,0.09312448759603037,0.4410227923222183,0.1375594249948214,0.15818181818181817,0.36491140099825936,1.0,0.0,0.09090909090909091,0.28747978728803447,1.0,0.0,0.0,0.0,0.0,0.0,0.0,0.0,0.0,0.0,0.0,0.0,0.0,0.0,0.0,0.0,0.0,0.0,0.0,0.0,0.0,0.0,0.0,0.0,0.0,0.0,0.10396409011276944,0.04058261184965387,0.21522920780456886,0.017555950944858015,0.11030171623078151,0.048023989349943605,0.21073898206537692,0.041887871791197163,0.251986009561955,0.06808588780782368,0.33986427754709275,0.12288310966456024,0.25197878336239304,0.06808047948160914,0.3398618950740579,0.12288310966456024,0.3559500996747244,0.07894087010706059,0.542321318922334,0.1870881107392917,0.3622804995931746,0.08314324271436806,0.5153517890252637,0.1870881107392917,0.0,0.0,0,0,0.0,0.0,0,0,13.294268649134796,3.4759438040844435,27.370520178758472,6.025514123597395,14.888246155697281,3.5613604322479873,20.21162166018758,10.259447873308233,-0.8854545454545455,0.3184725944071636,0.0,-1.0,-1.0,0.0,-1.0,-1.0,3.5640757,0.9943091,8.839435,1.5896422,4.0369945,1.13202,5.9449844,2.0426676,-356.40753,16004,8000,80,9.575958194211125,2.90046585095115,3.062066935468465,15.53849098063074,88.14300567971077,7
9.646284,7.6090236,123.18139,-126.35193,87.50887,5.282839,-311.25394,-125.969284,87.28425,6.481816,-306.68686,-125.76093,87.39246,5.258956,-312.816,9.646284,15.726577,96.679344,0.0005703913,7.6090236,12.11817,86.37345,0.005447016,0.017389826,0.7908984,1.0,-1.0,-3.433034,1.210931,-0.7797161,-7.0312033,-343.3034,97.670425,-223.95865,-542.01227,-0.057667665,0.66916084,1.0,-1.0,10,-6.326803924267627,1.3168904681902793,-3.9953677296607952,-9.047090158228919,-632.6803924267628,118.50203919528819,-491.07545100093427,-798.7652585474304,0.08677703396493469,0.5690461051451553,1.0,-1.0,0.2713191894597542,0.09994927703632622,0.44743801754667506,0.06743685145973473,0.2854411440615782,0.1084519517934365,0.44696278827181296,0.06743685145973473,0.10727272727272727,0.3094596730693651,1.0,0.0,0.18181818181818182,0.385694607919935,1.0,0.0,0.18181818181818182,0.38569460791993504,1.0,0.0,0.18181818181818182,0.38569460791993493,1.0,0.0,0.0,0.0,0.0,0.0,0.0,0.0,0.0,0.0,0.0,0.0,0.0,0.0,0.0,0.0,0.0,0.0,0.12166564684874678,0.06401494463202305,0.265092080688826,0.006617065011737277,0.138095990712066,0.07289178183601695,0.253187463026027,0.047512215442339356,0.17960718847696922,0.08610159409816924,0.31332423031856116,0.04258326596534959,0.17960716938665963,0.08610158882296413,0.3133217992709235,0.04258326596534959,0.301272835325716,0.11011552039247484,0.5588657514785285,0.14464951563305922,0.3177031600987256,0.1183736906383926,0.5469611338157294,0.14464951563305922,0.0,0.0,0,0,0.0,0.0,0,0,11.945539758868085,3.4695583632674034,23.644606577885604,4.505488131016578,12.865312516423291,4.277688515867229,22.20866579966719,8.892876940816508,-0.6527272727272727,0.4761033292944813,0.0,-1.0,-0.5454545454545454,0.49792959773196915,0.0,-1.0,3.433034,1.210931,7.0312033,0.7797161,3.9760492,1.4852531,7.0312033,2.0883815,-343.3034,20004,9000,90,10.98085400252603,3.0926769349025562,3.2896571663441136,17.3631881037727,105.50672503036913,8
12.823645,12.996857,149.87668,-152.49203,109.37819,6.817911,-352.58575,-152.5662,109.02295,4.10492,-354.89035,-153.15695,109.563416,3.922834,-349.61545,12.823645,24.76109,187.92998,0.00021457672,12.996857,24.061132,134.76837,0.0012674072,0.022774851,0.7999759,1.0,-1.0,-2.9396157,1.0853204,-1.0564094,-7.1592965,-293.9616,77.98953,-202.24521,-442.36215,-0.07169952,0.57504576,1.0,-1.0,10,-6.421003139788816,1.1892235621434841,-4.426626172265126,-9.405404692603131,-642.1003139788817,109.47409258202553,-498.18011955655,-808.160760612423,0.1269980456689127,0.5613794124704995,1.0,-1.0,0.21818054146447502,0.08804342329465453,0.4055069251417804,0.07530941304493444,0.23800474764828194,0.094790280399703,0.40395968111119657,0.12767946509124176,0.09090909090909091,0.28747978728803447,1.0,0.0,0.0,0.0,0.0,0.0,0.0,0.0,0.0,0.0,0.0,0.0,0.0,0.0,0.0,0.0,0.0,0.0,0.0,0.0,0.0,0.0,0.0,0.0,0.0,0.0,0.0,0.0,0.0,0.0,0.1333932031430259,0.05910313868701377,0.3085154490569131,0.02544136595817668,0.15952104849702298,0.07047695568769513,0.3085154490569131,0.06486607078841365,0.15281407928571822,0.06362171545697776,0.25263295062601293,0.06522411600467923,0.15281405692005226,0.0636217088457299,0.25262997367480544,0.06522411600467923,0.28620728242874416,0.08118127488712501,0.47308321919726537,0.10821636771358323,0.31233510541707526,0.08339033799009568,0.4714672301901579,0.17205132687216745,0.0,0.0,0,0,0.0,0.0,0,0,12.135215801175958,3.355315316056706,24.645101393250208,6.788632876520864,13.689195503257976,4.088741092755862,23.035938023005905,8.01385382530841,-0.7181818181818181,0.44988520115122266,0.0,-1.0,-0.9090909090909091,0.28747978728803447,0.0,-1.0,2.9396155,1.0853202,7.159297,1.0564094,3.4600885,1.6483498,7.159297,1.0564094,-293.9616,24004,10000,100,9.994302779086865,3.0938677900703624,3.220441018929705,16.308611588086933,121.62999469740316,9
10.525854,11.796129,169.71985,-172.76004,118.21028,18.549772,-412.32303,-171.9163,117.39419,18.88649,-412.30774,-172.41435,117.69223,16.304876,-413.72702,10.525854,21.076061,135.47005,0.005188193,11.796129,18.828295,91.63528,0.00016117096,0.023057604,0.76742285,1.0,-1.0,-3.6817205,1.4209148,-0.7367845,-8.248253,-368.172,115.0115,-218.57176,-572.74854,0.023346083,0.602943,1.0,-1.0,10,-6.365980227176893,1.1400673868912603,-3.7477236650063412,-9.136570198146721,-636.5980227176894,104.05441929976607,-421.5354885135237,-846.5956321067869,0.12242300407739985,0.5626995219412521,1.0,-1.0,0.24179520729320272,0.08836414715540235,0.3991853244014532,0.06706609507040653,0.24844579442200176,0.09697359574823915,0.3975362549102771,0.07352506998939272,0.12181818181818181,0.3270756982667685,1.0,0.0,0.09090909090909091,0.2874797872880344,1.0,0.0,0.0018181818181818182,0.04260136186858175,1.0,0.0,0.0,0.0,0.0,0.0,0.0,0.0,0.0,0.0,0.0,0.0,0.0,0.0,0.0,0.0,0.0,0.0,0.0,0.0,0.0,0.0,0.13844238411231236,0.07670581373938196,0.337111941443962,0.02420279977413121,0.16229396456069278,0.0955709405732389,0.337111941443962,0.024830351003641966,0.2136934204624427,0.10812201742254778,0.3531947387036575,0.05962271052973159,0.2135010749162939,0.10837994610161832,0.3531923067144828,0.060122536277735276,0.352135804574755,0.10604442417981427,0.6192607316774628,0.12391610544059753,0.3757950394769867,0.12086562256505241,0.6192607316774628,0.1460111227534239,0.0,0.0,0,0,0.0,0.0,0,0,13.071533997195814,4.944188456300815,27.860166844048855,5.382516873106238,15.57752520107573,6.12718819839064,24.7342314787325,7.817248449291774,-0.6309090909090909,0.48255860775387205,0.0,-1.0,-0.7272727272727273,0.4453617714151233,0.0,-1.0,3.6817205,1.4209148,8.248253,0.7367845,4.4333143,1.7539092,7.312144,2.1081913,-368.172,28004,11000,110,9.555119933909737,2.9082554500782862,3.103795241797343,15.567170625785366,137.20479505707044,10
11.230036,11.364587,187.15202,-188.27063,131.3367,13.893021,-406.759,-187.45813,130.72856,14.1813755,-397.2985,-188.66327,131.48376,14.496536,-411.70795,11.230036,16.07819,95.86398,0.00018775556,11.364587,21.449593,207.63237,0.0033620745,-0.023227042,0.79449975,1.0,-1.0,-2.9200656,1.1608139,-0.5884063,-7.7087097,-292.0066,108.654945,-173.16072,-505.40338,-0.020395884,0.5671808,1.0,-1.0,10,-5.761644403350171,0.7636956095257743,-3.7304970388144856,-8.392992106719248,-576.1644403350169,42.72385718328212,-520.6807034177339,-668.8263760309292,0.12159534950715854,0.6025573965671409,1.0,-1.0,0.232865980558552,0.0820958738082646,0.36252976434924217,0.05969658722844649,0.23216918708521578,0.08036792942019338,0.36066919300380473,0.09304945820424726,0.24727272727272728,0.43142661672622223,1.0,0.0,0.18181818181818182,0.38569460791993493,1.0,0.0,0.0,0.0,0.0,0.0,0.0,0.0,0.0,0.0,0.0,0.0,0.0,0.0,0.0,0.0,0.0,0.0,0.0009090909090909091,0.030137426280455955,1.0,0.0,0.0,0.0,0.0,0.0,0.12553736097110368,0.0813337150803163,0.28179840742331663,0.008032904435401562,0.13031552528768933,0.0784681596726076,0.27773106989214985,0.021433497492406698,0.2385665797216826,0.08225505360863765,0.36266176173019665,0.07088373403979792,0.23918528377059445,0.08112611854897327,0.36266017936322575,0.09946900858989874,0.36410394069278634,0.12819502922305215,0.6043275509498047,0.12826324323412458,0.36950080905828386,0.11774481631414571,0.5707256764364012,0.19700990883945435,0.0,0.0,0,0,0.0,0.0,0,0,12.188262363280318,4.38836730056275,26.797102278113066,5.215805689330311,11.976781501769521,4.307251513377835,20.90950090244229,6.651341092697847,-0.6527272727272727,0.4761033292944813,0.0,-1.0,-0.7272727272727273,0.4453617714151233,0.0,-1.0,2.9200656,1.1608139,7.7087097,0.5884063,2.979561,1.0617902,4.8583093,1.6318836,-292.0066,32004,12000,120,9.565969105809927,2.9166624998906627,3.093938212026842,15.576569817727432,152.77589502790943,11
14.221865,14.129736,207.0089,-208.90305,146.3112,-4.956481,-467.89044,-207.6882,146.4208,-5.6086516,-461.72455,-208.74722,146.19862,-4.526626,-459.60147,14.221863,23.688997,121.621155,0.0004079924,14.129736,23.445967,161.20685,0.00079514086,-0.042456556,0.7849558,1.0,-1.0,-3.4428961,1.3641651,-0.7431757,-7.1656528,-344.28955,113.38174,-173.62164,-526.65247,-0.13547988,0.5564105,1.0,-1.0,10,-6.1458323401668045,0.7194100887922845,-3.95155475568568,-8.052608635505566,-614.5832340166804,44.38519162575039,-512.385333154403,-666.2771258707489,0.082787585252983,0.5712521932389968,1.0,-1.0,0.25399089001828934,0.07994256032738875,0.3958783222628896,0.12141865186005707,0.2732542281496089,0.08511412420952658,0.3958783222628896,0.12923825206544493,0.09545454545454546,0.29384175197989065,1.0,0.0,0.09090909090909091,0.28747978728803447,1.0,0.0,0.18181818181818182,0.38569460791993504,1.0,0.0,0.18181818181818182,0.38569460791993493,1.0,0.0,0.004545454545454545,0.06726658448613064,1.0,0.0,0.0,0.0,0.0,0.0,0.0,0.0,0.0,0.0,0.0,0.0,0.0,0.0,0.12892965096468256,0.08266999166384431,0.3494187507717764,0.030580971162799245,0.1505363452840239,0.09181791047326285,0.3465271064229733,0.03586416379879065,0.1697546021687626,0.10995433260900689,0.36953738131395697,0.004693364335943578,0.16975457935186092,0.10995433459606842,0.3695353308983021,0.004693364335943578,0.29868425313344515,0.1177706212998791,0.4983616549726012,0.053614522042858215,0.32029092463588477,0.1186791974346177,0.48117680767564475,0.11122811957130418,0.0,0.0,0,0,0.0,0.0,0,0,12.866334762444755,3.138862461663582,26.180261750870606,5.208520804007832,13.96497786366555,2.55882319320049,18.57516707832522,10.159596876302022,-0.8390909090909091,0.3674470783281598,0.0,-1.0,-1.0,0.0,-1.0,-1.0,3.4428961,1.3641651,7.1656528,0.74317575,3.9749327,1.3558898,6.988465,2.206512,-344.28955,36004,13000,130,9.572106363484636,2.9100399260642007,3.105738997575827,15.587885287124664,168.3489222950302,12
14.265405,13.971941,218.90091,-220.06094,151.08472,8.748136,-484.80908,-219.86703,150.8315,10.131357,-487.72214,-220.93086,151.65604,11.858263,-488.1294,14.265405,28.979893,236.25739,1.5498139e-05,13.97194,29.363573,258.65527,0.0007913805,-0.0042064134,0.7864445,1.0,-1.0,-3.460475,1.1628562,-1.1057662,-7.1291504,-346.0475,99.39488,-195.3965,-556.7575,0.13935927,0.69663316,1.0,-1.0,10,-6.338692833189164,0.8700870560521199,-4.817021138507329,-8.66836630648875,-633.8692833189164,65.2252559703499,-533.9933099568784,-759.4545989917884,0.11539999432136884,0.5748271064151612,1.0,-1.0,0.24896785335078775,0.08469425851865883,0.42342153540690514,0.08543379879517621,0.2779061021522602,0.08074195638123989,0.4076031212040511,0.12588947425471336,0.2718181818181818,0.44489668222098455,1.0,0.0,0.2727272727272727,0.4453617714151233,1.0,0.0,0.0,0.0,0.0,0.0,0.0,0.0,0.0,0.0,0.0,0.0,0.0,0.0,0.0,0.0,0.0,0.0,0.0,0.0,0.0,0.0,0.0,0.0,0.0,0.0,0.1290856266155962,0.08580373764491117,0.3687536411999859,0.010844768634565127,0.16595998501226783,0.10705333596179152,0.3687536411999859,0.04989943395282665,0.21756926831099654,0.04807368366961677,0.26871374708828943,0.13044260731242707,0.21747872966731488,0.04820989343992653,0.26871080164386296,0.13775918788777447,0.3466548949265927,0.08124257160389646,0.5245513134015521,0.20191717804076115,0.3834387146795828,0.09213931758074019,0.5245513134015521,0.21243494339321384,0.0,0.0,0,0,0.0,0.0,0,0,11.778436292042512,3.5125211597732244,23.59700356973749,5.262635515062611,13.501590988206523,4.101245255304602,23.484507150982914,9.54633210963273,-0.6990909090909091,0.45865325673907015,0.0,-1.0,-0.9090909090909091,0.28747978728803447,0.0,-1.0,3.460475,1.1628562,7.1291504,1.1057662,4.027777,1.3035679,6.9036374,2.4635417,-346.0475,40004,14000,140,9.865555158699863,2.8951023620320484,3.106836100574583,15.867493621306494,184.23356729140505,13
11.8165,16.037014,234.74522,-237.81577,163.0041,4.0202775,-502.31433,-238.08835,163.30524,3.5521781,-497.66226,-236.80115,162.62161,2.4290428,-498.19766,11.816501,25.693558,188.42334,0.0001770407,16.037014,31.219566,220.32332,0.0041169478,0.017962012,0.80723083,1.0,-1.0,-4.1364675,1.1619514,-1.7373147,-6.765056,-413.6467,88.608925,-271.1756,-534.09924,0.16673109,0.63475025,1.0,-1.0,10,-6.306040168065594,0.8961365105023538,-3.840669821537268,-8.33978412463807,-630.6040168065595,71.53883363027919,-455.94590490928476,-733.1669258861665,0.12621647785729156,0.5766845842240305,1.0,-1.0,0.23723168717149024,0.06227512130221929,0.3838460262085112,0.06374273176767094,0.24942829673996555,0.08773164308116567,0.3838460262085112,0.06374273176767094,0.24363636363636362,0.429275769116326,1.0,0.0,0.18181818181818182,0.38569460791993493,1.0,0.0,0.0,0.0,0.0,0.0,0.0,0.0,0.0,0.0,0.0,0.0,0.0,0.0,0.0,0.0,0.0,0.0,0.0,0.0,0.0,0.0,0.0,0.0,0.0,0.0,0.12489145926902112,0.07369792051373915,0.31591895200456477,0.014008149696389619,0.18878185025395905,0.08712785935175577,0.31591895200456477,0.03432385720455804,0.1842490974637917,0.05680508612893533,0.3240044935270378,0.11096089895782545,0.18719193849863613,0.06274983945444201,0.3240044935270378,0.11096089895782545,0.3091405567328128,0.09130894708820915,0.6008009736320776,0.12496904865421507,0.37597378875259524,0.11178864343607928,0.6008009736320776,0.22084349709308482,0.0,0.0,0,0,0.0,0.0,0,0,13.64937080216507,3.550796453042699,26.245463312406795,5.825888477089288,16.21974310363314,3.1812744078835244,21.61272390697132,10.615930373777152,-0.8318181818181818,0.3740276650394674,0.0,-1.0,-1.0,0.0,-1.0,-1.0,4.1364675,1.1619514,6.7650557,1.7373146,5.1618376,0.97656375,6.605124,3.3555017,-413.6467,44004,15000,150,9.644067271729,2.9137811330147088,3.1340596901718527,15.691908094915561,199.93051633506548,14
16.020523,11.366232,250.20883,-253.0969,177.02573,7.118459,-541.15894,-252.68211,176.73553,5.7773013,-539.1427,-252.44829,176.25023,6.464119,-534.95013,16.020523,30.347364,202.07047,0.01061768,11.366232,21.83381,144.85822,8.8348985e-05,0.04552642,0.8269825,1.0,-1.0,-3.5769958,1.2897254,-1.342572,-7.724685,-357.69955,110.79854,-170.40244,-563.3404,0.09182028,0.6545043,1.0,-1.0,10,-6.6937124380967985,1.0079610532935586,-3.7096772071508406,-8.534837529946559,-669.3712438096799,85.22619750584288,-469.5075819704646,-816.1159707646118,0.03641178327579667,0.598494771244042,1.0,-1.0,0.22375010875591164,0.0691545125131559,0.39214310054757473,0.08924868754202342,0.2535137791185467,0.09018690609660926,0.39214310054757473,0.09895890048800679,0.22272727272727272,0.41607671733797336,1.0,0.0,0.09090909090909091,0.28747978728803447,1.0,0.0,0.09090909090909091,0.28747978728803447,1.0,0.0,0.09090909090909091,0.2874797872880344,1.0,0.0,0.0,0.0,0.0,0.0,0.0,0.0,0.0,0.0,0.0,0.0,0.0,0.0,0.0,0.0,0.0,0.0,0.10654555569004302,0.06031495641402879,0.27786973881328614,0.014078627380181123,0.14325665850903765,0.07726745163296526,0.27753735313990313,0.039155457180968016,0.1871960389666811,0.0787985862401988,0.3112368980679691,0.01508184583807323,0.18719602482132644,0.07879858248298381,0.3112368976854497,0.01508184583807323,0.2937415946567241,0.1117890190274048,0.579037528037553,0.10035975883692463,0.3304526833303641,0.12985124163996542,0.579037528037553,0.10120002425979693,0.0,0.0,0,0,0.0,0.0,0,0,12.220137677760388,2.7939631685896478,26.580088114947724,5.581245025976249,13.784170240552529,2.768202081688752,20.408823129097915,11.084133184795519,-0.7854545454545454,0.41050664121222064,0.0,-1.0,-1.0,0.0,-1.0,-1.0,3.5769958,1.2897254,7.724685,1.342572,4.2799454,1.4728616,6.852402,1.670951,-357.69955,48004,16000,160,9.733155514812097,2.917390575981699,3.124416285427287,15.774962376221083,215.6790159563534,15
16.17125,17.845097,275.41913,-278.54065,184.37834,-0.013972878,-566.02515,-277.54028,183.48755,-0.14585257,-557.2977,-277.92978,183.8338,-1.3550345,-567.23785,16.17125,29.254242,162.58507,4.7253037e-05,17.845093,30.532362,215.52817,4.265085e-05,0.05239062,0.81235164,1.0,-1.0,-3.1983473,1.1103433,-1.0681186,-7.665183,-319.83475,90.10899,-190.17027,-470.313,-0.025330802,0.67711043,1.0,-1.0,10,-6.687332864260967,1.0032394347581524,-4.3674016909649485,-9.101845822801051,-668.7332864260968,62.947762875007676,-592.5202723423649,-817.3730250852833,0.1798583660239704,0.6039750394672372,1.0,-1.0,0.20935375544362625,0.061323433406968234,0.3661978194942045,0.08517276852582176,0.22537986780086205,0.059602328957331994,0.3542133942115925,0.14781028009462824,0.14181818181818182,0.3488635623334242,1.0,0.0,0.09090909090909091,0.2874797872880344,1.0,0.0,0.0,0.0,0.0,0.0,0.0,0.0,0.0,0.0,0.0,0.0,0.0,0.0,0.0,0.0,0.0,0.0,0.0,0.0,0.0,0.0,0.0,0.0,0.0,0.0,0.12220426603118344,0.0814314869584144,0.31840442091622956,0.007948032569312357,0.1406025171738724,0.10040037792865594,0.31840442091622956,0.028465799102818868,0.2049681210274045,0.05821089751362956,0.29254862733537895,0.10758176002565083,0.2049681033925811,0.058210893517488385,0.2925480603188136,0.10758176002565083,0.3271723870585879,0.1014379443903477,0.5251795820452816,0.14724184780912994,0.3455706205664535,0.11314370976762779,0.5247398116375798,0.17642880732202834,0.0,0.0,0,0,0.0,0.0,0,0,12.61597678646938,3.517108709663632,27.642564507458776,5.072478909904543,13.474746648240737,3.712592282171891,18.69891677766946,7.142933530651026,-0.7963636363636364,0.4027016203609346,0.0,-1.0,-0.8181818181818182,0.385694607919935,0.0,-1.0,3.1983473,1.1103433,7.665183,1.0681186,3.502954,1.0996075,5.4621563,1.821785,-319.83475,52004,17000,170,9.830983369029127,2.8914998279651627,3.1402573542436585,15.862740551237948,231.62020103167742,16
12.372789,14.67877,277.29068,-281.56464,187.40169,8.325329,-607.19446,-282.29196,187.83458,9.90702,-612.2516,-281.09213,187.46382,8.903781,-606.519,12.372789,20.312265,124.898766,0.0016672947,14.67877,25.928442,159.19266,0.0005051794,-0.010441925,0.80881566,1.0,-1.0,-3.735993,1.4333353,-1.323792,-8.473078,-373.59924,102.77494,-197.65172,-586.9149,-0.026474264,0.6855908,1.0,-1.0,10,-6.280849041136809,0.9421873876916763,-4.047962029808675,-9.91178819536862,-628.084904113681,81.47713050777263,-496.55729597000146,-745.9289700460048,0.07684955023077629,0.6219139980217177,1.0,-1.0,0.24896495673350572,0.07698481117211385,0.35398409805467523,0.05648488397650191,0.26133526558764136,0.09068333046422335,0.3506930439159391,0.06005315310810968,0.1481818181818182,0.3552801246089468,1.0,0.0,0.0,0.0,0.0,0.0,0.0,0.0,0.0,0.0,0.0,0.0,0.0,0.0,0.0,0.0,0.0,0.0,0.0,0.0,0.0,0.0,0.008181818181818182,0.09008260671771133,1.0,0.0,0.0,0.0,0.0,0.0,0.1374616075198088,0.0856221574693007,0.3229648436521391,0.0019602804575960422,0.17552715893962526,0.0800033164399641,0.3229648436521391,0.06604990415050013,0.19865713405812757,0.05553159033670392,0.29599343425134944,0.0879788291322987,0.20051211007842226,0.0525198032817732,0.2959912615949026,0.11691236143111501,0.33611874157793636,0.08522904312977415,0.5326336855786693,0.14735841948570488,0.3760392690180476,0.07866108632572608,0.5326336855786693,0.22075343971471567,0.0,0.0,0,0,0.0,0.0,0,0,12.987663563410859,4.216333213334297,24.866280443890012,4.895636704927758,14.74488100553193,4.330305196639089,21.8251959267156,8.060021856423745,-0.7318181818181818,0.44301278827874974,0.0,-1.0,-0.8181818181818182,0.385694607919935,0.0,-1.0,3.735993,1.4333353,8.473078,1.323792,4.5401683,1.5950077,7.5587955,1.9197809,-373.59924,56004,18000,180,9.864873724523932,2.969562520040199,3.141120725660585,15.975556970224716,247.55543877976015,17
15.804142,15.979565,293.69073,-296.72745,203.15138,-6.927375,-623.8118,-297.00616,203.64502,-8.675579,-622.20935,-296.2313,202.65141,-9.632765,-623.87714,15.804142,23.442421,113.80816,0.010086858,15.979565,23.177347,103.03848,0.0032150783,-0.056553066,0.82147187,1.0,-1.0,-4.156177,1.7307237,-1.190546,-9.284431,-415.6177,150.30861,-196.09348,-678.8707,0.07977031,0.7021161,1.0,-1.0,10,-6.389714867727365,1.0272318547919472,-3.621557667016666,-8.706644880834006,-638.9714867727365,79.37899375583811,-515.6139393033394,-788.1255522034181,0.09697883365441028,0.6677489184149048,1.0,-1.0,0.23395853228498276,0.05946809413803685,0.3367737126597532,0.11141073359789827,0.25377531589813823,0.060478787202990034,0.33536122174455724,0.11590347220394105,0.11181818181818182,0.31514262807982335,1.0,0.0,0.0,0.0,0.0,0.0,0.0,0.0,0.0,0.0,0.0,0.0,0.0,0.0,0.0,0.0,0.0,0.0,0.0,0.0,0.0,0.0,0.0,0.0,0.0,0.0,0.0,0.0,0.0,0.0,0.1649493583874066,0.08295499296883724,0.36662396368339356,0.013691125365744163,0.18623630430216076,0.08326248175692116,0.3025755590352818,0.07636339354471285,0.2134805624762088,0.07226754215208968,0.324305455792702,0.06813167614637196,0.21348053879197926,0.07226753823940395,0.3243030080066012,0.06813167614637196,0.37842992086361543,0.13182594181998614,0.6289444054461293,0.13943139821310285,0.39971684309414,0.1364021972681586,0.6052436149845521,0.16480983826955797,0.0,0.0,0,0,0.0,0.0,0,0,13.540284058455848,3.773193405239054,25.050119081046805,6.956232701315284,14.927107954902953,5.214860654855569,22.558796857275606,6.999173895341088,-0.7909090909090909,0.40665944084263717,0.0,-1.0,-0.7272727272727273,0.4453617714151233,0.0,-1.0,4.156177,1.7307237,9.284431,1.190546,5.10831,2.3715818,8.327704,1.5673336,-415.6177,60004,19000,190,9.805656298878603,2.92950542003382,3.1314390797633678,15.86660079867579,263.3999700732529,18
16.360868,17.144112,296.25143,-298.6077,198.10551,-1.0853549,-624.11304,-299.07367,197.9649,-4.023947,-623.76404,-298.1073,197.45253,-1.6662093,-623.0837,16.360868,30.568195,251.55559,4.385505e-05,17.144112,35.169575,277.2721,0.0042571165,-0.0918794,0.7948483,1.0,-1.0,-3.8654673,1.7799096,-0.70285714,-8.3146515,-386.54684,145.51065,-146.26303,-607.08484,0.031923447,0.7312109,1.0,-1.0,10,-5.941993464059767,0.8686059005883234,-3.426075966630424,-8.421086220532219,-594.1993464059767,63.57787687929816,-481.45105448427233,-697.4821030428369,0.015324770972462622,0.6224034047410766,1.0,-1.0,0.2288924613508831,0.07314167596478421,0.42730188532398056,0.07077987433487944,0.25949042226591607,0.09616333519455111,0.42730188532398056,0.1011541839236085,0.18363636363636363,0.38718735721453623,1.0,0.0,0.18181818181818182,0.385694607919935,1.0,0.0,0.0,0.0,0.0,0.0,0.0,0.0,0.0,0.0,0.0,0.0,0.0,0.0,0.0,0.0,0.0,0.0,0.0,0.0,0.0,0.0,0.0,0.0,0.0,0.0,0.13358825909906966,0.07932135945502088,0.35968783354004175,0.016044918253942168,0.1408792507750154,0.06635986305756089,0.30171727134490606,0.04605504102516084,0.23390531167587117,0.06099457724268994,0.3144827898108053,0.09606955260982791,0.2354486744804745,0.057683671241461225,0.3144827894092799,0.11742426141924649,0.3674935707749408,0.10968777690570679,0.5981038321445177,0.16473381618663202,0.37632792525548986,0.09017242585254141,0.5401332699493819,0.19112912037335122,0.0,0.0,0,0,0.0,0.0,0,0,12.96362806747057,4.699696414832198,24.212146442870594,5.390288446344436,14.864821660004964,5.139835693991932,22.732100410677468,6.86081653574129,-0.5954545454545455,0.4908038607754284,0.0,-1.0,-0.8181818181818182,0.385694607919935,0.0,-1.0,3.8654673,1.7799096,8.3146515,0.7028571,4.67998,2.117513,8.273313,1.6652906,-386.54684,64004,20000,200,9.74356246762909,2.9071234660223126,3.143782126600854,15.794468060252257,279.20528613135684,19
19.323383,23.56425,305.95966,-308.73657,201.43935,-30.774557,-611.87085,-309.32608,201.66434,-32.471718,-612.55035,-308.82068,201.44133,-29.141861,-614.8897,19.323383,50.80422,390.36392,0.00015351549,23.56425,66.834465,554.474,6.4173946e-07,0.01107723,0.8343612,1.0,-1.0,-4.3699255,1.5921396,-1.2234459,-9.146412,-436.99255,138.2204,-198.92337,-678.6974,-0.058954664,0.7906941,1.0,-1.0,10,-6.326545423102891,0.9325413475425798,-3.993415260223942,-9.148392780168658,-632.6545423102892,77.43454339642601,-530.1369313270346,-794.6973789842825,0.006230436071901089,0.6652383925345101,1.0,-1.0,0.20824879879676436,0.048428024740615055,0.3613282649282138,0.10182005627253084,0.20154339666910542,0.055597318919273844,0.3463352519744156,0.13388553337457398,0.19090909090909092,0.3930175694766779,1.0,0.0,0.09090909090909091,0.2874797872880344,1.0,0.0,0.0,0.0,0.0,0.0,0.0,0.0,0.0,0.0,0.0,0.0,0.0,0.0,0.0,0.0,0.0,0.0,0.0,0.0,0.0,0.0,0.0,0.0,0.0,0.0,0.1418973589737715,0.08691929868648428,0.34273637293892545,0.015218214042686645,0.15057968986588072,0.08465247422997452,0.28237523577221985,0.04362142794851241,0.20544723010540095,0.07091881710314167,0.3235630787087081,0.10121513185698082,0.20544720936359848,0.07091882153249623,0.3235617196236956,0.10121513185698082,0.34734458907917243,0.1322764681031322,0.6662980925626211,0.12859807281902857,0.3560268992294792,0.13003591694286612,0.6006906688837805,0.18374321577060543,0.0,0.0,0,0,0.0,0.0,0,0,15.872744898749135,4.199133631728383,28.191417433619236,6.414108823763107,16.66253632148746,4.296475240209939,23.36114868695151,11.196081178530623,-0.9272727272727272,0.25968830649246727,0.0,-1.0,-1.0,0.0,-1.0,-1.0,4.3699255,1.5921396,9.146412,1.2234459,4.659176,1.6793836,7.430985,2.2027326,-436.99255,68004,21000,210,9.670790378702804,2.9200982759939507,3.1237641097977757,15.71465276449453,294.99792318861,20
14.5358925,16.309492,316.1271,-317.8706,209.08276,-10.60171,-665.4631,-318.477,209.3259,-12.536947,-664.1175,-318.9251,209.27794,-12.897417,-660.25903,14.535894,25.406206,160.41945,0.00032639503,16.309494,32.59063,289.0965,0.00013804529,0.051806126,0.8394961,1.0,-1.0,-3.4622102,1.38649,-0.46835092,-8.394963,-346.221,97.47833,-197.7607,-483.58133,-0.043542128,0.7288573,1.0,-1.0,10,-5.959300127722615,1.0323814199907906,-3.948753634532551,-9.273260147679784,-595.9300127722614,77.53576041916303,-447.1474134224163,-729.6167602721041,-0.02929521922994923,0.6563729787311771,1.0,-1.0,0.2314982472051166,0.08984036751409252,0.4106466503078698,0.09552861325267982,0.27197592944959187,0.10232195132171845,0.4106466503078698,0.10577471083212166,0.2018181818181818,0.4013572016368775,1.0,0.0,0.09090909090909091,0.2874797872880344,1.0,0.0,0.0,0.0,0.0,0.0,0.0,0.0,0.0,0.0,0.0,0.0,0.0,0.0,0.0,0.0,0.0,0.0,0.0,0.0,0.0,0.0,0.0,0.0,0.0,0.0,0.11304639199777178,0.056080523985646905,0.2537843361349155,0.007638401492413571,0.14134654234604446,0.07038956251097794,0.24999314470576256,0.03644553850430474,0.1949653125427521,0.0700371587379068,0.3319157498616696,0.06248603478211285,0.19496529532143522,0.07003715905671873,0.3319145439561423,0.06248603478211285,0.3080117045405239,0.09664661658342062,0.5081622836778384,0.16331395431988005,0.3363118376674797,0.10966677489892764,0.5043710922486855,0.18221554674084292,0.0,0.0,0,0,0.0,0.0,0,0,13.439378640587362,3.7927789902636375,27.242226139657053,5.0188924122510965,14.948089676273414,3.389442262422702,20.472239810168784,9.77917032479983,-0.7963636363636364,0.40270162036093465,0.0,-1.0,-0.8181818181818182,0.385694607919935,0.0,-1.0,3.4622102,1.38649,8.394963,0.46835092,4.2183194,1.613822,7.970114,1.531336,-346.221,72004,22000,220,9.777007384342141,2.9964326010085642,3.104686588398181,15.878126573748887,310.8360919924453,21
23.249172,17.05659,326.31323,-327.22443,205.65758,-38.775635,-697.55786,-327.65228,205.5364,-39.786648,-697.983,-329.0527,206.54808,-39.738235,-706.95013,23.249172,50.303204,395.0787,0.028614745,17.05659,28.51149,152.33502,7.353816e-05,-0.011389991,0.83331823,1.0,-1.0,-3.28381,1.1033183,-1.1178291,-7.7252216,-328.38098,89.44742,-163.25783,-460.46204,-0.011463938,0.70566934,1.0,-1.0,10,-6.115127932447404,0.9162684041910446,-3.681732442484454,-8.497576493416783,-611.5127932447404,71.71154648363974,-492.20161292818955,-722.2096982146261,0.09402365917759437,0.6093470102783953,1.0,-1.0,0.25266376903576737,0.06733903491798196,0.3778366474932187,0.07458356215697733,0.25515599002784967,0.06211799454996817,0.3414704833548745,0.13303009490044462,0.1390909090909091,0.3460413676125638,1.0,0.0,0.09090909090909091,0.2874797872880344,1.0,0.0,0.0,0.0,0.0,0.0,0.0,0.0,0.0,0.0,0.0,0.0,0.0,0.0,0.0,0.0,0.0,0.0,0.0,0.0,0.0,0.0,0.0,0.0,0.0,0.0,0.11197693248458795,0.06352066388980424,0.31827489044152724,0.003973632757027086,0.13431485172752952,0.07707474003776855,0.31827489044152724,0.044435279661600685,0.22362309682174833,0.056347292750285334,0.32837083983661514,0.14701378379502447,0.22414129632294155,0.056210988160696064,0.32836847591184615,0.1470137837950245,0.33560002930633626,0.08885722885843761,0.6466433663533734,0.2050533686006728,0.358456148050471,0.10232364813119281,0.6466433663533734,0.24787638266389056,0.0,0.0,0,0,0.0,0.0,0,0,12.056926389228735,3.4147789841086245,27.551352633052403,4.485225436096889,13.797227275732569,3.939757193679471,18.867360325688427,7.96797897623873,-0.7236363636363636,0.4471988113350751,0.0,-1.0,-0.7272727272727273,0.4453617714151233,0.0,-1.0,3.28381,1.1033183,7.725221,1.117829,4.0588737,1.3533847,6.086209,1.6118401,-328.38098,76004,23000,230,9.572616389370523,2.956234489916824,3.118865369237028,15.647716248524375,326.4644649910042,22
12.672127,11.256124,336.7005,-339.6481,213.85217,-48.444427,-657.26996,-339.42224,213.86331,-48.90799,-653.10364,-338.82953,213.82152,-48.548046,-656.8108,12.672127,23.083448,169.76257,0.0012494093,11.256124,20.417309,149.58885,0.0036217123,0.032762215,0.8176945,1.0,-1.0,-3.598047,1.7305673,-0.47491378,-8.246779,-359.80472,155.1105,-94.3607,-535.4898,0.052013922,0.6940045,1.0,-1.0,10,-6.686588308709552,1.0958405544592251,-3.6042619257587116,-9.943965067754341,-668.6588308709551,96.42087421178026,-475.5471911211638,-848.2135488649529,0.11647960475304034,0.6505056421346086,1.0,-1.0,0.1911226896882197,0.05400522031869438,0.38025914446868697,0.07443089394551465,0.1952959194529728,0.08176356508964576,0.38025914446868697,0.07834558306392284,0.12,0.32496153618543844,1.0,0.0,0.18181818181818182,0.385694607919935,1.0,0.0,0.0,0.0,0.0,0.0,0.0,0.0,0.0,0.0,0.0,0.0,0.0,0.0,0.0,0.0,0.0,0.0,0.0,0.0,0.0,0.0,0.0,0.0,0.0,0.0,0.14301105780134044,0.0761609708256549,0.33749736039088696,0.022931988536041826,0.16491460197437025,0.0900865248394423,0.33749736039088696,0.043221325362156046,0.22025959476682228,0.0736893767459128,0.3169375440088022,0.08075602588034009,0.22127635480320398,0.07215715127815263,0.31693673449301596,0.13057127169879287,0.3632706525681627,0.12827831568534948,0.6062395329328286,0.17450255457647984,0.3861909567775742,0.13628981107863167,0.6062395329328286,0.1849833972984664,0.0,0.0,0,0,0.0,0.0,0,0,13.727831186721177,4.974465701902301,27.382081603227277,2.908231169487525,15.30866217705684,5.243149776135622,22.226177887074893,7.245966940918321,-0.7081818181818181,0.4545990877449188,0.0,-1.0,-0.7272727272727273,0.4453617714151233,0.0,-1.0,3.598047,1.7305673,8.246779,0.47491378,4.0026016,2.0197875,7.127938,1.4404609,-359.80472,80004,24000,240,9.662758295889944,2.9385546329431236,3.100843152264133,15.7021560810972,342.1877583541209,23
13.894493,12.169088,338.42078,-341.29694,218.02136,-45.67253,-727.50964,-340.66058,217.88503,-42.91539,-730.7997,-339.9715,217.58281,-43.170937,-725.7806,13.894492,21.829763,136.54845,1.2912846e-05,12.169088,19.19921,105.53474,1.7220154e-06,0.024209093,0.836598,1.0,-1.0,-3.3253906,1.33503,-0.75596154,-7.626494,-332.53903,122.59263,-145.57716,-564.01196,0.016570436,0.69724053,1.0,-1.0,10,-6.348905443275929,0.840053210539351,-4.338589488224761,-8.381175818193961,-634.8905443275931,69.01503903577672,-535.9388394274772,-750.783660660313,0.015351315976287402,0.5883865007851482,1.0,-1.0,0.24801885966503365,0.098179396886217,0.4519734853321849,0.06474225113557425,0.2863294421151681,0.0953318404743014,0.4519734853321849,0.07274008056058819,0.18454545454545454,0.38792838224608694,1.0,0.0,0.36363636363636365,0.48104569292083466,1.0,0.0,0.0,0.0,0.0,0.0,0.0,0.0,0.0,0.0,0.0,0.0,0.0,0.0,0.0,0.0,0.0,0.0,0.0,0.0,0.0,0.0,0.0,0.0,0.0,0.0,0.15366303023575875,0.097388719685292,0.3338755572410874,0.011779412621746517,0.12450905867937845,0.10322701092587472,0.3334203868719493,0.01991876897372712,0.1900947491304523,0.07135649084252213,0.3334263093335561,0.0643554353412454,0.19007655639623836,0.07135757042760241,0.33342398309091015,0.0643554353412454,0.34375777936621105,0.10626365320338754,0.5627746618739816,0.08336345818664559,0.31458561507561683,0.11651019830767755,0.5623194915048435,0.08427420431497251,0.0,0.0,0,0,0.0,0.0,0,0,13.030934933443733,4.152889071311606,26.25429482816592,4.837844214084817,13.0401234849119,4.668032277550407,19.964792155135754,5.752696574454395,-0.76,0.4270831300812524,0.0,-1.0,-0.7272727272727273,0.4453617714151233,0.0,-1.0,3.3253906,1.33503,7.6264935,0.75596154,3.473694,1.5471607,6.194235,1.0735242,-332.53903,84004,25000,250,9.926173707935959,2.958259589970112,3.169194491347298,16.05362778925337,358.2584871381987,24
17.056551,13.348515,347.8771,-350.95038,219.23488,-25.757364,-691.3049,-349.13263,219.12012,-23.437473,-689.99,-349.33282,218.85025,-25.558296,-689.32477,17.056551,46.950027,493.00452,0.0010933469,13.348515,34.729847,340.65186,0.0006756541,0.059776284,0.8550754,1.0,-1.0,-3.3495588,1.4230087,-1.2202823,-7.955392,-334.95587,129.03519,-174.35612,-655.1241,-0.067738704,0.75314724,1.0,-1.0,10,-6.409582188270868,0.9003563085224973,-4.233898204879101,-9.329058978711917,-640.9582188270867,67.80512149031071,-526.1452052962819,-751.4295514105888,0.16559601329482115,0.6575937174091442,1.0,-1.0,0.2305744873505926,0.09052887453430901,0.3968756175700199,0.10855307859864985,0.25058939988368256,0.08349029717710221,0.3967147294365223,0.13380370152450605,0.21818181818181817,0.4130115160582017,1.0,0.0,0.09090909090909091,0.28747978728803447,1.0,0.0,0.09090909090909091,0.28747978728803447,1.0,0.0,0.09090909090909091,0.28747978728803447,1.0,0.0,0.04727272727272727,0.21222162125694363,1.0,0.0,0.0,0.0,0.0,0.0,0.0,0.0,0.0,0.0,0.0,0.0,0.0,0.0,0.1497107013099933,0.09480272452663041,0.3970834332785069,0.006832368632483191,0.17605997644383148,0.1001402532266701,0.3970834332785069,0.036673841157273096,0.14989062067851763,0.06218509011326616,0.23135194427237732,0.027003689840519592,0.1498906003520684,0.06218508554275253,0.23134836657516275,0.027003689840519592,0.29960132198851097,0.13784293091301517,0.6095366330405588,0.033836058473002785,0.3259505767958999,0.13738620141233834,0.6095366330405588,0.06367753099779269,0.0,0.0,0,0,0.0,0.0,0,0,12.761058915473338,3.958329058038992,25.704070769685995,6.13368310521641,14.286957529361057,4.035140051094236,22.295194414130144,8.442211910714255,-0.7472727272727273,0.4345758833013027,0.0,-1.0,-0.9090909090909091,0.28747978728803447,0.0,-1.0,3.3495588,1.4230087,7.955392,1.2202823,3.901922,1.8364052,7.955392,1.9804046,-334.95587,88004,26000,260,9.132751903380267,2.9760644779307768,2.9136840214487165,15.02250040275976,373.09787016920745,25
13.6905575,12.565785,344.49463,-347.2356,214.7063,-50.184555,-693.24585,-346.29932,214.15182,-50.12021,-697.5105,-347.29297,214.7563,-50.084187,-698.63245,13.6905575,18.173306,95.368324,6.1992556e-05,12.565786,20.589592,158.30713,0.0006493414,-0.10340148,0.83827776,1.0,-1.0,-4.5530024,1.2715834,-1.2262318,-8.496353,-455.3003,101.3851,-275.9088,-667.2034,-0.032275446,0.7562637,1.0,-1.0,10,-6.366785331775543,0.9565320530640645,-4.516155004111801,-8.926805677655311,-636.6785331775543,80.90284594241116,-540.9705552752118,-782.48221540278,0.07175991850625989,0.6457216724237075,1.0,-1.0,0.23316916420321177,0.06030487166913547,0.4012750170137633,0.09727374870994465,0.25199848319396306,0.06653449353792527,0.4012750170137633,0.13085147604077177,0.13818181818181818,0.34509071750162323,1.0,0.0,0.0,0.0,0.0,0.0,0.0,0.0,0.0,0.0,0.0,0.0,0.0,0.0,0.0,0.0,0.0,0.0,0.0,0.0,0.0,0.0,0.0,0.0,0.0,0.0,0.0,0.0,0.0,0.0,0.12796975591375578,0.0683874465255729,0.32012372786293014,0.02294170046074862,0.1573202372671331,0.07284489812214691,0.3102401369302476,0.08628822830525198,0.19753904748622014,0.05530301322877181,0.2946867101768187,0.10857101644797407,0.19753903147751528,0.05530300941812213,0.2946856272156098,0.10857101644797407,0.32550880339997595,0.0870801031416301,0.5422477785992657,0.1393670957705863,0.35485926874464835,0.09727986200887659,0.5422477785992657,0.19705555236963976,0.0,0.0,0,0,0.0,0.0,0,0,14.124322868075017,3.7283306291814555,25.749251639909435,6.691837143279284,15.814027506740793,2.7141674468113957,19.662418167581713,8.337691132778039,-0.8263636363636364,0.37879648475072225,0.0,-1.0,-0.9090909090909091,0.28747978728803447,0.0,-1.0,4.553003,1.2715834,8.496353,1.2262318,5.0087795,0.7523124,5.9050956,3.4600499,-455.3003,92004,27000,270,10.741479412536137,2.7931789699941874,3.21937715949025,16.754035542020574,389.94936962611973,26
17.131153,19.676453,358.53125,-358.88556,227.43256,-43.98901,-714.7366,-358.17084,227.26308,-44.603096,-713.22235,-359.86374,227.17783,-46.469635,-712.32446,17.131153,42.663116,275.5151,4.195614e-05,19.676455,41.779858,287.01538,0.0021213996,-0.017584689,0.85887176,1.0,-1.0,-3.8764524,1.3965791,-1.3229331,-7.520683,-387.6452,114.17484,-273.03226,-619.9995,0.06592896,0.7062209,1.0,-1.0,10,-6.065631069787518,0.9901359262537986,-3.802569426340177,-8.216599471297329,-606.563106978752,67.30798911242852,-499.646344942194,-694.6603147897905,0.049143268386058744,0.681191632020259,1.0,-1.0,0.25975264602935777,0.09004969189768591,0.46211017752639555,0.09032864032732345,0.2611501638209158,0.10026128644568882,0.4610951507064615,0.10748230213578748,0.19636363636363635,0.3972467226770864,1.0,0.0,0.09090909090909091,0.2874797872880344,1.0,0.0,0.0,0.0,0.0,0.0,0.0,0.0,0.0,0.0,0.0,0.0,0.0,0.0,0.0,0.0,0.0,0.0,0.0,0.0,0.0,0.0,0.0,0.0,0.0,0.0,0.11717427654277576,0.06144562555805961,0.2676669661018847,0.0067113627368411265,0.14668891521962377,0.06835695658589552,0.25576538248285774,0.03777035816312675,0.2359986529143797,0.07634274569674915,0.3474260189417263,0.12579753952977843,0.23599863486909578,0.07634274676677588,0.3474239809847324,0.12579753952977846,0.35317292945715545,0.06299400491614073,0.48879980463121175,0.18565610465553312,0.3826875500887196,0.05847736020436369,0.46244018621689204,0.2876296273631753,0.0,0.0,0,0,0.0,0.0,0,0,14.367164039016064,3.623468899659189,26.221564155460655,5.823590149547921,15.615574402374131,3.144647285439587,18.40296935404044,10.040634856798963,-0.8681818181818182,0.3382929924789022,0.0,-1.0,-1.0,0.0,-1.0,-1.0,3.8764524,1.3965791,7.520683,1.3229331,4.6262493,1.3653357,6.6400385,2.9582849,-387.6452,96004,28000,280,10.048350559780374,2.890288806054741,3.125291176373139,16.063930542208254,406.14966983534396,27
12.80166,9.426899,362.62384,-365.3844,226.75958,-54.08506,-701.637,-364.65442,226.12486,-53.526665,-702.76196,-364.07678,226.14345,-52.990387,-704.9407,12.80166,22.722992,178.58055,0.00010924996,9.426899,18.930578,143.21062,0.0005775655,0.05808768,0.8477551,1.0,-1.0,-3.3506064,1.1414807,-0.78653896,-6.1770654,-335.06064,95.224525,-172.5497,-519.42303,0.2019323,0.72955,1.0,-1.0,10,-6.249030592373152,0.6649347141683362,-4.554530453064139,-9.10594201053605,-624.9030592373152,52.86735855537634,-511.8236007762575,-693.9214325124898,0.1020937985107681,0.6477735538292715,1.0,-1.0,0.27553660289533366,0.09446214067626442,0.42548426966438047,0.12238694513461132,0.2914216170342118,0.09766673121191279,0.4252632977856367,0.1342905140887859,0.22727272727272727,0.4190702026042221,1.0,0.0,0.18181818181818182,0.38569460791993493,1.0,0.0,0.0,0.0,0.0,0.0,0.0,0.0,0.0,0.0,0.0,0.0,0.0,0.0,0.0,0.0,0.0,0.0,0.0,0.0,0.0,0.0,0.0,0.0,0.0,0.0,0.16049444566839868,0.0909063512612932,0.3478526535532375,0.019539811195433455,0.20163444437093167,0.09191758000967203,0.3478526535532375,0.05433363569505822,0.2011230597466463,0.1044892798193508,0.3995418388057549,0.09163458946957106,0.2011230389873247,0.1044892761972667,0.3995395988570322,0.09163458946957108,0.36161750541504506,0.15087705873419052,0.7201792800566106,0.12241568968033316,0.4027574833582564,0.14138655411781775,0.7201792800566106,0.17948207981036543,0.0,0.0,0,0,0.0,0.0,0,0,12.025643749607402,3.4098176573419345,22.887066067027426,4.247786586932064,13.722324691818569,3.150708565786071,19.378370166142457,8.700127933938521,-0.6881818181818182,0.4632360125311774,0.0,-1.0,-0.8181818181818182,0.38569460791993504,0.0,-1.0,3.3506064,1.1414807,6.1770654,0.78653896,4.0257597,1.2850913,6.0423117,1.611202,-335.06064,100004,29000,290,10.14202772709541,3.027908878051676,3.1851151565788314,16.355051761725917,422.41818543418776,28
11.367678,10.337747,371.47647,-373.11874,228.7678,-59.3152,-715.7765,-372.4883,228.75145,-61.30776,-716.5041,-372.40656,228.93114,-58.043644,-713.5131,11.367678,18.186737,113.57127,2.0572916e-06,10.337746,17.615612,131.7276,0.00015503168,0.0840211,0.8488606,1.0,-1.0,-3.6663454,1.4142383,-1.012299,-7.96298,-366.63455,127.28767,-194.80266,-615.9251,-0.020038398,0.70693856,1.0,-1.0,10,-6.388223074609886,0.9319918285656956,-3.96292981600983,-9.061198689735884,-638.8223074609888,79.7441425532495,-522.9528317015013,-777.3983746311311,0.08588360604387608,0.659591072685531,1.0,-1.0,0.20949158844291701,0.09110154767868442,0.37352613367063386,0.07030503842526419,0.21485511067567883,0.09704367180178931,0.3516880369603511,0.08009074718187048,0.1390909090909091,0.34604136761256377,1.0,0.0,0.09090909090909091,0.2874797872880344,1.0,0.0,0.0,0.0,0.0,0.0,0.0,0.0,0.0,0.0,0.0,0.0,0.0,0.0,0.0,0.0,0.0,0.0,0.0,0.0,0.0,0.0,0.0,0.0,0.0,0.0,0.12647405391257754,0.06589941706250628,0.2910165172446912,0.01118402855200407,0.13579451808513135,0.06981461241478326,0.2783726589155955,0.015458948072125467,0.19404529112618937,0.06547060682474153,0.3135173861840142,0.07435293058656196,0.1962804856667396,0.06712839971701579,0.3135149254258605,0.07435293058656196,0.32051934503876695,0.09155592808398046,0.5362457665028184,0.1811351880436199,0.332075003751871,0.09749660547205628,0.5362457665028184,0.2080608929415379,0.0,0.0,0,0,0.0,0.0,0,0,12.931698432537642,3.6944563281634624,27.8763171537166,5.769535125401778,13.17311172460092,3.1833846027897788,19.040270159204315,5.902214833956364,-0.8345454545454546,0.3715902835691149,0.0,-1.0,-0.9090909090909091,0.28747978728803447,0.0,-1.0,3.6663454,1.4142383,7.96298,1.012299,3.9240067,1.3393998,6.366385,2.152992,-366.63455,104004,30000,300,11.394619859522209,2.941632970003411,3.3420718578854576,17.678324687411077,440.498197380919,29
15.595045,16.616816,369.7128,-371.84503,233.6451,-50.838062,-745.9027,-371.32623,233.32819,-50.486233,-745.1859,-371.8423,233.82153,-48.073082,-744.848,15.595045,28.714895,190.03558,0.0020537758,16.616816,29.05972,157.59566,0.00049358606,0.07004984,0.86331517,1.0,-1.0,-3.4489913,1.2239599,-0.8333634,-8.240274,-344.89914,100.82186,-197.0784,-502.9977,0.17750901,0.67321676,1.0,-1.0,10,-6.032239070884264,0.8908334783949615,-3.762477820696662,-8.370918084703726,-603.2239070884264,73.23853789442416,-472.22661926880016,-727.385508938843,0.05046623002070237,0.6675179913023767,1.0,-1.0,0.2522248093965699,0.09546295634689665,0.4597069479681394,0.08786483207302352,0.2502965023387287,0.10737933583891447,0.45952025634588345,0.09727897928966343,0.19363636363636363,0.3951472160018967,1.0,0.0,0.09090909090909091,0.2874797872880344,1.0,0.0,0.0,0.0,0.0,0.0,0.0,0.0,0.0,0.0,0.0,0.0,0.0,0.0,0.0,0.0,0.0,0.0,0.0,0.0,0.0,0.0,0.0,0.0,0.0,0.0,0.13841124171066213,0.08825980630735836,0.35567743190511303,0.023778135562025075,0.14424650800458189,0.09369014318206437,0.35567743190511303,0.04333066674528581,0.22424432267297048,0.06859623245790743,0.33786659539851743,0.09508578220418294,0.2242443031595557,0.06859623603876562,0.3378665950763587,0.09508578220418294,0.36265556438363256,0.11830138638613613,0.5930532695853485,0.144011714826976,0.36849081116413757,0.12248435551313729,0.5645862922485172,0.16356424601023672,0.0,0.0,0,0,0.0,0.0,0,0,13.386448857008496,3.7605235487156468,28.08341997529237,4.85209459837107,14.758393562288528,2.920572899664943,21.297549645793357,11.182429096225848,-0.8563636363636363,0.35072062767634005,0.0,-1.0,-1.0,0.0,-1.0,-1.0,3.4489913,1.2239599,8.240274,0.8333634,4.135894,1.2151691,7.1125917,2.5458598,-344.89914,108004,31000,310,10.444830298889428,3.3425388750620186,3.2383693603333086,17.025738534284756,457.13804510619957,30
12.221346,10.866386,372.15726,-373.1552,231.65726,-50.133583,-748.98315,-374.2649,231.79027,-48.590755,-749.84143,-373.63687,232.33829,-46.924713,-746.0088,12.221347,22.76758,157.44934,1.9706786e-06,10.866386,19.810062,142.08527,0.00048279762,0.053976454,0.81889933,1.0,-1.0,-3.9380717,1.6063807,-0.8585777,-8.855231,-393.80716,148.9163,-203.44463,-661.285,0.08468541,0.671328,1.0,-1.0,10,-6.374119431475348,0.8695250298909064,-4.375744612622306,-9.127492149720423,-637.4119431475349,73.22247759313609,-528.1441772349572,-765.9680459911381,0.010213596971964873,0.6570657028268274,1.0,-1.0,0.23762620040352747,0.06297009067101972,0.3602271054493234,0.105424690017539,0.23898304703885484,0.07009701862629422,0.35480334545880055,0.1219908944224582,0.20909090909090908,0.4066594408426371,1.0,0.0,0.09090909090909091,0.2874797872880344,1.0,0.0,0.0,0.0,0.0,0.0,0.0,0.0,0.0,0.0,0.0,0.0,0.0,0.0,0.0,0.0,0.0,0.0,0.0,0.0,0.0,0.0,0.0,0.0,0.0,0.0,0.10508227443531261,0.05896883075558975,0.2661424301366295,0.013013845515087274,0.11491258672889643,0.05825770101537871,0.24684649694643837,0.019978982502991044,0.20456430175662382,0.06402986502892342,0.31965150761634287,0.07034923733571567,0.20456428795584544,0.0640298595048379,0.319650003560523,0.07034923733571567,0.3096465761919365,0.08027237820537388,0.48698566191737636,0.1313478199389036,0.3194768746847419,0.07906712925302749,0.40452505183352805,0.1315909235848509,0.0,0.0,0,0,0.0,0.0,0,0,13.216665244630178,4.262012731149756,24.322209146108015,5.597531998586685,15.428314021312538,4.899178587071612,23.085125055901205,8.866446390062416,-0.7781818181818182,0.4154694646217191,0.0,-1.0,-0.8181818181818182,0.385694607919935,0.0,-1.0,3.9380717,1.6063807,8.855231,0.8585777,4.7701073,1.9564323,8.817711,2.0842435,-393.80716,112004,32000,320,9.972114862524904,2.958584986976348,3.1733268158277497,16.104026665329002,473.26324052829295,31
15.103877,11.433285,375.675,-376.8284,239.26881,-46.721794,-750.5458,-376.8292,239.71675,-43.81797,-748.3311,-377.25165,239.6839,-46.67552,-753.3751,15.103876,31.230429,251.02151,0.0021411236,11.433285,20.765656,168.59082,0.00017948542,0.04873796,0.85050625,1.0,-1.0,-3.407292,1.2495741,-1.0394946,-8.6397505,-340.7292,103.68251,-204.36006,-571.02814,0.035912666,0.7378714,1.0,-1.0,10,-5.906602989214566,1.1517321655741892,-3.5257486909208486,-8.770070631649416,-590.6602989214567,100.19354233428467,-396.7056533938307,-680.8687225495206,0.09191723829491226,0.6549084906663483,1.0,-1.0,0.2210569620740934,0.08058608758875438,0.3982192832956786,0.06892655931614891,0.2252522663558181,0.08541434914022915,0.3982192832956786,0.07347418364192698,0.08545454545454545,0.27955691033437624,1.0,0.0,0.0,0.0,0.0,0.0,0.0,0.0,0.0,0.0,0.0,0.0,0.0,0.0,0.0,0.0,0.0,0.0,0.0,0.0,0.0,0.0,0.0,0.0,0.0,0.0,0.0,0.0,0.0,0.0,0.12390942119035331,0.07458123120609539,0.316289126560036,0.03197075692503949,0.13162563260175875,0.08464300982767102,0.3133924923737047,0.06092326811104562,0.19274953865716127,0.09384612002915838,0.400589298921169,0.06881083008026917,0.193409486844794,0.09316472648576576,0.4005875778062309,0.06881083008026917,0.3166589598475146,0.1346983216567197,0.6233366430756534,0.10972048657639023,0.3250351194465528,0.12871093353784596,0.620440008889322,0.17438965847038934,0.0,0.0,0,0,0.0,0.0,0,0,12.78677663591095,3.608991249094216,27.940232526194897,5.27716093442998,13.642229059475868,3.3829495627597708,21.253654185210813,9.467759899186847,-0.7545454545454545,0.4303563774016227,0.0,-1.0,-0.9090909090909091,0.28747978728803447,0.0,-1.0,3.407292,1.2495741,8.6397505,1.0394945,3.7435095,1.2157106,7.127286,2.1507943,-340.7292,116004,33000,330,10.353213998605497,2.976756021962501,3.186529190163128,16.516499210731126,489.8456295232754,32
16.590584,15.376434,388.43613,-387.42072,239.6945,-36.97011,-773.8631,-387.13257,239.79785,-35.236027,-780.344,-388.4462,240.4483,-34.05587,-774.61926,16.590584,40.988457,382.55768,3.067986e-05,15.376434,33.751392,298.36954,0.00021839334,0.10284067,0.8451547,1.0,-1.0,-3.957349,1.1235542,-1.0602297,-8.027253,-395.7349,86.50113,-197.80623,-504.0339,0.24862416,0.70639247,1.0,-1.0,10,-6.5631406131437595,1.21243917931493,-4.006273364830928,-9.748712134691553,-656.3140613143761,106.75802891457663,-490.3107683469013,-887.5915011459081,0.04182185558534523,0.6876488538430274,1.0,-1.0,0.24099268110440933,0.08471577266948606,0.4272246264717061,0.056433115483880344,0.25038305868055605,0.10124769493667118,0.42001627922751544,0.05959099012923631,0.20363636363636364,0.40270162036093465,1.0,0.0,0.09090909090909091,0.2874797872880344,1.0,0.0,0.09090909090909091,0.28747978728803447,1.0,0.0,0.09090909090909091,0.2874797872880344,1.0,0.0,0.0,0.0,0.0,0.0,0.0,0.0,0.0,0.0,0.016363636363636365,0.12686949108668735,1.0,0.0,0.09090909090909091,0.28747978728803447,1.0,0.0,0.11942167709538462,0.07832346772091583,0.3531532809549164,0.01851609195415251,0.15212049615262593,0.09116184571543026,0.3506821304332177,0.051756778453428215,0.1957740111749172,0.10348879622540912,0.36335093083861314,0.02308992480249006,0.19752027939291156,0.10332442147396412,0.36334936678321406,0.02308992480249006,0.31519568827030187,0.13529517151186748,0.6291521074891613,0.08322146153065256,0.34964077554553746,0.14144915777145092,0.6291521074891613,0.15290968465164284,0.0,0.0,0,0,0.0,0.0,0,0,13.613022459414857,3.2152808995796356,26.76761228204366,6.27611131522228,15.351254311895218,2.581392625096822,20.568458849007108,10.358028310474172,-0.8690909090909091,0.3373009054634249,0.0,-1.0,-1.0,0.0,-1.0,-1.0,3.957349,1.1235542,8.027253,1.0602297,4.542443,1.2720464,6.142151,1.7902864,-395.7349,120004,34000,340,9.801021417602897,3.0428959120763466,3.1495722690597177,15.993489598738961,505.76527287298813,33
15.914137,16.230694,382.10785,-383.17044,237.66385,-38.838093,-790.82135,-383.47302,237.79788,-39.086643,-792.57855,-382.99838,238.00854,-39.57476,-785.99677,15.914136,29.49641,153.68985,0.00024034083,16.230694,31.710512,174.96779,1.453096e-06,0.09006594,0.8499994,1.0,-1.0,-3.0002627,1.144998,-1.038953,-8.005531,-300.0263,84.235825,-182.40575,-419.8196,-0.011317583,0.7430745,1.0,-1.0,10,-6.371074145599475,0.9321825905254564,-3.2262566462608544,-8.531352251913429,-637.1074145599474,80.07753848989125,-449.6720439301352,-750.7693309360801,0.08008311671378107,0.6560834159196519,1.0,-1.0,0.24801621967659576,0.0667668583908871,0.36365575663378574,0.08551358760382038,0.27303502901409615,0.06938964029956941,0.3590669691367409,0.09287495403186528,0.38181818181818183,0.4858323351231777,1.0,0.0,0.2727272727272727,0.4453617714151233,1.0,0.0,0.0,0.0,0.0,0.0,0.0,0.0,0.0,0.0,0.0,0.0,0.0,0.0,0.0,0.0,0.0,0.0,0.0,0.0,0.0,0.0,0.0,0.0,0.0,0.0,0.10110383117324652,0.08946916703364172,0.35053665235120746,0.006265429521033935,0.12655058460697152,0.09572281825123163,0.3467884948124903,0.015142348289245369,0.20938703007684806,0.08071948318495922,0.337289748921777,0.08298337757530819,0.20980892343818744,0.08060227236548449,0.3372875723501351,0.08298337757530819,0.31049086125009456,0.14548623828548815,0.6878242247013426,0.09611627777263095,0.3363595080451589,0.14088469419416247,0.6840760671626254,0.09812572586455355,0.0,0.0,0,0,0.0,0.0,0,0,11.500858625246563,3.4526301051347845,27.439785952762286,4.624836416571524,13.519737889506883,4.100849377105259,20.215119902299858,4.7418738033054435,-0.6845454545454546,0.4646966485855171,0.0,-1.0,-0.8181818181818182,0.385694607919935,0.0,-1.0,3.0002627,1.1449981,8.005531,1.038953,3.6529806,1.1989224,6.081993,1.6445369,-300.0263,124004,35000,350,9.95506883750204,2.9696398380910978,3.1358460900373757,16.060554765630513,521.8325898955809,34
11.9345875,16.442791,371.71704,-374.97766,237.80338,-43.91086,-831.4532,-375.2544,237.89484,-43.48697,-835.79114,-374.48578,237.92448,-42.88178,-829.5735,11.9345875,32.022034,297.83,0.00047279173,16.442791,36.318523,316.35303,0.00017887267,-0.008553788,0.8401415,1.0,-1.0,-3.9231162,0.9123048,-2.0409,-7.4238114,-392.3116,72.37185,-239.97586,-540.44147,0.061258454,0.7369243,1.0,-1.0,10,-6.024204999593796,0.7374613057455474,-4.116401382871516,-7.927268054130785,-602.4204999593796,54.88669831703549,-493.45843377886666,-672.5699388065694,0.061231016781248274,0.6676146406353495,1.0,-1.0,0.2417515914761091,0.07466242035955921,0.3530450271048281,0.06860343016583853,0.2576216650149817,0.07754077815379765,0.3530450271048281,0.08159820857201881,0.06272727272727273,0.2424717756430036,1.0,0.0,0.09090909090909091,0.2874797872880344,1.0,0.0,0.0,0.0,0.0,0.0,0.0,0.0,0.0,0.0,0.0,0.0,0.0,0.0,0.0,0.0,0.0,0.0,0.0,0.0,0.0,0.0,0.0,0.0,0.0,0.0,0.13921877948591332,0.057857384799948765,0.3034525242171147,0.03408951248134771,0.16574226331527936,0.06654707382672927,0.3034525242171147,0.059518173861606516,0.18421571564206757,0.08135336062080278,0.3514294551868512,0.06091259170659502,0.18421570069045323,0.0813533568849578,0.35142775084689376,0.06091259170659502,0.3234344951279809,0.08367677407327845,0.48930493885263987,0.15424943571994124,0.34995796400573254,0.08056518932361705,0.48582539272465586,0.16318936650757965,0.0,0.0,0,0,0.0,0.0,0,0,12.896013267052744,3.3466277970551443,27.101949719257462,7.54772996368891,13.981409806387637,3.7972732804025973,19.297545128371784,7.611658634894486,-0.6981818181818182,0.4590468025617309,0.0,-1.0,-0.7272727272727273,0.4453617714151233,0.0,-1.0,3.9231167,0.9123048,7.423811,2.0409,4.3775907,1.0779423,6.6504955,2.5961068,-392.3116,128004,36000,360,9.949435679707676,2.976762116071768,3.124541354831308,16.050739150610752,538.006475895294,35
15.928179,13.154081,386.76056,-388.71576,241.01979,-51.65778,-751.3605,-389.3095,241.29083,-51.304832,-749.58655,-388.79236,240.87915,-52.22012,-749.44714,15.928178,35.418274,238.21654,0.0001026541,13.154081,25.823439,150.77513,0.00012339652,0.07882811,0.8381221,1.0,-1.0,-3.346177,1.0407372,-0.758624,-7.7452025,-334.61774,84.37982,-183.77867,-450.0914,0.13521147,0.63744664,1.0,-1.0,10,-6.499583002217458,0.8923423914412224,-4.586829529200368,-8.973951374530506,-649.9583002217457,79.33298192021756,-531.9432178495821,-778.0022203583139,0.08705312426809629,0.6579115773363453,1.0,-1.0,0.2142279466679654,0.11211795025333716,0.4087839567082038,0.04521118700561321,0.2222104776499264,0.1163297680452075,0.404442834068115,0.05010650736452917,0.11545454545454545,0.3195697003603905,1.0,0.0,0.09090909090909091,0.2874797872880344,1.0,0.0,0.007272727272727273,0.0849696105130758,1.0,0.0,0.0,0.0,0.0,0.0,0.0,0.0,0.0,0.0,0.0,0.0,0.0,0.0,0.05,0.21794494717703367,1.0,0.0,0.09090909090909091,0.28747978728803447,1.0,0.0,0.11254452788510932,0.057572522455214145,0.304220233339176,0.011324851261928582,0.12423362999131594,0.07254134772737288,0.304220233339176,0.0575926096935278,0.19392103544819433,0.06955830003299968,0.3119580325291557,0.04917414822506238,0.1938131000859831,0.06973842576512775,0.3119553795626756,0.06417308528576794,0.30646556333330366,0.08703018050776008,0.4851123428330286,0.061336311485600446,0.318046730077299,0.10171396262831148,0.4851123428330286,0.12760012667534168,0.0,0.0,0,0,0.0,0.0,0,0,12.07695458378435,3.1583659218935427,27.663799965432975,5.252273267010883,13.429212602204661,3.4728168763224088,19.694537754868264,9.309585870548842,-0.6209090909090909,0.4851607895693315,0.0,-1.0,-0.6363636363636364,0.48104569292083466,0.0,-1.0,3.3461773,1.0407372,7.7452025,0.758624,3.8206825,1.1280811,5.626086,2.1407247,-334.61774,132004,37000,370,9.948730140691623,3.0999428619397804,3.1674125210847706,16.216085523716174,554.1638982648728,36
23.490004,22.947645,385.66925,-388.63928,249.57973,-42.225174,-737.0057,-390.01755,249.69478,-42.96181,-736.2914,-388.5,248.33109,-43.53651,-730.19653,23.490004,88.98293,981.8396,0.0010111965,22.947645,82.16953,879.2633,9.8219665e-05,0.13533565,0.83870983,1.0,-1.0,-3.7375116,1.3691341,-0.758546,-8.326784,-373.75116,122.8891,-158.45688,-622.41223,0.013538836,0.73869294,1.0,-1.0,10,-6.2464288225780775,0.8576578008924244,-4.211965875432255,-8.285663849375064,-624.6428822578079,63.04609224957247,-510.78563467856986,-707.2245295679204,0.11356188296128102,0.655549886535797,1.0,-1.0,0.19252302514061484,0.06979033149114683,0.31863881265965277,0.053746213943416894,0.19268903894647443,0.07300617325771981,0.2675895569425986,0.053746213943416894,0.08727272727272728,0.2822342969008328,1.0,0.0,0.0,0.0,0.0,0.0,0.0,0.0,0.0,0.0,0.0,0.0,0.0,0.0,0.0,0.0,0.0,0.0,0.0,0.0,0.0,0.0,0.034545454545454546,0.1826254804667259,1.0,0.0,0.09090909090909091,0.2874797872880344,1.0,0.0,0.1275297707944513,0.06492236835369239,0.3282487497342564,0.017044953519024523,0.14390343359465227,0.07921079812596102,0.3282487497342564,0.06886313479861642,0.2119007784902409,0.08111752018659645,0.35701005103549616,0.07067768424435567,0.21264222443505396,0.0810775328481235,0.35700975235287735,0.0753211680553511,0.3394305492846922,0.1149797976908644,0.5743864279253673,0.14077480311963358,0.35654565802970617,0.1296923835999306,0.5551176322790005,0.15039447715580848,0.0,0.0,0,0,0.0,0.0,0,0,13.815064790378441,4.001890913851655,27.470112100672782,5.248201757170517,14.436457086589746,3.3519783144083424,19.764298937609556,6.645711009168089,-0.7818181818181819,0.4130115160582017,0.0,-1.0,-0.9090909090909091,0.28747978728803447,0.0,-1.0,3.7375116,1.3691341,8.326784,0.758546,3.9441779,1.332251,6.4845557,1.2994782,-373.75116,136004,38000,380,9.897489754366688,3.040871703065932,3.166451717959717,16.104813175392337,570.2546550190309,37
10.335061,9.879021,388.04443,-389.94073,250.03773,-33.610657,-782.0045,-390.59058,249.94986,-32.838768,-784.28485,-390.0987,249.1421,-34.37015,-781.9159,10.335062,17.530275,109.47176,0.007854044,9.87902,16.690926,108.70328,0.00012888014,0.10646862,0.8605981,1.0,-1.0,-3.4443166,0.93046653,-1.4843973,-6.2811704,-344.43164,83.36198,-235.02129,-515.5484,0.023350453,0.7060943,1.0,-1.0,10,-6.099709172359121,1.1583824563523883,-3.32524855532719,-9.34169382258556,-609.9709172359121,98.09739576182034,-400.8387014185003,-752.6990912443096,0.10450473256857108,0.6406874403460944,1.0,-1.0,0.3249813538991188,0.06458121975764675,0.44494322200331216,0.168465375995687,0.34077242479928677,0.06010540991305921,0.4449330811818548,0.26530733512095317,0.37,0.48280430818293246,1.0,0.0,0.2727272727272727,0.4453617714151233,1.0,0.0,0.0,0.0,0.0,0.0,0.0,0.0,0.0,0.0,0.0,0.0,0.0,0.0,0.0,0.0,0.0,0.0,0.0,0.0,0.0,0.0,0.0,0.0,0.0,0.0,0.1042321109674601,0.06966049948353711,0.2597802868170938,0.017506908724942826,0.12019405730217607,0.0708970777458605,0.25888426859961994,0.019914434645995967,0.24389037403723932,0.06967114912710126,0.36790152035315365,0.15119661819790034,0.24389035485081295,0.06967114146199747,0.36789953879952686,0.15119661819790034,0.34812248500469944,0.08125169352357949,0.5134449530221694,0.19459554165525203,0.364084412152989,0.07545500033345047,0.45948787297455307,0.25948520136360115,0.0,0.0,0,0,0.0,0.0,0,0,10.925920056782623,2.7641656156987606,20.52520210786309,6.181221950864077,11.443075584206248,3.1503540137337898,17.73693843383821,6.424137489473597,-0.5354545454545454,0.49874139111027427,0.0,-1.0,-0.5454545454545454,0.49792959773196915,0.0,-1.0,3.4443166,0.93046653,6.2811704,1.4843973,3.5768447,1.2041416,6.2234726,2.1199389,-344.43164,140004,39000,390,9.930484018754214,3.026514452067204,3.131720216246322,16.08871868706774,586.1922419270268,38
13.210968,13.151517,383.63043,-386.45187,246.74254,-42.214153,-813.97595,-386.0066,246.54124,-41.87613,-815.32733,-385.3305,246.58621,-40.158794,-814.5929,13.210968,23.847622,121.5229,0.002474431,13.151518,31.518164,219.0288,0.000608027,0.09277194,0.83033186,1.0,-1.0,-3.0765815,0.9380405,-1.2695116,-8.074968,-307.65817,68.23627,-188.82407,-437.5565,0.114847526,0.6335417,1.0,-1.0,10,-6.3211884938003005,1.212935112139376,-3.3026594097824096,-9.308347420389234,-632.1188493800299,104.22895318452056,-447.8778306217985,-794.3045224381812,0.19114854110443003,0.6347128803306509,1.0,-1.0,0.20844183959491652,0.09998882883431201,0.4433116108628787,0.06983174920391977,0.2172831356724492,0.11099135434000583,0.44295772246921356,0.08740220192443149,0.4672727272727273,0.4989277759554329,1.0,0.0,0.45454545454545453,0.49792959773196915,1.0,0.0,0.09090909090909091,0.28747978728803447,1.0,0.0,0.09090909090909091,0.2874797872880344,1.0,0.0,0.022727272727272728,0.14903269373413638,1.0,0.0,0.0,0.0,0.0,0.0,0.0,0.0,0.0,0.0,0.0,0.0,0.0,0.0,0.07300155664016049,0.04165089054216413,0.21894049079796182,0.008365272943650094,0.07917404068951032,0.04727611561333851,0.21678961967411642,0.04350841048425981,0.1756873188196965,0.11613720538604354,0.3777668260296813,0.025482938223760236,0.17711055857947963,0.11492967467824929,0.3777648839036285,0.025482938223760236,0.24868887545985693,0.12364063289593177,0.5869176741035426,0.03384821116741033,0.25628459926898994,0.11146890403848282,0.4467154505274624,0.06899134870802004,0.0,0.0,0,0,0.0,0.0,0,0,11.930545631432613,3.6322178077326375,27.81826948029161,5.462571960715026,12.512087128756532,3.4431403456497547,17.429661355387132,7.10671336525012,-0.67,0.4702127178203499,0.0,-1.0,-0.7272727272727273,0.4453617714151233,0.0,-1.0,3.0765815,0.9380405,8.074968,1.2695116,3.528939,0.81295526,4.6830926,1.9692855,-307.65817,144004,40000,400,10.090175443212502,2.8757466729730368,3.192042938666418,16.157965054851957,602.4369277869118,39
11.944733,13.665768,365.77814,-370.1787,237.52219,-48.64406,-714.28687,-370.6253,238.02977,-44.622814,-715.1234,-370.15756,237.74443,-48.571877,-712.7951,11.944733,24.138834,185.75395,0.005210198,13.665768,27.827888,223.52727,0.0047053955,0.11973351,0.83491874,1.0,-1.0,-3.2729492,1.3341621,-0.9685819,-7.731403,-327.29498,116.53847,-122.69221,-585.6197,0.19525062,0.6492485,1.0,-1.0,10,-6.224722761663371,1.007809894779158,-4.137612807498562,-9.196339243368303,-622.472276166337,79.41053913582911,-544.3458524211047,-788.6979436373232,0.1576855988453296,0.6513299933732385,1.0,-1.0,0.23422881694257502,0.10666501638347696,0.4254609199974979,0.08821399310668526,0.2475511828646383,0.10456759721762299,0.42545045624790745,0.09355836469345352,0.26272727272727275,0.44011549949139717,1.0,0.0,0.18181818181818182,0.38569460791993493,1.0,0.0,0.0,0.0,0.0,0.0,0.0,0.0,0.0,0.0,0.0,0.0,0.0,0.0,0.0,0.0,0.0,0.0,0.0,0.0,0.0,0.0,0.0,0.0,0.0,0.0,0.08631394607965642,0.03346629786260511,0.22618633363365362,0.011936015362253345,0.10134715047340977,0.043788358367993725,0.1847821148078533,0.05320802990655824,0.19434499857134968,0.10245083162802338,0.40494188009229454,0.06394406737094095,0.1943449791978823,0.10245082835341372,0.4049397135413495,0.06394406737094095,0.2806589446510062,0.10156298358755582,0.6311282137259482,0.08671766441282458,0.2956921296712921,0.09783361571369366,0.48645459940115526,0.11753744110680053,0.0,0.0,0,0,0.0,0.0,0,0,11.712257963855905,4.016057690733743,27.683748704427174,5.143187713267166,12.521205723730331,4.170536234363682,18.765330372545346,6.311546329573884,-0.67,0.4702127178203499,0.0,-1.0,-0.7272727272727273,0.4453617714151233,0.0,-1.0,3.2729495,1.3341621,7.731403,0.9685819,3.769935,1.3880571,6.3720255,1.2847165,-327.29498,148004,41000,410,10.0633709942922,2.962389321066439,3.155104765552096,16.180865080910735,618.6907671779627,40
9.910403,10.327307,386.5774,-388.38455,241.91591,-56.00429,-777.4939,-388.36517,241.80737,-54.889965,-772.7461,-388.68118,241.87965,-53.554363,-767.0691,9.910403,15.047243,108.67655,0.004530167,10.327307,15.731695,75.27024,1.1408702e-06,0.042285893,0.8565765,1.0,-1.0,-3.1101408,0.8789687,-0.9875115,-7.1311955,-311.01404,65.5269,-210.69629,-446.05746,0.18314268,0.6453984,1.0,-1.0,10,-6.313503027217382,0.8302188664499465,-3.817108991720718,-8.541804972154335,-631.3503027217382,64.22228449351078,-492.164814414173,-708.5237134515021,0.14116559836523784,0.6188317252478844,1.0,-1.0,0.1891165558329538,0.0894418276386247,0.42358193670563377,0.05535120692948178,0.1865052733891406,0.0892220247155836,0.423510382925072,0.0955795889303104,0.22545454545454546,0.4178813149548921,1.0,0.0,0.18181818181818182,0.38569460791993493,1.0,0.0,0.13363636363636364,0.340261202534778,1.0,0.0,0.09090909090909091,0.2874797872880344,1.0,0.0,0.0,0.0,0.0,0.0,0.0,0.0,0.0,0.0,0.005454545454545455,0.0736531967291967,1.0,0.0,0.0,0.0,0.0,0.0,0.11879274329083914,0.07727350785277678,0.3011805825055259,0.0050246231688562785,0.12761668246541624,0.08011942595742935,0.30092521573407827,0.03216715886898395,0.1535806120830126,0.06328768515959682,0.25453036234954907,0.051611145693307936,0.15664097631210638,0.05972576500790869,0.2545303619126559,0.05634378182676607,0.27237335537385177,0.11106286619664658,0.47604962422068997,0.1125917455229547,0.28425765877752257,0.11447791080969813,0.47579425744924236,0.12709813478129325,0.0,0.0,0,0,0.0,0.0,0,0,13.206156009063582,2.5980929692507937,26.80201378812436,5.584372934253199,14.056243961105695,2.8451551340071375,18.22101992451523,8.473956302073896,-0.9172727272727272,0.2754695465462202,0.0,-1.0,-0.9090909090909091,0.28747978728803447,0.0,-1.0,3.1101408,0.87896866,7.131195,0.98751146,3.58684,1.0090165,4.955142,1.6345183,-311.01404,152004,42000,420,9.863634311128408,3.0360068660229445,3.163749248953536,16.06339042610489,634.6889526840532,41
15.949707,14.531599,391.80334,-391.56827,253.22177,-35.56802,-806.4656,-393.02985,253.71536,-35.50421,-810.1747,-393.56937,254.11328,-34.79746,-813.31415,15.949708,22.53637,160.11424,0.0019234868,14.5316,35.487976,370.5625,0.00019878522,0.09431499,0.8438435,1.0,-1.0,-3.6595082,1.0341289,-0.9274461,-6.8625054,-365.95087,84.76065,-159.70749,-499.08572,0.10061013,0.71978444,1.0,-1.0,10,-6.181606735691153,0.5980019834742955,-4.855626521588367,-7.971433218143242,-618.1606735691154,40.86167685399083,-553.7527634423316,-690.8649893994037,0.04694713290778899,0.6538904835832889,1.0,-1.0,0.26157426047595334,0.06456489336805665,0.39583820200347963,0.1542703931620127,0.26678513930881376,0.07671225787292915,0.39583820200347963,0.16918782909897748,0.14545454545454545,0.3525585350848239,1.0,0.0,0.0,0.0,0.0,0.0,0.0,0.0,0.0,0.0,0.0,0.0,0.0,0.0,0.0,0.0,0.0,0.0,0.0,0.0,0.0,0.0,0.0,0.0,0.0,0.0,0.0,0.0,0.0,0.0,0.12275342214892018,0.06981724254985242,0.27368466363422517,0.009028446294895052,0.16253205061626994,0.07317555864157392,0.27157517491085886,0.07622704995888484,0.2142364761463546,0.03577778827944077,0.254400777376887,0.13040360227758435,0.21423644979728415,0.03577779406790125,0.2544007770860814,0.13040360227758435,0.3369898982952748,0.08694201740630292,0.5038556337807524,0.19762308509790394,0.37676850041355414,0.09489877702655493,0.5038556337807524,0.21727892908730378,0.0,0.0,0,0,0.0,0.0,0,0,12.712030908123323,2.72451060014226,21.63194840621826,3.833294719227811,14.680343393589038,2.397572644868199,18.656061825307102,9.568952903497745,-0.8072727272727273,0.39444070666499437,0.0,-1.0,-0.9090909090909091,0.28747978728803447,0.0,-1.0,3.6595082,1.034129,6.8625054,0.9274461,4.4859924,1.3044775,6.8625054,1.6340212,-365.95087,156004,43000,430,10.027632654295303,2.9709813910303637,3.1722650076262653,16.170879052951932,650.8173493171344,42
19.447918,17.030119,386.1607,-386.2193,245.71231,-44.12995,-751.43286,-387.1483,246.18234,-45.564472,-755.8064,-387.50555,246.40804,-45.213867,-752.34753,19.447918,57.924892,602.46515,0.00063541904,17.030119,63.779972,698.27515,0.0019044615,0.08405556,0.855372,1.0,-1.0,-3.4964492,0.8769986,-1.1184977,-7.251048,-349.645,59.873695,-245.62369,-437.85153,0.12738675,0.6393092,1.0,-1.0,10,-6.20016180250943,0.9663925585798824,-3.8655056234576026,-8.614298120820719,-620.0161802509431,79.39529190445604,-484.0382676719468,-749.344351111204,0.10188939198189263,0.6747537476988417,1.0,-1.0,0.20715202077772724,0.07694333070198354,0.37915052335777494,0.06846494498695473,0.22003595365501097,0.08880991975216011,0.37915052335777494,0.10037655616184873,0.2963636363636364,0.45665329452984205,1.0,0.0,0.18181818181818182,0.38569460791993493,1.0,0.0,0.0,0.0,0.0,0.0,0.0,0.0,0.0,0.0,0.0,0.0,0.0,0.0,0.0,0.0,0.0,0.0,0.0,0.0,0.0,0.0,0.0,0.0,0.0,0.0,0.106897826261915,0.059085245687013024,0.2745908851341097,0.0075266831534415764,0.13815457571075332,0.06627969227900478,0.2744687644131124,0.03998101038928694,0.2339045588042034,0.07663981754977009,0.37326197078513007,0.1008706891387834,0.2339045406869803,0.07663981777597836,0.3732597246797225,0.1008706891387834,0.34080238506611843,0.10640396683938286,0.5521193513629636,0.15104842222917275,0.3720591163977336,0.11234025007366424,0.5498042627115213,0.19733210415548086,0.0,0.0,0,0,0.0,0.0,0,0,12.12424119673588,3.4522467751463033,27.103408565402425,6.5316194819138635,13.621291148870258,3.648313516470647,18.170392621303012,8.43723462424598,-0.6681818181818182,0.4708660914029145,0.0,-1.0,-0.7272727272727273,0.4453617714151233,0.0,-1.0,3.4964492,0.8769986,7.251048,1.1184977,4.0696607,0.95906246,6.4919987,2.9985652,-349.645,160004,44000,440,10.002687450847588,2.9285113719524816,3.169115911470726,16.100314734270796,666.8936069213087,43
16.961716,16.09748,391.58923,-394.5004,253.18105,-36.029728,-827.0406,-394.33673,253.17285,-36.62229,-827.3305,-394.5473,252.86732,-38.434013,-829.6155,16.961716,35.46416,226.58252,3.7252903e-05,16.09748,33.490086,260.94406,0.0023131967,0.021374878,0.8599249,1.0,-1.0,-3.0213828,0.92161334,-1.1985532,-7.056401,-302.13828,80.63947,-198.70221,-495.7092,-0.075246684,0.6935078,1.0,-1.0,10,-6.023627451220035,1.1438689068613928,-3.9193315079784963,-10.008290684408152,-602.3627451220037,100.41418176802782,-462.5663950957127,-820.5407469090202,0.07154272620142874,0.6844982074933803,1.0,-1.0,0.24708193096578637,0.06764362989225381,0.3994705383372999,0.11902902428966866,0.25728087276636624,0.08020700629708409,0.3994705383372999,0.13391007261121082,0.13545454545454547,0.34220843293269076,1.0,0.0,0.09090909090909091,0.28747978728803447,1.0,0.0,0.0,0.0,0.0,0.0,0.0,0.0,0.0,0.0,0.0,0.0,0.0,0.0,0.0,0.0,0.0,0.0,0.0,0.0,0.0,0.0,0.0,0.0,0.0,0.0,0.11806172876974666,0.08532512891229027,0.3520268059456383,0.01029980534059677,0.12316498845909579,0.08350648103265397,0.3519280607136668,0.03835576096171269,0.21817049905898148,0.06324947946094918,0.3074851486858732,0.10507613828995496,0.21817048036074335,0.06324948311553137,0.3074839477937836,0.10507613828995496,0.3362322278287282,0.09388463748788686,0.5236734029571588,0.16715889289323793,0.3413354688198391,0.09814927433699105,0.5235746577251874,0.19415747806854372,0.0,0.0,0,0,0.0,0.0,0,0,11.93295166887264,2.53196453354812,25.22307122059699,6.957805493520164,11.978285811168575,2.410736861260854,15.671205997754855,7.59329921725012,-0.7536363636363637,0.43089278833756584,0.0,-1.0,-0.8181818181818182,0.385694607919935,0.0,-1.0,3.0213828,0.92161334,7.056401,1.1985533,3.0455186,0.78203136,5.072832,1.9767241,-302.13828,164004,45000,450,9.865380348055623,2.9043810250004753,3.173001977847889,15.942763350903988,682.8988702883944,44
19.825184,15.9578285,389.01114,-391.25485,251.91893,-40.96397,-895.81616,-391.42575,251.64928,-40.495636,-897.6437,-389.63867,251.33952,-37.75238,-894.83685,19.825184,41.753967,358.7098,0.0007644631,15.957827,29.748777,205.864,0.00091278926,0.015119358,0.86462533,1.0,-1.0,-3.1245322,1.0607044,-1.0485917,-7.571434,-312.45322,67.37479,-180.8723,-408.64862,0.29340473,0.61295575,1.0,-1.0,10,-6.235482555965018,1.027434122009923,-3.649196816299278,-8.72917331197108,-623.548255596502,77.78326933009207,-463.42709474314614,-722.9920696943079,0.10159354298556741,0.6858219978017112,1.0,-1.0,0.22839777645644652,0.07221642775137134,0.39474028246177056,0.06437649500480017,0.24437763557336936,0.08768666945441345,0.39474028246177056,0.0736371647225546,0.3054545454545455,0.46059968097655307,1.0,0.0,0.18181818181818182,0.385694607919935,1.0,0.0,0.04909090909090909,0.21605784349460028,1.0,0.0,0.0,0.0,0.0,0.0,0.0,0.0,0.0,0.0,0.0,0.0,0.0,0.0,0.0,0.0,0.0,0.0,0.0,0.0,0.0,0.0,0.10305411558930491,0.06292553640630949,0.25975493714740316,0.004856057040693003,0.14804186981581416,0.07846892227000056,0.25922333648855506,0.035587353755581606,0.20396568216059538,0.06559233541213069,0.3308214880737494,0.043715072263303366,0.20859442922342353,0.056434421153306207,0.33081974231598044,0.11794016527175777,0.30701979774990024,0.09776795086472258,0.5905746794633836,0.11390830891158665,0.3566362990392377,0.1090095017313433,0.5900430788045354,0.19708869179682612,0.0,0.0,0,0,0.0,0.0,0,0,11.620392151902452,3.097479159751502,27.74030555158591,4.0416288241846035,13.756791268620098,2.8738333461121375,18.7117818624804,10.311737674688388,-0.6918181818181818,0.46174211972048523,0.0,-1.0,-1.0,0.0,-1.0,-1.0,3.1245322,1.0607044,7.571434,1.0485917,3.9607294,1.1480958,5.4983134,1.9598426,-312.45322,168004,46000,460,10.007068313192576,2.9663023529574275,3.1610235782573,16.134394244407304,699.1834876708454,45
14.405608,13.865715,390.33102,-391.9797,255.03993,-30.986052,-837.67004,-392.5345,255.19379,-32.38546,-837.99255,-392.0111,255.34465,-30.071043,-836.91724,14.405609,27.616703,204.30466,0.0001796899,13.865715,23.700659,117.20732,2.033083e-05,0.14782578,0.84274364,1.0,-1.0,-3.2459986,1.076835,-1.4364868,-7.485339,-324.59985,71.38835,-166.44699,-467.12656,0.08869857,0.69560015,1.0,-1.0,10,-5.772710975103245,0.6621111409263195,-4.1246100095250675,-7.889427628826331,-577.2710975103244,48.37060370834595,-525.9633688358634,-679.2755483888874,0.0457417770945219,0.6802590058684376,1.0,-1.0,0.2706806075510414,0.09196853859003314,0.4055869667017683,0.06958733800295272,0.2789399945429461,0.09001521056864312,0.40105382855444127,0.07490251022342474,0.25636363636363635,0.4366249217738831,1.0,0.0,0.2727272727272727,0.4453617714151233,1.0,0.0,0.09090909090909091,0.28747978728803447,1.0,0.0,0.09090909090909091,0.2874797872880344,1.0,0.0,0.0,0.0,0.0,0.0,0.0,0.0,0.0,0.0,0.0,0.0,0.0,0.0,0.0,0.0,0.0,0.0,0.1128956644111656,0.07564323677549768,0.2840604332239669,0.005059724616683289,0.13482909079380967,0.09430075713847058,0.2840604332239669,0.018849911728894473,0.23325199843371075,0.09594110946594565,0.3599603043265603,0.04924308911670212,0.23619545453840496,0.09433325300702873,0.3599592691444662,0.04924308911670212,0.34614766284487636,0.07903902716192726,0.5609986324146417,0.08085294860592862,0.3710245453322145,0.08034514358032815,0.5609986324146417,0.26781763019721005,0.0,0.0,0,0,0.0,0.0,0,0,10.944324085039389,3.712906138836263,27.76919566002529,5.069591822393075,12.23489264968482,4.113977119956648,19.033231425603397,6.1356923400801655,-0.49,0.4998999899979995,0.0,-1.0,-0.6363636363636364,0.48104569292083466,0.0,-1.0,3.2459986,1.0768349,7.485339,1.4364868,3.8996131,1.4518427,6.715486,1.6214322,-324.59985,172004,47000,470,9.865719632362016,3.117853985982947,3.167062462773174,16.150636081118137,715.2042148930486,46
13.966252,15.3987665,390.21777,-392.5819,257.15475,-24.869051,-822.0475,-393.25766,257.6951,-23.584112,-825.9996,-392.37506,257.1917,-24.3746,-824.90625,13.966252,34.811768,293.97366,1.7225742e-05,15.398766,35.70914,315.52148,8.944422e-06,0.08859393,0.8578499,1.0,-1.0,-3.655487,1.263447,-1.6795015,-7.434829,-365.5487,115.928116,-178.10864,-588.64526,0.2274006,0.6316534,1.0,-1.0,10,-5.898964578825886,0.8948576833417434,-4.236568674524203,-8.50718420835134,-589.8964578825887,67.52104175998792,-511.601973846609,-681.1384192374809,0.17896626827221734,0.6871770657313104,1.0,-1.0,0.22605133293134502,0.09416909733133233,0.3825549975789183,0.06172274974378576,0.24265376859944962,0.09400001623998705,0.37984587936919917,0.10180685748438716,0.36727272727272725,0.48206168803834665,1.0,0.0,0.2727272727272727,0.4453617714151233,1.0,0.0,0.0,0.0,0.0,0.0,0.0,0.0,0.0,0.0,0.0,0.0,0.0,0.0,0.0,0.0,0.0,0.0,0.0,0.0,0.0,0.0,0.0,0.0,0.0,0.0,0.09279775589645876,0.050570082069120954,0.2203843085729948,0.015052289797120113,0.10496974761686038,0.051634038690358486,0.21709643886263955,0.02219568971822578,0.21587111424145233,0.07303823023548277,0.3091738475200629,0.0865810152458663,0.2158710957682778,0.07303823006341303,0.3091715368503743,0.0865810152458663,0.3086688701379111,0.08584843632462147,0.470901328619726,0.1153349859739523,0.32084084338513824,0.0775936181298658,0.41893234884300623,0.1810494924258882,0.0,0.0,0,0,0.0,0.0,0,0,12.387224448146899,3.6560736440428636,27.1606198292993,6.6423616928116385,12.642394370798103,3.5342199141734145,20.247750763869327,7.117603845814914,-0.7327272727272728,0.44253589292725803,0.0,-1.0,-0.7272727272727273,0.4453617714151233,0.0,-1.0,3.655487,1.263447,7.4348297,1.6795015,3.9452944,1.242002,6.6871085,1.7355009,-365.5487,176004,48000,480,9.874450364382938,2.987223182921298,3.2015433826018125,16.063216929906048,731.2400499230716,47
23.118374,19.125942,396.3707,-399.19336,256.35724,-40.315147,-854.6865,-399.23218,255.99318,-40.67864,-852.9371,-399.0537,256.3609,-37.63976,-855.2464,23.118374,80.06311,632.5602,0.0016822815,19.125942,64.07046,546.31323,3.1530857e-05,0.093142316,0.8613671,1.0,-1.0,-3.4616132,1.0440936,-0.8074419,-6.5477343,-346.16132,94.30126,-192.94283,-521.9684,-0.079851985,0.6737861,1.0,-1.0,10,-6.10312166150948,0.9225975771445152,-4.101160180076363,-8.302563089632068,-610.312166150948,73.77214175826816,-494.21591445289397,-719.0952499038882,0.18074144051752097,0.6555629954864967,1.0,-1.0,0.24547684582763798,0.060190663953524404,0.35639904550239365,0.11776873968135838,0.25362278115714476,0.0585574513596594,0.3343843213651499,0.16129016607168117,0.21727272727272728,0.41238972981416305,1.0,0.0,0.18181818181818182,0.38569460791993493,1.0,0.0,0.0,0.0,0.0,0.0,0.0,0.0,0.0,0.0,0.0,0.0,0.0,0.0,0.0,0.0,0.0,0.0,0.0,0.0,0.0,0.0,0.0,0.0,0.0,0.0,0.11372542650549573,0.07106109949766856,0.31345488166937463,0.02261096406592397,0.1282426354462176,0.0713133688423756,0.26643568767210546,0.03547068556553638,0.2072237426055273,0.07532162133264195,0.3472753018764638,0.09016232649131958,0.20722372479912163,0.07532162070132772,0.34727338829248133,0.09016232649131958,0.32094916911102306,0.1229046937560452,0.5685607160303832,0.13245073118112188,0.33546636024533927,0.12279277422721821,0.5536513416601178,0.176678567039954,0.0,0.0,0,0,0.0,0.0,0,0,11.829651378233919,3.036130724205377,26.219929555251536,4.445865593625827,12.257518400844056,3.480996234609573,17.543855522369455,4.518132122651941,-0.7136363636363636,0.45206139420683933,0.0,-1.0,-0.8181818181818182,0.385694607919935,0.0,-1.0,3.4616132,1.0440936,6.5477343,0.8074419,3.4957335,1.0934273,5.157819,1.0004,-346.16132,180004,49000,490,9.86288476549089,2.9606862340588123,3.1527725107735023,15.976343510323204,747.1535272303736,48
14.822193,14.405509,383.26068,-385.68677,247.68053,-30.685892,-808.2672,-385.6249,247.7272,-30.642029,-808.3083,-384.31573,247.54764,-29.442913,-808.5625,14.822191,27.752144,217.32309,2.9508024e-05,14.405508,27.638783,214.5499,0.008348409,-0.04788278,0.8545711,1.0,-1.0,-3.2505813,1.105713,-1.4589596,-7.82503,-325.05814,89.96994,-197.74002,-531.4581,0.07700653,0.72574353,1.0,-1.0,10,-6.353320152265089,0.9356610899823357,-4.543246203644621,-8.980498713833676,-635.3320152265089,73.22274767337683,-535.8536813731346,-782.481994180707,0.08088339168557633,0.6543303649256687,1.0,-1.0,0.2310729417474003,0.09565818863509676,0.47920383886292733,0.06926334404690364,0.22675572523409454,0.08262589397810871,0.360678144600406,0.08584853187906495,0.1709090909090909,0.3764295067522192,1.0,0.0,0.09090909090909091,0.2874797872880344,1.0,0.0,0.09090909090909091,0.28747978728803447,1.0,0.0,0.09090909090909091,0.2874797872880344,1.0,0.0,0.0,0.0,0.0,0.0,0.0,0.0,0.0,0.0,0.0,0.0,0.0,0.0,0.0,0.0,0.0,0.0,0.12279248267634278,0.060334803638468965,0.31310951501170053,0.012673602343590142,0.16448927419116333,0.07258939008160112,0.30698808267129457,0.03350685180949559,0.20060924389034704,0.09051359165748853,0.39271346618278385,0.049779112890180825,0.2006092302657696,0.09051358518874293,0.392711339399308,0.049779112890180825,0.3234017265666898,0.11175359434533651,0.5858490476656544,0.11598818211899983,0.365098504456933,0.13485174313819995,0.566085792245097,0.1447783116159023,0.0,0.0,0,0,0.0,0.0,0,0,12.26045618558635,3.180842281310689,28.150064720899838,5.51391933388651,13.653561743408192,2.9389680474804587,19.542361640819585,9.213711928685738,-0.7945454545454546,0.4040333837773948,0.0,-1.0,-0.9090909090909091,0.28747978728803447,0.0,-1.0,3.2505813,1.105713,7.82503,1.4589596,3.8161361,1.2507442,5.641616,2.3171422,-325.05814,184004,50000,500,9.830413647228852,2.8969866159604862,3.1710361351724714,15.89843639836181,763.117448640638,49
22.245499,20.239235,385.0878,-387.6587,252.55191,-28.609015,-830.25714,-387.41467,252.05524,-29.117657,-826.99524,-387.77808,252.36761,-29.04516,-830.34906,22.245499,126.12345,1416.9545,0.0005493164,20.239235,110.79163,1207.5116,0.0010603005,0.03536984,0.8758446,1.0,-1.0,-3.2839777,1.338848,-0.39653388,-7.4929047,-328.39774,117.31342,-167.769,-606.491,-0.061469186,0.69425774,1.0,-1.0,10,-6.34918846689592,1.1173964658250248,-2.911188956691495,-8.264684389474919,-634.918846689592,78.89815923486984,-475.4957585327941,-744.2231482391292,0.19365851921885155,0.6606059932941337,1.0,-1.0,0.2586021633063709,0.10124657838023163,0.42743386754833207,0.054890235049202776,0.2642798766406899,0.09379841262652107,0.4047411918756049,0.06772737435852841,0.25272727272727274,0.4345758833013027,1.0,0.0,0.18181818181818182,0.385694607919935,1.0,0.0,0.0,0.0,0.0,0.0,0.0,0.0,0.0,0.0,0.0,0.0,0.0,0.0,0.0,0.0,0.0,0.0,0.01818181818181818,0.13360853142453702,1.0,0.0,0.0,0.0,0.0,0.0,0.10712572819185398,0.07056301443604965,0.33520902832051663,0.0060854027722488935,0.11382589694444416,0.08151034049017704,0.33520902832051663,0.04215169477157515,0.1727220686553728,0.07333914005332436,0.3471590613859217,0.08169775278112061,0.17192646413559767,0.07424287224098848,0.3471583737553524,0.08169775278112061,0.27984779684722677,0.10999540823909973,0.5358676563175017,0.13109155800219952,0.2857523610800418,0.11839897720299693,0.5358676563175017,0.16715785000152578,0.0,0.0,0,0,0.0,0.0,0,0,12.271413758847494,3.8250882288861017,27.529919832192316,3.211589930363942,12.377649857958216,4.3382946161336315,20.092224505575988,4.868819735133525,-0.6963636363636364,0.459827491907617,0.0,-1.0,-0.7272727272727273,0.4453617714151233,0.0,-1.0,3.2839777,1.338848,7.4929047,0.39653385,3.416153,1.6950456,6.91548,0.7916307,-328.39774,188004,51000,510,9.977588189882226,2.9625485229771584,3.1540611111558974,16.094197824015282,779.2940999278799,50
17.858334,12.5031185,377.8971,-380.4588,243.09688,-28.62818,-747.891,-380.99054,243.14218,-29.724724,-746.8011,-380.20013,243.59889,-26.882246,-746.0936,17.858334,99.123474,1123.36,0.0011500684,12.5031185,26.99091,250.38464,4.673004e-05,0.108768225,0.8377566,1.0,-1.0,-2.8487875,0.92968947,-1.3343555,-7.02847,-284.87878,54.850662,-175.51129,-357.08768,0.08262829,0.7100572,1.0,-1.0,10,-6.260105217546616,1.1154246696295038,-3.6738664893064397,-9.814488625876699,-626.0105217546617,96.83429387273061,-457.90429750966535,-827.2310558249734,0.0937144958168542,0.6404998014044492,1.0,-1.0,0.21532451501292815,0.091774267115216,0.44868275044284106,0.04123796912756507,0.21383024103149528,0.08675952547033551,0.33800706213066173,0.0573206317662165,0.1990909090909091,0.3993165649059208,1.0,0.0,0.18181818181818182,0.385694607919935,1.0,0.0,0.0,0.0,0.0,0.0,0.0,0.0,0.0,0.0,0.0,0.0,0.0,0.0,0.0,0.0,0.0,0.0,0.06545454545454546,0.24732619742737383,1.0,0.0,0.09090909090909091,0.2874797872880344,1.0,0.0,0.12096973874549494,0.07958858045040447,0.3101462189770911,0.006811566478126563,0.13481532136862182,0.08232862361107676,0.3090060407678389,0.022214577471071275,0.17921948074535066,0.06754335253750544,0.29548130918022053,0.0658985255818649,0.17982271854552326,0.06696883715956964,0.2954786101644782,0.0658985255818649,0.3001892194908456,0.11458643759252053,0.6056248291415693,0.1131883047788326,0.3146380399141451,0.11970079984452692,0.6044846509323171,0.1663185141291701,0.0,0.0,0,0,0.0,0.0,0,0,11.918712033208545,2.970085920034855,26.792926872803207,4.315350852436361,13.350618222788023,2.3991037080954567,17.853791260139413,10.165658240304449,-0.8381818181818181,0.36828393645560986,0.0,-1.0,-1.0,0.0,-1.0,-1.0,2.8487875,0.92968947,7.0284705,1.3343555,3.499289,1.1658942,6.0643888,1.7023714,-284.87878,192004,52000,520,9.89317385153845,3.045592257985845,3.143945235060528,16.082711344584823,806.8506326642819,51
10.631489,14.381527,396.32013,-398.86377,251.05818,-28.55164,-766.47894,-398.53107,251.3783,-29.09232,-767.99664,-398.89868,251.5123,-26.688583,-767.2739,10.631489,19.085268,117.74912,6.247405e-05,14.381526,25.672277,175.12566,0.0012273937,0.022233788,0.87430143,1.0,-1.0,-3.8132114,1.2521662,-1.6014457,-7.705133,-381.3212,103.114655,-214.70265,-585.4719,-0.019695845,0.6815194,1.0,-1.0,10,-6.542212904802907,1.2276816420163736,-4.313429077222172,-9.151917500283474,-654.2212904802907,111.4837127562072,-475.81907902975684,-819.399261139437,0.0334332548594966,0.7174992709046607,1.0,-1.0,0.20153716203216804,0.06068966919939096,0.344410875114831,0.0907691302399241,0.21146570777694215,0.0670848174743297,0.3439006227664798,0.13765496949399345,0.26272727272727275,0.44011549949139717,1.0,0.0,0.18181818181818182,0.38569460791993493,1.0,0.0,0.0,0.0,0.0,0.0,0.0,0.0,0.0,0.0,0.0,0.0,0.0,0.0,0.0,0.0,0.0,0.0,0.0,0.0,0.0,0.0,0.0,0.0,0.0,0.0,0.10732410624987329,0.0706898631476301,0.34514140333742493,0.009791493616268961,0.13249242455722507,0.09292186763687091,0.3363231309867246,0.02108481997092391,0.18507301597851736,0.05366977888879426,0.26318329647499233,0.08131910082013748,0.18507300384593403,0.053669776014353604,0.2631813987340348,0.08131910082013748,0.2923971222283906,0.10691170792169687,0.6083228020714597,0.09646688720600786,0.3175654284031591,0.1306596132086073,0.5995045297207594,0.10240392079106139,0.0,0.0,0,0,0.0,0.0,0,0,13.6934615769171,4.2126992153335925,27.046321067303463,5.484656869535914,14.808228985464133,4.026461759247338,18.987761492740272,6.025440107497766,-0.7727272727272727,0.4190702026042222,0.0,-1.0,-0.8181818181818182,0.385694607919935,0.0,-1.0,3.813212,1.252166,7.7051325,1.6014457,4.1303196,1.249353,5.646652,2.0712318,-381.3212,196004,53000,530,9.939580156700686,2.9831214681034908,3.1760934377089143,16.09879506251309,822.9044594269944,52
15.594647,14.997884,395.80356,-397.48816,255.32213,-21.923914,-851.3928,-397.5088,255.03365,-23.453697,-850.18225,-397.0691,254.66353,-22.308542,-850.7122,15.594646,34.84247,271.31824,0.00032860413,14.997885,31.244843,219.33241,0.0029615876,0.04922682,0.86838865,1.0,-1.0,-3.0423543,1.1048126,-0.8316709,-7.0165067,-304.2354,84.942,-164.87772,-465.56674,0.117545,0.67711204,1.0,-1.0,10,-6.095050410401314,0.9970338624085954,-3.799909579157535,-9.087594122403942,-609.5050410401313,69.90020074755246,-497.2176104496768,-714.9594717692531,0.17593581802168898,0.6731562624647053,1.0,-1.0,0.23264518498161774,0.09332029444693246,0.41622087512110933,0.07423902126000272,0.2339085000386232,0.10574425070385188,0.41607952932570086,0.0745525532334186,0.2990909090909091,0.45785973527935675,1.0,0.0,0.18181818181818182,0.38569460791993493,1.0,0.0,0.0,0.0,0.0,0.0,0.0,0.0,0.0,0.0,0.0,0.0,0.0,0.0,0.0,0.0,0.0,0.0,0.0,0.0,0.0,0.0,0.0,0.0,0.0,0.0,0.11180248020017174,0.06683377672785258,0.2885180862959166,0.012475064378998669,0.1510828471536478,0.0815647143988182,0.2851199793290287,0.036877992165377564,0.20522167235682343,0.08987022766968757,0.3847467132052415,0.0845317443515218,0.20730051449093115,0.0884514069948256,0.38474534821017203,0.0845317443515218,0.3170241525569952,0.119042888615854,0.592583742564787,0.1043947101682541,0.3583833616445789,0.1197450865168103,0.5921825454059799,0.17074957607132718,0.0,0.0,0,0,0.0,0.0,0,0,12.075233616523596,3.165114681282666,26.40428704720802,5.198154228356085,14.261328306170242,2.950984046356133,18.815710385847943,9.341396253649918,-0.6936363636363636,0.46098260127437124,0.0,-1.0,-0.8181818181818182,0.385694607919935,0.0,-1.0,3.0423543,1.1048126,7.0165067,0.8316709,3.749046,1.1249843,5.425961,2.1564376,-304.2354,200004,54000,540,9.856404496938922,2.938573161023669,3.138648569351062,15.933626227313653,839.000317712198,53
13.966043,14.411865,392.4299,-395.61328,248.86923,-40.141186,-782.1639,-395.1198,248.80803,-39.47245,-784.8561,-395.5772,249.341,-39.575386,-796.44824,13.966045,39.18493,371.9702,0.00012888014,14.411866,45.01838,475.64938,6.8145106e-05,0.049453788,0.8675581,1.0,-1.0,-2.9833004,0.9220573,-1.3141595,-7.747338,-298.33002,67.52844,-208.6655,-435.0053,0.16653186,0.6674836,1.0,-1.0,10,-6.365221273112386,0.7743402941110625,-4.873028623363168,-8.602588143053328,-636.5221273112386,44.15412966374717,-589.2317044578044,-744.1293679277115,0.06159023713778279,0.6709849902999716,1.0,-1.0,0.2000697800115651,0.0821553465892183,0.404418470213998,0.05881675265893602,0.23088064417232756,0.09489533132474086,0.40159918408318307,0.0713528124954742,0.07818181818181819,0.26845748543783116,1.0,0.0,0.0,0.0,0.0,0.0,0.0,0.0,0.0,0.0,0.0,0.0,0.0,0.0,0.0,0.0,0.0,0.0,0.0,0.0,0.0,0.0,0.004545454545454545,0.06726658448613064,1.0,0.0,0.0,0.0,0.0,0.0,0.10522365084789707,0.04912367934197404,0.22300090018663057,0.025452539371851293,0.11388407893367812,0.05578922831478984,0.22010065966881626,0.0673346457744233,0.15950487943983865,0.0724552404800323,0.332732608439015,0.07798710579383179,0.15951527778571484,0.07309224141382305,0.33273260843525443,0.07800573185396666,0.26472853028773574,0.09534045162298876,0.49720363040872384,0.14126357817767096,0.273399356719393,0.11333372607878676,0.4950378193463638,0.14867974053863675,0.0,0.0,0,0,0.0,0.0,0,0,11.793351163892469,2.773370100630479,26.90513701023297,5.871537770144723,12.656034541791682,2.885034811896429,17.70675610724899,8.25002044665601,-0.7327272727272728,0.4425358929272581,0.0,-1.0,-0.8181818181818182,0.385694607919935,0.0,-1.0,2.9833004,0.9220573,7.747338,1.3141595,3.3354957,0.800871,4.6631002,1.8328767,-298.33002,204004,55000,550,9.880231134709902,3.1003844789229333,3.16715368849691,16.147769302129745,855.0000168583356,54
15.938412,17.967829,387.12494,-388.6903,253.13046,-17.229889,-760.529,-388.9828,253.3159,-18.42317,-762.5705,-388.216,252.62338,-17.433931,-757.37537,15.938413,38.924156,250.19925,0.0007212162,17.96783,38.357475,214.87187,6.979244e-07,0.15282486,0.8378954,1.0,-1.0,-3.5634909,1.4236181,-1.4199882,-7.329009,-356.34906,129.7569,-192.7324,-549.5195,0.097827315,0.65668106,1.0,-1.0,10,-6.493944666788868,0.9244087680039772,-4.016832122749899,-9.19604817818042,-649.3944666788868,65.46174672455706,-545.566991026574,-751.9772190609332,0.05584392102850117,0.696986389407046,1.0,-1.0,0.21226514907815008,0.0988994818075377,0.47917405269819463,0.06086569198150964,0.20251163507719303,0.10563286658736283,0.47796990376769977,0.062330133585213686,0.20272727272727273,0.4020310008193829,1.0,0.0,0.18181818181818182,0.385694607919935,1.0,0.0,0.0,0.0,0.0,0.0,0.0,0.0,0.0,0.0,0.0,0.0,0.0,0.0,0.0,0.0,0.0,0.0,0.0,0.0,0.0,0.0,0.0,0.0,0.0,0.0,0.1337755475983029,0.06721817507154189,0.3022810723629943,0.006281261461246738,0.1405275876007184,0.072340776079705,0.2973390739964309,0.0340411244453999,0.2039968439210996,0.10766005036636993,0.4249483450282896,0.06430691326527228,0.20367176259996514,0.10793747588852329,0.42494647563914545,0.06430691326527228,0.3377723915194025,0.09925650600081484,0.5862189494596486,0.11159120353795304,0.3441993502006835,0.08946543314106156,0.45898760008454537,0.16872930360418556,0.0,0.0,0,0,0.0,0.0,0,0,12.872190531744302,3.384074405368348,24.9289207155677,6.306359117670859,12.892476495770977,3.4271491656011652,18.851646484150894,6.384735256113399,-0.7427272727272727,0.4371309541480449,0.0,-1.0,-0.8181818181818182,0.385694607919935,0.0,-1.0,3.5634909,1.4236181,7.329009,1.4199882,3.7081804,1.4752042,6.296109,1.9455689,-356.34906,208004,56000,560,9.909437942318618,2.952835734002292,3.1684434805065393,16.03071715682745,871.0395465501351,55
13.21322,11.546598,387.78687,-389.8007,253.70633,-29.520823,-770.492,-389.28442,253.30489,-29.90309,-772.4406,-388.86905,254.0096,-28.078936,-773.3243,13.21322,28.179855,170.32767,0.0007016808,11.546599,25.65162,188.70851,0.0011228062,0.060244292,0.83373326,1.0,-1.0,-3.3406835,1.2352371,-0.8129915,-7.1230345,-334.06833,99.03486,-172.5971,-469.5659,0.13649493,0.6842904,1.0,-1.0,10,-6.097939096283148,1.1848942087432468,-3.2771764084863473,-9.22887259967351,-609.7939096283147,110.22629753715489,-397.92465704888843,-763.6752497040925,0.0901259448544425,0.663794418730508,1.0,-1.0,0.22993687804552243,0.08729885136979916,0.43857831372837003,0.06773408954914169,0.2400719333992238,0.09666205334247285,0.3858138834489448,0.06777354423798038,0.22636363636363635,0.4184771684284195,1.0,0.0,0.18181818181818182,0.38569460791993493,1.0,0.0,0.0,0.0,0.0,0.0,0.0,0.0,0.0,0.0,0.0,0.0,0.0,0.0,0.0,0.0,0.0,0.0,0.0,0.0,0.0,0.0,0.0,0.0,0.0,0.0,0.10827087755068145,0.06594452973604394,0.3400583191717309,0.0031383789599265365,0.1372416591198714,0.09098750913355132,0.3400583191717309,0.03641482357361551,0.2445031715354778,0.06843055642962244,0.3957918403379928,0.11166600648601323,0.2501409374105837,0.07590321053611303,0.39579176134053495,0.11166600648601323,0.35277404908615917,0.11341881550477795,0.7358500805122659,0.1319404349900339,0.3873825965304551,0.14622716159470361,0.7358500805122659,0.19951655179689787,0.0,0.0,0,0,0.0,0.0,0,0,11.466809192581918,3.185079391204136,27.193435838644884,4.4476587761432675,13.41270039478893,3.158982926226742,18.626538264532883,8.623452727726173,-0.6236363636363637,0.48447296063534534,0.0,-1.0,-0.9090909090909091,0.28747978728803447,0.0,-1.0,3.3406835,1.2352371,7.1230345,0.8129915,3.9806504,1.3602861,5.5882354,1.9083133,-334.06833,212004,57000,570,9.961134724551812,2.9615101428935304,3.2014491790905595,16.1240940465359,887.1165478987386,56
9.441306,8.705503,397.03613,-399.86438,244.50618,-16.311798,-738.92413,-399.70624,244.50992,-16.305317,-737.8685,-399.3366,244.49112,-18.370674,-739.05426,9.441305,13.949836,61.87118,7.543713e-06,8.705503,13.963813,66.91378,0.0003743507,0.049037356,0.8536386,1.0,-1.0,-3.3669126,1.211087,-0.86005336,-7.22564,-336.69122,102.81918,-163.77347,-497.4041,0.12776802,0.7061857,1.0,-1.0,10,-6.516737432396886,1.1114759945969601,-4.062164394640226,-10.15232464890372,-651.6737432396886,91.33503491093816,-497.05454241444517,-791.4558745918513,0.13669923512777032,0.6409566687380026,1.0,-1.0,0.2377358777530411,0.0982665022104375,0.4738396697288114,0.07133781379510344,0.23598816688978025,0.10182968332059454,0.47373966999479333,0.07601490393547927,0.13727272727272727,0.3441350398024513,1.0,0.0,0.18181818181818182,0.38569460791993493,1.0,0.0,0.0,0.0,0.0,0.0,0.0,0.0,0.0,0.0,0.0,0.0,0.0,0.0,0.0,0.0,0.0,0.0,0.0,0.0,0.0,0.0,0.0,0.0,0.0,0.0,0.14273900820361188,0.08559244179203807,0.31672340313941566,0.014118316971299697,0.16087377449806553,0.08832560485079588,0.3130397714287642,0.036733920372399594,0.17919438678100907,0.05966265958623995,0.2835518271355702,0.06909886019940616,0.17919436765552552,0.05966265380203531,0.2835489452131045,0.06909886019940616,0.321933394984621,0.11011523678289616,0.6002723483525201,0.1240279029830485,0.34006814215359105,0.1054971788583332,0.5965887166418686,0.21619398572551596,0.0,0.0,0,0,0.0,0.0,0,0,12.149535621129738,3.642805215445766,25.606620695681777,5.227056749325473,12.543735891871142,3.340725849021569,16.582165022920453,7.775487661966404,-0.7054545454545454,0.45583816179875297,0.0,-1.0,-0.7272727272727273,0.4453617714151233,0.0,-1.0,3.3669126,1.211087,7.22564,0.86005336,3.5370882,1.0142578,4.963563,1.5944326,-336.69122,216004,58000,580,10.067073345417157,2.9144467189908028,3.1881317764054984,16.169651840813458,903.2776554065058,57
14.4258175,11.970873,391.43274,-392.19406,249.08018,-23.7322,-760.3857,-393.14517,249.57285,-27.057884,-763.13385,-393.05566,249.74289,-27.73625,-768.0222,14.4258175,26.698984,176.38431,2.019346e-05,11.970872,25.823694,162.00656,0.000386253,0.027778016,0.8939423,1.0,-1.0,-3.102751,1.046007,-1.3429673,-8.862556,-310.27512,81.32369,-179.72469,-447.44604,0.04897051,0.71301067,1.0,-1.0,10,-6.03649568169743,1.2029742520132372,-3.7504542057004033,-9.324292881035651,-603.6495681697429,106.9867466911198,-446.85450539728276,-807.8776431283554,0.08353932722636563,0.6370578240090954,1.0,-1.0,0.2258670442202007,0.09602654840138568,0.4594328824199678,0.06228035106919648,0.23304529367662755,0.10166199974686795,0.4592916444506501,0.07388243982082536,0.34,0.4737087712930805,1.0,0.0,0.36363636363636365,0.4810456929208347,1.0,0.0,0.1590909090909091,0.3657608395325246,1.0,0.0,0.09090909090909091,0.2874797872880344,1.0,0.0,0.0,0.0,0.0,0.0,0.0,0.0,0.0,0.0,0.0,0.0,0.0,0.0,0.0,0.0,0.0,0.0,0.13090496679983143,0.10378690537680552,0.3628466799877703,0.009369339339852794,0.1583840237766809,0.1253843969696565,0.355595362161372,0.02451788648405929,0.18454312459333513,0.10566441168800274,0.3923607033054059,0.048422684804672586,0.18585511519251902,0.1042182391476202,0.39235878093324617,0.048422684804672586,0.31544809139316665,0.17116050831769106,0.6887489908439703,0.09410624268566053,0.34423913896920005,0.18952423040853406,0.6877708485293793,0.13255931955823186,0.0,0.0,0,0,0.0,0.0,0,0,12.64576916649386,3.2427930093483783,28.428567812975782,6.662848964556423,13.732752711898534,3.1391965416107515,19.23242848075107,8.665963949862432,-0.759090909090909,0.427635242731988,0.0,-1.0,-0.8181818181818182,0.385694607919935,0.0,-1.0,3.102751,1.046007,8.862556,1.3429673,3.6049612,1.1611367,5.7093377,1.7383817,-310.27512,220004,59000,590,9.926063746213913,2.9057353540556505,3.1616549337049946,15.993454033974558,919.3374345676275,58
19.709019,17.872131,378.04733,-379.7188,245.90918,-4.605538,-834.47534,-379.9491,245.64343,-4.3112764,-834.55444,-379.78857,245.66545,-2.836563,-835.83405,19.709019,59.31475,579.7561,0.0005629903,17.872131,47.624012,408.25998,0.0001754202,0.073146775,0.8591155,1.0,-1.0,-3.6029105,1.3062485,-0.81294286,-7.3890486,-360.29108,106.2732,-208.93881,-512.0415,0.28230605,0.6563466,1.0,-1.0,10,-5.942955959526327,1.0100440328216507,-3.280814653701933,-8.719462384328255,-594.2955959526328,78.82528401135386,-454.8730771010614,-753.7565301828872,0.08895000873307048,0.6588986989219627,1.0,-1.0,0.21402351244951506,0.080829058899117,0.37885433653881506,0.06526982958628288,0.2131435384519974,0.0935069651747691,0.3784059161448992,0.08318852428783019,0.20909090909090908,0.4066594408426371,1.0,0.0,0.09090909090909091,0.2874797872880344,1.0,0.0,0.09090909090909091,0.28747978728803447,1.0,0.0,0.09090909090909091,0.2874797872880344,1.0,0.0,0.0,0.0,0.0,0.0,0.0,0.0,0.0,0.0,0.0,0.0,0.0,0.0,0.0,0.0,0.0,0.0,0.1078464274152321,0.05554188424157636,0.2650102042571087,0.010867735931594999,0.15816293988176613,0.05747980552094374,0.26045742729072463,0.05291035046105407,0.1694940575280798,0.09328883941358758,0.3583930291947651,0.03759722817476649,0.16949403845547784,0.09328883871316619,0.3583914279805209,0.03759722817476649,0.2773404849433119,0.10056487071189117,0.5535827441965385,0.06507992988656894,0.327656978337244,0.07509765024955928,0.4349742107125342,0.17301240426972098,0.0,0.0,0,0,0.0,0.0,0,0,12.777001136379965,3.3446609266130563,27.7613501904772,5.966415039187144,15.67932309371691,3.6127209166463192,21.36158632316932,10.201617650709744,-0.7672727272727272,0.42256986316607853,0.0,-1.0,-1.0,0.0,-1.0,-1.0,3.6029108,1.3062485,7.3890486,0.81294286,4.507655,1.2118102,6.9837995,2.5595026,-360.29108,224004,60000,600,9.855946326861158,2.9725847879890352,3.0714476184220985,15.899978733272292,935.3129309407668,59
10.31115,11.201807,382.06323,-383.9407,249.54419,-6.5110035,-739.68396,-384.02258,249.56178,-5.0774713,-739.0794,-384.65054,249.90129,-4.9422455,-743.23004,10.311151,17.699623,92.272064,0.00048011914,11.201806,24.982971,224.53699,0.00023143576,0.022328198,0.8610064,1.0,-1.0,-3.0906389,0.90231705,-1.2490216,-7.053091,-309.0639,50.63059,-243.44081,-411.93576,0.24631877,0.63868535,1.0,-1.0,10,-6.513993945168397,0.7041436131940558,-4.739240875540847,-8.821556326725224,-651.3993945168396,48.82940234070058,-584.7010829008715,-761.8827131514845,0.12095633146260715,0.7183101995346177,1.0,-1.0,0.199834645694043,0.07109932372229338,0.3338503887664549,0.03492880505889198,0.19914085316355165,0.09779657927861889,0.33285426615456554,0.03783003140357137,0.19090909090909092,0.3930175694766779,1.0,0.0,0.0,0.0,0.0,0.0,0.09090909090909091,0.28747978728803447,1.0,0.0,0.09090909090909091,0.2874797872880344,1.0,0.0,0.0,0.0,0.0,0.0,0.0,0.0,0.0,0.0,0.02090909090909091,0.1430800504139074,1.0,0.0,0.09090909090909091,0.2874797872880344,1.0,0.0,0.09928917418954414,0.040851598353503396,0.20892786780674594,0.012438050412618215,0.15056080326958265,0.03584531632690876,0.20892786780674594,0.10604374378808373,0.1659662625083494,0.05761500801074964,0.23933787042315843,0.029551998117311483,0.16628433483537675,0.057274757016733596,0.23933498461825564,0.029551998117311483,0.26525543669789353,0.06985546951433894,0.4100884426417142,0.07746229489078037,0.31684513810495935,0.07511097562426061,0.4100884426417142,0.14642500451148208,0.0,0.0,0,0,0.0,0.0,0,0,12.119883398754599,2.8181575021533836,26.94322451330137,6.711547887638026,14.545793146519516,1.9221986729930345,18.644306099780973,12.517173439366735,-0.7645454545454545,0.4242825738577285,0.0,-1.0,-1.0,0.0,-1.0,-1.0,3.0906389,0.9023171,7.0530915,1.2490216,3.9150436,0.5989354,5.158604,2.9540796,-309.0639,228004,61000,610,9.686056438134983,3.0477928349282593,3.1522051231004298,15.886054396163672,951.0993294438813,60
17.113228,19.052017,375.70184,-377.17078,238.90126,-14.880085,-753.92395,-378.62405,238.55505,-16.002167,-752.4641,-377.9081,238.76132,-18.411308,-751.7899,17.113228,27.993778,167.86726,9.0658665e-05,19.052017,40.641685,259.06183,8.944422e-06,0.103238985,0.86321884,1.0,-1.0,-3.1057062,1.1836596,-1.1855589,-6.397131,-310.5706,102.22971,-178.07921,-497.8164,0.1305489,0.5923574,1.0,-1.0,10,-5.879210657207389,0.8408929472108041,-4.17953161420567,-9.126311720639473,-587.9210657207389,58.846605942000856,-495.4351009756144,-671.5871853640984,0.10094954470504408,0.6756872696000745,1.0,-1.0,0.24523393801678794,0.07464048670153275,0.3984274082874725,0.07538007309977499,0.2658692826338446,0.09180344112938083,0.3984274082874725,0.07538007309977499,0.20545454545454545,0.4040333837773948,1.0,0.0,0.18181818181818182,0.385694607919935,1.0,0.0,0.09090909090909091,0.28747978728803447,1.0,0.0,0.09090909090909091,0.2874797872880344,1.0,0.0,0.0,0.0,0.0,0.0,0.0,0.0,0.0,0.0,0.0,0.0,0.0,0.0,0.0,0.0,0.0,0.0,0.11381565923103798,0.05550088570136176,0.2787189756408276,0.01579054579190877,0.1254113969013636,0.0622623183390282,0.24826013950202105,0.03357608012887683,0.19625838590366443,0.08841175973139176,0.36938716868859384,0.03631827145014353,0.1962583774000071,0.08841175635938371,0.3693871684954091,0.03631827145014353,0.3100740451347023,0.11523729321215599,0.6078296955454955,0.0657876637411633,0.3216697743013708,0.10735141184096425,0.45483139275691004,0.13146262182901933,0.0,0.0,0,0,0.0,0.0,0,0,10.974314475181943,3.3828449693246414,25.15955726556626,3.9022465162896434,12.16530915090853,3.9911324811127127,18.495902057639626,4.152367158389293,-0.6336363636363637,0.4818104630599564,0.0,-1.0,-0.7272727272727273,0.4453617714151233,0.0,-1.0,3.1057062,1.1836596,6.3971314,1.1855589,3.5830953,1.3179252,5.572147,1.7051301,-310.5706,232004,62000,620,11.097160295234062,2.948272787965834,3.292530857725069,17.337963940924965,968.4842605137965,61
8.568328,9.395571,383.4358,-385.0838,257.09393,-9.870975,-814.0524,-385.28485,257.5521,-10.275588,-812.61304,-385.2411,257.8651,-8.652956,-813.4402,8.568328,20.204758,188.88463,0.002887324,9.395571,19.730656,145.18015,8.95001e-05,0.10158971,0.8313443,1.0,-1.0,-3.4022725,1.2444345,-1.2448778,-6.614179,-340.22726,106.88017,-164.28108,-573.18317,0.23447815,0.6655256,1.0,-1.0,10,-6.087309652418966,0.9989195016405715,-3.2350174091322894,-8.81576906501494,-608.7309652418968,65.63743524541673,-483.2060511853526,-696.1238321122369,0.18243692935739705,0.6887165857484676,1.0,-1.0,0.2050358572138556,0.05794980400125826,0.33600953269443157,0.0834078059962574,0.20480554538851672,0.06430563692241748,0.2982018051133993,0.0834078059962574,0.1990909090909091,0.39931656490592077,1.0,0.0,0.18181818181818182,0.385694607919935,1.0,0.0,0.0,0.0,0.0,0.0,0.0,0.0,0.0,0.0,0.0,0.0,0.0,0.0,0.0,0.0,0.0,0.0,0.0,0.0,0.0,0.0,0.0,0.0,0.0,0.0,0.1440377340985212,0.0906126437270037,0.3461568686630367,0.00842814782373766,0.18194118507153378,0.09753056824608941,0.34609417168979495,0.04798782049118481,0.194216132337294,0.08235715842774459,0.37421097750911597,0.067558308127166,0.1950180740851972,0.08217490350194576,0.37420901568837217,0.067558308127166,0.3382538664358152,0.14550925889858457,0.7203658843514089,0.10238589852020262,0.376959259156731,0.14320381826151637,0.7203031873781671,0.12101824690583976,0.0,0.0,0,0,0.0,0.0,0,0,11.918408018385545,2.766029216683119,25.665403584913108,6.0269598075097495,13.03466055831692,2.903992182771659,17.571439725894788,7.7734620860185695,-0.7581818181818182,0.4281847133660081,0.0,-1.0,-0.9090909090909091,0.28747978728803447,0.0,-1.0,3.4022722,1.2444344,6.6141787,1.2448778,3.8961573,1.2069421,5.7701807,1.5085979,-340.22726,236004,63000,630,10.698694662074558,2.9954509310191497,3.2705279372166842,16.964673530310392,985.3708805320784,62
15.543666,13.693113,391.94675,-393.11658,254.6212,-18.242949,-807.29974,-392.9745,254.83292,-19.710634,-808.48047,-394.94318,254.56844,-22.310816,-803.4302,15.543668,33.595722,309.12997,0.019170687,13.693112,25.731915,246.16182,1.6722828e-05,0.10095963,0.8634126,1.0,-1.0,-3.1839194,1.0525085,-0.6263067,-7.9990177,-318.39194,86.48615,-152.48401,-437.51147,0.1401804,0.7024478,1.0,-1.0,10,-5.962840495951021,0.985600126571461,-4.0497898720370475,-9.018235623068756,-596.2840495951021,81.04242226078591,-455.14049393984703,-707.6606671076004,0.17350980717225992,0.6688766092948235,1.0,-1.0,0.24010069944994727,0.0827687405939223,0.38890972438841126,0.07193696995149451,0.252023743693103,0.07830535141964301,0.3884113159673902,0.11138612037500116,0.40454545454545454,0.4908038607754284,1.0,0.0,0.36363636363636365,0.48104569292083466,1.0,0.0,0.09090909090909091,0.28747978728803447,1.0,0.0,0.09090909090909091,0.2874797872880344,1.0,0.0,0.07818181818181819,0.26845748543783116,1.0,0.0,0.09090909090909091,0.2874797872880344,1.0,0.0,0.0,0.0,0.0,0.0,0.0,0.0,0.0,0.0,0.09943458314670245,0.0843909689548653,0.3192995033864357,0.008960144484718767,0.10399726310260707,0.09008204491070744,0.3165425075177095,0.015302625671342688,0.2127754854707388,0.10330735518235293,0.3436977267978784,0.027335118707012145,0.212775470513118,0.10330735647277704,0.3436977267775538,0.027335118707012145,0.3122100686174412,0.14608969298560257,0.5612671579407735,0.04069629552200127,0.316772733615725,0.14772982136966112,0.536875442075752,0.04263774437835483,0.0,0.0,0,0,0.0,0.0,0,0,11.427903971068705,3.397219928123801,27.761228318827833,4.312169059676472,11.481327913926725,3.0044931408395446,15.397163167364974,5.5490916644666815,-0.5918181818181818,0.49149712256289285,0.0,-1.0,-0.6363636363636364,0.4810456929208347,0.0,-1.0,3.1839192,1.0525084,7.9990177,0.6263068,3.390361,1.021558,4.851431,1.2054937,-318.39194,240004,64000,640,9.762315808446147,2.917473655077629,3.1635628044605255,15.8433522679843,1001.2777799247997,63
13.0992365,13.979987,385.18585,-387.107,250.22264,-6.726135,-805.01764,-386.85043,250.35657,-4.565912,-802.5218,-386.31183,249.99426,-8.331697,-810.4131,13.099236,23.301687,172.35056,0.011867951,13.979986,24.049894,198.87903,0.0017460859,-0.04442479,0.8673187,1.0,-1.0,-2.9977798,1.043825,-0.9480177,-7.1439333,-299.77795,82.43858,-144.26929,-429.56818,0.28706762,0.63399625,1.0,-1.0,10,-6.232351509973428,1.0799895040689078,-4.182472279555699,-9.86176859447345,-623.2351509973428,84.41722917932987,-464.6870600556192,-785.0375297629759,0.10599266839506788,0.6945295333256393,1.0,-1.0,0.19768248542286368,0.06767446070810805,0.41764332158084366,0.050214724658541265,0.21122119859108135,0.061284123266176646,0.299999650268365,0.11151368643241567,0.15636363636363637,0.3631997378671643,1.0,0.0,0.09090909090909091,0.2874797872880344,1.0,0.0,0.0,0.0,0.0,0.0,0.0,0.0,0.0,0.0,0.0,0.0,0.0,0.0,0.0,0.0,0.0,0.0,0.01818181818181818,0.133608531424537,1.0,0.0,0.0,0.0,0.0,0.0,0.1070276430539584,0.0524482186121604,0.30842698969235416,0.005552142032509215,0.1501365632605688,0.0781462668440045,0.30842698969235416,0.04804823080158863,0.18515550529295668,0.06875394183739413,0.2881391086816161,0.07269342694293729,0.1853235705425008,0.06848396139901718,0.28813630848706656,0.07895614348200201,0.29218314834691506,0.08885346789865586,0.49453072166219914,0.12386627014244075,0.33546013380306955,0.10293757738639539,0.49453072166219914,0.1511918144397413,0.0,0.0,0,0,0.0,0.0,0,0,11.57555552130065,3.353884400661335,26.063386490252064,4.99188114390392,13.647378797130408,3.6351641551762137,18.463201137186868,6.919164166041449,-0.6309090909090909,0.48255860775387205,0.0,-1.0,-0.8181818181818182,0.385694607919935,0.0,-1.0,2.9977798,1.043825,7.1439333,0.9480177,3.8200502,1.1341898,5.4552937,1.3595142,-299.77795,244004,65000,650,9.879219461930916,2.9811283209128305,3.1255313642323017,15.985879147076048,1017.2077404567972,64
11.107729,9.031674,393.4218,-395.56342,254.7444,-20.398623,-777.87036,-394.96826,254.47464,-20.719168,-778.48737,-395.2179,254.30495,-20.0271,-772.2131,11.107728,22.31872,167.60008,0.0001180321,9.031673,20.671942,192.90793,1.7864862e-05,0.04231544,0.8454113,1.0,-1.0,-3.352352,1.2256641,-1.1647176,-6.980874,-335.23523,104.613075,-163.58792,-456.8615,0.21026526,0.6382133,1.0,-1.0,10,-5.768608626874084,0.8662534952205327,-3.5696739774601562,-8.280199783662821,-576.8608626874085,53.13570014286032,-449.4216391988426,-642.3889822113063,0.1654618926299258,0.6576915983947709,1.0,-1.0,0.23000502428174943,0.08074300504101992,0.3935303128686218,0.06706756323705294,0.2638396651449688,0.09558334757366954,0.3935303128686218,0.0909786251619228,0.14727272727272728,0.3543775826352172,1.0,0.0,0.09090909090909091,0.28747978728803447,1.0,0.0,0.0,0.0,0.0,0.0,0.0,0.0,0.0,0.0,0.0,0.0,0.0,0.0,0.0,0.0,0.0,0.0,0.0,0.0,0.0,0.0,0.0,0.0,0.0,0.0,0.14009097223782144,0.07469635815350675,0.34407283172298053,0.0033622149037341453,0.19120093078104927,0.08413554613395437,0.34407283172298053,0.05799979129079306,0.19472792392995394,0.055489354489574844,0.2774657963277298,0.09537167582834802,0.19619656105043556,0.05564128131110062,0.27746249244571963,0.09537167582834802,0.33481889616777544,0.10008035276132134,0.5523609047612213,0.14779388555325618,0.38739749183148486,0.11323323474668784,0.5523609047612213,0.17446663872539311,0.0,0.0,0,0,0.0,0.0,0,0,12.010770959145528,3.5079481348679726,27.15259228828541,5.445909617757421,13.779084760575385,3.130164265692734,19.17716867890105,9.252822963565166,-0.6672727272727272,0.47118980752000966,0.0,-1.0,-0.8181818181818182,0.385694607919935,0.0,-1.0,3.352352,1.2256641,6.980874,1.1647176,3.8887289,1.3137664,5.2553782,1.9600958,-335.23523,248004,66000,660,9.753864280763082,2.9276793249882758,3.130613596062176,15.812157201813534,1033.0239893046673,65
12.617308,12.465406,392.41406,-394.31555,255.37723,-16.974098,-772.11926,-394.13123,255.33188,-15.902878,-771.1926,-395.04984,255.63936,-13.863405,-771.36255,12.61731,25.387522,225.30864,0.0002837777,12.465407,33.69097,324.33298,7.995311e-05,0.059112664,0.8659755,1.0,-1.0,-3.3652606,1.3915577,-1.1379762,-7.194244,-336.526,129.89555,-172.00719,-565.4747,0.09208995,0.69890493,1.0,-1.0,10,-5.892171194460875,0.8949207765792073,-3.2998747581443975,-8.64157398916726,-589.2171194460875,70.15979388959062,-472.22846977271746,-704.5319487177525,0.16394829079253634,0.6507871756423748,1.0,-1.0,0.26000060418551885,0.08399152630265333,0.4356545923376554,0.06584732387749491,0.2580976979458674,0.09527791134580892,0.4355681962313236,0.09974858969244658,0.2581818181818182,0.43763451296961114,1.0,0.0,0.18181818181818182,0.385694607919935,1.0,0.0,0.0,0.0,0.0,0.0,0.0,0.0,0.0,0.0,0.0,0.0,0.0,0.0,0.0,0.0,0.0,0.0,0.0,0.0,0.0,0.0,0.0,0.0,0.0,0.0,0.12137671497809027,0.06927201620572204,0.30777438273451574,0.00644272659790568,0.13450378460401693,0.07582309124774128,0.30777438273451574,0.03147299987350773,0.19495289038158425,0.05391343563034997,0.2910365626571978,0.09230571227106651,0.19495287866871713,0.053913433028022206,0.2910347382557139,0.09230571227106651,0.31632960535967447,0.08603558256273394,0.4953019395278298,0.0987484388689722,0.3294566632727341,0.08926410869026734,0.4953019395278298,0.12377871214457425,0.0,0.0,0,0,0.0,0.0,0,0,12.208534915344837,3.706166327303144,27.521584273488365,6.36361122839896,12.419595290357053,3.4454582344319773,18.527544256964322,7.905880407718404,-0.6090909090909091,0.4879540691025324,0.0,-1.0,-0.8181818181818182,0.385694607919935,0.0,-1.0,3.3652606,1.3915577,7.1942444,1.1379762,3.6365082,1.3087645,5.6655517,1.7534956,-336.526,252004,67000,670,9.629716469557025,2.9307584710186347,3.1376203123945743,15.698095252970234,1048.74928178743,66
14.904463,13.43829,399.16547,-401.18982,261.58212,-18.804241,-836.4318,-401.0081,261.4593,-18.177425,-834.26245,-400.01215,260.60754,-15.304317,-836.0763,14.904461,32.10571,253.80162,4.8839487e-05,13.43829,26.721037,167.48,0.00013289513,0.08348601,0.8524855,1.0,-1.0,-3.1990519,1.3233705,-1.166151,-8.157793,-319.90518,112.481125,-177.22345,-561.88184,0.13719277,0.6476995,1.0,-1.0,10,-6.14341589839096,1.032017385589122,-4.48713433787813,-9.775308307861918,-614.341589839096,91.04043921168709,-515.5575099703613,-788.1623989819375,0.04384784227986987,0.6618055717619394,1.0,-1.0,0.21077478483032297,0.06983496785795998,0.3546268485185216,0.07421999984872239,0.20260527905347062,0.059219468734474805,0.33931844239423076,0.08760363763921687,0.32181818181818184,0.46717367184958264,1.0,0.0,0.18181818181818182,0.38569460791993493,1.0,0.0,0.0,0.0,0.0,0.0,0.0,0.0,0.0,0.0,0.0,0.0,0.0,0.0,0.0,0.0,0.0,0.0,0.0,0.0,0.0,0.0,0.0,0.0,0.0,0.0,0.10140458970404094,0.06718893606099482,0.3191581836827234,0.00938940623020903,0.12308819939174377,0.08525984364937163,0.3191581836827234,0.01832282104456189,0.1903030397777223,0.07789627991188172,0.40336826874236403,0.06625617741804458,0.1907117231378124,0.07790034987367349,0.4033669148264551,0.06625617741804458,0.29170762948176326,0.10524538485538226,0.5599178925366579,0.11365437588157562,0.3137999225295562,0.11888543378137445,0.5503809696368456,0.1955730912851295,0.0,0.0,0,0,0.0,0.0,0,0,12.072249974039137,3.0675069416391523,26.054704524048013,6.536250319792187,14.01314666923077,3.594175231818226,20.910229758987,9.275810545937292,-0.7509090909090909,0.4324865640678026,0.0,-1.0,-0.9090909090909091,0.28747978728803447,0.0,-1.0,3.1990519,1.3233705,8.157793,1.1661512,3.8274255,1.3922812,6.3448343,1.6778809,-319.90518,256004,68000,680,9.64792406721972,2.9567467550514266,3.1455031151417643,15.75017393741291,1064.4596881101606,67
19.506927,14.526669,384.94965,-387.87943,249.05241,-12.45759,-776.00916,-386.97464,249.10254,-11.548291,-774.49347,-385.71527,248.53702,-8.479651,-773.3075,19.50693,34.453926,225.63766,0.0003025867,14.526669,23.393984,157.87622,4.673004e-05,-0.054754913,0.87644494,1.0,-1.0,-3.6927836,0.9673303,-1.6421859,-6.919593,-369.27838,81.35599,-262.11713,-573.6404,0.116921134,0.67904675,1.0,-1.0,10,-5.893972610308571,0.8612951250148138,-3.9791956495736636,-8.740377697037497,-589.3972610308571,55.10933346771078,-507.2298659780329,-695.0676044280648,0.21246941651367662,0.6798783474675287,1.0,-1.0,0.25927510867184156,0.08072832045761616,0.3982068235151139,0.09943678608367504,0.26340976846546577,0.09905929496095019,0.3907624838826227,0.10118040605456927,0.28454545454545455,0.45119767158416857,1.0,0.0,0.18181818181818182,0.38569460791993493,1.0,0.0,0.0,0.0,0.0,0.0,0.0,0.0,0.0,0.0,0.0,0.0,0.0,0.0,0.0,0.0,0.0,0.0,0.0,0.0,0.0,0.0,0.0,0.0,0.0,0.0,0.12544862994750358,0.09080913551623059,0.35518418573727006,0.0067571412874919004,0.1640102211389123,0.10600377647807971,0.35518418573727006,0.00844980271302627,0.24266025411665149,0.06563157883494333,0.33363718127056086,0.10710148977652412,0.24266023561915018,0.06563157433123086,0.33363533543906776,0.10710148977652412,0.3681088840641551,0.11496342647328407,0.6560134588556648,0.13576375248395872,0.40667045675806257,0.11913198671949685,0.6560134588556648,0.23052872126207008,0.0,0.0,0,0,0.0,0.0,0,0,13.096794592963185,3.2666734171223,22.240073145515456,6.163484636804706,14.595164856239426,3.356788243525534,20.39626768520043,6.719766615013208,-0.8436363636363636,0.3631997378671643,0.0,-1.0,-0.9090909090909091,0.28747978728803447,0.0,-1.0,3.6927836,0.9673303,6.919593,1.6421859,4.1783724,0.9351512,6.4817853,2.8541677,-369.27838,260004,69000,690,9.92024136846885,2.919090499053709,3.123208914301358,15.962540781823918,1080.4085478888592,68
22.35423,18.429626,380.77258,-381.86832,243.52423,-18.606533,-757.36414,-382.97876,244.02565,-16.773287,-760.9949,-382.21304,244.04747,-12.363028,-763.5245,22.354233,94.02033,1048.0142,0.000592327,18.429626,61.48959,664.42426,0.002436625,-0.00099931,0.8823087,1.0,-1.0,-3.0893977,1.3283589,-1.1068017,-8.687572,-308.93976,111.94734,-186.69656,-546.47406,0.10994072,0.71103686,1.0,-1.0,10,-6.208711197491933,1.0410500591559688,-3.492584975201376,-9.100484016380314,-620.8711197491932,84.74686163131803,-471.76221937941506,-771.4368779086449,0.15018504466166524,0.6924759423520307,1.0,-1.0,0.21133991782174824,0.10071667510216435,0.43207333400253,0.04506894914146736,0.197627083830871,0.10452240812047181,0.41911902085630953,0.06891058906955817,0.31727272727272726,0.46541459345582714,1.0,0.0,0.36363636363636365,0.48104569292083466,1.0,0.0,0.042727272727272725,0.20224157063413545,1.0,0.0,0.0,0.0,0.0,0.0,0.0,0.0,0.0,0.0,0.0,0.0,0.0,0.0,0.00909090909090909,0.09491187735373229,1.0,0.0,0.0,0.0,0.0,0.0,0.09885796644001175,0.0613904529507254,0.3019131996966588,0.015445091679932662,0.12466929786503708,0.08956562416066825,0.3019131996966588,0.020019878535245544,0.22629789940750067,0.10371144108003764,0.4040670021321931,0.014908426271935315,0.24179701441133705,0.09337062832074877,0.40406546125206233,0.08076514351748129,0.32515586584751244,0.1233043704126648,0.6014056466973927,0.07275743460735785,0.3664663122763741,0.1325909966258695,0.6014056466973927,0.11085707162044763,0.0,0.0,0,0,0.0,0.0,0,0,11.28532184349034,2.8888795355355765,27.887088481231157,5.66283335980317,12.763581487596342,2.187588364039083,17.52829842496814,9.684009420005294,-0.6436363636363637,0.47892441474759073,0.0,-1.0,-0.8181818181818182,0.38569460791993504,0.0,-1.0,3.0893977,1.3283589,8.687571,1.1068017,3.5650256,1.1544057,5.509089,2.144857,-308.93976,264004,70000,700,9.86975064012222,2.904117677011527,3.146225695963949,15.920094013097696,1096.6095000071218,69
11.063256,12.481823,386.13818,-389.15247,253.88951,-12.941144,-791.9425,-388.56982,253.21867,-12.84014,-792.17975,-388.30615,253.3494,-11.303901,-790.839,11.063256,19.77156,146.03079,0.0014598519,12.481823,29.391895,243.60066,0.00010956917,0.044830624,0.8482957,1.0,-1.0,-3.770008,1.4218059,-1.1747608,-7.8593197,-377.0008,120.24225,-229.63745,-577.89453,0.18590467,0.70532507,1.0,-1.0,10,-6.268045548047137,0.9520076722833742,-3.6685527008681853,-8.60234346138629,-626.8045548047138,66.3871778503383,-525.2099491489113,-737.2280093315031,0.13394904466875465,0.7058037976346658,1.0,-1.0,0.1999131145921428,0.06526415518651588,0.3532358230267792,0.06567823279391831,0.21484587590827023,0.07787585393065978,0.3532358230267792,0.09918852125089668,0.03090909090909091,0.17307142747508747,1.0,0.0,0.09090909090909091,0.28747978728803447,1.0,0.0,0.0,0.0,0.0,0.0,0.0,0.0,0.0,0.0,0.0,0.0,0.0,0.0,0.0,0.0,0.0,0.0,0.0,0.0,0.0,0.0,0.0,0.0,0.0,0.0,0.1272259800690614,0.07650979204611949,0.3826183418939721,0.04362077609900573,0.14991306857020328,0.10177202047166323,0.37594141197061376,0.05649734827949384,0.22179381349071256,0.06606640466689725,0.35759683828043703,0.13721417261870428,0.22196529568367857,0.06590805666390444,0.3575960452467799,0.13721417261870428,0.34901979355977397,0.11074293185410385,0.6764075124463138,0.18083494871771,0.3718783642538818,0.13412830568724032,0.6764075124463138,0.22913704078255276,0.0,0.0,0,0,0.0,0.0,0,0,14.156878794731082,3.6877436999103614,27.513178276133182,7.054738469369604,15.44134197874468,3.577257055120498,21.066179749968377,10.173853605855903,-0.9127272727272727,0.2822342969008328,0.0,-1.0,-1.0,0.0,-1.0,-1.0,3.770008,1.4218059,7.8593197,1.1747609,4.317886,1.1975471,6.427247,2.63715,-377.0008,268004,71000,710,9.73306453821715,3.1846977680688724,3.141011134372093,16.058773440658115,1112.4490662986645,70
10.694428,9.0306015,380.3824,-383.5312,245.21431,-2.5411558,-798.73627,-382.58746,244.9954,-0.5488467,-799.63336,-382.03998,244.42317,-0.30411518,-794.7822,10.694429,17.22296,105.77063,7.485249e-05,9.0306015,18.376677,135.1754,0.0021972656,0.0028832024,0.8825174,1.0,-1.0,-3.9329937,1.4074479,-1.2385843,-8.482647,-393.2994,127.58051,-263.66095,-662.7415,0.16307339,0.7024086,1.0,-1.0,10,-5.973123098093786,0.9714791073223421,-3.629501539823884,-8.57247599005126,-597.3123098093786,77.25258421626297,-438.9871384786448,-695.907256904295,0.10011020087509674,0.6817488610416977,1.0,-1.0,0.2904755324455061,0.0845183047303336,0.4174125490429344,0.1166538999851304,0.2943145213282689,0.08753817390552139,0.41123014948546394,0.13173373255855872,0.2509090909090909,0.4335362949145831,1.0,0.0,0.18181818181818182,0.38569460791993493,1.0,0.0,0.0,0.0,0.0,0.0,0.0,0.0,0.0,0.0,0.0,0.0,0.0,0.0,0.0,0.0,0.0,0.0,0.0,0.0,0.0,0.0,0.0,0.0,0.0,0.0,0.1325517410543137,0.08268094503420975,0.32613147468559367,0.017600900309020406,0.15667315990184139,0.09813555373384272,0.3242799121429669,0.03331657327307384,0.22228491739307324,0.08246295182033085,0.3982259033417342,0.08213646340921497,0.22228490385360147,0.08246294460530772,0.3982237463621333,0.08213646340921497,0.354836658447387,0.11171699145190303,0.5550232748918492,0.11781567227032838,0.37895806375544283,0.11392420176400204,0.5550232748918492,0.1922936251296592,0.0,0.0,0,0,0.0,0.0,0,0,13.002692490159616,4.132342946089443,27.914032911275648,5.6132073617329645,14.765022644764395,4.397351521854523,21.348466014058303,7.257628528450467,-0.6581818181818182,0.47431899856182674,0.0,-1.0,-0.9090909090909091,0.28747978728803447,0.0,-1.0,3.9329937,1.4074479,8.482647,1.2385843,4.38862,1.4988502,7.045405,2.4025338,-393.2994,272004,72000,720,9.890083562931977,2.965454697026871,3.161654626368545,16.017192886327393,1128.4662967870245,71
10.400692,11.73243,390.49628,-391.4976,249.53947,-16.24026,-717.08765,-391.61255,249.64302,-16.57744,-718.02155,-391.2071,249.52107,-14.600069,-718.096,10.400692,19.86653,169.17143,2.1305459e-05,11.732431,24.134192,209.064,0.0006634146,0.13300323,0.87032944,1.0,-1.0,-3.295758,1.6152213,-1.1069937,-7.908385,-329.5758,145.05786,-139.91748,-581.2598,0.07850623,0.6635962,1.0,-1.0,10,-6.429193065048901,1.0809940335797927,-3.604625285462382,-9.247519210552413,-642.91930650489,84.92519359690417,-540.0247860322479,-855.8680039603705,0.04044157268416338,0.7027317445944824,1.0,-1.0,0.22598627677603875,0.08202784847837531,0.39322768667385455,0.06719180286940958,0.2270061304042543,0.08755884773445813,0.39322768667385455,0.08948626406653622,0.28454545454545455,0.45119767158416857,1.0,0.0,0.18181818181818182,0.38569460791993493,1.0,0.0,0.09090909090909091,0.28747978728803447,1.0,0.0,0.09090909090909091,0.28747978728803447,1.0,0.0,0.0,0.0,0.0,0.0,0.0,0.0,0.0,0.0,0.0,0.0,0.0,0.0,0.0,0.0,0.0,0.0,0.14169825929003402,0.10920327424787778,0.37700561023231804,0.005061988057910184,0.17694105215470055,0.12364729931010307,0.37559307030309896,0.010224113771186394,0.23981321517531642,0.09824999447319308,0.3705395995870196,0.025271892298988193,0.23984730916903488,0.09817566595712936,0.3705391013000062,0.02623522677338782,0.3815114744653504,0.17976664553693403,0.7443731089234834,0.06456037714961038,0.4167883613237354,0.1871279208758523,0.7429605689942643,0.17243376692461262,0.0,0.0,0,0,0.0,0.0,0,0,11.304482171359304,3.906221328155269,27.251045290682573,5.507752042748322,12.416194833736597,4.254829699864343,19.118568906884466,6.307855022631991,-0.4772727272727273,0.49948320399627066,0.0,-1.0,-0.5454545454545454,0.49792959773196915,0.0,-1.0,3.295758,1.6152213,7.908385,1.1069938,3.5892088,1.6753541,6.213436,1.2869034,-329.5758,276004,73000,730,10.015070936642587,2.965600110939704,3.1205985555425286,16.10126960312482,1144.5468082780717,72
11.097752,9.660971,393.06085,-395.11008,252.51227,-14.631171,-822.9809,-395.7575,252.83475,-12.573225,-824.9005,-395.32074,253.27246,-15.344066,-822.8582,11.097751,29.741709,308.82098,0.0010444606,9.660971,19.10744,185.72047,0.00052386895,0.09306747,0.8598419,1.0,-1.0,-3.5473735,1.4580872,-1.3230042,-7.3161154,-354.73734,120.28414,-158.0831,-559.71515,0.09012776,0.67961586,1.0,-1.0,10,-6.062290704071378,1.0595825389759455,-3.8366248456942564,-9.569466322029772,-606.2290704071377,91.61491975899334,-450.5813849574361,-779.5882560788723,0.14442901950977888,0.7263711400054799,1.0,-1.0,0.24149752826103638,0.06271312430295264,0.3910738217475612,0.1050480811892484,0.2589923393719444,0.06725004374277001,0.39095673098031,0.1602591548912288,0.2681818181818182,0.4430127882787498,1.0,0.0,0.2727272727272727,0.4453617714151233,1.0,0.0,0.09090909090909091,0.28747978728803447,1.0,0.0,0.09090909090909091,0.2874797872880344,1.0,0.0,0.0,0.0,0.0,0.0,0.0,0.0,0.0,0.0,0.0,0.0,0.0,0.0,0.0,0.0,0.0,0.0,0.1032896268840918,0.07232297652961427,0.3514803681898808,0.02041119608578548,0.1348606399232329,0.10318586484743632,0.3514803681898808,0.026809632429943966,0.17638687104403566,0.07994071593380796,0.3027420270110074,0.05835972608595441,0.1763868502353614,0.07994071432414754,0.3027406591364439,0.05835972608595441,0.27967649792812743,0.09497915477183139,0.4662787009131212,0.0787709221717399,0.3112474901585944,0.11053272716912652,0.4662787009131212,0.08516935851589838,0.0,0.0,0,0,0.0,0.0,0,0,12.200535589928414,4.169411419184381,24.043921108109213,4.9908150931604,14.191323613451818,4.994881952527931,23.770239762080433,7.982320911596892,-0.6318181818181818,0.482311068649838,0.0,-1.0,-0.7272727272727273,0.4453617714151233,0.0,-1.0,3.5473735,1.4580872,7.3161154,1.3230042,4.2817726,1.6153554,7.3161154,1.5944304,-354.73734,280004,74000,740,9.799160833237693,2.9457679740153253,3.130843179067597,15.875771986320615,1160.3746763062663,73
10.275064,11.079512,388.06683,-390.31476,254.28671,10.167306,-852.3227,-389.57437,254.74469,12.018943,-852.6769,-389.72565,254.40141,10.47537,-851.728,10.275064,21.623987,160.73888,2.7153234e-05,11.079512,18.456244,123.6923,0.0006602742,-0.030968314,0.8694183,1.0,-1.0,-3.2907624,1.211748,-1.1775569,-7.6702952,-329.0762,100.833954,-184.74968,-552.95276,0.21787232,0.7280604,1.0,-1.0,10,-6.229357452107065,0.9866745533891066,-3.7344709130783427,-8.601260785070192,-622.9357452107064,80.47527320946418,-492.20773270513666,-761.4115129820423,0.12148549154566016,0.7093479734542814,1.0,-1.0,0.24793335642662198,0.08911862855058714,0.4835043938774666,0.10527619953174919,0.2467350993039557,0.08504909645107446,0.38157130649397825,0.11325761861356466,0.22727272727272727,0.4190702026042222,1.0,0.0,0.2727272727272727,0.4453617714151233,1.0,0.0,0.0,0.0,0.0,0.0,0.0,0.0,0.0,0.0,0.0,0.0,0.0,0.0,0.0,0.0,0.0,0.0,0.0,0.0,0.0,0.0,0.0,0.0,0.0,0.0,0.11715346218840839,0.07061020444849095,0.3504165592340696,0.024963058093286705,0.12955836365071824,0.08856944613906366,0.3504165592340696,0.03928963732378169,0.21407161497203644,0.08895557306005203,0.4325938822504901,0.12892913209437382,0.21407160350563917,0.08895557130884986,0.43259213866835494,0.1289291320944028,0.3312250771604448,0.14002089020817657,0.7830086979024246,0.16206049053085997,0.34362996715635735,0.15288013789814417,0.7830086979024246,0.17508753843924396,0.0,0.0,0,0,0.0,0.0,0,0,11.742709945721026,3.53263464423819,27.144535178940497,4.341036538829113,13.6398310802941,3.302897945065203,19.624091698970727,9.108591750402992,-0.5981818181818181,0.49026557147989946,0.0,-1.0,-0.8181818181818182,0.385694607919935,0.0,-1.0,3.2907624,1.211748,7.6702952,1.1775569,3.7526388,1.193778,5.8550415,2.3149097,-329.0762,284004,75000,750,9.831873649265617,2.8974405609769747,3.144527016673237,15.873841226915829,1176.3465414850507,74
9.171472,11.066919,395.07733,-397.66776,255.80777,6.8609657,-856.12067,-398.24533,255.66628,5.2728443,-856.91876,-397.80237,255.82793,6.7698755,-851.4096,9.171473,17.529247,128.73883,0.00015050545,11.066918,18.803688,113.094345,0.0062824297,0.111556694,0.86779773,1.0,-1.0,-3.7227843,1.4033834,-0.89549285,-7.9385347,-372.27844,124.874695,-201.59137,-607.2083,0.1911498,0.62546676,1.0,-1.0,10,-6.40231183977942,1.3015718980004987,-4.212819952136823,-10.373082573895557,-640.231183977942,116.39328485540626,-489.20317329691363,-820.704916413901,0.19818320617462923,0.6642272057217552,1.0,-1.0,0.2335931094385643,0.09124275715344894,0.40421296052409483,0.07511408377336297,0.2483303799604137,0.09232713990041347,0.40276068272830523,0.13599397756350007,0.17272727272727273,0.3780113252053053,1.0,0.0,0.09090909090909091,0.28747978728803447,1.0,0.0,0.0,0.0,0.0,0.0,0.0,0.0,0.0,0.0,0.0,0.0,0.0,0.0,0.0,0.0,0.0,0.0,0.0,0.0,0.0,0.0,0.0,0.0,0.0,0.0,0.11592709477170138,0.08237181329796116,0.3384890625450262,0.014668227603148872,0.13203572953502277,0.08370284950660112,0.3376196006636461,0.02155010743768753,0.18913808348279912,0.05956852281374109,0.28155693362072964,0.10868155068259862,0.1891380364033294,0.059568555261881255,0.28155420635117656,0.10868155068259862,0.30506517825450047,0.10791110660660538,0.5474681417491333,0.13076454821539482,0.3211737659383522,0.09997210675464613,0.5465986798677532,0.14832978138382816,0.0,0.0,0,0,0.0,0.0,0,0,12.402430733676818,3.793175956992478,27.787615451350376,6.557037477735586,14.558866410115265,3.3737752541948947,19.295166558448315,10.011752417371476,-0.6790909090909091,0.4668259271730649,0.0,-1.0,-1.0,0.0,-1.0,-1.0,3.7227843,1.4033834,7.9385343,0.89549285,4.2215023,1.3068871,7.254539,2.431103,-372.27844,288004,76000,760,9.68460910441354,2.9971743760397658,3.1154607152566314,15.797244195709936,1192.1328078715596,75
12.359884,14.976134,398.5946,-399.05264,257.49353,0.7317853,-782.141,-399.04407,257.9216,1.4969854,-779.7265,-399.2219,257.7946,3.2602398,-778.4831,12.359885,24.238518,159.67336,6.682893e-05,14.976135,29.01106,171.64134,1.2492674e-06,0.058970645,0.8521162,1.0,-1.0,-3.6052113,1.147311,-1.6835871,-7.802761,-360.52112,88.28028,-216.49174,-536.3834,0.23224321,0.6856673,1.0,-1.0,10,-5.841214910979946,0.9853423803926489,-3.357350963148426,-8.667121332881841,-584.1214910979945,72.08365480855807,-442.7174925429733,-676.9921196141032,0.16708337078860586,0.6686831400755787,1.0,-1.0,0.22243551280007917,0.07644232810685624,0.3802981493781016,0.06963889864320924,0.2240065974585513,0.08956275948273934,0.3802981493781016,0.06963889864320924,0.24818181818181817,0.4319578721423944,1.0,0.0,0.09090909090909091,0.2874797872880344,1.0,0.0,0.0,0.0,0.0,0.0,0.0,0.0,0.0,0.0,0.0,0.0,0.0,0.0,0.0,0.0,0.0,0.0,0.0,0.0,0.0,0.0,0.0,0.0,0.0,0.0,0.11706729633781683,0.07399216839716874,0.3760863007244972,0.004911198103318326,0.16291642274657103,0.08642987678409718,0.3695633052656219,0.04319091896037242,0.22449117221853548,0.06356899318019849,0.35837274556237303,0.10514944986440174,0.22661040343109012,0.0627613570024871,0.358370869423116,0.11222016312623778,0.3415584685563523,0.09805389279416192,0.6105317188248676,0.14234755942545002,0.3895268261776612,0.09639925096696368,0.6040087233659922,0.2772254760375891,0.0,0.0,0,0,0.0,0.0,0,0,11.890612115357868,3.8635825775400416,27.27905404694728,4.686372958191439,13.991457531059423,3.630148211248146,20.563279739963065,8.241513991026345,-0.6054545454545455,0.4887528402403153,0.0,-1.0,-0.8181818181818182,0.385694607919935,0.0,-1.0,3.6052113,1.147311,7.802761,1.6835871,4.311004,0.9930838,6.0390863,2.4314322,-360.52112,292004,77000,770,9.921557101770304,2.986053491011262,3.154303611489013,16.06191420427058,1208.158877056907,76
8.432496,9.985451,382.6091,-384.85168,250.44107,-10.895594,-775.9313,-384.52524,250.62143,-11.014562,-777.25244,-385.27167,251.15282,-9.122076,-775.3981,8.432496,15.710023,120.15854,5.1870942e-05,9.985452,15.821698,108.953514,2.039969e-05,0.101981536,0.8820152,1.0,-1.0,-3.7037117,1.495878,-1.5302241,-8.595489,-370.3712,119.84589,-201.91684,-621.7409,0.28361857,0.7043425,1.0,-1.0,10,-5.821731441021909,0.882802931115999,-3.0755298937205198,-8.019481902837025,-582.1731441021909,70.20021701245052,-451.15301949553896,-689.0047463973236,0.058924371018400555,0.7171917985438028,1.0,-1.0,0.2366042699882794,0.058442398465767056,0.41886919228908875,0.09438532454848234,0.25818175939634624,0.051976352623945336,0.37028588890968606,0.1818882530730912,0.0809090909090909,0.27269545268917733,1.0,0.0,0.09090909090909091,0.2874797872880344,1.0,0.0,0.0,0.0,0.0,0.0,0.0,0.0,0.0,0.0,0.0,0.0,0.0,0.0,0.0,0.0,0.0,0.0,0.0,0.0,0.0,0.0,0.0,0.0,0.0,0.0,0.16901801734284927,0.0867987497347025,0.3701339077619317,0.008083208741803776,0.21901092322502322,0.10259306434500495,0.3701339077619317,0.05638774898468505,0.24018014404906643,0.08845166415601648,0.3914790215977599,0.1142498583686265,0.24018012867232547,0.08845166357789021,0.3914790213182312,0.1142498583686265,0.4091981613919157,0.111404026877703,0.6381730198707749,0.1735090141404273,0.4591910518973487,0.11339527997091625,0.6381730198707749,0.18756177515184125,0.0,0.0,0,0,0.0,0.0,0,0,13.285093721234162,4.08738968384657,27.929013107594184,6.322016234822274,15.808773687773568,4.00456993061292,21.46534558609142,7.817121558834183,-0.740909090909091,0.43813560676730595,0.0,-1.0,-0.9090909090909091,0.28747978728803447,0.0,-1.0,3.703712,1.495878,8.595489,1.5302241,4.7628665,1.7558767,8.01005,2.0469043,-370.3712,296004,78000,780,9.813791845343076,2.948709276970476,3.129862265777774,15.892363388091326,1224.1140987270046,77
10.153669,11.721167,392.64166,-394.42545,250.47253,-3.5562165,-767.3072,-394.37854,250.6394,-5.4791117,-766.85095,-394.02448,250.35051,-6.448845,-763.34784,10.153669,24.79399,254.97734,0.0007610917,11.721166,27.064342,258.75003,0.0012316741,0.18440786,0.8559521,1.0,-1.0,-3.4649096,1.2209963,-1.0278025,-7.021862,-346.4909,84.682724,-249.1045,-485.14465,0.22147991,0.6865196,1.0,-1.0,10,-6.334367182449622,0.8092040425838452,-4.046196591231314,-8.628602131453482,-633.4367182449623,48.7481839946283,-542.3636726429032,-737.755248460749,0.20723168253744195,0.684700980875327,1.0,-1.0,0.2213916040287632,0.06693759777793966,0.3599337476741615,0.10127073869180375,0.25306135629002474,0.06938602510041988,0.35629533513705586,0.14160967776470607,0.09272727272727273,0.29004986747081046,1.0,0.0,0.0,0.0,0.0,0.0,0.0,0.0,0.0,0.0,0.0,0.0,0.0,0.0,0.0,0.0,0.0,0.0,0.0,0.0,0.0,0.0,0.0,0.0,0.0,0.0,0.0,0.0,0.0,0.0,0.13742178467956634,0.08133319780113857,0.3519527764166201,0.027134963280477528,0.17762247302094233,0.09649364951868523,0.3519527764166201,0.0778038234776428,0.1988095675439246,0.05945375516596164,0.31727580918325166,0.10668787266407977,0.19880955064898592,0.05945375843205383,0.31727529866499177,0.10668787266407977,0.33623135222349093,0.10129715983697155,0.5261728387964182,0.15073008434752377,0.37643202366992823,0.10242195903638494,0.5229240765648178,0.2074486348198803,0.0,0.0,0,0,0.0,0.0,0,0,12.774252633228391,3.084003009510649,27.21137616319905,6.192221435419377,15.406625801867873,3.3635983844897734,19.609582667935882,10.267480007927324,-0.8372727272727273,0.36911665830468354,0.0,-1.0,-1.0,0.0,-1.0,-1.0,3.4649096,1.2209963,7.021862,1.0278025,4.399098,1.3773458,6.535067,2.726551,-346.4909,300004,79000,790,9.503353330888785,3.0125407490413636,3.037544999853708,15.553439079783857,1239.4436381849227,78
14.153397,15.839919,396.8496,-398.92432,256.25024,-18.899261,-803.2017,-398.9641,256.7864,-18.946697,-804.9145,-398.4768,256.30228,-18.735292,-803.48816,14.1533985,34.377556,281.87057,6.262213e-06,15.83992,43.846565,425.41077,2.616085e-06,0.013785986,0.87705106,1.0,-1.0,-3.3176897,1.3196416,-0.8702307,-6.793437,-331.76895,109.70218,-168.2749,-534.0578,0.19786277,0.6160896,1.0,-1.0,10,-6.412904187086397,1.1614425817373573,-4.178323212214462,-9.742926505276957,-641.2904187086397,103.62787943647245,-485.79302438392807,-860.0922619016166,0.09957786998905034,0.695211343908482,1.0,-1.0,0.2527889904533199,0.09422431292687039,0.44480184234926873,0.06469355694808386,0.2724826237224909,0.09511533220445535,0.39211581696725584,0.06737828689740473,0.2318181818181818,0.4219934980502593,1.0,0.0,0.09090909090909091,0.2874797872880344,1.0,0.0,0.08545454545454545,0.2795569103343762,1.0,0.0,0.09090909090909091,0.2874797872880344,1.0,0.0,0.0,0.0,0.0,0.0,0.0,0.0,0.0,0.0,0.0,0.0,0.0,0.0,0.0,0.0,0.0,0.0,0.11843899431121047,0.06879151136121663,0.32922187185334906,0.0014283756282096694,0.15988827503891237,0.07955317026176942,0.32922187185334906,0.05187615424652196,0.206169345420822,0.07869775988695646,0.3099664276147143,0.038740554502069875,0.211519580272864,0.07348826711548376,0.3099654680901924,0.038740554502069875,0.3246083397320324,0.11252344911218197,0.622630109484646,0.09982442718572465,0.37140785531177634,0.10700423650045462,0.622630109484646,0.12955488416564315,0.0,0.0,0,0,0.0,0.0,0,0,11.773259800065052,3.3235964066221473,26.271031961807886,5.223726664119966,13.678409431952241,3.1504897588315566,18.774501510262848,8.764784839754896,-0.6081818181818182,0.4881564239205257,0.0,-1.0,-0.7272727272727273,0.4453617714151233,0.0,-1.0,3.3176897,1.3196416,6.793437,0.87023073,4.017516,1.5428863,6.2845488,1.3355967,-331.76895,304004,80000,800,8.94198211946059,2.7883414280368015,2.800300421193242,14.530623968690634,1254.0415535727516,79
18.791477,17.452291,390.93402,-393.04858,250.06421,9.604871,-808.16974,-392.35748,249.2029,9.487436,-806.623,-393.39624,250.02481,11.496438,-808.7254,18.791477,65.96297,711.7048,3.3620745e-05,17.452291,51.86976,526.45795,0.00013840408,0.09088798,0.8773164,1.0,-1.0,-2.670676,1.2436906,-0.9199309,-8.310982,-267.06763,102.50913,-120.09142,-428.36954,-0.03766004,0.69206226,1.0,-1.0,10,-5.852874353281273,0.8735286190336952,-3.4188330392128785,-8.530795853511707,-585.2874353281273,44.922267038194,-524.8574277518957,-669.7685241576435,0.1505310159375329,0.6530944972886203,1.0,-1.0,0.24456508763196005,0.07070903826854356,0.383842368806771,0.09310249711962146,0.27022140718383586,0.06114952714575777,0.36931870190513205,0.1529610491955591,0.21454545454545454,0.4105066412122206,1.0,0.0,0.09090909090909091,0.2874797872880344,1.0,0.0,0.0,0.0,0.0,0.0,0.0,0.0,0.0,0.0,0.0,0.0,0.0,0.0,0.0,0.0,0.0,0.0,0.0,0.0,0.0,0.0,0.0,0.0,0.0,0.0,0.10442471867037646,0.05193799699951683,0.26393729714172826,0.015147678749052625,0.13554357116237373,0.06612269531509922,0.26393729714172826,0.056275584587368574,0.21177549380560384,0.0527752659550816,0.3049108769327651,0.1253340755169337,0.21177547396809376,0.052775268184450594,0.30491008570804307,0.1253340755169337,0.3162002124759803,0.08255776805299025,0.5108453862346485,0.17973362193275738,0.3473190451304676,0.08938045097216656,0.5090348123843809,0.21404773450605002,0.0,0.0,0,0,0.0,0.0,0,0,10.61014723460439,3.137876732094737,27.60442269363978,6.014988327740358,12.124180396087564,3.762492055690324,20.32044441839339,6.544396630610544,-0.4690909090909091,0.49904371361552446,0.0,-1.0,-0.6363636363636364,0.4810456929208346,0.0,-1.0,2.670676,1.2436906,8.310983,0.9199309,3.2299104,1.3786422,6.4584074,1.4940698,-267.06763,308004,81000,810,10.506601139786653,2.855141713982448,3.1912320194533095,16.55297487322241,1270.8069019515533,80
10.98187,12.382013,384.48175,-385.94043,252.67697,12.29888,-793.3928,-386.29053,253.02415,12.034703,-794.74475,-385.8927,252.55482,18.739285,-791.5695,10.98187,17.196556,120.759766,0.016933024,12.382014,28.591297,283.9299,0.001168251,0.019305568,0.8749297,1.0,-1.0,-3.1233926,1.165742,-1.0333287,-8.8679495,-312.33926,85.586105,-190.73306,-462.595,0.17774425,0.6742033,1.0,-1.0,10,-5.82580850172393,0.7815566064983533,-4.35228037554312,-8.04635255478714,-582.580850172393,51.84473182838807,-493.81331085025454,-696.3943181718988,0.12142882192342344,0.697553588075516,1.0,-1.0,0.21805182414880944,0.09094120636813513,0.4246235360429959,0.06910643450437416,0.22803844960663894,0.08494775919544759,0.37026792511368284,0.08419535346564716,0.14363636363636365,0.35072062767634005,1.0,0.0,0.0,0.0,0.0,0.0,0.0,0.0,0.0,0.0,0.0,0.0,0.0,0.0,0.0,0.0,0.0,0.0,0.0,0.0,0.0,0.0,0.0,0.0,0.0,0.0,0.0,0.0,0.0,0.0,0.1262135062829943,0.0741448292566814,0.3347193565348944,0.0058002251903018455,0.17092433910283003,0.09699902086180805,0.33337197976488714,0.0706798150864504,0.20251932829455235,0.1141872148433157,0.3960604417521242,0.06839803050062314,0.20237288731172628,0.11435467320295073,0.39606044146810515,0.06956227146465171,0.32873283457754665,0.15816341613355736,0.7307797980029995,0.09064535260319895,0.37329722641455637,0.1733318062416726,0.7294324212329923,0.14138343680288545,0.0,0.0,0,0,0.0,0.0,0,0,11.603446328750735,3.206826607772847,27.693993813618,4.762823803222826,13.242971929554242,3.606331944262188,18.167616347144286,7.208750929626986,-0.6845454545454546,0.4646966485855171,0.0,-1.0,-0.8181818181818182,0.385694607919935,0.0,-1.0,3.123393,1.165742,8.8679495,1.0333285,3.788984,1.2244563,5.2723055,1.4137013,-312.33926,312004,82000,820,9.873030471149832,3.068593915901147,3.0889328706543893,16.030557257705368,1286.8531357453903,81
15.844467,12.324702,378.0752,-380.94965,251.95206,5.9938035,-730.51733,-380.67242,251.58067,5.33219,-730.8867,-380.2553,251.60252,7.345341,-727.94183,15.844467,34.487194,198.73875,0.0006697178,12.324701,26.371037,215.91634,0.00023097172,0.12647787,0.8684493,1.0,-1.0,-3.4400017,1.4911565,-0.7895068,-8.160422,-344.0002,121.8303,-214.31943,-520.9571,-0.04696852,0.7134354,1.0,-1.0,10,-6.308832357743989,0.9767016930092011,-4.57070878916587,-9.130669717848432,-630.8832357743989,84.76416012116287,-498.8985560112577,-766.3053397185207,0.15333375620505954,0.6670456809257718,1.0,-1.0,0.23312483508168969,0.07375383557387938,0.3512397612085451,0.07712227167494763,0.2417986097315908,0.0783359817857012,0.3508620793178638,0.09531683393602362,0.23545454545454544,0.4242825738577285,1.0,0.0,0.18181818181818182,0.38569460791993493,1.0,0.0,0.0,0.0,0.0,0.0,0.0,0.0,0.0,0.0,0.0,0.0,0.0,0.0,0.0,0.0,0.0,0.0,0.0,0.0,0.0,0.0,0.0,0.0,0.0,0.0,0.12358635067292359,0.08202551968005796,0.34261844418176646,0.009869661922850052,0.15350843867902278,0.10246190912442077,0.34261844418176646,0.01716838310941726,0.1620595720931215,0.061832207318674656,0.26679037645358583,0.07104743958415269,0.1620595522739759,0.061832199866064856,0.266788356207021,0.07104743958415269,0.2856459227660451,0.09566085905603174,0.460149122274235,0.13834938898458268,0.3155679909529987,0.11058953419582784,0.460149122274235,0.14277042678652235,0.0,0.0,0,0,0.0,0.0,0,0,11.675406546403188,4.18377352779187,26.11179260769424,4.130467436704318,12.822788070168876,4.855574365627799,19.89616026742745,6.271829084207796,-0.5572727272727273,0.4967090040564433,0.0,-1.0,-0.6363636363636364,0.48104569292083466,0.0,-1.0,3.4400017,1.4911565,8.160422,0.7895068,4.129773,1.8658024,7.6051583,1.7060604,-344.0002,316004,83000,830,9.840521020581946,3.085333378985524,3.1141955979401246,16.040049997507595,1302.848640995915,82
11.29191,10.277417,388.20813,-390.85498,254.63333,33.678707,-851.1844,-390.33777,254.41217,32.598747,-851.0566,-389.36102,253.89896,32.777176,-848.6914,11.29191,19.687727,130.08862,0.0013500601,10.277417,16.766588,127.48979,2.5798978e-05,0.013226774,0.8804366,1.0,-1.0,-2.9532363,1.0832161,-1.0381954,-7.102541,-295.32367,79.150894,-175.2337,-426.5288,0.20268175,0.6960387,1.0,-1.0,10,-6.297248984922128,0.9504200519237839,-4.054831772280345,-9.44793195650286,-629.7248984922128,72.8789794676169,-547.83079682739,-779.440053244081,0.20168945245246864,0.6831754799771604,1.0,-1.0,0.18183869542095532,0.0781086465280536,0.3518946979696941,0.0687485152257537,0.18641042940563912,0.08320745031429053,0.35187956131546233,0.07532635402109944,0.2309090909090909,0.4214143835284079,1.0,0.0,0.09090909090909091,0.28747978728803447,1.0,0.0,0.09090909090909091,0.28747978728803447,1.0,0.0,0.09090909090909091,0.2874797872880344,1.0,0.0,0.0,0.0,0.0,0.0,0.0,0.0,0.0,0.0,0.0,0.0,0.0,0.0,0.0,0.0,0.0,0.0,0.10888184696749266,0.051258838791822664,0.23443067969737078,0.00743734537074173,0.13093373530606936,0.05812354464467311,0.23443067969737078,0.058733162502604755,0.18665755903319017,0.06965928707825732,0.28196171918625473,0.050257217261288095,0.1860824551588597,0.07066885813257556,0.28196171890964683,0.05036622559021721,0.2955394060006828,0.08918101681638116,0.44502523447703884,0.10007097508057665,0.317016190464929,0.1011703192130709,0.4379560565864628,0.11116685255926528,0.0,0.0,0,0,0.0,0.0,0,0,11.776645986898933,3.3420100235046633,26.480043336770855,5.240367667177298,13.036333709971116,3.1016525519047686,17.511522652400515,6.633161479925091,-0.6554545454545454,0.47521982734048535,0.0,-1.0,-0.8181818181818182,0.38569460791993504,0.0,-1.0,2.9532363,1.0832161,7.1025414,1.0381954,3.3514466,1.1306651,4.8161798,1.7040267,-295.32367,320004,84000,840,11.285793555318378,3.039608921040781,3.3874439586652443,17.712846435024403,1320.5992787360447,83
11.8383465,10.72671,392.3977,-393.85406,252.40828,-10.719692,-760.2251,-394.05536,251.79367,-11.821228,-761.2601,-393.4414,252.07549,-10.054246,-759.4415,11.8383465,38.54891,410.6832,0.0002268164,10.726709,33.658085,362.53702,2.2375025e-05,0.034085035,0.86257315,1.0,-1.0,-3.0122359,1.1347853,-0.7788329,-8.51011,-301.22363,80.83277,-196.76791,-440.328,0.09206249,0.73693347,1.0,-1.0,10,-6.018912169632757,0.8219980801165987,-4.114556582628432,-8.831630961123144,-601.8912169632756,50.43563575356831,-520.0974115786197,-700.3855104371029,0.2037977343646621,0.673156165229411,1.0,-1.0,0.20742819183450448,0.06343140220063431,0.3761432504722794,0.08273064390466649,0.20924996309627095,0.06207135682454774,0.28645633752144856,0.0982148612468557,0.2409090909090909,0.42763524273198794,1.0,0.0,0.18181818181818182,0.385694607919935,1.0,0.0,0.09090909090909091,0.28747978728803447,1.0,0.0,0.09090909090909091,0.2874797872880344,1.0,0.0,0.0,0.0,0.0,0.0,0.0,0.0,0.0,0.0,0.0,0.0,0.0,0.0,0.0,0.0,0.0,0.0,0.1104829445230761,0.06823562040856805,0.345490308053864,0.016160836847432237,0.14415509963871273,0.09021628587235954,0.345490308053864,0.044388519575666724,0.1932417889643454,0.09933120981234701,0.38579844228776333,0.03148396037114862,0.19324176910046448,0.09933121020294597,0.38579776411593525,0.03148396037114862,0.30372473348742146,0.14140729692061457,0.7312880721697992,0.1093468492864827,0.3373968687391771,0.16155762764337164,0.7312880721697992,0.12172885703340498,0.0,0.0,0,0,0.0,0.0,0,0,12.024577685812883,3.054619506418453,27.069153470114646,5.3974106312649,13.797474698109095,3.558353688610674,19.558620176838595,9.125132916824372,-0.7518181818181818,0.43195787214239434,0.0,-1.0,-0.9090909090909091,0.28747978728803447,0.0,-1.0,3.0122359,1.1347853,8.51011,0.7788329,3.6990867,1.4748864,6.2310357,1.8983909,-301.22363,324004,85000,850,10.319966192590073,3.0787305480334908,3.1822283193469048,16.58092505997047,1337.0543020890327,84
12.955254,8.144104,388.30734,-389.05746,245.81061,-46.65461,-744.4933,-389.56702,246.39244,-46.28074,-746.2003,-390.7315,246.49161,-47.487976,-745.7717,12.955254,23.220346,136.28682,0.0008141855,8.144104,14.962515,90.43216,1.642853e-06,0.038451333,0.87454027,1.0,-1.0,-2.570075,1.1103903,-0.78310317,-7.890375,-257.00754,83.51461,-137.86006,-389.24966,0.0061259945,0.6636599,1.0,-1.0,10,-5.999082013766674,1.050514177324976,-3.9666542430623917,-8.988417997766048,-599.9082013766672,93.0705695506959,-480.85623652036185,-734.2798969340195,0.07972532946769106,0.6912506406414828,1.0,-1.0,0.22045450111575324,0.06177152978569033,0.4044090355173765,0.06412641001082349,0.20013812519457394,0.0630755183637167,0.29748521352227003,0.06510993256881853,0.41454545454545455,0.49264340111398736,1.0,0.0,0.36363636363636365,0.48104569292083466,1.0,0.0,0.0,0.0,0.0,0.0,0.0,0.0,0.0,0.0,0.0,0.0,0.0,0.0,0.0,0.0,0.0,0.0,0.0,0.0,0.0,0.0,0.0,0.0,0.0,0.0,0.09789640512286622,0.07116695549250433,0.3015698411371677,0.002593211684182372,0.11784448771623145,0.08893242618127441,0.3015698411371677,0.021550414042809708,0.19742473487756104,0.06593732774610621,0.3213263754976992,0.1106930213572692,0.19820752058878224,0.06513943072981848,0.3213239701462959,0.1106930213572692,0.29532114000042725,0.10693863747124562,0.6228938112834637,0.14346402171243244,0.3160520083050137,0.12209215757283381,0.6228938112834637,0.1826719046142848,0.0,0.0,0,0,0.0,0.0,0,0,9.923379769857165,3.2437550481449358,28.16642117512778,4.488104658923431,10.48902477921393,4.188452165337121,18.685790994299936,4.488104658923431,-0.4090909090909091,0.49166608301781667,0.0,-1.0,-0.45454545454545453,0.49792959773196915,0.0,-1.0,2.570075,1.1103903,7.890375,0.78310317,2.828868,1.4665906,5.544307,0.92823315,-257.00754,328004,86000,860,10.079496560734697,2.952147396048531,3.1858524384442717,16.2174963952275,1353.3070943000494,85
13.8862915,13.639919,386.98645,-389.2896,250.17453,-13.881998,-759.33405,-388.65427,250.19547,-12.940977,-758.7442,-388.81216,250.12935,-18.746517,-763.1224,13.8862915,24.46053,124.7208,2.8603303e-05,13.639919,30.372282,248.09326,9.837095e-09,0.029593136,0.84927154,1.0,-1.0,-3.06062,1.0627482,-1.0774691,-7.7778907,-306.06204,80.32855,-197.43475,-444.72754,0.3369481,0.6266282,1.0,-1.0,10,-6.40451186849902,0.7976332657169392,-3.9247511837775026,-8.976400025809943,-640.4511868499021,57.178137460772206,-549.1558748902867,-717.7485285420482,0.0673869318334693,0.7041583467092559,1.0,-1.0,0.22431042181461744,0.07602402210499278,0.39451589453673785,0.07454044921924029,0.22786113944792302,0.10250535006825796,0.35928243222056405,0.07591925690857058,0.18818181818181817,0.390857290436808,1.0,0.0,0.0,0.0,0.0,0.0,0.09090909090909091,0.28747978728803447,1.0,0.0,0.09090909090909091,0.2874797872880344,1.0,0.0,0.0,0.0,0.0,0.0,0.0,0.0,0.0,0.0,0.0,0.0,0.0,0.0,0.0,0.0,0.0,0.0,0.1256201456147555,0.077864964929631,0.35963112482694787,0.00842730883945379,0.19396704206837062,0.08845028471374748,0.3587520274593605,0.07089946380398689,0.1982386834329768,0.08520648415932715,0.37603779697214035,0.03732300884695712,0.2015369617302839,0.08412861842713808,0.3760353846347626,0.03732300884695712,0.3238588290477323,0.1097072700097288,0.5881120828323441,0.07609014078670873,0.3955040037986546,0.10502323972054385,0.5872329854647567,0.2124658064278771,0.0,0.0,0,0,0.0,0.0,0,0,11.30332924867533,3.295638408690414,27.278934248767094,5.035620904428572,13.684498225345372,2.341732494266775,17.548317654928127,9.667827953949852,-0.5745454545454546,0.49441174663089427,0.0,-1.0,-0.9090909090909091,0.28747978728803447,0.0,-1.0,3.06062,1.0627482,7.7778907,1.0774691,3.993982,0.8049247,5.1999993,2.6320431,-306.06204,332004,87000,870,9.899523632600904,2.9879943509586155,3.1855191797949374,16.073037163354456,1369.3650940774241,86
7.5910826,8.95553,373.5673,-375.2214,237.50014,8.6551895,-744.9907,-375.02155,237.59955,10.457811,-746.06384,-375.43304,237.64307,8.006171,-746.5533,7.5910826,11.368172,63.669373,9.536743e-05,8.955531,16.64395,109.78746,1.4165416e-06,0.106829315,0.8387013,1.0,-1.0,-3.3516319,0.96376,-1.8302462,-8.44348,-335.1632,83.15704,-266.10196,-529.09937,0.13528836,0.63583446,1.0,-1.0,10,-5.962265037783011,1.0903468454701752,-3.8550308115184975,-9.74172802640748,-596.2265037783011,87.94818363226531,-469.2192541633201,-813.4713040200585,0.14362182119737785,0.6376751134476939,1.0,-1.0,0.2165840683397559,0.061252346682610245,0.3546487273178189,0.06473008046313858,0.21666994629973724,0.06352740896618352,0.3206924480404273,0.06473008046313858,0.14727272727272728,0.3543775826352172,1.0,0.0,0.0,0.0,0.0,0.0,0.04181818181818182,0.2001734784820489,1.0,0.0,0.0,0.0,0.0,0.0,0.0,0.0,0.0,0.0,0.0,0.0,0.0,0.0,0.0,0.0,0.0,0.0,0.0,0.0,0.0,0.0,0.1458125593316795,0.09605464156807823,0.3493709613360369,0.0049366146746599214,0.1689917933511771,0.09207795795986926,0.3493709613360369,0.06228484651133264,0.2259059849877382,0.08221146240024439,0.33113275898438266,0.041130362505704586,0.23038878973040855,0.07424621406304252,0.3311305304724513,0.0868262483224466,0.37171854431941764,0.15953339087346954,0.652257605433367,0.09237605287777154,0.3993805830815856,0.14923907255488633,0.652257605433367,0.19832071340151078,0.0,0.0,0,0,0.0,0.0,0,0,12.539994338785519,3.3252440246752046,27.67105480687963,6.382496007552868,13.966302376951557,2.7226165409623984,18.020357150138043,9.51072645616266,-0.75,0.4330127018922193,0.0,-1.0,-0.8181818181818182,0.385694607919935,0.0,-1.0,3.3516319,0.96376,8.44348,1.8302462,3.7913427,0.91031474,6.0824165,2.6177943,-335.1632,336004,88000,880,10.126306509133428,2.972006779978983,3.161623161751777,16.25993645086419,1385.7026515092002,87
23.27016,19.136044,377.3646,-379.59567,249.80641,-2.5158684,-754.2049,-379.46893,250.13147,-3.0315335,-754.5493,-379.62778,250.18042,-0.3774252,-752.7002,23.27016,136.6489,1548.3005,0.0018423817,19.136044,90.33662,1018.4178,6.8145106e-05,0.040384565,0.8668622,1.0,-1.0,-3.217876,0.9639357,-1.1813556,-5.8504925,-321.7876,51.78765,-237.47353,-406.6684,0.21919663,0.65212446,1.0,-1.0,10,-5.797192255898244,0.937763863311027,-4.077181103024667,-9.19765208111989,-579.7192255898244,70.26046986004128,-495.95716874248353,-738.968825590612,0.15834452531731388,0.6654588966829305,1.0,-1.0,0.19403617889115837,0.07022573011594768,0.3799544883574677,0.04723897238957081,0.2076243118579901,0.07108198237181285,0.31185815068102896,0.04723897238957081,0.15,0.3570714214271425,1.0,0.0,0.09090909090909091,0.28747978728803447,1.0,0.0,0.09090909090909091,0.28747978728803447,1.0,0.0,0.09090909090909091,0.2874797872880344,1.0,0.0,0.0,0.0,0.0,0.0,0.0,0.0,0.0,0.0,0.013636363636363636,0.11597591656520975,1.0,0.0,0.09090909090909091,0.28747978728803447,1.0,0.0,0.13196418134891108,0.06889646980919499,0.34886556488958775,0.02272537764310858,0.1896181281699686,0.07537407670070533,0.3340888833489694,0.045749304309100146,0.17109493088240665,0.09524602953281419,0.3777971832177093,0.02898385500070956,0.1754373529648178,0.09463322401621307,0.37779518954543984,0.02898385500070956,0.30305911223131776,0.12045857996683718,0.5535726143195998,0.08643841961810975,0.36505548113478636,0.10415979910924328,0.5387959327789815,0.22231834186840405,0.0,0.0,0,0,0.0,0.0,0,0,12.785868842894521,3.3408252955852595,26.103350029017516,6.713671660037083,15.579791627044038,3.441688931767804,21.011474135985,10.395278110628341,-0.8381818181818181,0.36828393645560986,0.0,-1.0,-1.0,0.0,-1.0,-1.0,3.217876,0.9639357,5.8504925,1.1813556,4.27107,0.9325643,5.414051,2.5355196,-321.7876,340004,89000,890,9.995014778571203,3.0509994809981436,3.1497203778708354,16.195734637440182,1401.783315103734,88
14.060382,13.433062,392.25864,-395.14435,258.7165,-9.129282,-881.37823,-395.51196,258.82217,-10.158757,-879.75244,-394.2791,258.44202,-8.01148,-880.67957,14.060383,34.32935,226.31662,0.005047381,13.433061,32.52826,224.23709,5.812384e-06,0.11166173,0.8488333,1.0,-1.0,-3.038168,0.97497654,-0.94328743,-7.3105807,-303.81677,81.18611,-192.78665,-410.1382,-0.034890532,0.66564846,1.0,-1.0,10,-5.786582145833362,0.8601253036947358,-3.5126196153828104,-7.756558235981874,-578.6582145833361,64.13812000801876,-467.77288437846846,-662.1060411663229,0.1685193906419241,0.6610302434074561,1.0,-1.0,0.2403385253206634,0.05736062597817421,0.35548734223773804,0.10930787722317942,0.24997207121782414,0.058050785011158075,0.3509743977358667,0.15126632477580162,0.3690909090909091,0.48255860775387205,1.0,0.0,0.2727272727272727,0.4453617714151233,1.0,0.0,0.0,0.0,0.0,0.0,0.0,0.0,0.0,0.0,0.0,0.0,0.0,0.0,0.0,0.0,0.0,0.0,0.0,0.0,0.0,0.0,0.0,0.0,0.0,0.0,0.09793193485010687,0.06344374892381356,0.26629635760548354,0.0010004375277461097,0.09969391232810026,0.06455589515282649,0.26629635760548354,0.007835605328548805,0.1957638291064526,0.09362395625701497,0.41429800356381236,0.07567720722032753,0.19576381271396218,0.09362395591621366,0.4142980033134979,0.07567720722032753,0.2936957639565595,0.1108701096361228,0.6069149902862614,0.149569081762346,0.29545772504206247,0.11209250131692193,0.5268950855265164,0.17180790197836981,0.0,0.0,0,0,0.0,0.0,0,0,10.398906637093226,3.4899830618796526,26.132229927509762,4.061461679334523,11.170899863574071,3.9459056476845156,18.652078250641424,5.652354543024185,-0.48727272727272725,0.4998379902817768,0.0,-1.0,-0.6363636363636364,0.48104569292083466,0.0,-1.0,3.038168,0.97497654,7.3105807,0.94328743,3.2498024,0.8207776,4.525471,2.101575,-303.81677,344004,90000,900,10.105045990319923,2.9346187979681417,3.149295096285641,16.188959884573705,1418.0220884743612,89
10.593956,9.784428,381.68616,-383.4887,243.7525,4.1793137,-758.94403,-384.42108,243.85764,4.193078,-759.5448,-384.05695,243.30687,3.670653,-759.23706,10.593956,19.013905,142.8597,0.00016117096,9.784428,14.916775,94.52293,9.499527e-05,0.040874023,0.85559344,1.0,-1.0,-3.4198322,1.2172514,-1.3070102,-6.6619034,-341.98322,95.79244,-233.32033,-545.43506,0.25492948,0.63295674,1.0,-1.0,10,-6.3298884338897405,0.9929719281632103,-3.548887776798609,-8.826353663272853,-632.9888433889741,82.65204825323458,-488.1270435651219,-746.1695914208257,0.14488508802047761,0.7051426643235926,1.0,-1.0,0.228092966768938,0.08760419822306995,0.4268501488810124,0.0869529697292883,0.24469442473669972,0.08645806059611467,0.3673088880339358,0.09817221814559889,0.11636363636363636,0.32066047541888876,1.0,0.0,0.0,0.0,0.0,0.0,0.0,0.0,0.0,0.0,0.0,0.0,0.0,0.0,0.0,0.0,0.0,0.0,0.0,0.0,0.0,0.0,0.0,0.0,0.0,0.0,0.0,0.0,0.0,0.0,0.13995907960335827,0.07919068217006191,0.33044568555544557,0.012123233758802152,0.191795980647474,0.07602763939003968,0.3275388494289708,0.06829111057538984,0.2007443472389034,0.08104579763837402,0.40676354125020586,0.0868518097816364,0.2007443226985264,0.08104579839200007,0.4067613824095584,0.0868518097816364,0.3407034268422616,0.12728762612843772,0.737207067965004,0.12211788161768541,0.39254030334600026,0.1250633668927844,0.7343002318385292,0.24099526682067157,0.0,0.0,0,0,0.0,0.0,0,0,12.481742710864914,3.37225598787764,23.634570239779475,5.574772913862772,15.51753591707888,3.109171812043989,18.910790387490017,8.064807663245075,-0.7109090909090909,0.45334022033336163,0.0,-1.0,-0.9090909090909091,0.28747978728803447,0.0,-1.0,3.4198322,1.2172514,6.6619034,1.3070102,4.510501,1.2261951,6.6619034,2.1570883,-341.98322,348004,91000,910,9.951253151055425,2.985153555055149,3.120692618773319,16.057099324883893,1434.0102591823088,90
8.824614,8.858401,379.06238,-381.95197,246.3579,15.18174,-779.5357,-380.9077,246.20325,14.719261,-777.7975,-380.71805,246.23187,17.455292,-780.0465,8.824614,13.191142,80.53773,3.3620745e-05,8.858401,17.801594,115.863205,0.00013519172,0.14202298,0.84178525,1.0,-1.0,-3.3569665,1.1091032,-0.85100114,-7.649647,-335.69666,77.60827,-213.65092,-496.7501,-0.04734163,0.7190745,1.0,-1.0,10,-6.4350615713110315,0.943192729744815,-4.273107470633826,-10.486006923915442,-643.5061571311032,73.24174859040656,-500.5542223150292,-764.9474808694096,0.1339207081673746,0.6761289138622398,1.0,-1.0,0.19533966804804292,0.07133056083647242,0.40888675273464203,0.06827092869853349,0.2062220414810213,0.08350520931413008,0.3493034142231153,0.06833383022653398,0.18454545454545454,0.3879283822460869,1.0,0.0,0.18181818181818182,0.38569460791993493,1.0,0.0,0.0,0.0,0.0,0.0,0.0,0.0,0.0,0.0,0.0,0.0,0.0,0.0,0.0,0.0,0.0,0.0,0.0,0.0,0.0,0.0,0.0,0.0,0.0,0.0,0.10125154457571449,0.0434063361537611,0.27066346607377423,0.020629604625657733,0.12641934314525474,0.06324098628537712,0.27066346607377423,0.05056601786401455,0.18737447734080592,0.09247487718193181,0.4180597442827638,0.10886077696485628,0.18743712212563926,0.09242192254235156,0.41805827119809996,0.10967471400348928,0.2886260219165205,0.10467641352981355,0.6040993119653989,0.13284402431453546,0.31385646527089395,0.08417935658622942,0.510754021280714,0.21404573387939463,0.0,0.0,0,0,0.0,0.0,0,0,12.544855320999826,3.219414493190902,27.388575565570353,5.682014631534482,13.996987362092165,4.104588361064354,23.10606105917075,8.26666759682995,-0.78,0.4142463035441596,0.0,-1.0,-0.9090909090909091,0.28747978728803447,0.0,-1.0,3.3569665,1.1091032,7.6496477,0.85100114,3.843407,1.2579212,6.6548195,2.0943959,-335.69666,352004,92000,920,9.955230711493641,2.9162048780126497,3.1370625882409513,16.008498177747242,1450.0748587172711,91
11.383739,11.475962,388.64465,-390.50964,257.52997,11.555105,-751.1581,-391.06592,257.61444,12.125221,-751.2207,-390.1828,257.4068,12.983208,-748.0457,11.383739,42.171894,425.64462,0.0015498139,11.475961,33.187172,270.06726,8.229166e-06,0.15252653,0.83679044,1.0,-1.0,-3.1131494,1.2436035,-0.8658341,-6.615754,-311.31497,90.585846,-154.11316,-418.13892,0.2125868,0.6907044,1.0,-1.0,10,-6.278605120262412,1.0124450778747391,-3.910491758382701,-8.857061487199443,-627.8605120262413,77.70131426780566,-476.91286717275597,-712.8752115408781,0.13896722239534814,0.6735814672307178,1.0,-1.0,0.22604907309201486,0.08306306299701058,0.41194868663526507,0.06483705956524237,0.2386207356741525,0.09876558849130276,0.41194868663526507,0.09495434175441994,0.1690909090909091,0.37483219385975775,1.0,0.0,0.0,0.0,0.0,0.0,0.0,0.0,0.0,0.0,0.0,0.0,0.0,0.0,0.0,0.0,0.0,0.0,0.0,0.0,0.0,0.0,0.0,0.0,0.0,0.0,0.0,0.0,0.0,0.0,0.11702227921835712,0.06310158933841217,0.28178033415417875,0.013166692108395574,0.1677207552547284,0.07850991073110034,0.28112019763663343,0.07949645577884375,0.21080526923061096,0.08720481052198113,0.35301036799104524,0.09384278494800524,0.21139522485131695,0.08742835295151441,0.3530089455043568,0.09384278494800524,0.32782754844896805,0.08975762660808853,0.5208560134788808,0.10851797400504695,0.37911598010604536,0.06755278749691879,0.5208560134788808,0.26306149032138404,0.0,0.0,0,0,0.0,0.0,0,0,11.940616130491591,3.8297892734456274,25.605582880762366,4.598379936370601,14.274748437313912,4.523016678202544,19.95598463038702,7.0261159446172625,-0.6963636363636364,0.459827491907617,0.0,-1.0,-0.8181818181818182,0.385694607919935,0.0,-1.0,3.1131494,1.2436035,6.615754,0.8658341,3.964626,1.5525591,5.9496684,1.5439466,-311.31497,356004,93000,930,9.980182758299634,2.97290532104671,3.153664101380855,16.1067521807272,1466.1240640881006,92
17.2366,10.146854,382.72827,-386.24008,256.55206,14.544744,-845.68823,-385.40775,255.68762,13.249943,-839.91974,-383.8779,254.96286,11.374122,-837.27936,17.2366,24.982954,128.76515,0.003159944,10.146854,14.213922,77.15967,3.025867e-06,0.15278912,0.8549162,1.0,-1.0,-3.2220445,1.2506045,-1.3644173,-7.624467,-322.2044,86.44416,-184.73051,-485.93936,0.11894474,0.65884596,1.0,-1.0,10,-6.285794981252052,1.1845713173822945,-3.816484306174516,-9.648628003826694,-628.5794981252053,100.82332959131801,-513.6799483577785,-842.4850089050972,0.12310631566164988,0.7048058084673163,1.0,-1.0,0.22153790281111246,0.10194556087516249,0.44530315932530734,0.060483232820239465,0.24034138567892108,0.10767951017128784,0.4452623392065409,0.06975298189175434,0.35454545454545455,0.4783753497062862,1.0,0.0,0.2727272727272727,0.4453617714151233,1.0,0.0,0.09090909090909091,0.28747978728803447,1.0,0.0,0.09090909090909091,0.28747978728803447,1.0,0.0,0.0,0.0,0.0,0.0,0.0,0.0,0.0,0.0,0.0,0.0,0.0,0.0,0.0,0.0,0.0,0.0,0.10410605224637436,0.06808353201288855,0.3150598602222514,0.008792569349623292,0.1420398619559589,0.09189308465983373,0.3150598602222514,0.015874813703860586,0.16525246719805134,0.0961971450630105,0.3505949648929765,0.05727952957850419,0.1652866945579459,0.0961600550735856,0.3505925807576826,0.05727952957850419,0.26935851944442574,0.13917171078790733,0.665652440979934,0.078282675124136,0.3073265565139048,0.16457828822600581,0.665652440979934,0.07970096791038953,0.0,0.0,0,0,0.0,0.0,0,0,11.682297925771524,3.8599933493646814,27.448600737193047,5.384923490599986,13.051290604928978,3.706233793688751,17.699322172968806,7.511085745312278,-0.5990909090909091,0.4900826376597493,0.0,-1.0,-0.7272727272727273,0.4453617714151233,0.0,-1.0,3.2220445,1.2506045,7.624467,1.3644173,3.9525583,1.3697582,5.934093,1.5571934,-322.2044,360004,94000,940,9.926359958597459,2.9167290159966797,3.1475990815088153,15.990688056102954,1482.1569856872084,93
19.295958,19.303299,365.78207,-368.10526,247.4185,16.953255,-777.8166,-368.20245,247.72127,17.061134,-775.9727,-367.85965,246.80481,16.598877,-775.00525,19.295958,53.136436,353.6151,2.4403926e-07,19.303299,57.141907,477.1654,0.001268358,0.09670006,0.84904975,1.0,-1.0,-3.266576,1.0022792,-0.72851026,-7.0891237,-326.65762,79.95533,-189.11513,-449.15222,0.32755953,0.6309801,1.0,-1.0,10,-6.0072722790089035,0.8886180513832516,-3.2629521072337098,-8.258326560426642,-600.7272279008904,71.07988454751465,-469.3700359917491,-718.31702263139,0.13615380765889595,0.6757604284659415,1.0,-1.0,0.23971213250359721,0.08083286037229584,0.39544208759478633,0.06131313752002833,0.26906841374794266,0.10098085113764689,0.39544208759478633,0.06161441978191533,0.33,0.4702127178203499,1.0,0.0,0.09090909090909091,0.2874797872880344,1.0,0.0,0.0,0.0,0.0,0.0,0.0,0.0,0.0,0.0,0.0,0.0,0.0,0.0,0.0,0.0,0.0,0.0,0.0,0.0,0.0,0.0,0.0,0.0,0.0,0.0,0.0908421645678224,0.04574737731710267,0.22736592714951404,0.008613005394876114,0.1358891773278169,0.0497458794588432,0.22736592714951404,0.052853762079811746,0.20193898772582874,0.0388251209727365,0.274655287340833,0.1469825313388736,0.2055988007575784,0.037841842730956775,0.27465194837877366,0.14698253133887362,0.2927811522936511,0.058546143135275897,0.43544074040169733,0.17269296275565355,0.3414879780853953,0.057625427426624916,0.43544074040169733,0.2452369457100076,0.0,0.0,0,0,0.0,0.0,0,0,12.06430758253155,2.7372704540834008,26.586275883611027,5.793277202574289,13.964247982584112,2.3913178768555667,17.720154931919375,8.540633591562674,-0.7454545454545455,0.4356054018440341,0.0,-1.0,-0.9090909090909091,0.28747978728803447,0.0,-1.0,3.266576,1.0022792,7.0891237,0.72851026,3.7682467,1.0582429,5.601987,2.1703904,-326.65762,364004,95000,950,10.020186562323943,2.9577065039193258,3.136651794775389,16.114544861018658,1498.2406646833988,94
9.344602,11.292625,382.00958,-383.71545,245.49432,21.130068,-750.7036,-383.7804,244.91733,19.97027,-750.6096,-383.85852,245.50165,22.970528,-750.2117,9.344602,17.11725,129.44894,0.000114087015,11.292625,19.618656,121.885155,0.0005182959,0.17302692,0.8495379,1.0,-1.0,-3.6084933,1.2470329,-0.6140403,-7.681417,-360.84937,107.9264,-187.95825,-493.54077,-0.046822824,0.7126457,1.0,-1.0,10,-6.049121214670973,0.9530559445425858,-3.7822465938048007,-8.56433045614818,-604.9121214670973,66.0775530805686,-481.0690053493658,-691.3144899980987,0.11641274616165564,0.6520140210502171,1.0,-1.0,0.2815953624407184,0.07773196021820795,0.42160484744959786,0.10499218434415204,0.283213858625127,0.07381306749855275,0.4030694310458848,0.17607794342565106,0.2,0.4000000000000001,1.0,0.0,0.09090909090909091,0.2874797872880344,1.0,0.0,0.0,0.0,0.0,0.0,0.0,0.0,0.0,0.0,0.0,0.0,0.0,0.0,0.0,0.0,0.0,0.0,0.0,0.0,0.0,0.0,0.0,0.0,0.0,0.0,0.10527349851283677,0.057012750366299145,0.25182286089367095,0.0010888477667022171,0.12654795850675435,0.06195452983155781,0.25182286089367095,0.010762997777949911,0.2175406159817927,0.08079819408341188,0.38601022122488216,0.0779310939010565,0.2175405964896518,0.08079818940142001,0.3860092377419083,0.0779310939010565,0.32281411449462943,0.07760897783981424,0.5671108788025137,0.1340258897087521,0.3440885549964061,0.0884113045683623,0.4911007578641772,0.1672374863945834,0.0,0.0,0,0,0.0,0.0,0,0,12.165171970580886,3.8914592755218536,27.53416276527995,4.10864375182748,13.974183076293377,3.452827220628249,22.010702719759056,9.788388479193491,-0.7372727272727273,0.4401154994913971,0.0,-1.0,-0.9090909090909091,0.28747978728803447,0.0,-1.0,3.6084933,1.2470329,7.6814165,0.6140403,4.184286,0.9649441,5.861092,2.699245,-360.84937,368004,96000,960,10.182168172905222,2.9273101680446416,3.1494199592852965,16.25889830023516,1514.5514800237725,95
9.415331,8.793576,380.24408,-382.99954,253.36194,14.539465,-787.7389,-382.70758,253.4821,14.208113,-786.82544,-382.3078,253.45485,11.167403,-783.77704,9.415331,20.704128,146.00037,2.1457672e-06,8.793577,17.411171,122.199875,0.00036263466,0.03792089,0.86237323,1.0,-1.0,-3.4814913,1.2397286,-1.2217793,-7.157731,-348.1491,96.15529,-209.0721,-498.18243,0.2020758,0.6387676,1.0,-1.0,10,-5.850952887576864,0.7564490537991487,-3.9593653107582756,-8.371759081971186,-585.0952887576864,51.925644025820304,-476.84864304064,-678.8179808451723,0.13415987866876816,0.6802382453781907,1.0,-1.0,0.21608392043690153,0.07668507156834649,0.36348164009828937,0.06908752009572758,0.24646104087137496,0.0813842560159388,0.36348164009828937,0.0817267661235532,0.13454545454545455,0.34123741765318116,1.0,0.0,0.09090909090909091,0.2874797872880344,1.0,0.0,0.0,0.0,0.0,0.0,0.0,0.0,0.0,0.0,0.0,0.0,0.0,0.0,0.0,0.0,0.0,0.0,0.0,0.0,0.0,0.0,0.0,0.0,0.0,0.0,0.12532308220106606,0.06843708576703883,0.34304012408668094,0.021703893924430513,0.18257943269688165,0.07896668071116635,0.34304012408668094,0.048160685673865375,0.17663969583108852,0.0812978008039954,0.3301373464561066,0.07219299503653369,0.1774230701776753,0.08067578348437979,0.330137346111283,0.07219299503653369,0.3019627780321546,0.09357005740980394,0.4897460989532525,0.10918431093101605,0.360002502874557,0.08003551800910363,0.4897460989532525,0.23360272455256278,0.0,0.0,0,0,0.0,0.0,0,0,12.205667733237016,3.341332908837806,26.568385499223904,5.682905019257387,14.287683060637944,2.9739541835916476,19.336630987902787,8.293653164577249,-0.6990909090909091,0.45865325673907015,0.0,-1.0,-0.9090909090909091,0.28747978728803447,0.0,-1.0,3.4814913,1.2397285,7.157731,1.2217793,4.427844,1.0149947,6.172676,2.9496567,-348.1491,372004,97000,970,9.875696014263667,2.978319499990903,3.1586873905034736,16.012702904758044,1530.5437741505448,96
12.935383,11.738514,386.48407,-388.01038,244.54733,-22.693306,-782.72595,-388.30862,244.18083,-23.058037,-782.60785,-388.77942,244.5822,-24.65036,-783.98914,12.935383,26.586859,192.22102,0.002076659,11.738514,26.163437,160.48323,0.001806049,0.056180432,0.8709288,1.0,-1.0,-3.8199387,1.4461495,-1.2648594,-8.366153,-381.99387,116.02095,-224.83438,-636.4513,0.19389568,0.7146351,1.0,-1.0,10,-6.283312273514836,0.9053913056227963,-3.9166078056355706,-8.441956479857355,-628.3312273514837,62.456933323803916,-523.1854408845409,-741.9857786197039,0.12942603333006328,0.6958484788073164,1.0,-1.0,0.18848191289341606,0.08003075335450716,0.38839485266144574,0.03504548576377096,0.19940045971297463,0.09315949937150352,0.3724799768527678,0.041169873769763866,0.060909090909090906,0.23916348708303908,1.0,0.0,0.0,0.0,0.0,0.0,0.0,0.0,0.0,0.0,0.0,0.0,0.0,0.0,0.0,0.0,0.0,0.0,0.0,0.0,0.0,0.0,0.05545454545454546,0.22886532905395526,1.0,0.0,0.09090909090909091,0.28747978728803447,1.0,0.0,0.13184230292832694,0.056167774993512214,0.2969368509156695,0.029503586508101778,0.17617585309878403,0.06506485402138337,0.2969368509156695,0.0898866246508832,0.2289159271853143,0.0820205691795024,0.4135065234532138,0.07704671375787277,0.2312333647847809,0.08502610304957699,0.41342028576714246,0.07704671375787277,0.3607582301136413,0.09629022983262985,0.6234428399144496,0.12271678321506181,0.4074092178835649,0.08516985057941011,0.5299655928902947,0.24820350078552994,0.0,0.0,0,0,0.0,0.0,0,0,13.356567783271126,3.9910528081338126,27.424637780670864,6.191624112486708,15.387566221753366,3.5432569395343854,24.98938552058964,11.665643718541016,-0.8081818181818182,0.3937308305710244,0.0,-1.0,-1.0,0.0,-1.0,-1.0,3.8199387,1.4461495,8.366153,1.2648594,4.651759,1.4932625,8.366153,2.9267623,-381.99387,376004,98000,980,10.191253480385058,2.958477283944376,3.1443981104530394,16.294128874782473,1546.8650229763007,97
7.4964795,8.341282,394.76636,-396.25443,259.38794,9.732499,-759.43,-396.0321,259.74228,9.731079,-756.2349,-396.63,259.34003,8.080659,-761.66626,7.49648,13.588956,77.27874,8.104835e-05,8.341282,15.801581,122.604866,0.00028920133,0.14876333,0.8566586,1.0,-1.0,-3.46322,1.232837,-0.70773363,-8.033652,-346.32202,100.61493,-172.70595,-483.70584,0.25974506,0.71269053,1.0,-1.0,10,-6.129428565708296,1.248680196682725,-3.669710501979178,-9.519388964054047,-612.9428565708297,107.1591392785079,-450.6354497750219,-784.9980601837626,0.15561131812575887,0.6869102281748422,1.0,-1.0,0.21721811336231425,0.08067214446640383,0.4150707609325773,0.039296016317761716,0.2220067417786887,0.08737030735871801,0.3755216606060972,0.03940447540536592,0.06,0.23748684174075835,1.0,0.0,0.0,0.0,0.0,0.0,0.18181818181818182,0.38569460791993504,1.0,0.0,0.18181818181818182,0.385694607919935,1.0,0.0,0.0,0.0,0.0,0.0,0.0,0.0,0.0,0.0,0.05272727272727273,0.22348849509094762,1.0,0.0,0.09090909090909091,0.2874797872880344,1.0,0.0,0.13256675869887585,0.07027331672497986,0.3012452211153569,0.015260603679826125,0.1675449392967355,0.08430999476448138,0.2960495869439318,0.06737237630736075,0.215775932565837,0.11040369050102389,0.3535314137614931,0.02892881348315983,0.21577694158203772,0.11042258801842515,0.35353141351907696,0.036673555297913794,0.34834269126471284,0.14362906588806107,0.6283212728431261,0.062316956971493434,0.3833218808787732,0.15374666668145012,0.623125638671701,0.14552308004182637,0.0,0.0,0,0,0.0,0.0,0,0,12.293673709080293,4.161806381906329,27.46760001101742,4.569980444274728,14.478211753955877,4.299692086933633,23.385502726970753,6.771634984927113,-0.6736363636363636,0.4688820888273943,0.0,-1.0,-0.8181818181818182,0.385694607919935,0.0,-1.0,3.46322,1.232837,8.033652,0.70773363,4.1992445,1.4202813,6.094255,1.7273568,-346.32202,380004,99000,990,10.012618198175915,2.985531667014584,3.179289129911922,16.17743899510242,1563.1458807352465,98
9.741059,8.380369,379.01736,-381.94812,250.40617,5.5077114,-761.54083,-381.91846,250.63658,7.0658865,-757.502,-380.8346,250.37941,5.703644,-760.58203,9.741058,14.524684,89.89549,0.0013144165,8.380368,12.597624,86.60447,0.0012061037,0.101912506,0.85337996,1.0,-1.0,-3.3887172,0.99283755,-0.7868092,-6.740423,-338.87177,77.26619,-146.51683,-421.77927,0.16505632,0.66804916,1.0,-1.0,10,-5.990421034563488,1.153737448729171,-3.2382155566421096,-8.47721987116125,-599.0421034563486,95.17039434952889,-422.1264060945711,-729.478075859028,0.1524670104230326,0.6813785666169161,1.0,-1.0,0.2401078273420517,0.06858258344035871,0.3550019245680892,0.09344532056838928,0.2654899789536919,0.07109661673131568,0.35477793606875374,0.13827464569482475,0.3563636363636364,0.4789244147475907,1.0,0.0,0.2727272727272727,0.4453617714151233,1.0,0.0,0.0,0.0,0.0,0.0,0.0,0.0,0.0,0.0,0.0,0.0,0.0,0.0,0.0,0.0,0.0,0.0,0.0,0.0,0.0,0.0,0.0,0.0,0.0,0.0,0.09072584233152534,0.05428853998784312,0.26361224961890467,0.010479827962412518,0.11971168867970183,0.06807792223873084,0.2617648349587637,0.04195577790858945,0.17949163004660976,0.06975083565567912,0.30338845581561297,0.0838044455155936,0.17949161391224525,0.069750834503178,0.3033872806277376,0.0838044455155936,0.2702174723781351,0.09310522645082306,0.495883053737442,0.11323233957495268,0.29920330259194716,0.10854791110747683,0.4940356390773011,0.1303550097759677,0.0,0.0,0,0,0.0,0.0,0,0,11.586715387210015,3.0745926769515113,22.437445016526848,4.196344136722153,13.872489634403765,2.7939340138229216,17.299517186516567,8.263202942916083,-0.68,0.46647615158762407,0.0,-1.0,-0.9090909090909091,0.28747978728803447,0.0,-1.0,3.3887174,0.99283755,6.740423,0.7868092,3.957081,1.0656942,5.8857813,1.6779735,-338.87177,384004,100000,1000,10.108255436411127,3.091642896994017,3.162257766816765,16.36215610022191,1579.336278535775,99
11.588201,10.933397,379.50793,-381.0788,251.46799,4.5250463,-735.2237,-381.29218,251.23393,6.711179,-735.21423,-381.3805,251.80432,3.842052,-737.0133,11.588201,26.094889,203.34396,0.0010444606,10.933395,33.25711,322.2306,0.009837095,0.011526386,0.8619117,1.0,-1.0,-3.323461,1.6642541,-1.2229439,-8.256047,-332.3461,154.07216,-164.24199,-652.26013,-0.07556327,0.65470785,1.0,-1.0,10,-5.922324811440187,0.8393237773920291,-4.0304445823514845,-8.157230541312344,-592.2324811440187,63.05927070798907,-467.59548474643844,-672.2795277515585,0.12926377187737137,0.6812596428225393,1.0,-1.0,0.21863611439029365,0.06915038575445183,0.38340594724216975,0.03941957340485014,0.22730843047729576,0.09591412778234988,0.3831263628461912,0.0395500937899381,0.28545454545454546,0.4516306543336981,1.0,0.0,0.18181818181818182,0.38569460791993493,1.0,0.0,0.0,0.0,0.0,0.0,0.0,0.0,0.0,0.0,0.0,0.0,0.0,0.0,0.0,0.0,0.0,0.0,0.03363636363636364,0.1802913161460805,1.0,0.0,0.09090909090909091,0.2874797872880344,1.0,0.0,0.11365722050793171,0.07729315170131988,0.31888324219829334,0.004145177788273383,0.12099374906199617,0.08623442485699591,0.31888324219829334,0.01296067547347657,0.20144675237488394,0.06486766126954902,0.29450687593687674,0.07766704862467082,0.2025488050174487,0.06435433824178462,0.2945041164513905,0.07766704862467082,0.31510397288281566,0.11509633634981928,0.5361842262302284,0.0987175107170046,0.3235425540794448,0.11537926689489264,0.5361842262302284,0.12344592852654034,0.0,0.0,0,0,0.0,0.0,0,0,11.463183668955057,4.619665084033505,25.600971062417063,4.895300573481566,12.548895869792325,4.435503309461479,19.418497149015835,6.486978646845462,-0.5227272727272727,0.49948320399627066,0.0,-1.0,-0.5454545454545454,0.49792959773196915,0.0,-1.0,3.3234613,1.6642541,8.256047,1.222944,3.6948824,1.6404217,6.932065,1.4397182,-332.3461,388004,101000,1010,9.894882545922883,2.9172722520306706,3.1281413494143635,15.940296147367917,1595.3531926600263,100
13.716152,13.414796,386.88657,-388.30865,256.764,-26.083479,-761.49725,-388.72037,256.79376,-28.547977,-763.22675,-388.50385,257.02536,-25.189543,-780.01306,13.716152,36.46721,342.83514,0.0005875091,13.414797,30.47565,281.7804,0.00046059542,0.066045426,0.87019473,1.0,-1.0,-3.054107,1.3788022,-1.0078425,-7.3839226,-305.4107,124.318115,-143.40443,-568.894,0.037866294,0.66320276,1.0,-1.0,10,-6.172174521379709,1.092611283129513,-3.3682718464545824,-9.045813312222782,-617.217452137971,92.72386772123537,-459.42959837110925,-776.2349485994981,0.1775182644599717,0.6681173302678848,1.0,-1.0,0.23175783678480658,0.0733001321283509,0.3581989758110798,0.07768964785338327,0.24891580971616667,0.07285831033446347,0.3581989758110798,0.11438086546078823,0.08818181818181818,0.2835591386712249,1.0,0.0,0.09090909090909091,0.2874797872880344,1.0,0.0,0.0,0.0,0.0,0.0,0.0,0.0,0.0,0.0,0.0,0.0,0.0,0.0,0.0,0.0,0.0,0.0,0.0,0.0,0.0,0.0,0.0,0.0,0.0,0.0,0.12961393102649368,0.0771098006731958,0.34978682792826316,0.013599389242786274,0.16332986541322309,0.10622526897800787,0.3460796459178142,0.027474781920869794,0.19602931050081182,0.08123749037792137,0.3786168662166569,0.08340096305232415,0.19613390940067713,0.0811465569596252,0.3786152218102527,0.08340096305232415,0.3256432415273055,0.11477686014649822,0.5929529344614123,0.1309753591188294,0.35946377481390024,0.12768172845431058,0.5929529344614123,0.1309753591188294,0.0,0.0,0,0,0.0,0.0,0,0,12.459355201689581,3.6170104486028527,27.396921561267018,4.827283729442129,13.749752816896898,3.231085335842726,19.114476559623718,6.815471916121904,-0.7618181818181818,0.4259709375877907,0.0,-1.0,-0.9090909090909091,0.28747978728803447,0.0,-1.0,3.054107,1.3788022,7.3839226,1.0078427,3.5420616,1.361986,6.266606,1.4034806,-305.4107,392004,102000,1020,9.9335560973268,2.9948034569388255,3.1472047991119325,16.07556435337756,1622.9728437574813,101
11.219044,10.729254,387.10895,-388.12454,252.89635,18.513659,-747.75073,-387.91327,253.24455,20.172121,-747.46796,-388.35065,253.0849,17.384329,-747.9017,11.219044,36.771122,393.91977,1.7225742e-05,10.729254,27.13799,266.38647,0.0022839345,0.11681017,0.85504675,1.0,-1.0,-3.3192806,1.2256948,-0.91472614,-8.524033,-331.92804,100.11524,-188.80196,-475.8003,-0.0065602665,0.6970309,1.0,-1.0,10,-6.11357595156661,1.5467592383188833,-3.3143777144090825,-9.712975332880072,-611.3575951566611,139.33430856126336,-481.9740842167779,-835.1328886820517,0.05298118668902406,0.6901729886095939,1.0,-1.0,0.22318037296162618,0.08243011306526732,0.3857964896584696,0.02832852378928978,0.21309565823629575,0.08878389658308726,0.3297092441115978,0.0427762167709883,0.05,0.21794494717703367,1.0,0.0,0.0,0.0,0.0,0.0,0.09090909090909091,0.28747978728803447,1.0,0.0,0.09090909090909091,0.2874797872880344,1.0,0.0,0.0,0.0,0.0,0.0,0.0,0.0,0.0,0.0,0.08545454545454545,0.27955691033437624,1.0,0.0,0.09090909090909091,0.2874797872880344,1.0,0.0,0.15678465915794468,0.0761623144819474,0.3187192390045987,0.02419879690978277,0.17857375435054584,0.08269842792164743,0.31725627394131883,0.09220528189160648,0.19647846846461206,0.0843614470835743,0.3368392748145397,0.05509271466607122,0.19798084597163906,0.08260755843382818,0.336836854162308,0.05509271466607122,0.3532631276225567,0.13470526472118557,0.5831245844363185,0.1589868665619843,0.37655460032218485,0.1447892408123811,0.5785694273490205,0.17370610360725866,0.0,0.0,0,0,0.0,0.0,0,0,12.580422319932662,4.051554200283877,27.555196293127494,5.523648783747716,14.980944260420957,4.386726508743327,22.81948788420094,7.847954403039536,-0.7709090909090909,0.42024786074745213,0.0,-1.0,-0.9090909090909091,0.28747978728803447,0.0,-1.0,3.3192806,1.2256948,8.524033,0.91472614,3.9397337,1.1847194,6.0543194,2.2118206,-331.92804,396004,103000,1030,10.09868465992622,3.079975962988101,3.144309248076752,16.322969870991074,1639.3370746496366,102
7.311415,7.268136,387.7065,-388.83035,251.40544,20.118433,-764.4532,-389.38843,250.97348,19.644989,-763.4611,-388.58514,250.7797,17.884066,-763.4259,7.3114147,12.551067,86.7272,8.8348985e-05,7.268136,13.682109,95.57079,0.0012402572,0.01886864,0.85162073,1.0,-1.0,-3.1280808,1.1208277,-1.6685787,-8.214974,-312.80807,91.8597,-189.3745,-534.0445,0.020957977,0.67675114,1.0,-1.0,10,-6.265286316775116,0.7760131287486328,-4.506420879024532,-8.754338184583201,-626.5286316775116,50.42352114244894,-541.3320639974199,-697.5795419838391,0.14039013871215014,0.6836574469929662,1.0,-1.0,0.19938822784966972,0.05795525410265901,0.2996298105175706,0.09094554784063948,0.19404645263681405,0.05642800209998541,0.29155182067692686,0.11284992761255494,0.22363636363636363,0.41668110167833117,1.0,0.0,0.09090909090909091,0.2874797872880344,1.0,0.0,0.0,0.0,0.0,0.0,0.0,0.0,0.0,0.0,0.0,0.0,0.0,0.0,0.0,0.0,0.0,0.0,0.0,0.0,0.0,0.0,0.0,0.0,0.0,0.0,0.11910545771112926,0.07205226374614512,0.2780155035023386,0.004838877330710989,0.14442187810167004,0.07557225077614235,0.27054450806414265,0.050574548297876366,0.1990050913429061,0.0620212771109826,0.3262939099558153,0.09786135230779962,0.19900507489645552,0.062021280736122376,0.3262932577749232,0.09786135230779962,0.31811054905403535,0.07836647810136688,0.49884483145313285,0.15202772395485734,0.3434269529981255,0.07993428621799803,0.4665288001074513,0.20438348670860557,0.0,0.0,0,0,0.0,0.0,0,0,12.563874259871202,3.9325981142276443,27.926069806827897,5.283658513710367,13.877482925207278,4.137189113520349,19.04476080878268,6.704764268674968,-0.7163636363636363,0.45076243949502287,0.0,-1.0,-0.8181818181818182,0.385694607919935,0.0,-1.0,3.1280808,1.1208277,8.214974,1.6685787,3.5556262,1.2352315,5.5822935,1.8414595,-312.80807,400004,104000,1040,9.783832469489425,3.1168514440068975,3.129629157250747,16.03031307074707,1655.1804551085224,103
14.127447,11.991098,384.56958,-385.86575,251.2232,-18.650034,-789.99084,-386.16687,251.58017,-18.9179,-788.3353,-386.56183,251.41519,-17.381,-789.35944,14.127447,39.54004,330.612,0.0001373291,11.991097,29.028444,220.24995,5.1870942e-05,0.030362356,0.8713172,1.0,-1.0,-3.2737992,0.990455,-1.3571991,-7.520118,-327.37994,65.36713,-223.67622,-449.34988,0.050379697,0.69120723,1.0,-1.0,10,-6.033824559615025,0.9489974018763078,-3.5500341591045164,-9.159417510740559,-603.3824559615025,71.28793711178103,-444.64498970495737,-729.1933163540959,0.10428826800330611,0.69167942684523,1.0,-1.0,0.21950875283293422,0.08984687455778258,0.3941249131825636,0.03055300477989509,0.22662400821413814,0.08881208830203546,0.35450804071916925,0.03168792854530949,0.17363636363636364,0.37879648475072225,1.0,0.0,0.09090909090909091,0.2874797872880344,1.0,0.0,0.09090909090909091,0.28747978728803447,1.0,0.0,0.09090909090909091,0.2874797872880344,1.0,0.0,0.0,0.0,0.0,0.0,0.0,0.0,0.0,0.0,0.08,0.2712931993250108,1.0,0.0,0.09090909090909091,0.2874797872880344,1.0,0.0,0.14071516836368442,0.0811178158965974,0.3506556491664472,0.01775941909999277,0.1890029762196667,0.0937928718112641,0.3506556491664472,0.04617570521599595,0.16555912072498438,0.10150859937671317,0.40009606460145714,0.0437871860742416,0.16937846592806458,0.0995106134149588,0.4000954517954833,0.0437871860742416,0.3062742890886688,0.13546822677632833,0.5968514200168153,0.08533839963287573,0.3583814421477313,0.14799692644675794,0.5725334848746757,0.08996289129023755,0.0,0.0,0,0,0.0,0.0,0,0,11.596176602360316,2.8980033205367857,27.54451124927711,5.748093978930668,13.096074533107286,2.2949466888475065,16.762456448102952,9.04721180930851,-0.6309090909090909,0.4825586077538721,0.0,-1.0,-0.8181818181818182,0.385694607919935,0.0,-1.0,3.2737992,0.990455,7.520118,1.3571991,3.9071891,0.8508831,5.3267503,2.0875065,-327.37994,404004,105000,1050,9.815240896656178,2.9300016849301755,3.1268373309867457,15.8720799125731,1671.1303056221223,104
17.560068,17.18412,387.1978,-389.32318,257.40698,10.136273,-799.63153,-389.5893,257.48218,9.533369,-797.4197,-388.42926,256.82434,10.314529,-797.22235,17.560068,56.157135,516.3219,0.002164842,17.184122,57.929825,502.17953,0.0004180707,-0.04595255,0.8897717,1.0,-1.0,-2.9078274,0.8801175,-1.2500741,-7.3013697,-290.78275,68.77692,-200.22008,-451.12796,0.08051228,0.6907316,1.0,-1.0,10,-5.820523050934799,0.6019547451585249,-4.856754810218619,-8.433613060365797,-582.0523050934798,32.855065131671715,-517.1526205097915,-633.7400571230481,0.11348804180143648,0.6771112908185429,1.0,-1.0,0.2347135536932854,0.07820045069039971,0.3837492456905237,0.08315565229478579,0.2505883052326099,0.09039697595784764,0.37565225526233587,0.10128995985472716,0.2590909090909091,0.43813560676730595,1.0,0.0,0.18181818181818182,0.385694607919935,1.0,0.0,0.0,0.0,0.0,0.0,0.0,0.0,0.0,0.0,0.0,0.0,0.0,0.0,0.0,0.0,0.0,0.0,0.0,0.0,0.0,0.0,0.0,0.0,0.0,0.0,0.08882027787128643,0.039959871080916094,0.21647406084070447,0.004323726769595139,0.10800654406638296,0.04663613826972586,0.20848691511340295,0.043682673708922905,0.1902829593647089,0.0749173004239083,0.3378449005770798,0.0906908871420655,0.19028294594249215,0.07491730045448523,0.33784457934461976,0.0906908871420655,0.2791032372359953,0.08154007357850389,0.5298425430995984,0.14531670011233605,0.2982894900088751,0.08436096626854882,0.41915451611186283,0.16893159894981502,0.0,0.0,0,0,0.0,0.0,0,0,11.54299614586357,3.0652876859666014,26.927881812645452,5.169876965213766,12.972480141977224,2.8322785371152492,16.52125167826373,8.337641331682393,-0.6545454545454545,0.4755162483862553,0.0,-1.0,-0.7272727272727273,0.4453617714151233,0.0,-1.0,2.9078274,0.8801175,7.301369,1.2500741,3.3311079,0.95625365,5.1307783,1.9668126,-290.78275,408004,106000,1060,10.108465066645294,3.00795504800044,3.1321037840098143,16.24852389865555,1687.2844953248277,105
9.45116,8.947682,376.89978,-379.70306,247.83395,-15.408084,-754.9366,-379.50458,247.50368,-14.979861,-754.3451,-380.2649,248.59308,-15.571011,-756.4101,9.4511595,16.474184,132.1686,8.063676e-05,8.947682,14.854046,83.361725,7.7650475e-07,0.04129201,0.87762845,1.0,-1.0,-3.5863316,1.1526626,-1.0909859,-7.277734,-358.63318,82.328964,-225.18648,-513.2687,0.18855599,0.6771133,1.0,-1.0,10,-5.9388842942625635,0.979559090848423,-3.8507928999162493,-9.126424089800489,-593.8884294262564,72.6031669438455,-479.0135266265525,-723.4463348730955,0.21154657129767784,0.6463394871512982,1.0,-1.0,0.24744186345247893,0.07994873820244482,0.39890177706501506,0.06622337061926549,0.25802186396276267,0.09520247469443312,0.3905501406463667,0.10954466093199461,0.2736363636363636,0.4458245216811558,1.0,0.0,0.09090909090909091,0.2874797872880344,1.0,0.0,0.0,0.0,0.0,0.0,0.0,0.0,0.0,0.0,0.0,0.0,0.0,0.0,0.0,0.0,0.0,0.0,0.0,0.0,0.0,0.0,0.0,0.0,0.0,0.0,0.11945214628679325,0.07785233990998237,0.3329735570743595,0.007926396874207991,0.17691195038477,0.09822980768227232,0.3304278992584777,0.026263928694665373,0.23258210282821012,0.07719029227398717,0.39698772608813054,0.11911779225420759,0.2326117302970556,0.07714850739935157,0.3969860021856239,0.12144783953414846,0.35203424911500336,0.09806906188669824,0.5587156721672334,0.12937423640835646,0.4095236806818256,0.10312446444397082,0.5338639382704273,0.21257848339530394,0.0,0.0,0,0,0.0,0.0,0,0,12.692970133666085,3.5326916207916907,26.97676531710651,4.798349709898727,15.25899090744263,3.0156219188701106,18.91263102946672,10.238771853013164,-0.7754545454545455,0.4172826301062983,0.0,-1.0,-1.0,0.0,-1.0,-1.0,3.5863316,1.1526626,7.277734,1.0909859,4.5851817,1.1196699,5.9352055,2.4477236,-358.63318,412004,107000,1070,9.79652877675835,2.9138389760628343,3.1313855232438073,15.841753276064992,1703.157948987675,106
10.50886,12.8861,392.82312,-395.6712,256.83008,-3.8414817,-827.8976,-395.71033,256.84708,-2.9415464,-825.42316,-395.48083,256.39935,-1.91603,-822.8094,10.50886,25.933372,210.25177,6.392971e-05,12.8861,43.104836,362.80322,1.1217839e-05,0.04599511,0.86515164,1.0,-1.0,-2.5161853,1.0450478,-0.75212705,-7.2895293,-251.61852,70.37458,-104.53923,-345.9897,0.043011907,0.641212,1.0,-1.0,10,-5.9439656180172955,0.9066587325271427,-2.8500326722787546,-8.333119975805905,-594.3965618017295,42.085416295000314,-512.0312207152042,-682.8186655187807,0.2794995429343412,0.6353730433597092,1.0,-1.0,0.24371907229902526,0.09270526153700845,0.4799456224596048,0.09135362685305388,0.2528454121007226,0.10372678121662951,0.4799456224596048,0.09135362685305388,0.2290909090909091,0.4202478607474521,1.0,0.0,0.2727272727272727,0.4453617714151233,1.0,0.0,0.0,0.0,0.0,0.0,0.0,0.0,0.0,0.0,0.0,0.0,0.0,0.0,0.0,0.0,0.0,0.0,0.0,0.0,0.0,0.0,0.0,0.0,0.0,0.0,0.10309522063611243,0.0743662991615774,0.3168096065139386,0.011273581043160627,0.12081663065511873,0.07900849104760775,0.31577451955056673,0.03455673772986395,0.19776047546263328,0.04700850506423126,0.2567879704223229,0.10811631157980266,0.19776045452169547,0.047008506279680465,0.2567875838380619,0.10811631157980266,0.30085569609874563,0.09832198425916028,0.5498457742276519,0.13163088531995515,0.3185770851768142,0.10639049447252984,0.5488106872642801,0.15729709389789492,0.0,0.0,0,0,0.0,0.0,0,0,10.727333358849197,3.3604065827770437,27.201722981817646,5.158192626553017,11.839965421831755,3.997791609138246,19.713337776097426,5.435884018578499,-0.5981818181818181,0.49026557147989946,0.0,-1.0,-0.7272727272727273,0.4453617714151233,0.0,-1.0,2.5161853,1.0450478,7.2895293,0.75212705,2.861045,1.1563962,4.549076,1.0176823,-251.61852,416004,108000,1080,9.836757932673208,2.9457468240289018,3.1169456503121182,15.899450407014228,1719.023337538587,107
11.885178,12.221954,392.56418,-393.5166,261.45453,-7.7520638,-787.77167,-394.27676,261.24033,-8.601148,-791.01526,-393.89807,261.90173,-7.2360477,-789.30664,11.885179,22.176281,161.65367,0.00035339594,12.221954,31.639156,318.43155,0.00021101534,0.046426434,0.84596175,1.0,-1.0,-3.186028,1.5844172,-0.95986664,-7.7797155,-318.6028,136.82161,-142.75516,-635.2453,-0.033467226,0.70578057,1.0,-1.0,10,-6.554098769571101,0.9754549374200301,-3.999192022773185,-9.416762387548715,-655.40987695711,77.75284614418823,-543.9134072686843,-786.6852359616854,0.0843545802451834,0.6773095107436776,1.0,-1.0,0.20194030568759383,0.0832924424857787,0.4390638597530774,0.0656309758231019,0.21554053579314358,0.08944375428759077,0.402022096070093,0.08828866115228895,0.25545454545454543,0.436116407236826,1.0,0.0,0.09090909090909091,0.28747978728803447,1.0,0.0,0.18181818181818182,0.38569460791993504,1.0,0.0,0.18181818181818182,0.385694607919935,1.0,0.0,0.007272727272727273,0.08496961051307579,1.0,0.0,0.0,0.0,0.0,0.0,0.0,0.0,0.0,0.0,0.0,0.0,0.0,0.0,0.10210213770600446,0.0688022315328325,0.33851408401408073,0.014678976480507195,0.15027510747075448,0.09103442889809675,0.33851408401408073,0.04649292683076565,0.18135962693968266,0.08455702690323066,0.3271546448109881,0.018865694114202743,0.18174390130026835,0.08381502853515387,0.32715328243891634,0.03459604241431444,0.2834617646456872,0.12146767987606691,0.5863716713950955,0.05722473655291442,0.33201900877102286,0.15777352654248658,0.5863716713950955,0.08108896924508008,0.0,0.0,0,0,0.0,0.0,0,0,12.01233924252929,3.9041591660259187,27.484914879691146,5.097327250436175,14.300455796800549,3.810422423042573,19.357484815376896,7.065409781371531,-0.6690909090909091,0.47054039620717997,0.0,-1.0,-0.8181818181818182,0.385694607919935,0.0,-1.0,3.186028,1.5844173,7.7797155,0.9598666,4.0098424,1.6734325,6.8343806,1.452992,-318.6028,420004,109000,1090,10.01921858813148,2.9124757109675556,3.1234546341001987,16.055148933199234,1735.211928739911,108
13.614846,14.945589,373.94165,-375.924,244.31766,5.322867,-746.3404,-376.51617,244.28604,4.444362,-747.3867,-375.75055,244.37665,7.450497,-748.1887,13.614847,33.752514,278.7569,0.004775785,14.945588,42.64446,421.60367,2.2664666e-05,0.0783827,0.8844212,1.0,-1.0,-3.5639005,1.283382,-1.1087799,-6.9474564,-356.39,108.64125,-219.83696,-534.5476,0.029505463,0.67032826,1.0,-1.0,10,-5.880013699737998,1.1634733480247657,-3.8618638835692285,-9.344411118186,-588.0013699737997,89.96671205705277,-454.95761095950616,-767.352517029252,0.10285638538353835,0.7049380150415934,1.0,-1.0,0.2063526323214202,0.06157836652144353,0.3289085764727088,0.05261171530767718,0.20851149702151073,0.07273240384097805,0.3174920198396867,0.05261171530767718,0.23636363636363636,0.424848052565379,1.0,0.0,0.09090909090909091,0.2874797872880344,1.0,0.0,0.0,0.0,0.0,0.0,0.0,0.0,0.0,0.0,0.0,0.0,0.0,0.0,0.0,0.0,0.0,0.0,0.007272727272727273,0.08496961051307579,1.0,0.0,0.09090909090909091,0.2874797872880344,1.0,0.0,0.09511299269616619,0.04172857403433277,0.21870265442590775,0.01746898591646909,0.12617130176825947,0.046552838147175,0.21587184875159834,0.04620645173134064,0.1929026541425645,0.061837919773970296,0.30208219852925755,0.09992018267515593,0.19420491692750821,0.0639079541308271,0.3020497189283977,0.09992018267515593,0.28801564683873065,0.07582842084100329,0.48538021168073303,0.13965506188384502,0.32037621869576766,0.09019280263275162,0.48538021168073303,0.22276995128876037,0.0,0.0,0,0,0.0,0.0,0,0,11.749345289040813,3.4511491001261576,25.134039744217375,5.752206002452963,14.061629244002885,2.4905978196664194,17.274467961935482,9.210017447127541,-0.6054545454545455,0.4887528402403153,0.0,-1.0,-0.8181818181818182,0.385694607919935,0.0,-1.0,3.5639005,1.283382,6.9474564,1.1087799,4.1197147,0.97871315,5.4103646,2.691601,-356.39,424004,110000,1100,10.114558285684325,3.0459808169398457,3.174693505046889,16.33523260767106,1751.3865740265464,109
9.870855,10.878746,387.71808,-388.65552,253.5892,-26.877773,-755.93994,-389.63086,253.89378,-27.984821,-758.4285,-388.78946,253.23265,-26.71922,-761.76117,9.870853,17.616035,110.14716,0.00035569444,10.878745,16.899387,86.00966,1.0608346e-06,0.076340824,0.85248595,1.0,-1.0,-3.3073137,1.1654336,-0.7647928,-8.203595,-330.7314,82.55155,-219.00441,-496.70154,0.059865676,0.6741626,1.0,-1.0,10,-6.046742643335908,0.9047767613572303,-4.043471061523676,-9.164914154643986,-604.6742643335908,72.23018629425233,-475.6205351939217,-758.5597896899882,0.2501287998805057,0.6294643408381819,1.0,-1.0,0.20079407627156087,0.054203406063842406,0.3270948843136886,0.09162495470912717,0.22632207497610815,0.06125584043963119,0.3270948843136886,0.13455242881429078,0.07636363636363637,0.26557904925833037,1.0,0.0,0.0,0.0,0.0,0.0,0.0,0.0,0.0,0.0,0.0,0.0,0.0,0.0,0.0,0.0,0.0,0.0,0.0,0.0,0.0,0.0,0.0,0.0,0.0,0.0,0.0,0.0,0.0,0.0,0.1250097643670856,0.06766837659233951,0.3443746750958045,0.01861612732182517,0.17573540578265814,0.08636381382433254,0.3443746750958045,0.08021615174524581,0.1750164905184304,0.059257409771164345,0.274222519762858,0.09804914127024726,0.17501647662631245,0.05925740311080362,0.27421968874591374,0.09804914127024726,0.30002625488551604,0.10820001305207388,0.6134771194757866,0.15535856188154726,0.35075188240897065,0.13466175880610495,0.6134771194757866,0.17826529301549307,0.0,0.0,0,0,0.0,0.0,0,0,12.049533730336254,3.0019093833832584,27.904401254658865,5.043995596762697,14.53888289454472,2.431626095379311,17.707974601156447,10.556526959085954,-0.7218181818181818,0.4481034414227099,0.0,-1.0,-1.0,0.0,-1.0,-1.0,3.3073137,1.1654336,8.203595,0.7647928,4.210405,1.1962991,6.2622395,2.028334,-330.7314,428004,111000,1110,9.940224027610384,2.8848704349948093,3.1452510780654848,15.970345540670678,1767.3945638563018,110
12.51343,10.732946,386.90292,-387.45352,258.52417,-1.7681205,-798.6162,-388.51648,258.3732,-4.3831205,-797.7956,-388.3124,258.41238,-0.2866006,-797.8649,12.513429,23.106228,190.48178,0.00028790534,10.732946,15.672748,103.773964,0.00020007812,0.00029224157,0.8712678,1.0,-1.0,-3.369814,1.0854143,-1.1982405,-6.2134776,-336.9814,70.163475,-238.35905,-480.82254,0.12537166,0.7251622,1.0,-1.0,10,-6.027015605369684,1.375392989666696,-4.005077817806707,-9.508592629422367,-602.7015605369685,122.47987394134574,-459.3973611052733,-798.1548112801919,0.15036321623546253,0.6917332486476327,1.0,-1.0,0.23318268304289191,0.08159382074597335,0.4458945126123586,0.0954797695007114,0.25484863523476353,0.08826773218363913,0.38271286760353634,0.10665728313333296,0.10909090909090909,0.3117532399905863,1.0,0.0,0.0,0.0,0.0,0.0,0.09090909090909091,0.28747978728803447,1.0,0.0,0.09090909090909091,0.28747978728803447,1.0,0.0,0.0,0.0,0.0,0.0,0.0,0.0,0.0,0.0,0.0,0.0,0.0,0.0,0.0,0.0,0.0,0.0,0.15790897121569303,0.09432933211883096,0.38851523868039806,0.018534289431218195,0.22257897578767147,0.08941757071986522,0.38851523868039806,0.12497951407510283,0.1980699729479692,0.10853809529355393,0.4221814929715429,0.05917453456430662,0.19806995380885317,0.10853808990721882,0.4221794129715565,0.05917453456430662,0.35597894416366227,0.16945159086522776,0.7696703825764744,0.0970334130279845,0.4206489295965245,0.18424206633432083,0.7696703825764744,0.18759426263614415,0.0,0.0,0,0,0.0,0.0,0,0,11.547389459868873,3.139823782817298,24.816639380819307,4.46460728231648,15.00758717217933,2.8933343354084124,19.281715286923976,10.270560534218347,-0.6918181818181818,0.46174211972048523,0.0,-1.0,-1.0,0.0,-1.0,-1.0,3.369814,1.0854143,6.2134776,1.1982405,4.3693247,0.8780248,5.555363,2.3598022,-336.9814,432004,112000,1120,9.848154595238157,2.9235902730142698,3.130293641006574,15.902038509259,1783.2810319036944,111
9.925988,7.8308935,370.30075,-372.1103,242.25803,-17.686146,-726.53564,-371.8434,241.87904,-18.11203,-727.5063,-371.094,241.66028,-17.982449,-726.26776,9.925989,17.189991,102.38095,0.0007294351,7.8308935,11.998413,65.32219,0.00043064356,0.10523701,0.85293174,1.0,-1.0,-3.1980352,1.2467098,-1.0656991,-7.7156034,-319.80353,102.77147,-203.14525,-529.37317,0.028898956,0.71068406,1.0,-1.0,10,-5.575864218620414,1.1726664313606108,-3.535319098362553,-9.712825343735027,-557.5864218620416,102.64563592326657,-456.8566801136455,-825.9811579135421,0.20669289021705337,0.676143713728909,1.0,-1.0,0.22522450155118234,0.07166828802557787,0.3813869983571172,0.08974306939946643,0.24788976703694698,0.08016818540464343,0.3813869983571172,0.10086157160491385,0.22363636363636363,0.41668110167833117,1.0,0.0,0.18181818181818182,0.38569460791993493,1.0,0.0,0.0,0.0,0.0,0.0,0.0,0.0,0.0,0.0,0.0,0.0,0.0,0.0,0.0,0.0,0.0,0.0,0.0,0.0,0.0,0.0,0.0,0.0,0.0,0.0,0.1073868119521688,0.05111776838757992,0.23591800815872205,0.0076928375178161165,0.13956577647689702,0.0632177276926301,0.23480973778038286,0.05688666247049019,0.19886544149541335,0.07572313081103392,0.3488311326624797,0.08352063320950481,0.1988654233340025,0.07572312897032617,0.34882900484663387,0.08352063320950481,0.30625225344758217,0.09021743938305035,0.5058774290100564,0.12215806929641995,0.33843119981089953,0.07972487050104704,0.46614200981564535,0.22325486027235963,0.0,0.0,0,0,0.0,0.0,0,0,11.260327777779656,3.180522945140822,28.02798925125857,5.420684606862329,13.104221833412993,3.1290066431670516,17.937199602099312,7.123447104763515,-0.5718181818181818,0.4948152673072352,0.0,-1.0,-0.8181818181818182,0.385694607919935,0.0,-1.0,3.1980352,1.2467098,7.715604,1.0656991,3.8090057,1.4332235,6.158883,1.7614671,-319.80353,436004,113000,1130,9.977050698827952,2.908485284075141,3.1544067742070183,16.03994275711011,1799.3946330657927,112
15.1407995,14.081762,367.43814,-369.99707,245.55998,1.2646542,-769.2182,-370.17017,245.97551,2.5106854,-770.614,-369.7751,245.54745,1.5923333,-766.42584,15.140799,34.46244,230.9773,0.001201868,14.081761,32.86845,285.78207,0.00021457672,0.029868927,0.8713737,1.0,-1.0,-3.0095556,0.93347573,-1.2800453,-8.018931,-300.95557,58.6699,-208.72572,-433.2723,0.014862218,0.6923848,1.0,-1.0,10,-5.687373042941396,1.162148162705579,-3.2283720737470203,-8.901852606985281,-568.7373042941397,99.88379814292703,-425.49418909821986,-745.4700393086285,0.1728029808080735,0.6645798681654704,1.0,-1.0,0.24944274325823687,0.07414406825116843,0.3889666986152957,0.09968462598476525,0.26193728755733237,0.08387492466981317,0.38837172703678896,0.1529311093454216,0.16272727272727272,0.36911665830468354,1.0,0.0,0.18181818181818182,0.38569460791993493,1.0,0.0,0.0,0.0,0.0,0.0,0.0,0.0,0.0,0.0,0.0,0.0,0.0,0.0,0.0,0.0,0.0,0.0,0.0,0.0,0.0,0.0,0.0,0.0,0.0,0.0,0.10152600423394119,0.046830568356653814,0.24376020196539633,0.010527693011303227,0.12216907703932174,0.06221566855724479,0.23899507818287835,0.04905936357814492,0.2073052977705899,0.08457763193394105,0.3297126843862876,0.0912113121550568,0.20730528291667155,0.08457763135335335,0.32971223208570866,0.0912113121550568,0.30883130200453107,0.08989842112046627,0.5457252311720466,0.1387418218251262,0.3294743599559932,0.08492673884258821,0.4187801673037248,0.2031928952636238,0.0,0.0,0,0,0.0,0.0,0,0,11.239677492042517,2.7027292109762633,27.818208392801168,5.828379837830181,13.090028817597933,2.622559934396996,17.428368695061828,8.360701540994825,-0.6336363636363637,0.4818104630599564,0.0,-1.0,-0.8181818181818182,0.38569460791993504,0.0,-1.0,3.0095556,0.93347573,8.018931,1.2800453,3.804883,0.6861152,5.679234,3.2187502,-300.95557,440004,114000,1140,9.976088400813751,2.9812612279783934,3.107806757441722,16.065156386233866,1815.425469973241,113
8.060326,10.021511,380.82333,-382.03186,264.4217,-12.604021,-785.8929,-381.5191,264.3161,-12.180656,-787.20135,-381.80475,264.61093,-13.694604,-781.3746,8.060326,15.927341,111.26619,0.00029835477,10.021512,17.213148,90.088875,0.000342721,0.104884475,0.8552782,1.0,-1.0,-3.3030255,1.4645057,-0.7018313,-7.807532,-330.30255,130.57849,-173.79735,-614.43097,0.041514013,0.6883014,1.0,-1.0,10,-6.277047125971805,0.977552519553593,-4.607376662988437,-9.604166754527148,-627.7047125971804,58.83315914067184,-520.6270584744728,-721.8793552593587,0.2461665970989895,0.6621805716229673,1.0,-1.0,0.21955452967310574,0.10393476152284818,0.42200993946435555,0.04170377494107205,0.247066324807766,0.10822369755346596,0.40584822637654144,0.08149211645382744,0.16,0.36660605559646714,1.0,0.0,0.09090909090909091,0.2874797872880344,1.0,0.0,0.09090909090909091,0.28747978728803447,1.0,0.0,0.09090909090909091,0.28747978728803447,1.0,0.0,0.0,0.0,0.0,0.0,0.0,0.0,0.0,0.0,0.02727272727272727,0.162877026065172,1.0,0.0,0.0,0.0,0.0,0.0,0.10359562796800069,0.05753435136262761,0.3037117810014852,0.009123921408603217,0.14384781741979305,0.07059406649799942,0.3037117810014852,0.047416229466012455,0.1907803090223614,0.09367593214645152,0.3720671677000428,0.04232220668601951,0.19701975713714381,0.08958488251181122,0.37206657980752983,0.04232220668601951,0.2943759369903621,0.11017682476078158,0.5698441253708877,0.10041336431469622,0.34086757455693684,0.11945917289537179,0.5440157756836288,0.11868879257431492,0.0,0.0,0,0,0.0,0.0,0,0,11.743534535798535,3.774271605368098,28.03350744034574,4.152352343969135,14.386324784793631,3.49695025826363,20.308552979129583,8.70385685676221,-0.66,0.4737087712930805,0.0,-1.0,-0.8181818181818182,0.385694607919935,0.0,-1.0,3.3030255,1.4645057,7.807532,0.7018313,3.9157975,1.2098765,6.2584143,2.3002548,-330.30255,444004,115000,1150,9.831079333205707,2.9469931829953566,3.122863164055161,15.900935680256225,1831.4194743945263,114
10.93899,11.281585,391.79266,-393.46277,255.24625,-4.0432568,-760.91077,-393.65057,255.80536,-3.5401468,-762.1998,-393.6143,255.72626,-5.322463,-759.8711,10.93899,28.831385,269.6697,1.5258789e-05,11.281585,32.89226,313.96573,0.0016080178,0.082338355,0.8753041,1.0,-1.0,-3.9633439,1.0144562,-1.3537551,-6.507036,-396.33438,73.562485,-279.25272,-540.91956,0.039366707,0.72069323,1.0,-1.0,10,-5.693486198586239,1.0451685185377564,-3.3582417956094304,-8.790857871641546,-569.3486198586239,78.43204199070084,-440.6484171954338,-692.0332110407779,0.17412662309558208,0.6683878242327528,1.0,-1.0,0.20566882522281438,0.06296502251393421,0.3589730556333946,0.07879418443177068,0.21584012661223662,0.07534201884241454,0.34411086606022884,0.10089723932071702,0.09272727272727273,0.29004986747081046,1.0,0.0,0.0,0.0,0.0,0.0,0.0,0.0,0.0,0.0,0.0,0.0,0.0,0.0,0.0,0.0,0.0,0.0,0.0,0.0,0.0,0.0,0.0,0.0,0.0,0.0,0.0,0.0,0.0,0.0,0.14191496120120894,0.07316910355300618,0.3372671227716967,0.002935194398814274,0.1768706396329236,0.08519721976990567,0.3327887163592394,0.07446235751400443,0.1808308667874111,0.09054097130909251,0.37049278216447273,0.0600529044552141,0.17982495744417903,0.09108365988724315,0.3704927819343388,0.060052904455218596,0.32274582798862,0.10966215213011761,0.5602162930280642,0.16175918973971307,0.3566955970771027,0.12146864094067417,0.5288971744783268,0.1861343354561846,0.0,0.0,0,0,0.0,0.0,0,0,13.906422361427408,3.159992281927409,24.12552174964152,5.737946428778414,15.724237301722845,2.6846833217335697,18.89325688464915,11.362520256957662,-0.9381818181818182,0.24082502821525015,0.0,-1.0,-1.0,0.0,-1.0,-1.0,3.9633439,1.0144562,6.507036,1.3537551,4.396967,0.9638785,5.294366,2.7400994,-396.33438,448004,116000,1160,9.412096795625985,3.0403449030127376,2.965151365962811,15.417593064601533,1846.8568506991724,115
11.393949,12.068406,390.09723,-391.10742,254.92915,-15.188103,-731.46606,-391.10385,255.24347,-14.279603,-729.9208,-391.47717,254.30289,-15.129845,-730.93384,11.393949,21.696165,133.62508,0.0032228697,12.068406,21.2756,106.411865,0.0020676292,0.00047693774,0.86206996,1.0,-1.0,-2.5688915,0.829642,-0.76840043,-7.7642865,-256.8892,51.90456,-166.43642,-347.7206,0.16372024,0.7119457,1.0,-1.0,10,-6.313401480683546,1.0935488039045216,-3.332522617378414,-8.876171982273034,-631.3401480683547,84.91514479942708,-485.69500566235615,-756.9599885468233,0.24767287685656364,0.6549837761225539,1.0,-1.0,0.24431632399461004,0.08664118123933956,0.41244953549803864,0.07223512366977833,0.25899911153811384,0.09408188668932758,0.4082972689033011,0.09088027868793978,0.2190909090909091,0.4136303695869394,1.0,0.0,0.2727272727272727,0.4453617714151233,1.0,0.0,0.0,0.0,0.0,0.0,0.0,0.0,0.0,0.0,0.0,0.0,0.0,0.0,0.0,0.0,0.0,0.0,0.0,0.0,0.0,0.0,0.0,0.0,0.0,0.0,0.1283376404486174,0.07513674528394464,0.28130876600309773,0.023142338038570517,0.13421346660555777,0.08219147693789328,0.27696487441539824,0.029620514179034368,0.2282517924530279,0.06260947307820072,0.31224496651765205,0.11827014170044782,0.22852277465555446,0.06216850184725675,0.31224476201107043,0.11827014170044782,0.3565894329016453,0.11580085353669405,0.5554124683434838,0.14141247973901833,0.36273624126111226,0.11899812568874021,0.5510685767557844,0.1478906558794822,0.0,0.0,0,0,0.0,0.0,0,0,10.734691583233891,2.7979104650688975,27.516923037305318,4.728081626106889,11.858471056631537,2.618313716696672,16.18221549799913,8.513202538106626,-0.5554545454545454,0.4969152778778589,0.0,-1.0,-0.6363636363636364,0.48104569292083466,0.0,-1.0,2.5688915,0.829642,7.764287,0.7684004,2.8971055,0.6276922,4.2079988,2.0081134,-256.8892,452004,117000,1170,10.135950988274999,3.0606602490879595,3.138952611363493,16.33556384872645,1863.134569046786,116
13.416418,17.913923,371.73474,-374.47656,246.60414,-7.532839,-811.5178,-374.99792,246.31511,-6.875513,-809.0894,-373.5067,245.75792,-9.339138,-806.0784,13.416418,34.01988,283.38303,0.0015080499,17.913923,51.678917,500.80997,0.00021749228,0.07815198,0.8719203,1.0,-1.0,-3.1551998,1.2054209,-1.1029131,-7.3976846,-315.52,96.34082,-179.12538,-491.32355,0.06455673,0.71181303,1.0,-1.0,10,-6.059627843616312,0.7516316991375062,-4.3182031144531745,-8.111822957824618,-605.9627843616312,39.854575283033654,-544.0965851166388,-663.2054470822014,0.06326941687919181,0.708936320179396,1.0,-1.0,0.20892095353952989,0.08543230848061387,0.4029025557335536,0.04537176778230834,0.205120120765631,0.11164542889832994,0.3945768342060239,0.047931950643319454,0.3181818181818182,0.4657704893618,1.0,0.0,0.18181818181818182,0.38569460791993493,1.0,0.0,0.09090909090909091,0.28747978728803447,1.0,0.0,0.09090909090909091,0.28747978728803447,1.0,0.0,0.0,0.0,0.0,0.0,0.0,0.0,0.0,0.0,0.016363636363636365,0.12686949108668735,1.0,0.0,0.18181818181818182,0.385694607919935,1.0,0.0,0.10398760401207036,0.07023317459221223,0.3012382667911419,0.018345415144222752,0.13305574455088595,0.0916990784254723,0.2974605697326853,0.027193513896761532,0.18502345280764937,0.09096170524229347,0.3709096284287566,0.05276955493746823,0.1842224620551369,0.09150458525633741,0.37090739601948886,0.05276955493746823,0.2890110568197197,0.13194870846571496,0.6721456628106308,0.07996306883422977,0.31727820660602285,0.15826579238825686,0.6683679657521742,0.07996306883422977,0.0,0.0,0,0,0.0,0.0,0,0,11.995257851422258,4.188723409286326,27.41599956067266,4.739009219382441,14.372703656253584,4.641333680541755,22.627037410839755,6.444794698087738,-0.6463636363636364,0.4780979878125542,0.0,-1.0,-0.8181818181818182,0.385694607919935,0.0,-1.0,3.1551998,1.2054209,7.397685,1.1029131,3.7658036,1.3679775,5.6568003,2.0564635,-315.52,456004,118000,1180,10.460377723677084,3.002440871903673,3.224232463981025,16.68705105956178,1880.0510737204459,117
11.544113,11.376553,387.58768,-390.15005,245.01384,-19.704262,-743.8263,-389.66388,245.32207,-19.926785,-742.6976,-390.62402,245.97269,-21.301115,-746.197,11.544113,17.124485,95.18037,0.0032986738,11.376552,17.911453,105.97913,0.00081244484,0.14338346,0.8820328,1.0,-1.0,-3.4411626,0.9945268,-1.0893388,-6.104173,-344.11627,78.13814,-188.92511,-444.5785,0.044899765,0.6608929,1.0,-1.0,10,-6.187894586367485,0.9125227652646931,-4.287091733073334,-8.83021031110283,-618.7894586367486,64.08764553982705,-523.6047585812491,-727.2316995858756,0.21460595026257534,0.6780449160907386,1.0,-1.0,0.2217632050346044,0.07463522952299917,0.3918113949716297,0.1007236331655429,0.2140367058355264,0.07022146374625436,0.3458895567602902,0.13758620132836022,0.16818181818181818,0.3740276650394674,1.0,0.0,0.09090909090909091,0.2874797872880344,1.0,0.0,0.0,0.0,0.0,0.0,0.0,0.0,0.0,0.0,0.0,0.0,0.0,0.0,0.0,0.0,0.0,0.0,0.0,0.0,0.0,0.0,0.0,0.0,0.0,0.0,0.10311677668496334,0.05022692145500734,0.22404151816518167,0.015357210834679096,0.11650160188289133,0.0459135131332109,0.20751819422837173,0.03560247674506514,0.24053021726054674,0.07212198239523386,0.4046567449495569,0.15982219104260975,0.24053020122437996,0.07212197864904364,0.4046547299829148,0.15982219104260975,0.3436469939455101,0.11018244759034652,0.6286962481480964,0.19302122358756543,0.35703180310727123,0.09991324617493134,0.6121729242112866,0.21039941961399675,0.0,0.0,0,0,0.0,0.0,0,0,12.032363001411039,3.2432060005586227,21.989940029804938,5.905633669216755,14.003542725565943,2.777762466156502,18.891392782456602,9.442827823736247,-0.6890909090909091,0.46286566960531167,0.0,-1.0,-0.8181818181818182,0.385694607919935,0.0,-1.0,3.4411626,0.9945268,6.1041737,1.0893388,3.9967086,0.83493304,5.2091856,2.1806571,-344.11627,460004,119000,1190,10.92392950784415,3.2324389200657606,3.272052980144508,17.42842140805442,1897.185573953553,118
8.12937,8.204617,369.99612,-371.9308,248.89484,-7.1498556,-735.37,-371.98413,248.95241,-7.3851743,-734.1934,-372.30695,248.20995,-8.708925,-731.80414,8.12937,17.108973,122.44846,0.005737249,8.204617,17.405634,133.73657,6.589666e-05,0.11989856,0.8754014,1.0,-1.0,-3.4078786,1.3787454,-1.0651089,-6.985578,-340.78787,103.80265,-164.98187,-493.5419,0.06722855,0.677694,1.0,-1.0,10,-6.219442936484204,0.7596695200350599,-4.384864867459447,-8.666045872494287,-621.9442936484205,51.93275834867306,-566.573222997797,-720.7357034396626,0.1884487715183019,0.6597358979298958,1.0,-1.0,0.2096377794238098,0.07096886533756286,0.36090432660628613,0.056910180781946956,0.20806649870704624,0.08409640867895972,0.36090432660628613,0.06886618823940323,0.22727272727272727,0.4190702026042222,1.0,0.0,0.18181818181818182,0.385694607919935,1.0,0.0,0.0,0.0,0.0,0.0,0.0,0.0,0.0,0.0,0.0,0.0,0.0,0.0,0.0,0.0,0.0,0.0,0.0009090909090909091,0.030137426280455955,1.0,0.0,0.0,0.0,0.0,0.0,0.1423624707434648,0.09468127154153085,0.35440080992680517,0.00246724959311446,0.19734125732647564,0.10819943681054141,0.35440080992680517,0.011914851407157341,0.18163686944132887,0.07948474249785903,0.28212814711263157,0.06833153019619602,0.18072136866936608,0.07935607171657102,0.2821250108160719,0.06833153019619664,0.3239993401847937,0.11946294138543274,0.5111750065042865,0.11519482254038242,0.37806262599584173,0.1297105434640828,0.5093780468743281,0.11519482254038242,0.0,0.0,0,0,0.0,0.0,0,0,12.373326745276328,3.853871522391133,26.79053382832475,5.145905006061713,15.190861555115742,3.832918660768167,20.465270889291638,9.219663722401782,-0.72,0.44899888641287294,0.0,-1.0,-0.9090909090909091,0.28747978728803447,0.0,-1.0,3.4078782,1.3787454,6.9855776,1.0651089,4.335633,1.6409141,6.9855776,1.8965871,-340.78787,464004,120000,1200,9.851144301588647,2.9385264010634273,3.1332190283574164,15.92288973100949,1913.1008116246667,119
14.917483,15.41128,381.0647,-383.7116,247.80626,21.74411,-792.2878,-382.8363,247.43312,22.208467,-788.3383,-383.09296,247.37149,19.108599,-788.6589,14.917483,56.036697,602.16486,0.016933024,15.41128,57.206028,604.42706,4.799012e-05,0.21081218,0.8356475,1.0,-1.0,-3.3538334,1.0914985,-1.359344,-6.936714,-335.3834,83.890564,-212.86081,-475.3061,0.11371413,0.6512958,1.0,-1.0,10,-6.119825081594047,0.73805217721969,-4.390754724356051,-8.400237897873412,-611.9825081594047,34.92015185291496,-563.2039386087505,-662.0428651994856,0.1926093027905968,0.6762188516158326,1.0,-1.0,0.21098775927047841,0.09135908941813198,0.39815260765978894,0.060056625047868975,0.21075004892367774,0.11462844978056667,0.39212635646469496,0.06691472569184012,0.06727272727272728,0.2504937273426553,1.0,0.0,0.0,0.0,0.0,0.0,0.09090909090909091,0.28747978728803447,1.0,0.0,0.09090909090909091,0.2874797872880344,1.0,0.0,0.0,0.0,0.0,0.0,0.0,0.0,0.0,0.0,0.0,0.0,0.0,0.0,0.0,0.0,0.0,0.0,0.14074157034483634,0.05215208698431112,0.25330539218617426,0.011498456475717603,0.16747367847498273,0.06127907463281012,0.24648032370452236,0.07425204101671554,0.20350277557661378,0.07554269231201634,0.31419222208172354,0.04435984891200683,0.21513492746043214,0.08221298907393917,0.31419155484146255,0.04435984891200683,0.34424434592145015,0.08955857477234781,0.5674976142678978,0.1363838628791595,0.38260860593541485,0.12405903256340688,0.559646746968545,0.1363838628791595,0.0,0.0,0,0,0.0,0.0,0,0,12.434994519628463,3.7124783160362087,26.552578902373725,6.025003649249662,13.815630599010676,4.80845627871396,21.080226827316608,6.025003649249662,-0.6536363636363637,0.4758107478489689,0.0,-1.0,-0.7272727272727273,0.4453617714151233,0.0,-1.0,3.3538334,1.0914985,6.936714,1.359344,4.0828686,1.3150011,6.1321683,2.1601079,-335.3834,468004,121000,1210,9.779025445110165,2.9312266169581562,3.1140677334042266,15.824319795472547,1928.9004216344329,120
10.4973,10.066515,380.8285,-383.0722,246.06532,12.520647,-723.4673,-382.6869,246.37627,12.284022,-732.3237,-382.5133,246.13821,13.081787,-727.54407,10.497301,20.948332,143.0956,0.0015498139,10.066515,17.908127,114.25772,0.0035869016,0.08985056,0.86949396,1.0,-1.0,-3.4191597,1.2878869,-0.83700913,-8.204024,-341.916,107.390526,-218.40337,-524.877,0.07735177,0.6513449,1.0,-1.0,10,-6.16861832958322,1.004539060980856,-3.397176384466407,-8.39010272757668,-616.861832958322,73.81952063330961,-498.95073418850006,-715.6439623552435,0.14336213879576468,0.7149761223463399,1.0,-1.0,0.23536291852230248,0.08113792928386512,0.39679895007780935,0.09481682913032542,0.257958722242561,0.09367623614766335,0.3954774889940953,0.13352983188478573,0.15454545454545454,0.3614708245831099,1.0,0.0,0.0,0.0,0.0,0.0,0.0,0.0,0.0,0.0,0.0,0.0,0.0,0.0,0.0,0.0,0.0,0.0,0.0,0.0,0.0,0.0,0.0,0.0,0.0,0.0,0.0,0.0,0.0,0.0,0.10737910759924078,0.052909121425045856,0.2581392808533017,0.007405014499652147,0.13896429883626676,0.05491747966785597,0.2581392808533017,0.08116574625619882,0.2197878898336537,0.08223451625165079,0.3244793815912513,0.07789069081006773,0.21978787115203244,0.08223452168279669,0.32447757192937365,0.07789069081006776,0.32716699743289446,0.10573437597970903,0.5490252823698278,0.0852957053097199,0.35875216998829923,0.10543558756634304,0.5490252823698278,0.2164871787416472,0.0,0.0,0,0,0.0,0.0,0,0,11.346692157587244,2.5565184997243176,27.849039142510676,5.374050169556802,13.752765966955092,1.3670616549983607,15.703027818243054,11.321164509858733,-0.71,0.4537620521815371,0.0,-1.0,-1.0,0.0,-1.0,-1.0,3.4191597,1.2878869,8.204024,0.83700913,4.2423086,0.71925664,5.451923,2.8785405,-341.916,472004,122000,1220,9.50771761906799,2.9065562169998884,3.110676577081904,15.524950413149782,1944.4348358372226,121
12.564629,11.420921,378.77112,-380.40686,249.91145,5.007643,-758.9908,-379.5469,249.61537,6.3241777,-755.23883,-379.519,249.64644,6.5107083,-753.41345,12.564629,32.046673,254.88501,2.9840507e-05,11.42092,25.313833,174.01561,0.00043175253,0.050143585,0.8800146,1.0,-1.0,-3.126569,1.2332724,-0.48225802,-6.2539964,-312.65686,103.17191,-99.27833,-523.9806,0.06485794,0.67595226,1.0,-1.0,10,-6.146936853976098,0.9086953306603167,-3.6164003026702964,-8.67687405378585,-614.6936853976098,69.78686380623441,-475.4111143970168,-722.2196320757868,0.20508397020956234,0.6749441484414956,1.0,-1.0,0.2609001978313889,0.0808126852569967,0.41020664858447947,0.13370427424187706,0.29579180463247706,0.08986364409059751,0.41020664858447947,0.1652965910607259,0.24454545454545454,0.42981737424935673,1.0,0.0,0.18181818181818182,0.38569460791993493,1.0,0.0,0.0,0.0,0.0,0.0,0.0,0.0,0.0,0.0,0.0,0.0,0.0,0.0,0.0,0.0,0.0,0.0,0.0,0.0,0.0,0.0,0.0,0.0,0.0,0.0,0.12753902758659616,0.08888917301108451,0.3393041514023797,0.0028959825381960377,0.1671507500844556,0.09881827108909967,0.3393041514023797,0.004440885313063834,0.2187087029190512,0.07253616793081445,0.3388927375930574,0.12010021905749402,0.21870867901642346,0.07253617219686677,0.33889273725361274,0.12010021905749402,0.3462477305056474,0.12965801099343083,0.5818735858448303,0.1471699578769978,0.38585942910087906,0.1246923406811942,0.5818735858448303,0.16717607573649473,0.0,0.0,0,0,0.0,0.0,0,0,10.930507248668023,2.9029510386317687,19.76221700793764,3.4055544109334868,13.23265617156366,3.2670063002146814,17.91463288797617,5.651351854006064,-0.6263636363636363,0.4837687788654397,0.0,-1.0,-0.9090909090909091,0.28747978728803447,0.0,-1.0,3.126569,1.2332724,6.2539964,0.48225802,4.0217447,1.4517485,6.2539964,0.96001387,-312.65686,476004,123000,1230,9.786221203161404,2.916450681979768,3.094784767483361,15.797456652624533,1960.2098458639812,122
16.553612,15.415425,374.03308,-375.84235,249.36995,32.14188,-757.8005,-375.81888,250.0665,33.434547,-759.7626,-376.3407,250.28285,32.639057,-754.4263,16.553612,46.23644,403.2034,2.5182962e-06,15.415426,43.68786,374.23853,0.00016506854,0.0943014,0.87726164,1.0,-1.0,-2.8898118,1.013616,-0.9791809,-6.983088,-288.98117,78.045074,-176.48058,-426.95596,0.14514421,0.650667,1.0,-1.0,10,-6.097941280460453,0.9651753486295207,-3.3219640454618253,-8.67921322085073,-609.7941280460452,69.73756916838995,-499.12921731519623,-727.6908731266552,0.25834317340081003,0.6701616122501353,1.0,-1.0,0.22418393067376724,0.07533670378309647,0.38080269865705985,0.05085427574893208,0.23138453554720745,0.08449432299351314,0.38080269865705985,0.07510436563757224,0.22181818181818183,0.4154694646217191,1.0,0.0,0.09090909090909091,0.28747978728803447,1.0,0.0,0.0,0.0,0.0,0.0,0.0,0.0,0.0,0.0,0.0,0.0,0.0,0.0,0.0,0.0,0.0,0.0,0.017272727272727273,0.130285763478936,1.0,0.0,0.0,0.0,0.0,0.0,0.12699992755849582,0.08714516912752478,0.3402779088131041,0.0015770931168224388,0.15692916743991359,0.09601741519086053,0.3402779088131041,0.020643735455009866,0.20089071850620688,0.09056856500696961,0.3890408787666451,0.08371779057555105,0.20324898253889429,0.08827931033515024,0.38903851012501306,0.0837177908077019,0.3278906460647027,0.13402721943367119,0.7293164189381172,0.13065282678940537,0.36017814997880787,0.15510192947508836,0.7293164189381172,0.1867535464695821,0.0,0.0,0,0,0.0,0.0,0,0,10.504245953176676,2.7907959710043575,26.334214576526726,4.239426088990566,11.500926399728284,2.6505991069265042,15.1446009808666,5.783480165927855,-0.5672727272727273,0.4954537114254865,0.0,-1.0,-0.7272727272727273,0.4453617714151233,0.0,-1.0,2.8898118,1.013616,6.9830885,0.9791809,3.3385522,0.93371993,4.5663037,1.5147289,-288.98117,480004,124000,1240,9.596385317738168,2.8937774089863524,3.1075232141884044,15.597685940912925,1975.8467155329417,123
15.4222,13.572173,379.24115,-380.83795,257.85944,-11.755789,-776.9141,-381.1199,257.6375,-12.089278,-773.77905,-380.75897,258.58826,-12.608533,-774.01733,15.422199,33.587994,229.66797,0.000557933,13.572174,24.693539,157.23315,0.00086906925,0.097854,0.8580576,1.0,-1.0,-3.161001,1.1503422,-0.4082884,-6.1475496,-316.1001,98.17123,-162.44289,-502.82205,0.091411315,0.67566663,1.0,-1.0,10,-6.324609660100032,0.7478001853311684,-4.233614859436207,-9.312123264638965,-632.4609660100033,48.58312048462352,-530.382008584984,-712.7303519732731,0.20308601690802855,0.7053485861831313,1.0,-1.0,0.23244256211581785,0.08175963556490431,0.3582924466486984,0.0615142622603599,0.24781853214145835,0.09534370727462203,0.3537777614100586,0.06839238577863231,0.24454545454545454,0.4298173742493567,1.0,0.0,0.09090909090909091,0.2874797872880344,1.0,0.0,0.0,0.0,0.0,0.0,0.0,0.0,0.0,0.0,0.0,0.0,0.0,0.0,0.0,0.0,0.0,0.0,0.0,0.0,0.0,0.0,0.0,0.0,0.0,0.0,0.11618999453385305,0.07306563526882241,0.2847426590100191,0.0030360479499667104,0.1629016958227489,0.07177329030993541,0.28011581150993237,0.01460298954735102,0.21900111004920458,0.07226942503609188,0.3444481779001857,0.08049067383177154,0.22103132238043177,0.07088798549081848,0.34444563385269644,0.08049067383177154,0.33519110458305773,0.12364547695276791,0.6291882928627155,0.0878249088278088,0.38393301820318065,0.1142594421827308,0.6245614453626288,0.09509366337912256,0.0,0.0,0,0,0.0,0.0,0,0,11.904886954744777,3.190673308300205,23.61630979699258,3.0790607574421123,13.502812886832368,3.0057672767855457,18.33293865570768,7.503810642852282,-0.7209090909090909,0.44855230860371126,0.0,-1.0,-0.9090909090909091,0.28747978728803447,0.0,-1.0,3.161001,1.1503422,6.1475496,0.4082884,3.579529,0.9777914,5.072649,1.2103702,-316.1001,484004,125000,1250,10.070308947586454,2.9331220550229773,3.1798650884302333,16.183296091039665,1992.047269217088,124
18.436996,18.312405,382.81314,-383.77197,251.7299,-9.0642185,-792.0542,-384.06357,251.5701,-10.038656,-794.9256,-382.69824,251.49158,-8.715546,-790.34973,18.436996,54.98353,536.43243,0.0001754202,18.312407,46.421055,392.86658,0.0015402175,0.054410167,0.8595773,1.0,-1.0,-3.0146608,0.87439746,-1.0657008,-6.913049,-301.4661,74.074905,-161.3704,-473.99182,0.023319455,0.6310522,1.0,-1.0,10,-6.157065632692639,0.7623958900011425,-4.812295743694431,-9.024724662365053,-615.7065632692639,61.23345043195586,-525.7842231191069,-707.8613190779582,0.26518221043542484,0.6669762734769289,1.0,-1.0,0.21701379018701528,0.0746326765643224,0.4049683600705571,0.06683260284818136,0.20418482848762046,0.0771268091531745,0.3451224871615748,0.06720144820884223,0.23545454545454544,0.4242825738577285,1.0,0.0,0.09090909090909091,0.28747978728803447,1.0,0.0,0.0,0.0,0.0,0.0,0.0,0.0,0.0,0.0,0.0,0.0,0.0,0.0,0.0,0.0,0.0,0.0,0.0,0.0,0.0,0.0,0.0,0.0,0.0,0.0,0.10109020679738341,0.06202069537766,0.3441597944536743,0.005513098445862061,0.15110755414393526,0.07468840158960394,0.34159652428768994,0.0459395672415117,0.19880351310794325,0.07913801160557328,0.3610886248038028,0.0701471906283476,0.19988285670967262,0.08007066408488483,0.36108644106110865,0.0701471906283476,0.2998937199053267,0.11448932407234232,0.7052462355147829,0.1098539764197016,0.3509904108536079,0.12837391935399334,0.7026829653487986,0.20155407508473322,0.0,0.0,0,0,0.0,0.0,0,0,11.024616573927087,3.0707667182966474,26.43526997506104,5.386970768078499,12.978730360585178,2.611059115230882,16.2480446284581,6.238457700349224,-0.6245454545454545,0.48424005384939617,0.0,-1.0,-0.9090909090909091,0.28747978728803447,0.0,-1.0,3.0146608,0.87439746,6.913049,1.0657008,3.4329622,0.76460266,4.7420926,1.7842193,-301.4661,488004,126000,1260,9.720167441875674,2.9506392079638317,3.1296159509802237,15.80042260081973,2007.8631736695534,125
12.764794,12.708424,374.82608,-376.75223,246.84897,15.65717,-739.2218,-376.1907,246.56868,16.255388,-735.8396,-376.7164,246.53412,16.967995,-737.96893,12.764794,38.779934,394.27356,0.003702972,12.708424,29.643757,217.99574,0.0008029046,0.11794332,0.86186284,1.0,-1.0,-3.2260964,1.1063172,-1.0340164,-7.375232,-322.60965,79.915924,-178.12338,-506.10867,0.04817887,0.6854448,1.0,-1.0,10,-5.802277789663305,1.0913408279356145,-3.4377001474815922,-8.960788093478438,-580.2277789663304,90.19200924643393,-425.9551133859433,-781.43921708879,0.17738444235851597,0.6893249648443426,1.0,-1.0,0.2921464802614068,0.09105996458464448,0.4180084933029132,0.10115666388336544,0.30732794396184987,0.11016352790233701,0.41153022259373456,0.12603074808655787,0.26636363636363636,0.4420566135539393,1.0,0.0,0.18181818181818182,0.38569460791993493,1.0,0.0,0.09090909090909091,0.28747978728803447,1.0,0.0,0.09090909090909091,0.2874797872880344,1.0,0.0,0.01,0.09949874371066199,1.0,0.0,0.0,0.0,0.0,0.0,0.0,0.0,0.0,0.0,0.0,0.0,0.0,0.0,0.11806704604080691,0.06437338615243608,0.24462158419690228,0.004648972468461251,0.14859675830171612,0.07170714994359444,0.24091723449110464,0.03727725984738253,0.2111036819154509,0.10097389861027334,0.3696877236140586,0.030542767367690748,0.21110367143735312,0.10097389614267616,0.36968566271410946,0.030542767367690748,0.3291707279562578,0.1155779864496782,0.5631661043599288,0.052105700210444486,0.3597004297390691,0.11882734575362988,0.510433667717731,0.16133032593963148,0.0,0.0,0,0,0.0,0.0,0,0,11.22965162635498,2.7159395326992186,27.533651983376902,5.920455680374895,12.278838653716496,2.784106598783334,18.537814880560866,8.215227653444783,-0.6872727272727273,0.46360427696456247,0.0,-1.0,-0.8181818181818182,0.385694607919935,0.0,-1.0,3.2260964,1.1063172,7.375232,1.0340164,3.7357428,1.5120492,6.4584494,1.6443168,-322.60965,492004,127000,1270,9.985481388051994,2.966235246974975,3.1392932093003765,16.091009844327345,2023.9031582660973,126
15.3573065,12.596518,368.37326,-370.8007,250.10133,-9.683392,-755.7509,-371.41623,249.57506,-11.077891,-756.7537,-370.8935,249.39227,-9.881657,-755.4256,15.3573065,68.21293,756.98285,6.1104074e-06,12.596518,47.455692,502.61868,1.4785677e-05,0.09317982,0.86913455,1.0,-1.0,-3.5643334,1.2351916,-0.7822057,-7.954136,-356.43332,101.180824,-195.03244,-573.5122,0.031940248,0.68261546,1.0,-1.0,10,-5.703122230337187,1.0081266807940499,-3.1438117030990775,-7.781770390289817,-570.3122230337187,86.84803178038617,-408.5971981821953,-672.1946618603614,0.13168231679176268,0.7040388623588998,1.0,-1.0,0.23686262117381984,0.0653811821969436,0.42511793074364396,0.11097779267507031,0.23960840222147423,0.08039112040068658,0.42511793074364396,0.11197579699697251,0.04,0.19595917942265423,1.0,0.0,0.0,0.0,0.0,0.0,0.0,0.0,0.0,0.0,0.0,0.0,0.0,0.0,0.0,0.0,0.0,0.0,0.0,0.0,0.0,0.0,0.0,0.0,0.0,0.0,0.0,0.0,0.0,0.0,0.12273957585567881,0.057025371713790116,0.3231821743794212,0.02315408384613571,0.15711972568879679,0.07465449692397248,0.3231821743794212,0.06766866053257682,0.2131480713222927,0.07029813688636495,0.3201853927262613,0.08813232693099929,0.2131480610919181,0.0702981328717813,0.3201840879840135,0.08813232693099929,0.3358876471779715,0.09589684192174647,0.6311151993612097,0.11401599738655199,0.37026778678071487,0.11162735148652521,0.6311151993612097,0.19281424699099675,0.0,0.0,0,0,0.0,0.0,0,0,11.775760288927923,3.3238071828367795,27.80060214151823,5.410738749013211,14.227743694205122,3.3323757271988765,19.85392599832832,9.072066544505047,-0.6672727272727272,0.47118980752000966,0.0,-1.0,-0.8181818181818182,0.385694607919935,0.0,-1.0,3.5643334,1.2351915,7.954136,0.7822057,4.3158703,1.3626175,6.39794,2.3947294,-356.43332,496004,128000,1280,10.00682606943883,2.9163343199761584,3.1143898461014032,16.03755023551639,2039.974332804326,127
12.075014,11.085948,375.151,-376.83,252.39902,9.168095,-774.983,-377.2654,252.28154,9.055936,-777.0825,-377.9411,252.52782,8.955334,-769.98315,12.075014,24.401886,180.42865,2.369308e-05,11.085947,21.831495,179.44453,0.00022088084,0.1439648,0.8729263,1.0,-1.0,-3.2752156,0.8838156,-1.596948,-7.0246515,-327.52158,74.70106,-223.80914,-412.75577,0.019225491,0.64672536,1.0,-1.0,10,-5.890700304488126,1.1146790819159,-3.554859674435566,-8.64503736541926,-589.0700304488125,93.01738186419014,-418.82628875037193,-709.3733705467092,0.16106532935601064,0.7190659863332349,1.0,-1.0,0.2395068446575808,0.05195024943558596,0.38504304500424186,0.10815744201274353,0.24562410325215545,0.04606664519647864,0.3273555650119266,0.1631318073443301,0.23636363636363636,0.424848052565379,1.0,0.0,0.18181818181818182,0.38569460791993493,1.0,0.0,0.18181818181818182,0.38569460791993504,1.0,0.0,0.18181818181818182,0.38569460791993493,1.0,0.0,0.0,0.0,0.0,0.0,0.0,0.0,0.0,0.0,0.0,0.0,0.0,0.0,0.0,0.0,0.0,0.0,0.12678131900110054,0.0793303796063715,0.32717515922688195,0.009068778855072679,0.14824941511486275,0.09042876795965617,0.32717515922688195,0.0398186435614716,0.15622337864821634,0.08199011767454356,0.30378549352283757,0.055512382577654895,0.15622336686307783,0.08199010904183827,0.30378299930814884,0.055512382577654895,0.2830046976493169,0.11944344753965533,0.5154882890099869,0.09278432840090203,0.30447278197794053,0.12130122890234564,0.5154882890099869,0.14812225653259598,0.0,0.0,0,0,0.0,0.0,0,0,11.218378030164967,2.9190885583468984,23.971474461343146,5.756253640908279,12.447590767446428,2.8866128148203645,16.96728833697914,7.211105749890339,-0.6145454545454545,0.4867025157557491,0.0,-1.0,-0.8181818181818182,0.385694607919935,0.0,-1.0,3.2752156,0.8838156,7.0246515,1.596948,3.5387146,0.8994579,5.185758,2.2079718,-327.52158,500004,129000,1290,10.005666070035659,2.9495723099680617,3.1827185300644487,16.13795691006817,2056.0670135202818,128
8.80891,9.850999,379.80435,-381.8157,254.22598,8.421528,-767.29663,-382.43958,253.91429,7.018116,-765.43536,-381.68414,253.96901,6.9268312,-767.92224,8.80891,18.2544,109.11603,8.58569e-05,9.851,23.140686,189.51091,0.0007277876,0.12472683,0.8501666,1.0,-1.0,-3.301315,1.1087679,-0.43300548,-7.5250454,-330.13147,77.622856,-168.16756,-463.92725,0.16514967,0.59593636,1.0,-1.0,10,-6.0641965740038675,0.9212251724228803,-3.635221010744104,-8.986610741252758,-606.4196574003869,67.51773267849785,-494.89024330318443,-739.3081244727791,0.18817125350969868,0.6949163018188909,1.0,-1.0,0.20550929684159763,0.07429179294909363,0.3485609547713048,0.088274300666497,0.21859141927183307,0.08780380792123874,0.34818526487731577,0.09689290822781846,0.31272727272727274,0.4636042769645624,1.0,0.0,0.18181818181818182,0.385694607919935,1.0,0.0,0.0,0.0,0.0,0.0,0.0,0.0,0.0,0.0,0.0,0.0,0.0,0.0,0.0,0.0,0.0,0.0,0.0,0.0,0.0,0.0,0.0,0.0,0.0,0.0,0.09653236995704431,0.051754225655562106,0.2866175262798491,0.00806027117227726,0.13670731301251873,0.06965438321883378,0.2866175262798491,0.04467110173334026,0.21908165176492483,0.06805057014144154,0.31687542385256007,0.08094270730942482,0.21908164188267498,0.06805056352726989,0.3168726528933501,0.08094270730942482,0.3156140217219691,0.07022723614757789,0.5402003208250239,0.12875659741613102,0.35578895489519374,0.07919464190963295,0.5402003208250239,0.212283310035487,0.0,0.0,0,0,0.0,0.0,0,0,10.928190773909913,3.2001637593577468,27.20937119477536,4.115291576511658,14.268026002677589,2.5513319403539723,17.99347226673507,8.840987521843896,-0.5563636363636364,0.4968129834211941,0.0,-1.0,-0.9090909090909091,0.28747978728803447,0.0,-1.0,3.3013148,1.1087679,7.5250454,0.4330055,4.282727,0.9819862,6.757336,2.8640425,-330.13147,504004,130000,1300,9.828957029269077,2.9042518929345533,3.096588291460648,15.829797213664278,2071.913951232913,129
19.552513,16.523779,366.94656,-368.1972,249.71225,1.1605415,-787.70856,-368.93768,249.84752,1.5575316,-785.0451,-368.77597,249.8267,1.5006938,-782.5237,19.552515,74.40724,805.90283,0.0012087547,16.523779,60.932384,666.4679,0.00037213974,0.0973584,0.87585515,1.0,-1.0,-3.146436,1.2274106,-0.9580566,-6.62744,-314.6436,105.27381,-170.74646,-478.138,-0.018816397,0.6842752,1.0,-1.0,10,-6.013160031710049,0.8050458132114812,-4.057654629941783,-8.573254219992656,-601.3160031710048,50.08862397564139,-544.9768591908854,-708.6210658251359,0.0667602845201389,0.7348912561914869,1.0,-1.0,0.23639120273631845,0.0839063326223401,0.42948114264554726,0.07760710903880144,0.23701169578520934,0.0875294658310608,0.4207635271275298,0.11250840904285768,0.16454545454545455,0.3707698045066296,1.0,0.0,0.18181818181818182,0.38569460791993493,1.0,0.0,0.0,0.0,0.0,0.0,0.0,0.0,0.0,0.0,0.0,0.0,0.0,0.0,0.0,0.0,0.0,0.0,0.0,0.0,0.0,0.0,0.0,0.0,0.0,0.0,0.11146853728790845,0.07019131460324438,0.31236438970876307,0.00840504958864018,0.1387670133767373,0.09416068411229299,0.30786713812616917,0.02637383941544005,0.24028861965265946,0.0802228337237295,0.3603087212238212,0.1100915952261506,0.24028412604938146,0.08022624912363853,0.36030640316464996,0.1100915952261506,0.3517571569405679,0.12263146579275824,0.6532069579886474,0.13283645861410762,0.3790511394261188,0.14841510563177981,0.6444105810298675,0.13646543464159064,0.0,0.0,0,0,0.0,0.0,0,0,11.979960361073593,3.2577824250308423,25.481194489023988,5.724497630859924,13.545385112264377,2.842783761616427,18.29548531129621,8.334922109216444,-0.6981818181818182,0.4590468025617309,0.0,-1.0,-0.9090909090909091,0.28747978728803447,0.0,-1.0,3.146436,1.2274104,6.62744,0.9580566,3.4607582,1.2913103,6.067195,1.7565936,-314.6436,508004,131000,1310,9.856437593814917,2.9217480479273945,3.1171521422220394,15.89533778396435,2087.814849490882,130
11.643433,10.499245,365.63965,-367.84735,245.30873,13.231302,-752.35455,-368.1577,244.93738,11.849921,-753.72455,-368.01654,245.06653,12.181492,-751.53174,11.643433,29.52778,261.71118,1.8066974e-05,10.499244,21.9872,179.47234,0.0023707936,0.108963795,0.8791819,1.0,-1.0,-3.7204478,1.1364508,-0.8996171,-7.7530203,-372.0448,90.250565,-234.75116,-556.2617,0.12963279,0.6512179,1.0,-1.0,10,-6.089900508338565,0.816864624481526,-4.055500783597263,-8.951939347824283,-608.9900508338567,59.2980337932389,-534.2966865479933,-736.3558091682942,0.15282582634700131,0.690508482997155,1.0,-1.0,0.19288334785943886,0.08646280570797667,0.4058370757900615,0.03144608177613005,0.1868521543578069,0.08405142241095664,0.30826327423711325,0.03144608177613005,0.16,0.36660605559646714,1.0,0.0,0.09090909090909091,0.2874797872880344,1.0,0.0,0.0,0.0,0.0,0.0,0.0,0.0,0.0,0.0,0.0,0.0,0.0,0.0,0.0,0.0,0.0,0.0,0.08545454545454545,0.27955691033437624,1.0,0.0,0.09090909090909091,0.2874797872880344,1.0,0.0,0.11464068468965956,0.05842983319390587,0.28925421764711207,0.006274292520265365,0.14360845491922405,0.06359138794699896,0.28925421764711207,0.058684344578518996,0.1843249523843868,0.07765211793930457,0.3274822698180698,0.07054131286964282,0.1843134434967604,0.07718942061470604,0.3274799608193087,0.09837282041495625,0.29896563707404633,0.10104921328071832,0.6167341784664208,0.10687048766494779,0.32792189841598457,0.11209809565392964,0.6167341784664208,0.21539873444769114,0.28,0.44899888641287294,1,0,0.36363636363636365,0.4810456929208347,1,0,11.423175739795017,3.363325794090288,28.15860309220923,4.5887966809234735,13.66096391852163,3.8013704645181194,18.78265496790095,6.607566177939329,-0.58,0.4935585071701226,0.0,-1.0,-0.7272727272727273,0.4453617714151233,0.0,-1.0,3.7204478,1.1364508,7.7530203,0.8996171,4.346424,0.93751854,6.165757,2.5868998,-372.0448,512004,132000,1320,9.717771584168077,2.9273097249679267,3.097160400240682,15.742241709376685,2103.6199047012487,131
14.123747,14.880758,381.22928,-381.71936,250.73982,7.6453066,-693.8878,-382.57947,250.8576,7.745215,-696.0328,-381.81653,251.34567,7.3289337,-694.87524,14.123747,39.728123,398.52676,0.0006020218,14.880758,49.21295,522.5468,0.007295051,0.11520616,0.8457077,1.0,-1.0,-3.0208123,1.0646106,-0.73130465,-6.807216,-302.08124,79.473434,-180.224,-435.62122,0.019100392,0.6954067,1.0,-1.0,10,-6.132168760892756,0.8666813408294758,-4.555361388389077,-9.355773567069365,-613.2168760892756,62.30946304127953,-521.9274114804942,-691.0433808167757,0.14214862472987227,0.7093954741208023,1.0,-1.0,0.20022138122946528,0.06918330583709674,0.3219918606794606,0.06354820481506256,0.2145228886838081,0.07814543858305327,0.32198787001844426,0.06575962262025638,0.18,0.38418745424597095,1.0,0.0,0.0,0.0,0.0,0.0,0.09090909090909091,0.28747978728803447,1.0,0.0,0.09090909090909091,0.2874797872880344,1.0,0.0,0.0,0.0,0.0,0.0,0.0,0.0,0.0,0.0,0.0,0.0,0.0,0.0,0.0,0.0,0.0,0.0,0.11019898693337263,0.059112028328688976,0.267830515094385,0.012951100422551098,0.14908574603683633,0.06071202262097192,0.26724211385905056,0.08219662759610896,0.1741992573776795,0.07260990436276714,0.2812433563390867,0.022664937896509675,0.17436519091221817,0.07238337647911225,0.2812417210003294,0.022664937896509675,0.28439824431105215,0.10660390076192254,0.5066360011835032,0.07915560726036311,0.3234509369490545,0.1020123819868149,0.48920300951738627,0.153889540538411,1.0,0.0,1,1,1.0,0.0,1,1,10.831048101859732,3.142877498359382,25.465384002433343,4.315972676708885,13.357764494117886,2.035216874775983,15.805585958190155,9.729083776311613,-0.6136363636363636,0.48691557467337615,0.0,-1.0,-0.9090909090909091,0.28747978728803447,0.0,-1.0,3.0208123,1.0646106,6.807216,0.73130465,3.753213,0.748912,4.9351015,2.5511386,-302.08124,516004,133000,1330,10.079819369828328,2.9904266729718074,3.1174325285246596,16.187678571324795,2119.7643766463734,132
15.411117,14.50967,378.02948,-380.33368,256.42993,14.903016,-793.1103,-380.17206,256.17914,14.748441,-790.1896,-379.08954,255.70302,14.972622,-792.5965,15.411117,31.384823,248.6128,0.004611665,14.509671,29.865856,255.88564,0.0009095651,0.095313296,0.86357313,1.0,-1.0,-3.7799227,1.035954,-1.341857,-6.9809933,-377.99228,78.656044,-258.1795,-498.79883,0.0046796696,0.71446633,1.0,-1.0,10,-6.032423516910324,0.6566835575421307,-4.492413927794383,-8.17110418200652,-603.2423516910324,43.85725639867098,-529.6866605099625,-652.8988151324384,0.019020900902573953,0.7236724908857348,1.0,-1.0,0.25664410155984646,0.06040827432838084,0.39741452464403054,0.11080076776494975,0.27382511851506397,0.0740425292162586,0.3966400399967847,0.11080076776494975,0.10909090909090909,0.3117532399905863,1.0,0.0,0.0,0.0,0.0,0.0,0.0,0.0,0.0,0.0,0.0,0.0,0.0,0.0,0.0,0.0,0.0,0.0,0.0,0.0,0.0,0.0,0.0,0.0,0.0,0.0,0.0,0.0,0.0,0.0,0.14257758212053542,0.07804817009558371,0.332133483267054,0.001290185780586632,0.1882695880423724,0.08258904870691967,0.32870470287269915,0.08967403822409585,0.24531193945678972,0.09741027493811381,0.4260700852637885,0.12610687977669954,0.2453119221686503,0.09741027526714456,0.42606810324246547,0.12610687977669954,0.38788952157732515,0.14255175058415284,0.7264331662683403,0.15595310007831556,0.43358151021102265,0.1354419283973895,0.7230043858739854,0.24439106935363802,1.0,0.0,1,1,1.0,0.0,1,1,11.794824949260773,2.879248101930642,26.619705477769347,4.936488594769554,13.498355394029359,2.1902295568362633,17.333244609834146,10.125585121287704,-0.7772727272727272,0.41607671733797336,0.0,-1.0,-1.0,0.0,-1.0,-1.0,3.7799227,1.035954,6.9809933,1.341857,4.4185596,0.71781254,5.188536,2.8257937,-377.99228,520004,134000,1340,9.924553255317733,2.9472269429825246,3.093501088791527,15.965281287091784,2135.6872484284686,133
8.810255,11.449336,371.76654,-373.53796,248.55675,10.410853,-846.5477,-372.79486,248.19084,10.635005,-842.95905,-374.4787,248.5739,9.335932,-847.01227,8.810255,16.363861,112.28089,0.0032986738,11.449336,18.905775,105.7325,0.004044786,0.0368417,0.88000786,1.0,-1.0,-3.1186435,1.5296477,-0.82893324,-7.2762804,-311.86432,134.39833,-181.3756,-602.1271,-0.029884942,0.70986676,1.0,-1.0,10,-5.809741697097767,1.0309609073508075,-3.293455393953164,-8.37759959892448,-580.9741697097768,90.34619612727555,-439.7704928164597,-710.3150693259091,0.12455815082422751,0.7372687637648314,1.0,-1.0,0.23849592517015233,0.06484055396771035,0.38959760535002286,0.0953094903787337,0.2399497660183858,0.0619231565922013,0.3627092071747849,0.15616810175260706,0.16454545454545455,0.37076980450662955,1.0,0.0,0.09090909090909091,0.28747978728803447,1.0,0.0,0.18181818181818182,0.38569460791993504,1.0,0.0,0.18181818181818182,0.38569460791993493,1.0,0.0,0.006363636363636364,0.07951817714125348,1.0,0.0,0.0,0.0,0.0,0.0,0.0,0.0,0.0,0.0,0.0,0.0,0.0,0.0,0.1312714384698448,0.07873109099387278,0.293459982749949,0.004154510765658267,0.1648527360925027,0.08886013195771908,0.29179500181930296,0.031972237003336276,0.19654271459923833,0.11083967304564768,0.33187836559987377,0.03394329608359957,0.19654269955308068,0.11083966739228314,0.3318760994652889,0.03394329608359957,0.3278141530690831,0.14905760958373576,0.6000885223854566,0.054519685396577734,0.36139543564558335,0.13980162743985497,0.6000885223854566,0.139337730807796,1.0,0.0,1,1,1.0,0.0,1,1,11.106529608714066,3.141953424868717,24.617858441553484,5.223146662065022,13.686322774877313,2.4620649234122642,17.63154655904642,10.178998514838794,-0.67,0.47021271782034996,0.0,-1.0,-1.0,0.0,-1.0,-1.0,3.1186435,1.5296477,7.2762804,0.82893324,4.031189,1.3204268,6.837622,2.6953573,-311.86432,524004,135000,1350,9.94768266088795,2.9050812399946153,3.121659679338336,15.9744235802209,2151.625614059856,134
16.226511,11.172291,370.56104,-371.70493,243.93707,11.423734,-755.92566,-372.18774,244.17517,10.367229,-755.70886,-372.42963,244.78345,13.302396,-759.0803,16.226513,38.158863,320.63788,2.9508024e-05,11.172291,23.157621,169.10376,0.003397558,0.015458737,0.87776875,1.0,-1.0,-3.2439497,1.1996163,-0.8389526,-7.496983,-324.395,93.48126,-173.39803,-472.9972,-0.006110159,0.70093125,1.0,-1.0,10,-6.177727372957964,1.095275549106921,-3.955434327269252,-8.543661897486825,-617.7727372957964,95.59223358157712,-465.0386946479337,-760.4561284619963,0.2194590102563228,0.6866199309292103,1.0,-1.0,0.24286761078387262,0.07833443874158713,0.39084749544726755,0.0602368964796352,0.26881098172845835,0.07120317818934258,0.3896451795184244,0.13001746499283506,0.0890909090909091,0.2848749181803559,1.0,0.0,0.0,0.0,0.0,0.0,0.09090909090909091,0.28747978728803447,1.0,0.0,0.09090909090909091,0.28747978728803447,1.0,0.0,0.0,0.0,0.0,0.0,0.0,0.0,0.0,0.0,0.0,0.0,0.0,0.0,0.0,0.0,0.0,0.0,0.13926646153610184,0.08225299669289692,0.3065179430687716,0.004521064064367456,0.17949727710952787,0.07547206652545688,0.30450569083512186,0.0738414975997617,0.1879203546901366,0.08314616752340317,0.33604336343190844,0.02461594209487139,0.18711311146555765,0.08414667612920655,0.3360415722025973,0.02461594209487139,0.32718681622623846,0.09622093878344874,0.5236756738027298,0.12023172398736862,0.3666103885750855,0.09682311776809979,0.5216634215690801,0.1510738354463314,1.0,0.0,1,1,1.0,0.0,1,1,11.042930517175519,3.2298768717243242,27.598697515918452,4.408748424236127,13.480837711854788,2.927809162112173,18.627420433411487,8.69701898222831,-0.6272727272727273,0.4835304053444437,0.0,-1.0,-0.9090909090909091,0.28747978728803447,0.0,-1.0,3.2439497,1.1996163,7.496983,0.8389526,4.1244664,1.1773375,6.452348,2.626957,-324.395,528004,136000,1360,9.862665617605671,2.8692681289976463,3.1195440402952954,15.851477786898613,2167.5476211536443,135
10.187229,10.381203,375.9959,-379.06052,251.12607,26.701107,-830.3592,-379.26694,251.11858,27.946098,-832.0293,-377.70023,250.16875,27.451674,-832.25665,10.187229,15.8904295,79.52544,1.497698e-05,10.381203,14.430586,70.79578,1.4551915e-05,0.16353112,0.86245674,1.0,-1.0,-3.4588983,1.0920912,-1.6949085,-7.675215,-345.88986,89.34674,-193.29688,-462.96936,0.057756245,0.65601957,1.0,-1.0,10,-5.80850804983387,1.0746429041606036,-3.283466806716905,-8.439194364828849,-580.8508049833869,90.55802658774648,-403.61969599316217,-737.5930054510034,0.17171610812450314,0.6893254908287404,1.0,-1.0,0.21647192501442072,0.07705263018022651,0.37601646171969494,0.10123008222009325,0.21523429597726296,0.07688303360829955,0.33478424424662784,0.11294814386879212,0.16818181818181818,0.3740276650394674,1.0,0.0,0.0,0.0,0.0,0.0,0.0,0.0,0.0,0.0,0.0,0.0,0.0,0.0,0.0,0.0,0.0,0.0,0.0,0.0,0.0,0.0,0.0,0.0,0.0,0.0,0.0,0.0,0.0,0.0,0.11931382746997211,0.06405276710334429,0.31913765179975184,0.012526165693929316,0.17839741776933443,0.07136080430264724,0.31913765179975184,0.060242302860960835,0.2503163610133833,0.07163090621919606,0.3641450934217603,0.13956090070371227,0.25031634737163044,0.0716309043901171,0.3641450932207669,0.13956090070371227,0.3696301884833554,0.1111878389404027,0.6457709213584579,0.21317669123807548,0.4287137651409649,0.12159111361420291,0.6457709213584579,0.258790065684527,1.0,0.0,1,1,1.0,0.0,1,1,11.475567456077227,3.0366342525121586,27.83678137894911,6.500058852837402,13.821218636857264,2.653028017689376,19.438913081538757,9.602402621297415,-0.6327272727272727,0.4820616880383466,0.0,-1.0,-0.9090909090909091,0.28747978728803447,0.0,-1.0,3.4588978,1.0920912,7.675215,1.6949085,4.007739,0.9266098,5.343126,2.1091044,-345.88986,532004,137000,1370,8.973086234880611,2.9398904790868983,2.8010494265472516,14.714026140514761,2182.141558031901,136
10.64415,10.468094,363.88623,-366.00623,240.31294,14.743074,-765.49194,-365.65515,239.92941,13.378024,-766.15704,-365.0556,239.49342,10.529152,-762.78314,10.64415,21.412786,170.91365,0.01567081,10.468094,23.477943,196.09914,0.001070261,0.078835405,0.8657566,1.0,-1.0,-3.0295358,0.82656425,-0.9391927,-8.003625,-302.95355,62.283405,-187.59326,-377.62558,-0.077443875,0.7344011,1.0,-1.0,10,-6.840209647950292,0.9862777955030811,-4.731301426063577,-9.308433327227567,-684.0209647950294,72.00858510462982,-583.4669579272426,-794.6520181772995,0.11028513028363439,0.7073443927443388,1.0,-1.0,0.2553763648826396,0.0691799245651874,0.38896166920010655,0.10248935402261353,0.26559766792906714,0.07108027883423886,0.3888313430637774,0.11187231388891457,0.19363636363636363,0.3951472160018967,1.0,0.0,0.09090909090909091,0.2874797872880344,1.0,0.0,0.09090909090909091,0.28747978728803447,1.0,0.0,0.09090909090909091,0.28747978728803447,1.0,0.0,0.0,0.0,0.0,0.0,0.0,0.0,0.0,0.0,0.0,0.0,0.0,0.0,0.0,0.0,0.0,0.0,0.09852980375619912,0.05384598540353531,0.3042844010552488,0.008959622258646651,0.13007812279870037,0.07422142304463754,0.3042844010552488,0.020124159895424217,0.18368197563624902,0.09029330430211865,0.3054336284557348,0.05842434796786593,0.18368195774955295,0.09029329842040676,0.3054313878080239,0.05842434796786593,0.2822117793924481,0.11921376838529191,0.5657958282132385,0.07574886339827817,0.31376008054825333,0.1441214641467782,0.5657958282132385,0.08691340103505574,1.0,0.0,1,1,1.0,0.0,1,1,11.810239105518367,2.541487292221841,28.112893190713756,6.431153750462782,13.325846374023216,1.6521782620589562,15.618808346470715,10.946870399771987,-0.7536363636363637,0.43089278833756584,0.0,-1.0,-1.0,0.0,-1.0,-1.0,3.0295358,0.8265643,8.003625,0.93919265,3.4883707,0.9024992,5.047799,2.262925,-302.95355,536004,138000,1380,10.152984801447019,2.8205553769366816,3.1214361106976867,16.094976289081387,2198.46410380397,137
10.585472,8.204266,378.3692,-380.37857,247.14551,-21.29575,-766.14874,-380.05045,247.21065,-23.006866,-768.101,-380.19257,247.05089,-25.06931,-769.56415,10.585472,29.010763,230.26173,7.617846e-05,8.204266,15.241045,118.89304,5.544722e-05,0.05247347,0.8857828,1.0,-1.0,-2.7691524,1.0225362,-0.8984769,-7.097503,-276.91525,72.850296,-187.18846,-462.32693,0.114701346,0.6529634,1.0,-1.0,10,-5.8226397994985035,1.1248101576651903,-3.6198503376013007,-8.726723802418075,-582.2639799498503,86.7786097292137,-439.2433704382569,-719.260903789894,0.27786068982426976,0.6704889358851704,1.0,-1.0,0.2001517320223171,0.10012773764705336,0.44896052190628133,0.06267515282172634,0.20141969686739225,0.10030305453962572,0.38907426947687873,0.0879468155960409,0.19454545454545455,0.395850376608583,1.0,0.0,0.0,0.0,0.0,0.0,0.0,0.0,0.0,0.0,0.0,0.0,0.0,0.0,0.0,0.0,0.0,0.0,0.0,0.0,0.0,0.0,0.0,0.0,0.0,0.0,0.0,0.0,0.0,0.0,0.1034457496534367,0.06335719684706602,0.34473480115080396,0.018142266196590137,0.14209391812370956,0.07643263369707202,0.34473480115080396,0.06967284759807531,0.162901203422671,0.06377098156136864,0.29368226404000886,0.0648841542137309,0.1646958227394294,0.06241302246488239,0.29367944597859874,0.06784715131692409,0.26634695307610773,0.09131634507231733,0.564569290412098,0.1113309351942317,0.3067897408631389,0.10437165710136424,0.564569290412098,0.19248365618253388,1.0,0.0,1,1,1.0,0.0,1,1,11.189457179312539,3.009790689311289,26.825681314897825,5.653323050631549,13.330875677844068,2.7056805836811635,19.207131749290472,8.128599223507644,-0.6163636363636363,0.48627101921894483,0.0,-1.0,-0.9090909090909091,0.28747978728803447,0.0,-1.0,2.7691524,1.0225362,7.097503,0.8984769,3.3566194,0.91410565,5.623361,2.137699,-276.91525,540004,139000,1390,9.794479419710115,3.04807812103536,3.101068365154788,15.943625905900262,2214.399124827818,138
15.96685,14.585958,367.3353,-368.69946,247.86147,9.964123,-743.2847,-368.70053,247.79466,8.145174,-742.9767,-369.52283,248.47754,10.643276,-737.32874,15.966852,52.27974,549.06323,2.3916422e-05,14.5859585,36.427586,325.78442,0.00044083595,0.20470446,0.8565759,1.0,-1.0,-2.611526,1.3024564,-0.452336,-7.816667,-261.15262,105.15972,-76.38971,-481.829,0.13870624,0.6647431,1.0,-1.0,10,-6.098892710011328,1.0068669222884066,-3.115933545474199,-9.369306740306037,-609.8892710011329,74.86934942735057,-504.8477520852867,-748.2499394211517,0.2327134643670281,0.6682074676716758,1.0,-1.0,0.1774495761035393,0.0651085677535646,0.29953985283995566,0.05629315858215587,0.1980220386518391,0.0626266401153086,0.28879604590308955,0.08852667937435872,0.4354545454545454,0.49581638163489583,1.0,0.0,0.36363636363636365,0.48104569292083466,1.0,0.0,0.09090909090909091,0.28747978728803447,1.0,0.0,0.09090909090909091,0.2874797872880344,1.0,0.0,0.08454545454545455,0.27820409892946774,1.0,0.0,0.09090909090909091,0.2874797872880344,1.0,0.0,0.006363636363636364,0.07951817714125348,1.0,0.0,0.0,0.0,0.0,0.0,0.07753265157899333,0.043451596691183016,0.2257323819592346,0.017054483172759875,0.10533978732817836,0.05799696816431093,0.22550519202985428,0.02117814808125102,0.15943167647136286,0.07501163918515348,0.32100300774632406,0.015624087561863464,0.17278842069222333,0.08438945410768281,0.32100300715699487,0.015624087561863464,0.23696432805035622,0.09634702453553683,0.5373918398201892,0.033229221278470736,0.2781282080204017,0.12278324531194307,0.537164649890424,0.03680223564311448,1.9354545454545455,0.24572207642573593,2,1,2.0,0.0,2,2,10.979210002331705,3.8392067615518526,27.333914248194368,4.1406713892818985,12.923248381219468,4.065612966104022,18.482621283357968,4.6566575806199175,-0.5981818181818181,0.49026557147989946,0.0,-1.0,-0.8181818181818182,0.385694607919935,0.0,-1.0,2.611526,1.3024564,7.816667,0.45233604,3.197919,1.4620167,5.44098,0.6265132,-261.15262,544004,140000,1400,10.643062325078063,3.039891919004731,3.271916355821304,16.954870599904098,2231.2960348404013,139
8.433729,8.741053,386.5162,-387.26746,267.2931,19.123758,-844.48224,-387.2561,266.8214,17.310776,-845.61505,-387.38794,267.40778,17.527273,-845.10547,8.433729,17.81681,131.57143,0.00020748377,8.741052,15.810327,89.10097,0.00024414062,0.061700508,0.8791707,1.0,-1.0,-3.2038884,1.4227533,-1.0550501,-7.9642773,-320.38885,129.42375,-157.93091,-536.71295,0.037149485,0.67419046,1.0,-1.0,10,-5.82682310212019,0.8847459568832118,-3.69473877521033,-8.935447596744746,-582.682310212019,65.08924310255168,-481.2883021995529,-665.0370821754725,0.10352012381397212,0.7267496281044236,1.0,-1.0,0.22912136912351183,0.08313469020451053,0.37659717474132504,0.0769869883477663,0.24327258979597052,0.0864501506752434,0.37659717474132504,0.08884125223955555,0.37545454545454543,0.48424005384939617,1.0,0.0,0.36363636363636365,0.48104569292083466,1.0,0.0,0.0,0.0,0.0,0.0,0.0,0.0,0.0,0.0,0.0,0.0,0.0,0.0,0.0,0.0,0.0,0.0,0.0,0.0,0.0,0.0,0.0,0.0,0.0,0.0,0.09351594157385984,0.058577919184424926,0.3390428368922726,0.010466472982216587,0.10867163151758445,0.05649192101346581,0.21703011986636886,0.03562399039175953,0.1923421581236623,0.0771848458103412,0.3237697608439503,0.09078388241419301,0.19234214268377903,0.07718484179406859,0.32376975967588884,0.09078388241419301,0.28585809969752213,0.08856828703479468,0.5142109296144051,0.1202311058453509,0.30101377420136355,0.08383519598461786,0.45270845791084524,0.12640787280595253,2.0,0.0,2,2,2.0,0.0,2,2,11.910712214691523,3.98521784383055,27.55861447594763,5.3228905838489515,13.164872145415258,4.075467829468314,21.99502163098463,8.354412095472462,-0.5790909090909091,0.49370500108786985,0.0,-1.0,-0.6363636363636364,0.48104569292083466,0.0,-1.0,3.2038884,1.4227533,7.9642773,1.0550501,3.5797164,1.4327741,5.8062525,1.914131,-320.38885,548004,141000,1410,10.79686129221227,2.981627305969596,3.270535732153803,17.04902433033567,2248.607637767913,140
9.654949,8.186122,379.78577,-381.11597,253.9274,5.8705745,-755.1504,-381.49176,254.04782,4.8526835,-755.15485,-381.797,254.30743,6.4438987,-758.2684,9.654949,21.923937,147.58676,0.0015258789,8.186122,16.690819,124.44557,0.00016078376,0.05514243,0.87875295,1.0,-1.0,-3.1115873,1.0917547,-0.58891463,-6.7011046,-311.15872,79.99004,-176.75497,-452.06592,0.02036462,0.7032244,1.0,-1.0,10,-6.25724454222114,1.0575991134776128,-4.134320204544187,-9.141032387040738,-625.724454222114,84.32515002608172,-502.550835905588,-781.5268429841527,0.19349655355261874,0.7048302862383011,1.0,-1.0,0.27537726564491594,0.07625829679507819,0.4121837618715695,0.09632190718840473,0.2942623153653631,0.09237700970297788,0.4121837618715695,0.09632190718840473,0.14909090909090908,0.35617805928686197,1.0,0.0,0.18181818181818182,0.38569460791993493,1.0,0.0,0.0,0.0,0.0,0.0,0.0,0.0,0.0,0.0,0.0,0.0,0.0,0.0,0.0,0.0,0.0,0.0,0.0,0.0,0.0,0.0,0.0,0.0,0.0,0.0,0.12156296681303098,0.07323932969119291,0.34485750413159577,0.009456416417733903,0.14893891521405977,0.09833774203563864,0.34485750413159577,0.038012722005914504,0.20248773617651708,0.09219525195302303,0.34275312773310007,0.08056804076983001,0.2024877232732308,0.09219524541803233,0.3427506798792738,0.08056804076983001,0.3240507029895481,0.11749035285651833,0.5495685959232679,0.11280956472408897,0.35142663848729055,0.13640819266410412,0.5492287484944625,0.16078576900673927,2.0,0.0,2,2,2.0,0.0,2,2,11.534654370112545,2.9677729805191477,24.48122160875825,5.0376636047265775,13.710179771353209,2.80900689953584,18.769643868481758,9.01697233447781,-0.6990909090909091,0.45865325673907015,0.0,-1.0,-0.9090909090909091,0.28747978728803447,0.0,-1.0,3.1115873,1.0917547,6.7011046,0.5889146,3.8478575,1.250659,6.04995,1.6517223,-311.15872,552004,142000,1420,10.395663724513724,3.2447681620251387,3.2343089336063713,16.874740820145234,2265.154357625055,141
8.357303,8.580259,367.57053,-368.66168,242.25499,8.880301,-723.0413,-368.53632,242.04091,11.015797,-725.01056,-369.1173,243.06052,10.661832,-727.19965,8.357302,18.211386,170.64883,4.9266964e-05,8.58026,14.048657,64.95249,0.0010985245,0.073965624,0.8771173,1.0,-1.0,-3.4189491,1.0042739,-1.646129,-8.106174,-341.8949,76.86717,-182.21977,-468.03616,0.002967193,0.62847716,1.0,-1.0,10,-6.61376551220086,0.9000329938698199,-4.433087323733094,-9.521868167883403,-661.3765512200858,73.71846085542107,-511.92220746239616,-741.2938447860943,0.14765206212648457,0.717433409642337,1.0,-1.0,0.21153697552883743,0.06466442370561144,0.4034582164884852,0.05954569147510155,0.2000159534756249,0.07130788733578039,0.27934391274490283,0.05954569147510155,0.2409090909090909,0.42763524273198794,1.0,0.0,0.18181818181818182,0.38569460791993493,1.0,0.0,0.0,0.0,0.0,0.0,0.0,0.0,0.0,0.0,0.0,0.0,0.0,0.0,0.0,0.0,0.0,0.0,0.0009090909090909091,0.030137426280455955,1.0,0.0,0.09090909090909091,0.2874797872880344,1.0,0.0,0.13528979553619414,0.08451932765377836,0.3404956002461897,0.008264452638765187,0.18006975783320456,0.10884233332781545,0.3404956002461897,0.024048953957988697,0.22718353117201562,0.09380139599426499,0.3944521156014857,0.06973400892431415,0.22740017235233373,0.09322422715404124,0.3944499981924069,0.07544786380631208,0.36247332670820975,0.15557814642031403,0.7241492024345593,0.097208918202073,0.4074699301855383,0.1753561961925966,0.7241492024345593,0.11405245385290223,2.0,0.0,2,2,2.0,0.0,2,2,11.07478604693092,3.0992156472242827,28.036784482559547,5.714721271915741,13.371705188208422,4.304774714713421,20.613067377583636,7.239208251010564,-0.5418181818181819,0.4982481707637485,0.0,-1.0,-0.7272727272727273,0.4453617714151233,0.0,-1.0,3.4189491,1.0042739,8.106174,1.6461289,4.274042,1.3397498,7.1539736,1.6865572,-341.8949,556004,143000,1430,10.259708107914776,2.9167945749359205,3.182642722618766,16.359145405469462,2281.5878394277534,142
9.982044,9.478783,379.26038,-381.064,248.30173,-17.25245,-771.4506,-381.05707,247.53117,-17.387897,-774.3847,-380.26483,247.90007,-17.225851,-769.8462,9.982044,30.555012,276.4038,8.04998e-05,9.478783,24.055084,205.28818,0.00011149421,0.11753111,0.86717826,1.0,-1.0,-3.0716243,0.7811559,-1.1315308,-8.403198,-307.16245,48.285107,-234.7605,-405.3697,0.0037376126,0.7056026,1.0,-1.0,10,-6.12520826767595,1.0145252132209333,-3.482357761221952,-9.371558386048136,-612.5208267675948,77.83345343765104,-468.1494795723128,-729.4105507825631,0.13545454498353782,0.7297633916934122,1.0,-1.0,0.22314801653792085,0.07836209131227594,0.39039564552463235,0.07209317616003906,0.24487536855014805,0.08813037731646611,0.3836424410542061,0.08352433218369044,0.2827272727272727,0.45032495154440544,1.0,0.0,0.09090909090909091,0.28747978728803447,1.0,0.0,0.0,0.0,0.0,0.0,0.0,0.0,0.0,0.0,0.0,0.0,0.0,0.0,0.0,0.0,0.0,0.0,0.0,0.0,0.0,0.0,0.0,0.0,0.0,0.0,0.09561355811090393,0.05318600774175724,0.26403096333587434,0.0060525560237997085,0.13005056297941586,0.06329092285840537,0.26143999479264207,0.05596677254335582,0.20936146682056012,0.06600384599369996,0.3661921513290723,0.08515879602620333,0.21130518925028657,0.06430752004467441,0.3661902802149525,0.08515879602620334,0.30497502493146406,0.08917838014028652,0.48870099461386596,0.12972675729989153,0.34135575222970244,0.09151553918045417,0.4696261280243859,0.15888154574367225,2.0,0.0,2,2,2.0,0.0,2,2,10.372640336835245,2.570810583302482,27.312851076188192,4.0576014073691615,12.442308141743638,2.0253609151107215,16.899740084313116,9.752866276902807,-0.5627272727272727,0.4960496842617666,0.0,-1.0,-0.9090909090909091,0.28747978728803447,0.0,-1.0,3.0716243,0.7811559,8.403198,1.1315308,3.6715913,0.6104227,4.328068,2.539771,-307.16245,560004,144000,1440,10.031327379285358,2.9915721600409597,3.1553514018887654,16.178250941215083,2297.781529183965,143
21.05207,21.981613,389.36987,-391.45306,257.0809,-16.37609,-769.1652,-391.29663,257.2884,-14.233192,-768.0836,-390.36276,257.71338,-13.6304,-769.36664,21.05207,112.99131,1270.1301,0.00016194675,21.981611,130.44073,1470.2618,0.0010533559,0.067987226,0.8677999,1.0,-1.0,-3.0169473,0.85462254,-1.0368003,-7.527189,-301.6947,61.90082,-200.7968,-395.28644,-0.0095058475,0.6809181,1.0,-1.0,10,-6.185025689609256,0.8398876998568942,-4.15828380777512,-8.821831347191042,-618.5025689609256,64.48817631589239,-526.531557980718,-721.467448061132,0.1616803048311206,0.7145916774214848,1.0,-1.0,0.2113124971701969,0.07856490806675488,0.4001035168063812,0.041822759844522696,0.2129292296550421,0.0913171291586443,0.4001035168063812,0.05340795909531472,0.2545454545454545,0.4356054018440341,1.0,0.0,0.09090909090909091,0.2874797872880344,1.0,0.0,0.0,0.0,0.0,0.0,0.0,0.0,0.0,0.0,0.0,0.0,0.0,0.0,0.0,0.0,0.0,0.0,0.04727272727272727,0.21222162125694363,1.0,0.0,0.09090909090909091,0.2874797872880344,1.0,0.0,0.10384817395079014,0.06698312947709385,0.3409555597049788,0.01888997340579799,0.12323485643132508,0.08166623782450848,0.3409555597049788,0.034316469165249976,0.18195643332079106,0.05384410393142117,0.2635006316746226,0.10541388961782208,0.18195641394218862,0.05384410049004746,0.2634986032055963,0.10541388961782208,0.28580460727158113,0.10020845358128587,0.5493162489034678,0.1335365292658318,0.3051912703735136,0.11259410339707289,0.5493162489034678,0.18753136208063614,2.0,0.0,2,2,2.0,0.0,2,2,10.753111180359433,2.769361247610705,27.50390947709823,5.768827391531099,12.388897188479223,3.1816582715731476,16.132339088774508,6.368794067172371,-0.6045454545454545,0.4889481035180362,0.0,-1.0,-0.8181818181818182,0.385694607919935,0.0,-1.0,3.0169473,0.85462254,7.527189,1.0368003,3.5946152,0.7489447,4.721098,2.3786252,-301.6947,564004,145000,1450,10.041108300327323,3.007354487082921,3.1451913970522583,16.193654184462503,2313.969464483438,144
7.587956,7.4550333,384.9824,-385.96582,261.5663,0.4208126,-753.01746,-385.26285,262.0243,-0.013516426,-752.0877,-386.10608,261.94086,0.32823133,-751.78186,7.587956,11.196076,82.98808,0.0001026541,7.4550333,10.889286,56.79514,0.00027396774,0.0679491,0.8753246,1.0,-1.0,-2.951805,0.9718613,-0.937501,-7.607412,-295.1805,69.96639,-151.7183,-387.94897,0.050974168,0.6730508,1.0,-1.0,10,-6.191860415800388,0.8753625876700089,-4.32513369341363,-8.459292737578272,-619.1860415800387,49.85238223119716,-559.9230716098393,-711.5058271633217,0.1500178804588041,0.6709099696113681,1.0,-1.0,0.2599687773425561,0.09291161686584302,0.4048625198793284,0.03727756140009352,0.2813748954502127,0.10615564020734138,0.4048625198793284,0.039599866821859835,0.1890909090909091,0.3915808182100889,1.0,0.0,0.09090909090909091,0.2874797872880344,1.0,0.0,0.09818181818181818,0.29756032793423687,1.0,0.0,0.09090909090909091,0.2874797872880344,1.0,0.0,0.0,0.0,0.0,0.0,0.0,0.0,0.0,0.0,0.07818181818181819,0.26845748543783116,1.0,0.0,0.09090909090909091,0.28747978728803447,1.0,0.0,0.11202623117180123,0.066382780967854,0.32490713773195523,0.006145048689935112,0.14893049051735194,0.08464027084570136,0.32490713773195523,0.019972005620825496,0.18046089772731067,0.0939608822519058,0.4340011629540235,0.051020404514767324,0.18089133927715076,0.09346797692547472,0.4339993853343245,0.051020404514767324,0.2924871288991119,0.1141903341329567,0.5976066225960055,0.07430674592789048,0.32982182979450275,0.11688474814400744,0.5479900579983176,0.19611346985895106,2.0,0.0,2,2,2.0,0.0,2,2,11.338390121981899,2.916997455366734,26.17700873354446,5.638147925855897,13.253322449123973,2.776970961007551,18.666488712284067,7.68685972161935,-0.6918181818181818,0.4617421197204853,0.0,-1.0,-0.9090909090909091,0.28747978728803447,0.0,-1.0,2.951805,0.9718613,7.607412,0.937501,3.6841636,0.8033088,5.3047247,2.2523732,-295.1805,568004,146000,1460,9.936206578509882,3.0011756400344893,3.1271915048127994,16.06457372335717,2329.994197709835,145
8.297251,9.113495,377.2178,-379.3661,250.5637,-5.2418737,-760.565,-378.91034,250.4132,-5.6852064,-757.5071,-378.8475,250.93106,-4.7420454,-757.3226,8.29725,15.635791,104.354256,3.3527613e-08,9.113495,23.140762,198.61487,5.1870942e-05,0.15040773,0.8523904,1.0,-1.0,-2.607045,0.92893684,-0.67577964,-7.346983,-260.70447,80.33281,-93.38397,-386.33115,0.0045425277,0.6575261,1.0,-1.0,10,-6.297351564338811,1.1181922251234666,-4.158972604368951,-9.511369514857364,-629.7351564338812,82.71657881600309,-527.7166532420077,-749.4401909048963,0.20237151996935818,0.7170259131570285,1.0,-1.0,0.21894665766088559,0.08673179340211523,0.3848901132169414,0.08415565414890247,0.2101063687669167,0.08704370241056121,0.361200050089431,0.09907324350081734,0.5409090909090909,0.49832363608501623,1.0,0.0,0.45454545454545453,0.49792959773196915,1.0,0.0,0.09090909090909091,0.28747978728803447,1.0,0.0,0.09090909090909091,0.2874797872880344,1.0,0.0,0.0009090909090909091,0.03013742628045596,1.0,0.0,0.0,0.0,0.0,0.0,0.0,0.0,0.0,0.0,0.0,0.0,0.0,0.0,0.06792128734318648,0.036207221157591285,0.2261863637968971,0.008771840159732923,0.07233149640723095,0.04289190194288564,0.16808296215280474,0.016982409886938155,0.19001695354802856,0.08430721447980756,0.3160018510234939,0.04559883048042792,0.19001693288752988,0.08430721421062916,0.31600011018808133,0.04559883048042792,0.25793824089121503,0.10016490868580191,0.4670171847437579,0.05831327490753812,0.2623484292947609,0.10205975917738544,0.45060872719044365,0.09602926447508257,2.0,0.0,2,2,2.0,0.0,2,2,9.960595039502246,3.03107642649094,26.37866858076446,4.70456027180212,11.139278799270118,3.4411236094741326,16.724806551092676,5.925924900679138,-0.40545454545454546,0.4909797928884583,0.0,-1.0,-0.5454545454545454,0.49792959773196915,0.0,-1.0,2.607045,0.92893684,7.3469825,0.67577964,2.8488824,0.93938255,4.0290947,0.8013374,-260.70447,572004,147000,1470,9.992914116824977,2.962216401938349,3.1191444573923945,16.07427497615572,2346.0622465891065,146
18.842207,15.470681,380.1633,-383.72537,251.88509,13.530472,-758.41846,-383.4455,250.8473,12.040554,-757.8942,-381.29657,250.7152,14.298484,-753.22125,18.842207,34.170143,192.56644,0.00052666664,15.470681,29.447767,203.04684,0.0002858378,0.06344476,0.87983793,1.0,-1.0,-3.3378477,1.218482,-0.6828727,-7.7633476,-333.7848,99.97408,-181.58217,-552.69507,0.07243468,0.69000846,1.0,-1.0,10,-6.242788379228596,0.8656726390295196,-4.210621759723419,-8.397381198612969,-624.2788379228596,60.56640739487713,-490.67888151482293,-731.7229181286611,0.2031077421177585,0.6903842704332861,1.0,-1.0,0.20836363109315637,0.07820347065264568,0.37871504234540204,0.04544747130227647,0.24181390761051957,0.08990324892516166,0.37871504234540204,0.04633140108676131,0.22090909090909092,0.41485933093376354,1.0,0.0,0.09090909090909091,0.2874797872880344,1.0,0.0,0.0,0.0,0.0,0.0,0.0,0.0,0.0,0.0,0.0,0.0,0.0,0.0,0.0,0.0,0.0,0.0,0.04727272727272727,0.21222162125694363,1.0,0.0,0.09090909090909091,0.2874797872880344,1.0,0.0,0.12278693008328449,0.0870882686082054,0.3952256674445709,0.005886773167696333,0.17081554083579942,0.10288696342061018,0.3952256674445709,0.018693758266724318,0.20243157485008478,0.09099589362340989,0.4008191215168819,0.07903966373227897,0.20249166893648354,0.09112654288053332,0.40081912151283977,0.07903966373227897,0.3252185049333693,0.1317125323333767,0.6373511410735767,0.0974553662714459,0.37330720977228304,0.13057768698229089,0.6030283208553447,0.21744923551638262,2.0,0.0,2,2,2.0,0.0,2,2,11.700671203890304,3.8182991085805487,27.129641627287803,3.9085214330213858,13.796331411306152,3.1221414363762525,21.09152753218475,10.617826479030102,-0.6036363636363636,0.48914159926572537,0.0,-1.0,-1.0,0.0,-1.0,-1.0,3.337848,1.218482,7.7633476,0.6828727,3.970494,0.92562234,5.856026,2.4732575,-333.7848,576004,148000,1480,10.05674548028037,2.95705354900565,3.2015727042453364,16.215371733531356,2362.275568505749,147
10.62129,9.536894,372.7292,-374.04285,244.86443,-19.98413,-806.71857,-374.01178,244.30202,-20.859335,-801.88025,-374.66473,244.8286,-20.451456,-804.09674,10.62129,19.216818,133.67307,0.00015351549,9.536893,14.769509,72.05506,7.301569e-07,0.039706968,0.8850042,1.0,-1.0,-3.0173585,1.294087,-1.2278968,-6.068168,-301.73587,114.789185,-132.1243,-545.8056,-0.083772,0.66024476,1.0,-1.0,10,-6.403504121487727,0.9626336772945437,-3.8584331922358217,-8.501723630118564,-640.3504121487726,73.18010315464971,-502.72233876411457,-745.4864071898719,0.08902499736879362,0.7242190903459927,1.0,-1.0,0.2509111397032698,0.05626800757909575,0.37980631648334523,0.14466088125263468,0.2576837767538383,0.05186065396666123,0.3330790275802604,0.19207047217225268,0.10818181818181818,0.3106099038934435,1.0,0.0,0.0,0.0,0.0,0.0,0.0,0.0,0.0,0.0,0.0,0.0,0.0,0.0,0.0,0.0,0.0,0.0,0.0,0.0,0.0,0.0,0.0,0.0,0.0,0.0,0.0,0.0,0.0,0.0,0.1375374291424014,0.06961014232018436,0.3314227413829994,0.01323633285362805,0.17962095333577735,0.07203907637162323,0.32696986571248965,0.07868430032830563,0.23103311534317772,0.0690691442704492,0.3694323492399227,0.12134745546997124,0.23103309055298543,0.069069141877393,0.36943069819929975,0.12134745546997124,0.3685705444855792,0.10706078086754507,0.7008534395822992,0.1345837883235993,0.41065404388876275,0.09970100272338647,0.6964005639117894,0.3103610212851989,2.0,0.0,2,2,2.0,0.0,2,2,10.863617932707779,3.218228655895467,18.39684333452685,5.119165877844791,12.400685899959058,3.615258327163339,18.288583741532577,7.667771847527062,-0.5581818181818182,0.49660333872524237,0.0,-1.0,-0.6363636363636364,0.48104569292083466,0.0,-1.0,3.0173585,1.294087,6.068168,1.2278968,3.438873,1.460918,5.654388,1.3846831,-301.73587,580004,149000,1490,9.888229129021056,2.9539011360611767,3.1766961839748546,16.018826449057087,2378.251345784869,148
9.237116,8.110657,384.4264,-385.74063,262.6787,-12.169285,-772.78937,-385.6176,262.37714,-13.874277,-773.8163,-385.61835,262.3771,-13.4986105,-767.67267,9.237116,13.741121,81.820274,0.000783566,8.110657,11.708626,50.540447,0.00017260225,0.031305254,0.87527627,1.0,-1.0,-3.970147,1.1064178,-1.5795557,-7.38037,-397.01468,101.23539,-223.82567,-541.6102,0.05683268,0.64233494,1.0,-1.0,10,-5.518451243555818,1.0914933150232042,-3.6571220597906455,-8.69812226985184,-551.845124355582,95.3928439494284,-415.638133776197,-723.767192561883,0.27749047770074237,0.6672988899446101,1.0,-1.0,0.2570952330634365,0.07602592512830779,0.4158832776030652,0.07347498395259258,0.2657604515182838,0.08562872916258758,0.3980362417814013,0.08505331663712551,0.22454545454545455,0.4172826301062983,1.0,0.0,0.09090909090909091,0.2874797872880344,1.0,0.0,0.0,0.0,0.0,0.0,0.0,0.0,0.0,0.0,0.0,0.0,0.0,0.0,0.0,0.0,0.0,0.0,0.0,0.0,0.0,0.0,0.0,0.0,0.0,0.0,0.10567215865853176,0.06614265984713943,0.33596850926778554,0.011815445850428707,0.14523474174948164,0.08053278178262778,0.33596850926778554,0.03251690427883446,0.22938379669903186,0.055886009635259366,0.30430832864194224,0.11860448081124379,0.22938377712239352,0.05588600689958329,0.3043070693846624,0.11860448081124379,0.3350559553575636,0.08723185330812187,0.6341847143430082,0.18519783924825614,0.3746185188718752,0.09530637572926706,0.6341847143430082,0.2779156158147024,2.0,0.0,2,2,2.0,0.0,2,2,12.165756664628265,2.6666767499826607,26.81576398316425,6.945472249968789,14.439854967165168,2.8528252688703657,18.616704433591483,9.430631416805891,-0.6981818181818182,0.4590468025617309,0.0,-1.0,-0.8181818181818182,0.38569460791993504,0.0,-1.0,3.970147,1.1064178,7.38037,1.5795557,4.364037,0.91151977,5.6014957,2.3123815,-397.01468,584004,150000,1500,10.033374013495632,2.913247840013355,3.1242293022805825,16.07085115578957,2394.350556617719,149
11.115543,13.840727,370.5791,-370.79477,248.93243,-2.1730936,-790.41974,-370.59314,249.0577,-2.1270623,-790.6264,-371.93582,249.20528,-2.937117,-786.3656,11.115543,21.074635,126.2825,0.0012359619,13.840727,28.433107,184.54039,0.00043445174,0.06898339,0.8546622,1.0,-1.0,-2.9606564,1.0925357,-0.99051136,-7.242776,-296.06564,89.440125,-204.03609,-538.6942,0.0013344011,0.6765111,1.0,-1.0,10,-6.425785631136378,1.0664848349668894,-4.32596884781025,-9.976486266835291,-642.5785631136379,95.28950484841049,-490.4508776365563,-838.7639774153603,0.15637654107943394,0.7072931444458336,1.0,-1.0,0.22568751783651853,0.08829043288716848,0.4055113312690772,0.06966689164610687,0.24541025626864854,0.09404327018039753,0.36803737516151863,0.07143010911457867,0.13272727272727272,0.3392797426927415,1.0,0.0,0.09090909090909091,0.2874797872880344,1.0,0.0,0.0,0.0,0.0,0.0,0.0,0.0,0.0,0.0,0.0,0.0,0.0,0.0,0.0,0.0,0.0,0.0,0.0,0.0,0.0,0.0,0.0,0.0,0.0,0.0,0.11104056265268135,0.05327362004384483,0.3028036840668949,0.007186361656887303,0.14519135202015132,0.06273135975637632,0.2939078805652706,0.03867910111456548,0.1842302502313464,0.06438798061965366,0.2816648535102682,0.10212805031246053,0.1845130060941676,0.06403972562750353,0.2816620336356053,0.10337017497910428,0.29527081288402773,0.08649792540702216,0.4881217209813714,0.11969738908698087,0.32970435811431886,0.07522508978006846,0.4792259174797471,0.21835419815408097,2.0,0.0,2,2,2.0,0.0,2,2,11.419350371613165,3.246625981852534,25.99248168587786,5.861518659836846,12.999608369047458,3.0025618155223577,17.466590946946646,7.322056969336339,-0.6136363636363636,0.4869155746733761,0.0,-1.0,-0.8181818181818182,0.385694607919935,0.0,-1.0,2.9606564,1.0925357,7.242776,0.99051136,3.3974516,0.98598456,5.9596567,2.222045,-296.06564,588004,151000,1510,10.231828783056699,2.941457223962061,3.159645113744773,16.332931120763533,2410.6798157447483,150
15.317786,14.590802,368.61884,-369.7316,249.26381,-0.7078028,-697.78625,-369.7522,249.8247,-0.22669792,-697.8496,-370.40833,249.74742,-1.0095528,-698.61707,15.317787,69.82109,748.32666,0.0067943716,14.590802,73.10159,814.8435,1.2263248e-05,0.15276183,0.85923094,1.0,-1.0,-3.013917,1.0931112,-1.2028804,-7.3422465,-301.39172,80.9152,-207.11064,-528.1131,-0.071708106,0.69552004,1.0,-1.0,10,-5.990992118598182,1.0039651896380763,-3.577650492534251,-9.172153672287294,-599.0992118598181,82.00078695796334,-468.92272746837125,-795.5913570702374,0.087375453625386,0.706681431697791,1.0,-1.0,0.20251858503712597,0.084358902107796,0.39786453569312846,0.07311139284944097,0.18995878061492216,0.08591337132502741,0.3943422548979736,0.0801035070635362,0.24,0.4270831300812524,1.0,0.0,0.18181818181818182,0.38569460791993493,1.0,0.0,0.09090909090909091,0.28747978728803447,1.0,0.0,0.09090909090909091,0.2874797872880344,1.0,0.0,0.0,0.0,0.0,0.0,0.0,0.0,0.0,0.0,0.0,0.0,0.0,0.0,0.0,0.0,0.0,0.0,0.10026866484471707,0.06612670085972214,0.35573638709157546,0.004121094631807275,0.12709875665484127,0.08809534982636996,0.35573638709157546,0.05624588340308447,0.20087210113310816,0.09261931108449276,0.38519622133666664,0.043544891594366336,0.20094214230336546,0.09250122308256396,0.38519502637332514,0.04591709721117032,0.30114076597782524,0.1299412346494886,0.7409314134649005,0.0791673324943505,0.3280408989582067,0.15504580894250988,0.7409314134649005,0.1192094977587225,2.0,0.0,2,2,2.0,0.0,2,2,11.465672768640326,3.2853569437117165,26.00124475771119,5.49038234978127,14.308275477417034,3.367343107423175,21.940337470159804,10.122302470529261,-0.6727272727272727,0.46921774183868875,0.0,-1.0,-1.0,0.0,-1.0,-1.0,3.013917,1.0931112,7.3422465,1.2028804,3.8009062,1.1979945,6.9745874,2.301905,-301.39172,592004,152000,1520,10.1079269296024,2.936647439026274,3.1373672616900876,16.18194163031876,2438.287036542897,151
15.209901,16.934498,371.5846,-373.91937,248.99178,-0.97230196,-741.47186,-374.1507,248.95926,-0.086693764,-740.1503,-373.83704,249.97923,0.6564871,-742.41925,15.209902,33.19877,220.10323,0.0030174851,16.934498,42.859676,385.29218,7.0897513e-06,-0.0057149976,0.8810182,1.0,-1.0,-3.8342237,1.094296,-1.6311079,-7.661091,-383.42236,90.17518,-285.69507,-571.93024,0.061754387,0.69848907,1.0,-1.0,10,-5.893806773071027,0.9736151561848974,-3.8833407687096266,-8.817928578298327,-589.3806773071028,74.63560244057625,-486.0619963861059,-709.3690940603611,0.16251638842044974,0.7178072833432354,1.0,-1.0,0.2439399762673974,0.10345042057879139,0.472370595755594,0.0772646941754461,0.22740685889896506,0.10220926149296818,0.4363816757064165,0.08920450258435192,0.08545454545454545,0.2795569103343762,1.0,0.0,0.09090909090909091,0.28747978728803447,1.0,0.0,0.09090909090909091,0.28747978728803447,1.0,0.0,0.09090909090909091,0.28747978728803447,1.0,0.0,0.0,0.0,0.0,0.0,0.0,0.0,0.0,0.0,0.0,0.0,0.0,0.0,0.0,0.0,0.0,0.0,0.13309487049765711,0.0634320467890852,0.34218774522531503,0.020535682499888692,0.15923409401527036,0.07702641734874102,0.31815930856387,0.052633508197430325,0.22442484531680532,0.11349596815101852,0.4130648510391545,0.028526247292714208,0.22640769187978832,0.11136638207975741,0.4130626156703602,0.028526247292714208,0.3575197158144624,0.15489971741889977,0.6866844500936811,0.07282318178929433,0.3856417858950586,0.16247649033281897,0.6866844500936811,0.08115975549014454,2.0,0.0,2,2,2.0,0.0,2,2,12.784830833559578,3.4234895171563675,27.25768782489447,6.866038425477294,14.702804156965747,2.6332759998151083,18.93132208236488,10.884721876056735,-0.7781818181818182,0.4154694646217191,0.0,-1.0,-1.0,0.0,-1.0,-1.0,3.8342237,1.094296,7.661091,1.6311079,4.2913,0.9142476,5.759159,2.6718168,-383.42236,596004,153000,1530,10.008281599963084,2.8969697488937527,3.123511875513941,16.028763224370778,2454.375918076141,152
14.037385,12.993019,366.55902,-368.53278,252.81998,9.606669,-780.6293,-367.76276,252.80809,11.185085,-780.4008,-368.2129,252.74493,10.631824,-790.28796,14.037385,43.863632,417.81366,1.8859282e-06,12.993019,37.159706,335.5936,0.010707589,0.047413904,0.8862732,1.0,-1.0,-3.5790257,1.2778809,-1.6093808,-6.8943954,-357.90265,116.20316,-233.57166,-592.6184,0.051036283,0.59052205,1.0,-1.0,10,-6.080998103457992,0.7616123112195605,-4.300130058592857,-8.977398244669411,-608.0998103457991,46.324684004309766,-513.5047117844011,-685.9520445162157,0.2020240218111444,0.7035119475851,1.0,-1.0,0.205878221871478,0.07480990099246547,0.4016359132587754,0.06987298078177888,0.17901031339189172,0.0713622227149592,0.2949638817819966,0.07159962881830433,0.2609090909090909,0.43913043300377463,1.0,0.0,0.09090909090909091,0.2874797872880344,1.0,0.0,0.0,0.0,0.0,0.0,0.0,0.0,0.0,0.0,0.0,0.0,0.0,0.0,0.0,0.0,0.0,0.0,0.0,0.0,0.0,0.0,0.0,0.0,0.0,0.0,0.10555870049476004,0.0591851406437849,0.27494632987796797,0.00934626235918922,0.12680872522608747,0.05472400397292539,0.2555272143311859,0.054885860943935466,0.19709902446314412,0.06827351606886184,0.2902920923559081,0.1165409705321655,0.19709900598700159,0.06827351042892348,0.29028896557246475,0.1165409705321655,0.30265772495790416,0.10442646216561917,0.5082684725956945,0.1529255226529118,0.323907731213089,0.09053199214893688,0.5082684725956945,0.18295099998041894,2.0,0.0,2,2,2.0,0.0,2,2,11.18739786356587,2.8902305148709324,25.792314273564383,5.322970035248679,12.886979297983913,3.208853062259553,17.347897793748977,7.133028268008125,-0.5845454545454546,0.4928002294192876,0.0,-1.0,-0.7272727272727273,0.4453617714151233,0.0,-1.0,3.5790257,1.2778809,6.8943954,1.6093808,4.066824,1.1739507,5.9107566,2.361602,-357.90265,600004,154000,1540,10.11176396382507,2.958480420988053,3.1847650195704773,16.2550094043836,2470.5981507764664,153
10.367277,10.089884,371.47095,-372.40283,252.9224,-7.9300795,-831.6774,-372.59848,253.6395,-8.185755,-834.9665,-372.68988,253.93169,-7.2839346,-837.3576,10.367277,17.349535,121.46471,0.006293319,10.089884,19.020988,147.85678,0.0015592894,0.062772326,0.88072693,1.0,-1.0,-3.2464,1.0693549,-0.7888395,-5.516622,-324.64,88.25646,-166.27739,-480.73785,-0.10484279,0.71376425,1.0,-1.0,10,-6.162719304294353,0.8949751652178973,-3.7230061424286776,-9.204259051463332,-616.2719304294353,69.15131941175896,-471.5618583668893,-725.6397437053269,0.1884730621770825,0.7096097231572027,1.0,-1.0,0.2694864057508629,0.05593933221205295,0.3746652317189543,0.12116989666056445,0.2920466097483508,0.04970569175402387,0.37156845425182533,0.21540830413926493,0.27090909090909093,0.44442924675576967,1.0,0.0,0.09090909090909091,0.2874797872880344,1.0,0.0,0.09090909090909091,0.28747978728803447,1.0,0.0,0.09090909090909091,0.2874797872880344,1.0,0.0,0.0,0.0,0.0,0.0,0.0,0.0,0.0,0.0,0.0,0.0,0.0,0.0,0.0,0.0,0.0,0.0,0.10757691625574975,0.056122187395205074,0.24927377570059636,0.016328376005572427,0.13654130380154442,0.05913508780499402,0.24588790195601146,0.05206440009635776,0.23097051375293257,0.09826632249416947,0.3527175924793546,0.04200806732432661,0.23097049227218572,0.09826631571843995,0.3527154052058949,0.04200806732432661,0.3385474300086823,0.1091397705173917,0.5420055883444548,0.07893398276078503,0.36751179607373013,0.08294934430952064,0.5341560328030546,0.22179478179756676,2.0,0.0,2,2,2.0,0.0,2,2,11.232419828729839,2.481026702032909,18.853831410670253,4.577498750375426,12.887050235357242,2.6810416492045626,18.832245939354614,8.674156997399372,-0.6445454545454545,0.47865082426571454,0.0,-1.0,-0.8181818181818182,0.385694607919935,0.0,-1.0,3.2464,1.0693549,5.516622,0.7888395,3.6994817,1.1513233,5.195372,1.7158837,-324.64,604004,155000,1550,9.942759382654913,2.9252425839658827,3.14126208354719,16.009264050167985,2486.5889539488126,154
6.275687,8.062386,377.2465,-378.97052,256.60208,-7.73055,-799.50195,-378.70633,256.0334,-8.758094,-799.25085,-379.1991,256.6728,-6.4849024,-797.0315,6.275687,9.705471,63.615814,0.002039969,8.062386,13.631294,87.2589,0.0010722587,0.006213844,0.87023276,1.0,-1.0,-2.8835466,1.3370924,-0.95774436,-7.7411413,-288.35468,111.21315,-160.78868,-520.25946,0.0138254855,0.66577005,1.0,-1.0,10,-5.88287085586714,0.8856918920883066,-4.178566157966838,-9.579830956100718,-588.287085586714,50.26067181504587,-520.1660579905697,-682.100163165368,0.20426448370179298,0.7157950831421744,1.0,-1.0,0.21216281079616903,0.07193074630316561,0.33309013637714935,0.08936318950416507,0.21432522990000552,0.08875814719979773,0.3309437820587458,0.08941845085944686,0.30727272727272725,0.461363412449565,1.0,0.0,0.36363636363636365,0.48104569292083466,1.0,0.0,0.09090909090909091,0.28747978728803447,1.0,0.0,0.09090909090909091,0.2874797872880344,1.0,0.0,0.0,0.0,0.0,0.0,0.0,0.0,0.0,0.0,0.0,0.0,0.0,0.0,0.0,0.0,0.0,0.0,0.10907035512597005,0.07674739327503956,0.37532344613100904,0.025187448050230064,0.14160681430145663,0.10289561065652775,0.3711899291111347,0.040084744207909875,0.20674524490106236,0.07299392013786049,0.3275760375517678,0.054123442861176804,0.2067452242183405,0.07299392168509349,0.3275748032866013,0.054123442861176804,0.3158156000270324,0.12304228905407015,0.7028982494176104,0.10231469403001905,0.3483520385197971,0.14498087136491852,0.698764732397736,0.15021564517501784,2.0,0.0,2,2,2.0,0.0,2,2,10.996156510812643,3.5770505717169754,26.93132108462787,4.057442220197623,13.265560763900243,4.310517790458218,21.11087116154941,7.349149349096457,-0.5072727272727273,0.49994710464009745,0.0,-1.0,-0.7272727272727273,0.4453617714151233,0.0,-1.0,2.8835466,1.3370924,7.7411413,0.95774436,3.6596777,1.496102,6.884599,1.4071399,-288.35468,608004,156000,1560,9.934846317628399,2.9063704449217767,3.1386818883474916,15.979898650897667,2502.6278103939258,155
18.170193,14.327171,368.40298,-370.8712,250.94969,20.089842,-774.5567,-371.22028,250.53716,21.224298,-775.67096,-370.25177,250.17905,19.526608,-774.5745,18.170193,55.60823,473.5538,9.0658665e-05,14.327171,42.697056,344.88824,7.882714e-06,0.06781036,0.8688688,1.0,-1.0,-3.233943,0.94992703,-1.2359941,-6.2279253,-323.3943,74.28815,-170.4735,-432.99136,-0.023497786,0.583158,1.0,-1.0,10,-5.972073540067826,0.960689854112617,-4.082162738902986,-8.45889654456395,-597.2073540067825,80.15638775752673,-476.62917535028316,-726.9165157910998,0.12082587762358214,0.7161193334731129,1.0,-1.0,0.2341124331664691,0.07658420564443284,0.37261954572416717,0.11714311879599722,0.2521967292668062,0.0753751749329374,0.3665873117004401,0.13490176603767118,0.2,0.4,1.0,0.0,0.18181818181818182,0.385694607919935,1.0,0.0,0.0,0.0,0.0,0.0,0.0,0.0,0.0,0.0,0.0,0.0,0.0,0.0,0.0,0.0,0.0,0.0,0.0,0.0,0.0,0.0,0.0,0.0,0.0,0.0,0.10080627967061172,0.06302144606431495,0.2805326065379626,0.011833473347980397,0.1158292868834735,0.06599258510402777,0.2768916875017032,0.016147409296043323,0.19250448901112757,0.06049384786828849,0.28786170482779416,0.09035213181427315,0.19250447554956865,0.06049385293446005,0.28786170455600374,0.09035213181427315,0.2933107686817393,0.09719850819406371,0.5141171766833376,0.10649954111031648,0.3083337624330422,0.10123963752627768,0.5104762576470782,0.10649954111031648,2.0,0.0,2,2,2.0,0.0,2,2,10.945400200858144,2.7419829220166307,23.87160452292721,5.585172879491743,12.433128063406308,3.1346451387709586,16.345780630058563,7.484454220506282,-0.58,0.4935585071701227,0.0,-1.0,-0.7272727272727273,0.4453617714151233,0.0,-1.0,3.2339427,0.94992703,6.2279253,1.2359941,3.6724975,1.1452284,5.2709002,1.440113,-323.3943,612004,157000,1570,10.09833128307946,2.965689030010253,3.145151785807684,16.209172098897398,2518.7785256589996,156
7.403887,8.112026,376.85266,-378.18976,252.02206,10.487299,-800.9329,-377.42587,251.53787,12.3012295,-797.84424,-378.04236,251.78043,11.894322,-798.2542,7.4038863,13.163391,100.62353,9.403104e-05,8.112027,16.413012,133.48401,1.4061356e-05,0.016473547,0.8729634,1.0,-1.0,-3.44815,1.0938274,-1.4252785,-7.010213,-344.81497,101.54441,-182.84462,-563.1222,-0.020361608,0.6960104,1.0,-1.0,10,-5.916133617225465,1.0415588836151033,-3.3753783978715415,-8.435144695343494,-591.6133617225463,81.05453268587745,-429.0683865384448,-715.1577091521206,0.1513125411830867,0.6924822233554937,1.0,-1.0,0.27082515778589916,0.09324366263509205,0.4886883482487113,0.13260837152180274,0.2902601497196377,0.09043280617554945,0.48599724116766735,0.15481676223764781,0.23454545454545456,0.4237143900052495,1.0,0.0,0.18181818181818182,0.385694607919935,1.0,0.0,0.0,0.0,0.0,0.0,0.0,0.0,0.0,0.0,0.0,0.0,0.0,0.0,0.0,0.0,0.0,0.0,0.0,0.0,0.0,0.0,0.0,0.0,0.0,0.0,0.08761351562325306,0.03814403784936026,0.2111254406803214,0.008193231280748338,0.09351443187189465,0.03411433255927261,0.15188335056500105,0.024293318954114126,0.24868860264999526,0.11137708898010702,0.45668839533007416,0.11202413410966626,0.24868858168923208,0.11137709033095547,0.45668660946651074,0.11202413410966626,0.3363021182732483,0.11086941375699626,0.644802034424922,0.15363509416006682,0.3422030135611267,0.09293263279423247,0.5204672863891828,0.2070514014459473,2.0,0.0,2,2,2.0,0.0,2,2,11.239056757111314,2.7623576622839185,24.59071320034564,5.721219196683635,12.44485474551273,2.54282880386412,16.401901128543813,7.372037946407741,-0.6272727272727273,0.4835304053444437,0.0,-1.0,-0.8181818181818182,0.38569460791993504,0.0,-1.0,3.44815,1.0938274,7.010213,1.4252784,3.6442337,0.9640487,5.2770486,1.8987256,-344.81497,616004,158000,1580,10.142486050026491,2.9074469190090895,3.1501160783227533,16.200049047358334,2534.9882833714364,157
10.538004,10.166136,371.40564,-373.38745,247.1514,-6.8588724,-837.7043,-372.7068,247.3672,-5.8363876,-833.5969,-373.23846,247.40126,-4.4222093,-826.6798,10.538004,23.15528,148.77626,3.7813792e-05,10.166137,20.174004,139.854,7.9340316e-07,-0.008850757,0.8762381,1.0,-1.0,-2.9140105,1.2075477,-1.0834813,-8.199359,-291.40106,100.355995,-182.32663,-559.6587,0.16236797,0.6362441,1.0,-1.0,10,-5.989975521041798,1.119478211743118,-3.8115960231058486,-9.013175654246309,-598.9975521041797,87.77211946616175,-468.04255979084286,-758.2038174487499,0.1750513505633472,0.6783925297056665,1.0,-1.0,0.2080592875354425,0.10458521850350273,0.4794756262439376,0.059705961049682336,0.22019222043270148,0.11959983079703405,0.47945475367477075,0.059729483950331466,0.17727272727272728,0.3818993420235449,1.0,0.0,0.09090909090909091,0.2874797872880344,1.0,0.0,0.0,0.0,0.0,0.0,0.0,0.0,0.0,0.0,0.0,0.0,0.0,0.0,0.0,0.0,0.0,0.0,0.0018181818181818182,0.04260136186858175,1.0,0.0,0.09090909090909091,0.2874797872880344,1.0,0.0,0.09753424131483515,0.052627676661344686,0.36406277897419964,0.020472535136622925,0.1285881557190428,0.0835741887830282,0.3552111077016154,0.05717346135677658,0.19114980961876457,0.09526186449593632,0.39985964087707526,0.08151919184603117,0.19127792765734153,0.09511536712257658,0.39985754888081737,0.08322171230478954,0.2886840509335997,0.0967820939828866,0.5365303512005006,0.15013199034957744,0.3198660833763843,0.11114220727085362,0.4938571920995363,0.15172950791189077,2.0,0.0,2,2,2.0,0.0,2,2,11.102683259639797,4.297316382180346,27.472066691261503,3.8362483275064507,13.038499583295568,3.8107791029886675,21.63931198409377,8.472522473423615,-0.48363636363636364,0.4997321596665144,0.0,-1.0,-0.7272727272727273,0.4453617714151233,0.0,-1.0,2.9140105,1.2075477,8.199359,1.0834812,3.7206101,1.5761684,7.9858446,1.426358,-291.40106,620004,159000,1590,9.91667310288176,2.917386343004182,3.1360839911503717,15.970143437036313,2551.0138685144484,158
16.711773,12.7697,362.97742,-365.4042,243.67279,-17.606133,-784.2059,-364.31537,243.33192,-17.9921,-782.962,-363.51144,243.48997,-18.900454,-780.14026,16.711773,52.948933,541.6422,0.005672708,12.769699,47.170536,391.34192,0.0026599504,0.04071454,0.86306405,1.0,-1.0,-3.2208483,1.1854609,-1.0407603,-6.5470123,-322.08484,103.868,-182.90085,-534.2585,0.04431592,0.6154924,1.0,-1.0,10,-5.830589263344835,1.1916875555106226,-3.703346018066203,-9.013434375146874,-583.0589263344834,92.30836418879856,-447.67341658413335,-702.0207595756648,0.22574355767010082,0.6764177844277457,1.0,-1.0,0.2485990103303831,0.07800221613080031,0.4111512781498878,0.0804778595291013,0.24995358191223946,0.094345926282368,0.4099635649999265,0.08486746286727762,0.2672727272727273,0.44253589292725803,1.0,0.0,0.18181818181818182,0.38569460791993493,1.0,0.0,0.0,0.0,0.0,0.0,0.0,0.0,0.0,0.0,0.0,0.0,0.0,0.0,0.0,0.0,0.0,0.0,0.0,0.0,0.0,0.0,0.0,0.0,0.0,0.0,0.11186744931568812,0.07980015417471274,0.30698886390001023,0.007740011292476058,0.14234345581436766,0.08548371695469013,0.29471989636886486,0.01793910565420912,0.21518040314664882,0.047309872780080364,0.31992108060078,0.13656720377441214,0.21528086418335476,0.047269350581455094,0.31991879266936074,0.13656720377441214,0.3270478524623369,0.0856907204639391,0.5355883160545052,0.1773307405522815,0.35762431999772243,0.08749367495975072,0.514564889809098,0.2266030616900646,2.0,0.0,2,2,2.0,0.0,2,2,11.138109176259436,3.054170870341535,24.928491348093345,4.852901168383312,12.50395975906167,3.469022098093845,17.537773151695696,8.55403432702803,-0.5918181818181818,0.49149712256289285,0.0,-1.0,-0.7272727272727273,0.4453617714151233,0.0,-1.0,3.220848,1.185461,6.5470123,1.0407603,3.5873246,1.2257452,5.4139986,2.0927937,-322.08484,624004,160000,1600,10.029171877424233,2.9736191580304876,3.140118172392249,16.14290920784697,2567.072937784018,159
8.50142,7.412277,372.03345,-373.07983,245.21352,0.8575008,-848.8381,-373.7552,245.29254,0.042259693,-850.83276,-372.98538,245.34041,0.57052886,-849.5647,8.50142,18.582634,130.97144,0.0012467646,7.412277,11.242284,65.52707,0.0001835972,0.101325795,0.8759351,1.0,-1.0,-3.4585028,1.0541571,-0.91087747,-7.4483533,-345.85028,87.44782,-236.10542,-526.72186,-0.014429476,0.62524205,1.0,-1.0,10,-6.030481330721743,0.7617952182643745,-4.1487115472357265,-8.440357061190515,-603.0481330721744,51.16353603657685,-535.173208121502,-665.1251581857811,0.07910172434689983,0.672464370345789,1.0,-1.0,0.23919099876036118,0.06754413525342638,0.40724448891731124,0.10684789536388696,0.24014380290428539,0.08385247143331746,0.4063861440343205,0.14121123270306102,0.2872727272727273,0.4524898976087936,1.0,0.0,0.09090909090909091,0.2874797872880344,1.0,0.0,0.09090909090909091,0.28747978728803447,1.0,0.0,0.09090909090909091,0.2874797872880344,1.0,0.0,0.0036363636363636364,0.06019252857180672,1.0,0.0,0.0,0.0,0.0,0.0,0.0,0.0,0.0,0.0,0.0,0.0,0.0,0.0,0.10408519024935858,0.06200250803958924,0.29441601554370245,0.007467141061362092,0.14682702148351776,0.07221592143567444,0.2923630416785856,0.05503580040044437,0.2060860283419903,0.08552188814050901,0.33464861873953994,0.03362881135872439,0.20608601775587285,0.08552188026969489,0.33464666880559923,0.03362881135872439,0.31017121859134883,0.10351149546423487,0.5796122214041324,0.054449129446512166,0.35291303923939055,0.10203156315128233,0.5775592475390154,0.18786840149404085,2.0,0.0,2,2,2.0,0.0,2,2,11.768553098196419,2.9819206490830186,26.840559322780663,4.514408561455892,13.172362325461357,2.994636436055511,19.17359856595714,8.45757624409289,-0.6790909090909091,0.4668259271730649,0.0,-1.0,-0.8181818181818182,0.385694607919935,0.0,-1.0,3.4585028,1.0541571,7.4483533,0.91087747,3.9157753,1.1303148,5.8117166,2.042296,-345.85028,628004,161000,1610,9.786610724637285,2.889390964061022,3.130287362728268,15.806289051426575,2582.9703170151915,160
11.75004,13.980328,370.26718,-371.69644,249.50151,-4.145372,-771.19385,-371.5661,249.2816,-2.745416,-770.88873,-371.75055,249.29341,-2.4716299,-772.90485,11.75004,24.827991,174.08426,0.00043572485,13.980328,31.776173,229.47331,6.726623e-05,0.022427216,0.8589832,1.0,-1.0,-3.4021943,1.0947063,-1.4395934,-7.2756658,-340.21936,92.26214,-220.77264,-523.37134,0.027574966,0.6931927,1.0,-1.0,10,-5.786965305546377,0.9524881745616498,-3.630589745330501,-8.763408762261369,-578.6965305546377,64.41561633860685,-506.99157296387705,-735.0489196780647,0.15227086582650068,0.6926896821374516,1.0,-1.0,0.21028028343106478,0.05237741618474121,0.31908916753742506,0.10291630143832124,0.2079524606737607,0.05714353138849428,0.3152854390132287,0.10447334660750543,0.3718181818181818,0.48329020421233787,1.0,0.0,0.2727272727272727,0.4453617714151233,1.0,0.0,0.0,0.0,0.0,0.0,0.0,0.0,0.0,0.0,0.0,0.0,0.0,0.0,0.0,0.0,0.0,0.0,0.0,0.0,0.0,0.0,0.0,0.0,0.0,0.0,0.09364407440647726,0.06943111188539339,0.3699761530002202,0.007914948699538476,0.12127541806947569,0.09280239375777984,0.36549700221425785,0.015153765586694805,0.1858641245321288,0.05847183001226179,0.3060494860513728,0.08371124872045849,0.18586410619699212,0.058471826575526506,0.3060464989133403,0.08371124872045849,0.27950819893860607,0.08609152790483032,0.579729179787715,0.1309547752431209,0.3071395242664678,0.09968357373621192,0.5752500290017526,0.20166079984801083,2.0,0.0,2,2,2.0,0.0,2,2,12.125168187749297,4.095038151098452,27.163750807634322,5.314553151662465,13.287865553712363,4.313054513835834,21.426875369066465,7.718359404395784,-0.6172727272727273,0.4860525768247881,0.0,-1.0,-0.7272727272727273,0.4453617714151233,0.0,-1.0,3.402194,1.0947063,7.2756658,1.4395934,3.8325448,1.3553152,6.4273186,2.1628597,-340.21936,632004,162000,1620,10.048183717299253,2.980691956006922,3.145572676905431,16.174448350211605,2599.155929368455,161
14.009756,14.521677,366.4217,-368.13098,251.64447,-7.3204975,-783.4778,-368.36395,252.90456,-4.5037546,-785.8198,-368.6141,252.00255,-6.166878,-783.722,14.009756,31.297832,260.2184,0.00035569444,14.521677,25.390623,173.60623,0.004830776,0.08070001,0.8784338,1.0,-1.0,-3.505539,1.0144694,-1.1608874,-7.390247,-350.55383,74.573326,-225.1037,-477.74835,0.090098284,0.7110997,1.0,-1.0,10,-6.200819219208782,0.8656919946424355,-4.079420050888217,-9.668244675061485,-620.0819219208782,59.039818103689576,-533.8499497375417,-740.6639202206592,0.14611100252254366,0.6818917290986485,1.0,-1.0,0.2572098599508853,0.11621920849315746,0.4664153557578283,0.05884905636725553,0.2639541466240815,0.12424730347373203,0.4574416723469569,0.07183747271546945,0.1290909090909091,0.335300531286474,1.0,0.0,0.0,0.0,0.0,0.0,0.0,0.0,0.0,0.0,0.0,0.0,0.0,0.0,0.0,0.0,0.0,0.0,0.0,0.0,0.0,0.0,0.004545454545454545,0.06726658448613064,1.0,0.0,0.0,0.0,0.0,0.0,0.13491252057650047,0.0739029361171757,0.3268147728745791,0.015870486125384203,0.19924959110504184,0.08280732305567536,0.3268147728745791,0.075144613546307,0.24825361815342273,0.08909531673515354,0.3879995024843266,0.07458762050126914,0.25132479930478885,0.08633317178581995,0.3879975104664644,0.08010205197718724,0.3831661387299232,0.1319643770324645,0.6897283610342334,0.13392825829721158,0.45057439040983066,0.13146211202167152,0.6897283610342334,0.1939825839019515,2.0,0.0,2,2,2.0,0.0,2,2,11.194808596619517,2.9618560675335557,26.447350439161696,5.229356991853844,13.645099958011702,2.8254909494442186,20.164132739469558,9.944757834225618,-0.6272727272727273,0.4835304053444437,0.0,-1.0,-0.9090909090909091,0.28747978728803447,0.0,-1.0,3.505539,1.0144694,7.390247,1.1608872,4.507642,0.67871356,5.8913336,3.468913,-350.55383,636004,163000,1630,9.74102110718377,2.992436257074587,3.1245615381048992,15.858018902363256,2614.9943585059373,162
7.185491,7.7772293,371.34082,-372.5524,254.02145,-21.72923,-774.41504,-372.7677,253.96951,-22.672274,-775.54626,-372.4159,254.1561,-19.813532,-774.9474,7.1854916,13.700991,83.140915,3.3048113e-05,7.7772293,16.165007,90.772606,0.00077802315,0.08940718,0.86648357,1.0,-1.0,-3.6423833,1.2418736,-1.0512172,-7.091788,-364.23834,102.656494,-212.44798,-580.07245,-0.073987134,0.7072446,1.0,-1.0,10,-6.138403969413114,0.9282325710332437,-3.9121114445103156,-8.771195255829978,-613.8403969413114,71.66569129875741,-462.68452866275567,-721.0836205082777,0.12806804579256353,0.6979352821775505,1.0,-1.0,0.23638133208086173,0.0805832199731788,0.3952142525813073,0.056010429936133505,0.2510028018723332,0.09331428472862646,0.3930384479386251,0.05645893647897198,0.14454545454545453,0.35164195727430264,1.0,0.0,0.0,0.0,0.0,0.0,0.0,0.0,0.0,0.0,0.0,0.0,0.0,0.0,0.0,0.0,0.0,0.0,0.0,0.0,0.0,0.0,0.008181818181818182,0.09008260671771133,1.0,0.0,0.09090909090909091,0.2874797872880344,1.0,0.0,0.11721602064808673,0.052004668507216335,0.2695231931109209,0.013074919462433544,0.14791716780711248,0.056988377407900234,0.2695231931109209,0.08422158126462288,0.19756332983246555,0.07758775927328103,0.31142891858894733,0.07074190861793853,0.20048499170431996,0.07505705360962836,0.311426209190841,0.07074190861793853,0.31477935048055233,0.09343291211006077,0.48753886332275614,0.08381682808037207,0.3484021595114324,0.07413865627698868,0.45624975347268254,0.2132051141001421,2.0,0.0,2,2,2.0,0.0,2,2,11.766441382230626,3.2188824976180412,26.63144097860072,5.715937504988846,13.785359494214061,2.3736446689856865,17.976647246163424,9.768483401933805,-0.6754545454545454,0.46820476554531015,0.0,-1.0,-0.9090909090909091,0.28747978728803447,0.0,-1.0,3.6423836,1.2418737,7.091788,1.0512172,4.257575,0.9225765,5.8057404,3.2417052,-364.23834,640004,164000,1640,9.950634745880961,2.9728478390024975,3.1328699882142246,16.056352573097683,2631.086803715094,163
11.385839,12.198133,371.27005,-371.71155,247.18651,3.4197843,-714.01697,-371.10974,247.17674,4.8938293,-713.1305,-372.1939,246.79962,1.8967823,-716.9005,11.385839,37.85926,393.61304,0.016475502,12.1981325,34.11743,268.1996,0.002930943,0.05717159,0.8748704,1.0,-1.0,-3.1128683,1.1843622,-0.73971766,-7.244596,-311.28683,108.48665,-106.94045,-472.49417,0.070662715,0.6532713,1.0,-1.0,10,-6.038138035788203,1.136044409202957,-3.2081211591692242,-9.49789050771242,-603.8138035788203,94.33864988432862,-429.3074588613007,-747.2145748505246,0.12871073474381725,0.6976497855638109,1.0,-1.0,0.2658939000128923,0.06270419066397151,0.4075125502376969,0.08526357030870384,0.28811366299193536,0.054351402390798456,0.40608282066413043,0.21485713704230922,0.1618181818181818,0.36828393645560986,1.0,0.0,0.09090909090909091,0.2874797872880344,1.0,0.0,0.0,0.0,0.0,0.0,0.0,0.0,0.0,0.0,0.0,0.0,0.0,0.0,0.0,0.0,0.0,0.0,0.0,0.0,0.0,0.0,0.0,0.0,0.0,0.0,0.14511714014027338,0.08022889437695079,0.33580400588983417,0.024732879361167793,0.17419030629206553,0.09121342868885857,0.32979264167348865,0.03197111866177212,0.21959765761151098,0.08520052379710678,0.3802349546266657,0.07247180491393872,0.21959763764672466,0.0852005211250366,0.3802327148030269,0.07247180491393872,0.36471479775178434,0.10346028780829439,0.679702917987185,0.1625409518279144,0.39378794393879013,0.11292658586410152,0.679702917987185,0.25563363150973056,2.0,0.0,2,2,2.0,0.0,2,2,10.30918189192431,3.095060601461715,24.86151447439967,4.691763132534596,11.791136216042013,3.5183033386435105,19.68731385429169,6.096185330705831,-0.4681818181818182,0.4989865762781451,0.0,-1.0,-0.5454545454545454,0.49792959773196915,0.0,-1.0,3.1128683,1.1843622,7.244596,0.73971766,3.6310143,1.289173,5.739922,1.0252657,-311.28683,644004,165000,1650,9.822006431175396,3.010080707957968,3.108875814708881,15.940962953842245,2646.9920581717743,164
12.111319,12.9823,369.0542,-371.55048,253.23029,-13.28412,-788.1273,-372.1698,253.47205,-13.830122,-791.04675,-372.26984,252.87816,-13.56695,-787.95715,12.11132,51.56461,523.07996,0.00017775201,12.982299,50.566708,517.15295,3.4332275e-05,0.048189305,0.883926,1.0,-1.0,-3.0648308,1.1846169,-0.812208,-7.1695056,-306.48303,97.39911,-151.92114,-482.22418,0.00019822207,0.66186416,1.0,-1.0,10,-6.151467635772916,0.9737347016503675,-3.902173992374506,-8.922292711590554,-615.1467635772917,76.10989236470608,-496.5364941447784,-733.1339288969941,0.19782044904805385,0.6940778250772343,1.0,-1.0,0.20843601246640983,0.08373971478531043,0.3748986750436453,0.07472738152235452,0.21930171228892792,0.09730362352458002,0.3748986750436453,0.07472738152235452,0.33,0.4702127178203499,1.0,0.0,0.2727272727272727,0.4453617714151233,1.0,0.0,0.09090909090909091,0.28747978728803447,1.0,0.0,0.09090909090909091,0.28747978728803447,1.0,0.0,0.0,0.0,0.0,0.0,0.0,0.0,0.0,0.0,0.0,0.0,0.0,0.0,0.0,0.0,0.0,0.0,0.1006050871161463,0.06751511172879118,0.3092023506092309,0.00942351209375668,0.12517591599224967,0.08207807060955345,0.30378535057320905,0.03578333556714146,0.15041534535884213,0.07185395164392705,0.286682997715666,0.044743637658874416,0.14999105112695654,0.0722920271841844,0.2866817430186911,0.044743637658874416,0.2510204324749884,0.10322492115563862,0.4832095899688762,0.10068619643126876,0.2751669671192062,0.12167572279706924,0.47779258993285434,0.12454521293001619,2.0,0.0,2,2,2.0,0.0,2,2,11.507019365832075,3.4809217580506377,26.380804597492336,5.189429708525867,13.634998479360645,3.559930569169218,18.383754926928816,5.243603598719091,-0.5945454545454546,0.4909797928884583,0.0,-1.0,-0.9090909090909091,0.28747978728803447,0.0,-1.0,3.0648308,1.1846169,7.1695056,0.812208,3.6753852,1.2617168,5.3540053,1.8967874,-306.48303,648004,166000,1660,10.186201998731121,2.973859177902341,3.168166711460799,16.32822788809426,2663.285080029047,165
16.363924,15.691603,369.41974,-370.7545,249.75554,-15.413885,-819.55927,-370.77142,250.42867,-14.57693,-819.3633,-370.91306,249.70923,-15.045792,-817.3406,16.363926,62.923824,624.5438,1.1865763e-05,15.691603,63.22411,668.54156,0.0019258298,0.10755576,0.8751919,1.0,-1.0,-3.308856,1.2562736,-0.690448,-7.788406,-330.8856,102.469734,-192.7538,-522.9811,0.16402556,0.7118161,1.0,-1.0,10,-6.190122591923534,0.7545448007406612,-4.641687811122408,-8.37191993678886,-619.0122591923533,49.4671638004153,-527.1464772192596,-682.4101589392598,0.1145185704085524,0.6818796944065959,1.0,-1.0,0.2090785279058079,0.09992060980013183,0.3737039017119235,0.05388231793831805,0.23639236673369768,0.11517674156845159,0.37162142300512047,0.05549452342051425,0.33454545454545453,0.47183131878715917,1.0,0.0,0.18181818181818182,0.38569460791993493,1.0,0.0,0.08,0.2712931993250107,1.0,0.0,0.09090909090909091,0.2874797872880344,1.0,0.0,0.02181818181818182,0.14608952310255027,1.0,0.0,0.0,0.0,0.0,0.0,0.0809090909090909,0.27269545268917733,1.0,0.0,0.09090909090909091,0.2874797872880344,1.0,0.0,0.11576923567818236,0.08303751480077885,0.3088214111064502,0.003614384962128292,0.14254640291534112,0.08435722026961998,0.3065897628404123,0.041015742694348656,0.19124407817876624,0.09662744773873505,0.35498111138523786,0.025762380114951404,0.1909819903951834,0.09719515374923318,0.35498058755471956,0.02810696130606274,0.3070133138569486,0.15292890788319458,0.5804213884816612,0.04864865707204713,0.3335283933105245,0.16024273212716333,0.5781897402156233,0.0691227040004114,2.0,0.0,2,2,2.0,0.0,2,2,12.351241858373102,3.752570371970784,27.633920115426804,4.316197152860448,13.834653804178817,2.635261714140836,19.347021364504283,10.137625054872167,-0.7045454545454546,0.45624681590647115,0.0,-1.0,-1.0,0.0,-1.0,-1.0,3.308856,1.2562736,7.788406,0.690448,3.589586,0.97272605,5.7232356,2.0356607,-330.8856,652004,167000,1670,9.86961923178751,2.9404563630232587,3.120236792950891,15.93031238776166,2679.3249805817613,166
10.653397,12.318883,357.23907,-358.40704,241.00874,11.981009,-736.7577,-357.8607,241.68391,14.581159,-733.8943,-359.2912,241.46385,11.652256,-739.1239,10.653398,39.38888,433.58105,4.3064356e-06,12.318883,37.196293,397.30283,1.6135295e-05,0.08873503,0.87310714,1.0,-1.0,-3.1468124,0.91074747,-1.4142816,-7.1563964,-314.68127,67.5405,-210.2671,-425.72858,0.08417586,0.6890493,1.0,-1.0,10,-6.340564508541211,1.2364066679232673,-3.7948162440377904,-9.282798082279983,-634.056450854121,102.34937482343987,-453.4565350658274,-773.5208983106444,0.16491618120514015,0.6919304104565,1.0,-1.0,0.23798938483339085,0.08684188321823966,0.38830823379592627,0.08023514104223922,0.2569189055532716,0.10491125428768058,0.38830823379592627,0.08803061545368557,0.22545454545454546,0.4178813149548921,1.0,0.0,0.09090909090909091,0.2874797872880344,1.0,0.0,0.0,0.0,0.0,0.0,0.0,0.0,0.0,0.0,0.0,0.0,0.0,0.0,0.0,0.0,0.0,0.0,0.0,0.0,0.0,0.0,0.0,0.0,0.0,0.0,0.1110456384444268,0.0620134656509736,0.2416782519231113,0.023850187668547303,0.14259555301944296,0.06476458518654397,0.2416782519231113,0.056493465340068875,0.21334507314803064,0.06889205696248124,0.33646623844848994,0.11540992158846185,0.21381502640276787,0.0682412827004597,0.33646404526194745,0.12166485549091063,0.32439071159245747,0.09553201294585277,0.5681715198184941,0.1532107952049333,0.3564105794222108,0.0856392874790816,0.44664806008723335,0.19568585102875763,2.0,0.0,2,2,2.0,0.0,2,2,12.045616237892718,2.6682045677899504,26.930978747558036,6.594751679301456,13.744776749269876,2.312537979324206,17.605415352955923,8.859801697595879,-0.7290909090909091,0.44442924675576967,0.0,-1.0,-0.9090909090909091,0.28747978728803447,0.0,-1.0,3.1468124,0.91074747,7.1563964,1.4142816,3.8614578,1.0927833,6.179253,2.6922026,-314.68127,656004,168000,1680,9.742871838156134,3.0494054830633104,3.1219967800425366,15.91427410126198,2695.1192636570195,167
14.469044,12.183161,374.90158,-377.1269,245.00937,-6.29491,-732.21985,-376.5677,245.14796,-6.4639573,-735.8907,-375.85095,244.54591,-4.4324083,-738.9042,14.469044,30.25999,222.15262,0.0020435888,12.18316,24.145151,149.32693,1.4435733e-05,0.14084917,0.86735976,1.0,-1.0,-3.5870416,1.0958403,-1.8637062,-7.2243385,-358.7042,87.13786,-211.30475,-516.7395,0.053389225,0.7312549,1.0,-1.0,10,-6.048609762442886,0.8075640265835292,-4.096049407940828,-8.160436029962378,-604.8609762442885,61.030416026257605,-516.71966101518,-698.2199557159374,0.12888043926519155,0.70797951505257,1.0,-1.0,0.2552165143514097,0.06880511057139238,0.390130775385767,0.07834275585168038,0.2502233910300062,0.09679085538999793,0.390130775385767,0.07834275585168038,0.13727272727272727,0.3441350398024513,1.0,0.0,0.0,0.0,0.0,0.0,0.0,0.0,0.0,0.0,0.0,0.0,0.0,0.0,0.0,0.0,0.0,0.0,0.0,0.0,0.0,0.0,0.0,0.0,0.0,0.0,0.0,0.0,0.0,0.0,0.12792925377710165,0.0643538050563655,0.25416257403289677,0.031233723254904856,0.17787536935350542,0.05123076148424999,0.24124021983914687,0.06236827623720276,0.27626998657428403,0.06034966520121262,0.36341998956200894,0.16186298469626734,0.277840313585188,0.05959107697720957,0.3634177764859939,0.16186298469626734,0.4041992403513857,0.09942658858137463,0.6175803505188906,0.20330504522032536,0.45571568293869347,0.07274546745359886,0.6015361486179016,0.31237963243375994,2.0,0.0,2,2,2.0,0.0,2,2,11.998945987872169,3.264504129980323,26.425656273711493,5.669227998383444,14.71913627426933,3.2648772214470023,20.569230444066942,8.76844066586987,-0.6718181818181819,0.4695513948405373,0.0,-1.0,-0.9090909090909091,0.28747978728803447,0.0,-1.0,3.5870416,1.0958403,7.224339,1.8637062,4.4711423,1.2513307,6.1186333,1.9378338,-358.7042,660004,169000,1690,9.859155967016704,2.928622851963155,3.0949369261506945,15.882715745130554,2711.099046594929,168
11.894977,13.475263,381.7365,-384.6317,255.05376,-16.788658,-746.1876,-385.10028,255.27748,-16.85929,-750.9305,-384.26093,254.85146,-16.679108,-735.0393,11.894977,25.102793,147.24661,2.1517277e-05,13.475263,30.701073,252.52942,0.0021687485,0.053504944,0.8699756,1.0,-1.0,-3.349097,1.021277,-1.0543683,-6.849821,-334.90973,78.6235,-233.68013,-537.19,0.096070886,0.68677354,1.0,-1.0,10,-5.8624791676480275,1.172238840698877,-3.9085283838493856,-8.954391596192472,-586.2479167648028,98.50317612431319,-472.1391832171442,-750.9361012224349,0.05403335889533815,0.6741001362366342,1.0,-1.0,0.22032069526654285,0.08797259478854488,0.39376831983086635,0.059069158790189515,0.24075751786447563,0.0967058324987724,0.3933981640876109,0.0910500506373339,0.28454545454545455,0.45119767158416857,1.0,0.0,0.2727272727272727,0.4453617714151233,1.0,0.0,0.0,0.0,0.0,0.0,0.0,0.0,0.0,0.0,0.0,0.0,0.0,0.0,0.0,0.0,0.0,0.0,0.0027272727272727275,0.052152034579139875,1.0,0.0,0.0,0.0,0.0,0.0,0.09180558872371189,0.04420305922620702,0.20819260858468808,0.008891710046891318,0.12098935271141344,0.05559413652726828,0.20819260858468808,0.03996684118639225,0.20478862518688445,0.06490261197725448,0.3528477529941742,0.1065764417003423,0.20495405710116635,0.06465724478529512,0.35284545499761744,0.11095655106570425,0.29659421391059637,0.08563784164045546,0.5279246882745943,0.12192839118576466,0.3259434098125798,0.08186098190882016,0.44787401524747994,0.1509233922520965,2.0,0.0,2,2,2.0,0.0,2,2,11.516961098485307,2.548259685700024,26.0823520567451,5.663092705641956,13.425992743463782,2.4453377406579784,18.214828068177003,8.679070176643545,-0.7372727272727273,0.4401154994913971,0.0,-1.0,-0.9090909090909091,0.28747978728803447,0.0,-1.0,3.349097,1.021277,6.849821,1.0543683,3.9900749,0.8251899,5.674122,2.8916185,-334.90973,664004,170000,1700,9.963564867270179,3.026279192068614,3.1094408207572997,16.099284880096093,2727.2339705688646,169
12.092758,11.318434,375.24484,-376.4803,240.04991,-22.223164,-798.13196,-377.01212,240.73196,-20.812103,-800.8002,-376.86682,240.4202,-17.466888,-800.4799,12.092759,22.95804,140.23538,0.004281044,11.318434,18.350744,107.16116,0.00031113997,0.062860526,0.87146133,1.0,-1.0,-3.175826,1.2074609,-0.88225746,-7.4076266,-317.5826,100.22078,-164.8606,-530.51843,0.07572994,0.6537073,1.0,-1.0,10,-6.3930563010153545,0.9497056313582332,-3.8451051607588345,-8.656624929240808,-639.3056301015353,79.64296658669934,-447.98309575985576,-777.5347182515754,0.17195529762126702,0.737771944758386,1.0,-1.0,0.26655619871457464,0.07476622067070442,0.4365260769643397,0.10740754708276717,0.2756254964655394,0.08387670277445475,0.4286108302759903,0.15643041538553662,0.13454545454545455,0.34123741765318116,1.0,0.0,0.0,0.0,0.0,0.0,0.0,0.0,0.0,0.0,0.0,0.0,0.0,0.0,0.0,0.0,0.0,0.0,0.0,0.0,0.0,0.0,0.0,0.0,0.0,0.0,0.0,0.0,0.0,0.0,0.11050281101639317,0.04749443273443994,0.24882699230939065,0.014223425342851518,0.14279784053286082,0.05853001356554953,0.24882699230939065,0.07027607766246585,0.20843571937440541,0.07149859576673744,0.38854244390718473,0.12868583241580672,0.20843570328104777,0.07149859204390993,0.3885408686503157,0.12868583241580672,0.31893853039079856,0.08088514903726904,0.5300898429867142,0.14970255808590893,0.3512335438139086,0.08048361838603879,0.4844524971681269,0.2497733681532802,2.0,0.0,2,2,2.0,0.0,2,2,11.224841431281348,3.255637852411975,26.994655087746917,5.240859199774849,13.414105657768998,2.907565794187313,17.126654414285778,7.643661387072997,-0.6281818181818182,0.48329020421233787,0.0,-1.0,-0.9090909090909091,0.28747978728803447,0.0,-1.0,3.175826,1.207461,7.4076266,0.8822575,3.9969978,1.1383011,6.1621265,2.0674078,-317.5826,668004,171000,1710,9.765079927397892,3.062306296080351,3.104895065189339,15.932281288667582,2743.0958930784836,170
11.671525,12.006989,372.7601,-374.2953,255.06384,17.025358,-818.5008,-374.0578,254.89337,18.978954,-817.70996,-373.5276,254.62668,19.40695,-815.5916,11.671525,42.36458,436.10205,0.00048279762,12.00699,57.78823,638.3796,0.0005841851,0.011900196,0.874095,1.0,-1.0,-3.1679156,0.97249794,-1.125422,-8.07588,-316.79156,74.78233,-190.42308,-489.23505,0.018619752,0.6895472,1.0,-1.0,10,-6.3492955298222045,1.095638997295157,-4.294746898442823,-9.537268950316172,-634.9295529822205,88.92018261305833,-476.1559453679726,-791.6132355588086,0.13690368571580364,0.710538164299017,1.0,-1.0,0.21885224261433156,0.05356590232707886,0.31250254163385843,0.06669869248705151,0.22147041779514334,0.05698165956624309,0.2830623703299793,0.06946656491678073,0.2545454545454545,0.4356054018440342,1.0,0.0,0.18181818181818182,0.385694607919935,1.0,0.0,0.09090909090909091,0.28747978728803447,1.0,0.0,0.09090909090909091,0.2874797872880344,1.0,0.0,0.0,0.0,0.0,0.0,0.0,0.0,0.0,0.0,0.0,0.0,0.0,0.0,0.0,0.0,0.0,0.0,0.10482458479849467,0.07219164598749665,0.36652149992413235,0.0019402796595701605,0.13696806721878854,0.10240532396383312,0.36652149992413235,0.010246750255712079,0.20300271562382094,0.0741888921108495,0.3513430174016368,0.044992257331239495,0.20296667046004438,0.07426537737805408,0.3513417819238358,0.04505430229701091,0.30782730042231565,0.11833332434921422,0.7178632818479682,0.10947703099063473,0.33993473767883303,0.14491685844845786,0.7178632818479682,0.12101699584660244,2.0,0.0,2,2,2.0,0.0,2,2,11.35487136060277,3.3165907643621013,28.4395295938896,4.937167686002553,12.87220648466477,3.584569372518322,19.946928046323276,7.786892445890085,-0.6290909090909091,0.483048172742722,0.0,-1.0,-0.7272727272727273,0.4453617714151233,0.0,-1.0,3.1679156,0.97249794,8.07588,1.1254219,3.6654437,1.0135196,5.598419,1.8242638,-316.79156,672004,172000,1720,9.917646725312807,2.99200203595683,3.129608086310327,16.039256847579964,2759.0569390761666,171
12.251301,10.020696,381.94232,-384.0113,249.33173,-29.781672,-773.9532,-384.17944,250.12024,-29.446829,-777.8563,-383.80405,249.4361,-29.645563,-780.6372,12.251301,33.05697,267.98474,0.0005629903,10.020696,25.610598,265.53046,0.00039834157,0.1102975,0.8705225,1.0,-1.0,-3.2052326,1.2085812,-1.1558365,-7.852188,-320.52322,109.06993,-150.94511,-609.91895,-0.020578751,0.6511744,1.0,-1.0,10,-6.297062514207442,0.9097547668927668,-3.945557307898431,-9.319706117070277,-629.7062514207443,74.14165479338153,-506.7857723193393,-760.1590744757243,0.1770396151235196,0.6759693624903865,1.0,-1.0,0.25003293341053706,0.07559921988883826,0.3845664437343578,0.05926350176710832,0.24857128494501593,0.09356095346945048,0.3845460865188292,0.05926350176710832,0.13636363636363635,0.34317429251230674,1.0,0.0,0.09090909090909091,0.2874797872880344,1.0,0.0,0.0,0.0,0.0,0.0,0.0,0.0,0.0,0.0,0.0,0.0,0.0,0.0,0.0,0.0,0.0,0.0,0.0009090909090909091,0.03013742628045596,1.0,0.0,0.09090909090909091,0.28747978728803447,1.0,0.0,0.12009268220642047,0.07810589572149201,0.3411893428860169,0.02121807432983052,0.1306554966537443,0.0783575409078035,0.34118934138044077,0.021718911296777322,0.20613582760284208,0.08705853051021165,0.3819760359809993,0.07644963517203328,0.20615432427102204,0.08704299256023955,0.38197367646150987,0.07644963517203328,0.32622850980926255,0.1501337821069839,0.7231630193475267,0.09918245641974568,0.33680982092476636,0.14688676782122007,0.7231630178419506,0.15952946458319342,2.0,0.0,2,2,2.0,0.0,2,2,11.014058386384418,3.002194272441486,27.658882188854765,6.378457592635813,11.737608603346548,2.7754557714277786,16.3217999437114,6.867746077017768,-0.5172727272727272,0.4997015638284134,0.0,-1.0,-0.7272727272727273,0.4453617714151233,0.0,-1.0,3.2052326,1.2085812,7.8521886,1.1558365,3.378319,1.0443032,5.8877807,1.4591548,-320.52322,676004,173000,1730,9.962290658266284,2.9153306119842455,3.1264412805903703,16.0040625508409,2775.0683916190173,172
14.260607,13.628728,375.49475,-377.858,245.44356,-7.1093664,-792.0574,-377.66046,245.82544,-6.916073,-792.9682,-378.1464,245.54474,-6.4784565,-792.2915,14.260607,30.53202,210.74324,2.7157366e-06,13.628729,28.99851,179.65799,0.00015200675,0.01704561,0.87579703,1.0,-1.0,-3.6597016,1.2371756,-0.915433,-7.311767,-365.97015,112.224266,-177.77509,-548.9333,-0.00855784,0.6750427,1.0,-1.0,10,-5.7867992179427175,0.921388103897451,-4.000481690530299,-8.382712401475606,-578.6799217942718,66.8235012053778,-476.85435291266435,-646.6259659449671,0.11034794081683005,0.6846690357336038,1.0,-1.0,0.22880773817220862,0.08292241514103714,0.41375672521462176,0.08221758990457766,0.23537584848111984,0.08709468292371267,0.3713398251531415,0.08221758990457766,0.3518181818181818,0.4775375888454547,1.0,0.0,0.09090909090909091,0.2874797872880344,1.0,0.0,0.09090909090909091,0.28747978728803447,1.0,0.0,0.09090909090909091,0.2874797872880344,1.0,0.0,0.0,0.0,0.0,0.0,0.0,0.0,0.0,0.0,0.0,0.0,0.0,0.0,0.0,0.0,0.0,0.0,0.1185650273873893,0.09788619391393454,0.3771332710144749,0.0033584365993203887,0.16045104769842497,0.10625777318776572,0.3771332710144749,0.018917601542360392,0.19706450475826692,0.08465606308524881,0.32654600297792175,0.029408142086350314,0.19706448779146762,0.0846560587836912,0.3265435067377499,0.029408142086350314,0.3156295321456562,0.11101654011240948,0.5660880973382931,0.14275487458732258,0.3575155354898926,0.1265301248875689,0.5660880973382931,0.18555812275351596,2.0,0.0,2,2,2.0,0.0,2,2,12.197079685426546,3.442899636781513,26.076819056748775,4.477624322048064,14.044617478024099,2.78095718537078,18.69590929111107,8.961861178696983,-0.6990909090909091,0.4586532567390701,0.0,-1.0,-0.8181818181818182,0.385694607919935,0.0,-1.0,3.6597016,1.2371756,7.3117676,0.91543305,4.1712847,1.102138,5.5414495,2.0412433,-365.97015,680004,174000,1740,9.83156355645042,2.921692216070369,3.079751801909879,15.833007574430667,2790.862960264203,173
10.269871,12.6691,380.6842,-382.92755,248.85565,-15.339505,-801.0377,-383.74503,248.61836,-16.776073,-801.2745,-382.79572,249.31917,-15.317356,-801.024,10.269871,38.46981,426.62015,0.00018859282,12.6691,39.049515,425.786,0.0007343888,-0.0540865,0.8766887,1.0,-1.0,-2.6842613,0.9398973,-1.0705205,-6.549795,-268.42615,78.22599,-131.07503,-402.83212,-0.16969553,0.60627234,1.0,-1.0,10,-5.8957062678792935,0.9702766839993712,-3.2858204079008044,-8.728017240644656,-589.5706267879293,65.97781432327221,-474.4383850025166,-691.173823852274,0.2081315680551578,0.6557062259095713,1.0,-1.0,0.2289121784966382,0.06792487164621,0.39337790993658583,0.08609792224866498,0.24358940828538742,0.06829736205184021,0.39292108089416833,0.13183552226804718,0.11,0.31288975694324034,1.0,0.0,0.0,0.0,0.0,0.0,0.0,0.0,0.0,0.0,0.0,0.0,0.0,0.0,0.0,0.0,0.0,0.0,0.0,0.0,0.0,0.0,0.0,0.0,0.0,0.0,0.0,0.0,0.0,0.0,0.11025496862117631,0.05167922342512657,0.24066983471391484,0.014264580568176241,0.11737656674046294,0.04559640918326687,0.23762403545545954,0.06190836025953411,0.1975085829050133,0.11324552381334664,0.3964984100767652,0.060366736046208756,0.19750856428033645,0.1132455220185776,0.39649613071107354,0.060366736046208756,0.3077635515261896,0.11687697553076806,0.6094939978276847,0.07622604176569782,0.31488513102079946,0.09465728131263407,0.46995128713713474,0.15278121440099923,2.0,0.0,2,2,2.0,0.0,2,2,10.194708784428473,3.0543024036482365,23.871118449707897,4.830598995877977,11.061267131577322,3.354798550290085,15.194287560506325,5.352773106605197,-0.49727272727272726,0.4999925619281462,0.0,-1.0,-0.5454545454545454,0.49792959773196915,0.0,-1.0,2.6842613,0.9398973,6.549795,1.0705205,2.9676352,0.94538796,4.4924045,1.2347269,-268.42615,684004,175000,1750,9.875447743805125,2.8830510919215158,3.1090513268718496,15.86755016259849,2806.765128825791,174
10.380907,9.869041,371.65057,-372.11273,249.65286,-16.96851,-787.1468,-371.71906,250.2354,-15.940931,-789.4186,-372.84735,250.74686,-16.422255,-794.02655,10.380907,19.720325,112.26116,3.3527613e-06,9.869041,18.953894,107.128944,1.0766089e-06,-0.005207859,0.8930693,1.0,-1.0,-3.246643,0.8790814,-1.5927074,-8.109462,-324.6643,66.99785,-227.81128,-404.27173,-0.0816855,0.7206643,1.0,-1.0,10,-6.0015235184469145,0.919058639482413,-3.553007994890815,-8.680918093589467,-600.1523518446915,62.77702129418441,-488.4655014895068,-693.234710947997,0.1310134400271823,0.7024785207657344,1.0,-1.0,0.22113816334580272,0.06068427342647237,0.35503229005871356,0.08337900586897648,0.23366096390400076,0.06629467947082306,0.34614565598036257,0.14779652776833885,0.1918181818181818,0.3937308305710244,1.0,0.0,0.09090909090909091,0.2874797872880344,1.0,0.0,0.09090909090909091,0.28747978728803447,1.0,0.0,0.09090909090909091,0.2874797872880344,1.0,0.0,0.0,0.0,0.0,0.0,0.0,0.0,0.0,0.0,0.0,0.0,0.0,0.0,0.0,0.0,0.0,0.0,0.10389844148171097,0.05013997607142105,0.23035373816775553,0.013682728589940105,0.1260040314800953,0.05132111893950303,0.23035373816775553,0.046318670885828715,0.17401660738438052,0.0626279027454602,0.29160161623436043,0.038616331141636616,0.17401658816546456,0.06262789961904164,0.29160041455497043,0.038616331141636616,0.2779150488660915,0.06093047379860118,0.4288754230392857,0.1594172000518512,0.3000206196455599,0.059766723428012536,0.3778597230028959,0.21223634171879024,2.0,0.0,2,2,2.0,0.0,2,2,11.543313517113225,2.659926062877548,25.031238614467213,6.29769124621712,13.078499698733465,2.7946189394670986,18.281392712058427,7.852687323012595,-0.7227272727272728,0.44765227798311386,0.0,-1.0,-0.9090909090909091,0.28747978728803447,0.0,-1.0,3.246643,0.8790814,8.109462,1.5927074,3.5757234,0.8623662,4.9743314,2.2453756,-324.6643,688004,176000,1760,9.873814097139984,2.918788488022983,3.1105170737719163,15.903119658934884,2822.6936876636464,175
10.473919,7.4832373,369.15903,-369.9363,244.45848,5.9361553,-741.1985,-370.99445,245.09647,8.83999,-742.141,-370.8565,244.96565,7.4310513,-744.41364,10.473919,22.383015,156.05798,0.0013011731,7.483237,13.341636,102.40195,0.0013646765,0.057168633,0.87397176,1.0,-1.0,-3.4540586,1.3929741,-0.78351074,-8.360516,-345.40588,116.80684,-209.19179,-570.1983,0.020086143,0.6716052,1.0,-1.0,10,-5.961868564544799,1.0008181538071454,-3.6623892737989108,-8.432258774649265,-596.1868564544798,78.19805978860208,-461.013665382939,-686.8053382187989,0.19319879937772566,0.6799920845446495,1.0,-1.0,0.21854037555234082,0.0788810130293415,0.39540270832935465,0.08253445798111195,0.2503739678566931,0.07781929009628395,0.38423366564702777,0.15109976567432123,0.24636363636363637,0.4308927883375658,1.0,0.0,0.09090909090909091,0.2874797872880344,1.0,0.0,0.18181818181818182,0.38569460791993504,1.0,0.0,0.18181818181818182,0.38569460791993493,1.0,0.0,0.0,0.0,0.0,0.0,0.0,0.0,0.0,0.0,0.0,0.0,0.0,0.0,0.0,0.0,0.0,0.0,0.10511288900478917,0.057262957221891266,0.30826590677999793,0.0178128643485016,0.1469820109117314,0.06668546797631637,0.30826590677999793,0.047718503181160686,0.18240725143530212,0.0900621725796807,0.3637233800673712,0.03399641512051758,0.18240723958940136,0.09006217256479426,0.36372115387801685,0.03399641512051758,0.2875201404400913,0.12140359000703947,0.5617865061169085,0.07271183343005114,0.3293892505011328,0.12218556421256849,0.5617865061169085,0.19300237359243233,2.0,0.0,2,2,2.0,0.0,2,2,11.587513786278953,3.4501561667472425,27.83334486735632,5.225906248382009,14.076662354089633,3.014625520478937,21.6946840412076,9.022670409301167,-0.6145454545454545,0.48670251575574913,0.0,-1.0,-0.9090909090909091,0.28747978728803447,0.0,-1.0,3.4540586,1.3929741,8.360516,0.78351074,4.1405053,1.2060593,6.0157857,2.0796595,-345.40588,692004,177000,1770,10.030009809881449,2.943688260973431,3.1318194000050426,16.105517470859922,2838.715791558381,176
16.438602,13.802282,374.48206,-375.61884,248.17258,-22.049036,-793.98785,-375.49188,248.26566,-20.788857,-792.8357,-376.14197,248.52652,-20.933945,-794.54675,16.438604,40.060844,326.6112,0.00016233535,13.802282,41.950138,318.97363,6.941054e-05,0.04907591,0.8703447,1.0,-1.0,-3.3230991,1.2700928,-0.83747727,-7.772592,-332.30994,112.13032,-203.87549,-566.917,-0.026550937,0.6235003,1.0,-1.0,10,-5.806342323997835,0.7295255056823495,-3.7829572518338788,-8.34493498959081,-580.6342323997833,42.6435305989898,-473.32684755265865,-637.3275458274207,0.1416831341660888,0.6626363881772938,1.0,-1.0,0.22425949305627493,0.06782795813965416,0.3607944629468505,0.1103234377763142,0.2358133257402741,0.07221888578077626,0.35818551711378743,0.12698548366993836,0.1918181818181818,0.3937308305710244,1.0,0.0,0.18181818181818182,0.385694607919935,1.0,0.0,0.0,0.0,0.0,0.0,0.0,0.0,0.0,0.0,0.0,0.0,0.0,0.0,0.0,0.0,0.0,0.0,0.0,0.0,0.0,0.0,0.0,0.0,0.0,0.0,0.11845313626207532,0.07256689241963944,0.264425230759472,0.019181845550784317,0.14823201485344686,0.08297969717749701,0.26085630968938334,0.04658200898363039,0.19274296994683807,0.06362017231293811,0.30380959025206977,0.0850431058562555,0.19274295434747069,0.0636201683823302,0.30380717363994175,0.0850431058562555,0.31119610620891336,0.10906675474930597,0.5682324043994138,0.11187308688190242,0.3409749692009176,0.10974284015951719,0.564241827809609,0.18963935700866402,2.0,0.0,2,2,2.0,0.0,2,2,11.764870056495244,4.1816005199612585,27.61390502745043,6.238758440745119,13.312507888438297,4.537383593921624,23.77759211876912,8.332990996428535,-0.6045454545454545,0.4889481035180362,0.0,-1.0,-0.8181818181818182,0.385694607919935,0.0,-1.0,3.3230991,1.2700928,7.772592,0.83747727,3.7254715,1.4582145,6.6857657,2.1533551,-332.30994,696004,178000,1780,10.476284272037446,2.861050441977568,3.140599610400386,16.4779343244154,2855.3442032308085,177
11.589058,10.549381,372.3189,-374.0497,251.35287,-12.374746,-786.2044,-373.99084,250.67953,-13.188696,-786.19476,-373.64844,250.8773,-14.131254,-787.2155,11.58906,23.322483,126.45129,9.0658665e-05,10.549381,21.7235,140.8736,0.0012103468,0.011058878,0.87572724,1.0,-1.0,-3.5978036,1.1314119,-1.3964616,-6.534195,-359.78036,97.633156,-200.63695,-511.1224,0.117136575,0.66102445,1.0,-1.0,10,-6.191964087515846,0.9376673725808149,-3.8660484116954925,-9.343884118064599,-619.1964087515844,76.52550228701804,-506.5513625184149,-760.1692701840685,0.0934140674228799,0.6991601100084656,1.0,-1.0,0.2081871696765514,0.056752905752702934,0.39875418459671536,0.10375072740982172,0.21059294143033658,0.07146794635006071,0.39875418459671536,0.12446375172537315,0.12727272727272726,0.33327823236042475,1.0,0.0,0.09090909090909091,0.2874797872880344,1.0,0.0,0.0,0.0,0.0,0.0,0.0,0.0,0.0,0.0,0.0,0.0,0.0,0.0,0.0,0.0,0.0,0.0,0.0,0.0,0.0,0.0,0.0,0.0,0.0,0.0,0.1121241435448639,0.054857430211237526,0.30461035415127746,0.006330694693934624,0.15202008079769458,0.06913708353440522,0.30061795372568073,0.04817809931435421,0.2235414984544265,0.046613626419515934,0.3020199906644576,0.15658890050423674,0.2235414796987249,0.046613631479142055,0.30201868201027104,0.15658890050423674,0.3356656419992904,0.07002952844547337,0.5046905100672248,0.18812329409738862,0.3755615604964195,0.08480045947885888,0.5046905100672248,0.28921125180835583,2.0,0.0,2,2,2.0,0.0,2,2,12.689037690029872,3.6406990620601314,26.509424814553448,6.391898226452906,14.641732284341655,3.8221151086177874,22.737894396785837,8.71836501325916,-0.7063636363636364,0.4554273263505132,0.0,-1.0,-0.9090909090909091,0.28747978728803447,0.0,-1.0,3.5978036,1.1314119,6.534195,1.3964616,4.1644006,1.371747,6.127303,1.8314581,-359.78036,700004,179000,1790,9.814684967277572,3.0112231069942936,3.0840303290169686,15.909938403288834,2871.1824397892924,178
10.954591,11.331528,375.2915,-377.3345,249.22548,3.5603058,-760.7497,-376.93604,249.17622,4.0022755,-762.35333,-377.1601,248.62193,3.5392566,-759.38513,10.954592,17.779724,92.08396,0.0004430714,11.331529,19.820162,103.05397,0.0015654715,0.111244604,0.8538712,1.0,-1.0,-2.8846226,1.0074097,-0.46994555,-6.8581376,-288.46228,79.62676,-166.65907,-451.69208,-0.04357762,0.6934218,1.0,-1.0,10,-6.319354180044815,1.2241068922913125,-4.051363410255283,-9.408876269322205,-631.9354180044816,98.20527399065979,-519.3488577443837,-868.9299355326538,0.10909476140607555,0.6916826471040982,1.0,-1.0,0.23465691922665718,0.1076998489432145,0.40769003595774744,0.08530498506319346,0.24607166166184866,0.11658073822244552,0.4046629337360931,0.0930384679849875,0.19,0.39230090491866065,1.0,0.0,0.09090909090909091,0.2874797872880344,1.0,0.0,0.056363636363636366,0.23062258531961724,1.0,0.0,0.09090909090909091,0.2874797872880344,1.0,0.0,0.0,0.0,0.0,0.0,0.0,0.0,0.0,0.0,0.0,0.0,0.0,0.0,0.0,0.0,0.0,0.0,0.1096302475604663,0.05399262980316663,0.27766068007267586,0.0031183887152257776,0.13525834478340587,0.059333225514570896,0.27578970081746373,0.033046230111122066,0.19500708614858123,0.08206904546463782,0.3405655167583468,0.05997189563969646,0.1949612761296241,0.08214396474939141,0.3405637925737567,0.05997189572883166,0.3046373337090475,0.09776064113714882,0.463536601116945,0.12934782216089183,0.33021962091303003,0.09026117073961426,0.4603457769430498,0.19866383267080331,2.0,0.0,2,2,2.0,0.0,2,2,10.710674628772452,3.0005092366654185,27.000447972133465,3.9590425213055713,12.237461653163779,2.7153413506653026,16.45347149803936,7.2721924325374845,-0.5927272727272728,0.49132642193613196,0.0,-1.0,-0.8181818181818182,0.38569460791993504,0.0,-1.0,2.8846226,1.0074097,6.8581376,0.46994555,3.442247,0.6964326,4.4605284,2.4429739,-288.46228,704004,180000,1800,11.236331037944183,2.9420127880293876,3.3018167570699006,17.48016058304347,2888.803116585128,179
8.610488,9.046888,375.59354,-377.39752,255.40869,8.096154,-785.8182,-377.38477,255.31662,8.059207,-785.4124,-377.17566,255.36331,8.317831,-783.56067,8.610488,34.226826,383.4177,9.406591e-06,9.046887,33.572773,369.47766,0.00063541904,0.061907545,0.88486665,1.0,-1.0,-3.1886299,1.2035974,-0.74810785,-7.613219,-318.863,96.83962,-200.37773,-473.26086,-0.048674,0.65114367,1.0,-1.0,10,-5.799231501644431,1.0251142165629978,-3.822525607230614,-9.348654926918678,-579.9231501644431,85.55946080071976,-437.6906671313649,-718.860917508097,0.10637083502474393,0.7025780466392,1.0,-1.0,0.19086416365078052,0.09475328546302948,0.3740615878509169,0.04100104872508656,0.18372232658171084,0.10262536541542182,0.3740171172903409,0.043023080608694454,0.3481818181818182,0.4763939962566925,1.0,0.0,0.18181818181818182,0.385694607919935,1.0,0.0,0.12,0.32496153618543844,1.0,0.0,0.09090909090909091,0.2874797872880344,1.0,0.0,0.0,0.0,0.0,0.0,0.0,0.0,0.0,0.0,0.08272727272727273,0.2754695465462202,1.0,0.0,0.09090909090909091,0.2874797872880344,1.0,0.0,0.08110729416622073,0.04674964742169066,0.22470967629074035,0.005623276864302799,0.1110851497893968,0.06170787194670754,0.22470967629074035,0.01979829065040864,0.17302036296189408,0.0994780128763434,0.3413195863027872,0.04367014072283829,0.17597479283067954,0.09696845837555641,0.3413179863483812,0.044583305411749825,0.25412765712811475,0.11581486724876726,0.5174915300498608,0.06706834843456913,0.28705994262007634,0.1217601876156156,0.5169365566508892,0.1303166867987208,2.0,0.0,2,2,2.0,0.0,2,2,11.641562580802766,3.9133962403206226,27.98189698744106,3.9242343880669903,13.615315202446952,3.6402348543446097,17.783299795988004,6.520095809543646,-0.6572727272727272,0.4746212060751167,0.0,-1.0,-0.8181818181818182,0.385694607919935,0.0,-1.0,3.1886296,1.2035973,7.613219,0.74810785,3.8134003,1.049355,5.500506,2.2495625,-318.863,708004,181000,1810,10.586615863721818,3.0821875130059198,3.254635555204004,16.92343893193174,2905.7124511391157,180
8.990198,9.004699,369.58313,-371.95667,248.02522,-17.966667,-742.0109,-371.64645,248.27728,-17.561466,-747.04877,-371.73636,247.79451,-17.471983,-746.69305,8.990198,17.207357,118.33599,0.00010837453,9.004699,15.369796,85.6506,0.0035777688,0.022062887,0.8701628,1.0,-1.0,-3.2614036,1.2145742,-1.0413858,-6.070486,-326.14038,114.09886,-179.3208,-553.83,-0.08791942,0.66747636,1.0,-1.0,10,-5.7817198447680616,0.9929111784459698,-3.822865122600691,-9.056610328921721,-578.1719844768061,64.87845671126661,-501.274272364187,-739.7961147982467,0.14417652960035918,0.7003362811321259,1.0,-1.0,0.2679586280089496,0.08659066654073597,0.41814425825337226,0.0824376480687214,0.28838963156846814,0.07999218549008512,0.3885386534855335,0.12665004564435675,0.2781818181818182,0.4481034414227099,1.0,0.0,0.18181818181818182,0.38569460791993493,1.0,0.0,0.0,0.0,0.0,0.0,0.0,0.0,0.0,0.0,0.0,0.0,0.0,0.0,0.0,0.0,0.0,0.0,0.0,0.0,0.0,0.0,0.0,0.0,0.0,0.0,0.10001327731119111,0.0680479914721433,0.29459438093347956,0.011141955667465763,0.11376232774786707,0.06942827206111589,0.2889141236597283,0.03903865975599366,0.2233798840071148,0.07902626320426395,0.36090235634005086,0.12034864827305068,0.22337832163809737,0.07902819478423957,0.3609011983866593,0.12034864827305068,0.32339316131830587,0.1188949914212933,0.610159436522862,0.15791815062163247,0.33714064938596444,0.11574399580485531,0.6044791792491108,0.16154704961987,2.0,0.0,2,2,2.0,0.0,2,2,11.354779125183093,2.3984675302103247,25.256527167290745,4.734335550280823,12.646759634109953,1.7330618776423516,16.153489082386947,9.86299769683936,-0.72,0.44899888641287294,0.0,-1.0,-0.9090909090909091,0.28747978728803447,0.0,-1.0,3.2614036,1.2145742,6.070486,1.0413858,3.4517202,1.0916357,5.6837797,1.9507153,-326.14038,712004,182000,1820,9.835108540370129,3.0669192760251462,3.114603584748693,16.016631401143968,2921.550141550484,181
9.992441,8.2163725,370.77823,-372.50854,253.73154,-6.095272,-756.69574,-372.1302,253.3081,-6.0365,-756.78253,-371.65717,253.56293,-5.469809,-756.23706,9.99244,16.906406,134.14203,0.0027232803,8.2163725,12.587246,72.12243,2.444163e-05,0.070868775,0.86887264,1.0,-1.0,-2.9455516,1.448789,-0.41879883,-7.912002,-294.55518,120.53538,-138.97456,-592.77515,0.11751872,0.7398833,1.0,-1.0,10,-6.304673987731258,0.9839577985973593,-4.197909788063871,-9.31212751663499,-630.4673987731255,53.80555027742395,-531.1161922884155,-738.5941815425886,0.08061006145612153,0.6770908675818103,1.0,-1.0,0.20912067028199013,0.07740295808754456,0.37082089282931197,0.06398696308172999,0.2190483428627956,0.08808556294402585,0.3705349176076355,0.06820229276355631,0.2681818181818182,0.4430127882787498,1.0,0.0,0.09090909090909091,0.28747978728803447,1.0,0.0,0.0,0.0,0.0,0.0,0.0,0.0,0.0,0.0,0.0,0.0,0.0,0.0,0.0,0.0,0.0,0.0,0.0,0.0,0.0,0.0,0.0,0.0,0.0,0.0,0.12503035317694444,0.08661427539102416,0.3102365305818503,0.01980108080009343,0.1655091118489312,0.0998525899123287,0.3102365305818503,0.03913202484226877,0.174759058444775,0.06847995610653868,0.3217900054778944,0.06044487332323973,0.1777320442837647,0.06847503396176675,0.32178863364579274,0.06783848729148026,0.2997894116217194,0.10502000795599455,0.5468168865673511,0.10361544716241797,0.34324115613269596,0.1246468135834042,0.4834778495386488,0.10697051213374903,2.0,0.0,2,2,2.0,0.0,2,2,11.500039061672846,3.762331099371073,26.809150772958912,2.8320704153269642,14.131015584123292,4.113508051482814,22.10955143176018,7.857744241179189,-0.6209090909090909,0.4851607895693315,0.0,-1.0,-0.7272727272727273,0.4453617714151233,0.0,-1.0,2.9455516,1.448789,7.912002,0.41879883,3.731384,1.8436313,7.554662,1.0225836,-294.55518,716004,183000,1830,9.891674398561008,2.8881034289952368,3.143187210895121,15.922965038451366,2937.5532814838225,182
6.3239884,4.9938564,366.52325,-368.0659,247.14499,-15.804484,-732.60986,-368.3656,247.42125,-15.384289,-733.47266,-368.39398,247.50937,-14.954375,-736.35504,6.323989,9.229192,52.16059,0.00015808642,4.9938564,7.3724504,45.81457,0.0018938221,0.14135554,0.87446576,1.0,-1.0,-3.4459758,1.2482111,-1.1649426,-7.6028705,-344.59763,109.28441,-143.56554,-470.11032,0.045026697,0.6515037,1.0,-1.0,10,-6.040418142823742,1.003767170582412,-4.090883239084885,-8.407205308584963,-604.0418142823742,76.7177579893123,-477.6753071378537,-728.7600010545416,0.14285685803985582,0.69712161794324,1.0,-1.0,0.24223779225559972,0.06597404574731372,0.36742049443700975,0.12000981604673308,0.23078155970289863,0.06846588419534205,0.3625755226149696,0.12318416099908393,0.3236363636363636,0.467863086563361,1.0,0.0,0.18181818181818182,0.38569460791993493,1.0,0.0,0.0,0.0,0.0,0.0,0.0,0.0,0.0,0.0,0.0,0.0,0.0,0.0,0.0,0.0,0.0,0.0,0.0,0.0,0.0,0.0,0.0,0.0,0.0,0.0,0.10791343709818733,0.07145153703714353,0.362866183010763,0.020840843463672643,0.13761621340310415,0.08469819472676764,0.3472718171425152,0.027710434627508954,0.24613044191026576,0.06659341847094137,0.39128320928049604,0.16743572789927766,0.24613042289616527,0.06659341671932892,0.39128254061487927,0.16743572789927766,0.354043879008453,0.11436594323394488,0.6974084915256513,0.21650318140366884,0.3837466362992694,0.13173689563832505,0.6818141256574008,0.22559994047024928,2.0,0.0,2,2,2.0,0.0,2,2,10.733670910059633,3.2167890229123266,27.91623764927109,5.4706655416563255,12.236112162980435,3.5132531891999785,18.976885107856095,6.468887477017313,-0.5472727272727272,0.4977602728786201,0.0,-1.0,-0.7272727272727273,0.4453617714151233,0.0,-1.0,3.445976,1.2482111,7.6028705,1.1649426,3.6805794,1.2547505,5.589832,1.4846946,-344.59763,720004,184000,1840,9.992670355713926,2.9695148980244994,3.1071357266046107,16.069320980343036,2953.692331656115,183
8.556447,8.673032,378.08676,-380.0255,249.65686,-1.4242127,-749.2358,-380.0973,249.43138,-1.8498838,-745.58,-380.3734,249.6222,-2.203335,-747.54584,8.556447,13.667393,68.7417,0.0004774481,8.673031,14.509208,99.39332,0.00061104074,0.08807941,0.8556337,1.0,-1.0,-3.3957553,1.1394525,-1.0265797,-7.424342,-339.57547,97.940315,-183.13745,-506.47644,0.0913988,0.7028483,1.0,-1.0,10,-6.054373861844574,1.0835067216677552,-3.049289980211495,-9.455700444730647,-605.4373861844574,74.19449893076462,-519.2719120379434,-788.1706139443664,0.1572601543142107,0.6984871347996491,1.0,-1.0,0.2203465153567874,0.07084591739010991,0.38653298241871725,0.08648839332710788,0.23978123047364958,0.08128439157386338,0.38486038872114237,0.12459981746664024,0.21454545454545454,0.4105066412122206,1.0,0.0,0.09090909090909091,0.2874797872880344,1.0,0.0,0.0,0.0,0.0,0.0,0.0,0.0,0.0,0.0,0.0,0.0,0.0,0.0,0.0,0.0,0.0,0.0,0.0,0.0,0.0,0.0,0.0,0.0,0.0,0.0,0.10630813471812382,0.06448900495294126,0.33499133537946124,0.00834380895980745,0.13794277106324443,0.07478286226423116,0.33499133537946124,0.037477621467783766,0.20717444183561864,0.07353112053494593,0.3452654448547758,0.08991774417996418,0.20717442537707179,0.0735311196687614,0.3452642971629998,0.08991774417996418,0.31348257655374245,0.10922840775413643,0.680255632542461,0.1638427168483224,0.3451171964403162,0.12855098477178045,0.680255632542461,0.21164082278338117,2.0,0.0,2,2,2.0,0.0,2,2,12.506317776175825,3.134263296557328,26.816882274655235,5.220619810269976,13.935280827929004,2.6151533802820777,20.629999842523002,10.459901280332904,-0.7572727272727273,0.428731552141492,0.0,-1.0,-1.0,0.0,-1.0,-1.0,3.3957553,1.1394525,7.424342,1.0265797,3.9499795,0.99611604,5.3957047,2.0931144,-339.57547,724004,185000,1850,9.961027586017735,3.0400350629352033,3.137886790325865,16.138949439278804,2969.7288277574116,184
8.824883,6.9245367,373.9892,-375.72278,246.76866,-17.369663,-790.30347,-376.1737,246.87198,-17.430851,-786.4886,-376.26685,246.78409,-16.023706,-784.3132,8.8248825,15.730932,90.319885,0.00029219314,6.9245367,12.438003,79.727875,0.0014078526,0.0040360466,0.8810784,1.0,-1.0,-2.9601762,1.2030317,-0.91285354,-6.2226987,-296.01758,113.26303,-152.87373,-531.7114,0.0027933735,0.5909128,1.0,-1.0,10,-5.971056510170944,0.7692192828231432,-3.417323853651745,-8.234922599942609,-597.1056510170944,41.85751002994123,-531.08169285942,-671.0199664351142,0.1935094194055754,0.6957833109005884,1.0,-1.0,0.23866524370741032,0.09220010070278192,0.4234949085309623,0.07510438041964744,0.24584519890502599,0.1034990015537711,0.4234097253990945,0.08443456085885251,0.3472727272727273,0.4761033292944813,1.0,0.0,0.36363636363636365,0.48104569292083466,1.0,0.0,0.12,0.32496153618543844,1.0,0.0,0.18181818181818182,0.38569460791993493,1.0,0.0,0.0,0.0,0.0,0.0,0.0,0.0,0.0,0.0,0.0,0.0,0.0,0.0,0.0,0.0,0.0,0.0,0.09726558281673112,0.0665887573786224,0.2795648122657724,0.012200289458715471,0.10661312976073713,0.07062603020890446,0.27274626380234146,0.030431667081743115,0.21974656729359535,0.09430164315409331,0.33938626456044985,0.04659556827270008,0.2190446694347841,0.09549721030547281,0.3393836627466548,0.051730296495847025,0.31701215011032646,0.13113273975335493,0.6189484750124272,0.0985473128206203,0.32565779919552124,0.14083435012409903,0.6121299265489963,0.10398520038390816,2.0,0.0,2,2,2.0,0.0,2,2,10.5540204696337,3.066953655979,26.435538160140123,5.269711353292548,11.321696694334719,2.987190812181819,18.0209771397213,7.783059117546282,-0.43727272727272726,0.4960496842617666,0.0,-1.0,-0.5454545454545454,0.49792959773196915,0.0,-1.0,2.9601762,1.2030317,6.2226987,0.91285354,2.999851,1.1633388,5.4502573,1.6115401,-296.01758,728004,186000,1860,9.827268294175155,2.936314339051023,3.1069383044959977,15.870520937722176,2985.5807834060397,185
15.610508,13.53893,373.48572,-375.26447,245.20343,-8.104472,-759.2328,-375.57312,245.2859,-6.6318994,-758.67676,-374.76947,244.81053,-10.317421,-755.60205,15.610507,42.65967,301.818,2.2664666e-05,13.538929,33.865063,189.5126,6.262213e-06,0.074068084,0.86648035,1.0,-1.0,-3.3023953,1.1918342,-0.78650403,-7.798542,-330.23953,103.78312,-173.59718,-508.56583,0.010851172,0.6953022,1.0,-1.0,10,-5.6818070126013716,1.0392521037413096,-2.270425138994145,-8.67737595404218,-568.1807012601372,63.323566242720865,-471.1343037755905,-707.2054333315459,0.06812743919773112,0.6949870634817136,1.0,-1.0,0.24593767861143462,0.09817478613982715,0.44232855614914407,0.0844861641780869,0.2712648572606567,0.09649179534584396,0.44232855614914407,0.10638797124823646,0.19,0.39230090491866065,1.0,0.0,0.09090909090909091,0.2874797872880344,1.0,0.0,0.0,0.0,0.0,0.0,0.0,0.0,0.0,0.0,0.0,0.0,0.0,0.0,0.0,0.0,0.0,0.0,0.0,0.0,0.0,0.0,0.0,0.0,0.0,0.0,0.10441404252829999,0.04920239863999187,0.30660656948858717,0.01933034953480473,0.12216969676983315,0.0646742099546495,0.2978124753280196,0.04581826861484848,0.21884532675938875,0.0844791579204631,0.36972426184166735,0.11046593209974286,0.2183959238373551,0.08503600517101724,0.36972217135905583,0.11046593209974286,0.3232593692876888,0.09652288567433698,0.5451659643220501,0.136036268622789,0.34056562060718826,0.08384669179390208,0.47145292792547056,0.19980971690517996,2.0,0.0,2,2,2.0,0.0,2,2,11.755465065308867,3.6260218028818745,28.13263800340048,5.489224003579774,13.82457631073796,3.9665402709680886,22.082188584287774,10.262928662372667,-0.6381818181818182,0.48052657067426247,0.0,-1.0,-1.0,0.0,-1.0,-1.0,3.3023953,1.1918342,7.798542,0.786504,3.8633394,1.2687136,6.141913,2.4053216,-330.23953,732004,187000,1870,9.909767398727126,2.9179914901033044,3.097917434759438,15.925676323589869,3001.5189067616593,186
13.0363,16.339611,364.30627,-365.60123,242.3107,-3.295866,-700.3418,-364.60974,242.37694,-2.9821959,-699.1128,-366.26175,242.90128,-2.2443902,-701.38715,13.036301,28.338114,196.03952,0.0038076974,16.33961,28.346577,223.76414,1.5655532e-06,0.10168788,0.84503025,1.0,-1.0,-3.155434,1.352519,-1.0211502,-6.863847,-315.54343,123.77679,-195.81845,-588.18616,0.11514455,0.638842,1.0,-1.0,10,-5.615236147970962,0.7840716511542443,-4.022764756966622,-8.248630096469089,-561.5236147970961,49.099776782273274,-503.9535578135407,-631.7622504756017,0.17220933488480503,0.6811056420820584,1.0,-1.0,0.2089905994812289,0.07092934891319329,0.3594922968169396,0.06967045638671193,0.21998442883194122,0.07426545768487901,0.3526549627859419,0.06967045638671193,0.18272727272727274,0.3864427726441854,1.0,0.0,0.09090909090909091,0.2874797872880344,1.0,0.0,0.0,0.0,0.0,0.0,0.0,0.0,0.0,0.0,0.0,0.0,0.0,0.0,0.0,0.0,0.0,0.0,0.0,0.0,0.0,0.0,0.0,0.0,0.0,0.0,0.12993577513929652,0.08657062253309122,0.380972381249034,0.01875195590856037,0.15167207077000258,0.10500447557279537,0.37654462930138805,0.021348096711549004,0.2084212826754578,0.07704990853410719,0.3471303166421161,0.07456703625350727,0.2103930171929624,0.07401074670972005,0.3471292895400318,0.10923109057286573,0.3383570578147543,0.12609262215639125,0.6997945489543209,0.1074788010753358,0.362065087962965,0.14861781227740464,0.6997945489543209,0.2066493558338085,2.0,0.0,2,2,2.0,0.0,2,2,11.491730240070734,4.210537634708031,26.360940662620973,5.765794214992628,12.604389421498256,4.324203803254653,21.32868425409231,7.22913814316508,-0.5272727272727272,0.499255644281672,0.0,-1.0,-0.6363636363636364,0.4810456929208346,0.0,-1.0,3.155434,1.352519,6.863847,1.0211502,3.467796,1.4061759,6.2123976,1.8837458,-315.54343,736004,188000,1880,9.970269175013527,2.9313573049148545,3.1364388935035095,16.03806537343189,3017.6004303341033,187
12.002691,12.003907,369.6454,-370.46002,249.88148,-6.542719,-838.26,-369.3102,248.99487,-5.471925,-838.30194,-370.38293,249.40266,-6.835163,-842.331,12.002691,32.295918,262.28418,0.005380635,12.003908,23.049482,189.34627,7.301569e-07,0.047214046,0.8672175,1.0,-1.0,-3.737556,1.3588066,-0.97350454,-7.335318,-373.75558,112.67395,-182.0352,-565.024,0.004618258,0.73958206,1.0,-1.0,10,-6.216007975225425,1.077319425053365,-2.930551255144766,-8.529067744688792,-621.6007975225426,89.70027670754781,-389.846547490616,-764.6150637371311,0.13129079441512018,0.7015823030227383,1.0,-1.0,0.20803675405299873,0.0726098698923713,0.4168875610887542,0.08281457643132539,0.20655167546807346,0.08144287066245469,0.3489931911256741,0.08633798734435282,0.1409090909090909,0.3479277496956293,1.0,0.0,0.0,0.0,0.0,0.0,0.09090909090909091,0.28747978728803447,1.0,0.0,0.09090909090909091,0.28747978728803447,1.0,0.0,0.0,0.0,0.0,0.0,0.0,0.0,0.0,0.0,0.0,0.0,0.0,0.0,0.0,0.0,0.0,0.0,0.13713039685126308,0.07852650767934272,0.3730345446283699,0.01481496571412432,0.2074211641904073,0.08199665671333535,0.3730345446283699,0.09263883518209369,0.17226166536851348,0.0728132548181969,0.3060583982799459,0.05125607147579802,0.17207357797552658,0.07301773372066143,0.3060559685549048,0.05125607147579802,0.30939206221977655,0.1065820582409104,0.5611137698294044,0.07845283826684457,0.3794947421659339,0.10533590297540478,0.5611137698294044,0.20439548391893422,2.0,0.0,2,2,2.0,0.0,2,2,13.524006939620241,4.0795406660910905,26.459068517335886,5.704347209430388,16.593532965920016,3.9294522511535432,23.94481673277148,11.874354390673604,-0.79,0.40730823708832603,0.0,-1.0,-1.0,0.0,-1.0,-1.0,3.737556,1.3588066,7.335318,0.97350454,4.676647,1.5023648,7.287911,2.0524454,-373.75558,740004,189000,1890,9.738775495206937,2.974737957934849,3.1396553489612415,15.853168802103028,3033.391067239456,188
14.939174,15.910681,370.4165,-371.38452,244.39186,8.669787,-721.6256,-371.72867,244.19205,6.738428,-719.3687,-372.2066,244.7142,6.171887,-721.35785,14.939175,30.553606,200.77112,0.0024865903,15.910681,39.489857,251.33685,6.392971e-05,0.0008010492,0.88098556,1.0,-1.0,-2.6232998,0.97035956,-0.94426864,-7.4308033,-262.33,78.274086,-170.17801,-422.80936,-0.09159605,0.5930744,1.0,-1.0,10,-6.0782082360784315,0.8223617522521852,-4.181096995341551,-8.392687828440357,-607.8208236078431,58.10359478192655,-520.5472053276997,-710.1552155741149,0.0698428777102436,0.6711578865789876,1.0,-1.0,0.25559258823659453,0.10268843597829037,0.4525129542199963,0.04091701325186702,0.26337152541569464,0.10870299239239221,0.4340718042740018,0.04237189908405709,0.4009090909090909,0.4900826376597493,1.0,0.0,0.36363636363636365,0.4810456929208346,1.0,0.0,0.09090909090909091,0.28747978728803447,1.0,0.0,0.09090909090909091,0.2874797872880344,1.0,0.0,0.0,0.0,0.0,0.0,0.0,0.0,0.0,0.0,0.03,0.17058722109231983,1.0,0.0,0.09090909090909091,0.2874797872880344,1.0,0.0,0.10265514080967986,0.08499262346449855,0.31589782493410756,0.013044885895219929,0.11818866307019055,0.09947297395549677,0.3103638544192561,0.02245743282019761,0.1950682516601755,0.09763246321849665,0.38098534793555966,0.04518430173161757,0.19457437646281586,0.09835552926542912,0.38098331025439186,0.046663451801632144,0.2977233924698553,0.13259820704016756,0.5568183249377477,0.07409626373075558,0.31276303953300644,0.15686687369381738,0.5440216528914246,0.08350881065573326,2.0,0.0,2,2,2.0,0.0,2,2,9.794194276975414,2.907725099791308,26.551108904959978,4.135468436902671,11.412098179974414,2.487853803915996,16.776856048886042,6.543218047883268,-0.35909090909090907,0.4797339138513907,0.0,-1.0,-0.8181818181818182,0.38569460791993504,0.0,-1.0,2.6232998,0.9703595,7.4308033,0.94426864,3.0644941,0.8877152,4.6823244,1.8238701,-262.33,744004,190000,1900,9.807977608055808,2.9127397330012172,3.100801969994791,15.821519311051816,3049.2484941734,189
12.029221,11.288282,371.71555,-373.227,255.23814,-21.373104,-738.9584,-373.60944,255.34114,-21.48397,-738.9996,-372.9107,255.45204,-19.689518,-742.3214,12.02922,30.30824,224.18958,0.00033109827,11.288281,26.214802,186.46483,7.445697e-05,0.10664937,0.85931224,1.0,-1.0,-3.4402857,1.0571984,-1.4383531,-7.767636,-344.02856,79.49864,-200.29819,-472.97998,0.12979063,0.7198275,1.0,-1.0,10,-6.122962971960094,0.9851028221610425,-3.877320874252642,-9.597235437210632,-612.2962971960094,80.35203790009642,-527.0210451214513,-816.1698981364548,0.15061086705674068,0.698624054241155,1.0,-1.0,0.2312934313344793,0.08917430696296459,0.434036009320438,0.06719556381298532,0.24316633295304496,0.09770562307029637,0.3906844063253754,0.10976867847759807,0.08727272727272728,0.2822342969008328,1.0,0.0,0.0,0.0,0.0,0.0,0.09090909090909091,0.28747978728803447,1.0,0.0,0.09090909090909091,0.2874797872880344,1.0,0.0,0.0,0.0,0.0,0.0,0.0,0.0,0.0,0.0,0.0,0.0,0.0,0.0,0.0,0.0,0.0,0.0,0.14790069639643294,0.08655085463737644,0.3678386346427235,0.02788432804297101,0.21474357216348253,0.09120841280117346,0.36330254497533243,0.09763311424518156,0.2146284574307884,0.0965133862478369,0.36304573885527724,0.022160369893004572,0.21458150500274567,0.09660662451960206,0.36304429311963743,0.022160369920300918,0.3625291538272213,0.13137816499982216,0.6200705269994078,0.09067509328268707,0.42932507716622825,0.14929293509847613,0.6200705269994078,0.14201873666980314,2.0,0.0,2,2,2.0,0.0,2,2,12.599923424827114,3.311122197348892,27.582251117362933,5.578935502221454,15.087747774898226,2.5699467095304613,19.333384639791923,10.88503340950447,-0.7518181818181818,0.43195787214239434,0.0,-1.0,-1.0,0.0,-1.0,-1.0,3.4402857,1.0571984,7.767636,1.4383532,4.2527595,1.0598754,5.949725,2.1843226,-344.02856,748004,191000,1910,9.819950403063558,2.948488782043569,3.0993085936643183,15.867747778771445,3065.148381060455,190
9.05013,8.201254,372.66833,-374.17767,249.00032,-17.542242,-812.4043,-375.01697,248.9518,-17.519415,-813.54156,-373.73526,248.97763,-17.559326,-814.636,9.05013,15.352732,115.968834,0.00011670962,8.201255,12.993108,95.28385,0.005672708,0.10216055,0.87584555,1.0,-1.0,-3.2715344,1.2163224,-0.31758788,-7.607013,-327.15344,107.70119,-136.3765,-578.0648,0.06799453,0.67261547,1.0,-1.0,10,-5.825147776837736,0.9803120242209903,-3.607892498297252,-8.814259425663053,-582.5147776837733,70.57850489624155,-444.7016975162096,-675.5809508268999,0.017963781177525413,0.6609171224095086,1.0,-1.0,0.23216022556902066,0.09043105502083022,0.42084587555308745,0.040232710070530205,0.2321288411701369,0.10028892930310561,0.416880544497318,0.07997997259377682,0.1918181818181818,0.3937308305710245,1.0,0.0,0.09090909090909091,0.2874797872880344,1.0,0.0,0.0,0.0,0.0,0.0,0.0,0.0,0.0,0.0,0.0,0.0,0.0,0.0,0.0,0.0,0.0,0.0,0.02181818181818182,0.14608952310255027,1.0,0.0,0.0,0.0,0.0,0.0,0.11424855868077351,0.07284889262067697,0.3119147432066573,0.0028962567713100374,0.1288043208162651,0.0638217561597078,0.3087059146784683,0.05729174151291144,0.21860879629894933,0.07163423171372729,0.37484264468872075,0.11700737448333977,0.2186033485202712,0.0716240172363735,0.3748410316905094,0.1277003313937781,0.33285735497972285,0.10830071489627446,0.5906033168490146,0.1619330964150504,0.3474076693365362,0.0983144658423111,0.5873944883208256,0.1952166306585909,2.0,0.0,2,2,2.0,0.0,2,2,10.767266186482834,2.7007610622509364,26.827491107507875,3.4647541525982684,12.19406701954406,2.770863147627429,16.929519864121396,5.913375711297262,-0.6990909090909091,0.45865325673907015,0.0,-1.0,-0.9090909090909091,0.28747978728803447,0.0,-1.0,3.2715344,1.2163224,7.607013,0.31758788,3.568827,1.3167208,6.098784,0.8716258,-327.15344,752004,192000,1920,9.906717282603495,2.981512163998559,3.125223216600716,16.01345266320277,3081.1130602966296,191
11.714413,12.627529,372.81335,-375.9672,250.89012,-9.942302,-759.25995,-375.75146,250.7837,-9.49295,-760.09216,-375.2992,250.7603,-7.657116,-769.10657,11.714413,19.324291,96.9559,5.1870942e-05,12.627529,30.775415,294.14114,9.68948e-06,0.038838193,0.8764647,1.0,-1.0,-3.363414,1.0245739,-0.985612,-7.4508247,-336.34143,66.562706,-243.74945,-447.2505,0.044564284,0.7214372,1.0,-1.0,10,-5.893014092132987,0.8709293544033363,-3.887810475723507,-8.830958331263266,-589.3014092132988,44.801931625327384,-509.5060420567956,-666.9172473992938,0.12511841931686685,0.7006799612693413,1.0,-1.0,0.2063129623583045,0.07505681092715608,0.34062588633293334,0.07324282006712175,0.2125055713350686,0.09166633829430867,0.33978355241069574,0.08474841467348765,0.18454545454545454,0.38792838224608694,1.0,0.0,0.09090909090909091,0.2874797872880344,1.0,0.0,0.09090909090909091,0.28747978728803447,1.0,0.0,0.09090909090909091,0.2874797872880344,1.0,0.0,0.0,0.0,0.0,0.0,0.0,0.0,0.0,0.0,0.0,0.0,0.0,0.0,0.0,0.0,0.0,0.0,0.10255679005488126,0.04047014515083665,0.21936247324118865,0.010836428495846463,0.12605591490365778,0.04780654354798734,0.19818014224435374,0.05468297618452231,0.19823849100654936,0.08937428418923599,0.32818222193302177,0.0283614418315365,0.20077063886843158,0.09191131051979318,0.3281818970138212,0.02836144229725496,0.30079528106143066,0.09763964161426773,0.5475446951742104,0.07525917198576394,0.32682655377208936,0.10456377648595827,0.4778921788933883,0.11642244579237383,2.0,0.0,2,2,2.0,0.0,2,2,12.51014896858555,2.9758140718126764,27.34970618300696,5.544331144794406,14.01156370216823,3.286389797151388,22.626273459693227,9.475970540557078,-0.8263636363636364,0.37879648475072225,0.0,-1.0,-0.9090909090909091,0.28747978728803447,0.0,-1.0,3.3634145,1.0245739,7.4508247,0.985612,3.782753,1.1162603,5.9978213,2.2790089,-336.34143,756004,193000,1930,9.838145925896242,2.933052267995663,3.1013836530037224,15.872581846895628,3097.056694654515,192
13.411462,10.246156,374.25482,-375.70264,250.57672,-19.912548,-754.35504,-375.9323,250.89563,-20.029463,-756.4928,-376.6429,251.11789,-19.683441,-755.3005,13.411462,55.15568,616.55096,0.0014044195,10.246156,21.269882,176.17119,0.0052278354,0.116339065,0.8653323,1.0,-1.0,-3.631159,1.3340762,-1.0279683,-6.3553667,-363.11594,118.736725,-180.69502,-591.5182,-0.011562335,0.68486255,1.0,-1.0,10,-6.070912819353186,0.9298030878931701,-3.6527147270266513,-9.084167312730095,-607.0912819353186,52.01255537334753,-477.06936376512243,-680.9754111906997,0.11579574674231785,0.665783866563559,1.0,-1.0,0.22437835216087185,0.04454086662180957,0.35676067053040433,0.1232990163502812,0.24720135466798726,0.04893898869551141,0.3273100728248421,0.14554603921418754,0.22727272727272727,0.4190702026042221,1.0,0.0,0.18181818181818182,0.38569460791993493,1.0,0.0,0.0,0.0,0.0,0.0,0.0,0.0,0.0,0.0,0.0,0.0,0.0,0.0,0.0,0.0,0.0,0.0,0.0,0.0,0.0,0.0,0.0,0.0,0.0,0.0,0.11801740603884711,0.07985717155780421,0.38460888103821816,0.003833492880501908,0.15739538977182854,0.09683872449741188,0.3845420645323682,0.04028698201161691,0.19841803181165765,0.030945816296176522,0.23997674571637803,0.13756442487661605,0.1984180066783514,0.030945821027489807,0.23997530405533582,0.13756442487661605,0.31643543785050476,0.08700947278004158,0.614308102822143,0.1468141122903712,0.35581339645017995,0.09946263608281458,0.614241286316293,0.2373037655589881,2.0,0.0,2,2,2.0,0.0,2,2,12.0302881740439,4.423356274840994,24.8801355646063,4.158399641893423,13.77516657127549,4.015166322918698,19.89384785862374,7.52261028588243,-0.6236363636363637,0.4844729606353454,0.0,-1.0,-0.8181818181818182,0.385694607919935,0.0,-1.0,3.631159,1.3340763,6.355366,1.0279683,4.1908183,1.0595763,5.6477003,2.1731825,-363.11594,760004,194000,1940,9.787376271327958,3.0053692089859396,3.101958504295908,15.894703984609805,3112.8445156920934,193
14.304196,11.74187,362.13687,-364.3597,235.54967,-12.945802,-766.78906,-364.88437,236.0404,-13.511398,-764.24255,-365.46307,235.96988,-16.805502,-762.9526,14.304197,24.85092,154.19685,1.4032761e-05,11.741871,20.95136,125.61397,0.0051060896,0.018892162,0.8670335,1.0,-1.0,-2.7627077,0.8947181,-0.60949874,-6.3735642,-276.27075,70.69827,-198.62892,-423.6882,-0.12153143,0.6135208,1.0,-1.0,10,-5.977088420991691,0.9933277558726025,-4.200647652768913,-8.881673704531122,-597.708842099169,77.44743932275027,-479.48445406091645,-719.9016770712071,0.008400966087147082,0.725651758282348,1.0,-1.0,0.22557241565944383,0.06785722710465257,0.3350800292804514,0.07398937501993373,0.23441963111589306,0.061351830317175275,0.3296803454019884,0.11664969048727855,0.2636363636363636,0.4406043933110048,1.0,0.0,0.09090909090909091,0.2874797872880344,1.0,0.0,0.0,0.0,0.0,0.0,0.0,0.0,0.0,0.0,0.0,0.0,0.0,0.0,0.0,0.0,0.0,0.0,0.0,0.0,0.0,0.0,0.0,0.0,0.0,0.0,0.09005108186410431,0.047065279617953905,0.20349742071971058,0.0077126160446536925,0.09540556541302703,0.04503440257640007,0.1870541489530867,0.032549831932875625,0.19671258418876436,0.04825925446240566,0.2442956668823398,0.06495081864090653,0.19655557311237803,0.04867734102574085,0.24429248905421116,0.06495081874956443,0.2867636660528687,0.07542179924017499,0.42339769392681736,0.09412848702425773,0.29196113852540506,0.06704124611143468,0.4069544221601935,0.1652618396704019,2.0,0.0,2,2,2.0,0.0,2,2,10.118382471452096,2.712604501928893,25.57552415106466,5.449015021623849,11.370080854305673,3.173911344183005,17.256449128497255,6.600022135971174,-0.41545454545454547,0.4928002294192876,0.0,-1.0,-0.5454545454545454,0.49792959773196915,0.0,-1.0,2.7627077,0.8947181,6.3735642,0.60949874,3.1176145,0.9162003,4.642152,2.2089033,-276.27075,764004,195000,1950,9.79398787370883,2.8970770799787715,3.092428488424048,15.783493442111649,3128.644059889368,194
11.04616,9.374634,384.8393,-386.44336,258.99225,9.179569,-800.1801,-386.66364,259.87973,11.043085,-801.91986,-387.2301,259.93048,9.567312,-800.1192,11.04616,19.500208,119.372696,0.00022543967,9.374634,15.160825,92.62227,0.00040078163,0.09384647,0.87254477,1.0,-1.0,-3.2643673,1.2851532,-1.4322954,-8.00297,-326.43677,113.08201,-226.09581,-656.841,-0.07682639,0.68355155,1.0,-1.0,10,-5.747700702334401,0.8962618398105732,-4.012716400031246,-8.568500789739195,-574.77007023344,67.32360643078029,-475.45986611385143,-697.3050596773367,0.14329126761487165,0.6775551780927499,1.0,-1.0,0.2610558845524446,0.11417181763876753,0.4919066599422311,0.08691748044594086,0.2652387588054509,0.12353543210149098,0.4908772930237434,0.08691748044594086,0.19818181818181818,0.3986298848856755,1.0,0.0,0.09090909090909091,0.2874797872880344,1.0,0.0,0.0,0.0,0.0,0.0,0.0,0.0,0.0,0.0,0.0,0.0,0.0,0.0,0.0,0.0,0.0,0.0,0.0,0.0,0.0,0.0,0.0,0.0,0.0,0.0,0.12179683121270098,0.0749866301550548,0.3673463177118503,0.010109071348123142,0.15111663284669372,0.09013331130020533,0.36726977942487143,0.03485867913048007,0.21238432239128993,0.07465256536683186,0.397835314037952,0.11516911613132527,0.2123843064787464,0.07465256538866756,0.39783418678344706,0.11516911613132527,0.3341811536039909,0.09098096259748349,0.606229233246171,0.17115099374499576,0.36350093932544003,0.09117876901248666,0.5252421213601043,0.1849612168602583,2.0,0.0,2,2,2.0,0.0,2,2,12.056690229351034,3.8513605409785403,28.15345301327263,6.83655169379266,13.514531951841143,4.524913998649251,24.927669915427987,7.616577763293588,-0.6036363636363636,0.4891415992657253,0.0,-1.0,-0.7272727272727273,0.4453617714151233,0.0,-1.0,3.2643673,1.2851532,8.00297,1.4322956,3.68958,1.434453,7.4860177,2.225283,-326.43677,768004,196000,1960,10.133859031833708,2.914125715033151,3.1090409455355257,16.157025692402385,3144.8539863786427,195
12.523935,12.472927,360.78168,-362.98584,248.14345,-7.7715874,-814.4578,-362.96057,247.78148,-8.229979,-812.38513,-362.26816,247.25832,-9.425612,-810.4575,12.523935,23.035692,153.80602,0.0013646765,12.472928,21.987438,143.08885,7.043127e-05,0.066084385,0.859882,1.0,-1.0,-3.2761745,1.3406485,-0.5912595,-6.2814136,-327.61743,122.06517,-77.01918,-491.74777,0.23754811,0.59484917,1.0,-1.0,10,-5.696956143392449,0.9693648509816152,-3.809134950316799,-9.44481521503384,-569.6956143392448,67.57801376633063,-443.2649221549613,-645.0846867713092,0.19890729882607086,0.6614886901785728,1.0,-1.0,0.23862789203783388,0.05076956601724875,0.3709046022267321,0.12975466929263088,0.26501414905406395,0.06626051832959728,0.36323743888151466,0.15386344802180346,0.39,0.487749935930288,1.0,0.0,0.18181818181818182,0.38569460791993493,1.0,0.0,0.0,0.0,0.0,0.0,0.0,0.0,0.0,0.0,0.0,0.0,0.0,0.0,0.0,0.0,0.0,0.0,0.0,0.0,0.0,0.0,0.0,0.0,0.0,0.0,0.10008130346480584,0.07661957452342427,0.2995174261303586,0.005245075311442784,0.15245999402958094,0.09170483782753472,0.28612066176255774,0.019353288351287537,0.19452723238145483,0.03899285451108003,0.28350051851505653,0.11826378083715626,0.1945272148763597,0.038992848060688895,0.28349871098120155,0.11826378083715626,0.2946085358462607,0.07360107219004876,0.5003695469826331,0.15316468744575004,0.3469872089059406,0.080429877355309,0.4924011542748278,0.21309238061920965,2.0,0.0,2,2,2.0,0.0,2,2,10.880489468371557,3.170119602189665,23.615167582428345,3.3706173218469178,12.58023153920169,3.1492490417323644,17.108011123395713,4.256849649097909,-0.6081818181818182,0.4881564239205257,0.0,-1.0,-0.9090909090909091,0.28747978728803447,0.0,-1.0,3.2761745,1.3406485,6.281413,0.5912595,3.881687,1.3915235,5.50823,0.675712,-327.61743,772004,197000,1970,9.784567258320749,2.967245077015832,3.1085133475717157,15.860325682908297,3160.6633974064607,196
17.437038,17.49019,368.59174,-369.9737,245.57231,-9.339085,-759.4283,-369.78036,245.76808,-9.351999,-760.1627,-368.42267,245.3848,-5.5704017,-759.2123,17.43704,99.07733,1116.7994,0.0022839345,17.49019,98.79016,1111.7853,2.039969e-05,0.14703485,0.8585492,1.0,-1.0,-2.725109,0.970782,-0.9496183,-6.651721,-272.51096,74.99276,-160.63322,-424.52057,0.08252819,0.6867419,1.0,-1.0,10,-5.938439442668871,0.9061781974049861,-4.007621823157291,-8.52420953324422,-593.8439442668872,78.26179905997282,-465.58568544218457,-709.1229700149725,0.2511336897470058,0.6670164003074229,1.0,-1.0,0.2425570889043833,0.06980461556573508,0.3997814137015525,0.07878453669151057,0.27236203029425904,0.07287127799005064,0.39701743091960323,0.1709968909142987,0.23454545454545456,0.4237143900052495,1.0,0.0,0.09090909090909091,0.2874797872880344,1.0,0.0,0.0,0.0,0.0,0.0,0.0,0.0,0.0,0.0,0.0,0.0,0.0,0.0,0.0,0.0,0.0,0.0,0.0,0.0,0.0,0.0,0.0,0.0,0.0,0.0,0.10716971382928925,0.06156627741074804,0.23774767855434478,0.0066181370966810335,0.12364444247193317,0.06295992844175725,0.2340687408916688,0.03143141241925299,0.16979100023055488,0.0590882458746929,0.2985882516926441,0.07621758220530862,0.16979098247128255,0.05908824097663365,0.29858750894376834,0.07621758220530862,0.2769607140598441,0.0741275673965009,0.45539498185214417,0.11115573676750959,0.29343542494321573,0.06900940138113378,0.4202477451335365,0.1912563504704386,2.0,0.0,2,2,2.0,0.0,2,2,10.62804993184296,2.5915518546098886,26.4545813621773,5.293970949311035,12.502895213632662,2.0881344175211396,15.469498209567908,8.636661749903004,-0.5018181818181818,0.4999966942039477,0.0,-1.0,-0.8181818181818182,0.385694607919935,0.0,-1.0,2.725109,0.970782,6.6517205,0.9496183,3.2303154,0.9370172,4.6890755,1.783181,-272.51096,776004,198000,1980,9.799667652114294,2.916535430937074,3.089184698765166,15.805387781816535,3176.4833805843955,197
11.735465,10.3201275,370.372,-371.3257,250.97972,-11.473168,-749.2725,-370.96188,251.47263,-9.636321,-749.09485,-371.59265,251.84619,-11.185955,-754.38403,11.735465,24.970251,197.88438,3.4690835e-05,10.3201275,20.470842,128.20407,0.00025963783,0.118347526,0.86606896,1.0,-1.0,-3.3363225,1.080466,-1.2917488,-7.492041,-333.63226,86.45781,-232.40111,-531.04675,0.07973773,0.64442486,1.0,-1.0,10,-6.314061751527678,0.9715537992562321,-2.8593918013264,-9.235297570583294,-631.4061751527679,81.46715701900459,-497.6069063472595,-754.5356614697962,0.08985988624487064,0.7228090355822879,1.0,-1.0,0.20532276398290225,0.07180724837271919,0.3735274300748829,0.06027123636100801,0.18243862804476685,0.0689772504524824,0.2863534026401315,0.06027123636100801,0.30363636363636365,0.459827491907617,1.0,0.0,0.18181818181818182,0.38569460791993493,1.0,0.0,0.06181818181818182,0.24082502821525018,1.0,0.0,0.09090909090909091,0.2874797872880344,1.0,0.0,0.0,0.0,0.0,0.0,0.0,0.0,0.0,0.0,0.0,0.0,0.0,0.0,0.0,0.0,0.0,0.0,0.10303751788263775,0.06937525199451375,0.31814187954359596,0.007345178765430785,0.14292353249757928,0.09415355495280135,0.31814187954359596,0.014260849288773246,0.20013258365188571,0.07312242721127393,0.3222673910872506,0.05456206865954798,0.19936145873167696,0.07445906612125461,0.32226739082267847,0.054562068667444966,0.30317010153452345,0.09530846198751174,0.5329959764233658,0.13125777706995606,0.34228499122925626,0.10914986930257656,0.5329959764233658,0.13849367215101024,2.0,0.0,2,2,2.0,0.0,2,2,11.69839333170592,3.1310892420458596,27.398427286295085,6.065006046723259,13.790522269029896,2.063074883209548,17.47495687110726,9.954258322277754,-0.6663636363636364,0.47151154863467315,0.0,-1.0,-0.9090909090909091,0.28747978728803447,0.0,-1.0,3.3363225,1.080466,7.4920416,1.2917488,3.9816782,0.9170089,6.185292,2.8436897,-333.63226,780004,199000,1990,9.788660649210215,2.931498266989365,3.104965155129321,15.8251240713289,3192.4537968158256,198
20.849504,18.778704,359.58557,-360.65533,239.957,8.587471,-758.9328,-360.50095,239.65207,8.258427,-759.47986,-361.73438,240.1623,10.2435465,-756.5462,20.849506,79.36469,656.9746,0.00019535795,18.778706,63.378056,503.97153,0.0001837006,0.074926116,0.8674702,1.0,-1.0,-3.0594337,1.026421,-1.3117261,-6.332628,-305.94333,89.887,-167.5638,-468.4795,-0.04743791,0.6542676,1.0,-1.0,10,-5.783351971420879,0.9402445692045065,-3.564045381057684,-7.8968302135316994,-578.3351971420881,63.89367727852943,-446.92421223033455,-690.087595408215,0.14331638038287717,0.6622452743510225,1.0,-1.0,0.25922395377473595,0.07680316725422118,0.4385580358665534,0.12325568580988586,0.2528893567292765,0.07828949062905151,0.36466937931994864,0.13592086564333364,0.45181818181818184,0.4976730979234202,1.0,0.0,0.2727272727272727,0.4453617714151233,1.0,0.0,0.0,0.0,0.0,0.0,0.0,0.0,0.0,0.0,0.0,0.0,0.0,0.0,0.0,0.0,0.0,0.0,0.0,0.0,0.0,0.0,0.0,0.0,0.0,0.0,0.09003725054080591,0.061705397749419716,0.2534325543097859,0.011997227717108028,0.11779136066086225,0.07472178351130543,0.2534325543097859,0.03257571325534067,0.21994453844506118,0.06311379961813367,0.32631496829884415,0.12333846901919404,0.21994452023868272,0.06311380204783903,0.32631288289039706,0.12333846901919404,0.3099817889858671,0.07955911837372455,0.5797454372001829,0.15065797835264244,0.337735880899545,0.10451774344110523,0.5797454372001829,0.1559141822745347,2.0,0.0,2,2,2.0,0.0,2,2,10.513921386026203,2.230727432894873,25.393335425748983,5.284714961666986,12.111233643286658,1.974166277045013,14.676021971741276,8.63000051455384,-0.5145454545454545,0.4997883849711457,0.0,-1.0,-0.7272727272727273,0.4453617714151233,0.0,-1.0,3.0594337,1.026421,6.332628,1.311726,3.4599686,1.0519313,5.1306357,1.7875597,-305.94333,784004,200000,2000,9.677403503912501,3.076377992052585,2.9997453071409836,15.75352680310607,3207.8824546050746,199
9.550863,10.17429,363.93857,-365.75003,251.94331,-14.384811,-793.11346,-366.27597,252.81795,-13.991469,-796.04956,-365.8537,252.25885,-14.620701,-794.8735,9.550862,19.557272,167.30153,0.00026956573,10.17429,24.811144,193.0262,0.00028790534,0.10001847,0.8692954,1.0,-1.0,-2.574474,0.9232393,-0.43500078,-7.181248,-257.4474,61.999413,-193.24342,-430.86853,0.0046377806,0.6384103,1.0,-1.0,10,-6.345910051585237,1.2166819992586781,-4.133099723366059,-9.597095448290025,-634.5910051585238,101.7333136191256,-484.0694831794884,-762.0044800665306,0.13295207725441457,0.6869890040952158,1.0,-1.0,0.17987956237104444,0.07035820762905899,0.3354899265841562,0.08125964524542259,0.19008703450947786,0.07624470704588189,0.3319005837570309,0.0841480756360806,0.3981818181818182,0.48952329653576215,1.0,0.0,0.09090909090909091,0.28747978728803447,1.0,0.0,0.0,0.0,0.0,0.0,0.0,0.0,0.0,0.0,0.0,0.0,0.0,0.0,0.0,0.0,0.0,0.0,0.0,0.0,0.0,0.0,0.0,0.0,0.0,0.0,0.08546740485180705,0.05553174111899778,0.23722074401969986,0.015659331530877597,0.11304930079704864,0.04979600977770869,0.21850906434596387,0.03232018036292352,0.12891839931434,0.038727908141992846,0.21254243219692148,0.08299051238251265,0.12891838250757084,0.038727900220361294,0.21253930555766476,0.08299051238251265,0.21438580416614703,0.08417459639478315,0.4497600495773646,0.11656539331084116,0.24196768330461949,0.08179973484244259,0.4310483699036286,0.1286584186922411,2.0,0.0,2,2,2.0,0.0,2,2,10.580999585360379,3.006485781384561,27.152879441712308,3.4547372598787174,12.27018438597413,2.0677314899521946,16.85838977042803,9.59153718358124,-0.5790909090909091,0.49370500108786985,0.0,-1.0,-0.9090909090909091,0.28747978728803447,0.0,-1.0,2.574474,0.9232393,7.1812487,0.43500078,3.077056,0.7993805,5.0049486,2.1438317,-257.4474,788004,201000,2010,9.106782922171988,2.7517447429709136,2.8553498142864555,14.713877479429357,3223.0182688983623,200
13.468012,12.3800125,370.73444,-372.4272,241.10837,-10.658001,-725.4488,-372.84415,241.10762,-12.651891,-725.4877,-371.57233,241.083,-10.952294,-719.46173,13.468013,43.46168,449.56314,0.0012575127,12.3800125,38.26234,376.3198,7.1976334e-05,0.017248966,0.87837416,1.0,-1.0,-3.3801246,0.8792917,-1.4441158,-5.961639,-338.01245,77.79451,-179.14578,-414.99316,-0.06769346,0.6356059,1.0,-1.0,10,-6.683699892422116,1.0867726850896682,-4.473945345975287,-10.177223245025894,-668.3699892422115,81.26768483327453,-555.4987635443815,-814.1385195518221,0.1832070264285096,0.6783873228205426,1.0,-1.0,0.25569288296427056,0.06410776638294746,0.39663414866194757,0.12427608447378244,0.2653036145171533,0.06815876672200137,0.39663414866194757,0.132483606092483,0.21818181818181817,0.4130115160582017,1.0,0.0,0.0,0.0,0.0,0.0,0.0,0.0,0.0,0.0,0.0,0.0,0.0,0.0,0.0,0.0,0.0,0.0,0.0,0.0,0.0,0.0,0.0,0.0,0.0,0.0,0.0,0.0,0.0,0.0,0.11878127811149111,0.06583363384396192,0.33440390870885567,0.0035042855456469107,0.1558886290311767,0.06528095841517734,0.3299021929442411,0.08237216253817348,0.23149624434256402,0.05968431456804487,0.34556751015890697,0.14054990297369407,0.2314962243767769,0.05968432118989485,0.34556750980702705,0.14054990297369407,0.35027752245405513,0.09825648049940819,0.5957037821652216,0.17571124084891468,0.38738485340795364,0.10065097283917847,0.591202066400607,0.2580241148685296,2.0,0.0,2,2,2.0,0.0,2,2,10.91555481248269,3.032011182362644,24.72516054576473,5.989362606885234,12.271746490841325,3.673456757625044,17.733942544885878,7.47409315136072,-0.45545454545454545,0.49801174933864645,0.0,-1.0,-0.5454545454545454,0.49792959773196915,0.0,-1.0,3.3801248,0.8792917,5.961639,1.4441156,3.6925733,0.8701629,5.065388,2.070461,-338.01245,792004,202000,2020,9.866629062104039,3.174305090913549,3.0895006420323625,16.13043479504995,3250.727742059389,201
11.17216,9.469128,375.80762,-377.16156,253.39096,-8.053501,-740.4973,-376.8706,252.73766,-8.159461,-745.2246,-376.81412,252.93,-6.7702503,-764.85834,11.172159,52.927723,593.4594,0.0003743507,9.469128,35.91932,385.48328,0.00015962496,0.04908222,0.8637399,1.0,-1.0,-3.3286877,1.0774095,-1.3368168,-7.6809998,-332.8688,88.40565,-214.74532,-483.92447,0.031376816,0.6401005,1.0,-1.0,10,-6.028820603124706,1.1735580615920131,-3.874725144835464,-9.146271854548809,-602.8820603124707,90.3598867883485,-479.84440804650467,-810.3075901851208,0.22640436396877225,0.6515823834360206,1.0,-1.0,0.26321686334649763,0.09377346597626904,0.42627362295843707,0.09805839935322963,0.27480875500622026,0.095411799904521,0.40147799049563904,0.09805839935322963,0.053636363636363635,0.2252986998014667,1.0,0.0,0.0,0.0,0.0,0.0,0.0,0.0,0.0,0.0,0.0,0.0,0.0,0.0,0.0,0.0,0.0,0.0,0.0,0.0,0.0,0.0,0.0,0.0,0.0,0.0,0.0,0.0,0.0,0.0,0.18793239571738296,0.08614908337030337,0.374783993368099,0.017418971622533183,0.23107220961490402,0.0879924665818347,0.374783993368099,0.09319309506803336,0.21607098209009937,0.07085097228742689,0.309475670633978,0.07658340214097117,0.21607096751480445,0.07085097056484115,0.3094756701184707,0.07658340214097117,0.4040033778074823,0.12445529079217729,0.6262337179547682,0.09934164240038335,0.4471431771297085,0.12873717580971897,0.6262337179547682,0.2157304973803268,2.0,0.0,2,2,2.0,0.0,2,2,12.328877268306043,3.0295936184187795,26.589162746274397,5.545342091864272,13.569156141119178,3.4328855553581143,19.738309482000428,9.606448077990374,-0.8172727272727273,0.3864427726441854,0.0,-1.0,-0.9090909090909091,0.28747978728803447,0.0,-1.0,3.328688,1.0774095,7.6809998,1.3368168,3.7343798,1.3104112,6.4683332,2.1454456,-332.8688,796004,203000,2030,10.142376914387569,3.0542818140238523,3.1461851922795177,16.34284392069094,3266.913835574058,202
8.395407,7.6447396,367.50995,-369.67374,252.6473,5.3196545,-848.8801,-369.5763,252.655,4.610262,-848.21466,-369.07947,252.2183,4.1322703,-840.0382,8.395407,14.6457405,78.17953,0.0023841858,7.64474,13.771525,87.20532,0.0019496747,0.14223994,0.85430336,1.0,-1.0,-3.4130728,1.0070354,-1.4387118,-7.9602413,-341.30725,75.93225,-241.34088,-514.8732,0.011954404,0.6724137,1.0,-1.0,10,-6.287374050129122,0.9582098707463929,-3.916320101972251,-8.824295896013465,-628.7374050129122,67.51044315347126,-539.9761520137197,-791.8933610165719,0.14348380810817482,0.6874809382426725,1.0,-1.0,0.21124879558650314,0.06578400957311271,0.37221520688082577,0.04625506154600172,0.23032721362187383,0.09053684769078867,0.37221520688082577,0.047728674826078864,0.17,0.375632799419859,1.0,0.0,0.0,0.0,0.0,0.0,0.0,0.0,0.0,0.0,0.0,0.0,0.0,0.0,0.0,0.0,0.0,0.0,0.0,0.0,0.0,0.0,0.019090909090909092,0.13684460632773124,1.0,0.0,0.09090909090909091,0.28747978728803447,1.0,0.0,0.1150441339048435,0.059099033117897166,0.32663142418782243,0.0018240480950728296,0.16951695063489383,0.07321941845243952,0.32663142418782243,0.07880019312745097,0.18226986437044507,0.05976785124312689,0.2883981006106679,0.07371451028207945,0.18257128829541822,0.05991688867873887,0.2883972748063435,0.07371451061543939,0.2973139982752886,0.08824496157033271,0.4957834610568199,0.10558333623243488,0.3520882389303121,0.08472665294310386,0.4957834610568199,0.17986051460600935,2.0,0.0,2,2,2.0,0.0,2,2,11.462762598008839,2.872497934061527,28.157350206059554,5.923669280692532,13.792163087748287,3.012860294071668,17.804809945876027,7.62215855503297,-0.7345454545454545,0.4415749423960401,0.0,-1.0,-0.9090909090909091,0.28747978728803447,0.0,-1.0,3.4130728,1.0070354,7.9602413,1.4387118,4.095307,0.8914399,5.8988395,3.0293648,-341.30725,800004,204000,2040,11.45876550511457,2.896343784988858,3.340576991206035,17.695686281309463,3284.833518882282,203
10.86887,9.984729,361.88306,-363.9212,245.44167,-15.450037,-708.3955,-363.97113,245.42888,-16.092443,-707.4614,-364.4999,245.29222,-16.75945,-704.7072,10.868869,26.768293,247.76074,0.0059518814,9.984728,21.06338,177.76096,0.0022726455,0.08210412,0.8636456,1.0,-1.0,-3.1569147,0.85866505,-1.3443494,-6.109188,-315.6915,77.54417,-194.7185,-479.48395,-0.1270002,0.6515506,1.0,-1.0,10,-6.019114315989405,0.871853256790159,-4.270907159114664,-8.688670440825302,-601.9114315989406,66.70968125773072,-496.43706462263344,-699.1948379019384,0.04296583864129984,0.6361859513834172,1.0,-1.0,0.2614861453441375,0.08848288010908213,0.44626691676100483,0.09313367275832972,0.2592900528479777,0.08801590081164515,0.3729347729295961,0.09870567963933251,0.24272727272727274,0.428731552141492,1.0,0.0,0.09090909090909091,0.28747978728803447,1.0,0.0,0.09090909090909091,0.28747978728803447,1.0,0.0,0.09090909090909091,0.28747978728803447,1.0,0.0,0.0,0.0,0.0,0.0,0.0,0.0,0.0,0.0,0.0,0.0,0.0,0.0,0.0,0.0,0.0,0.0,0.11064197875238865,0.061431584135925345,0.2622309347627621,0.01952780383250972,0.12891903983113873,0.06689859765586204,0.25830528855866636,0.05017402236951901,0.23900903118499267,0.10845893780576238,0.44817917718180617,0.048027750184059984,0.23900901045949083,0.1084589318082899,0.44817763901189633,0.048027750184059984,0.34965100993738135,0.14280484837797836,0.6294901739109773,0.09805621661688499,0.36792805029062947,0.14623794179411878,0.5857839880407968,0.098201772553579,2.0,0.0,2,2,2.0,0.0,2,2,10.286993340942654,2.2494976572754544,24.08380568495488,6.024452288370772,11.128351670317308,2.386611482468802,14.520673723967628,6.616440558137116,-0.5627272727272727,0.49604968426176654,0.0,-1.0,-0.7272727272727273,0.4453617714151233,0.0,-1.0,3.1569147,0.85866505,6.109188,1.3443494,3.47771,0.87666225,4.7174306,2.2320316,-315.6915,804004,205000,2050,10.174590670038015,3.120863480027765,3.153211710508913,16.448665860574692,3301.136313868803,204
9.652377,10.536099,376.09314,-376.6917,252.15938,-17.571173,-737.9869,-376.47223,252.41745,-17.576492,-736.10803,-376.02368,251.9405,-17.23277,-738.34076,9.652376,20.142544,160.94788,4.7148205e-07,10.5360985,25.647526,197.72816,0.0041817883,0.11297144,0.8386245,1.0,-1.0,-2.7341845,1.0747427,-0.892777,-5.2232842,-273.41846,95.88173,-150.01094,-459.47293,-0.0054145544,0.6610496,1.0,-1.0,10,-6.289269048996244,0.977120071253548,-3.5062497338350163,-9.404643254216225,-628.9269048996244,75.20260674776252,-514.9399306849093,-765.6663905670408,0.18145961773208732,0.6659718515844499,1.0,-1.0,0.25817526398053303,0.09122623990552405,0.4811825193378949,0.11325345537728734,0.2598703901381336,0.10216484420236285,0.4794109978563891,0.1361918028213872,0.40545454545454546,0.4909797928884583,1.0,0.0,0.36363636363636365,0.4810456929208346,1.0,0.0,0.0,0.0,0.0,0.0,0.0,0.0,0.0,0.0,0.0,0.0,0.0,0.0,0.0,0.0,0.0,0.0,0.0,0.0,0.0,0.0,0.0,0.0,0.0,0.0,0.1002588799845409,0.06393727787889975,0.23533429209291898,0.009616895502433713,0.11355877689951281,0.07378479040121556,0.23533429209291898,0.030299269810479656,0.21974446322510147,0.09520012178132257,0.4497770913220245,0.08514672521818685,0.21974443946260339,0.09520012196896682,0.44977523358417815,0.08514672521818685,0.3200033432096424,0.11192235148749843,0.6085190489793622,0.11310924597963358,0.3333032163621162,0.11543723238598207,0.48164077157799273,0.1616510111084184,2.0,0.0,2,2,2.0,0.0,2,2,10.088997894303953,2.563846181513531,22.165901331846026,4.4553144658507975,10.93164464336947,2.5493846494717665,14.367332868300862,4.804046416945096,-0.519090909090909,0.49963540426002906,0.0,-1.0,-0.7272727272727273,0.4453617714151233,0.0,-1.0,2.7341845,1.0747427,5.2232842,0.892777,3.0912004,0.9447,4.5800905,1.8564886,-273.41846,808004,206000,2060,10.193494508974254,2.9753253189846873,3.160361807793379,16.32918163575232,3317.429359529284,205
16.691727,15.225981,368.34662,-368.97662,252.23225,1.1551623,-803.44617,-368.5844,252.24605,1.8676939,-799.80383,-369.46143,252.8691,2.1443744,-800.4287,16.691727,68.10355,726.5771,0.001070261,15.22598,57.10363,459.33026,0.00015503168,0.024591675,0.8530366,1.0,-1.0,-3.1500773,0.9190262,-1.5528405,-8.394518,-315.00778,65.90921,-163.02788,-406.02847,0.0930773,0.67000246,1.0,-1.0,10,-5.939993713297739,0.8511935923175475,-4.2717872866300635,-9.487359560281675,-593.9993713297739,58.75756714356629,-507.68563345668537,-709.0339705633708,-0.010532047099050524,0.6953792311516114,1.0,-1.0,0.1955184328049418,0.05964705321051121,0.3416229462364899,0.07511080523120946,0.21273617907652007,0.06673139877559095,0.3416229462364899,0.10772893804208271,0.27,0.4439594576084623,1.0,0.0,0.18181818181818182,0.38569460791993493,1.0,0.0,0.0,0.0,0.0,0.0,0.0,0.0,0.0,0.0,0.0,0.0,0.0,0.0,0.0,0.0,0.0,0.0,0.0,0.0,0.0,0.0,0.0,0.0,0.0,0.0,0.10853111452686558,0.05629212305366719,0.24088831513184303,0.008986543305796523,0.15462386498553257,0.06573983244917919,0.23882376877491693,0.04457930063769689,0.18830398386537298,0.06105463086534328,0.31332478026026894,0.10623160948122568,0.1883039617402245,0.061054635883069336,0.31332453562616147,0.10623160948122568,0.29683509839223854,0.0838490258811302,0.5278538100652841,0.14015616239689305,0.3429278267257571,0.07812749796142136,0.4307881955535595,0.18933010356959723,2.0,0.0,2,2,2.0,0.0,2,2,11.532210095982654,3.0453335037099074,28.557788461550846,5.7686101224730075,13.826036605490204,2.7558201909312703,17.55401615800963,5.908683553064726,-0.7063636363636364,0.45542732635051325,0.0,-1.0,-0.9090909090909091,0.28747978728803447,0.0,-1.0,3.1500773,0.9190262,8.394518,1.5528404,3.8281631,0.76652616,4.6619897,1.6602684,-315.00778,812004,207000,2070,9.94214509811718,2.939292606082745,3.1427265105303377,16.024164214730263,3333.4570334211458,206
11.609442,11.513402,366.2893,-367.6074,246.22871,-8.242374,-732.466,-367.18604,246.38483,-7.298926,-733.50745,-367.47626,246.1999,-10.043999,-730.1165,11.609442,26.532827,251.40315,0.0037818484,11.513401,34.310886,361.68454,0.00033751503,0.07484784,0.8732071,1.0,-1.0,-3.177263,0.8772512,-1.6175805,-7.9719267,-317.7263,66.50067,-190.81038,-414.57935,-0.067560665,0.7029516,1.0,-1.0,10,-6.124688723154444,0.7431549076274886,-4.340316032121245,-8.262922983848947,-612.4688723154443,44.1644325249112,-553.207320602046,-698.6892750378273,0.060644212374381244,0.6505318347926101,1.0,-1.0,0.20474673711932614,0.0887624860831915,0.3983490601208721,0.06769732267629183,0.20208555063284922,0.08862671492694693,0.3981827169641784,0.09973476099969183,0.19545454545454546,0.396550206298903,1.0,0.0,0.0,0.0,0.0,0.0,0.18181818181818182,0.38569460791993504,1.0,0.0,0.18181818181818182,0.38569460791993493,1.0,0.0,0.0,0.0,0.0,0.0,0.0,0.0,0.0,0.0,0.0,0.0,0.0,0.0,0.0,0.0,0.0,0.0,0.10131583543192381,0.049936194056946916,0.2298378616353534,0.012362015631097472,0.1277163514403308,0.04826003077413168,0.2285265080589194,0.0861577624681946,0.18964670407691894,0.0942445621744018,0.3442862970467857,0.03680355808690205,0.18965549316319982,0.09423029777631116,0.3442836691463512,0.0373216824106609,0.29096253950884277,0.10770932622100039,0.46073047931067823,0.06810725412673585,0.31737184460353063,0.11053213881088918,0.4413682351247122,0.12347944487885551,2.0,0.0,2,2,2.0,0.0,2,2,11.44480123836313,2.9014625080574508,27.649379404765416,5.8175462761481285,12.308764355122092,3.072438453776231,16.49216280734039,5.8175462761481285,-0.6727272727272727,0.46921774183868875,0.0,-1.0,-0.8181818181818182,0.38569460791993504,0.0,-1.0,3.177263,0.87725127,7.9719267,1.6175804,3.4872675,0.9230819,4.985481,1.6360805,-317.7263,816004,208000,2080,10.00223117985297,2.943259342922829,3.145268673193641,16.09075919596944,3349.61718832131,207
12.031193,14.94422,372.97748,-374.21384,255.76018,0.8211062,-730.56354,-374.54358,255.20932,0.3279581,-731.6607,-373.21063,255.11397,3.2119846,-729.6078,12.031193,27.737318,253.35695,0.00013590232,14.9442215,41.9933,420.60104,3.3527613e-08,0.11787608,0.848129,1.0,-1.0,-3.2498472,0.9213298,-1.0429353,-6.9882064,-324.9847,63.745148,-200.10933,-424.80246,0.1933552,0.7077017,1.0,-1.0,10,-5.794303712390889,1.3029683103410383,-3.7097813538763793,-9.018206799773877,-579.4303712390887,105.3017912459458,-453.15962101269537,-790.1254598638994,0.17162976569732502,0.7112770414707743,1.0,-1.0,0.23658763486636195,0.06628156467211417,0.3856933746291349,0.05681436191709291,0.22896277345187865,0.070283735011019,0.33697531495389554,0.05854380853526964,0.1590909090909091,0.3657608395325246,1.0,0.0,0.0,0.0,0.0,0.0,0.0,0.0,0.0,0.0,0.0,0.0,0.0,0.0,0.0,0.0,0.0,0.0,0.0,0.0,0.0,0.0,0.01,0.09949874371066199,1.0,0.0,0.09090909090909091,0.2874797872880344,1.0,0.0,0.11063112447877776,0.05936331936067956,0.28669764268843667,0.02293748109279095,0.16609745488192562,0.06842931814114313,0.2858629795223445,0.06855118530976578,0.23388786334804748,0.07065175117266334,0.3169653484262096,0.09546991525137825,0.23635760655323426,0.06767128610840505,0.3169628463923662,0.09546991525137825,0.3445189878268253,0.10249582402332029,0.6036604890808028,0.14708602226991635,0.40245506143515986,0.11053631261163777,0.6028258259147108,0.2474915016723972,2.0,0.0,2,2,2.0,0.0,2,2,10.893318831700036,2.670671009274466,26.356830653682206,5.980455158780971,12.9554618701103,2.4751414994076146,17.382702738039516,8.028363789974598,-0.5772727272727273,0.4939928396442955,0.0,-1.0,-0.8181818181818182,0.385694607919935,0.0,-1.0,3.2498472,0.9213298,6.9882064,1.0429353,4.1199045,0.99221265,5.689948,2.3528345,-324.9847,820004,209000,2090,10.100807082257234,3.0128748879069462,3.1432946076383814,16.25697657780256,3365.844214861165,208
10.540627,11.817045,379.20428,-380.43637,242.19533,-4.869336,-721.922,-379.52136,242.53813,-3.177599,-724.20215,-380.76013,242.32986,-2.6768055,-727.2667,10.5406275,26.183605,220.70671,0.00043827668,11.817045,28.759975,269.25516,0.0018647173,0.12566552,0.8818643,1.0,-1.0,-3.3517141,1.5475377,-0.21425195,-7.244268,-335.17142,138.19682,-63.906246,-534.8539,-0.04802626,0.6779197,1.0,-1.0,10,-6.441711482074032,0.7641060684372483,-4.855435603448387,-9.157700106870314,-644.1711482074031,48.92451367335994,-562.3361869435823,-732.8251326410797,0.17553268910610817,0.6564858840395769,1.0,-1.0,0.2171333537055051,0.06772492849567768,0.3991992510556714,0.05168192332429647,0.23141977888143445,0.0826970473101145,0.38656058681494265,0.0532052256007875,0.3181818181818182,0.4657704893618,1.0,0.0,0.2727272727272727,0.4453617714151233,1.0,0.0,0.18181818181818182,0.38569460791993504,1.0,0.0,0.18181818181818182,0.38569460791993493,1.0,0.0,0.0,0.0,0.0,0.0,0.0,0.0,0.0,0.0,0.035454545454545454,0.18492571660306478,1.0,0.0,0.09090909090909091,0.2874797872880344,1.0,0.0,0.09481683416680706,0.05701461219938722,0.2313376228241388,0.002705907794107658,0.11808498370908578,0.07218562799185103,0.22577756369935684,0.011479358808035611,0.1789403836324652,0.09092665552456633,0.3761879402197112,0.030410049463124835,0.1804503014503442,0.08864787137875105,0.3761879398916756,0.05678814785483272,0.27375721779927226,0.11486218678174881,0.5920027609064415,0.06289698831640297,0.29853528515942995,0.13084139655349836,0.5883929453446272,0.08139771080550903,2.0,0.0,2,2,2.0,0.0,2,2,10.45449536044035,3.6924478690820486,26.87997901447342,2.444958877748106,11.919395987548514,4.093386247696943,17.716842415913494,3.414402856516755,-0.5563636363636364,0.4968129834211942,0.0,-1.0,-0.8181818181818182,0.385694607919935,0.0,-1.0,3.3517141,1.5475377,7.244268,0.21425195,3.9480722,1.6458201,6.397212,0.8176326,-335.17142,824004,210000,2100,10.092474564909935,2.98407847690396,3.1686855462612584,16.245238588075154,3382.045544880326,209
10.379925,10.559481,373.59882,-374.4048,244.32683,-10.042616,-710.34436,-374.5443,244.26927,-8.922637,-710.391,-374.84894,244.64484,-10.021585,-715.7753,10.379925,18.8984,141.99834,0.002432108,10.559481,18.84088,117.89869,0.00018692017,0.07359389,0.869369,1.0,-1.0,-2.6967487,0.92990106,-1.1698352,-6.458976,-269.67487,78.311714,-171.81819,-435.46066,-0.0041950885,0.6441496,1.0,-1.0,10,-6.4164140046667715,1.0193406624585486,-4.7687494086905025,-9.349845490433525,-641.641400466677,81.48159495993708,-533.1052075022993,-791.8647716870959,0.09577311984551591,0.6762745152867975,1.0,-1.0,0.24553276350459055,0.08186886367708172,0.4199133715670254,0.06367357205893846,0.24855487876623797,0.08734745208359825,0.419871825169986,0.09643497112285483,0.18272727272727274,0.3864427726441855,1.0,0.0,0.09090909090909091,0.28747978728803447,1.0,0.0,0.09090909090909091,0.28747978728803447,1.0,0.0,0.09090909090909091,0.2874797872880344,1.0,0.0,0.0,0.0,0.0,0.0,0.0,0.0,0.0,0.0,0.0,0.0,0.0,0.0,0.0,0.0,0.0,0.0,0.07897879175807856,0.03030060455708573,0.21686902714451642,0.006119580307271316,0.08265297760184874,0.030606202210263687,0.155500272380439,0.027020545831827517,0.1799094583062681,0.08031852767812224,0.3401679144604108,0.047804674234548754,0.18566509518008278,0.07783783406978555,0.34016546273097764,0.047804674234548754,0.2588882500643466,0.07933110223739735,0.48083332207463525,0.075667230323993,0.2683180727819315,0.07902162179268354,0.40249611086792236,0.13151197037510928,2.0,0.0,2,2,2.0,0.0,2,2,9.754418763233758,2.362200472556673,25.87025831495665,4.554244801631467,10.586638451058008,2.256663516510764,14.719875695277766,7.0731075519984605,-0.4090909090909091,0.49166608301781667,0.0,-1.0,-0.5454545454545454,0.49792959773196915,0.0,-1.0,2.6967487,0.92990106,6.4589753,1.1698352,2.9374208,1.0818709,5.005964,1.7311774,-269.67487,828004,211000,2110,9.916559940436855,2.9413265369366854,3.1326657319441438,15.990552209317684,3398.0564251285978,210
16.10805,13.391902,369.48474,-371.45532,250.1768,-4.686462,-759.2814,-371.7759,250.3487,-4.5561676,-767.9949,-371.47638,250.39403,-4.5012193,-766.08813,16.108047,48.519302,467.79373,0.002997402,13.391902,28.654936,244.88696,0.00043064356,0.09544644,0.8618636,1.0,-1.0,-3.0234854,1.0061878,-0.97592777,-5.8849926,-302.34857,67.27074,-187.84525,-394.1484,0.12228704,0.6621677,1.0,-1.0,10,-6.342889454581489,0.96793167886613,-3.167952990813925,-9.07354481859245,-634.2889454581489,64.84696749164816,-505.0034526306451,-737.9178820634141,0.08696861784007309,0.6919955918133428,1.0,-1.0,0.2573630606476292,0.08230077344571524,0.4044292221031424,0.06403860874776776,0.2607617552972075,0.07337218642073653,0.39433756144046445,0.08987404214610373,0.25272727272727274,0.4345758833013027,1.0,0.0,0.09090909090909091,0.2874797872880344,1.0,0.0,0.09090909090909091,0.28747978728803447,1.0,0.0,0.09090909090909091,0.2874797872880344,1.0,0.0,0.0,0.0,0.0,0.0,0.0,0.0,0.0,0.0,0.0,0.0,0.0,0.0,0.0,0.0,0.0,0.0,0.10967792818702374,0.06759225514925003,0.28764659261598097,0.0036007218509960066,0.14766387350053936,0.06925063282307878,0.2845465273133706,0.03642566574460122,0.177118482145572,0.08427838312962975,0.3119579163482717,0.021452232796129556,0.17711846514293528,0.08427837738508417,0.3119553844752461,0.021452232796129556,0.28679641033259573,0.10399552913103195,0.5371867749126907,0.09472581698753617,0.32478233864347467,0.11568661384817788,0.536461144661172,0.13590117407274277,2.0,0.0,2,2,2.0,0.0,2,2,10.681928295467875,3.178649041485478,26.178116714048553,5.752641771483676,12.852038420757992,3.3310056742966982,17.534711222450976,6.946240536666822,-0.5054545454545455,0.49997024704864623,0.0,-1.0,-0.8181818181818182,0.385694607919935,0.0,-1.0,3.0234854,1.0061878,5.8849926,0.97592777,3.8208373,0.7963173,5.181026,2.4930546,-302.34857,832004,212000,2120,9.951924515538849,2.9601322789676487,3.1086834630696103,16.020740257576108,3414.0829652491957,211
15.043039,13.809294,361.8913,-364.837,237.4162,-18.76493,-712.165,-365.04352,237.49763,-18.47067,-712.68207,-363.48126,236.78116,-18.048237,-714.35175,15.043039,30.974688,197.42017,0.0002796799,13.809293,27.768215,209.99077,0.00015962496,0.06363957,0.8569375,1.0,-1.0,-3.074832,0.9384071,-1.6962764,-6.690486,-307.48322,81.53684,-208.04208,-530.5952,-0.04607343,0.6263302,1.0,-1.0,10,-6.395771109456904,0.9150402005578814,-3.9254544114534546,-9.560791348905935,-639.5771109456905,67.11019292949278,-540.5056509557721,-747.9509869594283,0.11890443204081631,0.6783943398069331,1.0,-1.0,0.2217141654579365,0.06797115723292117,0.314263023781196,0.06965315031962412,0.22608748685880842,0.0707476699502851,0.31374029172275253,0.0698048700752781,0.35545454545454547,0.47865082426571454,1.0,0.0,0.2727272727272727,0.4453617714151233,1.0,0.0,0.09090909090909091,0.28747978728803447,1.0,0.0,0.09090909090909091,0.28747978728803447,1.0,0.0,0.0,0.0,0.0,0.0,0.0,0.0,0.0,0.0,0.0,0.0,0.0,0.0,0.0,0.0,0.0,0.0,0.10141657651944154,0.06887140457651345,0.28188354764165496,0.003404677331538518,0.12438938673072665,0.0666089671429507,0.24391742742520228,0.027334380925101296,0.17129081038782734,0.09689091444657039,0.3389981849705435,0.04982736029654195,0.17134968126993352,0.09688022218584305,0.3389981846918175,0.049827360296730024,0.27270738690726887,0.1264002170180477,0.5738930861289427,0.08326538491152229,0.2957390680006602,0.11238230663956762,0.5359269659124901,0.1261332420185506,2.0,0.0,2,2,2.0,0.0,2,2,10.737511125552443,3.198242324360867,26.419459990796664,4.5688866374346135,11.8165263893843,3.4044735524766443,17.5396820376629,7.644245837570969,-0.43454545454545457,0.4956971882907334,0.0,-1.0,-0.5454545454545454,0.49792959773196915,0.0,-1.0,3.0748322,0.9384071,6.690486,1.6962764,3.5078695,1.0928783,6.1180325,2.045032,-307.48322,836004,213000,2130,9.85951434879098,2.966367166955024,3.1114485424477607,15.937330058193766,3429.9919068362797,212
8.983934,7.834479,370.97186,-372.36597,251.71245,-16.063845,-723.26013,-371.85303,252.05156,-14.832688,-725.2821,-372.14377,251.81366,-13.529296,-723.2103,8.983934,16.119709,115.62025,0.00016826962,7.834479,11.954889,70.14267,1.2531877e-05,0.03380852,0.8613423,1.0,-1.0,-3.7349374,1.2815275,-1.3889384,-6.3996754,-373.49368,119.593254,-158.87674,-524.90247,-0.018343734,0.6497567,1.0,-1.0,10,-6.109046926154746,1.2016376579551933,-3.850943224835271,-8.64007248510525,-610.9046926154745,100.84553665217238,-460.96031234980416,-787.8912978499204,0.128107482574531,0.7049199241445824,1.0,-1.0,0.2323314469470885,0.07045241408959001,0.4066069427537878,0.08316261834602842,0.21728023183528314,0.07319551709898516,0.3382833039160748,0.09620780046344493,0.43,0.49507575177946256,1.0,0.0,0.2727272727272727,0.4453617714151233,1.0,0.0,0.18181818181818182,0.38569460791993504,1.0,0.0,0.18181818181818182,0.38569460791993493,1.0,0.0,0.0,0.0,0.0,0.0,0.0,0.0,0.0,0.0,0.0,0.0,0.0,0.0,0.0,0.0,0.0,0.0,0.08115650536078967,0.04664325135612728,0.20081337155865112,0.012471759277775992,0.10505962571057018,0.051158417878536755,0.18392190109776244,0.026566684880979914,0.19538515718669072,0.0936245344212205,0.36483214451182905,0.05046284564903441,0.19532899598707532,0.09363168859629982,0.36483154978206805,0.05046284564903441,0.2765416625474804,0.09729473608624267,0.5224275677711959,0.08680907299513096,0.30038862169764546,0.09679210709132277,0.48635257313540664,0.09528318071533615,2.0,0.0,2,2,2.0,0.0,2,2,11.727388605383243,3.299747562393434,24.667420107574127,4.850587268297149,13.378178962122025,3.279955970325599,17.241693696904317,5.175534674751023,-0.6754545454545454,0.46820476554531015,0.0,-1.0,-0.8181818181818182,0.385694607919935,0.0,-1.0,3.734937,1.2815275,6.3996754,1.3889384,4.1914434,1.1623396,5.4987545,1.5457089,-373.49368,840004,214000,2140,9.98744306655135,2.9381363430293277,3.1381681073689833,16.06374751694966,3446.068644767045,213
13.660922,12.213397,363.64566,-364.4,242.10338,-8.426233,-753.1557,-364.60004,242.35675,-8.501399,-756.01996,-366.3637,243.45251,-8.589531,-758.35736,13.660921,21.432364,122.12786,0.00010358379,12.213396,21.034533,148.80307,0.0035586278,0.042104848,0.8807376,1.0,-1.0,-3.6096728,0.94288874,-1.364058,-6.4551215,-360.96732,81.05626,-249.29797,-473.32654,-0.15462095,0.71031725,1.0,-1.0,10,-6.443763857653645,1.0692771148779687,-3.788439258996509,-10.363562563056092,-644.3763857653643,85.49902939724184,-530.7611775529716,-821.4243567677654,0.14628739294826718,0.6777987076605918,1.0,-1.0,0.29260642842670453,0.10796214968166852,0.45361523810690413,0.043021925731099045,0.2998402005060497,0.11511381829511136,0.45299905756658654,0.04831929164554647,0.14727272727272728,0.3543775826352172,1.0,0.0,0.09090909090909091,0.2874797872880344,1.0,0.0,0.18181818181818182,0.38569460791993504,1.0,0.0,0.18181818181818182,0.38569460791993493,1.0,0.0,0.0018181818181818182,0.042601361868581746,1.0,0.0,0.0,0.0,0.0,0.0,0.03272727272727273,0.17792188833054645,1.0,0.0,0.09090909090909091,0.2874797872880344,1.0,0.0,0.11038416344757841,0.044242659587117227,0.22365975354551135,0.009693960761176451,0.11850453121311899,0.04661530022455008,0.22365975354551135,0.04555240642349449,0.19253299451789377,0.09534896303480217,0.29198109460678007,0.03960905131921026,0.19439326596663192,0.09370201862512217,0.2919789338815345,0.03960905131921026,0.30291715796547214,0.11631585896034492,0.4924238795935087,0.052344577282430235,0.31289779717975097,0.10874435573081628,0.4752950497582306,0.08516145774270475,2.0,0.0,2,2,2.0,0.0,2,2,11.802864062435164,2.434952176431848,25.813307786884327,6.556279878399502,12.341843065076544,2.454565983755992,17.49144680307773,7.567958926078093,-0.81,0.39230090491866065,0.0,-1.0,-0.9090909090909091,0.28747978728803447,0.0,-1.0,3.6096728,0.94288874,6.4551215,1.364058,3.7368906,0.9477347,5.382323,2.3580737,-360.96732,844004,215000,2150,10.0453101642197,2.9515173269901425,3.1345089378301054,16.131336429039948,3462.175525451312,214
18.388474,14.616593,376.40067,-377.79907,247.4674,-12.311951,-753.5469,-377.75888,247.4526,-12.543203,-750.3689,-377.48633,247.22653,-12.658259,-749.529,18.388474,70.283585,752.672,1.4901161e-08,14.616593,47.900997,495.6215,0.00015962496,0.06719423,0.8874145,1.0,-1.0,-3.6691165,1.204924,-1.8652896,-8.564754,-366.91165,107.00889,-229.56216,-570.3159,0.056834195,0.64776915,1.0,-1.0,10,-5.995658694899586,0.9883468456122818,-4.049002950143818,-9.351060340428246,-599.5658694899587,75.62263112894166,-464.28752653012896,-738.1756492911013,0.2527853354103292,0.6640370212661597,1.0,-1.0,0.2562350337383222,0.09139475730163875,0.45545708178308353,0.09694335611209315,0.2662952791097844,0.09624087992975763,0.4551076977554322,0.10413592252287647,0.2827272727272727,0.45032495154440544,1.0,0.0,0.18181818181818182,0.38569460791993493,1.0,0.0,0.0,0.0,0.0,0.0,0.0,0.0,0.0,0.0,0.0,0.0,0.0,0.0,0.0,0.0,0.0,0.0,0.0,0.0,0.0,0.0,0.0,0.0,0.0,0.0,0.1234460879682422,0.08295891032543022,0.2758405541575145,0.007167677634528505,0.1509795684097712,0.0820063006446205,0.2592576670042176,0.0213837719312443,0.242228838119474,0.07604914125574716,0.3552975616927049,0.1103148108122461,0.24222882404311663,0.07604914186900344,0.3552957491438668,0.11031481081252181,0.3656749260877162,0.13201410075116016,0.59955526392806,0.11748248844705034,0.39320839245288774,0.1306401579914166,0.5878734827824317,0.17058807699839515,2.0,0.0,2,2,2.0,0.0,2,2,10.818255991323424,2.769306570571888,27.32892529229205,5.042698117678287,12.279535158360199,2.909986548438422,17.444986853553257,8.152029110816908,-0.5518181818181818,0.49730762716155663,0.0,-1.0,-0.7272727272727273,0.4453617714151233,0.0,-1.0,3.6691165,1.204924,8.564754,1.8652896,4.0587983,1.4990836,7.5092244,2.1265945,-366.91165,848004,216000,2160,10.070708341198042,2.9274810070637614,3.119234159239568,16.11742350750137,3478.3042274416657,215
11.165886,11.561684,370.09796,-371.59012,248.86429,-16.48048,-745.2361,-371.71396,249.09439,-16.441963,-743.1249,-371.9787,248.95473,-16.74214,-755.63666,11.165888,22.615019,158.82419,0.0016910548,11.561685,27.339367,156.54463,0.0011474825,0.0687895,0.8747527,1.0,-1.0,-2.9360688,1.324819,-0.6988166,-7.960772,-293.6069,105.68621,-163.62262,-525.7872,-0.0070814756,0.6821185,1.0,-1.0,10,-5.966615660569692,1.1897543570194484,-3.3349435305060076,-9.135417021450206,-596.6615660569693,98.52694000398117,-422.87177247144365,-749.6577530671093,0.004879005968794175,0.6689412270799145,1.0,-1.0,0.2395053279574764,0.0709371653962513,0.4111345783475632,0.09338196115663061,0.26340731943778106,0.07143248695648013,0.3860968619535928,0.13741109298419577,0.23,0.4208325082500163,1.0,0.0,0.09090909090909091,0.2874797872880344,1.0,0.0,0.0,0.0,0.0,0.0,0.0,0.0,0.0,0.0,0.0,0.0,0.0,0.0,0.0,0.0,0.0,0.0,0.0,0.0,0.0,0.0,0.0,0.0,0.0,0.0,0.10713713034095582,0.06128383973121092,0.2716614610717581,0.013606169216044553,0.15766868164514045,0.06673507046865888,0.26923600174013973,0.03998745499649621,0.21641927858538076,0.08025778917736212,0.37127360467732096,0.12177484818473137,0.21641925981649815,0.08025779450236532,0.3712730202659184,0.12177484818473137,0.3235564089263366,0.10504674157392029,0.6223627021461862,0.15022392317130498,0.37408794146163854,0.0930976220698819,0.6201153079917952,0.29558330178038583,2.0,0.0,2,2,2.0,0.0,2,2,11.897755720890709,3.701079815211734,27.400367065794097,5.027015061704472,14.479713085282642,2.422397279541886,18.998186440896415,11.366860646347321,-0.69,0.46249324319388707,0.0,-1.0,-1.0,0.0,-1.0,-1.0,2.9360688,1.324819,7.960772,0.6988166,3.711346,1.145006,6.1512165,2.3811216,-293.6069,852004,217000,2170,9.960446308949031,2.939231120981276,3.1301238131709397,16.029801243101247,3494.4550455797,216
11.163435,9.393419,371.742,-374.25006,247.29797,-15.297424,-805.38873,-374.55328,246.79248,-16.873571,-805.9829,-374.14667,246.80614,-13.782188,-806.38416,11.163435,22.450514,137.94922,0.00018339051,9.393418,22.820219,212.71219,0.00010288613,0.058229595,0.88047725,1.0,-1.0,-3.3372052,1.1369041,-0.6402093,-6.7926564,-333.72052,86.73993,-170.39188,-477.33386,0.077724606,0.68988633,1.0,-1.0,10,-5.643112011177587,1.0122247134881877,-3.2704627123995933,-8.314090707313644,-564.3112011177586,63.50858882971687,-441.1554833217774,-664.450275733679,0.1211823933765038,0.6470049098429769,1.0,-1.0,0.2498743589495082,0.0946617021624481,0.42244060796816707,0.09116391173290389,0.26370766947906027,0.09497227731001283,0.40745647056968265,0.1426654498302088,0.3518181818181818,0.4775375888454548,1.0,0.0,0.18181818181818182,0.38569460791993493,1.0,0.0,0.09090909090909091,0.28747978728803447,1.0,0.0,0.09090909090909091,0.28747978728803447,1.0,0.0,0.0,0.0,0.0,0.0,0.0,0.0,0.0,0.0,0.0,0.0,0.0,0.0,0.0,0.0,0.0,0.0,0.09759891780302302,0.06109909547745847,0.2551118737911836,0.010144763001512297,0.1232737418950134,0.06525399992623708,0.25035230944630754,0.02711300064810942,0.19197409871416146,0.09895931192318978,0.38349128775035757,0.05364946090436518,0.1919740830522884,0.09895931015377159,0.38348994220945654,0.05364946090436518,0.28957301651718453,0.11937457841326805,0.5670019672779851,0.11383737395210664,0.31524782494730186,0.11339003129827996,0.5169900579846627,0.16537061088250818,2.0,0.0,2,2,2.0,0.0,2,2,12.020482815334026,3.9693797895598637,26.489402754408694,5.261916594146319,14.150177153983487,4.179876978464507,22.00624601139488,6.8402803182878875,-0.6,0.4898979485566356,0.0,-1.0,-0.8181818181818182,0.38569460791993504,0.0,-1.0,3.3372052,1.1369041,6.7926564,0.6402094,4.031634,1.0671865,6.263701,2.3282423,-333.72052,856004,218000,2180,9.992120708106086,3.060994385043159,3.1194312245352194,16.172546317684464,3510.466547795455,217
11.652093,11.350252,364.6118,-367.0986,244.65375,-14.011615,-740.19543,-367.43814,245.2227,-12.417282,-742.02704,-366.94162,244.94203,-12.759516,-740.6115,11.652093,24.937428,158.01889,0.0047736764,11.350252,19.803455,119.95223,0.010827527,0.030161973,0.89196366,1.0,-1.0,-2.9319758,0.9456107,-0.47363794,-7.9595957,-293.19754,72.0509,-153.94771,-409.78983,0.046578366,0.7378696,1.0,-1.0,10,-6.1558886156141055,1.2495887948359217,-2.6501006993018446,-10.001880886179256,-615.5888615614103,100.62155114524653,-417.817409053571,-817.1525362838597,0.13783946034006134,0.6514705226818402,1.0,-1.0,0.22354305150442655,0.10793363288130739,0.3784695207820843,0.0474325787486571,0.2302439550658166,0.11014618491144786,0.37748933467577195,0.04892440799390944,0.21363636363636362,0.409872989801225,1.0,0.0,0.2727272727272727,0.4453617714151233,1.0,0.0,0.15181818181818182,0.3588445645228632,1.0,0.0,0.09090909090909091,0.2874797872880344,1.0,0.0,0.01,0.09949874371066199,1.0,0.0,0.0,0.0,0.0,0.0,0.11818181818181818,0.32282328917390374,1.0,0.0,0.18181818181818182,0.38569460791993493,1.0,0.0,0.09289856885965228,0.0368069417967397,0.21514664677526318,0.024962545167632844,0.09608388892068248,0.03850818927804269,0.15711731007371948,0.03502417869262744,0.13924833364750944,0.08895669899487672,0.2908602042360796,0.011512318975930478,0.14185499258908757,0.08600938478795538,0.29085721851253604,0.02267473427364412,0.23214690250716175,0.09607791302195197,0.42107786717462803,0.04800220075384676,0.23793888150977002,0.08858020045694337,0.4038108746615815,0.09713910827583992,2.0,0.0,2,2,2.0,0.0,2,2,10.52097715356752,2.602811522682293,27.532360045466547,4.287947935896747,11.333195737267012,2.19207963464665,15.221179016667515,7.48228922569164,-0.5781818181818181,0.49384977807607155,0.0,-1.0,-0.7272727272727273,0.4453617714151233,0.0,-1.0,2.9319758,0.9456107,7.9595957,0.47363794,3.1157935,0.6474871,4.408172,1.930657,-293.19754,860004,219000,2190,10.051866756286472,2.9001167189562693,3.138339614495635,16.090323089738376,3526.6831607482163,218
8.430948,8.309004,367.63837,-368.8891,250.28452,5.203953,-763.1504,-368.89355,249.97415,5.481206,-760.2633,-369.18683,250.46628,8.415291,-756.8955,8.430948,15.97163,114.17048,2.5182962e-06,8.309004,12.038313,73.01882,0.00017370658,0.11172597,0.859223,1.0,-1.0,-2.7815228,0.8231292,-1.4201201,-7.9479938,-278.15228,64.26225,-154.83887,-398.41293,0.038125813,0.669153,1.0,-1.0,10,-6.055678577031375,0.9746876223826355,-4.3082603493812375,-9.533435024791094,-605.5678577031375,67.62535782379251,-508.16498265744355,-741.0363357630615,0.10382926585842715,0.6759031499481982,1.0,-1.0,0.20419613429016817,0.06350031904068668,0.38890707008289876,0.10161915355516875,0.20236725974639616,0.07292410402516784,0.35483788090001167,0.10161915355516875,0.2736363636363636,0.4458245216811558,1.0,0.0,0.18181818181818182,0.385694607919935,1.0,0.0,0.09090909090909091,0.28747978728803447,1.0,0.0,0.09090909090909091,0.2874797872880344,1.0,0.0,0.0027272727272727275,0.05215203457913988,1.0,0.0,0.0,0.0,0.0,0.0,0.0,0.0,0.0,0.0,0.0,0.0,0.0,0.0,0.0953263599610222,0.06332791512266697,0.359125334073007,0.02066759595529359,0.12014176043235852,0.08295302962938719,0.359125334073007,0.03689561671122083,0.164992606768801,0.07026765627633293,0.2945867984421042,0.0353718465867104,0.16499258879144366,0.07026765358117212,0.2945867980682629,0.0353718465867104,0.26031896672982324,0.11626598562386335,0.6537121321412699,0.05603944254200399,0.28513434922380215,0.13865644780798977,0.6537121321412699,0.09190273963752207,2.0,0.0,2,2,2.0,0.0,2,2,11.041712144400421,3.1376652964632417,27.510299773318344,4.703746247212953,12.510687312460659,3.527944509185509,16.778691105144212,4.774440149268452,-0.6772727272727272,0.46751939014899613,0.0,-1.0,-0.8181818181818182,0.385694607919935,0.0,-1.0,2.7815228,0.8231292,7.9479933,1.4201201,3.3722608,1.0518608,5.3261256,1.6342863,-278.15228,864004,220000,2200,10.112541540060192,3.0261461639311165,3.153403991018422,16.29209169500973,3542.9126971319783,219
9.344412,9.694716,356.9995,-359.34668,243.5706,-13.7093935,-745.5506,-359.91623,243.9012,-14.445762,-745.3765,-359.7975,243.80244,-12.959919,-743.3543,9.344412,14.569461,81.56789,0.0007693225,9.694716,15.76088,116.76831,2.2664666e-05,0.070018545,0.8740289,1.0,-1.0,-3.474028,1.1486229,-1.2295375,-6.7737684,-347.4028,95.66099,-224.00816,-500.90768,0.049374554,0.67280304,1.0,-1.0,10,-5.9469128957256965,1.050641249578687,-3.4776390177969776,-8.950059896470975,-594.6912895725696,78.97740742124219,-483.0430564896963,-717.2942421630166,0.17671295954478825,0.6512309862324132,1.0,-1.0,0.22908315938785787,0.07276908449183082,0.39943742839772756,0.07529897713572864,0.21927389378869552,0.0927909733082298,0.39306533840653046,0.09214170853324088,0.18363636363636363,0.38718735721453623,1.0,0.0,0.09090909090909091,0.2874797872880344,1.0,0.0,0.0,0.0,0.0,0.0,0.0,0.0,0.0,0.0,0.0,0.0,0.0,0.0,0.0,0.0,0.0,0.0,0.0,0.0,0.0,0.0,0.0,0.0,0.0,0.0,0.14120453132770203,0.07286804258522728,0.3024096933224896,0.001891671286373805,0.18307354899498815,0.0743265763827197,0.2647921373380489,0.05408585450992055,0.19098774317457742,0.06758310246206814,0.335588486028472,0.09588019083054913,0.1907306544102945,0.06797487140083379,0.33558800343889383,0.09588019086827067,0.33219227450227945,0.09779483638019237,0.5869199299921851,0.15470120057894873,0.3738042034052826,0.10373293001065077,0.5869199299921851,0.19151039636720357,2.0,0.0,2,2,2.0,0.0,2,2,11.774321515747932,2.897326124002556,24.803134762379404,6.085511373219763,13.519134657859608,3.6386341500677566,20.77555901448804,7.597360880535853,-0.73,0.4439594576084622,0.0,-1.0,-0.8181818181818182,0.385694607919935,0.0,-1.0,3.474028,1.1486229,6.7737684,1.2295375,4.103941,1.1897018,6.3289413,2.4865954,-347.4028,868004,221000,2210,10.179588112514466,2.964777902001515,3.1707419701851904,16.31510798470117,3559.211357893655,220
13.232377,13.590419,365.12653,-366.5915,257.17883,-13.89212,-760.4443,-366.5249,257.6906,-13.789389,-760.7389,-367.21387,257.93848,-13.500935,-759.3014,13.232376,50.571266,554.27423,1.5465193e-06,13.590419,61.686962,692.61426,0.0007281993,0.1040949,0.8632826,1.0,-1.0,-3.608614,1.2436293,-1.264833,-6.8294706,-360.8614,104.1202,-201.33038,-524.03564,0.12046809,0.7115026,1.0,-1.0,10,-5.929389098200516,0.9180624516260307,-3.9738791100498614,-8.223295760010428,-592.9389098200515,72.99538782515114,-470.6678527243001,-713.7193507313839,0.05624917683004935,0.6878921035181726,1.0,-1.0,0.2475689269271841,0.0687148301803779,0.418750687168601,0.13904897071647776,0.25896146414305476,0.07020115399572342,0.40346864256519643,0.16277692660018575,0.08,0.2712931993250107,1.0,0.0,0.0,0.0,0.0,0.0,0.0,0.0,0.0,0.0,0.0,0.0,0.0,0.0,0.0,0.0,0.0,0.0,0.0,0.0,0.0,0.0,0.0,0.0,0.0,0.0,0.0,0.0,0.0,0.0,0.15403885854743213,0.07591517597560714,0.3275720508779646,0.007810523702616169,0.19295356872931094,0.07547544596924054,0.3270622949611641,0.07154280392422054,0.23030206577089193,0.09762558634111304,0.447290045109525,0.10190515389925943,0.2303020470950354,0.09762558087336352,0.44728805497784496,0.10190515389925943,0.3843409243183241,0.12678865390103797,0.6737818449024475,0.12017598158094295,0.4232556158243464,0.12292125582804717,0.673272088985647,0.2774469008094612,2.0,0.0,2,2,2.0,0.0,2,2,11.697927580883386,3.0201519935214987,22.203062713250166,5.427755573454579,13.663874493877028,3.2727878262722214,19.204352800196965,8.952546090756119,-0.6172727272727273,0.4860525768247881,0.0,-1.0,-0.7272727272727273,0.4453617714151233,0.0,-1.0,3.608614,1.2436293,6.829471,1.2648329,4.3146605,1.2154965,5.859159,1.8558755,-360.8614,872004,222000,2220,9.998000960214995,2.948459670995362,3.1397001596633345,16.08616079087369,3575.2645020616474,221
10.309711,13.815212,374.07745,-376.24127,252.90356,-11.041531,-771.49646,-377.32275,253.23236,-13.229604,-774.0897,-375.9997,252.28584,-11.35298,-774.6736,10.309711,17.727348,100.3641,0.00055245013,13.815212,29.17274,278.89856,6.0440565e-05,0.11657827,0.84400856,1.0,-1.0,-2.9358397,0.96747327,-0.9655885,-7.877868,-293.58392,66.450554,-202.55356,-397.983,0.019546447,0.65123266,1.0,-1.0,10,-6.227245749104746,1.0529541423556152,-4.367046125013411,-9.700329537651207,-622.7245749104745,75.87124739241555,-535.3913385400361,-766.8636346102388,0.12203958445265306,0.6455819861043801,1.0,-1.0,0.22429131919853273,0.10577954139597555,0.4573307622764357,0.06645461714605809,0.22485723825044818,0.11868419879338987,0.4573307622764357,0.06645461714605809,0.30727272727272725,0.46136341244956497,1.0,0.0,0.18181818181818182,0.38569460791993493,1.0,0.0,0.0,0.0,0.0,0.0,0.0,0.0,0.0,0.0,0.0,0.0,0.0,0.0,0.0,0.0,0.0,0.0,0.0,0.0,0.0,0.0,0.0,0.0,0.0,0.0,0.08378399376084797,0.03625344102972033,0.20733639741840906,0.02497557413645079,0.09755941950132002,0.038259452739859985,0.16054395815346528,0.02711743435569898,0.21556476123146737,0.08669663775718998,0.3381251242126885,0.06410748362929801,0.21517811883352556,0.08729680254773961,0.33812257850672023,0.07030341503554238,0.2993487549923153,0.08953417856901376,0.49489925262290496,0.1439049085948818,0.3127375383348455,0.08159096937539215,0.46490886816567867,0.19514203553126652,2.0,0.0,2,2,2.0,0.0,2,2,10.71222793473717,3.0482066926626614,27.437216157070804,4.962219431259334,13.172727502061429,2.0899307405648937,17.002865624545965,9.476037079863426,-0.5672727272727273,0.4954537114254865,0.0,-1.0,-0.9090909090909091,0.28747978728803447,0.0,-1.0,2.9358397,0.96747327,7.877868,0.9655885,3.5670915,0.8857575,5.1381955,2.3921316,-293.58392,876004,223000,2230,9.94228426378686,2.9166006720624864,3.1233694290276617,15.982254364877008,3591.349607242504,222
13.16083,15.7604685,363.48404,-365.2857,242.60158,2.1258166,-716.4368,-365.857,243.10265,2.8766663,-716.73956,-365.64566,242.80501,2.8997164,-717.0184,13.1608305,42.36482,445.7861,0.001131515,15.760469,60.548836,618.55615,7.832423e-05,-0.021626517,0.86854833,1.0,-1.0,-3.0371592,1.2807174,-1.2322401,-8.112832,-303.7159,111.217125,-168.7123,-521.04236,0.05805978,0.60474616,1.0,-1.0,10,-6.15212421447551,0.7735150146731433,-4.134678395067722,-8.544634898009294,-615.212421447551,60.25707040101858,-466.29629414050953,-699.1824751634874,0.12848835730021746,0.6824128289369983,1.0,-1.0,0.18702980813151523,0.041749396975131546,0.26613433642450496,0.07468747166836287,0.1972236813336878,0.045001251250975795,0.2527383394612174,0.10298843539990082,0.3281818181818182,0.4695513948405374,1.0,0.0,0.36363636363636365,0.4810456929208347,1.0,0.0,0.0,0.0,0.0,0.0,0.0,0.0,0.0,0.0,0.0,0.0,0.0,0.0,0.0,0.0,0.0,0.0,0.0,0.0,0.0,0.0,0.0,0.0,0.0,0.0,0.07848959124193215,0.035075352231548694,0.194443612177803,0.011768327305223944,0.08537293583642654,0.043474116014649705,0.194443612177803,0.0349429243411596,0.18708447142665902,0.038737268928871804,0.26399786776599654,0.12186005827967301,0.1870844550463582,0.0387372756134901,0.26399786744957415,0.12186005827967301,0.2655740626685912,0.06398711082022888,0.45844147962737714,0.13362838558489698,0.27245739088278476,0.07344362802523596,0.45844147962737714,0.1753754924901184,2.0,0.0,2,2,2.0,0.0,2,2,11.474424574683177,3.6715445055256883,27.927945680667776,4.810767431051225,12.533377886629038,3.5508662980105927,19.150372794341244,7.330495413969325,-0.6172727272727273,0.4860525768247881,0.0,-1.0,-0.7272727272727273,0.4453617714151233,0.0,-1.0,3.037159,1.2807174,8.112832,1.2322401,3.1591978,1.4109095,5.8669376,1.6417763,-303.7159,880004,224000,2240,9.897637401125394,3.0182257620617747,3.102357687545009,16.018220850732177,3607.3097146333894,223
10.932421,12.262993,360.3765,-361.28198,248.83286,59.177483,-747.8694,-361.1939,249.14261,61.876457,-751.3215,-361.64975,249.42462,58.442516,-750.65393,10.932421,23.088816,169.0127,0.00015962496,12.262991,29.900648,196.98561,0.000300467,0.090255305,0.8630333,1.0,-1.0,-3.1636195,1.310399,-1.0669754,-7.477644,-316.36194,109.424835,-183.19452,-490.90677,0.24305104,0.58382064,1.0,-1.0,10,-6.304953150618041,1.026780814299273,-3.926984358350948,-8.808548571834448,-630.4953150618041,68.27012099002869,-450.20848921120364,-714.6586406272148,0.08010824071264849,0.6659271516347248,1.0,-1.0,0.21870178476284866,0.07016287553078521,0.35822558730696413,0.06796155609516581,0.22439569989233654,0.09101161942187479,0.3550921208239959,0.06796155609516581,0.5018181818181818,0.4999966942039477,1.0,0.0,0.5454545454545454,0.49792959773196915,1.0,0.0,0.18181818181818182,0.38569460791993504,1.0,0.0,0.18181818181818182,0.38569460791993493,1.0,0.0,0.0036363636363636364,0.06019252857180672,1.0,0.0,0.0,0.0,0.0,0.0,0.0,0.0,0.0,0.0,0.0,0.0,0.0,0.0,0.07128819827748828,0.04132300309761154,0.20792834618520956,0.006046247120904601,0.08410113864601117,0.05960887548981249,0.19187658397820292,0.01670171523155174,0.1674028272764864,0.0845297374700096,0.28491897452765047,0.040541628752692634,0.16740281212124392,0.0845297330349159,0.2849188820316938,0.040541628752692634,0.23869102555397465,0.09308463986470168,0.48382813865264596,0.0567931162134124,0.25150395076725507,0.10840508573514923,0.3960089779461812,0.0712682138262552,2.0,0.0,2,2,2.0,0.0,2,2,11.245061964575067,3.85817315688056,26.777840345405263,4.98810888975371,13.194628010287413,3.880821469462641,19.275822267963385,5.872183366140951,-0.509090909090909,0.4999173485406371,0.0,-1.0,-0.7272727272727273,0.4453617714151233,0.0,-1.0,3.1636195,1.310399,7.4776444,1.0669752,3.8246272,1.1185534,5.885602,2.030107,-316.36194,884004,225000,2250,10.035481761209667,2.9609709420474246,3.1589821208035573,16.15543482406065,3623.4311878863955,224
11.15659,13.026268,364.59906,-366.6985,243.37613,-15.328045,-715.5842,-366.42117,243.0356,-15.447927,-714.26,-366.03394,242.62437,-14.8882475,-711.50836,11.1565895,19.868677,119.01819,4.3050386e-07,13.02627,29.505617,264.9559,0.0007081628,0.068105444,0.86750424,1.0,-1.0,-2.8775547,1.1029309,-0.87379956,-6.0915794,-287.75546,94.99408,-141.91824,-471.119,0.11038781,0.63607156,1.0,-1.0,10,-6.074418904803101,1.2062305027238882,-3.499754584721501,-9.719806850419223,-607.4418904803102,86.90688968211315,-449.4733143330646,-729.6708505714373,0.066544780033604,0.6386973036289573,1.0,-1.0,0.22796526620437263,0.05611431099363626,0.35327092133179167,0.1353817605503893,0.22342342666975643,0.0650707684033605,0.35327092133179167,0.1628915478726899,0.3936363636363636,0.48855580731325277,1.0,0.0,0.2727272727272727,0.4453617714151233,1.0,0.0,0.0,0.0,0.0,0.0,0.0,0.0,0.0,0.0,0.0,0.0,0.0,0.0,0.0,0.0,0.0,0.0,0.0,0.0,0.0,0.0,0.0,0.0,0.0,0.0,0.10003767241067818,0.07247119788805771,0.332320158201497,0.016227737917726057,0.12192827854737316,0.08540009130808092,0.332320158201497,0.030589550931722415,0.2118740197589527,0.07797890759644904,0.35707604746158156,0.09835681835576632,0.2118739979786313,0.07797890416329628,0.3570737715143762,0.09835681835576632,0.3119116921696309,0.1282092173144531,0.5756078677619546,0.1324722155349697,0.33380227652600447,0.1398105569842605,0.5604997630206999,0.1429946464405157,2.0,0.0,2,2,2.0,0.0,2,2,10.038774505948346,2.803330053945564,23.12641188266578,5.398809443421963,11.445952083303887,2.8353768692908936,16.758348983983282,7.915719059416193,-0.4072727272727273,0.4913264219361319,0.0,-1.0,-0.6363636363636364,0.4810456929208347,0.0,-1.0,2.8775547,1.1029309,6.0915794,0.87379956,3.3389413,1.2421256,6.0915794,1.9709762,-287.75546,888004,226000,2260,9.839128158870153,2.9272677650442347,3.126816269592382,15.89321219350677,3639.3162557809846,225
11.108395,11.100833,369.1016,-371.3389,244.12851,2.927314,-806.0346,-370.44543,243.89941,3.5170493,-805.68787,-371.19196,243.10382,2.4752686,-803.64954,11.108395,23.350618,160.10342,0.014602784,11.100834,23.812046,157.85934,0.00039590895,0.07758136,0.87276155,1.0,-1.0,-3.1790626,1.1096704,-1.1292412,-8.948621,-317.90625,84.67413,-188.95244,-458.546,-0.0714685,0.64661604,1.0,-1.0,10,-6.019722450097697,0.880948649374623,-4.011785596038645,-8.365776428769319,-601.9722450097695,57.04208774774941,-507.5913687715365,-716.249644216706,0.13653083761570697,0.6468212469926958,1.0,-1.0,0.21959486177251963,0.0473321332284503,0.3773678591386376,0.11148657521297879,0.22583813068180988,0.045853933939054986,0.2972120717767236,0.15446071949243412,0.3609090909090909,0.4802642179137068,1.0,0.0,0.2727272727272727,0.4453617714151233,1.0,0.0,0.0,0.0,0.0,0.0,0.0,0.0,0.0,0.0,0.0,0.0,0.0,0.0,0.0,0.0,0.0,0.0,0.0,0.0,0.0,0.0,0.0,0.0,0.0,0.0,0.09093015479274465,0.05933124817658886,0.30829201712606846,0.007912745949190584,0.12159605346224224,0.08212627856581366,0.30829201712606846,0.018265968173275013,0.19733147480670163,0.07028885013915293,0.29431911367759495,0.07777389684524526,0.1973314598949101,0.07028884560494846,0.2943167856321761,0.07777389684524526,0.2882616295994463,0.0876079498692354,0.5436398187328535,0.14693632288977368,0.31892751335715236,0.09883644856853599,0.5436398187328535,0.16919129774121716,2.0,0.0,2,2,2.0,0.0,2,2,11.087784482349267,2.6345448665589686,26.829923558492595,5.636120943068063,12.803937496428716,1.2568485658903525,14.910325309859225,10.460190916149992,-0.6827272727272727,0.4654145934558272,0.0,-1.0,-1.0,0.0,-1.0,-1.0,3.1790626,1.1096704,8.948621,1.1292412,3.7901423,0.4304158,4.359734,3.1259274,-317.90625,892004,227000,2270,9.974886171403341,2.9193683790508658,3.1286372288595885,16.022891779313795,3655.329569873167,226
8.884188,8.717303,373.23053,-374.57077,249.13177,1.4618526,-757.6367,-376.04657,249.4897,0.074903965,-761.0502,-375.29907,249.31491,-1.103784,-755.937,8.884188,18.014936,125.673485,0.0011578435,8.717304,15.661842,115.82116,0.0004698104,0.017569741,0.855647,1.0,-1.0,-3.1849942,1.0994707,-1.0554612,-6.4079375,-318.49942,90.11167,-189.82729,-484.91373,-0.17269044,0.66809434,1.0,-1.0,10,-5.9003841204651035,1.062730977483387,-3.9643004440826433,-8.384276729714923,-590.0384120465104,70.45729460788058,-451.829166380445,-691.5207498318395,0.1674953482087491,0.669388106012784,1.0,-1.0,0.23595401487318116,0.07192161562991732,0.4026992638324852,0.08724711413308336,0.2652754310560242,0.06756315792733654,0.39474973682026737,0.17010042273736453,0.10454545454545454,0.30596683231902577,1.0,0.0,0.0,0.0,0.0,0.0,0.09090909090909091,0.28747978728803447,1.0,0.0,0.09090909090909091,0.2874797872880344,1.0,0.0,0.0,0.0,0.0,0.0,0.0,0.0,0.0,0.0,0.0,0.0,0.0,0.0,0.0,0.0,0.0,0.0,0.13836550907469017,0.06862025556049525,0.28083861833453805,0.011408852314370051,0.1833025841882866,0.062043036994834086,0.28083861833453805,0.07003872463111498,0.22058525384034022,0.09349333525453417,0.3876384253053242,0.01765508475942961,0.22058523254293566,0.09349333143354274,0.38763642697032896,0.01765508475942961,0.3589507629150304,0.1329799053279053,0.6495456202105114,0.0814975711799904,0.4038878167312223,0.11013593595660581,0.6339729883321876,0.17407255713494382,2.0,0.0,2,2,2.0,0.0,2,2,11.168983976431925,2.9600063059488537,26.565139485974203,6.070512235426378,13.02255166795219,2.754235232572811,18.26857389078512,8.466795628802872,-0.5663636363636364,0.4955762986348268,0.0,-1.0,-0.8181818181818182,0.385694607919935,0.0,-1.0,3.1849942,1.0994707,6.4079375,1.055461,3.8294609,0.96460485,4.7824855,2.0613542,-318.49942,896004,228000,2280,9.873757305322215,2.909664154984057,3.1212456859648228,15.904667146271095,3671.30362351262,227
9.550062,7.0164347,373.21646,-374.92667,255.07832,-13.868489,-746.72687,-374.3263,254.77075,-11.621471,-747.82477,-373.87598,254.22191,-11.635454,-748.4365,9.550062,16.107996,103.557396,4.673004e-05,7.016435,15.997402,149.5575,0.00019551793,0.02257271,0.88092923,1.0,-1.0,-3.3013031,1.2155937,-0.55748266,-7.0729256,-330.13034,107.944664,-125.05195,-526.561,-0.009269236,0.59947526,1.0,-1.0,10,-6.125706345932067,0.8614073593947309,-4.005793485001713,-8.572930476088331,-612.5706345932067,51.95226848170544,-507.0587707231137,-684.0430972684268,0.1550898749935752,0.6733983136940812,1.0,-1.0,0.18542325759876252,0.05944963645529263,0.36049818821736285,0.08320684401429117,0.1896289431699686,0.05796180229205379,0.30604031432576373,0.09527084574467246,0.36454545454545456,0.4813024684288483,1.0,0.0,0.36363636363636365,0.48104569292083466,1.0,0.0,0.0,0.0,0.0,0.0,0.0,0.0,0.0,0.0,0.0,0.0,0.0,0.0,0.0,0.0,0.0,0.0,0.0,0.0,0.0,0.0,0.0,0.0,0.0,0.0,0.0812165027823218,0.04844210740102734,0.2408428971677059,0.008761475450133904,0.09256600619708545,0.06453194696105298,0.23470788601691958,0.024660107820065186,0.16465238912730634,0.05383052292155895,0.2476093888606833,0.07561085115897641,0.16465237126248575,0.0538305195700043,0.2476093883953421,0.07561085115897641,0.24586889190962816,0.07289757969670929,0.47493021335711477,0.09938979453924497,0.25721837745957116,0.09391108785595209,0.4687952022063284,0.10027095897904159,2.0,0.0,2,2,2.0,0.0,2,2,11.04479559004697,3.549926903126011,25.755766796200895,3.6431963523352113,12.953977727634621,3.63680753399955,18.47755956863505,7.069838899751198,-0.5754545454545454,0.49427382246104024,0.0,-1.0,-0.8181818181818182,0.385694607919935,0.0,-1.0,3.3013031,1.2155937,7.072925,0.55748266,3.6185083,1.2553002,5.335567,1.2011211,-330.13034,900004,229000,2290,10.107059515430592,2.9793787550879642,3.1634226385504007,16.249860909068957,3687.462212884566,228
9.906298,9.747283,369.44385,-370.0036,243.60768,3.4228218,-755.2809,-369.5932,243.30211,6.9349847,-757.274,-370.2248,243.73866,3.5301926,-757.9498,9.906298,19.288082,112.24274,3.5504403e-05,9.747283,18.63509,139.23251,3.2220036e-05,0.019510292,0.8777191,1.0,-1.0,-3.172617,0.8310605,-1.4197046,-7.6988134,-317.2617,62.989876,-195.4006,-408.48688,-0.034584768,0.69240224,1.0,-1.0,10,-5.980593807923499,1.0591784822908237,-3.1432407450501185,-9.18616441355819,-598.0593807923499,81.80301981952397,-457.9065238628875,-710.1659761112497,0.1202163994313016,0.661193288495854,1.0,-1.0,0.2638665297366023,0.07044454812752668,0.4383188167818486,0.10501635523724502,0.2566956250786154,0.07744275689403003,0.3507444246169536,0.1399598011383302,0.3563636363636364,0.4789244147475907,1.0,0.0,0.2727272727272727,0.4453617714151233,1.0,0.0,0.0,0.0,0.0,0.0,0.0,0.0,0.0,0.0,0.0,0.0,0.0,0.0,0.0,0.0,0.0,0.0,0.0,0.0,0.0,0.0,0.0,0.0,0.0,0.0,0.11316288391046712,0.07544156360243413,0.28686083264151946,0.014413455740683508,0.15212783293343815,0.0867389649522629,0.268581203174216,0.036606129354363005,0.2614709424879921,0.07113301423357966,0.338820442664776,0.12391697962779905,0.2614709270771297,0.07113301015898113,0.33881889264720466,0.12391697962779905,0.3746338263984592,0.09711755024605867,0.6256797252887343,0.17523799105401755,0.4135987600105679,0.11726509876070991,0.6074000958214207,0.2599822812310091,2.0,0.0,2,2,2.0,0.0,2,2,10.533662343743377,2.8844323110283403,26.85714697643732,5.650968145746075,12.687685341024242,3.1948453637705247,17.361905738062354,7.614984519676298,-0.509090909090909,0.4999173485406371,0.0,-1.0,-0.7272727272727273,0.4453617714151233,0.0,-1.0,3.172617,0.8310605,7.6988134,1.4197046,3.7255807,1.1206322,5.928192,1.807917,-317.2617,904004,230000,2300,9.837509857024997,2.888507285970263,3.077202378655784,15.803219521651044,3703.2685704391915,229
10.017998,8.057947,366.09552,-366.91693,244.37163,-4.2993236,-746.74725,-366.45258,244.07011,-5.048517,-743.59106,-366.4074,244.6737,-2.3952272,-740.8169,10.017998,20.556295,154.88618,1.3411045e-07,8.057948,11.763522,65.84019,0.000647787,-0.020133676,0.8648491,1.0,-1.0,-2.8775113,1.0914912,-0.6440408,-7.859433,-287.75113,90.293465,-83.2699,-432.77484,0.02168067,0.6507184,1.0,-1.0,10,-6.012388819197209,0.989161724298755,-3.1941606935541644,-8.923346412820829,-601.2388819197209,67.10945751974329,-486.9609141684251,-715.1263825857129,0.027571012532219594,0.6922969852113218,1.0,-1.0,0.23127680477277154,0.08605623585276231,0.41715077280741175,0.07599445260507487,0.23589594916880355,0.10087236065613575,0.4149832591911074,0.07599445260507487,0.24727272727272728,0.43142661672622223,1.0,0.0,0.18181818181818182,0.38569460791993493,1.0,0.0,0.0,0.0,0.0,0.0,0.0,0.0,0.0,0.0,0.0,0.0,0.0,0.0,0.0,0.0,0.0,0.0,0.0,0.0,0.0,0.0,0.0,0.0,0.0,0.0,0.10351439110993632,0.07217271136444192,0.2825546942930675,0.0039741747942533935,0.1237811519230049,0.07727824570438047,0.2777528401740222,0.0105802100939197,0.1893346729262318,0.07027942130772896,0.2798661774474968,0.07769782210935927,0.19293436723932259,0.06753284359915548,0.2798639282366786,0.07769782210935927,0.2928490640361681,0.11088642427287228,0.5325782954082124,0.08585604201101708,0.31671551916232754,0.11979949291873852,0.5325782954082124,0.15800299831800652,2.0,0.0,2,2,2.0,0.0,2,2,10.590593464863554,3.2057928043203114,27.851945858771767,4.058590501977885,12.168806468476424,3.344610403222983,18.172286253992358,4.5441082344382915,-0.6209090909090909,0.48516078956933156,0.0,-1.0,-0.7272727272727273,0.4453617714151233,0.0,-1.0,2.8775113,1.0914912,7.859433,0.6440408,3.3109124,1.0853279,4.605711,0.84981745,-287.75113,908004,231000,2310,9.746900020050816,2.892275552963838,3.11159228393808,15.750767856952734,3719.1172438231297,230
17.986197,18.580297,363.9425,-365.73633,236.93793,-3.4508824,-701.5127,-366.22247,236.79953,-4.4664097,-701.2305,-366.69684,237.75351,-5.5721583,-701.8017,17.986197,53.606823,416.33783,0.0003241934,18.580297,55.349117,456.51987,0.008801942,0.057906114,0.88901114,1.0,-1.0,-3.0555265,0.82833314,-1.3360671,-7.3407598,-305.55264,57.854107,-234.93117,-411.6005,-0.13833041,0.6651778,1.0,-1.0,10,-5.686132087322464,1.3231197585692829,-3.229929887282015,-9.143284435267702,-568.6132087322464,84.15752380316817,-398.96377151040974,-669.163266163305,0.05799188546919822,0.6288633829990564,1.0,-1.0,0.2576770500149453,0.06380451667200741,0.4077812150895387,0.10234012110460068,0.25762483545931913,0.07572470296017605,0.38418197780516583,0.11137261780658167,0.26181818181818184,0.4396241821005793,1.0,0.0,0.2727272727272727,0.4453617714151233,1.0,0.0,0.0,0.0,0.0,0.0,0.0,0.0,0.0,0.0,0.0,0.0,0.0,0.0,0.0,0.0,0.0,0.0,0.0,0.0,0.0,0.0,0.0,0.0,0.0,0.0,0.09257441959809125,0.051417787047398356,0.2516750502973643,0.0035157932496063084,0.10720914825240144,0.06964955555609,0.2516750502973643,0.03510210639287902,0.23135121221084748,0.06586001425671477,0.3211225254916687,0.10876618660403153,0.2313511887416954,0.06586001374952002,0.3211196608113752,0.10876618660403153,0.32392563180893874,0.09185729509477021,0.5669587376332625,0.12831126323188433,0.3385603369940968,0.10834849402085164,0.5669587376332625,0.14386829299691056,2.0,0.0,2,2,2.0,0.0,2,2,11.0003882369687,2.509101864218132,26.926288091534495,6.600546387272376,12.30027201423603,2.079202728591177,15.779341075196935,9.147311641421352,-0.5763636363636364,0.4941341872824853,0.0,-1.0,-0.8181818181818182,0.385694607919935,0.0,-1.0,3.0555267,0.8283331,7.34076,1.3360672,3.546122,0.9849475,4.988755,2.146683,-305.55264,912004,232000,2320,9.828659352031536,2.9903755239211023,3.1207488598302007,15.93978373578284,3735.1561542520067,231
11.526787,10.701998,369.52606,-371.88675,243.5027,-7.5385933,-741.34595,-372.12885,244.13466,-9.892647,-743.43335,-372.19998,244.06781,-8.367891,-745.2409,11.526786,20.29905,106.66008,0.0023014694,10.701998,20.70892,172.33934,0.0047484078,0.008306564,0.87178224,1.0,-1.0,-3.1234255,1.2733258,-0.879438,-8.224938,-312.34253,112.06552,-110.78388,-544.87274,0.07985711,0.6724093,1.0,-1.0,10,-5.855511735816734,1.0559014513991516,-3.974035801428787,-8.845873115411782,-585.5511735816733,82.27234738747654,-466.2742789624206,-692.7713841218217,0.1029546767210191,0.6809039906344645,1.0,-1.0,0.2690250937196328,0.05969333868490711,0.4570277656556643,0.09848043404126944,0.2751180938529924,0.04807418868808479,0.35263770480337514,0.1971091413583878,0.2609090909090909,0.43913043300377463,1.0,0.0,0.2727272727272727,0.4453617714151233,1.0,0.0,0.0,0.0,0.0,0.0,0.0,0.0,0.0,0.0,0.0,0.0,0.0,0.0,0.0,0.0,0.0,0.0,0.0,0.0,0.0,0.0,0.0,0.0,0.0,0.0,0.09741007157021181,0.044897673068676466,0.23792766337335378,0.014523144957733936,0.11636341587001003,0.060082610904541506,0.23792766337335378,0.047646108661370375,0.23948377550107436,0.09599563448120482,0.34348072806246793,0.0669980386542024,0.23948375846165487,0.09599563588262057,0.34347900903516965,0.0669980386542024,0.33689384707128617,0.10341218248152867,0.5814066724085234,0.16103323328825545,0.35584717433166496,0.11986614320124492,0.5814066724085234,0.16103323328825545,2.0,0.0,2,2,2.0,0.0,2,2,10.518435449067919,3.475184756376294,27.644669066512645,5.711104678382572,12.37218524466873,3.226339156098221,16.626698558632466,6.284057686503592,-0.5045454545454545,0.4999793384160741,0.0,-1.0,-0.8181818181818182,0.38569460791993504,0.0,-1.0,3.1234255,1.2733259,8.224938,0.879438,3.5343583,1.1726012,5.45468,1.0617421,-312.34253,916004,233000,2330,10.00217118114233,3.0899940859526396,3.1413700563134626,16.233535323408432,3751.279682770255,232
11.282553,7.8284445,364.2414,-365.43726,250.35704,-10.11249,-741.17645,-366.70224,251.21025,-11.477611,-744.3502,-367.2614,251.17493,-12.749174,-748.5817,11.282553,22.495531,178.10127,2.474431e-05,7.8284445,16.241701,120.574715,0.00041231874,0.053304385,0.85018224,1.0,-1.0,-2.8598206,1.0169635,-0.89546764,-7.3826704,-285.9821,76.56291,-194.93143,-427.22766,0.027312383,0.6943375,1.0,-1.0,10,-6.31533995835673,1.0292391615545924,-3.438018738783556,-9.560759380078123,-631.533995835673,61.07839774190741,-528.4860172958835,-725.7007117938585,0.16475926662392623,0.6699047271511722,1.0,-1.0,0.22672367130323454,0.08728505591830199,0.41399496017541965,0.04145329591823873,0.2477135348819994,0.09569546995556702,0.41399496017541965,0.04145329591823873,0.2872727272727273,0.4524898976087936,1.0,0.0,0.2727272727272727,0.4453617714151233,1.0,0.0,0.0,0.0,0.0,0.0,0.0,0.0,0.0,0.0,0.0,0.0,0.0,0.0,0.0,0.0,0.0,0.0,0.026363636363636363,0.16021421610244926,1.0,0.0,0.09090909090909091,0.2874797872880344,1.0,0.0,0.10973117140340835,0.06466870459960235,0.2633438139315285,0.01583343838603665,0.1343754778577197,0.06570833110580838,0.2586226273683349,0.04622048625041451,0.1809243267604645,0.09056390713942539,0.4092115828017768,0.0658336010748222,0.1885525247656935,0.08697839021566085,0.40920962369627106,0.07801715156407721,0.29065549816387287,0.10586052925309718,0.5753430287298263,0.0856890564863374,0.32292800262341315,0.08194923022930357,0.460552498950804,0.19388071437872673,2.0,0.0,2,2,2.0,0.0,2,2,11.35498210059053,3.1730112639216252,27.2508658317734,6.3338007476398825,12.611878753660045,3.197986890822864,18.42879456313856,8.606627275780339,-0.6363636363636364,0.48104569292083466,0.0,-1.0,-0.8181818181818182,0.385694607919935,0.0,-1.0,2.8598206,1.0169634,7.38267,0.8954676,3.2040825,0.7944171,4.8205123,2.2329342,-285.9821,920004,234000,2340,9.979920406476595,2.9805910929571837,3.1222434827359393,16.082754982169718,3767.344220542698,233
12.723341,12.032068,372.14862,-373.0747,254.53362,-6.2447157,-822.115,-372.74002,254.30823,-5.1789036,-819.75366,-372.28278,254.46928,-5.9506416,-820.7226,12.723342,29.003899,247.73672,0.00062889705,12.032069,24.261166,168.80884,0.0016202787,0.07250589,0.8657541,1.0,-1.0,-3.2336993,1.1112604,-0.9402739,-6.306732,-323.3699,92.922165,-181.1067,-496.91995,0.15536419,0.70243335,1.0,-1.0,10,-5.677178200981565,1.0342599548437386,-3.416043334909383,-8.66953502797434,-567.7178200981564,76.49341100540967,-455.4360820871218,-692.011963292663,0.07496047220307069,0.6628610500644793,1.0,-1.0,0.20916810918130063,0.05771077291620505,0.36057989603118423,0.07892820734904443,0.1904488961671758,0.06078481772720273,0.31897617644318044,0.07892820734904443,0.20454545454545456,0.4033690761204284,1.0,0.0,0.0,0.0,0.0,0.0,0.0,0.0,0.0,0.0,0.0,0.0,0.0,0.0,0.0,0.0,0.0,0.0,0.0,0.0,0.0,0.0,0.0,0.0,0.0,0.0,0.0,0.0,0.0,0.0,0.11091636322603408,0.051962162427813464,0.21911911993277575,0.0048601778583474975,0.15420802014224358,0.043431215386320575,0.20593416522299512,0.06037687142193528,0.20447636174117323,0.046416414978080335,0.3087922649510382,0.1310916714681264,0.20464151325991276,0.046363504752680196,0.30878944000511344,0.13109167146812642,0.3153927249672073,0.07765747528944768,0.5035510398959315,0.17528535243396665,0.35884953340215636,0.07826226912838055,0.5035510398959315,0.24323850583509138,2.0,0.0,2,2,2.0,0.0,2,2,11.586288223089936,2.789198057178696,24.829252197879065,4.641318536225426,14.183136645048886,1.9864482976650588,18.092067504140992,11.770205903907408,-0.7118181818181818,0.4529161708873284,0.0,-1.0,-1.0,0.0,-1.0,-1.0,3.2336993,1.1112603,6.306732,0.9402739,3.9131532,0.9923533,5.230202,2.7078035,-323.3699,924004,235000,2350,9.909181200433522,2.96224741905462,3.1198140907799825,15.991242710268125,3783.2974228028907,234
11.072145,11.917685,358.6223,-361.67755,246.33362,-12.70002,-746.9562,-362.70453,246.95038,-13.369675,-747.82794,-361.44012,246.77225,-13.197943,-743.90454,11.072145,33.897346,332.60318,0.0005067239,11.917685,23.07171,173.60724,1.168251e-05,0.06619629,0.8699974,1.0,-1.0,-3.1872506,1.119143,-1.2633224,-7.176892,-318.725,99.87565,-217.53764,-530.62787,-0.03743447,0.64311504,1.0,-1.0,10,-5.719869899884583,1.110025146365659,-3.3608072049845723,-8.766710328156904,-571.9869899884583,93.98835417106305,-432.3632765652711,-784.9745239575086,0.06356416435201556,0.6660007688807907,1.0,-1.0,0.21233970593965032,0.07924604014033039,0.4126016475340853,0.11714338108967771,0.1970798975796307,0.07407203903960255,0.41232177813782084,0.1184220115416055,0.30727272727272725,0.46136341244956497,1.0,0.0,0.18181818181818182,0.38569460791993493,1.0,0.0,0.0,0.0,0.0,0.0,0.0,0.0,0.0,0.0,0.0,0.0,0.0,0.0,0.0,0.0,0.0,0.0,0.0,0.0,0.0,0.0,0.0,0.0,0.0,0.0,0.10560584067167131,0.06422538074578303,0.2581414567172551,0.008685927889121548,0.12010479849037208,0.0629126164235212,0.2307138376783557,0.0339101038985564,0.208654978690253,0.04819750591147812,0.3090252280588635,0.14385983994451718,0.208654959992794,0.04819750242353462,0.3090225785197972,0.14385983994451718,0.31426081936192435,0.0967985760824312,0.5396917610809402,0.1694105394606601,0.328759758483166,0.09637190454991866,0.5122641420420407,0.18502596443461694,2.0,0.0,2,2,2.0,0.0,2,2,11.532125080082103,3.2003063771628844,21.125492743969534,5.651055230757246,12.867248221867646,3.060976301415186,18.662943688711803,7.216097601234486,-0.69,0.46249324319388707,0.0,-1.0,-0.9090909090909091,0.28747978728803447,0.0,-1.0,3.1872506,1.119143,7.176892,1.2633222,3.5394187,1.1387879,6.0182147,2.444593,-318.725,928004,236000,2360,9.894191009690985,2.924968280014582,3.170036450144835,15.989195739850402,3799.267289379728,235
24.709305,18.828274,379.09375,-380.46072,247.77759,-12.013967,-790.1429,-379.9152,247.98572,-12.083801,-788.9967,-380.28024,247.76332,-12.57858,-789.20325,24.709305,86.67687,641.95764,1.2803415e-05,18.828274,52.053787,361.45648,0.0068700463,0.015387593,0.86951655,1.0,-1.0,-2.8565235,0.9974926,-1.1898007,-8.182974,-285.6523,88.22353,-137.43591,-463.36157,0.2361716,0.6283926,1.0,-1.0,10,-5.783377169864403,1.1014616169825788,-3.591118640449411,-9.227161000345511,-578.3377169864405,97.66908704230879,-428.6900775778523,-765.5251171900683,0.10523061807541882,0.6912861092383189,1.0,-1.0,0.284690585556022,0.07245044358325808,0.41200369475774745,0.08191493082247467,0.29769565789440255,0.06794175952651924,0.41197282394028917,0.16488411798538274,0.1781818181818182,0.38266572599494675,1.0,0.0,0.18181818181818182,0.38569460791993493,1.0,0.0,0.0,0.0,0.0,0.0,0.0,0.0,0.0,0.0,0.0,0.0,0.0,0.0,0.0,0.0,0.0,0.0,0.0,0.0,0.0,0.0,0.0,0.0,0.0,0.0,0.13172853485786193,0.08120840978897893,0.3114917976613265,0.007982641713387256,0.14489928094963028,0.08007445512256774,0.30671564926860023,0.022817442268349305,0.19270728794729863,0.05829351628391813,0.2799678912959663,0.06864361484548319,0.19270726818415926,0.05829350456876908,0.2799645647641409,0.06864361484548319,0.32443582280516065,0.12218613691637904,0.580540412106454,0.08728301251616309,0.33760654913378957,0.11858827610549948,0.5757642637137277,0.1691352007458831,2.0,0.0,2,2,2.0,0.0,2,2,10.245638747575844,2.7253654036148585,28.087766276069107,4.6844676145734745,11.294577477855173,3.1393995464886846,15.414866723692061,6.052796037310446,-0.5272727272727272,0.499255644281672,0.0,-1.0,-0.6363636363636364,0.48104569292083466,0.0,-1.0,2.8565235,0.9974926,8.182974,1.1898007,3.2928987,0.9635644,4.9399614,1.4788423,-285.6523,932004,237000,2370,9.815381326014176,2.905094505054876,3.1194300436181948,15.839905874687247,3815.271629469469,236
10.828916,10.924023,374.98367,-376.63153,250.43565,-5.1251802,-772.5958,-376.73386,250.7025,-4.684865,-778.5633,-376.74207,251.05876,-3.6464756,-775.17615,10.828917,28.43433,266.43826,0.00014165416,10.924023,26.329361,211.46066,1.0073185e-05,0.080177546,0.87843305,1.0,-1.0,-3.1085505,1.1806078,-1.3696367,-6.651759,-310.855,101.70286,-215.14575,-551.9894,-0.012616896,0.7343608,1.0,-1.0,10,-6.022351422694237,1.1265011167653842,-4.195196350573639,-10.033285727561479,-602.2351422694239,80.2707234567241,-484.9745198728241,-745.8983506963149,0.10539623993277117,0.6807685365753746,1.0,-1.0,0.21701212140715362,0.0614440224373896,0.3484865784978066,0.08625586216134709,0.22387004688077283,0.061956697269203505,0.3484865784978066,0.11940674173646888,0.26636363636363636,0.4420566135539393,1.0,0.0,0.09090909090909091,0.2874797872880344,1.0,0.0,0.0,0.0,0.0,0.0,0.0,0.0,0.0,0.0,0.0,0.0,0.0,0.0,0.0,0.0,0.0,0.0,0.0,0.0,0.0,0.0,0.0,0.0,0.0,0.0,0.11980753294199654,0.07803636536334886,0.3220073410170144,0.012701974980498961,0.1547217940258903,0.09263195465128163,0.3220073410170144,0.05013176530566129,0.22584300914721714,0.06962846683895738,0.33223265820181913,0.1303435554580457,0.22584299098967345,0.06962846906975192,0.3322314654883562,0.1303435554580457,0.3456505420892137,0.12445632677371724,0.6542388065053706,0.14440578113890123,0.38056478501556373,0.14436691875048752,0.6542388065053706,0.22267814347777348,2.0,0.0,2,2,2.0,0.0,2,2,11.98859616499545,3.0616929213275226,26.593166874475237,6.944801313398651,13.74035086961032,2.988480607627798,20.61149461129628,9.414394240512856,-0.7372727272727273,0.44011549949139717,0.0,-1.0,-0.8181818181818182,0.385694607919935,0.0,-1.0,3.1085505,1.1806078,6.651759,1.3696367,3.5654833,1.3574508,5.9377327,1.8529416,-310.855,936004,238000,2380,9.788103339262307,3.0708943620556965,3.1109923768090084,15.969990078127012,3831.1015697158873,237
7.2180395,7.527048,354.19354,-355.90073,243.64412,3.00229,-808.3137,-356.00726,243.2996,5.0357556,-806.3885,-356.25427,243.73045,3.9719973,-808.04724,7.218039,14.840059,118.81452,0.00043827668,7.527048,17.497019,139.88722,0.0019258298,-0.029837357,0.85885084,1.0,-1.0,-3.108942,1.0611928,-1.0895311,-6.9420943,-310.89423,89.09189,-137.9196,-456.85135,0.120740965,0.7010269,1.0,-1.0,10,-6.067130670255429,0.8152444131137665,-3.9387552630838867,-8.473532658979869,-606.7130670255427,30.15586574495092,-551.8969085319048,-663.7100038164618,0.046432178929855024,0.7008499030103481,1.0,-1.0,0.2250181827121142,0.07295769244502158,0.41651769677420936,0.04880664075835671,0.23500397811688042,0.07618068496780422,0.36929678408497957,0.05203869278129322,0.20727272727272728,0.4053526166211992,1.0,0.0,0.09090909090909091,0.2874797872880344,1.0,0.0,0.0,0.0,0.0,0.0,0.0,0.0,0.0,0.0,0.0,0.0,0.0,0.0,0.0,0.0,0.0,0.0,0.04363636363636364,0.20428468225728202,1.0,0.0,0.09090909090909091,0.28747978728803447,1.0,0.0,0.12214822972014461,0.07582162235434924,0.3287145424150111,0.007431341910347367,0.14890464943331788,0.09461275245712493,0.3287145424150111,0.04180251085472293,0.24073594868430329,0.09986667210592388,0.4348961122784511,0.11614463465126477,0.241185984558025,0.10031843536581883,0.4348940930896144,0.11614463465126477,0.36288417840444787,0.15362445440430145,0.7636086355046254,0.15842188381623826,0.39009063399134286,0.16997436491972714,0.7636086355046254,0.19745812034521643,2.0,0.0,2,2,2.0,0.0,2,2,11.00478818661234,2.9534810558503595,26.982233179322456,5.17723404946328,12.756248246467619,2.9359735128110196,16.798947716078857,5.679938322412069,-0.6327272727272727,0.4820616880383466,0.0,-1.0,-0.9090909090909091,0.28747978728803447,0.0,-1.0,3.108942,1.0611928,6.9420943,1.0895311,3.6655219,1.2711147,5.9138875,1.4212822,-310.89423,940004,239000,2390,9.877112770453095,2.9303953329799697,3.130995534360409,15.938503637793474,3847.039645478595,238
10.308866,9.292099,368.5142,-369.61935,248.16075,-3.2484987,-730.5578,-369.69556,248.68434,-1.9411898,-730.5051,-370.18762,248.94722,-2.4808822,-739.8414,10.308865,16.179722,86.18466,0.0012311386,9.292099,16.849573,96.85136,0.0029210383,0.023143247,0.8803468,1.0,-1.0,-3.4057891,0.95702314,-1.1849631,-8.037794,-340.57892,77.271324,-249.23663,-547.29706,0.0990663,0.67098415,1.0,-1.0,10,-5.8787791659812205,0.8176887372685604,-4.262101645301362,-8.987981472044117,-587.877916598122,58.396251679685825,-478.8835484514818,-653.5685377916514,0.19439461492560184,0.6981935002363635,1.0,-1.0,0.2499635405921797,0.0972803077934562,0.4246123133350969,0.08098340621381703,0.2520755316880273,0.10498116182630667,0.42086520482162776,0.08270256661219554,0.08545454545454545,0.27955691033437624,1.0,0.0,0.0,0.0,0.0,0.0,0.18181818181818182,0.38569460791993504,1.0,0.0,0.18181818181818182,0.38569460791993493,1.0,0.0,0.0,0.0,0.0,0.0,0.0,0.0,0.0,0.0,0.0,0.0,0.0,0.0,0.0,0.0,0.0,0.0,0.13327377865574744,0.05883908309619661,0.25276579193673876,0.0018085394178793321,0.1533309019328829,0.05749494118450458,0.25276579193673876,0.07474205309598529,0.23471649003538944,0.11613955127484026,0.4166024241460931,0.03450435385483902,0.23471647623585568,0.11613954916946208,0.4166005196004958,0.03450435385483902,0.36799026869113693,0.1449232692929919,0.5995662761414666,0.09762323605052951,0.3880473781687386,0.15042064852431955,0.59122794209045,0.11918184938093958,2.0,0.0,2,2,2.0,0.0,2,2,11.1791115989322,2.3454233558611524,24.76032190715198,6.443211246338007,12.381744020588059,2.1164260510081885,16.21063866243111,10.114325340117169,-0.6381818181818182,0.48052657067426247,0.0,-1.0,-1.0,0.0,-1.0,-1.0,3.4057891,0.95702314,8.037794,1.1849631,3.8175554,0.77362865,5.6430674,2.9778962,-340.57892,944004,240000,2400,9.960674124653451,2.9309639129787683,3.1167017142288387,16.008339751861058,3862.977156408597,239
15.652682,18.26882,377.08002,-379.58136,257.62848,1.7601502,-793.8279,-379.98083,257.5709,0.47878957,-802.6491,-379.21512,256.77158,-1.1934434,-775.90564,15.652681,42.4316,321.20673,0.00041557848,18.26882,68.77559,715.21313,1.3411045e-05,0.03857162,0.867571,1.0,-1.0,-3.260329,1.429912,-1.1657851,-7.739751,-326.03293,132.74168,-162.01932,-587.0187,0.09242083,0.6875326,1.0,-1.0,10,-6.1697862166679585,1.0332817336462294,-3.9872608416696744,-9.886100642543392,-616.9786216667958,79.8250754289904,-496.95237716681567,-743.533656260911,0.06216009953432571,0.7058513358883812,1.0,-1.0,0.2545708812959148,0.06867559345369126,0.38961427717631303,0.11830331973726593,0.2793782745491811,0.0725589871984933,0.38961427717631303,0.14026536429912126,0.3836363636363636,0.48627101921894483,1.0,0.0,0.2727272727272727,0.4453617714151233,1.0,0.0,0.0,0.0,0.0,0.0,0.0,0.0,0.0,0.0,0.0,0.0,0.0,0.0,0.0,0.0,0.0,0.0,0.0,0.0,0.0,0.0,0.0,0.0,0.0,0.0,0.10062468209146957,0.07926750285589884,0.34814938707261844,0.006719076510029487,0.12091311439776997,0.09731970658524806,0.3428461715445114,0.014540452706877826,0.24986299298034267,0.07262357449135717,0.3283476029443034,0.11714808804608688,0.24986297244540373,0.07262357930303348,0.32834684771533484,0.11714808804608688,0.3504876750718123,0.12580389544924797,0.6697597262665341,0.12386716455611636,0.3707760868431736,0.14078941895391245,0.664456510738427,0.17386178082587797,2.0,0.0,2,2,2.0,0.0,2,2,10.726541917519135,3.7317319264684716,26.26577583838248,5.267957151403152,11.744283383730181,4.185775133507798,18.988604203072178,5.50251419239642,-0.44727272727272727,0.4972120621130825,0.0,-1.0,-0.6363636363636364,0.48104569292083466,0.0,-1.0,3.260329,1.429912,7.7397504,1.1657851,3.6418219,1.7379578,7.7397504,1.5603764,-326.03293,948004,241000,2410,9.93155999132432,2.86006564903073,3.049309886759147,15.840935527114198,3879.013984765741,240
19.136013,24.212524,357.8678,-358.47192,243.56673,0.0064082146,-739.2848,-358.57178,243.3309,-0.62405777,-737.69965,-359.37994,244.02539,3.5415788,-741.5563,19.136013,85.46504,924.1281,0.000209798,24.212524,131.96576,1464.7206,0.00015636446,0.08276194,0.847429,1.0,-1.0,-3.0192223,1.2908552,-0.68701893,-8.559132,-301.9222,105.14264,-183.63635,-571.05,0.11149557,0.7034095,1.0,-1.0,10,-6.227069482732698,0.8811334718001702,-3.918579845874064,-8.740951536557889,-622.7069482732699,58.24241402807089,-514.0382883081205,-723.514323607944,0.009683641635751339,0.6893755683195886,1.0,-1.0,0.23381231438875746,0.08844817916376506,0.4344949051753415,0.055156753746337155,0.23322485687564828,0.08217203792064735,0.3695738770203023,0.08585768216801745,0.35,0.47696960070847283,1.0,0.0,0.36363636363636365,0.4810456929208346,1.0,0.0,0.0,0.0,0.0,0.0,0.0,0.0,0.0,0.0,0.0,0.0,0.0,0.0,0.0,0.0,0.0,0.0,0.006363636363636364,0.07951817714125349,1.0,0.0,0.0,0.0,0.0,0.0,0.09593741012999038,0.06212391759322165,0.2776881977371831,0.009689849037596296,0.1047818393048423,0.06896284607821675,0.27433848741007394,0.022645408620495956,0.2090845254905413,0.08548829191048458,0.410290712947432,0.06990762557911576,0.20954068815846094,0.08510346642806545,0.4102884450405031,0.06990762656986539,0.30502193562053165,0.1229354314244606,0.5836211808462565,0.08469532608735127,0.31432252746330325,0.12212323307460853,0.5829487565349992,0.13366546635275106,2.0,0.0,2,2,2.0,0.0,2,2,10.777358383231418,3.4353716365291747,28.293450727943718,5.33186831089597,12.932067889708282,3.369556317198279,18.093611082772,6.3219481227014525,-0.5727272727272728,0.4946824676513742,0.0,-1.0,-0.7272727272727273,0.4453617714151233,0.0,-1.0,3.0192223,1.2908552,8.559132,0.68701893,3.5904577,1.0735035,5.796446,1.9006791,-301.9222,952004,242000,2420,9.736151698394679,3.0562057229690254,3.100082226912491,15.892439648276195,3894.856877944083,241
11.741782,10.333572,364.51422,-366.4876,242.59406,-6.475234,-769.4848,-366.44968,243.02278,-5.720029,-772.42267,-366.8196,243.60883,-6.566592,-769.2927,11.741782,23.544762,159.88109,3.0511059e-05,10.333572,20.829739,117.35141,6.148184e-08,0.051348664,0.8829609,1.0,-1.0,-3.0005713,1.0888791,-1.012458,-7.6143126,-300.05716,88.42401,-155.8469,-409.4724,0.12198306,0.7081103,1.0,-1.0,10,-5.687736699762701,0.7441638262801274,-4.199974287080763,-7.872232761153092,-568.7736699762702,42.4010264862726,-511.89366363141437,-640.4835599898029,0.02638967463087972,0.6961233189994569,1.0,-1.0,0.23296341392135378,0.06920569584258826,0.38930186291142144,0.08126776125370926,0.24629427715311156,0.07382390543452093,0.38355530515685504,0.13921481749866793,0.3518181818181818,0.4775375888454548,1.0,0.0,0.18181818181818182,0.385694607919935,1.0,0.0,0.09090909090909091,0.28747978728803447,1.0,0.0,0.09090909090909091,0.28747978728803447,1.0,0.0,0.0,0.0,0.0,0.0,0.0,0.0,0.0,0.0,0.0,0.0,0.0,0.0,0.0,0.0,0.0,0.0,0.08968881416344301,0.05186541018002136,0.24050702168288582,0.00826093080562512,0.10813765239223233,0.04856888267140187,0.22291654399350397,0.04161003115475645,0.19329010718796108,0.08659146304456679,0.3271263580374537,0.04322454366407495,0.19329121067516233,0.08659140163615854,0.32712571931563134,0.04322454366407495,0.2829789213514041,0.09918847916442751,0.5097956977424046,0.06975035156945053,0.3014288630673947,0.08671204877955604,0.4155587596244711,0.1641805981913893,2.0,0.0,2,2,2.0,0.0,2,2,11.174724891875051,3.1179139756112413,26.8468454448968,4.795175712264941,12.362103643025574,2.3110218423262845,16.97505599258975,7.667267415407993,-0.6218181818181818,0.48493332591038985,0.0,-1.0,-0.8181818181818182,0.38569460791993504,0.0,-1.0,3.0005713,1.0888791,7.6143126,1.012458,3.5171638,0.8963133,5.075192,1.7423368,-300.05716,956004,243000,2430,11.112767511163838,3.0068632781039923,3.2783764376072213,17.398007226875052,3912.3092649647733,242
22.549208,19.97944,358.9115,-360.74664,251.45436,-15.026411,-804.0941,-360.4904,251.377,-13.621458,-806.1027,-359.66223,251.77333,-13.642709,-802.5638,22.549206,98.627945,847.4961,0.0013188459,19.979439,78.08878,678.84595,0.0004515933,0.123270236,0.8605826,1.0,-1.0,-2.9111152,1.0649388,-0.94273525,-6.1443415,-291.11145,93.911514,-203.6851,-534.51385,0.078340426,0.6711153,1.0,-1.0,10,-5.816962659259818,1.0102514228992354,-3.235500057232862,-9.362145895765167,-581.6962659259817,66.88781133793957,-459.88811330401194,-714.3444173255156,0.08889497732157334,0.690110247909665,1.0,-1.0,0.22874077656607927,0.06641673733907386,0.4049114499039494,0.08260621605808768,0.23431676261734025,0.06486353141311042,0.4049114499039494,0.17321662303165147,0.2718181818181818,0.4448966822209846,1.0,0.0,0.09090909090909091,0.2874797872880344,1.0,0.0,0.0,0.0,0.0,0.0,0.0,0.0,0.0,0.0,0.0,0.0,0.0,0.0,0.0,0.0,0.0,0.0,0.0,0.0,0.0,0.0,0.0,0.0,0.0,0.0,0.09906045052763775,0.04935465925758116,0.22623780065538376,0.009809428823391675,0.13603632083710282,0.05707967650241568,0.22490403136095488,0.050194057914832384,0.19419847750365565,0.05331373504608124,0.2961279409053296,0.11321878881617631,0.1941984546592025,0.053313739038163166,0.2961279406041127,0.11321878881617631,0.29325892803129344,0.07948582459954585,0.49841889308587034,0.13970793897512918,0.3302347754963053,0.09081230113123868,0.49841889308587034,0.19148745989319643,2.0,0.0,2,2,2.0,0.0,2,2,11.421648723491709,3.6092459289804735,23.188207770830886,5.15413183486462,13.031869514523505,3.5216147541160394,20.440262640033296,8.461946390556221,-0.52,0.49959983987187184,0.0,-1.0,-0.7272727272727273,0.4453617714151233,0.0,-1.0,2.9111152,1.0649388,6.1443415,0.94273525,3.3937101,1.0482507,5.542598,2.1223452,-291.11145,960004,244000,2440,10.765704477555119,3.061642986955121,3.251486905035563,17.078834369545802,3929.216372138355,243
11.385415,9.532295,355.33978,-357.48947,242.17404,-7.133473,-775.53766,-357.5662,241.91365,-8.015243,-777.3988,-357.4989,242.22974,-5.515918,-775.3893,11.385414,20.013933,113.45422,0.022015575,9.532295,15.487997,107.80026,2.5182962e-06,0.03973345,0.8800312,1.0,-1.0,-3.3996172,1.4121196,-0.9501352,-8.056126,-339.9617,127.36514,-166.58792,-624.11365,0.044816237,0.6962391,1.0,-1.0,10,-6.205886899214916,1.1065472775100647,-3.7938347034749174,-9.643072378537179,-620.5886899214918,91.08308837676219,-544.7586976101779,-878.8231745938713,0.06625025431156785,0.7118036318061202,1.0,-1.0,0.23728002706695686,0.06045270553463194,0.4201697093320751,0.09519940268013224,0.2435019495701879,0.056656965118693385,0.31626867293175626,0.09942724915794332,0.23545454545454544,0.42428257385772855,1.0,0.0,0.18181818181818182,0.38569460791993493,1.0,0.0,0.0,0.0,0.0,0.0,0.0,0.0,0.0,0.0,0.0,0.0,0.0,0.0,0.0,0.0,0.0,0.0,0.0,0.0,0.0,0.0,0.0,0.0,0.0,0.0,0.10122099340961148,0.055010062421131344,0.23566801034248328,0.004384106043582645,0.11371580236083867,0.059319347665786136,0.23366990809040017,0.02125552923675082,0.2275985462250354,0.06384972835407454,0.34710399442110307,0.12260958889396634,0.22759852828769542,0.06384972750517764,0.347101579046636,0.12260958889396634,0.32881953963464683,0.10111137904821271,0.5576008259306466,0.19770024971754582,0.34131433064853406,0.10073336173256733,0.5576008259306466,0.23328378776466674,2.0,0.0,2,2,2.0,0.0,2,2,10.762224539632502,3.808936721748393,27.939797420388523,4.618609033472671,12.146281757643841,4.154832496596877,19.086614934700005,5.405345724287882,-0.5118181818181818,0.499860311065514,0.0,-1.0,-0.6363636363636364,0.4810456929208346,0.0,-1.0,3.3996172,1.4121196,8.056126,0.9501351,3.6334925,1.3166611,6.120354,1.5300899,-339.9617,964004,245000,2450,9.713755548698828,2.890410900930874,3.138372086570598,15.7425385362003,3945.0281763876555,244
13.618147,11.853152,370.44278,-372.6601,250.41104,-1.6762314,-749.1555,-373.03992,250.94775,-0.6899481,-746.6508,-372.70837,250.8584,-1.0468198,-745.84607,13.618146,58.058304,640.82385,0.00029967405,11.853152,45.94841,507.7026,8.856425e-05,0.07959373,0.86832184,1.0,-1.0,-3.0090766,1.1067222,-0.7922454,-6.5396733,-300.90768,81.39489,-180.8869,-493.39294,0.21884723,0.67262244,1.0,-1.0,10,-6.351555800299512,0.9390470039439797,-4.329536789379064,-9.657484785549052,-635.1555800299512,70.44550426061423,-563.7046792341267,-817.8967412871142,0.11065111903017101,0.6593419927669171,1.0,-1.0,0.20699857303655345,0.06873220525224115,0.3742385629106914,0.06289253174024477,0.2062647804878357,0.07999889912509783,0.3691502306532702,0.06290327477916507,0.18272727272727274,0.3864427726441855,1.0,0.0,0.09090909090909091,0.2874797872880344,1.0,0.0,0.0,0.0,0.0,0.0,0.0,0.0,0.0,0.0,0.0,0.0,0.0,0.0,0.0,0.0,0.0,0.0,0.0,0.0,0.0,0.0,0.0,0.0,0.0,0.0,0.11814607476436818,0.0724045495680354,0.3558269881050568,0.020215268085970513,0.16178099676611032,0.09240051046509,0.3558269881050568,0.03303992377554457,0.21347400328136076,0.062476870056412774,0.3805901383272296,0.1391223831975186,0.21668426804887034,0.06241557475350556,0.3805885664909388,0.1391223831975186,0.33162007804572896,0.12143038461696591,0.7364155545959956,0.15933765128348912,0.37846526481498066,0.1457253888456497,0.7364155545959956,0.17216230697306317,2.0,0.0,2,2,2.0,0.0,2,2,11.015836142846453,3.195276011220162,25.731698796478838,3.9937513669201574,13.690301130844215,2.5984322420443418,17.437360624802142,8.8246517804682,-0.62,0.48538644398046393,0.0,-1.0,-0.8181818181818182,0.38569460791993504,0.0,-1.0,3.0090766,1.1067222,6.5396733,0.79224545,4.089686,1.1043885,6.3968754,2.3856175,-300.90768,968004,246000,2460,9.61299916880671,2.9599852330284193,3.092628090409562,15.66561249224469,3960.687350641936,245
8.737327,11.863787,365.48956,-367.6402,250.40271,0.12783647,-722.17816,-368.14502,250.4635,-0.088182926,-721.0356,-368.04236,251.00563,0.18918549,-720.5511,8.737328,19.399134,139.11731,0.000108612934,11.863787,26.929096,167.73285,0.00026756525,0.045252003,0.87012416,1.0,-1.0,-3.3463106,1.2916341,-1.2403511,-8.419793,-334.63107,113.23967,-155.82518,-531.8886,0.10244025,0.67960805,1.0,-1.0,10,-6.050817531801828,1.0977560025182824,-3.8108990082834566,-9.263563665243124,-605.0817531801828,93.60196980208725,-475.683606206807,-762.0631573190776,0.10972032666388702,0.6850647233474252,1.0,-1.0,0.2256131239389483,0.09004675804105629,0.4414698835762799,0.08683554068811551,0.2400765387414734,0.08930514860477065,0.4414698835762799,0.09149724195338066,0.3381818181818182,0.4730907693382506,1.0,0.0,0.18181818181818182,0.38569460791993493,1.0,0.0,0.0,0.0,0.0,0.0,0.0,0.0,0.0,0.0,0.0,0.0,0.0,0.0,0.0,0.0,0.0,0.0,0.0,0.0,0.0,0.0,0.0,0.0,0.0,0.0,0.08439226086322241,0.04531803709518783,0.20638899792276855,0.01279350784654103,0.10534509974524207,0.052391690284115555,0.20638899792276855,0.040116665701413,0.1796472060786655,0.058240713888359656,0.3017107606227294,0.10157682559302508,0.1796471895783045,0.058240709405696374,0.30170789694406314,0.10157682559302508,0.2640394669418879,0.06014736886927928,0.405108464742987,0.13017229249129633,0.2849922893235466,0.06621591608101458,0.405108464742987,0.17957798601002964,2.0,0.0,2,2,2.0,0.0,2,2,11.221978140132427,3.257826928535589,28.138438726206566,5.286689051064488,12.652549813843983,3.582694467287202,19.590163401936476,8.153838051565959,-0.5590909090909091,0.4964959863511587,0.0,-1.0,-0.7272727272727273,0.4453617714151233,0.0,-1.0,3.3463106,1.2916341,8.419793,1.2403511,3.748913,1.3834618,5.5475116,1.635521,-334.63107,972004,247000,2470,9.774241138948128,2.953942601918243,3.0968748403247446,15.825058581191115,3976.5877701230347,246
14.096968,14.056585,370.7276,-372.42343,259.76385,-7.876616,-755.62396,-372.84332,260.26468,-7.9733195,-755.99524,-372.957,260.05072,-7.1846576,-757.20874,14.096968,40.775078,326.7673,0.0009238869,14.056587,36.98488,273.77887,0.0002800309,0.068924546,0.8605478,1.0,-1.0,-2.8648498,1.0521795,-0.64594615,-8.115279,-286.485,53.352135,-186.44351,-363.33002,0.2353348,0.59850353,1.0,-1.0,10,-5.828583328782831,1.2252747499281158,-3.4133019627283328,-9.220382746844196,-582.8583328782834,85.56374722434578,-434.53133810167355,-725.0711949461128,0.02583276944792859,0.6758561319094847,1.0,-1.0,0.23701076115772465,0.06405464155553824,0.36933773634267525,0.09486501181110539,0.26229017438335356,0.0766678143953159,0.36933773634267525,0.14089067460259153,0.2581818181818182,0.43763451296961114,1.0,0.0,0.09090909090909091,0.2874797872880344,1.0,0.0,0.18181818181818182,0.38569460791993504,1.0,0.0,0.18181818181818182,0.38569460791993493,1.0,0.0,0.01,0.09949874371066199,1.0,0.0,0.0,0.0,0.0,0.0,0.0,0.0,0.0,0.0,0.0,0.0,0.0,0.0,0.10861338561994495,0.06818781259105448,0.3355070580948292,0.00551060050339352,0.15979750287364458,0.08054677249066608,0.3355070580948292,0.01239885714012087,0.2058868063135405,0.10301199991271479,0.3136192676811161,0.020307557277137928,0.2058867915951857,0.10301199811148878,0.31361692665862084,0.020307557277137928,0.3145001919334855,0.10816708357424898,0.5247849928187648,0.028053757731698874,0.36568429446883033,0.08681011994198272,0.49594932319255636,0.20683565945373777,2.0,0.0,2,2,2.0,0.0,2,2,10.417375865122917,3.5147645855866942,27.547093645607646,4.412097590927094,13.237042342362228,3.6712132800035295,18.985214101480302,5.995891198554066,-0.51,0.4998999899979995,0.0,-1.0,-0.8181818181818182,0.385694607919935,0.0,-1.0,2.86485,1.0521795,8.115279,0.64594615,3.8756235,1.1560395,5.7310195,1.7125428,-286.485,976004,248000,2480,9.936328962212428,3.029298697016202,3.122784994659014,16.088412653887644,3992.597160194069,247
13.4851265,10.797724,365.72607,-367.61404,254.6412,5.7921715,-747.6866,-367.03384,254.04095,6.473103,-745.2282,-367.045,254.24342,6.3745656,-747.81683,13.4851265,63.574512,711.77966,0.0023700506,10.797724,36.554634,336.85602,0.0025393688,0.08429722,0.88226247,1.0,-1.0,-2.908197,1.1722685,-1.1848323,-8.187317,-290.81973,103.877556,-165.45088,-542.72754,0.11848067,0.66271234,1.0,-1.0,10,-6.596908471111441,1.1525115933322017,-3.879730871368052,-9.746207112987236,-659.690847111144,97.40400604086852,-485.3213266686952,-843.9791940528562,0.12995638386245054,0.6602107613514804,1.0,-1.0,0.23550925665104122,0.08037473798458863,0.387512169822926,0.09655461974969443,0.24034496500465288,0.0796077060388108,0.3873322980645283,0.13533135791385387,0.30727272727272725,0.46136341244956497,1.0,0.0,0.18181818181818182,0.38569460791993493,1.0,0.0,0.0,0.0,0.0,0.0,0.0,0.0,0.0,0.0,0.0,0.0,0.0,0.0,0.0,0.0,0.0,0.0,0.0,0.0,0.0,0.0,0.0,0.0,0.0,0.0,0.09674782725857661,0.05802550183651297,0.28027076180507193,0.0042037003072556796,0.12395754116589862,0.06303202677023559,0.28027076180507193,0.03739408949924277,0.22384258552996508,0.046553334633877196,0.3004219153015179,0.1320718247550698,0.22384256725678472,0.04655332682026933,0.3004188532282663,0.1320718247550698,0.3205904127885417,0.06358165784201324,0.4885928269923615,0.16459618417229585,0.3478001084226834,0.058663331579224785,0.43116949858291503,0.1822118158959243,2.0,0.0,2,2,2.0,0.0,2,2,10.634020287122873,3.3210249771512648,28.67389866126954,4.674029452882483,12.450568561633505,3.4117065786862333,20.05845896971918,7.3163471093839165,-0.5109090909090909,0.49988097756919814,0.0,-1.0,-0.8181818181818182,0.385694607919935,0.0,-1.0,2.908197,1.1722685,8.187317,1.1848323,3.4582298,1.3960925,7.142937,1.7023602,-290.81973,980004,249000,2490,9.873905143351294,2.950610939064063,3.101887333090417,15.926403415505774,4008.5084392697318,248
16.91439,19.652328,363.78302,-364.8597,242.95993,-0.4679029,-730.8708,-365.29855,243.97194,1.0888767,-733.03705,-365.29346,243.23943,-0.08601093,-738.2956,16.91439,42.240685,324.1901,0.00012844744,19.652328,56.46039,412.5518,0.00048817694,0.039856672,0.86594796,1.0,-1.0,-3.5188706,1.1281136,-0.96994656,-6.7434134,-351.88705,99.15479,-174.47768,-499.24054,0.055280052,0.6672814,1.0,-1.0,10,-5.596500279131122,0.8217001932323361,-3.4855008446186315,-8.238054991609161,-559.650027913112,66.48576566771911,-452.1209189301379,-715.4737560821867,0.1071466762460131,0.6902052304402698,1.0,-1.0,0.24239275882870484,0.08759174365272408,0.4119932475214546,0.041789036070019756,0.2458970322285386,0.09692224649960457,0.4117316445915887,0.042166153824104866,0.3236363636363636,0.467863086563361,1.0,0.0,0.18181818181818182,0.385694607919935,1.0,0.0,0.05090909090909091,0.21981209105028965,1.0,0.0,0.0,0.0,0.0,0.0,0.016363636363636365,0.12686949108668735,1.0,0.0,0.0,0.0,0.0,0.0,0.04181818181818182,0.20017347848204892,1.0,0.0,0.09090909090909091,0.28747978728803447,1.0,0.0,0.13710685716729917,0.09728977972236574,0.32409158563997303,0.01686846698573764,0.16190286061080186,0.10316464513263233,0.32409158563997303,0.05147810780386444,0.2015719516739429,0.08599709807315138,0.3866047458455467,0.008721658118648223,0.20391595988842545,0.08168046205513503,0.38660308007725425,0.07322944704329867,0.3386788088412421,0.14557641665788706,0.6280046202902154,0.05439545282182261,0.3658188204992274,0.14249692055394964,0.6200237049851482,0.12501697454023897,2.0,0.0,2,2,2.0,0.0,2,2,11.523668269875913,3.2061253615679166,27.21607899360663,4.99908334542465,12.719169421903656,3.009952998015386,19.01071431447635,9.120121949581613,-0.6245454545454545,0.48424005384939617,0.0,-1.0,-0.8181818181818182,0.385694607919935,0.0,-1.0,3.5188708,1.1281135,6.743414,0.96994656,3.7152598,1.2597156,5.7309594,1.9484509,-351.88705,984004,250000,2500,9.9603115755599,2.935927132028155,3.15828475728631,16.054523464874364,4024.6015914134914,249
16.579166,15.480087,362.1474,-364.0562,244.64014,-6.0375547,-746.41565,-363.30988,244.883,-5.8936996,-746.81506,-363.45248,244.37344,-5.7493916,-748.1519,16.579168,33.07138,238.60434,4.5076013e-05,15.480086,31.20803,229.09808,6.035203e-06,0.02702176,0.87613714,1.0,-1.0,-2.6909347,0.71141815,-0.6226252,-7.764222,-269.09348,30.922262,-208.42528,-306.89398,0.0281214,0.6588123,1.0,-1.0,10,-6.282508324196506,0.8401830262312299,-4.265399678135396,-9.30113799908779,-628.2508324196507,55.995033703088815,-521.766384765122,-691.4277628007316,0.1304883274147059,0.6722397381511019,1.0,-1.0,0.20628478706100345,0.0688410080760111,0.36142601518107026,0.04454839815705407,0.21248291268789324,0.0753799484767849,0.3499514759799843,0.04653909932209071,0.31,0.46249324319388707,1.0,0.0,0.09090909090909091,0.28747978728803447,1.0,0.0,0.0,0.0,0.0,0.0,0.0,0.0,0.0,0.0,0.0,0.0,0.0,0.0,0.0,0.0,0.0,0.0,0.05454545454545454,0.22709083630539634,1.0,0.0,0.09090909090909091,0.2874797872880344,1.0,0.0,0.10009942264039014,0.07001570505404997,0.3122380101880603,0.005719498734550358,0.12297897372361458,0.06201471064731085,0.2565156683964714,0.035703130975028134,0.1982715868451218,0.07556570402356802,0.3447395333971232,0.09551869383910974,0.19827156206395502,0.07556570297139008,0.3447373190859894,0.09551869383910974,0.2983710094855119,0.12601479555443082,0.6569753292740497,0.14048431028189848,0.32125053578756957,0.11772370803208726,0.6012529874824608,0.16747478734913035,2.0,0.0,2,2,2.0,0.0,2,2,10.782919865497334,2.8955292692730095,28.33866725015137,3.6990808006454743,12.439950700530632,2.431965339066563,17.4017998335556,9.296837527063364,-0.5881818181818181,0.4921625411814158,0.0,-1.0,-0.8181818181818182,0.385694607919935,0.0,-1.0,2.6909347,0.7114182,7.764222,0.6226252,3.2350276,0.6490027,4.3283267,2.4728298,-269.09348,988004,251000,2510,9.982770547969267,2.9753444970119745,3.1436018568929285,16.10171690187417,4040.720992748509,250
18.905312,13.068589,356.0271,-357.15833,240.689,-7.1714983,-739.7482,-358.27722,241.1679,-8.573193,-741.12195,-359.15598,241.45067,-8.4809,-746.14154,18.905313,32.67464,174.80635,0.000114250055,13.06859,22.749321,134.85838,0.0022288496,0.0591446,0.8820873,1.0,-1.0,-3.3017015,1.3233987,-0.9860012,-6.593148,-330.17017,120.939224,-114.51067,-519.373,0.030332802,0.7638486,1.0,-1.0,10,-5.6299966719358325,0.9558116357067157,-3.770577549516411,-8.779932029813773,-562.9996671935832,67.08205190507584,-450.58561750543083,-654.8764357938019,0.12390677523618664,0.6763539168937347,1.0,-1.0,0.26481168617723155,0.05858685225769171,0.3560948048513835,0.14618699444308556,0.2722849993474216,0.06216457649126574,0.34732928059344775,0.19112619948595838,0.23727272727272727,0.4254108369156682,1.0,0.0,0.09090909090909091,0.2874797872880344,1.0,0.0,0.09090909090909091,0.28747978728803447,1.0,0.0,0.09090909090909091,0.2874797872880344,1.0,0.0,0.04909090909090909,0.21605784349460028,1.0,0.0,0.0,0.0,0.0,0.0,0.0,0.0,0.0,0.0,0.0,0.0,0.0,0.0,0.10686138353769081,0.0662133275639908,0.3469004516414258,0.006348287856357479,0.14444175473500073,0.07302711855543988,0.3469004516414258,0.030981222719526236,0.2198032341931538,0.08195068811636301,0.35036106601393974,0.02291635493499639,0.21980321051641044,0.0819506841557195,0.3503597522379967,0.02291635493499639,0.3266646177308446,0.12259120886018754,0.6972602038794224,0.02926464279135387,0.36424496525141115,0.12387199174848891,0.6972602038794224,0.1309280933048223,2.0,0.0,2,2,2.0,0.0,2,2,11.041093510834047,3.668206740094273,25.321711047345204,5.057520732078294,13.129381652074573,3.4633307973856793,19.84118218687729,7.01124049450727,-0.5509090909090909,0.4974015123246108,0.0,-1.0,-0.9090909090909091,0.28747978728803447,0.0,-1.0,3.3017015,1.3233987,6.593148,0.9860012,3.8892004,1.3623376,6.0973005,1.0593137,-330.17017,992004,252000,2520,9.79679428297095,2.993397400015965,3.103380548302084,15.893572231289,4068.0149591016816,251
11.878082,11.224575,363.54907,-364.99503,246.5306,1.242188,-714.79865,-364.9496,246.50911,0.67027855,-715.07635,-365.30194,246.09514,1.0988686,-717.3082,11.878082,23.939003,186.62915,0.0007543713,11.224575,27.800516,202.11145,0.026239887,-0.0069145327,0.89489007,1.0,-1.0,-3.2323124,0.9389266,-1.7017794,-8.178833,-323.23123,75.955086,-232.19687,-482.11795,-0.053125016,0.67388344,1.0,-1.0,10,-6.074912271249854,0.9894440592318497,-3.646326060784687,-9.101856691855543,-607.4912271249855,71.90653695487599,-459.68078479374594,-729.2506304153136,0.07008762119902263,0.682411913985035,1.0,-1.0,0.24638938648163747,0.07883223632565237,0.3898991761020835,0.07985002475791364,0.2511786816656923,0.08535076175993635,0.3795529315060159,0.10613267744554165,0.2509090909090909,0.4335362949145831,1.0,0.0,0.18181818181818182,0.385694607919935,1.0,0.0,0.0,0.0,0.0,0.0,0.0,0.0,0.0,0.0,0.0,0.0,0.0,0.0,0.0,0.0,0.0,0.0,0.0,0.0,0.0,0.0,0.0,0.0,0.0,0.0,0.13055271855092598,0.0864943230719397,0.3081191963028738,0.005332515166696986,0.15860002173873175,0.08762375267941683,0.2899320650824321,0.02570449495032277,0.20484582735268675,0.06572496744316318,0.28635316955358925,0.07955718748593395,0.20484580938908845,0.06572495741606929,0.2863501029207318,0.07955718748593411,0.33539854590361273,0.10399928472663696,0.558217891998528,0.12341254846188593,0.36344583112782014,0.10540247951551791,0.5348092077548267,0.13143185886919997,2.0,0.0,2,2,2.0,0.0,2,2,10.909734896469946,2.7277005650358603,27.96173251424169,5.417060494954592,12.517023715077745,2.527345122465378,16.52721916935035,6.924073312302573,-0.6854545454545454,0.46433459010744393,0.0,-1.0,-0.9090909090909091,0.28747978728803447,0.0,-1.0,3.2323124,0.9389266,8.178833,1.7017794,3.6498697,0.8256056,4.870438,2.3790092,-323.23123,996004,253000,2530,9.747316721477546,2.956237439997494,3.1048824064200744,15.808436567895114,4083.8658477307763,252
13.148237,10.371117,366.55634,-367.6219,253.56602,-0.014608145,-767.5037,-366.93652,253.63951,-0.8700352,-768.3522,-367.11813,253.83572,0.2379255,-772.27856,13.148238,28.916096,252.31802,0.00011670962,10.371117,20.811584,158.27065,0.012736026,-0.025010368,0.86305684,1.0,-1.0,-2.9218884,1.2228949,-1.2746512,-7.779785,-292.18884,106.1705,-154.16844,-433.33615,-0.034632828,0.6307187,1.0,-1.0,10,-5.877473446987851,0.9838379964150596,-3.4082857678027665,-8.9585687215835,-587.7473446987852,78.35481781471002,-469.1533061159005,-720.3912135978935,0.1413334522669187,0.6690049018307156,1.0,-1.0,0.24406904767768542,0.07270414154587944,0.3962759243253088,0.05589674891602008,0.22265531803969296,0.07177834679651542,0.33029348248947454,0.06032986840441411,0.42818181818181816,0.49481526730723513,1.0,0.0,0.2727272727272727,0.4453617714151233,1.0,0.0,0.0,0.0,0.0,0.0,0.0,0.0,0.0,0.0,0.0,0.0,0.0,0.0,0.0,0.0,0.0,0.0,0.035454545454545454,0.18492571660306478,1.0,0.0,0.0,0.0,0.0,0.0,0.08610975958580266,0.0568253724247943,0.22378424797712043,0.0027934588821110547,0.11121416557032981,0.06566215042681572,0.20844949202171395,0.021166579472459476,0.2013228537376097,0.0698996188659856,0.30824163505649105,0.06886962391918505,0.20062994913526377,0.07111959683533481,0.30823982513667636,0.06886962391918505,0.28743261332341236,0.10147024158238466,0.4844323122514449,0.0716630828012961,0.31184411470559353,0.10819463573157746,0.44843643844245396,0.1386320452793121,2.0,0.0,2,2,2.0,0.0,2,2,9.675144130848077,2.9800937368175893,27.02143651855571,3.7227791993778334,10.616337267306875,3.0312610625541048,14.667270093490009,5.30716330203758,-0.5009090909090909,0.49999917355303597,0.0,-1.0,-0.6363636363636364,0.48104569292083466,0.0,-1.0,2.9218884,1.2228949,7.7797847,1.2746512,3.2428749,1.3748722,5.2864194,1.4776694,-292.18884,1000004,254000,2540,9.982402796624228,2.9989642970031127,3.1356907547451556,16.117057848372497,4099.901402447256,253
19.432674,17.213951,357.09256,-358.20557,246.06184,-9.193919,-720.122,-358.1718,245.55844,-8.991791,-725.04205,-358.98917,245.94069,-10.807192,-728.25165,19.432674,110.55943,1251.3734,0.0020881481,17.213951,103.43574,1171.8921,6.2957406e-05,0.033086337,0.8903724,1.0,-1.0,-3.0782835,0.96187425,-1.4206544,-6.2459526,-307.82834,82.629524,-211.3181,-464.68573,0.023197832,0.6585781,1.0,-1.0,10,-5.89648319140145,1.0753812411304735,-3.452659264782878,-10.011192379353753,-589.6483191401451,81.34839896146076,-454.3093760172748,-713.2327096256189,0.07505884573520544,0.6901201015978732,1.0,-1.0,0.23543842689735497,0.06566671979692576,0.3960380682645194,0.1284475808542685,0.24675394713033363,0.07730119183322748,0.3903370915014825,0.14329192104846578,0.39181818181818184,0.4881564239205257,1.0,0.0,0.2727272727272727,0.4453617714151233,1.0,0.0,0.0,0.0,0.0,0.0,0.0,0.0,0.0,0.0,0.0,0.0,0.0,0.0,0.0,0.0,0.0,0.0,0.0,0.0,0.0,0.0,0.0,0.0,0.0,0.0,0.09851570869396888,0.07240494278962437,0.28819649399398917,0.008440150613223868,0.10896499579569872,0.07555100156804982,0.28819649399398917,0.030440534318187266,0.22634484011236716,0.0781538465001304,0.36127458464370504,0.10707437407593744,0.22634482016537474,0.07815384487074457,0.361272397864348,0.10707437407593744,0.324860548806336,0.1320694654266709,0.6099702310484557,0.1374952577547642,0.3353098159610735,0.13328948346395908,0.6035791521900642,0.14569962137654097,2.0,0.0,2,2,2.0,0.0,2,2,11.348636596760043,2.4973053711087996,22.50547543270601,5.38588155343681,12.261509239791195,2.477555722523537,17.22625027617648,9.033703393467897,-0.6709090909090909,0.46988305209342046,0.0,-1.0,-0.9090909090909091,0.28747978728803447,0.0,-1.0,3.0782835,0.96187425,6.2459526,1.4206544,3.5209198,1.1203418,6.1148057,2.2696028,-307.82834,1004004,255000,2550,9.810916266404092,2.9193763349903747,3.0901064003119245,15.820399001706392,4115.720034812926,254
16.46236,19.426548,368.09903,-369.3137,249.50644,-4.391001,-794.4576,-368.34897,249.49095,-2.4148169,-798.6892,-369.87378,249.89697,-4.6545005,-793.3661,16.46236,78.450096,862.0912,1.19183824e-07,19.426548,67.70103,725.31,0.0026473738,0.085894376,0.8753251,1.0,-1.0,-3.649155,1.3580215,-0.80356824,-7.4862204,-364.91547,119.93085,-237.22949,-582.09894,0.10032005,0.68090624,1.0,-1.0,10,-6.013405502607787,0.8914440007918149,-3.9768309771866446,-9.146244716512244,-601.3405502607787,60.92733980080524,-474.0597894976169,-729.9348942997707,0.22160335105361792,0.6654357580895147,1.0,-1.0,0.23039120069966698,0.07097365730309615,0.4140527044842443,0.08580795060022728,0.24003437612134795,0.06642670919874225,0.3602345648769562,0.11193567175185333,0.2318181818181818,0.4219934980502593,1.0,0.0,0.18181818181818182,0.385694607919935,1.0,0.0,0.0,0.0,0.0,0.0,0.0,0.0,0.0,0.0,0.0,0.0,0.0,0.0,0.0,0.0,0.0,0.0,0.0,0.0,0.0,0.0,0.0,0.0,0.0,0.0,0.10492113281294342,0.05707444913975687,0.2833545848636763,0.01643743970090942,0.15820204848856537,0.07278552056025236,0.2824151763364759,0.04358879743781182,0.20644353054136078,0.06621086003462881,0.3145831269234121,0.0969859079723286,0.20645978229913703,0.06619556809809406,0.3145806059424419,0.0969859079723286,0.3113646633543042,0.08899819953115659,0.5979351908061182,0.1513882672956048,0.36466183078770237,0.10232011219704333,0.5969957822789178,0.23451739033386965,2.0,0.0,2,2,2.0,0.0,2,2,12.289687592783025,3.2145632223349674,26.896952029004996,5.847398104331712,14.096626748252278,1.6705472891159692,17.327983825376748,11.737207077855702,-0.7436363636363637,0.4366249217738832,0.0,-1.0,-1.0,0.0,-1.0,-1.0,3.649155,1.3580215,7.4862204,0.80356824,4.2289996,1.0594574,6.4817514,2.7647047,-364.91547,1008004,256000,2560,10.022617122507654,2.916431096033193,3.144433514913544,16.08348173345439,4131.818032563548,255
10.271818,11.4334,378.7739,-380.69678,253.37785,2.4127162,-826.22156,-380.18793,253.31804,1.7655158,-826.13226,-380.4641,253.43202,2.7898755,-822.33344,10.271818,17.100988,132.93665,3.084913e-05,11.4334,18.672058,98.47025,0.00030684844,0.028451093,0.88327616,1.0,-1.0,-2.891045,0.89221793,-1.6477605,-7.106048,-289.10446,78.75869,-218.85919,-463.83743,0.0018852295,0.61261165,1.0,-1.0,10,-5.819908753929367,0.8769700569011553,-3.7462315310919694,-8.122696269040079,-581.9908753929368,67.15015439480163,-467.4720972420008,-694.7729409150909,0.061732301946050866,0.6920393942480072,1.0,-1.0,0.2416932488272783,0.04574938038911871,0.40523527411260046,0.16560982216202091,0.23299146799266104,0.04556244263988881,0.3105291857805263,0.1705440953323371,0.3563636363636364,0.4789244147475907,1.0,0.0,0.18181818181818182,0.38569460791993493,1.0,0.0,0.0,0.0,0.0,0.0,0.0,0.0,0.0,0.0,0.0,0.0,0.0,0.0,0.0,0.0,0.0,0.0,0.0,0.0,0.0,0.0,0.0,0.0,0.0,0.0,0.08025395403445842,0.04529647398118593,0.24293512596034267,0.010674771865045037,0.09812723025137146,0.05474189602521218,0.24293512596034267,0.0330600110374056,0.201163610018317,0.06372768749982514,0.2936156484240742,0.08752633061588976,0.2011635921487586,0.06372768005189038,0.29361465233341855,0.08752633061588976,0.28141756405277546,0.0744815935992368,0.4492227200764844,0.11369359665626795,0.29929082240013005,0.07184249650126572,0.3791484548159366,0.1320024222784667,2.0,0.0,2,2,2.0,0.0,2,2,10.331568330049416,2.451332948060633,24.332532574396044,5.713149472357825,11.194751092476706,1.3935195207006916,13.874806855685726,9.410309528028426,-0.47363636363636363,0.4993044749225526,0.0,-1.0,-0.8181818181818182,0.385694607919935,0.0,-1.0,2.891045,0.89221793,7.106048,1.6477605,3.2055247,0.7763734,4.591998,2.1580708,-289.10446,1012004,257000,2570,9.873106111190282,2.9320912869879976,3.1084524219622836,15.913649820140563,4147.799785413779,256
7.1428523,8.065082,361.22842,-362.28934,246.57904,-9.112732,-744.8751,-362.06363,246.64479,-8.80209,-746.3413,-362.075,246.86522,-7.8661585,-744.8026,7.142853,12.986424,88.11736,5.9613027e-05,8.065082,11.768195,49.870285,0.0007661516,0.055610042,0.8748736,1.0,-1.0,-2.5831823,0.9188373,-0.73054206,-5.856804,-258.31824,82.557625,-117.27657,-400.9328,-0.061003175,0.6902219,1.0,-1.0,10,-6.39174273551907,1.2986888745571974,-3.8327664911858195,-10.427089444716385,-639.1742735519069,95.62942735073828,-531.4790534806235,-792.6116990012192,0.062222365815576705,0.6635992778299813,1.0,-1.0,0.254876712500627,0.06449921592771843,0.40560280663154763,0.10533406755258055,0.253037926661636,0.06847521347791628,0.35769655756755836,0.10730947384397177,0.31727272727272726,0.46541459345582714,1.0,0.0,0.2727272727272727,0.4453617714151233,1.0,0.0,0.0,0.0,0.0,0.0,0.0,0.0,0.0,0.0,0.0,0.0,0.0,0.0,0.0,0.0,0.0,0.0,0.0,0.0,0.0,0.0,0.0,0.0,0.0,0.0,0.08155528076450123,0.043521881096485505,0.2671397292611741,0.02299280417543202,0.0984652219481279,0.0612200214165143,0.2607513116755862,0.027996302500092246,0.20382327060542804,0.07763422603935595,0.3019989669422788,0.08778982162067593,0.20382324912208596,0.07763421941328945,0.3019960168435377,0.08778982162067593,0.2853785513699293,0.09548236027969642,0.5634845453205977,0.1496033994242988,0.3022884710702139,0.11165909247872981,0.5570961277350097,0.1674262120070215,2.0,0.0,2,2,2.0,0.0,2,2,9.727024935118173,2.92368338634401,22.130012188120613,3.7221946207954812,11.068157525304933,3.4967652334498274,16.045499512149405,5.445164057300651,-0.4036363636363636,0.4906261811061217,0.0,-1.0,-0.6363636363636364,0.4810456929208347,0.0,-1.0,2.5831823,0.9188373,5.856804,0.73054206,2.909505,1.0596592,4.9771457,1.2451787,-258.31824,1016004,258000,2580,9.893001670017838,3.0006519400049,3.1112256632186472,16.004879273241386,4163.783911429928,257
19.16304,19.444786,359.92642,-362.39978,245.11668,-8.684385,-757.66473,-362.5825,245.595,-7.8214383,-760.28406,-362.45654,245.7006,-8.397589,-759.857,19.163038,82.10836,857.0914,7.5646676e-05,19.444786,94.96543,983.59796,0.018508885,0.07277857,0.88731235,1.0,-1.0,-3.4560862,1.2715908,-0.8187126,-7.3217416,-345.6086,112.68535,-164.99785,-545.8728,0.06776029,0.7069655,1.0,-1.0,10,-6.01533043549316,0.9637435278953168,-3.6247328423391876,-8.591440973236995,-601.533043549316,68.08286451356807,-474.72155470243507,-717.2734415731912,0.08157185467251972,0.7127858342875643,1.0,-1.0,0.25387804330528657,0.08770755254509548,0.4834026968484516,0.0922497543747445,0.23592379464995508,0.06977114208463044,0.3428066355484453,0.09418537326887641,0.22727272727272727,0.4190702026042221,1.0,0.0,0.09090909090909091,0.28747978728803447,1.0,0.0,0.0,0.0,0.0,0.0,0.0,0.0,0.0,0.0,0.0,0.0,0.0,0.0,0.0,0.0,0.0,0.0,0.0,0.0,0.0,0.0,0.0,0.0,0.0,0.0,0.10065504251146593,0.0478201722534814,0.24227418542287302,0.009718474501909812,0.15646361788323873,0.0593675840878145,0.24227418542287302,0.059709680798532346,0.2195009462174268,0.09415852996656543,0.43272644395237486,0.07778014787409449,0.21950092698664533,0.09415852964612442,0.4327245602313299,0.07778014787409454,0.3201559887288927,0.10232647548492611,0.6563889641656135,0.12357824995928206,0.37596454486988407,0.1305334908259907,0.6563889641656135,0.17689268632551386,2.0,0.0,2,2,2.0,0.0,2,2,11.152438156710216,2.9155215862270385,27.336691778932913,4.051553591548593,12.918332815781048,3.074439167505348,16.623433199375583,7.403911183110031,-0.6281818181818182,0.48329020421233787,0.0,-1.0,-0.8181818181818182,0.38569460791993504,0.0,-1.0,3.4560862,1.2715908,7.3217416,0.81871253,3.918425,1.3385899,5.624571,1.3804228,-345.6086,1020004,259000,2590,9.731593088479713,2.9796628890326247,3.101721543003805,15.812977520516142,4179.593453112291,258
9.794324,8.200494,366.2712,-367.50388,246.48708,0.3011229,-755.7872,-367.06732,246.4325,-1.0346599,-757.63434,-367.42145,246.47185,-0.036477465,-758.83655,9.794325,24.20332,226.24316,0.0012618452,8.200495,13.73498,101.977455,0.0007902004,0.04215932,0.8839347,1.0,-1.0,-2.6888304,1.1666152,-0.7498456,-7.7464833,-268.88303,102.224335,-142.18884,-470.26508,0.012230917,0.6380906,1.0,-1.0,10,-5.735372837420691,1.0179982328143549,-3.571123792943313,-9.11357631124302,-573.5372837420691,77.13222034413563,-443.03963651170494,-686.864769090562,0.09508459784857891,0.6488310597097012,1.0,-1.0,0.23260396882457282,0.07358132421893193,0.3924221011955993,0.04596529174027368,0.2510746560596098,0.0840592139272488,0.3924221011955993,0.05089325297266021,0.4309090909090909,0.49520343928631166,1.0,0.0,0.45454545454545453,0.49792959773196915,1.0,0.0,0.09090909090909091,0.28747978728803447,1.0,0.0,0.09090909090909091,0.2874797872880344,1.0,0.0,0.012727272727272728,0.11209500103126076,1.0,0.0,0.0,0.0,0.0,0.0,0.05545454545454546,0.22886532905395524,1.0,0.0,0.09090909090909091,0.2874797872880344,1.0,0.0,0.073456499596593,0.037767516356770205,0.2186552740687813,0.01423704701110599,0.0738090531104535,0.0329377755829543,0.1363902518705505,0.019143208661400794,0.18064076716079136,0.09456010361442703,0.3898016911808209,0.0196103508387415,0.18092907299034025,0.09426208307094988,0.38979974690830754,0.0196103508387415,0.25409726675738437,0.10785960907431029,0.5799880714216878,0.05232160568857316,0.2547381261007937,0.09103828047358521,0.4490687303499262,0.1527709351501963,2.0,0.0,2,2,2.0,0.0,2,2,9.953635672302807,2.557655894482774,27.439285744221152,3.544249855153482,11.10034763673096,2.455286912749986,14.007887600658414,6.776266336791082,-0.47545454545454546,0.4993971572417659,0.0,-1.0,-0.7272727272727273,0.4453617714151233,0.0,-1.0,2.6888304,1.1666152,7.746483,0.7498456,3.10923,1.0068612,5.0489664,1.287325,-268.88303,1024004,260000,2600,9.730174412135966,2.976596289081499,3.0766004129545763,15.783371114172041,4195.391126671457,259
15.119265,16.041584,362.55505,-363.80838,243.57274,-4.1737185,-769.2168,-363.06967,243.4867,-2.6756153,-767.0911,-363.74152,243.51903,-3.2918503,-764.76825,15.119265,39.627567,248.35097,0.00015655532,16.041584,40.383705,295.16577,1.3448298e-06,0.16030079,0.8627421,1.0,-1.0,-3.4423983,1.1428771,-1.2071716,-6.870827,-344.23987,97.342384,-200.36601,-509.57043,0.076319054,0.6672871,1.0,-1.0,10,-6.135018610795853,0.9004232737167535,-4.241259418827688,-9.186091364389322,-613.5018610795852,56.51418293496761,-547.949825561725,-735.0732255475554,0.11918473850462265,0.6886675183518751,1.0,-1.0,0.2514733735166889,0.08012816496033297,0.3939261832046302,0.09866161245551315,0.2649210452404907,0.08454641509331064,0.37609630426940355,0.11012194116546273,0.3836363636363636,0.48627101921894483,1.0,0.0,0.18181818181818182,0.38569460791993493,1.0,0.0,0.0,0.0,0.0,0.0,0.0,0.0,0.0,0.0,0.0,0.0,0.0,0.0,0.0,0.0,0.0,0.0,0.0,0.0,0.0,0.0,0.0,0.0,0.0,0.0,0.09293019160403188,0.07085872011179646,0.34204293590049994,0.008770260121984801,0.1357478481262427,0.09483079615006675,0.34204293590049994,0.012976791686493856,0.2323449669086778,0.07290661156410709,0.3776264888304211,0.14023225792793192,0.2323449558698208,0.07290661378414152,0.3776258395611332,0.14023225792793192,0.3252751585127097,0.08897170907937105,0.5743811130718949,0.15374916005041356,0.3680928039960634,0.09209808275773987,0.5015469550736356,0.24003716889688842,2.0,0.0,2,2,2.0,0.0,2,2,11.73998260640277,4.180954663001386,22.558737547875786,5.302234880953038,13.838534747728039,4.256492909821878,19.89208718665017,8.39892891507097,-0.5318181818181819,0.4989865762781451,0.0,-1.0,-0.6363636363636364,0.4810456929208346,0.0,-1.0,3.4423983,1.1428771,6.870827,1.2071716,3.9554842,1.3251724,6.664268,1.9916315,-344.23987,1028004,261000,2610,9.723327622865327,2.9907059740507975,3.0849538579350337,15.798987454851158,4211.123735583271,260
9.138201,9.723761,367.5744,-369.3365,243.9327,-7.2088375,-768.4085,-369.20624,243.90105,-7.4962306,-766.9787,-368.71533,243.98746,-7.743473,-763.9298,9.138201,17.231045,103.43631,0.00042057037,9.723761,16.264254,100.77297,0.0035123564,0.0068725273,0.8754534,1.0,-1.0,-3.4595957,1.1404316,-0.88057554,-7.653794,-345.9596,91.116234,-179.69365,-490.02216,0.17092188,0.6431845,1.0,-1.0,10,-6.089205137730996,1.062464708671574,-3.6356780649202176,-9.197716900324645,-608.9205137730999,57.25232037043144,-504.4012837109981,-679.4063700935527,0.06336342633153116,0.6651824872981875,1.0,-1.0,0.2278783843236668,0.08819474406085957,0.3711364900618863,0.07649648630809791,0.23103489398464597,0.08801022001702768,0.3387491074734926,0.08691403139674928,0.2109090909090909,0.40795397568965025,1.0,0.0,0.09090909090909091,0.28747978728803447,1.0,0.0,0.0,0.0,0.0,0.0,0.0,0.0,0.0,0.0,0.0,0.0,0.0,0.0,0.0,0.0,0.0,0.0,0.0,0.0,0.0,0.0,0.0,0.0,0.0,0.0,0.12993801562049107,0.08008358017364543,0.3583928960605131,0.018409671663995486,0.18614884566952059,0.10501568073705618,0.3583928960605131,0.053905802204701425,0.23934141206465953,0.11281548881510614,0.43031918623150656,0.08509978969538665,0.23944971273125845,0.11266756556050592,0.43031739340174546,0.08825194448064917,0.36927942768515065,0.15851163233710516,0.7629932917709812,0.12541672196200065,0.42559855840077904,0.17244515944697036,0.7629932917709812,0.15680014939637807,2.0,0.0,2,2,2.0,0.0,2,2,11.58066220229147,3.2033669278531334,27.69556223707754,5.39651446026757,13.851425266998985,3.288334171981312,18.888118762146046,7.81549344035698,-0.6181818181818182,0.4858323351231777,0.0,-1.0,-0.8181818181818182,0.38569460791993504,0.0,-1.0,3.459596,1.1404316,7.6537943,0.88057554,4.14303,0.8984373,5.7688937,2.4752936,-345.9596,1032004,262000,2620,9.928492592764087,2.925938747008331,3.091871388023719,15.946302727796137,4226.995445366949,261
10.56089,8.767822,371.10367,-372.52948,257.66733,-9.574875,-808.5721,-371.4062,257.21756,-9.364256,-805.50366,-371.94922,257.54535,-7.898266,-813.34424,10.56089,16.561382,104.68247,0.0043210723,8.767822,14.902685,104.9618,0.0014997656,0.020239614,0.8535901,1.0,-1.0,-3.1123357,1.1913334,-0.9047324,-6.2205696,-311.23358,106.03589,-136.8979,-532.9727,0.03628632,0.6486524,1.0,-1.0,10,-5.9478444341136605,0.9232132898273705,-3.7271888913880837,-9.066399749923377,-594.784443411366,72.80779763175781,-438.3601533177759,-681.2649709747985,0.14102402432011366,0.6906962506695827,1.0,-1.0,0.22220304961512424,0.06238508250269104,0.35819089384011893,0.09539269605378403,0.21181946276693325,0.06616140069404769,0.3475828109786006,0.10041269647214955,0.19,0.39230090491866065,1.0,0.0,0.0,0.0,0.0,0.0,0.0,0.0,0.0,0.0,0.0,0.0,0.0,0.0,0.0,0.0,0.0,0.0,0.0,0.0,0.0,0.0,0.0,0.0,0.0,0.0,0.0,0.0,0.0,0.0,0.13371695835741984,0.07705193496830996,0.3483434368689763,0.013312568746788312,0.18009865794617588,0.0842274259706969,0.3483434368689763,0.09914888256679631,0.23352606352470048,0.06844197645836174,0.38057479596998967,0.16194662519271152,0.23352604301949462,0.06844197394599867,0.38057264271521507,0.16194662519271152,0.36724302188212027,0.12101504019400372,0.7289160795841914,0.1900317116593525,0.4136247009656706,0.13315447782309298,0.7289160795841914,0.26983022962230063,2.0,0.0,2,2,2.0,0.0,2,2,10.745035257025616,2.924556616613492,25.187049881591793,5.946740421905177,12.76453656945265,2.946851026477396,19.112698001943492,7.756729910240715,-0.5063636363636363,0.4999595024921833,0.0,-1.0,-0.8181818181818182,0.38569460791993504,0.0,-1.0,3.1123357,1.1913334,6.2205696,0.9047324,3.6564982,1.2336026,5.6087313,1.6311555,-311.23358,1036004,263000,2630,9.082685597240925,2.8549258949933574,2.828515382600017,14.766126874834299,4241.6695199777605,262
12.473748,14.3589945,366.62976,-368.20978,246.53178,-6.6433134,-816.92914,-368.29123,246.29839,-6.0692983,-815.4445,-368.05734,247.24463,-5.8319592,-818.6785,12.473749,31.14925,232.69096,8.4940344e-05,14.3589945,48.739056,504.63904,0.0016722828,0.023572208,0.88810706,1.0,-1.0,-2.8343406,1.2715856,-0.45430204,-7.899943,-283.43408,112.838524,-149.35283,-512.34344,0.02610473,0.6160363,1.0,-1.0,10,-5.540188925599522,0.9701640122251738,-4.076533033730814,-8.781315187129755,-554.0188925599522,48.02921331826512,-490.5717789489891,-631.7913432860911,1.7273919103523384e-05,0.6638240212546258,1.0,-1.0,0.23883143789990666,0.08246514942066109,0.3583087633776432,0.04350743629214128,0.2340475635061062,0.08564693102742185,0.3545161695673195,0.06466031788727479,0.43,0.49507575177946256,1.0,0.0,0.45454545454545453,0.49792959773196915,1.0,0.0,0.0,0.0,0.0,0.0,0.0,0.0,0.0,0.0,0.0,0.0,0.0,0.0,0.0,0.0,0.0,0.0,0.02727272727272727,0.162877026065172,1.0,0.0,0.0,0.0,0.0,0.0,0.0881646576228701,0.05856305473660111,0.2347806097494631,0.0026305241327506134,0.0949711062436331,0.06385511370400433,0.2347806097494631,0.0175282986086026,0.20495573287093521,0.07037264908232464,0.3230839317726916,0.07359274701612731,0.20440947570716872,0.07105441674337226,0.32308202564840316,0.07359274701612731,0.2931203904938052,0.08324511096751343,0.5162155975522718,0.12405695229060554,0.2993805819508018,0.06809066800597585,0.4059291546174432,0.20921126470581422,2.0,0.0,2,2,2.0,0.0,2,2,9.744063820617647,3.821996166146523,27.607289711476195,3.5105049141139877,10.564975389572608,4.385835276556615,20.905577437906445,5.8837566952504305,-0.3518181818181818,0.4775375888454548,0.0,-1.0,-0.45454545454545453,0.49792959773196915,0.0,-1.0,2.8343406,1.2715856,7.899943,0.45430207,2.926212,1.1087941,4.9204106,1.4157194,-283.43408,1040004,264000,2640,8.906960092135705,2.758755455026403,2.8079878261778504,14.473703373339958,4256.495113256853,263
21.776775,20.981684,358.95526,-361.1317,240.81648,-7.652646,-731.7151,-360.56158,240.2284,-7.8526936,-728.0645,-360.06418,240.40593,-9.2480135,-727.6153,21.776773,128.04263,1449.8204,0.00045114756,20.981686,121.64566,1378.6531,0.0030443668,0.056757644,0.86976564,1.0,-1.0,-3.297936,1.2978172,-0.9472283,-6.8374124,-329.79364,116.20456,-145.25397,-605.4832,0.20461223,0.62556905,1.0,-1.0,10,-5.8885840303335355,1.1119596773145246,-3.871487088911012,-9.75408841431764,-588.8584030333535,61.350981825257115,-532.5551778962366,-708.8518134371917,0.002634798594888785,0.6804675837020705,1.0,-1.0,0.24887632677544413,0.09842869421128053,0.48523385349908693,0.0981709690926838,0.24328323672055108,0.10442352048045281,0.484965808830821,0.0981709690926838,0.21727272727272728,0.412389729814163,1.0,0.0,0.09090909090909091,0.2874797872880344,1.0,0.0,0.09090909090909091,0.28747978728803447,1.0,0.0,0.09090909090909091,0.2874797872880344,1.0,0.0,0.00909090909090909,0.09491187735373229,1.0,0.0,0.0,0.0,0.0,0.0,0.0,0.0,0.0,0.0,0.0,0.0,0.0,0.0,0.12766056354952787,0.0684146020592833,0.27082685449325317,0.010988282875713858,0.16859971760213352,0.06488098686836068,0.27082685449325317,0.03117572524352992,0.21411573996622194,0.07612126314154632,0.3114528922816799,0.022682504628748545,0.21411572412346713,0.07612126080559294,0.3114528919664705,0.022682504628748545,0.34177630351574984,0.12407143983365837,0.5822797464597237,0.05435755863768203,0.3827154417256006,0.11540874021164553,0.5822797464597237,0.17623632466987152,2.0,0.0,2,2,2.0,0.0,2,2,11.297686196868115,3.3091992114157773,25.560960898017676,5.590776168140278,12.981789680297062,3.572618256012103,19.247380025125583,7.606383526851298,-0.6336363636363637,0.4818104630599564,0.0,-1.0,-0.8181818181818182,0.385694607919935,0.0,-1.0,3.297936,1.2978172,6.8374124,0.9472283,3.8067353,1.3185586,6.465376,1.4766492,-329.79364,1044004,265000,2650,10.539466246613301,3.111116084968671,3.190594861516729,16.8411771930987,4273.088125070906,264
10.316804,10.035539,360.55774,-362.0357,248.04556,-4.2745943,-815.923,-362.48154,248.14719,-4.0522532,-811.96356,-362.96637,248.32652,-3.059144,-818.21875,10.316803,25.26023,240.35336,0.00025963783,10.035538,24.74531,216.88513,0.0021600525,0.06342013,0.8642377,1.0,-1.0,-3.1099849,1.2757822,-0.533619,-8.335469,-310.9985,112.64372,-164.46548,-545.2251,0.051235206,0.67891717,1.0,-1.0,10,-6.050600134623136,1.1524951768326648,-3.408395905840822,-10.230566909934003,-605.0600134623135,82.71681251818316,-462.68217677536035,-789.1383009091493,0.1229546724732084,0.689540236383141,1.0,-1.0,0.2065767244125949,0.08919012081838619,0.41346509735706116,0.04336231370278308,0.21094081767438524,0.09235002479067313,0.41346509735706116,0.08057417869565339,0.18818181818181817,0.390857290436808,1.0,0.0,0.09090909090909091,0.2874797872880344,1.0,0.0,0.09090909090909091,0.28747978728803447,1.0,0.0,0.09090909090909091,0.28747978728803447,1.0,0.0,0.0,0.0,0.0,0.0,0.0,0.0,0.0,0.0,0.019090909090909092,0.13684460632773124,1.0,0.0,0.0,0.0,0.0,0.0,0.09599038089740752,0.0401316072001445,0.23082051791835698,0.009630394646621696,0.1115855196599309,0.03580932620666265,0.1456240976610838,0.026144302710571936,0.1731836050235656,0.08139228515698914,0.34174807339257657,0.03159801265015459,0.1739651077465565,0.08084147114027188,0.34174778189495125,0.03159801265015459,0.26917398592097314,0.09362970405406876,0.540388230003267,0.08563526526545003,0.2855506274064874,0.09149127309061958,0.4703928694068228,0.1714639229151989,2.0,0.0,2,2,2.0,0.0,2,2,12.007657235108983,3.06790578812762,27.710176595730157,4.123974596724974,13.42433865562448,1.8212158660465405,16.34122164338256,8.767187436565173,-0.7481818181818182,0.4340573523440962,0.0,-1.0,-0.9090909090909091,0.28747978728803447,0.0,-1.0,3.1099849,1.2757822,8.335469,0.533619,3.6011734,1.1372222,5.685379,1.8025603,-310.9985,1048004,266000,2660,10.686978962505236,2.863440615008585,3.2154709186870605,16.765890496200882,4290.099266202189,265
8.909477,8.367747,366.14886,-367.84894,244.68083,-4.966625,-773.644,-367.59534,244.36798,-5.490712,-771.66766,-367.8107,244.63196,-3.0195656,-773.8434,8.909477,13.734625,85.08441,0.0006640534,8.367747,14.097641,69.12505,4.9911672e-05,0.025664309,0.86745644,1.0,-1.0,-3.5852005,1.6376516,-0.7251183,-7.1405,-358.52005,146.423,-181.00032,-619.7838,0.014347891,0.6991532,1.0,-1.0,10,-5.5759798160397684,0.90902766790546,-3.6165279099064622,-8.025047528720641,-557.5979816039769,52.52264458463144,-422.18431577712806,-615.5055735145597,0.09408285784946742,0.6643347188882801,1.0,-1.0,0.23788154638756742,0.06843165158502525,0.39274891296279907,0.11316270976002449,0.23218558406844417,0.06773366806352761,0.3469426444022395,0.12237864040173915,0.11363636363636363,0.31736909190383955,1.0,0.0,0.0,0.0,0.0,0.0,0.09090909090909091,0.28747978728803447,1.0,0.0,0.09090909090909091,0.2874797872880344,1.0,0.0,0.004545454545454545,0.06726658448613064,1.0,0.0,0.0,0.0,0.0,0.0,0.0,0.0,0.0,0.0,0.0,0.0,0.0,0.0,0.12784192365273156,0.07605280923356358,0.35373986376315636,0.009561530064791442,0.17347094409221198,0.09226764589472361,0.352280224815438,0.06173107978096091,0.21544517640517355,0.09655505914793601,0.36934840810197517,0.02542588269537434,0.21544515777349857,0.09655505941824474,0.3693473354845902,0.02542588269537434,0.3432871000579051,0.14290318977525773,0.7230871992477466,0.05737737064057375,0.3889161018657106,0.16552074373888415,0.7216275603000282,0.19338465989772036,2.0,0.0,2,2,2.0,0.0,2,2,11.170644333318885,4.169816993646682,27.224096852651,3.764497543254857,13.374936634949954,4.613832130565895,21.84605957851519,7.294372755395484,-0.5345454545454545,0.4988051839849381,0.0,-1.0,-0.7272727272727273,0.4453617714151233,0.0,-1.0,3.5852005,1.6376516,7.1405,0.7251182,4.1925488,1.6945667,7.063963,1.6537646,-358.52005,1052004,267000,2670,9.614987353677861,3.110539288027212,3.082432141643949,15.807958783349022,4305.950597797637,266
9.167508,8.929771,376.2263,-378.52856,256.92462,-1.7234659,-854.44934,-378.5679,256.66293,-1.8950248,-854.00244,-377.90814,256.66705,-0.694919,-854.36707,9.167507,18.89553,148.98404,7.543713e-06,8.929771,19.656649,120.8926,2.5182962e-06,0.04310175,0.87546194,1.0,-1.0,-2.7229373,0.9834728,-1.2629218,-7.575144,-272.29373,70.16444,-199.78745,-400.53748,0.13847426,0.65051204,1.0,-1.0,10,-6.08924097450292,1.0389567022345703,-4.20060314457507,-9.214579593815944,-608.924097450292,78.32324958322985,-509.60482705538027,-792.4463524586605,0.12229151656116526,0.6769216959141675,1.0,-1.0,0.2430036409170148,0.07540540560440911,0.4270314402516392,0.09599467686427395,0.26052317985906065,0.10155484267722154,0.4145358258346367,0.11231552542646608,0.11181818181818182,0.31514262807982335,1.0,0.0,0.0,0.0,0.0,0.0,0.09090909090909091,0.28747978728803447,1.0,0.0,0.09090909090909091,0.28747978728803447,1.0,0.0,0.0,0.0,0.0,0.0,0.0,0.0,0.0,0.0,0.0,0.0,0.0,0.0,0.0,0.0,0.0,0.0,0.10948740154086796,0.05308567224135019,0.34413738807450234,0.029838454993933814,0.15440719304480346,0.07699736299027211,0.34413738807450234,0.0692614070566075,0.2278355499580215,0.07234764447924938,0.31601579662347806,0.04823619342770711,0.2278355253598108,0.07234765095221017,0.3160142076117721,0.048236193427707116,0.33732295149888947,0.0824765314792521,0.5382450655654585,0.12285273278323527,0.3822427184046143,0.0970731365326044,0.5382450655654585,0.16506518182876656,2.0,0.0,2,2,2.0,0.0,2,2,10.430455059761252,2.7639161874159557,27.371846162109414,4.609111214749212,12.591850989224072,2.917694939993984,18.346281261878286,7.730476145614092,-0.5109090909090909,0.49988097756919814,0.0,-1.0,-0.7272727272727273,0.4453617714151233,0.0,-1.0,2.7229373,0.9834728,7.575144,1.2629217,3.4956787,1.3274891,6.1575594,2.2603214,-272.29373,1056004,268000,2680,11.623411400127225,3.1532151569845155,3.354157814523205,18.130784371634945,4324.040195760201,267
12.981782,14.482784,367.6914,-368.3708,250.60945,-12.864658,-779.00555,-368.39145,250.37976,-11.7536545,-778.8631,-369.8321,251.09102,-13.350244,-779.9194,12.981781,21.495693,148.00302,8.04998e-05,14.482784,23.740301,156.04865,4.0973595e-05,0.12560579,0.8620066,1.0,-1.0,-3.4575322,0.85845435,-1.4469179,-7.2262025,-345.7532,71.944695,-257.26016,-510.77466,0.016988162,0.7104771,1.0,-1.0,10,-5.654741814666508,1.0948472284730537,-3.381940953906727,-8.852333586399642,-565.4741814666507,77.44529628502507,-456.7846585086338,-699.537351930219,0.1392107826849774,0.6570724992294289,1.0,-1.0,0.2192687610810139,0.04900704262890682,0.35508864303680177,0.09663792208401821,0.22298839415979954,0.04645005633257791,0.31283918756322926,0.12216503101948553,0.2727272727272727,0.4453617714151233,1.0,0.0,0.18181818181818182,0.38569460791993493,1.0,0.0,0.0,0.0,0.0,0.0,0.0,0.0,0.0,0.0,0.0,0.0,0.0,0.0,0.0,0.0,0.0,0.0,0.0,0.0,0.0,0.0,0.0,0.0,0.0,0.0,0.10088759051285169,0.06308083095903062,0.32179336060497166,0.016114321134803516,0.11192384191474845,0.0780861603553071,0.32013744693843316,0.02494115038962911,0.19409128904702502,0.055226874644070924,0.2628705124315401,0.10803611154432699,0.19409127506253993,0.05522687390532998,0.2628705120565831,0.10803611154432702,0.29497887955987667,0.08746592747244689,0.5846638726615547,0.12888929016687356,0.30601511697728845,0.09469231385573838,0.5830079589950163,0.22508229788984785,2.0,0.0,2,2,2.0,0.0,2,2,11.62095465967658,2.385912606236896,26.165998051978303,5.569276405157791,12.413471881041685,2.5587806829452098,16.169579518558834,5.573102316917639,-0.7936363636363636,0.40469455883470096,0.0,-1.0,-0.9090909090909091,0.28747978728803447,0.0,-1.0,3.4575322,0.85845435,7.2262025,1.4469179,3.7934303,0.8125066,5.4961877,2.7017033,-345.7532,1060004,269000,2690,9.868015272426419,3.11191037890967,3.1095064270775765,16.089432078413665,4340.069089779863,268
10.555452,8.47551,365.42087,-366.26035,247.60518,-5.676781,-793.8971,-366.86884,248.04747,-4.1450634,-796.58374,-367.4708,248.47435,-6.758653,-799.2496,10.555453,17.243408,82.919846,0.01458988,8.475509,15.62844,125.72413,0.00026956573,-0.08565909,0.8788539,1.0,-1.0,-3.8418226,1.0829802,-1.2163445,-8.16814,-384.18225,73.56316,-262.3427,-499.9906,0.13811518,0.6649281,1.0,-1.0,10,-5.8960451765356705,1.1153077050186884,-3.951703766402147,-8.85827148275046,-589.604517653567,98.69617831706584,-490.6253789131687,-761.1813868674095,0.0828939452552207,0.6786588699998565,1.0,-1.0,0.207432374792797,0.07279783082249866,0.42573417147200043,0.07177234133188415,0.20248342801847058,0.0827640486966094,0.3820115034905296,0.0940609019719682,0.17545454545454545,0.3803554231687571,1.0,0.0,0.0,0.0,0.0,0.0,0.0,0.0,0.0,0.0,0.0,0.0,0.0,0.0,0.0,0.0,0.0,0.0,0.0,0.0,0.0,0.0,0.0,0.0,0.0,0.0,0.0,0.0,0.0,0.0,0.13433840990566343,0.08400192369502785,0.3383208405244941,0.009206055303886886,0.20506576646624228,0.0762772698494431,0.3370863329872747,0.08656008217019892,0.23232429205900373,0.0892522001808867,0.3912939389570112,0.07562540339529833,0.23277353974563378,0.08880789355398212,0.39129268555189917,0.07562540339529833,0.3666627019646671,0.13340793252392083,0.6766443218577992,0.08483145869918521,0.4378393062118761,0.12842688793973567,0.6754098143205798,0.23403516391586282,2.0,0.0,2,2,2.0,0.0,2,2,12.69859067858167,4.282469886312444,27.322811714474433,5.3656073660645935,17.06264429720552,4.299350127863523,26.27417822442225,11.041768938178407,-0.7218181818181818,0.4481034414227099,0.0,-1.0,-1.0,0.0,-1.0,-1.0,3.8418226,1.0829802,8.16814,1.2163445,4.908608,0.9668854,6.495575,2.9999712,-384.18225,1064004,270000,2700,9.981446897261776,3.0516939900116995,3.14560504804831,16.178745935321786,4356.173584650154,269
9.151788,10.663294,353.9477,-356.49368,246.49335,-11.347771,-739.1306,-356.8402,246.18153,-12.589039,-743.62604,-356.3131,246.06989,-12.976084,-741.28357,9.151787,21.000925,145.42293,0.0008826165,10.663294,25.398195,165.02934,0.00023399625,0.056011487,0.8655854,1.0,-1.0,-3.0286338,1.2729654,-1.277945,-7.0910363,-302.86337,112.95581,-186.46931,-531.134,0.08077536,0.63603234,1.0,-1.0,10,-6.022881651067757,0.8136963529563542,-3.932955127750832,-8.535250508933501,-602.2881651067755,64.94509361553887,-494.09406408985114,-717.3118801080064,0.10641583247890857,0.7003751914028445,1.0,-1.0,0.23856627989661738,0.0641527612613129,0.3847069491987852,0.11526558330813516,0.2387032583502948,0.06507886327193949,0.35709983135320766,0.12177916605407496,0.1390909090909091,0.3460413676125638,1.0,0.0,0.0,0.0,0.0,0.0,0.0,0.0,0.0,0.0,0.0,0.0,0.0,0.0,0.0,0.0,0.0,0.0,0.0,0.0,0.0,0.0,0.0,0.0,0.0,0.0,0.0,0.0,0.0,0.0,0.13198781412861493,0.07845442217855354,0.3322608468722958,0.01148457421590919,0.152078878623134,0.09541041747206302,0.3322608468722958,0.06019624921501578,0.2094779210693626,0.060787691132269776,0.29019600493060427,0.08749232683332701,0.20947790369123018,0.060787692150346184,0.2901942895582243,0.08749232683332701,0.34146573519797757,0.09251470106828574,0.5218153301359972,0.13825886698760143,0.36155678231436417,0.09389855204488354,0.5218153301359972,0.15002334943938622,2.0,0.0,2,2,2.0,0.0,2,2,11.093382841495337,3.593619677614515,26.620474699047243,5.022453237653258,12.263427336604689,4.463223993287526,22.10027025639309,7.170893579262332,-0.5209090909090909,0.4995626186148794,0.0,-1.0,-0.6363636363636364,0.4810456929208346,0.0,-1.0,3.0286336,1.2729654,7.091036,1.277945,3.5037858,1.6193233,7.091036,1.9558929,-302.86337,1068004,271000,2710,10.028089791652746,2.9778363710502163,3.1331462160451338,16.139072378748097,4372.240992494742,270
12.626183,9.55374,365.45648,-367.57452,256.52686,-0.7698231,-780.609,-366.76453,256.1859,-1.0591469,-775.746,-366.88483,255.27112,-1.8386188,-777.9459,12.626183,26.648573,197.61832,0.0002014835,9.55374,18.454103,138.79642,1.9784144e-05,0.015486773,0.86251456,1.0,-1.0,-3.538553,1.0205716,-1.1288893,-7.034026,-353.8553,74.00176,-221.82716,-464.07224,0.07623599,0.73545355,1.0,-1.0,10,-5.942711124848863,1.2720510384838823,-3.729434380658415,-9.487919630139512,-594.2711124848862,95.2637479759374,-478.70058596044055,-744.1506136297005,0.024994035292282547,0.6619130799545435,1.0,-1.0,0.2188106432262191,0.07227243193733242,0.3653141958948439,0.03693055015371557,0.21941405837903483,0.09302861345416552,0.36312986258836943,0.03693055015371557,0.16363636363636364,0.36994527180683284,1.0,0.0,0.0,0.0,0.0,0.0,0.005454545454545455,0.0736531967291967,1.0,0.0,0.0,0.0,0.0,0.0,0.0,0.0,0.0,0.0,0.0,0.0,0.0,0.0,0.04454545454545455,0.20630355553114776,1.0,0.0,0.09090909090909091,0.28747978728803447,1.0,0.0,0.11949063028455509,0.06081163142711079,0.2630643334646986,0.00714881801750268,0.16964785538983468,0.06685556311570169,0.2610199752818252,0.07667092847413007,0.22311073527794215,0.06642930147617038,0.3456881326435132,0.04066068227031427,0.22522241312243035,0.06307776912779757,0.3456881323153266,0.15285567421300458,0.3426013655624972,0.08885240894613422,0.5618255272547263,0.09331627740637943,0.3948702685122651,0.08726858754145488,0.5551713434917425,0.2756673892150033,2.0,0.0,2,2,2.0,0.0,2,2,12.245889445505624,2.9535357647447116,26.84923490232908,4.818013744255078,14.077818138500799,2.0872071828038177,17.127943358019067,11.407402306138192,-0.7745454545454545,0.4178813149548921,0.0,-1.0,-1.0,0.0,-1.0,-1.0,3.538553,1.0205716,7.034026,1.1288892,4.2543902,0.54779845,5.32032,3.4321935,-353.8553,1072004,272000,2720,10.285312429070473,2.90849649196025,3.165667135734111,16.359476056764834,4388.653368476429,271
13.367505,10.941495,357.79868,-360.1424,250.16646,2.05058,-827.97015,-359.65823,250.08763,2.5980415,-826.32245,-359.26703,250.73436,3.4591913,-826.70056,13.367504,29.93068,208.25551,0.00048011914,10.941496,22.730755,192.58931,0.00033828637,0.023865167,0.8835862,1.0,-1.0,-3.6336613,0.8895386,-1.2016225,-7.443497,-363.36612,62.355766,-266.98996,-466.13547,0.09595676,0.73498523,1.0,-1.0,10,-5.719973936752584,0.897724625953588,-4.019436098615452,-8.460800624483204,-571.9973936752585,64.12858968731918,-478.960800572061,-686.0439496180346,0.07679673032662868,0.6834252969472167,1.0,-1.0,0.2834523540286038,0.09866219884599182,0.45703138773310775,0.0835726956794796,0.30604553270135065,0.10334023571858166,0.4555546041339638,0.11752433158975954,0.11090909090909092,0.3140195287920958,1.0,0.0,0.09090909090909091,0.2874797872880344,1.0,0.0,0.0,0.0,0.0,0.0,0.0,0.0,0.0,0.0,0.0,0.0,0.0,0.0,0.0,0.0,0.0,0.0,0.0,0.0,0.0,0.0,0.0,0.0,0.0,0.0,0.14531920383514665,0.06881668440820694,0.246899268028533,0.011162386760678924,0.16944972231653233,0.0538322704108366,0.2335883353804559,0.052314884891480916,0.18516988073766139,0.06732836795750224,0.276235269203857,0.07246345050593765,0.1851698705342846,0.06732836177075222,0.27623234833893945,0.07246345050593765,0.330489084572808,0.07953411178391473,0.4863963669896251,0.12750952225317852,0.35461959285081696,0.06500164469633644,0.47942505640394006,0.23781904066478884,2.0,0.0,2,2,2.0,0.0,2,2,11.878887696456758,3.221148690922775,27.84597085829722,6.5037841290224465,12.882474568906504,3.2470873547159305,19.079087105592233,8.312392604955315,-0.7072727272727273,0.45501430365311113,0.0,-1.0,-0.8181818181818182,0.385694607919935,0.0,-1.0,3.6336613,0.88953865,7.443497,1.2016225,3.838166,0.90371823,5.073759,2.4586523,-363.36612,1076004,273000,2730,10.201914907083847,2.959892313927412,3.1398931592702866,16.301700380281545,4404.96861853858,272
9.448655,9.948557,354.43488,-356.40222,247.4109,-5.7146583,-753.5109,-356.7575,247.14755,-5.9368873,-753.0356,-356.2769,247.22475,-6.3965926,-750.8541,9.448655,26.325441,217.51929,0.00054307573,9.948557,27.18062,239.19348,3.351024e-05,0.11088687,0.8715068,1.0,-1.0,-2.7508497,0.8912612,-1.1586802,-7.8915944,-275.0849,74.37838,-140.8413,-391.3218,-0.077296264,0.63602674,1.0,-1.0,10,-5.921294522080978,0.9211914109978735,-4.085990377150278,-8.246030948855799,-592.1294522080977,75.56667027300739,-495.8047865237477,-762.8416527579443,0.05227062311803198,0.7326540668053972,1.0,-1.0,0.2613978281669914,0.06269200322663072,0.3984397126048436,0.16070520383679923,0.2834718517247166,0.0583545103879061,0.36904358429601786,0.19284977583939217,0.2,0.4000000000000001,1.0,0.0,0.09090909090909091,0.2874797872880344,1.0,0.0,0.0,0.0,0.0,0.0,0.0,0.0,0.0,0.0,0.0,0.0,0.0,0.0,0.0,0.0,0.0,0.0,0.0,0.0,0.0,0.0,0.0,0.0,0.0,0.0,0.10115078043407187,0.044168988111686694,0.20942377350762115,0.02602997717637733,0.11144989709866207,0.04854906252865548,0.20675311873434868,0.04491764742461027,0.22230282712977342,0.0581458456182611,0.32596374479566537,0.1252553377501549,0.22230280800766408,0.05814584090787799,0.3259611566295085,0.1252553377501549,0.32345360756384534,0.07841720592830276,0.4939596404609464,0.19693894328620756,0.33375270510632604,0.07336030533602177,0.43460555240594373,0.2326966999769906,2.0,0.0,2,2,2.0,0.0,2,2,9.394648425729525,3.257672562625906,27.321475189600353,4.363601149765293,10.227531263339358,3.2543062370082674,15.964686134820006,6.021842850077891,-0.3427272727272727,0.47462120607511665,0.0,-1.0,-0.45454545454545453,0.49792959773196915,0.0,-1.0,2.7508497,0.8912612,7.8915944,1.1586802,3.0771866,1.1372248,5.71967,1.6441902,-275.0849,1080004,274000,2740,10.064762789290398,2.974321395973675,3.1350323918741196,16.174116577138193,4421.138297209167,273
13.793924,12.379084,369.693,-371.461,252.16574,-14.611963,-742.20184,-371.43756,251.3994,-15.073483,-742.6308,-372.07983,251.54134,-14.591889,-743.0626,13.793924,42.3032,333.10483,3.5051256e-05,12.379083,47.41757,431.6714,0.0031788426,0.10753579,0.85262847,1.0,-1.0,-3.462939,1.3197728,-1.365306,-7.703203,-346.29388,113.38046,-181.76761,-552.1422,0.0873872,0.6863731,1.0,-1.0,10,-6.137048045479945,1.1407443944923488,-3.0577170263076403,-9.481585066710345,-613.7048045479946,87.12040851064674,-433.19366078947724,-754.9742378766881,0.08037318948640831,0.6762082266004161,1.0,-1.0,0.20400249157492312,0.09477446416923024,0.4110496592135943,0.05267639468444854,0.20404959420007787,0.10832974471213581,0.4083342304629413,0.06092885084801006,0.41,0.49183330509431755,1.0,0.0,0.36363636363636365,0.48104569292083466,1.0,0.0,0.0,0.0,0.0,0.0,0.0,0.0,0.0,0.0,0.0,0.0,0.0,0.0,0.0,0.0,0.0,0.0,0.0036363636363636364,0.06019252857180673,1.0,0.0,0.0,0.0,0.0,0.0,0.07592281052585043,0.04445520564579554,0.22643254641090227,0.0030920767596583645,0.09641451929788956,0.05890361972124147,0.2251362680465211,0.020915542436980794,0.19627806881971502,0.06628574307733894,0.32297015357394376,0.10290154300469381,0.19748164662741893,0.06494243585805087,0.3229684502970765,0.10290154300544625,0.27220087934556547,0.07607314557601047,0.4793755034483383,0.14570071643967475,0.2938961659253085,0.09255088643110682,0.4780792250839571,0.15745901076781255,2.0,0.0,2,2,2.0,0.0,2,2,11.657959144470274,3.5028737356274537,27.600763631067707,4.806915433639245,13.384274525487337,3.7659476113591057,19.26851002703772,6.068373715751007,-0.6354545454545455,0.4813024684288483,0.0,-1.0,-0.7272727272727273,0.4453617714151233,0.0,-1.0,3.462939,1.3197728,7.703203,1.365306,4.05299,1.207024,5.948463,1.7923598,-346.29388,1084004,275000,2750,9.938438309938647,2.969726944924332,3.146464108256623,16.054629363119602,4437.214297398226,274
7.3646107,7.7525835,360.6113,-361.65933,239.49687,-9.415113,-757.18256,-360.91913,239.0052,-8.2090435,-754.8922,-361.8132,239.11151,-8.149169,-760.98663,7.3646107,13.593944,99.24794,4.265085e-05,7.7525835,15.307909,128.35062,0.001168251,0.0081699295,0.87834877,1.0,-1.0,-3.0714881,1.0666245,-0.7808367,-7.206741,-307.1488,80.86733,-199.6083,-454.87082,0.04036968,0.66092545,1.0,-1.0,10,-5.914240030979501,0.8392656604689258,-3.746582607647056,-8.8527101965899,-591.4240030979502,58.27209888679709,-476.6857827128345,-650.7754582742909,0.06250248803660916,0.6817543006717729,1.0,-1.0,0.23387201583014014,0.07806820089892726,0.38447781256637714,0.08527758026794334,0.24603626198860254,0.06875414580408337,0.3702407725765367,0.10799512391267574,0.25181818181818183,0.43405735234409626,1.0,0.0,0.18181818181818182,0.38569460791993493,1.0,0.0,0.18181818181818182,0.38569460791993504,1.0,0.0,0.18181818181818182,0.385694607919935,1.0,0.0,0.0,0.0,0.0,0.0,0.0,0.0,0.0,0.0,0.0,0.0,0.0,0.0,0.0,0.0,0.0,0.0,0.10343042786099947,0.04730366244504382,0.1960484424506397,0.004780112479321112,0.12425362575512776,0.045434957005690196,0.1849429444001382,0.04012692617112103,0.18122864437134287,0.09735273964406216,0.3541052197889729,0.05520575266266166,0.1812286254477563,0.0973527391118156,0.3541041674900948,0.05520575266266166,0.2846590722323424,0.10719105132249465,0.5501536622396126,0.09623782820048851,0.3054822512028841,0.10670772534669008,0.413080829274276,0.10449279674310827,2.0,0.0,2,2,2.0,0.0,2,2,11.185815212964103,2.928296957128795,23.481384972256254,5.3778548295991575,13.291121120472008,3.2387858261212332,20.171401638457773,8.60149839865344,-0.6327272727272727,0.4820616880383466,0.0,-1.0,-0.8181818181818182,0.385694607919935,0.0,-1.0,3.0714881,1.0666245,7.206741,0.78083676,3.601016,0.9648245,5.150178,1.6548268,-307.1488,1088004,276000,2760,9.959272188250907,2.9920024800812826,3.125063344486989,16.07633801281918,4453.182844241033,275
11.437811,10.111681,363.09058,-366.2848,246.87874,-7.346426,-717.7234,-366.66745,247.02127,-8.501368,-716.5691,-366.10742,246.79518,-6.7704363,-710.49927,11.437811,35.81594,365.97812,1.6227365e-05,10.111681,31.238888,323.1458,0.00019706786,-0.03637524,0.8730939,1.0,-1.0,-3.0829976,0.9162398,-1.2530358,-7.7794313,-308.2998,64.726654,-187.03566,-406.33777,0.039795857,0.67612916,1.0,-1.0,10,-5.983022144712399,1.2650553055691287,-4.062077469798006,-10.595067565626445,-598.3022144712398,97.52467078352633,-490.80132049353216,-854.4077134239808,0.1441131257762362,0.6847175110271323,1.0,-1.0,0.2292495309365551,0.09637320882409521,0.4069888734267155,0.06295559117450027,0.24741752881376963,0.09862585342360854,0.4069888734267155,0.06295559117450027,0.11454545454545455,0.3184725944071637,1.0,0.0,0.0,0.0,0.0,0.0,0.22090909090909092,0.41485933093376354,1.0,0.0,0.18181818181818182,0.385694607919935,1.0,0.0,0.0,0.0,0.0,0.0,0.0,0.0,0.0,0.0,0.0,0.0,0.0,0.0,0.0,0.0,0.0,0.0,0.10644403328837194,0.04190703102229374,0.22863502430546215,0.034293938672174465,0.13620631792075433,0.03546145679773631,0.1911366379251468,0.06069605398459136,0.13235652143215962,0.06829634771664322,0.2565997928968726,0.03190557638050474,0.13974645899012506,0.06521300698869195,0.256596174609115,0.038321868394567665,0.23880055472053155,0.08410145981106168,0.43697291597842314,0.0780673241374383,0.27595277691087944,0.07813113997488397,0.42839052852758386,0.15330434109745877,2.0,0.0,2,2,2.0,0.0,2,2,10.959809863013701,2.899585625116105,27.03680661537046,5.470831395256563,12.79272027943888,2.629484234397277,16.97805309252991,8.127209485756772,-0.6190909090909091,0.4856102916659621,0.0,-1.0,-0.9090909090909091,0.28747978728803447,0.0,-1.0,3.0829976,0.9162398,7.7794313,1.2530358,3.546379,0.7237669,4.403312,2.3964193,-308.2998,1092004,277000,2770,9.99094539321959,2.8840094469487667,3.1691001119324937,16.04405495210085,4469.348585632164,276
12.792952,14.933192,366.74457,-367.74466,248.09314,-2.0827675,-748.04065,-367.28033,247.96443,-1.844017,-751.78265,-368.57568,248.55464,-3.379807,-751.9169,12.792952,33.575626,350.95193,0.0002910206,14.933191,47.61609,497.50214,0.0013028248,0.06731901,0.8859928,1.0,-1.0,-2.2563853,0.86563826,-0.55924875,-7.9819293,-225.63849,44.239765,-168.53271,-320.45178,0.19512612,0.58294946,1.0,-1.0,10,-5.767457928818845,1.1233548353327443,-3.6408274579179976,-9.098174212473106,-576.7457928818845,79.88068230688843,-441.2040701315607,-721.6814946864915,0.05619645973847916,0.6834415886845377,1.0,-1.0,0.1619370454168311,0.09390847546152753,0.35830095449591887,0.0344479528375704,0.1594430150972046,0.08608788020201745,0.32655193204247274,0.04448414019619407,0.3427272727272727,0.47462120607511665,1.0,0.0,0.09090909090909091,0.28747978728803447,1.0,0.0,0.0,0.0,0.0,0.0,0.0,0.0,0.0,0.0,0.0,0.0,0.0,0.0,0.0,0.0,0.0,0.0,0.16,0.36660605559646714,1.0,0.0,0.09090909090909091,0.2874797872880344,1.0,0.0,0.07933206659812547,0.039090934202478125,0.21874400887982018,0.017133586698274486,0.0958862327683693,0.04408278711947159,0.19840778719466184,0.027258881002130128,0.17697279312356895,0.07074901825946557,0.3356522879974415,0.06233182152322434,0.18629449756025912,0.07410642253681876,0.33565227023585453,0.07935511499667378,0.2563048597216944,0.07737552003041871,0.47577524463215565,0.12086848521539323,0.28218073032862845,0.07491003540943635,0.40553369451360505,0.14429274768240846,2.0,0.0,2,2,2.0,0.0,2,2,9.821517489927341,3.030196482797482,28.131827310089378,5.3128890159940925,11.7025185869329,2.8998752027105748,16.87744958512008,7.0908781990116,-0.38,0.48538644398046393,0.0,-1.0,-0.7272727272727273,0.4453617714151233,0.0,-1.0,2.2563853,0.86563826,7.9819293,0.55924875,2.7474527,0.7533756,3.8936543,1.7671158,-225.63849,1096004,278000,2780,9.806499063502997,3.006034388905391,3.1041564224287868,15.916689874837175,4485.3876857369905,277
9.254728,10.683725,369.36096,-370.97037,247.97168,-5.9393,-773.2292,-371.65802,248.23808,-5.9893823,-772.3159,-371.52985,247.81383,-5.205674,-773.2271,9.254728,17.352627,111.91868,4.3064356e-06,10.683725,28.367151,272.68875,0.0007146746,0.04254912,0.87822634,1.0,-1.0,-3.0431285,1.0604163,-1.5389549,-6.8951354,-304.31287,94.89644,-213.94598,-587.2869,-0.007018918,0.60773546,1.0,-1.0,10,-6.136875528841976,1.4017006915742827,-3.4369534760217952,-9.908489436772461,-613.6875528841977,113.2145952200522,-473.8979024872738,-817.5015016827076,0.10687431292023573,0.6746386012445768,1.0,-1.0,0.21714738274301587,0.07330930864025652,0.37251940799332733,0.06864785788329716,0.22228787119803936,0.08699184164412137,0.3636493363925117,0.0887576710612865,0.4718181818181818,0.4992051533427584,1.0,0.0,0.36363636363636365,0.48104569292083466,1.0,0.0,0.0,0.0,0.0,0.0,0.0,0.0,0.0,0.0,0.0,0.0,0.0,0.0,0.0,0.0,0.0,0.0,0.0,0.0,0.0,0.0,0.0,0.0,0.0,0.0,0.09524500797566314,0.07412369768510382,0.3124186657396831,0.0040329165280044805,0.11179069614903948,0.08543289902366144,0.31106355970333804,0.01770101685412114,0.1977995762314741,0.07626710415411972,0.3319832288555341,0.06638867526099909,0.19779956244595312,0.07626710393941784,0.3319806414773283,0.06638867526099909,0.29304458420713725,0.11142467561139799,0.5078369758554235,0.08872826821791849,0.3095902585949926,0.11628721890365623,0.482987105846995,0.11888731694421907,2.0,0.0,2,2,2.0,0.0,2,2,10.842080560340792,3.34028072849614,26.905361072481444,5.411703608634938,11.71540513859963,3.5231536905351706,19.51284280205241,6.548726070678856,-0.5863636363636363,0.49248484475570364,0.0,-1.0,-0.7272727272727273,0.4453617714151233,0.0,-1.0,3.0431285,1.0604165,6.8951354,1.5389549,3.210969,1.1277994,6.50613,2.0027652,-304.31287,1100004,279000,2790,10.04681130964309,3.1289856320945546,3.146538724657148,16.322335666394792,4501.55492130341,278
10.964664,9.724698,360.11014,-362.87683,237.73103,-10.762729,-733.48083,-362.8553,237.27559,-9.585298,-733.6217,-362.1986,237.5374,-9.625835,-737.4901,10.964664,25.296453,182.75049,0.00014863932,9.724697,23.462465,193.50943,0.00016487256,0.031936456,0.87722945,1.0,-1.0,-3.7969935,1.2590029,-1.287945,-7.961908,-379.69934,103.610146,-200.23927,-521.4913,0.09977286,0.7401218,1.0,-1.0,10,-5.8027572946050245,0.8723243002036083,-4.037718273198932,-8.1880357235867,-580.2757294605025,56.79592601514533,-502.19913003185144,-687.5219120631298,0.08806648953890163,0.6872726002593572,1.0,-1.0,0.25028949657225,0.07427942448897205,0.40127318880870105,0.07490923491326154,0.2714156520818886,0.0866859080643412,0.40127318880870105,0.14631751476666074,0.14454545454545453,0.35164195727430264,1.0,0.0,0.09090909090909091,0.2874797872880344,1.0,0.0,0.0,0.0,0.0,0.0,0.0,0.0,0.0,0.0,0.0,0.0,0.0,0.0,0.0,0.0,0.0,0.0,0.0,0.0,0.0,0.0,0.0,0.0,0.0,0.0,0.11029713122638503,0.05463171158321452,0.277088655121882,0.004329280113959331,0.1271969990472442,0.06885367810070724,0.277088655121882,0.02913120093583311,0.2061686640508213,0.08214322297782416,0.3398179224501914,0.06958150884995921,0.20612085446565284,0.08222108203336119,0.33981667515725017,0.06958150884995921,0.31646579527720636,0.08810393107507938,0.5439665588007104,0.14207507480320491,0.333317853512897,0.09055446659510459,0.487402788922389,0.1856077146007038,2.0,0.0,2,2,2.0,0.0,2,2,12.849351238972703,3.1938420956424047,27.618916005845467,6.472926493736065,13.939910535709402,3.1040594700279573,20.27777384883542,10.76063854014336,-0.8309090909090909,0.37483219385975775,0.0,-1.0,-1.0,0.0,-1.0,-1.0,3.7969935,1.2590029,7.961908,1.287945,4.106241,1.0464592,5.760932,2.413949,-379.69934,1104004,280000,2800,9.985841165529564,2.9741201719734818,3.12455027399119,16.084511611494236,4517.75654553005,279
9.938774,9.3116255,349.51764,-350.75238,232.58609,-8.961784,-768.97003,-351.02798,232.68146,-8.144423,-768.7724,-350.28418,232.48398,-9.208279,-771.79663,9.938775,16.608246,93.18129,0.0005651647,9.3116255,18.945906,134.25233,0.00050999224,0.08120871,0.89659286,1.0,-1.0,-2.8059976,1.2417254,-0.6003022,-7.6565857,-280.59973,106.28729,-174.80096,-550.7311,0.10426067,0.65966666,1.0,-1.0,10,-5.908037082838111,0.8135194861676748,-4.22959749945468,-8.903705664772263,-590.803708283811,49.26846243229118,-526.502165808401,-673.2337861341812,0.0958045681606332,0.669466854165444,1.0,-1.0,0.2387801433846956,0.06333252966540157,0.39351898703429417,0.12241684039233622,0.241813668230101,0.07077116795084379,0.3921384075581458,0.12307825287153198,0.43636363636363634,0.4959338798903948,1.0,0.0,0.45454545454545453,0.49792959773196915,1.0,0.0,0.0,0.0,0.0,0.0,0.0,0.0,0.0,0.0,0.0,0.0,0.0,0.0,0.0,0.0,0.0,0.0,0.0,0.0,0.0,0.0,0.0,0.0,0.0,0.0,0.08654484554641804,0.058289711253282826,0.2739277931606175,0.003838673834189618,0.10040699576255362,0.07359655264869011,0.2739277931606175,0.014661143636691968,0.20787979004996449,0.09100596334984572,0.3545467289593895,0.07074492666062857,0.2078797701351055,0.09100596035431417,0.35454430116417046,0.07074492666062857,0.29442463559638254,0.11452109328059054,0.6284720943247879,0.08562676505787324,0.30828676589765913,0.12639585016431187,0.6284720943247879,0.13158398213433717,2.0,0.0,2,2,2.0,0.0,2,2,10.402121410508798,3.3757162778541305,24.21456725206794,4.448134185435696,11.330258918821029,3.3410616950003402,17.635273188649304,6.273529335159599,-0.49636363636363634,0.4999867766846481,0.0,-1.0,-0.6363636363636364,0.48104569292083466,0.0,-1.0,2.8059976,1.2417254,7.6565857,0.6003022,3.2026963,1.4847438,6.732275,1.8859675,-280.59973,1108004,281000,2810,9.910391012323089,3.0918643680633977,3.0945565247675404,16.096811905154027,4533.679044537013,280
16.225315,16.167734,353.77557,-355.41183,233.45198,-20.923157,-690.13165,-355.7558,233.1417,-20.836414,-690.2669,-355.4101,233.06288,-20.996925,-687.09143,16.225315,67.46873,731.67706,0.0034332275,16.167734,76.80291,847.78394,0.00036729872,0.06332024,0.8847058,1.0,-1.0,-3.1994958,1.3290343,-0.34186438,-8.129413,-319.9496,116.1996,-128.38358,-491.31805,0.032553196,0.661074,1.0,-1.0,10,-6.427928525529962,1.0287546054268226,-4.336935137236083,-9.147456074082891,-642.7928525529962,62.903526216104154,-487.11276495873756,-755.4874924714595,0.1310579654737324,0.702667452032578,1.0,-1.0,0.20664979526023408,0.07678653840496714,0.33700842868006053,0.0650043707104147,0.22090809744744114,0.07315028915708854,0.32419222462491615,0.09127532380060696,0.14272727272727273,0.3497945087435014,1.0,0.0,0.0,0.0,0.0,0.0,0.0,0.0,0.0,0.0,0.0,0.0,0.0,0.0,0.0,0.0,0.0,0.0,0.0,0.0,0.0,0.0,0.0,0.0,0.0,0.0,0.0,0.0,0.0,0.0,0.12886813742758113,0.06993048333937267,0.322467417452802,0.010341696453087912,0.169586133034362,0.06983430351787678,0.322467417452802,0.08809855901065757,0.18850218540964017,0.06366598906347941,0.2945106237786216,0.07835784624328775,0.1885865911068107,0.06357367714625214,0.29450758499065377,0.07855083941010539,0.31737032283722133,0.11848459914534265,0.529485107019258,0.09450698588158664,0.35817272414117274,0.12043945072868978,0.526055764345174,0.16664939842076296,2.0,0.0,2,2,2.0,0.0,2,2,10.331444293736704,3.091840578297497,27.87616351147367,4.078335217569369,12.481345921266524,2.262435607395113,16.07789764776511,8.60791996035217,-0.4636363636363636,0.49867593279645367,0.0,-1.0,-0.9090909090909091,0.28747978728803447,0.0,-1.0,3.1994958,1.3290343,8.129413,0.34186438,3.877949,1.4040322,5.7786894,1.7697577,-319.9496,1112004,282000,2820,9.967070946935564,2.917979077086784,3.1203153009992093,16.005365325021558,4549.760844497941,281
10.8483095,11.209827,363.84845,-364.77124,246.5507,-8.246389,-713.04895,-364.88016,246.66905,-7.557008,-712.30615,-365.14282,246.81104,-6.6518345,-712.7988,10.84831,20.11758,130.08026,3.971369e-05,11.209828,25.484648,203.62474,1.8253922e-05,0.11248083,0.8666114,1.0,-1.0,-3.1874814,1.2302811,-0.56730145,-8.13376,-318.7481,105.27132,-174.05147,-482.39487,-0.118739404,0.6363046,1.0,-1.0,10,-6.031716495257335,0.8690493916226161,-4.1223088108668975,-8.912105865686874,-603.1716495257335,47.509386247870474,-509.9335256936893,-701.8533833246689,0.15414981066340142,0.7018184334001218,1.0,-1.0,0.19532047406171502,0.07655263428237576,0.3263562702493944,0.0655296659583434,0.19810065539560986,0.07892101525453667,0.3228996041795535,0.06621581998016193,0.06909090909090909,0.25360866580600283,1.0,0.0,0.0,0.0,0.0,0.0,0.09090909090909091,0.28747978728803447,1.0,0.0,0.09090909090909091,0.2874797872880344,1.0,0.0,0.0,0.0,0.0,0.0,0.0,0.0,0.0,0.0,0.0,0.0,0.0,0.0,0.0,0.0,0.0,0.0,0.12683651749341196,0.06810580417561655,0.274842790482565,0.008539813708498422,0.13220387953759638,0.06925583843403262,0.2573804933539049,0.0707442210973131,0.1559488296029565,0.07086086270099475,0.28183432067572267,0.04014872244241251,0.15563654548778552,0.07105352162790494,0.28183131367870257,0.04014872244241251,0.28278534709636843,0.10452625866323106,0.5356814664998542,0.08078605396177785,0.2878404250253819,0.10614109561913317,0.534097677525498,0.1108929435397256,2.0,0.0,2,2,2.0,0.0,2,2,11.321230014142762,3.1193037051478907,27.865923567516386,4.072888390138337,12.277647188642193,2.674705216538051,16.933968601003635,6.638189467033213,-0.68,0.46647615158762407,0.0,-1.0,-0.8181818181818182,0.385694607919935,0.0,-1.0,3.1874816,1.2302811,8.133761,0.56730145,3.5010498,0.9650133,4.941151,2.1788633,-318.7481,1116004,283000,2830,9.927472382434644,2.99436098895967,3.1214962142985314,16.043329585692845,4565.800669686752,282
10.601347,11.318491,371.39246,-372.97894,243.85591,-19.097002,-820.3521,-373.3218,243.99335,-19.679195,-822.98724,-373.54956,243.58156,-19.51615,-820.55396,10.601347,25.228657,231.88956,2.3655957e-05,11.318491,36.533554,390.66183,0.00035973475,0.050311893,0.88630086,1.0,-1.0,-3.2699308,1.4910194,-0.6676319,-7.6436005,-326.9931,131.86243,-146.30725,-530.7791,0.14278983,0.6962772,1.0,-1.0,10,-5.77190696064932,0.9502851796482257,-3.285720290393697,-8.172263650696445,-577.190696064932,60.83349338771449,-479.5366690281324,-649.1078270436807,0.15497906922950455,0.6855212118006833,1.0,-1.0,0.2628881747126318,0.07987191542909339,0.41806989120359445,0.07558135595718239,0.2886075315144336,0.10345771813799065,0.41329442211682077,0.07558135595718239,0.36,0.48,1.0,0.0,0.18181818181818182,0.38569460791993493,1.0,0.0,0.0,0.0,0.0,0.0,0.0,0.0,0.0,0.0,0.0,0.0,0.0,0.0,0.0,0.0,0.0,0.0,0.0,0.0,0.0,0.0,0.0,0.0,0.0,0.0,0.09300946320180328,0.05157413651985977,0.23902218830210936,0.008476714454828503,0.14048343597114465,0.06688661992284511,0.23441675915936913,0.00920465635798736,0.18680604768610512,0.08034006835071503,0.3434542104471591,0.09138910595401355,0.18680603388499398,0.08034005895803976,0.34345212886992277,0.09138910595401355,0.27981551088790835,0.09002874419317142,0.4830002460660431,0.10827905797829993,0.3272894698561386,0.09219596353003683,0.48289608824894764,0.18000550757969158,2.0,0.0,2,2,2.0,0.0,2,2,10.369250489581527,2.944275850129703,26.73884062271552,3.7516727014012115,12.442304177777386,3.068220794598957,17.10828439230934,7.323392654312794,-0.5163636363636364,0.4997321596665144,0.0,-1.0,-0.7272727272727273,0.4453617714151233,0.0,-1.0,3.2699308,1.4910192,7.6436005,0.6676319,3.9915164,1.4022241,5.9598575,1.5982364,-326.9931,1120004,284000,2840,9.92063469288405,2.991211881977506,3.1645081809256226,16.07635475578718,4581.802262053592,283
8.817165,7.7290826,350.21686,-351.7654,244.7695,-15.659817,-737.89105,-351.47235,244.76433,-15.525341,-736.68036,-351.8363,244.77104,-16.392065,-738.5424,8.817165,18.907093,157.83788,0.006247405,7.729082,16.364628,107.89787,0.00015962496,0.051093057,0.8737007,1.0,-1.0,-3.00398,0.8056662,-1.7500484,-7.094259,-300.39798,66.449615,-201.70525,-412.58078,0.15213786,0.6214833,1.0,-1.0,10,-5.918337944582376,0.9227411655555572,-4.187399455017438,-8.77231592197595,-591.8337944582374,58.9878088475426,-507.5985638310504,-676.6898916799533,0.10813097922365648,0.6927084906552488,1.0,-1.0,0.2216832624651406,0.07086415542672463,0.3891352062644333,0.10752686196755051,0.2112577761725462,0.06985599455881783,0.3818691381253092,0.12132618374363355,0.44272727272727275,0.4967090040564433,1.0,0.0,0.36363636363636365,0.4810456929208346,1.0,0.0,0.18181818181818182,0.38569460791993504,1.0,0.0,0.18181818181818182,0.38569460791993493,1.0,0.0,0.0,0.0,0.0,0.0,0.0,0.0,0.0,0.0,0.0,0.0,0.0,0.0,0.0,0.0,0.0,0.0,0.07754460741351014,0.0472905160058408,0.22678385128616932,0.014875409725172735,0.0815769236232322,0.04453588420457984,0.1877117577639102,0.02491030362597279,0.19356446961431253,0.09838203475088506,0.3613525304629175,0.05541004978383593,0.19356445771340558,0.09838202977198737,0.3613519300062463,0.05541004978383593,0.2711090770278226,0.10111544574740693,0.5189479564544565,0.07556884613968529,0.2751413813366378,0.09208322404481697,0.3862622336322191,0.09441694762267276,2.0,0.0,2,2,2.0,0.0,2,2,10.3233971905943,3.0243246380912807,22.806688753589686,5.365832355072706,12.280633772852859,2.857038134272654,18.97351925475132,8.68229006123501,-0.4672727272727273,0.4989277759554329,0.0,-1.0,-0.8181818181818182,0.385694607919935,0.0,-1.0,3.00398,0.8056662,7.0942583,1.7500484,3.436949,0.7437255,4.7776566,2.1166728,-300.39798,1124004,285000,2850,9.846773664234206,2.916910997009836,3.1356553483055905,15.899340009549633,4597.705587322009,284
20.596813,18.016956,368.58813,-370.44482,247.78433,-13.782801,-813.595,-370.64905,247.57648,-13.6699705,-814.63934,-369.7172,247.2331,-11.749387,-811.57825,20.596813,86.03834,806.6342,0.0002616085,18.016956,69.588135,569.60767,0.0001318418,0.049802892,0.8735135,1.0,-1.0,-3.1751137,1.3449696,-0.7219998,-8.502098,-317.51135,122.1743,-181.92604,-607.05505,0.0010390681,0.65274876,1.0,-1.0,10,-6.149695394610977,1.0180128667599102,-3.8091286188507096,-9.355908192898639,-614.9695394610977,76.03295696306414,-460.27793916753114,-694.2322267283305,0.10567548543246703,0.6802662133293317,1.0,-1.0,0.23590968960729045,0.08726679848332564,0.41750767620961565,0.060984511526413814,0.25814106398494097,0.08617553583744275,0.41750767620961565,0.11173910541326743,0.28909090909090907,0.4533402203333616,1.0,0.0,0.36363636363636365,0.48104569292083466,1.0,0.0,0.0,0.0,0.0,0.0,0.0,0.0,0.0,0.0,0.0,0.0,0.0,0.0,0.0,0.0,0.0,0.0,0.0,0.0,0.0,0.0,0.0,0.0,0.0,0.0,0.10382031441139862,0.08215823928288052,0.3226287654158337,0.012654390010437586,0.11775676665706604,0.08964708361028247,0.32232863078613516,0.032972300176605726,0.1948864603340766,0.05917531543330424,0.3063209617679196,0.06285879809231988,0.19543740475045884,0.05873491050719236,0.30631982421214116,0.06285879809253757,0.29870677474547525,0.10044433706374414,0.5499083801278636,0.10202578304959048,0.31319417140752487,0.10741647454075744,0.549608245498165,0.11410610632996376,2.0,0.0,2,2,2.0,0.0,2,2,10.79041082618831,3.090812161794696,27.89869133284484,4.424619181574928,12.01392793847594,2.6370606444889653,18.544637379788966,8.099551679487513,-0.6481818181818182,0.4775375888454547,0.0,-1.0,-0.8181818181818182,0.385694607919935,0.0,-1.0,3.1751137,1.3449696,8.502098,0.7219998,3.5002837,1.3753493,7.0796676,2.2802956,-317.51135,1128004,286000,2860,9.837498266831972,2.921311972895637,3.1312124519608915,15.8900226916885,4613.682901774882,285
11.259213,9.764151,370.83795,-371.79956,250.3831,-19.140793,-768.8045,-371.84564,250.46286,-19.210684,-769.66846,-371.79376,251.12355,-16.874027,-765.124,11.259214,22.437653,177.76096,0.0049782395,9.764151,13.996607,67.581215,0.001042489,-0.007039694,0.87899685,1.0,-1.0,-2.99338,0.9125837,-1.3845917,-7.978854,-299.338,74.51953,-206.45819,-480.38593,-0.019666998,0.638191,1.0,-1.0,10,-5.928537470137156,0.9074942499112614,-4.112757492132823,-9.277814004941696,-592.8537470137156,61.52014483651803,-486.8323040333773,-737.57040149312,0.14161073653260767,0.6880183919443749,1.0,-1.0,0.23301797579373282,0.07348065945673922,0.3674940628647786,0.07800829874586478,0.24155232413170935,0.09427689753676011,0.36585555361698874,0.08993592059608181,0.30818181818181817,0.46174211972048523,1.0,0.0,0.18181818181818182,0.385694607919935,1.0,0.0,0.09090909090909091,0.28747978728803447,1.0,0.0,0.09090909090909091,0.2874797872880344,1.0,0.0,0.0,0.0,0.0,0.0,0.0,0.0,0.0,0.0,0.0,0.0,0.0,0.0,0.0,0.0,0.0,0.0,0.10401767801202774,0.06615096635841644,0.2976179765228278,0.005368327791513356,0.12636505943002344,0.07941389153721255,0.2976179765228278,0.017342852239568735,0.21183919650925367,0.09935536695957581,0.37904561190371344,0.046915822950830945,0.21183917551717116,0.09935536496231638,0.3790434968838918,0.046915822950830945,0.31585687452128136,0.1342054374743776,0.5643461696201505,0.13029962594720823,0.33820423494719454,0.14891335383814805,0.5549932819597247,0.13033611743127338,2.0,0.0,2,2,2.0,0.0,2,2,10.157283367134553,2.5066991065509723,27.98723056987177,5.510931431630852,11.033501704994567,2.1224984687398236,13.427737306824417,6.165043896336213,-0.5163636363636364,0.4997321596665144,0.0,-1.0,-0.7272727272727273,0.4453617714151233,0.0,-1.0,2.9933798,0.9125837,7.9788547,1.3845917,3.3304262,0.79982233,4.794063,2.1380317,-299.338,1132004,287000,2870,9.914234861847945,3.0092758220853284,3.1349861449562013,16.058496828889474,4629.70803693356,286
10.016798,10.845069,361.09564,-362.47153,245.02744,-10.765408,-773.3675,-362.1903,245.27972,-9.554953,-771.8198,-363.08533,244.75438,-10.199998,-771.66437,10.016799,19.422445,112.611946,1.0073185e-05,10.845069,23.225128,132.13913,9.241048e-07,0.097367525,0.877369,1.0,-1.0,-3.5919557,0.99260086,-1.0090083,-6.343403,-359.19553,84.41418,-217.08582,-490.55264,0.07114948,0.69751006,1.0,-1.0,10,-5.723251875479911,1.1125010403869258,-3.5873513830000334,-8.755615727563042,-572.3251875479912,87.02766809889289,-455.32115414597456,-737.5691713875079,0.061362564470184636,0.6670765352288973,1.0,-1.0,0.2593028088160789,0.05253702016790195,0.3852781176151644,0.13155085602920627,0.26569132441690246,0.06062082491033841,0.3730013573923841,0.19283107096405838,0.29818181818181816,0.45745974848898274,1.0,0.0,0.09090909090909091,0.2874797872880344,1.0,0.0,0.0,0.0,0.0,0.0,0.0,0.0,0.0,0.0,0.0,0.0,0.0,0.0,0.0,0.0,0.0,0.0,0.0,0.0,0.0,0.0,0.0,0.0,0.0,0.0,0.0953149557107312,0.05725283514057416,0.30270369968189054,0.008418250385724347,0.13043964649378378,0.07517295965492173,0.30235919555375323,0.032890133299551184,0.20182867515186714,0.06488104792803516,0.3023014217085211,0.10120098649020431,0.20182865607779202,0.06488103937775586,0.30229856428388924,0.10120098649020431,0.2971436308625983,0.07617718116370414,0.459573917970729,0.12053013368712456,0.3322683025715758,0.071667108970731,0.459573917970729,0.21654569170418916,2.0,0.0,2,2,2.0,0.0,2,2,10.621042917251655,2.2140598460724377,19.125335809321108,6.340311823379471,12.173389424145073,1.7311914242143716,15.649387020262415,9.349937446720872,-0.6036363636363636,0.4891415992657253,0.0,-1.0,-0.9090909090909091,0.28747978728803447,0.0,-1.0,3.5919557,0.9926008,6.343403,1.0090083,4.1851788,0.90431905,5.789592,2.7595901,-359.19553,1136004,288000,2880,10.163182250456885,2.975975690060295,3.1531043434515595,16.29226228396874,4645.99500882451,287
11.600618,9.505497,367.4388,-368.5133,251.77448,-14.376967,-768.61615,-369.67188,252.434,-14.452928,-773.33264,-369.37158,252.3061,-13.492128,-769.05176,11.600617,20.616177,116.98788,1.206994e-06,9.505497,17.892944,104.2014,5.2726133e-05,0.09572768,0.8646017,1.0,-1.0,-2.7990577,0.85598695,-0.8910804,-7.3123617,-279.90573,44.126907,-190.27289,-364.29803,0.13416146,0.67284906,1.0,-1.0,10,-5.708947267407535,1.0248129089645612,-3.6401873016387256,-8.986109987636068,-570.8947267407535,79.24359858671895,-424.2708915831488,-683.7793554061853,0.020507876058495904,0.692936597078026,1.0,-1.0,0.21298712913458004,0.10114693364384957,0.4760651900984441,0.08629495166058142,0.2188128632814089,0.1006487034360859,0.47591854013072127,0.11627154275709507,0.3690909090909091,0.48255860775387205,1.0,0.0,0.18181818181818182,0.385694607919935,1.0,0.0,0.09090909090909091,0.28747978728803447,1.0,0.0,0.09090909090909091,0.2874797872880344,1.0,0.0,0.0,0.0,0.0,0.0,0.0,0.0,0.0,0.0,0.0,0.0,0.0,0.0,0.0,0.0,0.0,0.0,0.0823880091820013,0.04934180454604826,0.24550868320666724,0.005729923274412045,0.11310497408854209,0.058301406484835235,0.24062473386405714,0.037194955668207616,0.18153076540120405,0.10076623752316773,0.4247040721656881,0.05174946550925567,0.18153074350776802,0.10076623262623985,0.42470188122606645,0.05174946550925567,0.2639187745832054,0.10904401429939342,0.5855939640190517,0.06383743984875694,0.2946357175963101,0.1027597844998142,0.4618968368942741,0.1174978092448353,2.0,0.0,2,2,2.0,0.0,2,2,10.882419104047782,2.958039567756611,26.705239979605498,4.422948786814117,12.755087291622646,2.5363925783272987,17.252470862605506,7.625301375606061,-0.5990909090909091,0.4900826376597493,0.0,-1.0,-0.9090909090909091,0.28747978728803447,0.0,-1.0,2.7990577,0.85598695,7.3123617,0.8910804,3.4558806,0.86656934,4.8431354,2.2739043,-279.90573,1140004,289000,2890,9.86615651997272,2.973978830035776,3.1204447326017544,15.96058008261025,4661.905017491197,288
19.622387,18.723738,364.15277,-366.75058,243.52408,-18.047375,-734.44434,-366.72366,243.8063,-17.179272,-735.21545,-365.98157,243.1717,-18.473415,-737.878,19.62239,53.93787,353.21466,0.0008094032,18.723736,55.60617,418.56256,4.4260174e-05,0.012972757,0.87855583,1.0,-1.0,-2.6500738,1.136241,-0.5422028,-8.125955,-265.00742,89.073975,-126.070274,-419.01755,0.117641464,0.611706,1.0,-1.0,10,-5.9371080614620295,1.076715228543805,-3.275717619348572,-9.513635372666748,-593.7108061462029,86.71475957625469,-464.7601452292369,-734.7611341367009,0.06918352718684262,0.6895345127314539,1.0,-1.0,0.23264771183622146,0.09050498937357829,0.4126076467941453,0.05728804569237342,0.24396844830283582,0.09190423953171757,0.4126076467941453,0.0772689445235051,0.31,0.46249324319388707,1.0,0.0,0.09090909090909091,0.2874797872880344,1.0,0.0,0.0,0.0,0.0,0.0,0.0,0.0,0.0,0.0,0.0,0.0,0.0,0.0,0.0,0.0,0.0,0.0,0.0018181818181818182,0.04260136186858175,1.0,0.0,0.0,0.0,0.0,0.0,0.09083537045417915,0.05335670826455704,0.27505151251136856,0.009177929804479285,0.1042885850021203,0.04775346275925634,0.21819911506997636,0.022907620702861956,0.2124060487649441,0.08752625589408623,0.41278341976414235,0.06837899620661028,0.21827778831869438,0.0822741211803162,0.41278146451247993,0.10780363926724323,0.30324141921912323,0.09818775474406868,0.5645374200752732,0.1263623001039824,0.3225663733208146,0.06620629651206435,0.4356890852153419,0.22533386536408861,2.0,0.0,2,2,2.0,0.0,2,2,10.155472699208882,3.193465838496121,27.56434156292818,3.3380543269597514,11.767549040304745,2.4451512486114617,14.802310781084932,6.666803920155738,-0.44181818181818183,0.49660333872524237,0.0,-1.0,-0.8181818181818182,0.385694607919935,0.0,-1.0,2.650074,1.136241,8.125955,0.5422028,3.1509879,0.77357495,4.587077,2.0832286,-265.00742,1144004,290000,2900,10.024151890305802,2.921486502047628,3.1288938057841733,16.074532198137604,4678.0375650783535,289
7.28981,7.805803,360.30853,-362.3543,242.11713,-21.54486,-768.1195,-362.0327,242.10551,-21.161678,-770.00195,-362.0497,241.70258,-20.764444,-768.74286,7.28981,23.307898,238.48816,7.543713e-06,7.8058023,21.532492,214.32556,4.4260174e-05,0.061435882,0.8782052,1.0,-1.0,-2.7405367,0.69632715,-1.418511,-6.6075964,-274.05368,55.305965,-174.4204,-362.32556,-0.025265794,0.6838017,1.0,-1.0,10,-6.08065828085217,1.2921972133416058,-3.073686213788295,-9.045509377365978,-608.0658280852169,105.55941657803265,-393.1318530502716,-773.9034477910662,0.19856177688788332,0.6935129148989755,1.0,-1.0,0.22952534327999935,0.06881163323220711,0.32398613915579205,0.07788807770749752,0.24985514289401314,0.06376707493968682,0.32004088664054925,0.1255521631405147,0.26,0.4386342439892262,1.0,0.0,0.2727272727272727,0.4453617714151233,1.0,0.0,0.0,0.0,0.0,0.0,0.0,0.0,0.0,0.0,0.0,0.0,0.0,0.0,0.0,0.0,0.0,0.0,0.0,0.0,0.0,0.0,0.0,0.0,0.0,0.0,0.10651763468731354,0.07802240049239964,0.26971177017906134,0.004363869323751374,0.11907022560161785,0.07356694014932028,0.2618555285040702,0.0215670789584529,0.20464724465518017,0.06401364002992793,0.29638762264158713,0.11587454649224814,0.20464722086272033,0.06401363600015424,0.29638505055002273,0.11587454649224814,0.31116487934249365,0.11511025676709143,0.5479804864663369,0.15306558543357657,0.32371744646433825,0.10443703064205911,0.5463955258030737,0.2097630433672935,2.0,0.0,2,2,2.0,0.0,2,2,9.84823147526327,2.7634412453867303,26.461011775352,4.9341577913907635,10.794292130136203,3.1177140865276445,15.172161824381558,5.3748814172876305,-0.45636363636363636,0.4980922281752598,0.0,-1.0,-0.5454545454545454,0.49792959773196915,0.0,-1.0,2.7405367,0.69632715,6.607597,1.4185112,3.0196166,0.6693595,3.978778,1.8594116,-274.05368,1148004,291000,2910,9.859835634357296,2.9799831149866804,3.136671165586449,15.976489914930426,4693.946639083326,290
15.028557,13.679253,360.45178,-361.0133,237.30927,-9.193359,-735.67786,-361.109,237.70038,-10.100236,-735.2747,-362.72107,237.97577,-10.495739,-737.09985,15.028557,31.551699,208.07059,1.4901161e-08,13.679253,28.178614,209.01678,8.011761e-06,0.034830205,0.8694321,1.0,-1.0,-3.3728251,1.2364677,-1.6403109,-8.203135,-337.28253,109.10467,-183.71872,-505.2261,0.11153458,0.57504076,1.0,-1.0,10,-5.894163112878295,1.0273306593437896,-3.8328841869467496,-10.144620172582632,-589.4163112878293,82.10112995534175,-490.78167490094427,-772.9204392769091,0.03425583333098234,0.7363026810853786,1.0,-1.0,0.21277654661320458,0.06255776503923692,0.3334584976238931,0.09122849475701861,0.21921697396482542,0.07053768012812811,0.3311097516418863,0.09144197180976547,0.2872727272727273,0.4524898976087936,1.0,0.0,0.09090909090909091,0.2874797872880344,1.0,0.0,0.0,0.0,0.0,0.0,0.0,0.0,0.0,0.0,0.0,0.0,0.0,0.0,0.0,0.0,0.0,0.0,0.0,0.0,0.0,0.0,0.0,0.0,0.0,0.0,0.09963672402316144,0.06084804116092985,0.26775858304958394,0.003774685378397621,0.13965606509690331,0.07132675302521822,0.2648256222039112,0.013434849351480864,0.22520297885421295,0.04247893287145077,0.29339137903555673,0.1497087237055912,0.2252029639757799,0.04247893924450818,0.2933913787347054,0.1497087237055912,0.3248397028773744,0.07946709754962089,0.5078969380423177,0.1655138891332086,0.3648590290726832,0.07988623553495694,0.504963977196645,0.22627054949577585,2.0,0.0,2,2,2.0,0.0,2,2,10.874330991322962,3.49661634664435,27.29026792774044,4.6636388265987785,12.871368461698738,4.04076948125475,17.66113904515121,5.77272218410348,-0.6054545454545455,0.4887528402403153,0.0,-1.0,-0.8181818181818182,0.385694607919935,0.0,-1.0,3.3728251,1.2364677,8.203134,1.6403109,4.01956,1.2392982,5.6767616,1.7211326,-337.28253,1152004,292000,2920,10.093944231513888,2.913824236020446,3.1344993516104296,16.142267819144763,4710.089641616447,291
21.459085,20.88179,365.6609,-366.40433,246.5045,-16.083914,-743.85114,-366.366,246.58218,-16.08794,-746.18134,-366.32205,246.27043,-16.226202,-741.03577,21.459085,97.92801,866.5017,0.0007644631,20.881788,91.32429,883.61774,8.381903e-05,0.11488663,0.8509057,1.0,-1.0,-3.1584122,0.9848005,-0.9431968,-6.3208623,-315.84122,75.7111,-226.28622,-427.3152,0.05244302,0.6782437,1.0,-1.0,10,-5.907197791878343,1.049450204622355,-4.044753413122745,-8.918564157519718,-590.7197791878342,82.09116535930178,-463.0036589719621,-747.1080655446556,0.11008711454188089,0.709223410074335,1.0,-1.0,0.24630828683834136,0.08004537498108663,0.3906623942204855,0.09638506509696537,0.24618079504038023,0.05763888356050804,0.3759160784511907,0.1609471747458314,0.2827272727272727,0.45032495154440544,1.0,0.0,0.09090909090909091,0.2874797872880344,1.0,0.0,0.0,0.0,0.0,0.0,0.0,0.0,0.0,0.0,0.0,0.0,0.0,0.0,0.0,0.0,0.0,0.0,0.0,0.0,0.0,0.0,0.0,0.0,0.0,0.0,0.11546869621668462,0.07369330021642528,0.30464148557187837,0.008589035865799085,0.1498231583221955,0.07826054961269129,0.3018616788693497,0.02793100888905367,0.21463162545299294,0.10474227851154232,0.39187535596234246,0.0961765635714967,0.21463161073714465,0.10474227309631282,0.39187437191220753,0.0961765635714967,0.33010032166967757,0.123272671801492,0.6413567339307509,0.11350729604751884,0.3644547690593402,0.12650566251480108,0.6385769272282222,0.18449854880580996,2.0,0.0,2,2,2.0,0.0,2,2,10.477852833815817,2.8883766563748106,26.165731512319294,5.6009624591716705,12.219666568170531,3.1045851193857423,19.104585583346704,8.308460226888712,-0.47545454545454546,0.4993971572417659,0.0,-1.0,-0.7272727272727273,0.4453617714151233,0.0,-1.0,3.1584122,0.9848005,6.3208623,0.9431968,3.8076372,1.0070236,5.347274,2.4311597,-315.84122,1156004,293000,2930,9.954791418160312,2.9129859280074015,3.137304323259741,16.005081669427454,4726.103295474895,292
17.866169,16.568031,358.9523,-360.71942,237.92413,-22.223583,-750.65045,-360.53613,237.80951,-22.03701,-749.3391,-360.96774,237.70036,-22.725487,-751.30273,17.866169,82.54139,781.5035,7.094443e-05,16.568035,64.004555,553.63214,2.6906491e-08,0.07117159,0.8670951,1.0,-1.0,-3.314369,1.0487683,-1.3059549,-7.368224,-331.4369,82.514656,-232.68121,-539.12665,0.11673973,0.639814,1.0,-1.0,10,-5.817715233563865,1.02726896370233,-3.273433121747632,-8.56410099242989,-581.7715233563865,68.65136434097641,-432.409834314357,-710.6961884693428,0.07961829481412183,0.6949124429267932,1.0,-1.0,0.23361259503362217,0.10269431281012821,0.4604595564007381,0.09394778465108852,0.24186217372872926,0.11095222324364518,0.4590219968737981,0.1193415438178943,0.34545454545454546,0.4755162483862553,1.0,0.0,0.18181818181818182,0.38569460791993493,1.0,0.0,0.0,0.0,0.0,0.0,0.0,0.0,0.0,0.0,0.0,0.0,0.0,0.0,0.0,0.0,0.0,0.0,0.0,0.0,0.0,0.0,0.0,0.0,0.0,0.0,0.09931858113559942,0.06157804742242712,0.2838312435967196,0.006554636450664047,0.14945516250041113,0.07308194617468675,0.2838312435967196,0.038008109706952696,0.19171342001824226,0.11090129645380797,0.4055684180105483,0.06923858981683952,0.19171340762334818,0.1109012943871531,0.4055664279750808,0.06923858981683952,0.2910320011538417,0.10842235663565826,0.5583656492107079,0.08917763310789396,0.34116857012375934,0.10585175543481773,0.48660360771263045,0.18703134550974948,2.0,0.0,2,2,2.0,0.0,2,2,11.622257903556719,3.7481061158086044,24.109127460626315,5.299999637294787,13.879653579671862,4.069087315974054,22.928554932565103,7.59110347578056,-0.6027272727272728,0.48933332958017123,0.0,-1.0,-0.8181818181818182,0.385694607919935,0.0,-1.0,3.314369,1.0487683,7.368224,1.3059549,4.0146217,1.2492815,7.053028,2.348553,-331.4369,1160004,294000,2940,9.827765611000359,2.9221374420449138,3.1286583868786693,15.878561439923942,4741.990507448674,293
9.576484,9.823996,369.44122,-371.55267,245.92093,-14.770975,-741.4181,-372.4261,246.35728,-15.179516,-742.4089,-371.42773,245.61774,-14.008261,-737.73505,9.576484,20.069494,168.83739,7.543713e-08,9.823996,18.561527,115.360504,6.1992556e-05,0.09337296,0.8707151,1.0,-1.0,-3.234217,1.2596176,-0.795911,-6.1762233,-323.42166,114.345924,-193.81042,-518.33374,0.30944425,0.6498418,1.0,-1.0,10,-6.41782818986726,0.7294568021361706,-5.224072634170737,-8.524643215737056,-641.7828189867262,52.132731112589006,-575.7108483333249,-743.5629204308149,0.14903361569572857,0.6964530978211239,1.0,-1.0,0.22542433371907458,0.09531269507460811,0.40430559781716324,0.07827808501235956,0.22337961077352225,0.09172838106468478,0.35235593959108674,0.08308723035749829,0.25545454545454543,0.436116407236826,1.0,0.0,0.09090909090909091,0.28747978728803447,1.0,0.0,0.0,0.0,0.0,0.0,0.0,0.0,0.0,0.0,0.0,0.0,0.0,0.0,0.0,0.0,0.0,0.0,0.0,0.0,0.0,0.0,0.0,0.0,0.0,0.0,0.10824822158904797,0.05980336178589596,0.26745153586654147,0.005910001731970454,0.12661655799922109,0.044746115557323364,0.21081829839291946,0.05269344887727912,0.187044822808789,0.06865492812107872,0.2921845915453215,0.06225114268190081,0.1870539055011319,0.06863838939288787,0.29218156126616057,0.062399364668121744,0.295293044397837,0.08747847841377665,0.44385003674368173,0.12512740824694785,0.31367046350035294,0.07320982922462592,0.4232463154777347,0.18978296928335614,2.0,0.0,2,2,2.0,0.0,2,2,11.27712460311056,2.701258877011323,26.052325131396973,4.860670018983872,12.184687701447945,3.057567363539442,17.121671022660948,7.860386913494442,-0.5836363636363636,0.4929553313208875,0.0,-1.0,-0.6363636363636364,0.48104569292083466,0.0,-1.0,3.234217,1.2596176,6.1762233,0.795911,3.6906435,1.3995936,6.1762233,1.809352,-323.42166,1164004,295000,2950,9.868768197484314,2.931615913985297,3.129995724768378,15.93037983623799,4757.925834034919,294
19.200394,19.45393,361.94736,-364.05298,243.3076,-20.405079,-750.6349,-363.68826,243.10294,-20.386774,-751.85925,-362.98755,242.71127,-20.836916,-754.15735,19.200394,57.215294,493.5915,0.00040108716,19.45393,56.968388,545.515,0.0002579196,0.06998262,0.8785167,1.0,-1.0,-2.9726515,1.2014561,-0.79167444,-8.275573,-297.2651,95.06263,-107.08144,-453.7489,0.18885337,0.6144784,1.0,-1.0,10,-5.816934137783376,0.9133221972068594,-3.4700672461776993,-8.347805791589574,-581.6934137783375,55.19015857512821,-444.74388036497004,-648.5243488776608,0.14938154504274093,0.6945315772060247,1.0,-1.0,0.25514401310006923,0.08905633269234016,0.4060688632939102,0.0939421943482624,0.2653437754752819,0.10098475757827606,0.39462863945032617,0.10605331225627439,0.31636363636363635,0.4650566481090376,1.0,0.0,0.18181818181818182,0.385694607919935,1.0,0.0,0.0,0.0,0.0,0.0,0.0,0.0,0.0,0.0,0.0,0.0,0.0,0.0,0.0,0.0,0.0,0.0,0.0,0.0,0.0,0.0,0.0,0.0,0.0,0.0,0.09642421932427252,0.05982420070429647,0.2923886044485655,0.0036256857464512294,0.1360021826989106,0.08011224465421131,0.28708992502716046,0.029423128337463206,0.22561758095447337,0.05777331687491615,0.3433944154587252,0.13501455548135793,0.22561756426141766,0.0577733082623269,0.3433917319578414,0.13501455548135796,0.32204180027874585,0.07647739246604898,0.549726700644761,0.14299391504397507,0.36161974696032834,0.08490323506477784,0.544428021223356,0.2459892354754844,2.0,0.0,2,2,2.0,0.0,2,2,10.29787558989318,3.6129054585569507,27.82854188015789,4.053064020070268,12.720725555118944,4.04247526614836,18.9634270315989,4.932801804340748,-0.48363636363636364,0.4997321596665144,0.0,-1.0,-0.7272727272727273,0.4453617714151233,0.0,-1.0,2.9726515,1.2014561,8.275573,0.7916745,3.726998,1.5080299,6.3357344,1.0013964,-297.2651,1168004,296000,2960,10.060626196675003,2.936331458040513,3.171714178402908,16.168671833118424,4774.059797208989,295
8.977172,10.239727,352.8935,-354.16,238.74965,-13.734114,-738.4936,-354.11337,239.1219,-12.971848,-739.282,-353.82227,238.42493,-14.196312,-741.30835,8.977171,19.261728,117.79284,0.00072861114,10.239726,21.424374,120.22679,0.0008618869,-0.0011781156,0.8641394,1.0,-1.0,-2.8728893,1.0937072,-0.5862198,-7.975972,-287.28894,88.87027,-137.4254,-418.152,-0.022540249,0.6770648,1.0,-1.0,10,-6.163842801213039,1.0641989228918178,-3.552438847114602,-8.936999612334876,-616.384280121304,75.77920745348956,-504.0833279325449,-750.2078784268326,0.09585727205172972,0.6955093766481981,1.0,-1.0,0.19922893337172234,0.08506119110555718,0.3621019436767288,0.07677135563584706,0.21095886702727248,0.09967077051164921,0.3621019436767288,0.07787211969663772,0.30454545454545456,0.46021464629144193,1.0,0.0,0.2727272727272727,0.4453617714151233,1.0,0.0,0.0,0.0,0.0,0.0,0.0,0.0,0.0,0.0,0.0,0.0,0.0,0.0,0.0,0.0,0.0,0.0,0.0,0.0,0.0,0.0,0.0,0.0,0.0,0.0,0.09421089060261202,0.047991292668872365,0.20802908863298986,0.008924553875947141,0.11751918608619218,0.053926450216978804,0.19193408293068706,0.03774230857681521,0.22439487239776304,0.08859623444235916,0.41167513705871317,0.07579875658400463,0.21501543146423974,0.09640705730833968,0.41167313083537377,0.07579875658400463,0.3186057630003751,0.11769584140486161,0.6197022194683637,0.15497633261742624,0.33253461755043195,0.11585863637532895,0.6036072137660609,0.16135406886275658,2.0,0.0,2,2,2.0,0.0,2,2,9.973810112043187,3.0289894052182382,27.120342967803204,3.8599073880358534,12.077151274948193,3.372371669328498,20.36103885154652,8.089201843614953,-0.4572727272727273,0.49817103505251004,0.0,-1.0,-0.7272727272727273,0.4453617714151233,0.0,-1.0,2.8728893,1.0937072,7.975972,0.5862198,3.486265,1.0817574,5.3633294,1.750377,-287.28894,1172004,297000,2970,9.973940962925553,2.9033748579677194,3.138878956087865,16.016194776981138,4790.23314227385,296
10.10762,10.840731,365.56378,-366.5541,240.81635,-26.487738,-732.3374,-366.12274,240.96098,-25.1288,-731.5656,-367.09357,241.04741,-25.734274,-732.13965,10.10762,18.457348,121.48657,0.00027440992,10.840731,24.552374,191.95879,1.0024814e-05,-0.04515615,0.8765151,1.0,-1.0,-3.7358735,0.8051348,-1.4160641,-7.462809,-373.5874,65.245346,-227.00745,-459.039,0.18159936,0.624835,1.0,-1.0,10,-5.671429593093979,0.8974860245391798,-3.940234485223486,-8.492871010936744,-567.142959309398,63.498570717370846,-443.7474300574286,-675.3935661529014,0.08676266543741146,0.6790865249944278,1.0,-1.0,0.20540262914156038,0.06006064223163887,0.3144038222510469,0.07701405233586199,0.20093996195761685,0.0626530265340362,0.2889502794292488,0.09851426069655612,0.1781818181818182,0.3826657259949467,1.0,0.0,0.09090909090909091,0.2874797872880344,1.0,0.0,0.0,0.0,0.0,0.0,0.0,0.0,0.0,0.0,0.0,0.0,0.0,0.0,0.0,0.0,0.0,0.0,0.0,0.0,0.0,0.0,0.0,0.0,0.0,0.0,0.12340012780225038,0.07192824673490578,0.2827862732015418,0.00979309656417371,0.15936858101022056,0.06704150914435363,0.2621604667028827,0.028139610308232064,0.23319019074286954,0.07211041708430802,0.3533667137422206,0.12404897621774315,0.2331901803269629,0.07211041812750495,0.35336671339440395,0.12404897621774315,0.3565903185451199,0.09232661832169,0.5630924222240015,0.2022232155957845,0.3925587613371835,0.09194698799024374,0.5588714569962658,0.25697309579306293,2.0,0.0,2,2,2.0,0.0,2,2,11.212462031294232,2.693345946212294,26.601119557399002,6.3421767918479075,13.121302236738806,1.961393981967379,16.526469163331168,10.260390687998074,-0.6663636363636364,0.47151154863467315,0.0,-1.0,-1.0,0.0,-1.0,-1.0,3.7358735,0.8051348,7.4628086,1.4160641,4.269041,0.39903304,5.0239267,3.653934,-373.5874,1176004,298000,2980,9.852130219805986,3.0613370010396466,3.1200531744398177,16.03352039528545,4806.129020261113,297
10.645905,11.752874,368.8396,-371.03412,246.44386,-19.13983,-737.35254,-370.6654,246.07559,-18.584385,-738.56805,-370.3304,246.06943,-17.530094,-737.22644,10.6459055,30.003578,208.87297,7.212162e-06,11.752874,26.909494,180.61562,3.651157e-05,0.026787428,0.8643782,1.0,-1.0,-2.7837029,1.1392055,-0.71207494,-7.621168,-278.37033,96.57061,-153.07053,-510.76086,0.16359428,0.61355615,1.0,-1.0,10,-5.689592010882017,0.83538455985719,-4.024092065583627,-8.34014746627891,-568.9592010882018,48.68830861076639,-502.74255212202644,-683.6173176936742,0.04794582419432281,0.6829725330424856,1.0,-1.0,0.2276511789596014,0.09165624957722192,0.402256971843047,0.0857539993811908,0.2440315434808715,0.10112112375239714,0.40145693140199284,0.08629685957832729,0.2545454545454545,0.4356054018440342,1.0,0.0,0.09090909090909091,0.2874797872880344,1.0,0.0,0.0,0.0,0.0,0.0,0.0,0.0,0.0,0.0,0.0,0.0,0.0,0.0,0.0,0.0,0.0,0.0,0.0,0.0,0.0,0.0,0.0,0.0,0.0,0.0,0.11827041069226539,0.08553668091175265,0.323974554148392,0.006379344643610396,0.14094997015973584,0.08999855578363967,0.323974554148392,0.04427691965423113,0.2110334660558213,0.08915564335261457,0.3678661634711994,0.08537073188244061,0.21103344999608084,0.08915563861700035,0.3678643353422838,0.08537073188244061,0.32930387674808664,0.14572806817161724,0.5984871820138606,0.09175007652605101,0.3519834201558167,0.14357491961594634,0.5974181435067383,0.12964765153667174,2.0,0.0,2,2,2.0,0.0,2,2,10.061876724154644,3.156130511170032,27.21430860501336,3.1019112065644667,11.692486914381833,3.0261520532877015,15.98410927537665,5.978834898503234,-0.44636363636363635,0.49711481621036785,0.0,-1.0,-0.7272727272727273,0.4453617714151233,0.0,-1.0,2.7837029,1.1392056,7.621168,0.71207494,3.2941651,1.2472682,5.4812207,1.4295844,-278.37033,1180004,299000,2990,9.900608434923925,2.922982088988647,3.134241803898476,15.957832327811047,4822.227835411788,298
9.846805,7.8322935,354.09906,-355.03857,233.87915,-19.711323,-721.5366,-354.9787,233.51425,-19.578331,-721.5763,-354.76917,233.48668,-17.150938,-719.3905,9.846806,18.851213,116.64501,5.9604645e-06,7.8322935,14.346408,120.76647,1.3579207e-05,-0.023170885,0.8646361,1.0,-1.0,-2.7237542,1.066951,-0.756659,-6.951473,-272.37543,76.74277,-147.66093,-395.74478,0.22271073,0.5977099,1.0,-1.0,10,-6.05787378202983,1.0400198297393501,-3.953352515487451,-8.721847048341235,-605.787378202983,79.40550081650369,-473.81500393854185,-735.8529480786138,0.13295227764653852,0.7058565549751925,1.0,-1.0,0.2149236297553478,0.07871152409723878,0.3948082666137293,0.08248950218752188,0.2551781699990959,0.08524720755015602,0.3947558051566803,0.09049615974117005,0.2927272727272727,0.45501430365311113,1.0,0.0,0.18181818181818182,0.385694607919935,1.0,0.0,0.0,0.0,0.0,0.0,0.0,0.0,0.0,0.0,0.0,0.0,0.0,0.0,0.0,0.0,0.0,0.0,0.0,0.0,0.0,0.0,0.0,0.0,0.0,0.0,0.1132671919660611,0.0798209069477634,0.30528813554181744,0.005702294210537317,0.16418544285658582,0.0803913568000076,0.3029802165554052,0.03217493903326662,0.16067282171443548,0.05732347467864085,0.27604181691848917,0.08256962845944417,0.16119175032074484,0.056837196797700495,0.2760391652970849,0.08256962845944417,0.2739400136804966,0.10355993716928562,0.5289315527985636,0.10375837787329685,0.32537719317733066,0.09981970621012194,0.5266236338121513,0.1680632637121188,2.0,0.0,2,2,2.0,0.0,2,2,11.333726084005269,3.55801911373417,26.17838753354013,4.559271746888549,14.19712464588731,3.180905441232416,18.47114024403064,8.584179362790856,-0.5427272727272727,0.49817103505251004,0.0,-1.0,-0.8181818181818182,0.385694607919935,0.0,-1.0,2.7237542,1.066951,6.951473,0.756659,3.6258135,0.9623285,4.7644434,1.6053492,-272.37543,1184004,300000,3000,9.918293044553138,3.0643755130004138,3.1249083232833073,16.10757688083686,4838.134619221673,299
8.810319,9.822168,354.28574,-356.16992,243.55745,-13.846638,-729.21564,-356.64807,243.42198,-13.939534,-730.5432,-355.99725,243.22426,-14.277884,-731.3705,8.810319,20.390654,158.42734,0.0043371357,9.822168,22.469717,164.76599,4.5076013e-05,0.0032233149,0.8664211,1.0,-1.0,-2.793295,1.0400753,-1.0310113,-7.795794,-279.32947,80.60029,-157.71692,-464.92792,0.13107191,0.62734956,1.0,-1.0,10,-5.685447171830058,0.8360322536527959,-3.508511282878316,-7.962017637476006,-568.5447171830058,47.427340551399645,-485.94266204473803,-636.7081186667651,0.07347530704295958,0.7040542307808081,1.0,-1.0,0.2197964628181479,0.0876564379221282,0.39338120866039,0.03657868661773004,0.2155087459433778,0.0976510714515929,0.3931051760417773,0.04260167863658136,0.2009090909090909,0.4006802067724004,1.0,0.0,0.09090909090909091,0.2874797872880344,1.0,0.0,0.0,0.0,0.0,0.0,0.0,0.0,0.0,0.0,0.0,0.0,0.0,0.0,0.0,0.0,0.0,0.0,0.09090909090909091,0.28747978728803447,1.0,0.0,0.09090909090909091,0.28747978728803447,1.0,0.0,0.10415250931711824,0.05058507125125966,0.22997304727630025,0.0037717662298157074,0.12484996651281256,0.04908837008171754,0.20637357328440595,0.03295228116515072,0.2071238265760095,0.05670408455172156,0.3030990828762656,0.08871080960658091,0.20815516398573308,0.054751719651784346,0.3030963523684581,0.11184631114538003,0.31127633589312775,0.08307057810351014,0.5009315820160086,0.17042339558372543,0.3330051304985456,0.08697412402386175,0.4773321080241143,0.19739119907109903,2.0,0.0,2,2,2.0,0.0,2,2,9.934181239710417,3.1668748916734497,27.649873865863377,3.4102498327202695,11.035840740014102,3.2637378748108925,16.587237720896592,6.759258960814153,-0.4354545454545454,0.4958163816348958,0.0,-1.0,-0.5454545454545454,0.49792959773196915,0.0,-1.0,2.793295,1.0400753,7.7957945,1.0310113,3.1712952,1.0034447,4.777233,1.8351709,-279.32947,1188004,301000,3010,9.951819945592433,2.8634529350092635,3.138497445383109,15.953770325984806,4854.23923162173,300
12.9598055,13.271107,349.28607,-350.68066,235.32883,-15.189572,-774.0084,-349.84296,234.96536,-14.035556,-773.6085,-350.24164,235.48427,-14.661576,-766.70386,12.959806,29.569527,197.83545,0.0012319419,13.271108,28.966473,224.01779,0.006986257,0.0639745,0.8688536,1.0,-1.0,-2.6942,0.7791039,-0.90334636,-7.0265174,-269.42,51.239746,-195.53325,-368.27332,0.12024661,0.6721151,1.0,-1.0,10,-6.028427125897643,1.11801276237728,-3.595465130072874,-9.061445965824063,-602.8427125897641,95.45767236179596,-439.1548848997867,-743.5239463469424,0.06589730872748074,0.6773186478064281,1.0,-1.0,0.20174408693701484,0.09800204199058517,0.4340318482485154,0.0780188082251895,0.20675938568380217,0.09663506041986673,0.3435300967570896,0.07871058125353385,0.1809090909090909,0.3849428421669082,1.0,0.0,0.09090909090909091,0.2874797872880344,1.0,0.0,0.0,0.0,0.0,0.0,0.0,0.0,0.0,0.0,0.0,0.0,0.0,0.0,0.0,0.0,0.0,0.0,0.0,0.0,0.0,0.0,0.0,0.0,0.0,0.0,0.08899786207959874,0.0328064137760852,0.2171930382297878,0.0072684874276439946,0.10009262269216014,0.023844984720639863,0.13916682623701074,0.0580108099752516,0.18800359809035802,0.0765349559987023,0.3820317806482695,0.1078372168742898,0.18782790131403768,0.07663675533585462,0.3820304067624075,0.1078372168742898,0.27700146016995675,0.07314578909860495,0.5757225650658693,0.18020862515308878,0.28792052400619783,0.06680574870229236,0.4400412167376591,0.2076602589746832,2.0,0.0,2,2,2.0,0.0,2,2,11.17317463996277,2.5830640633902697,26.995644628568456,5.351143848228066,13.302187278270868,2.3094800721486686,16.7913527479164,8.793270993410387,-0.6727272727272727,0.46921774183868875,0.0,-1.0,-0.9090909090909091,0.28747978728803447,0.0,-1.0,2.6942,0.7791039,7.0265174,0.90334636,3.2002265,0.5767893,4.096109,2.3591776,-269.42,1192004,302000,3020,9.981942056445405,3.01531484501902,3.133890895987861,16.131147797452286,4882.006786483107,301
