2025-08-25 16:04:16.741266 +07 | [08-25-rlkit-pick-and-place-p3-vae-rig_2025_08_25_15_54_12_0000--s-48344] Iteration #0 | Skipping eval for now.
2025-08-25 16:04:16.741604 +07 | [08-25-rlkit-pick-and-place-p3-vae-rig_2025_08_25_15_54_12_0000--s-48344] Iteration #0 | Epoch Duration: 4.501943349838257
2025-08-25 16:04:16.741852 +07 | [08-25-rlkit-pick-and-place-p3-vae-rig_2025_08_25_15_54_12_0000--s-48344] Iteration #0 | Started Training: False
2025-08-25 16:04:38.487933 +07 | [08-25-rlkit-pick-and-place-p3-vae-rig_2025_08_25_15_54_12_0000--s-48344] Iteration #1 | Skipping eval for now.
2025-08-25 16:04:38.488066 +07 | [08-25-rlkit-pick-and-place-p3-vae-rig_2025_08_25_15_54_12_0000--s-48344] Iteration #1 | Epoch Duration: 4.101637840270996
2025-08-25 16:04:38.488246 +07 | [08-25-rlkit-pick-and-place-p3-vae-rig_2025_08_25_15_54_12_0000--s-48344] Iteration #1 | Started Training: False
2025-08-25 16:04:42.458870 +07 | [08-25-rlkit-pick-and-place-p3-vae-rig_2025_08_25_15_54_12_0000--s-48344] Iteration #2 | Skipping eval for now.
2025-08-25 16:04:42.459001 +07 | [08-25-rlkit-pick-and-place-p3-vae-rig_2025_08_25_15_54_12_0000--s-48344] Iteration #2 | Epoch Duration: 3.9706785678863525
2025-08-25 16:04:42.459057 +07 | [08-25-rlkit-pick-and-place-p3-vae-rig_2025_08_25_15_54_12_0000--s-48344] Iteration #2 | Started Training: False
2025-08-25 16:04:46.536417 +07 | [08-25-rlkit-pick-and-place-p3-vae-rig_2025_08_25_15_54_12_0000--s-48344] Iteration #3 | Collecting samples for evaluation
--------------------------------  ---------------
QF1 Loss                             71.5159
QF2 Loss                             71.4084
Policy Loss                           0.0230567
Q1 Predictions Mean                   0.00343398
Q1 Predictions Std                    0.00204837
Q1 Predictions Max                    0.0102051
Q1 Predictions Min                    0.000181339
Q2 Predictions Mean                  -0.00353044
Q2 Predictions Std                    0.00184672
Q2 Predictions Max                    0.000191697
Q2 Predictions Min                   -0.0100186
Q Targets Mean                       -7.57866
Q Targets Std                         3.74532
Q Targets Max                        -0.00230865
Q Targets Min                       -18.3533
Bellman Errors 1 Mean                71.5159
Bellman Errors 1 Std                 62.4462
Bellman Errors 1 Max                336.962
Bellman Errors 1 Min                  1.13312e-05
Bellman Errors 2 Mean                71.4084
Bellman Errors 2 Std                 62.3797
Bellman Errors 2 Max                336.725
Bellman Errors 2 Min                  6.72899e-08
Policy Action Mean                    0.0015777
Policy Action Std                     0.00218357
Policy Action Max                     0.0100712
Policy Action Min                    -0.00441795
Test Rewards Mean                    -6.09694
Test Rewards Std                      1.02317
Test Rewards Max                     -3.217
Test Rewards Min                     -8.31807
Test Returns Mean                  -609.694
Test Returns Std                     95.5266
Test Returns Max                   -395.446
Test Returns Min                   -731.54
Test Actions Mean                     0.0285144
Test Actions Std                      0.011011
Test Actions Max                      0.0556941
Test Actions Min                      0.0047747
Num Paths                            10
Exploration Rewards Mean             -9.67296
Exploration Rewards Std               3.43775
Exploration Rewards Max              -4.48373
Exploration Rewards Min             -20.8251
Exploration Returns Mean           -967.296
Exploration Returns Std             189.058
Exploration Returns Max            -720.461
Exploration Returns Min           -1317.68
Exploration Actions Mean             -0.0382648
Exploration Actions Std               0.352444
Exploration Actions Max               1
Exploration Actions Min              -1
touch_distance Mean                   0.317916
touch_distance Std                    0.052314
touch_distance Max                    0.410122
touch_distance Min                    0.181718
Final touch_distance Mean             0.352634
Final touch_distance Std              0.0446609
Final touch_distance Max              0.410122
Final touch_distance Min              0.257509
hand_success Mean                     0
hand_success Std                      0
hand_success Max                      0
hand_success Min                      0
Final hand_success Mean               0
Final hand_success Std                0
Final hand_success Max                0
Final hand_success Min                0
obj_success Mean                      0
obj_success Std                       0
obj_success Max                       0
obj_success Min                       0
Final obj_success Mean                0
Final obj_success Std                 0
Final obj_success Max                 0
Final obj_success Min                 0
hand_and_obj_success Mean             0
hand_and_obj_success Std              0
hand_and_obj_success Max              0
hand_and_obj_success Min              0
Final hand_and_obj_success Mean       0
Final hand_and_obj_success Std        0
Final hand_and_obj_success Max        0
Final hand_and_obj_success Min        0
touch_success Mean                    0
touch_success Std                     0
touch_success Max                     0
touch_success Min                     0
Final touch_success Mean              0
Final touch_success Std               0
Final touch_success Max               0
Final touch_success Min               0
hand_distance Mean                    0.220632
hand_distance Std                     0.0677193
hand_distance Max                     0.385046
hand_distance Min                     0.127935
Final hand_distance Mean              0.228245
Final hand_distance Std               0.077379
Final hand_distance Max               0.385046
Final hand_distance Min               0.140297
obj_distance Mean                     0.289471
obj_distance Std                      0.0611038
obj_distance Max                      0.412967
obj_distance Min                      0.205123
Final obj_distance Mean               0.289471
Final obj_distance Std                0.0611038
Final obj_distance Max                0.412965
Final obj_distance Min                0.205123
hand_and_obj_distance Mean            0.510104
hand_and_obj_distance Std             0.121006
hand_and_obj_distance Max             0.762216
hand_and_obj_distance Min             0.333057
Final hand_and_obj_distance Mean      0.517716
Final hand_and_obj_distance Std       0.1286
Final hand_and_obj_distance Max       0.762216
Final hand_and_obj_distance Min       0.34542
total_pickups Mean                    0
total_pickups Std                     0
total_pickups Max                     0
total_pickups Min                     0
Final total_pickups Mean              0
Final total_pickups Std               0
Final total_pickups Max               0
Final total_pickups Min               0
image_dist Mean                      20.9077
image_dist Std                        3.84002
image_dist Max                       28.812
image_dist Min                       15.7365
Final image_dist Mean                21.0018
Final image_dist Std                  3.73294
Final image_dist Max                 27.88
Final image_dist Min                 16.4015
image_success Mean                   -1
image_success Std                     0
image_success Max                    -1
image_success Min                    -1
Final image_success Mean             -1
Final image_success Std               0
Final image_success Max              -1
Final image_success Min              -1
vae_mdist Mean                    10192.5
vae_mdist Std                      4205.29
vae_mdist Max                     22639.5
vae_mdist Min                      2354
Final vae_mdist Mean               8166.66
Final vae_mdist Std                3047.97
Final vae_mdist Max               14790.5
Final vae_mdist Min                2476.2
vae_success Mean                      0
vae_success Std                       0
vae_success Max                       0
vae_success Min                       0
Final vae_success Mean                0
Final vae_success Std                 0
Final vae_success Max                 0
Final vae_success Min                 0
vae_dist Mean                         6.09694
vae_dist Std                          1.02317
vae_dist Max                          8.31807
vae_dist Min                          3.217
Final vae_dist Mean                   6.20173
Final vae_dist Std                    1.40088
Final vae_dist Max                    8.31807
Final vae_dist Min                    3.31328
AverageReturn                      -609.694
Number of train steps total           4
Number of env steps total          4000
Number of rollouts total             40
Train Time (s)                        0.0317167
(Previous) Eval Time (s)              0.0818715
Sample Time (s)                       3.96843
Epoch Time (s)                        4.08201
Total Train Time (s)                 38.5933
Epoch                                 3
--------------------------------  ---------------
2025-08-25 16:04:50.863630 +07 | [08-25-rlkit-pick-and-place-p3-vae-rig_2025_08_25_15_54_12_0000--s-48344] Iteration #3 | Epoch Duration: 8.40449070930481
2025-08-25 16:04:50.863737 +07 | [08-25-rlkit-pick-and-place-p3-vae-rig_2025_08_25_15_54_12_0000--s-48344] Iteration #3 | Started Training: True
2025-08-25 16:05:11.126341 +07 | [08-25-rlkit-pick-and-place-p3-vae-rig_2025_08_25_15_54_12_0000--s-48344] Iteration #4 | Collecting samples for evaluation
--------------------------------  ---------------
QF1 Loss                             87.5518
QF2 Loss                             86.3305
Policy Loss                           0.238464
Q1 Predictions Mean                  -0.157973
Q1 Predictions Std                    0.0698831
Q1 Predictions Max                   -0.0587176
Q1 Predictions Min                   -0.391276
Q2 Predictions Mean                  -0.223394
Q2 Predictions Std                    0.0939922
Q2 Predictions Max                   -0.0860008
Q2 Predictions Min                   -0.508299
Q Targets Mean                       -8.2093
Q Targets Std                         4.80345
Q Targets Max                        -0.00180462
Q Targets Min                       -29.4292
Bellman Errors 1 Mean                87.5518
Bellman Errors 1 Std                111.41
Bellman Errors 1 Max                846.865
Bellman Errors 1 Min                  0.00557005
Bellman Errors 2 Mean                86.3305
Bellman Errors 2 Std                110.309
Bellman Errors 2 Max                841.9
Bellman Errors 2 Min                  0.000785187
Policy Action Mean                    0.0480984
Policy Action Std                     0.0267219
Policy Action Max                     0.146808
Policy Action Min                     0.0054503
Test Rewards Mean                    -6.7433
Test Rewards Std                      1.41361
Test Rewards Max                     -3.54381
Test Rewards Min                    -10.348
Test Returns Mean                  -674.33
Test Returns Std                    117.605
Test Returns Max                   -466.437
Test Returns Min                   -867.364
Test Actions Mean                     0.109716
Test Actions Std                      0.608363
Test Actions Max                      1
Test Actions Min                     -1
Num Paths                            10
Exploration Rewards Mean             -6.34953
Exploration Rewards Std               1.84533
Exploration Rewards Max              -2.21196
Exploration Rewards Min             -18.3066
Exploration Returns Mean           -634.953
Exploration Returns Std             117.756
Exploration Returns Max            -473.997
Exploration Returns Min            -813.954
Exploration Actions Mean              0.130792
Exploration Actions Std               0.704206
Exploration Actions Max               1
Exploration Actions Min              -1
touch_distance Mean                   0.373115
touch_distance Std                    0.0870788
touch_distance Max                    0.576586
touch_distance Min                    0.164984
Final touch_distance Mean             0.406745
Final touch_distance Std              0.0830518
Final touch_distance Max              0.572552
Final touch_distance Min              0.30711
hand_success Mean                     0
hand_success Std                      0
hand_success Max                      0
hand_success Min                      0
Final hand_success Mean               0
Final hand_success Std                0
Final hand_success Max                0
Final hand_success Min                0
obj_success Mean                      0
obj_success Std                       0
obj_success Max                       0
obj_success Min                       0
Final obj_success Mean                0
Final obj_success Std                 0
Final obj_success Max                 0
Final obj_success Min                 0
hand_and_obj_success Mean             0
hand_and_obj_success Std              0
hand_and_obj_success Max              0
hand_and_obj_success Min              0
Final hand_and_obj_success Mean       0
Final hand_and_obj_success Std        0
Final hand_and_obj_success Max        0
Final hand_and_obj_success Min        0
touch_success Mean                    0
touch_success Std                     0
touch_success Max                     0
touch_success Min                     0
Final touch_success Mean              0
Final touch_success Std               0
Final touch_success Max               0
Final touch_success Min               0
hand_distance Mean                    0.280795
hand_distance Std                     0.0967336
hand_distance Max                     0.555129
hand_distance Min                     0.107126
Final hand_distance Mean              0.30906
Final hand_distance Std               0.126136
Final hand_distance Max               0.555058
Final hand_distance Min               0.132986
obj_distance Mean                     0.363576
obj_distance Std                      0.138635
obj_distance Max                      0.574112
obj_distance Min                      0.0732685
Final obj_distance Mean               0.363576
Final obj_distance Std                0.138635
Final obj_distance Max                0.574112
Final obj_distance Min                0.0732685
hand_and_obj_distance Mean            0.644371
hand_and_obj_distance Std             0.142995
hand_and_obj_distance Max             0.841616
hand_and_obj_distance Min             0.240381
Final hand_and_obj_distance Mean      0.672636
Final hand_and_obj_distance Std       0.142241
Final hand_and_obj_distance Max       0.829204
Final hand_and_obj_distance Min       0.286283
total_pickups Mean                    0
total_pickups Std                     0
total_pickups Max                     0
total_pickups Min                     0
Final total_pickups Mean              0
Final total_pickups Std               0
Final total_pickups Max               0
Final total_pickups Min               0
image_dist Mean                      20.6017
image_dist Std                        4.38786
image_dist Max                       30.4292
image_dist Min                       13.1087
Final image_dist Mean                20.0375
Final image_dist Std                  4.42393
Final image_dist Max                 27.4032
Final image_dist Min                 13.1087
image_success Mean                   -1
image_success Std                     0
image_success Max                    -1
image_success Min                    -1
Final image_success Mean             -1
Final image_success Std               0
Final image_success Max              -1
Final image_success Min              -1
vae_mdist Mean                     8451.9
vae_mdist Std                      3172.94
vae_mdist Max                     21799.9
vae_mdist Min                      1199
Final vae_mdist Mean               7835.3
Final vae_mdist Std                2717.29
Final vae_mdist Max               12879.1
Final vae_mdist Min                3309.74
vae_success Mean                      0
vae_success Std                       0
vae_success Max                       0
vae_success Min                       0
Final vae_success Mean                0
Final vae_success Std                 0
Final vae_success Max                 0
Final vae_success Min                 0
vae_dist Mean                         6.7433
vae_dist Std                          1.41361
vae_dist Max                         10.348
vae_dist Min                          3.54381
Final vae_dist Mean                   7.04236
Final vae_dist Std                    1.93045
Final vae_dist Max                    9.86128
Final vae_dist Min                    3.76912
AverageReturn                      -674.33
Number of train steps total        4004
Number of env steps total          5000
Number of rollouts total             50
Train Time (s)                       15.8
(Previous) Eval Time (s)              4.40012
Sample Time (s)                       4.36863
Epoch Time (s)                       24.5688
Total Train Time (s)                 63.4646
Epoch                                 4
--------------------------------  ---------------
2025-08-25 16:05:15.741594 +07 | [08-25-rlkit-pick-and-place-p3-vae-rig_2025_08_25_15_54_12_0000--s-48344] Iteration #4 | Epoch Duration: 24.877605438232422
2025-08-25 16:05:15.741692 +07 | [08-25-rlkit-pick-and-place-p3-vae-rig_2025_08_25_15_54_12_0000--s-48344] Iteration #4 | Started Training: True
2025-08-25 16:05:44.426043 +07 | [08-25-rlkit-pick-and-place-p3-vae-rig_2025_08_25_15_54_12_0000--s-48344] Iteration #5 | Collecting samples for evaluation
--------------------------------  ---------------
QF1 Loss                             22.7085
QF2 Loss                             21.093
Policy Loss                          43.3703
Q1 Predictions Mean                 -49.0663
Q1 Predictions Std                   26.3479
Q1 Predictions Max                   -1.79975
Q1 Predictions Min                 -114.624
Q2 Predictions Mean                 -48.8988
Q2 Predictions Std                   26.2874
Q2 Predictions Max                   -2.35549
Q2 Predictions Min                 -115.075
Q Targets Mean                      -48.3014
Q Targets Std                        26.8428
Q Targets Max                        -0.915841
Q Targets Min                      -115.986
Bellman Errors 1 Mean                22.7085
Bellman Errors 1 Std                 65.2014
Bellman Errors 1 Max                534.652
Bellman Errors 1 Min                  0.000759672
Bellman Errors 2 Mean                21.093
Bellman Errors 2 Std                 60.3745
Bellman Errors 2 Max                516.302
Bellman Errors 2 Min                  3.52775e-05
Policy Action Mean                    0.00911641
Policy Action Std                     0.815843
Policy Action Max                     1
Policy Action Min                    -1
Test Rewards Mean                    -5.9209
Test Rewards Std                      1.78396
Test Rewards Max                     -2.42573
Test Rewards Min                    -16.6483
Test Returns Mean                  -592.09
Test Returns Std                    140.857
Test Returns Max                   -401.522
Test Returns Min                   -812.791
Test Actions Mean                     0.237133
Test Actions Std                      0.64963
Test Actions Max                      1
Test Actions Min                     -1
Num Paths                            10
Exploration Rewards Mean             -6.27535
Exploration Rewards Std               1.21004
Exploration Rewards Max              -3.74529
Exploration Rewards Min             -10.7485
Exploration Returns Mean           -627.535
Exploration Returns Std              54.1062
Exploration Returns Max            -554.622
Exploration Returns Min            -716.831
Exploration Actions Mean              0.0973789
Exploration Actions Std               0.670279
Exploration Actions Max               1
Exploration Actions Min              -1
touch_distance Mean                   0.396641
touch_distance Std                    0.0985616
touch_distance Max                    0.566935
touch_distance Min                    0.225112
Final touch_distance Mean             0.388544
Final touch_distance Std              0.118636
Final touch_distance Max              0.559794
Final touch_distance Min              0.233817
hand_success Mean                     0
hand_success Std                      0
hand_success Max                      0
hand_success Min                      0
Final hand_success Mean               0
Final hand_success Std                0
Final hand_success Max                0
Final hand_success Min                0
obj_success Mean                      0
obj_success Std                       0
obj_success Max                       0
obj_success Min                       0
Final obj_success Mean                0
Final obj_success Std                 0
Final obj_success Max                 0
Final obj_success Min                 0
hand_and_obj_success Mean             0
hand_and_obj_success Std              0
hand_and_obj_success Max              0
hand_and_obj_success Min              0
Final hand_and_obj_success Mean       0
Final hand_and_obj_success Std        0
Final hand_and_obj_success Max        0
Final hand_and_obj_success Min        0
touch_success Mean                    0
touch_success Std                     0
touch_success Max                     0
touch_success Min                     0
Final touch_success Mean              0
Final touch_success Std               0
Final touch_success Max               0
Final touch_success Min               0
hand_distance Mean                    0.24245
hand_distance Std                     0.100961
hand_distance Max                     0.486572
hand_distance Min                     0.0668927
Final hand_distance Mean              0.201704
Final hand_distance Std               0.0724363
Final hand_distance Max               0.319661
Final hand_distance Min               0.103238
obj_distance Mean                     0.275473
obj_distance Std                      0.112387
obj_distance Max                      0.376534
obj_distance Min                      0.0822675
Final obj_distance Mean               0.275473
Final obj_distance Std                0.112387
Final obj_distance Max                0.376534
Final obj_distance Min                0.0822675
hand_and_obj_distance Mean            0.517923
hand_and_obj_distance Std             0.167772
hand_and_obj_distance Max             0.863105
hand_and_obj_distance Min             0.14916
Final hand_and_obj_distance Mean      0.477177
Final hand_and_obj_distance Std       0.137646
Final hand_and_obj_distance Max       0.674025
Final hand_and_obj_distance Min       0.203936
total_pickups Mean                    0
total_pickups Std                     0
total_pickups Max                     0
total_pickups Min                     0
Final total_pickups Mean              0
Final total_pickups Std               0
Final total_pickups Max               0
Final total_pickups Min               0
image_dist Mean                      21.3575
image_dist Std                        5.4061
image_dist Max                       33.5391
image_dist Min                       12.2568
Final image_dist Mean                22.609
Final image_dist Std                  5.61274
Final image_dist Max                 32.9568
Final image_dist Min                 15.2953
image_success Mean                   -1
image_success Std                     0
image_success Max                    -1
image_success Min                    -1
Final image_success Mean             -1
Final image_success Std               0
Final image_success Max              -1
Final image_success Min              -1
vae_mdist Mean                     7408.93
vae_mdist Std                      4507.85
vae_mdist Max                     31732.7
vae_mdist Min                       680.031
Final vae_mdist Mean               6500.95
Final vae_mdist Std                3712.68
Final vae_mdist Max               12005.4
Final vae_mdist Min                1710.56
vae_success Mean                      0
vae_success Std                       0
vae_success Max                       0
vae_success Min                       0
Final vae_success Mean                0
Final vae_success Std                 0
Final vae_success Max                 0
Final vae_success Min                 0
vae_dist Mean                         5.9209
vae_dist Std                          1.78396
vae_dist Max                         16.6483
vae_dist Min                          2.42573
Final vae_dist Mean                   5.87867
Final vae_dist Std                    1.56412
Final vae_dist Max                    7.72226
Final vae_dist Min                    2.72236
AverageReturn                      -592.09
Number of train steps total        8004
Number of env steps total          6000
Number of rollouts total             60
Train Time (s)                       23.1457
(Previous) Eval Time (s)              4.6971
Sample Time (s)                       5.4211
Epoch Time (s)                       33.2639
Total Train Time (s)                 98.2127
Epoch                                 5
--------------------------------  ---------------
2025-08-25 16:05:50.508742 +07 | [08-25-rlkit-pick-and-place-p3-vae-rig_2025_08_25_15_54_12_0000--s-48344] Iteration #5 | Epoch Duration: 34.76695418357849
2025-08-25 16:05:50.508997 +07 | [08-25-rlkit-pick-and-place-p3-vae-rig_2025_08_25_15_54_12_0000--s-48344] Iteration #5 | Started Training: True
2025-08-25 16:06:14.358668 +07 | [08-25-rlkit-pick-and-place-p3-vae-rig_2025_08_25_15_54_12_0000--s-48344] Iteration #6 | Collecting samples for evaluation
--------------------------------  --------------
QF1 Loss                             20.3882
QF2 Loss                             23.4741
Policy Loss                          71.5701
Q1 Predictions Mean                 -76.8354
Q1 Predictions Std                   43.4849
Q1 Predictions Max                   -1.18667
Q1 Predictions Min                 -177.048
Q2 Predictions Mean                 -77.2861
Q2 Predictions Std                   43.9524
Q2 Predictions Max                   -2.33059
Q2 Predictions Min                 -174.776
Q Targets Mean                      -76.2068
Q Targets Std                        43.3245
Q Targets Max                        -0.0772445
Q Targets Min                      -177.793
Bellman Errors 1 Mean                20.3882
Bellman Errors 1 Std                 44.8765
Bellman Errors 1 Max                276.569
Bellman Errors 1 Min                  0.00099044
Bellman Errors 2 Mean                23.4741
Bellman Errors 2 Std                 53.6209
Bellman Errors 2 Max                428.167
Bellman Errors 2 Min                  0.0224776
Policy Action Mean                    0.0937034
Policy Action Std                     0.820245
Policy Action Max                     1
Policy Action Min                    -1
Test Rewards Mean                    -6.01294
Test Rewards Std                      1.87136
Test Rewards Max                     -2.63633
Test Rewards Min                    -17.0062
Test Returns Mean                  -601.294
Test Returns Std                    105.996
Test Returns Max                   -390.719
Test Returns Min                   -751.312
Test Actions Mean                    -0.179404
Test Actions Std                      0.759436
Test Actions Max                      1
Test Actions Min                     -1
Num Paths                            10
Exploration Rewards Mean             -6.6369
Exploration Rewards Std               1.78762
Exploration Rewards Max              -3.74044
Exploration Rewards Min             -18.4571
Exploration Returns Mean           -663.69
Exploration Returns Std             117.425
Exploration Returns Max            -539.91
Exploration Returns Min            -968.424
Exploration Actions Mean              0.196331
Exploration Actions Std               0.707229
Exploration Actions Max               1
Exploration Actions Min              -1
touch_distance Mean                   0.364721
touch_distance Std                    0.128081
touch_distance Max                    0.576169
touch_distance Min                    0.121049
Final touch_distance Mean             0.427781
Final touch_distance Std              0.124459
Final touch_distance Max              0.576169
Final touch_distance Min              0.204574
hand_success Mean                     0
hand_success Std                      0
hand_success Max                      0
hand_success Min                      0
Final hand_success Mean               0
Final hand_success Std                0
Final hand_success Max                0
Final hand_success Min                0
obj_success Mean                      0.0909091
obj_success Std                       0.28748
obj_success Max                       1
obj_success Min                       0
Final obj_success Mean                0.0909091
Final obj_success Std                 0.28748
Final obj_success Max                 1
Final obj_success Min                 0
hand_and_obj_success Mean             0
hand_and_obj_success Std              0
hand_and_obj_success Max              0
hand_and_obj_success Min              0
Final hand_and_obj_success Mean       0
Final hand_and_obj_success Std        0
Final hand_and_obj_success Max        0
Final hand_and_obj_success Min        0
touch_success Mean                    0
touch_success Std                     0
touch_success Max                     0
touch_success Min                     0
Final touch_success Mean              0
Final touch_success Std               0
Final touch_success Max               0
Final touch_success Min               0
hand_distance Mean                    0.356564
hand_distance Std                     0.109238
hand_distance Max                     0.579254
hand_distance Min                     0.111393
Final hand_distance Mean              0.414805
Final hand_distance Std               0.10287
Final hand_distance Max               0.579254
Final hand_distance Min               0.214394
obj_distance Mean                     0.319675
obj_distance Std                      0.172149
obj_distance Max                      0.63735
obj_distance Min                      0.0193061
Final obj_distance Mean               0.319675
Final obj_distance Std                0.172149
Final obj_distance Max                0.637349
Final obj_distance Min                0.0193061
hand_and_obj_distance Mean            0.676239
hand_and_obj_distance Std             0.242782
hand_and_obj_distance Max             1.11257
hand_and_obj_distance Min             0.130699
Final hand_and_obj_distance Mean      0.73448
Final hand_and_obj_distance Std       0.246577
Final hand_and_obj_distance Max       1.11257
Final hand_and_obj_distance Min       0.2337
total_pickups Mean                    0
total_pickups Std                     0
total_pickups Max                     0
total_pickups Min                     0
Final total_pickups Mean              0
Final total_pickups Std               0
Final total_pickups Max               0
Final total_pickups Min               0
image_dist Mean                      19.5778
image_dist Std                        3.8232
image_dist Max                       26.4794
image_dist Min                        7.71773
Final image_dist Mean                19.9988
Final image_dist Std                  3.77244
Final image_dist Max                 26.4185
Final image_dist Min                 11.1323
image_success Mean                   -0.997273
image_success Std                     0.052152
image_success Max                     0
image_success Min                    -1
Final image_success Mean             -1
Final image_success Std               0
Final image_success Max              -1
Final image_success Min              -1
vae_mdist Mean                     7442.87
vae_mdist Std                      4872.1
vae_mdist Max                     32666
vae_mdist Min                      1302.41
Final vae_mdist Mean               6431.95
Final vae_mdist Std                3507.14
Final vae_mdist Max               12378
Final vae_mdist Min                1929.57
vae_success Mean                      0
vae_success Std                       0
vae_success Max                       0
vae_success Min                       0
Final vae_success Mean                0
Final vae_success Std                 0
Final vae_success Max                 0
Final vae_success Min                 0
vae_dist Mean                         6.01294
vae_dist Std                          1.87136
vae_dist Max                         17.0062
vae_dist Min                          2.63633
Final vae_dist Mean                   5.7742
Final vae_dist Std                    1.28351
Final vae_dist Max                    9.06713
Final vae_dist Min                    4.27247
AverageReturn                      -601.294
Number of train steps total       12004
Number of env steps total          7000
Number of rollouts total             70
Train Time (s)                       18.7793
(Previous) Eval Time (s)              6.18511
Sample Time (s)                       4.97759
Epoch Time (s)                       29.942
Total Train Time (s)                126.596
Epoch                                 6
--------------------------------  --------------
2025-08-25 16:06:18.906606 +07 | [08-25-rlkit-pick-and-place-p3-vae-rig_2025_08_25_15_54_12_0000--s-48344] Iteration #6 | Epoch Duration: 28.39748978614807
2025-08-25 16:06:18.906717 +07 | [08-25-rlkit-pick-and-place-p3-vae-rig_2025_08_25_15_54_12_0000--s-48344] Iteration #6 | Started Training: True
2025-08-25 16:06:38.387321 +07 | [08-25-rlkit-pick-and-place-p3-vae-rig_2025_08_25_15_54_12_0000--s-48344] Iteration #7 | Collecting samples for evaluation
--------------------------------  ---------------
QF1 Loss                             22.9768
QF2 Loss                             25.6799
Policy Loss                          84.4787
Q1 Predictions Mean                 -89.6868
Q1 Predictions Std                   52.9986
Q1 Predictions Max                   -8.19856
Q1 Predictions Min                 -238.487
Q2 Predictions Mean                 -90.2101
Q2 Predictions Std                   52.9793
Q2 Predictions Max                   -8.69169
Q2 Predictions Min                 -244.71
Q Targets Mean                      -89.1545
Q Targets Std                        52.4704
Q Targets Max                        -5.71088
Q Targets Min                      -232.854
Bellman Errors 1 Mean                22.9768
Bellman Errors 1 Std                 53.9935
Bellman Errors 1 Max                380.757
Bellman Errors 1 Min                  1.06083e-06
Bellman Errors 2 Mean                25.6799
Bellman Errors 2 Std                 53.461
Bellman Errors 2 Max                349.012
Bellman Errors 2 Min                  8.13233e-05
Policy Action Mean                   -0.038795
Policy Action Std                     0.857707
Policy Action Max                     1
Policy Action Min                    -1
Test Rewards Mean                    -6.04174
Test Rewards Std                      1.64152
Test Rewards Max                     -2.59638
Test Rewards Min                    -12.8731
Test Returns Mean                  -604.174
Test Returns Std                    126.943
Test Returns Max                   -367.565
Test Returns Min                   -864.151
Test Actions Mean                    -0.0154793
Test Actions Std                      0.657219
Test Actions Max                      1
Test Actions Min                     -1
Num Paths                            10
Exploration Rewards Mean             -6.8063
Exploration Rewards Std               2.79253
Exploration Rewards Max              -2.77783
Exploration Rewards Min             -18.8791
Exploration Returns Mean           -680.63
Exploration Returns Std             196.051
Exploration Returns Max            -354.947
Exploration Returns Min           -1083.59
Exploration Actions Mean              0.0364314
Exploration Actions Std               0.705103
Exploration Actions Max               1
Exploration Actions Min              -1
touch_distance Mean                   0.364109
touch_distance Std                    0.0730786
touch_distance Max                    0.579474
touch_distance Min                    0.17234
Final touch_distance Mean             0.395088
Final touch_distance Std              0.0875845
Final touch_distance Max              0.565583
Final touch_distance Min              0.257443
hand_success Mean                     0
hand_success Std                      0
hand_success Max                      0
hand_success Min                      0
Final hand_success Mean               0
Final hand_success Std                0
Final hand_success Max                0
Final hand_success Min                0
obj_success Mean                      0
obj_success Std                       0
obj_success Max                       0
obj_success Min                       0
Final obj_success Mean                0
Final obj_success Std                 0
Final obj_success Max                 0
Final obj_success Min                 0
hand_and_obj_success Mean             0
hand_and_obj_success Std              0
hand_and_obj_success Max              0
hand_and_obj_success Min              0
Final hand_and_obj_success Mean       0
Final hand_and_obj_success Std        0
Final hand_and_obj_success Max        0
Final hand_and_obj_success Min        0
touch_success Mean                    0
touch_success Std                     0
touch_success Max                     0
touch_success Min                     0
Final touch_success Mean              0
Final touch_success Std               0
Final touch_success Max               0
Final touch_success Min               0
hand_distance Mean                    0.265747
hand_distance Std                     0.0919719
hand_distance Max                     0.510531
hand_distance Min                     0.0781901
Final hand_distance Mean              0.284161
Final hand_distance Std               0.0745203
Final hand_distance Max               0.431941
Final hand_distance Min               0.179163
obj_distance Mean                     0.363651
obj_distance Std                      0.122991
obj_distance Max                      0.589134
obj_distance Min                      0.129466
Final obj_distance Mean               0.363651
Final obj_distance Std                0.122991
Final obj_distance Max                0.589132
Final obj_distance Min                0.129466
hand_and_obj_distance Mean            0.629398
hand_and_obj_distance Std             0.162761
hand_and_obj_distance Max             0.962015
hand_and_obj_distance Min             0.244751
Final hand_and_obj_distance Mean      0.647812
Final hand_and_obj_distance Std       0.161564
Final hand_and_obj_distance Max       0.888649
Final hand_and_obj_distance Min       0.341594
total_pickups Mean                    0
total_pickups Std                     0
total_pickups Max                     0
total_pickups Min                     0
Final total_pickups Mean              0
Final total_pickups Std               0
Final total_pickups Max               0
Final total_pickups Min               0
image_dist Mean                      21.4716
image_dist Std                        2.77374
image_dist Max                       27.3628
image_dist Min                       14.8606
Final image_dist Mean                21.1354
Final image_dist Std                  2.49451
Final image_dist Max                 24.9703
Final image_dist Min                 17.7498
image_success Mean                   -1
image_success Std                     0
image_success Max                    -1
image_success Min                    -1
Final image_success Mean             -1
Final image_success Std               0
Final image_success Max              -1
Final image_success Min              -1
vae_mdist Mean                     6213.47
vae_mdist Std                      3144.16
vae_mdist Max                     22843.5
vae_mdist Min                       974.32
Final vae_mdist Mean               6426.3
Final vae_mdist Std                2820.12
Final vae_mdist Max               10378.9
Final vae_mdist Min                1194.99
vae_success Mean                      0
vae_success Std                       0
vae_success Max                       0
vae_success Min                       0
Final vae_success Mean                0
Final vae_success Std                 0
Final vae_success Max                 0
Final vae_success Min                 0
vae_dist Mean                         6.04174
vae_dist Std                          1.64152
vae_dist Max                         12.8731
vae_dist Min                          2.59638
Final vae_dist Mean                   5.8682
Final vae_dist Std                    1.2047
Final vae_dist Max                    7.30846
Final vae_dist Min                    3.2217
AverageReturn                      -604.174
Number of train steps total       16004
Number of env steps total          8000
Number of rollouts total             80
Train Time (s)                       14.9611
(Previous) Eval Time (s)              4.62717
Sample Time (s)                       4.42834
Epoch Time (s)                       24.0166
Total Train Time (s)                150.291
Epoch                                 7
--------------------------------  ---------------
2025-08-25 16:06:42.615345 +07 | [08-25-rlkit-pick-and-place-p3-vae-rig_2025_08_25_15_54_12_0000--s-48344] Iteration #7 | Epoch Duration: 23.708519220352173
2025-08-25 16:06:42.615442 +07 | [08-25-rlkit-pick-and-place-p3-vae-rig_2025_08_25_15_54_12_0000--s-48344] Iteration #7 | Started Training: True
2025-08-25 16:07:10.457950 +07 | [08-25-rlkit-pick-and-place-p3-vae-rig_2025_08_25_15_54_12_0000--s-48344] Iteration #8 | Collecting samples for evaluation
--------------------------------  ---------------
QF1 Loss                             19.0211
QF2 Loss                             23.9455
Policy Loss                         115.451
Q1 Predictions Mean                -119.767
Q1 Predictions Std                   71.0193
Q1 Predictions Max                   -1.23537
Q1 Predictions Min                 -276.632
Q2 Predictions Mean                -120.237
Q2 Predictions Std                   71.3557
Q2 Predictions Max                   -0.107024
Q2 Predictions Min                 -276.39
Q Targets Mean                     -119.173
Q Targets Std                        70.9445
Q Targets Max                        -0.305502
Q Targets Min                      -269.277
Bellman Errors 1 Mean                19.0211
Bellman Errors 1 Std                 35.2285
Bellman Errors 1 Max                253.069
Bellman Errors 1 Min                  7.22355e-05
Bellman Errors 2 Mean                23.9455
Bellman Errors 2 Std                 43.786
Bellman Errors 2 Max                232.311
Bellman Errors 2 Min                  0.00038147
Policy Action Mean                    0.018877
Policy Action Std                     0.825084
Policy Action Max                     1
Policy Action Min                    -1
Test Rewards Mean                    -6.12872
Test Rewards Std                      1.71846
Test Rewards Max                     -2.46621
Test Rewards Min                    -12.3678
Test Returns Mean                  -612.872
Test Returns Std                    152.06
Test Returns Max                   -372.702
Test Returns Min                   -924.591
Test Actions Mean                     0.0869152
Test Actions Std                      0.656754
Test Actions Max                      1
Test Actions Min                     -1
Num Paths                            10
Exploration Rewards Mean             -5.95152
Exploration Rewards Std               2.43505
Exploration Rewards Max              -2.21963
Exploration Rewards Min             -14.9345
Exploration Returns Mean           -595.152
Exploration Returns Std             175.097
Exploration Returns Max            -401.591
Exploration Returns Min           -1045.47
Exploration Actions Mean              0.0544604
Exploration Actions Std               0.652975
Exploration Actions Max               1
Exploration Actions Min              -1
touch_distance Mean                   0.411145
touch_distance Std                    0.0894941
touch_distance Max                    0.56402
touch_distance Min                    0.0992224
Final touch_distance Mean             0.447853
Final touch_distance Std              0.0896336
Final touch_distance Max              0.56402
Final touch_distance Min              0.266843
hand_success Mean                     0.0145455
hand_success Std                      0.119724
hand_success Max                      1
hand_success Min                      0
Final hand_success Mean               0
Final hand_success Std                0
Final hand_success Max                0
Final hand_success Min                0
obj_success Mean                      0
obj_success Std                       0
obj_success Max                       0
obj_success Min                       0
Final obj_success Mean                0
Final obj_success Std                 0
Final obj_success Max                 0
Final obj_success Min                 0
hand_and_obj_success Mean             0
hand_and_obj_success Std              0
hand_and_obj_success Max              0
hand_and_obj_success Min              0
Final hand_and_obj_success Mean       0
Final hand_and_obj_success Std        0
Final hand_and_obj_success Max        0
Final hand_and_obj_success Min        0
touch_success Mean                    0
touch_success Std                     0
touch_success Max                     0
touch_success Min                     0
Final touch_success Mean              0
Final touch_success Std               0
Final touch_success Max               0
Final touch_success Min               0
hand_distance Mean                    0.289173
hand_distance Std                     0.133644
hand_distance Max                     0.5623
hand_distance Min                     0.024738
Final hand_distance Mean              0.317514
Final hand_distance Std               0.151384
Final hand_distance Max               0.5623
Final hand_distance Min               0.143318
obj_distance Mean                     0.315054
obj_distance Std                      0.110843
obj_distance Max                      0.480825
obj_distance Min                      0.106684
Final obj_distance Mean               0.315054
Final obj_distance Std                0.110843
Final obj_distance Max                0.480823
Final obj_distance Min                0.106684
hand_and_obj_distance Mean            0.604226
hand_and_obj_distance Std             0.204694
hand_and_obj_distance Max             1.04312
hand_and_obj_distance Min             0.255886
Final hand_and_obj_distance Mean      0.632567
Final hand_and_obj_distance Std       0.22753
Final hand_and_obj_distance Max       1.04312
Final hand_and_obj_distance Min       0.279985
total_pickups Mean                    0
total_pickups Std                     0
total_pickups Max                     0
total_pickups Min                     0
Final total_pickups Mean              0
Final total_pickups Std               0
Final total_pickups Max               0
Final total_pickups Min               0
image_dist Mean                      22.9904
image_dist Std                        5.32185
image_dist Max                       33.7527
image_dist Min                        9.7589
Final image_dist Mean                23.8295
Final image_dist Std                  4.88134
Final image_dist Max                 32.595
Final image_dist Min                 18.9678
image_success Mean                   -0.998182
image_success Std                     0.0426014
image_success Max                     0
image_success Min                    -1
Final image_success Mean             -1
Final image_success Std               0
Final image_success Max              -1
Final image_success Min              -1
vae_mdist Mean                     8744
vae_mdist Std                      4115.05
vae_mdist Max                     26407.7
vae_mdist Min                       875.549
Final vae_mdist Mean               8452.45
Final vae_mdist Std                4153.66
Final vae_mdist Max               16766.9
Final vae_mdist Min                4108.67
vae_success Mean                      0
vae_success Std                       0
vae_success Max                       0
vae_success Min                       0
Final vae_success Mean                0
Final vae_success Std                 0
Final vae_success Max                 0
Final vae_success Min                 0
vae_dist Mean                         6.12872
vae_dist Std                          1.71846
vae_dist Max                         12.3678
vae_dist Min                          2.46621
Final vae_dist Mean                   6.14109
Final vae_dist Std                    1.57848
Final vae_dist Max                    9.57591
Final vae_dist Min                    4.30878
AverageReturn                      -612.872
Number of train steps total       20004
Number of env steps total          9000
Number of rollouts total             90
Train Time (s)                       22.1902
(Previous) Eval Time (s)              4.30649
Sample Time (s)                       5.52231
Epoch Time (s)                       32.019
Total Train Time (s)                184.684
Epoch                                 8
--------------------------------  ---------------
2025-08-25 16:07:17.032790 +07 | [08-25-rlkit-pick-and-place-p3-vae-rig_2025_08_25_15_54_12_0000--s-48344] Iteration #8 | Epoch Duration: 34.41726088523865
2025-08-25 16:07:17.033075 +07 | [08-25-rlkit-pick-and-place-p3-vae-rig_2025_08_25_15_54_12_0000--s-48344] Iteration #8 | Started Training: True
2025-08-25 16:07:46.900992 +07 | [08-25-rlkit-pick-and-place-p3-vae-rig_2025_08_25_15_54_12_0000--s-48344] Iteration #9 | Collecting samples for evaluation
--------------------------------  ---------------
QF1 Loss                             22.8094
QF2 Loss                             22.26
Policy Loss                         125.945
Q1 Predictions Mean                -131.866
Q1 Predictions Std                   80.2318
Q1 Predictions Max                   -4.35574
Q1 Predictions Min                 -303.104
Q2 Predictions Mean                -131.299
Q2 Predictions Std                   80.3978
Q2 Predictions Max                   -3.84114
Q2 Predictions Min                 -301.296
Q Targets Mean                     -131.437
Q Targets Std                        80.5463
Q Targets Max                        -6.4062
Q Targets Min                      -306.441
Bellman Errors 1 Mean                22.8094
Bellman Errors 1 Std                 52.7232
Bellman Errors 1 Max                491.37
Bellman Errors 1 Min                  0.0103064
Bellman Errors 2 Mean                22.26
Bellman Errors 2 Std                 60.0834
Bellman Errors 2 Max                580.897
Bellman Errors 2 Min                  0.000312757
Policy Action Mean                    0.0757764
Policy Action Std                     0.827811
Policy Action Max                     1
Policy Action Min                    -1
Test Rewards Mean                    -5.35563
Test Rewards Std                      1.07341
Test Rewards Max                     -3.45561
Test Rewards Min                    -16.2393
Test Returns Mean                  -535.563
Test Returns Std                     66.4441
Test Returns Max                   -387.443
Test Returns Min                   -617.496
Test Actions Mean                     0.0059897
Test Actions Std                      0.547504
Test Actions Max                      1
Test Actions Min                     -1
Num Paths                            10
Exploration Rewards Mean             -6.279
Exploration Rewards Std               1.73044
Exploration Rewards Max              -3.31361
Exploration Rewards Min             -12.4658
Exploration Returns Mean           -627.9
Exploration Returns Std              93.5577
Exploration Returns Max            -503.863
Exploration Returns Min            -857.902
Exploration Actions Mean              0.0504878
Exploration Actions Std               0.67705
Exploration Actions Max               1
Exploration Actions Min              -1
touch_distance Mean                   0.343435
touch_distance Std                    0.0987136
touch_distance Max                    0.621231
touch_distance Min                    0.172336
Final touch_distance Mean             0.339295
Final touch_distance Std              0.100807
Final touch_distance Max              0.591276
Final touch_distance Min              0.204616
hand_success Mean                     0.00454545
hand_success Std                      0.0672666
hand_success Max                      1
hand_success Min                      0
Final hand_success Mean               0
Final hand_success Std                0
Final hand_success Max                0
Final hand_success Min                0
obj_success Mean                      0
obj_success Std                       0
obj_success Max                       0
obj_success Min                       0
Final obj_success Mean                0
Final obj_success Std                 0
Final obj_success Max                 0
Final obj_success Min                 0
hand_and_obj_success Mean             0
hand_and_obj_success Std              0
hand_and_obj_success Max              0
hand_and_obj_success Min              0
Final hand_and_obj_success Mean       0
Final hand_and_obj_success Std        0
Final hand_and_obj_success Max        0
Final hand_and_obj_success Min        0
touch_success Mean                    0
touch_success Std                     0
touch_success Max                     0
touch_success Min                     0
Final touch_success Mean              0
Final touch_success Std               0
Final touch_success Max               0
Final touch_success Min               0
hand_distance Mean                    0.276108
hand_distance Std                     0.123523
hand_distance Max                     0.625697
hand_distance Min                     0.0294828
Final hand_distance Mean              0.308486
Final hand_distance Std               0.128821
Final hand_distance Max               0.625697
Final hand_distance Min               0.103843
obj_distance Mean                     0.361631
obj_distance Std                      0.164001
obj_distance Max                      0.55774
obj_distance Min                      0.0625493
Final obj_distance Mean               0.361631
Final obj_distance Std                0.164001
Final obj_distance Max                0.557738
Final obj_distance Min                0.0625493
hand_and_obj_distance Mean            0.637739
hand_and_obj_distance Std             0.239541
hand_and_obj_distance Max             1.18343
hand_and_obj_distance Min             0.20377
Final hand_and_obj_distance Mean      0.670117
Final hand_and_obj_distance Std       0.255297
Final hand_and_obj_distance Max       1.18343
Final hand_and_obj_distance Min       0.285579
total_pickups Mean                    0
total_pickups Std                     0
total_pickups Max                     0
total_pickups Min                     0
Final total_pickups Mean              0
Final total_pickups Std               0
Final total_pickups Max               0
Final total_pickups Min               0
image_dist Mean                      22.7784
image_dist Std                        5.01227
image_dist Max                       30.0446
image_dist Min                        7.30311
Final image_dist Mean                22.855
Final image_dist Std                  5.51758
Final image_dist Max                 29.9109
Final image_dist Min                 11.23
image_success Mean                   -0.997273
image_success Std                     0.052152
image_success Max                     0
image_success Min                    -1
Final image_success Mean             -1
Final image_success Std               0
Final image_success Max              -1
Final image_success Min              -1
vae_mdist Mean                     7370.14
vae_mdist Std                      3510.44
vae_mdist Max                     27139.6
vae_mdist Min                       458.744
Final vae_mdist Mean               6063.85
Final vae_mdist Std                2971.35
Final vae_mdist Max               10661.1
Final vae_mdist Min                1621.99
vae_success Mean                      0
vae_success Std                       0
vae_success Max                       0
vae_success Min                       0
Final vae_success Mean                0
Final vae_success Std                 0
Final vae_success Max                 0
Final vae_success Min                 0
vae_dist Mean                         5.35563
vae_dist Std                          1.07341
vae_dist Max                         16.2393
vae_dist Min                          3.45561
Final vae_dist Mean                   5.04169
Final vae_dist Std                    0.78244
Final vae_dist Max                    6.18301
Final vae_dist Min                    3.72771
AverageReturn                      -535.563
Number of train steps total       24004
Number of env steps total         10000
Number of rollouts total            100
Train Time (s)                       23.8005
(Previous) Eval Time (s)              6.68834
Sample Time (s)                       5.94757
Epoch Time (s)                       36.4365
Total Train Time (s)                220.735
Epoch                                 9
--------------------------------  ---------------
2025-08-25 16:07:53.091650 +07 | [08-25-rlkit-pick-and-place-p3-vae-rig_2025_08_25_15_54_12_0000--s-48344] Iteration #9 | Epoch Duration: 36.058212995529175
2025-08-25 16:07:53.091842 +07 | [08-25-rlkit-pick-and-place-p3-vae-rig_2025_08_25_15_54_12_0000--s-48344] Iteration #9 | Started Training: True
2025-08-25 16:08:18.375619 +07 | [08-25-rlkit-pick-and-place-p3-vae-rig_2025_08_25_15_54_12_0000--s-48344] Iteration #10 | Collecting samples for evaluation
--------------------------------  --------------
QF1 Loss                             31.0038
QF2 Loss                             32.5088
Policy Loss                         154.765
Q1 Predictions Mean                -159.175
Q1 Predictions Std                   94.2974
Q1 Predictions Max                  -15.5907
Q1 Predictions Min                 -319.55
Q2 Predictions Mean                -158.519
Q2 Predictions Std                   94.3723
Q2 Predictions Max                  -16.2173
Q2 Predictions Min                 -324.168
Q Targets Mean                     -158.409
Q Targets Std                        93.0952
Q Targets Max                       -17.2687
Q Targets Min                      -322.002
Bellman Errors 1 Mean                31.0038
Bellman Errors 1 Std                 50.1364
Bellman Errors 1 Max                265.356
Bellman Errors 1 Min                  0.00184828
Bellman Errors 2 Mean                32.5088
Bellman Errors 2 Std                 48.2094
Bellman Errors 2 Max                274.151
Bellman Errors 2 Min                  0.0216369
Policy Action Mean                   -0.0215089
Policy Action Std                     0.811314
Policy Action Max                     1
Policy Action Min                    -1
Test Rewards Mean                    -5.92003
Test Rewards Std                      1.36793
Test Rewards Max                     -3.30902
Test Rewards Min                    -11.6825
Test Returns Mean                  -592.003
Test Returns Std                     92.867
Test Returns Max                   -456.819
Test Returns Min                   -792.768
Test Actions Mean                     0.191391
Test Actions Std                      0.612929
Test Actions Max                      1
Test Actions Min                     -1
Num Paths                            10
Exploration Rewards Mean             -5.03158
Exploration Rewards Std               1.15075
Exploration Rewards Max              -2.86964
Exploration Rewards Min             -10.2339
Exploration Returns Mean           -503.158
Exploration Returns Std              62.8449
Exploration Returns Max            -369.701
Exploration Returns Min            -598.256
Exploration Actions Mean             -0.0746952
Exploration Actions Std               0.606376
Exploration Actions Max               1
Exploration Actions Min              -1
touch_distance Mean                   0.370727
touch_distance Std                    0.0961834
touch_distance Max                    0.587186
touch_distance Min                    0.153182
Final touch_distance Mean             0.409358
Final touch_distance Std              0.114946
Final touch_distance Max              0.587186
Final touch_distance Min              0.229724
hand_success Mean                     0
hand_success Std                      0
hand_success Max                      0
hand_success Min                      0
Final hand_success Mean               0
Final hand_success Std                0
Final hand_success Max                0
Final hand_success Min                0
obj_success Mean                      0
obj_success Std                       0
obj_success Max                       0
obj_success Min                       0
Final obj_success Mean                0
Final obj_success Std                 0
Final obj_success Max                 0
Final obj_success Min                 0
hand_and_obj_success Mean             0
hand_and_obj_success Std              0
hand_and_obj_success Max              0
hand_and_obj_success Min              0
Final hand_and_obj_success Mean       0
Final hand_and_obj_success Std        0
Final hand_and_obj_success Max        0
Final hand_and_obj_success Min        0
touch_success Mean                    0
touch_success Std                     0
touch_success Max                     0
touch_success Min                     0
Final touch_success Mean              0
Final touch_success Std               0
Final touch_success Max               0
Final touch_success Min               0
hand_distance Mean                    0.334067
hand_distance Std                     0.113302
hand_distance Max                     0.533361
hand_distance Min                     0.0764101
Final hand_distance Mean              0.381427
Final hand_distance Std               0.118678
Final hand_distance Max               0.518983
Final hand_distance Min               0.0997607
obj_distance Mean                     0.343289
obj_distance Std                      0.131366
obj_distance Max                      0.563771
obj_distance Min                      0.157066
Final obj_distance Mean               0.343289
Final obj_distance Std                0.131366
Final obj_distance Max                0.56377
Final obj_distance Min                0.157066
hand_and_obj_distance Mean            0.677356
hand_and_obj_distance Std             0.14015
hand_and_obj_distance Max             0.967542
hand_and_obj_distance Min             0.337949
Final hand_and_obj_distance Mean      0.724716
Final hand_and_obj_distance Std       0.135644
Final hand_and_obj_distance Max       0.967542
Final hand_and_obj_distance Min       0.543119
total_pickups Mean                    0
total_pickups Std                     0
total_pickups Max                     0
total_pickups Min                     0
Final total_pickups Mean              0
Final total_pickups Std               0
Final total_pickups Max               0
Final total_pickups Min               0
image_dist Mean                      21.6027
image_dist Std                        4.42224
image_dist Max                       32.6073
image_dist Min                       13.9036
Final image_dist Mean                22.5324
Final image_dist Std                  4.61727
Final image_dist Max                 32.0855
Final image_dist Min                 14.6588
image_success Mean                   -1
image_success Std                     0
image_success Max                    -1
image_success Min                    -1
Final image_success Mean             -1
Final image_success Std               0
Final image_success Max              -1
Final image_success Min              -1
vae_mdist Mean                     8302.81
vae_mdist Std                      4087.41
vae_mdist Max                     25657.6
vae_mdist Min                      1454.55
Final vae_mdist Mean               6977.43
Final vae_mdist Std                3488.39
Final vae_mdist Max               13021.1
Final vae_mdist Min                1767.39
vae_success Mean                      0
vae_success Std                       0
vae_success Max                       0
vae_success Min                       0
Final vae_success Mean                0
Final vae_success Std                 0
Final vae_success Max                 0
Final vae_success Min                 0
vae_dist Mean                         5.92003
vae_dist Std                          1.36793
vae_dist Max                         11.6825
vae_dist Min                          3.30902
Final vae_dist Mean                   6.39842
Final vae_dist Std                    1.444
Final vae_dist Max                    8.08112
Final vae_dist Min                    3.50542
AverageReturn                      -592.003
Number of train steps total       28004
Number of env steps total         11000
Number of rollouts total            110
Train Time (s)                       19.8584
(Previous) Eval Time (s)              6.29319
Sample Time (s)                       5.32648
Epoch Time (s)                       31.4781
Total Train Time (s)                250.529
Epoch                                10
--------------------------------  --------------
2025-08-25 16:08:22.905135 +07 | [08-25-rlkit-pick-and-place-p3-vae-rig_2025_08_25_15_54_12_0000--s-48344] Iteration #10 | Epoch Duration: 29.81317710876465
2025-08-25 16:08:22.905287 +07 | [08-25-rlkit-pick-and-place-p3-vae-rig_2025_08_25_15_54_12_0000--s-48344] Iteration #10 | Started Training: True
2025-08-25 16:08:48.040738 +07 | [08-25-rlkit-pick-and-place-p3-vae-rig_2025_08_25_15_54_12_0000--s-48344] Iteration #11 | Collecting samples for evaluation
--------------------------------  ---------------
QF1 Loss                             31.9245
QF2 Loss                             27.4355
Policy Loss                         162.636
Q1 Predictions Mean                -165.63
Q1 Predictions Std                  106.821
Q1 Predictions Max                  -11.8835
Q1 Predictions Min                 -371.853
Q2 Predictions Mean                -166.091
Q2 Predictions Std                  107.334
Q2 Predictions Max                   -8.8413
Q2 Predictions Min                 -376.084
Q Targets Mean                     -166.69
Q Targets Std                       107.533
Q Targets Max                       -11.423
Q Targets Min                      -378.95
Bellman Errors 1 Mean                31.9245
Bellman Errors 1 Std                 56.3193
Bellman Errors 1 Max                405.854
Bellman Errors 1 Min                  0.000458306
Bellman Errors 2 Mean                27.4355
Bellman Errors 2 Std                 47.1484
Bellman Errors 2 Max                340.606
Bellman Errors 2 Min                  0.000206496
Policy Action Mean                    0.0625906
Policy Action Std                     0.793613
Policy Action Max                     1
Policy Action Min                    -1
Test Rewards Mean                    -5.46948
Test Rewards Std                      1.38551
Test Rewards Max                     -3.21472
Test Rewards Min                    -11.8106
Test Returns Mean                  -546.948
Test Returns Std                    109.982
Test Returns Max                   -367.573
Test Returns Min                   -750.359
Test Actions Mean                     0.0900634
Test Actions Std                      0.583225
Test Actions Max                      1
Test Actions Min                     -1
Num Paths                            10
Exploration Rewards Mean             -5.66214
Exploration Rewards Std               1.04448
Exploration Rewards Max              -3.75754
Exploration Rewards Min             -10.939
Exploration Returns Mean           -566.214
Exploration Returns Std              55.1838
Exploration Returns Max            -478.681
Exploration Returns Min            -635.972
Exploration Actions Mean              0.0880353
Exploration Actions Std               0.651908
Exploration Actions Max               1
Exploration Actions Min              -1
touch_distance Mean                   0.364634
touch_distance Std                    0.0799039
touch_distance Max                    0.552624
touch_distance Min                    0.152839
Final touch_distance Mean             0.387559
Final touch_distance Std              0.0446033
Final touch_distance Max              0.442835
Final touch_distance Min              0.290191
hand_success Mean                     0.000909091
hand_success Std                      0.0301374
hand_success Max                      1
hand_success Min                      0
Final hand_success Mean               0
Final hand_success Std                0
Final hand_success Max                0
Final hand_success Min                0
obj_success Mean                      0
obj_success Std                       0
obj_success Max                       0
obj_success Min                       0
Final obj_success Mean                0
Final obj_success Std                 0
Final obj_success Max                 0
Final obj_success Min                 0
hand_and_obj_success Mean             0
hand_and_obj_success Std              0
hand_and_obj_success Max              0
hand_and_obj_success Min              0
Final hand_and_obj_success Mean       0
Final hand_and_obj_success Std        0
Final hand_and_obj_success Max        0
Final hand_and_obj_success Min        0
touch_success Mean                    0
touch_success Std                     0
touch_success Max                     0
touch_success Min                     0
Final touch_success Mean              0
Final touch_success Std               0
Final touch_success Max               0
Final touch_success Min               0
hand_distance Mean                    0.241787
hand_distance Std                     0.105812
hand_distance Max                     0.541214
hand_distance Min                     0.0583444
Final hand_distance Mean              0.251452
Final hand_distance Std               0.111147
Final hand_distance Max               0.383545
Final hand_distance Min               0.101625
obj_distance Mean                     0.26124
obj_distance Std                      0.113237
obj_distance Max                      0.507649
obj_distance Min                      0.103346
Final obj_distance Mean               0.26124
Final obj_distance Std                0.113237
Final obj_distance Max                0.507648
Final obj_distance Min                0.103346
hand_and_obj_distance Mean            0.503027
hand_and_obj_distance Std             0.133493
hand_and_obj_distance Max             0.731546
hand_and_obj_distance Min             0.229656
Final hand_and_obj_distance Mean      0.512693
Final hand_and_obj_distance Std       0.121257
Final hand_and_obj_distance Max       0.674142
Final hand_and_obj_distance Min       0.258615
total_pickups Mean                    0
total_pickups Std                     0
total_pickups Max                     0
total_pickups Min                     0
Final total_pickups Mean              0
Final total_pickups Std               0
Final total_pickups Max               0
Final total_pickups Min               0
image_dist Mean                      21.1967
image_dist Std                        4.56592
image_dist Max                       31.6247
image_dist Min                       12.7207
Final image_dist Mean                20.7526
Final image_dist Std                  5.39722
Final image_dist Max                 29.7899
Final image_dist Min                 12.8503
image_success Mean                   -1
image_success Std                     0
image_success Max                    -1
image_success Min                    -1
Final image_success Mean             -1
Final image_success Std               0
Final image_success Max              -1
Final image_success Min              -1
vae_mdist Mean                     8236.2
vae_mdist Std                      3911.82
vae_mdist Max                     25464.5
vae_mdist Min                       904.185
Final vae_mdist Mean               7274.07
Final vae_mdist Std                3764.11
Final vae_mdist Max               15685.7
Final vae_mdist Min                1577.74
vae_success Mean                      0
vae_success Std                       0
vae_success Max                       0
vae_success Min                       0
Final vae_success Mean                0
Final vae_success Std                 0
Final vae_success Max                 0
Final vae_success Min                 0
vae_dist Mean                         5.46948
vae_dist Std                          1.38551
vae_dist Max                         11.8106
vae_dist Min                          3.21472
Final vae_dist Mean                   5.1001
Final vae_dist Std                    1.31415
Final vae_dist Max                    7.52586
Final vae_dist Min                    3.2442
AverageReturn                      -546.948
Number of train steps total       32004
Number of env steps total         12000
Number of rollouts total            120
Train Time (s)                       19.7547
(Previous) Eval Time (s)              4.60909
Sample Time (s)                       5.26757
Epoch Time (s)                       29.6314
Total Train Time (s)                282.176
Epoch                                11
--------------------------------  ---------------
2025-08-25 16:08:54.572812 +07 | [08-25-rlkit-pick-and-place-p3-vae-rig_2025_08_25_15_54_12_0000--s-48344] Iteration #11 | Epoch Duration: 31.667444944381714
2025-08-25 16:08:54.572941 +07 | [08-25-rlkit-pick-and-place-p3-vae-rig_2025_08_25_15_54_12_0000--s-48344] Iteration #11 | Started Training: True
2025-08-25 16:09:16.165011 +07 | [08-25-rlkit-pick-and-place-p3-vae-rig_2025_08_25_15_54_12_0000--s-48344] Iteration #12 | Collecting samples for evaluation
--------------------------------  ---------------
QF1 Loss                             24.67
QF2 Loss                             29.0768
Policy Loss                         181.989
Q1 Predictions Mean                -186.991
Q1 Predictions Std                  109.037
Q1 Predictions Max                  -23.9799
Q1 Predictions Min                 -431.539
Q2 Predictions Mean                -186.716
Q2 Predictions Std                  108.745
Q2 Predictions Max                  -25.0401
Q2 Predictions Min                 -432.886
Q Targets Mean                     -185.777
Q Targets Std                       109.425
Q Targets Max                       -24.7314
Q Targets Min                      -439.591
Bellman Errors 1 Mean                24.67
Bellman Errors 1 Std                 42.4298
Bellman Errors 1 Max                269.247
Bellman Errors 1 Min                  9.92051e-05
Bellman Errors 2 Mean                29.0768
Bellman Errors 2 Std                 43.0332
Bellman Errors 2 Max                218.419
Bellman Errors 2 Min                  0.0170688
Policy Action Mean                    0.0295812
Policy Action Std                     0.819808
Policy Action Max                     1
Policy Action Min                    -1
Test Rewards Mean                    -6.24274
Test Rewards Std                      1.61768
Test Rewards Max                     -4.07996
Test Rewards Min                    -12.407
Test Returns Mean                  -624.274
Test Returns Std                    103.086
Test Returns Max                   -480.833
Test Returns Min                   -829.88
Test Actions Mean                    -0.0243876
Test Actions Std                      0.696439
Test Actions Max                      1
Test Actions Min                     -1
Num Paths                            10
Exploration Rewards Mean             -5.38992
Exploration Rewards Std               1.53429
Exploration Rewards Max              -2.9489
Exploration Rewards Min             -14.6142
Exploration Returns Mean           -538.992
Exploration Returns Std             103.439
Exploration Returns Max            -381.701
Exploration Returns Min            -716.473
Exploration Actions Mean              0.0183849
Exploration Actions Std               0.647737
Exploration Actions Max               1
Exploration Actions Min              -1
touch_distance Mean                   0.377186
touch_distance Std                    0.109651
touch_distance Max                    0.644912
touch_distance Min                    0.22393
Final touch_distance Mean             0.387953
Final touch_distance Std              0.126483
Final touch_distance Max              0.644497
Final touch_distance Min              0.231359
hand_success Mean                     0
hand_success Std                      0
hand_success Max                      0
hand_success Min                      0
Final hand_success Mean               0
Final hand_success Std                0
Final hand_success Max                0
Final hand_success Min                0
obj_success Mean                      0
obj_success Std                       0
obj_success Max                       0
obj_success Min                       0
Final obj_success Mean                0
Final obj_success Std                 0
Final obj_success Max                 0
Final obj_success Min                 0
hand_and_obj_success Mean             0
hand_and_obj_success Std              0
hand_and_obj_success Max              0
hand_and_obj_success Min              0
Final hand_and_obj_success Mean       0
Final hand_and_obj_success Std        0
Final hand_and_obj_success Max        0
Final hand_and_obj_success Min        0
touch_success Mean                    0
touch_success Std                     0
touch_success Max                     0
touch_success Min                     0
Final touch_success Mean              0
Final touch_success Std               0
Final touch_success Max               0
Final touch_success Min               0
hand_distance Mean                    0.327787
hand_distance Std                     0.139119
hand_distance Max                     0.626508
hand_distance Min                     0.100748
Final hand_distance Mean              0.338335
Final hand_distance Std               0.149873
Final hand_distance Max               0.625938
Final hand_distance Min               0.121389
obj_distance Mean                     0.307835
obj_distance Std                      0.150403
obj_distance Max                      0.560421
obj_distance Min                      0.138434
Final obj_distance Mean               0.307835
Final obj_distance Std                0.150403
Final obj_distance Max                0.56042
Final obj_distance Min                0.138434
hand_and_obj_distance Mean            0.635622
hand_and_obj_distance Std             0.243352
hand_and_obj_distance Max             1.09224
hand_and_obj_distance Min             0.239182
Final hand_and_obj_distance Mean      0.64617
Final hand_and_obj_distance Std       0.252642
Final hand_and_obj_distance Max       1.09123
Final hand_and_obj_distance Min       0.267916
total_pickups Mean                    0
total_pickups Std                     0
total_pickups Max                     0
total_pickups Min                     0
Final total_pickups Mean              0
Final total_pickups Std               0
Final total_pickups Max               0
Final total_pickups Min               0
image_dist Mean                      22.8661
image_dist Std                        6.10223
image_dist Max                       30.9529
image_dist Min                       10.4169
Final image_dist Mean                23.1561
Final image_dist Std                  6.40797
Final image_dist Max                 30.2267
Final image_dist Min                 13.0381
image_success Mean                   -1
image_success Std                     0
image_success Max                    -1
image_success Min                    -1
Final image_success Mean             -1
Final image_success Std               0
Final image_success Max              -1
Final image_success Min              -1
vae_mdist Mean                    10529.4
vae_mdist Std                      4841.74
vae_mdist Max                     38486.1
vae_mdist Min                      4333.08
Final vae_mdist Mean              10259.5
Final vae_mdist Std                3965.93
Final vae_mdist Max               20287
Final vae_mdist Min                6592.3
vae_success Mean                      0
vae_success Std                       0
vae_success Max                       0
vae_success Min                       0
Final vae_success Mean                0
Final vae_success Std                 0
Final vae_success Max                 0
Final vae_success Min                 0
vae_dist Mean                         6.24274
vae_dist Std                          1.61768
vae_dist Max                         12.407
vae_dist Min                          4.07996
Final vae_dist Mean                   5.56288
Final vae_dist Std                    0.904707
Final vae_dist Max                    7.24175
Final vae_dist Min                    4.0984
AverageReturn                      -624.274
Number of train steps total       36004
Number of env steps total         13000
Number of rollouts total            130
Train Time (s)                       16.6817
(Previous) Eval Time (s)              6.6284
Sample Time (s)                       4.7996
Epoch Time (s)                       28.1097
Total Train Time (s)                309.851
Epoch                                12
--------------------------------  ---------------
2025-08-25 16:09:22.257790 +07 | [08-25-rlkit-pick-and-place-p3-vae-rig_2025_08_25_15_54_12_0000--s-48344] Iteration #12 | Epoch Duration: 27.684657096862793
2025-08-25 16:09:22.257922 +07 | [08-25-rlkit-pick-and-place-p3-vae-rig_2025_08_25_15_54_12_0000--s-48344] Iteration #12 | Started Training: True
2025-08-25 16:09:51.491157 +07 | [08-25-rlkit-pick-and-place-p3-vae-rig_2025_08_25_15_54_12_0000--s-48344] Iteration #13 | Collecting samples for evaluation
--------------------------------  ---------------
QF1 Loss                             32.8146
QF2 Loss                             29.794
Policy Loss                         191.795
Q1 Predictions Mean                -198.241
Q1 Predictions Std                  112.605
Q1 Predictions Max                  -19.1188
Q1 Predictions Min                 -407.112
Q2 Predictions Mean                -197.528
Q2 Predictions Std                  111.948
Q2 Predictions Max                  -19.1361
Q2 Predictions Min                 -407.301
Q Targets Mean                     -197.006
Q Targets Std                       111.578
Q Targets Max                       -21.8781
Q Targets Min                      -398.407
Bellman Errors 1 Mean                32.8146
Bellman Errors 1 Std                 60.9927
Bellman Errors 1 Max                322.431
Bellman Errors 1 Min                  0.00194193
Bellman Errors 2 Mean                29.794
Bellman Errors 2 Std                 57.5356
Bellman Errors 2 Max                296.63
Bellman Errors 2 Min                  8.25107e-06
Policy Action Mean                   -0.0129139
Policy Action Std                     0.844011
Policy Action Max                     1
Policy Action Min                    -1
Test Rewards Mean                    -5.69546
Test Rewards Std                      1.68644
Test Rewards Max                     -3.25066
Test Rewards Min                    -12.1321
Test Returns Mean                  -569.546
Test Returns Std                    143.82
Test Returns Max                   -462.447
Test Returns Min                   -977.534
Test Actions Mean                    -0.000265349
Test Actions Std                      0.677697
Test Actions Max                      1
Test Actions Min                     -1
Num Paths                            10
Exploration Rewards Mean             -5.45843
Exploration Rewards Std               1.32087
Exploration Rewards Max              -2.41854
Exploration Rewards Min              -9.63916
Exploration Returns Mean           -545.843
Exploration Returns Std             112.501
Exploration Returns Max            -344.643
Exploration Returns Min            -685.127
Exploration Actions Mean             -0.01264
Exploration Actions Std               0.638783
Exploration Actions Max               1
Exploration Actions Min              -1
touch_distance Mean                   0.427181
touch_distance Std                    0.142907
touch_distance Max                    0.721807
touch_distance Min                    0.131674
Final touch_distance Mean             0.448423
Final touch_distance Std              0.152899
Final touch_distance Max              0.721487
Final touch_distance Min              0.153762
hand_success Mean                     0
hand_success Std                      0
hand_success Max                      0
hand_success Min                      0
Final hand_success Mean               0
Final hand_success Std                0
Final hand_success Max                0
Final hand_success Min                0
obj_success Mean                      0.0909091
obj_success Std                       0.28748
obj_success Max                       1
obj_success Min                       0
Final obj_success Mean                0.0909091
Final obj_success Std                 0.28748
Final obj_success Max                 1
Final obj_success Min                 0
hand_and_obj_success Mean             0
hand_and_obj_success Std              0
hand_and_obj_success Max              0
hand_and_obj_success Min              0
Final hand_and_obj_success Mean       0
Final hand_and_obj_success Std        0
Final hand_and_obj_success Max        0
Final hand_and_obj_success Min        0
touch_success Mean                    0
touch_success Std                     0
touch_success Max                     0
touch_success Min                     0
Final touch_success Mean              0
Final touch_success Std               0
Final touch_success Max               0
Final touch_success Min               0
hand_distance Mean                    0.292022
hand_distance Std                     0.117443
hand_distance Max                     0.618936
hand_distance Min                     0.0626679
Final hand_distance Mean              0.338484
Final hand_distance Std               0.13049
Final hand_distance Max               0.6153
Final hand_distance Min               0.149907
obj_distance Mean                     0.350169
obj_distance Std                      0.155024
obj_distance Max                      0.641124
obj_distance Min                      0.0365233
Final obj_distance Mean               0.350169
Final obj_distance Std                0.155024
Final obj_distance Max                0.641124
Final obj_distance Min                0.0365233
hand_and_obj_distance Mean            0.642192
hand_and_obj_distance Std             0.17473
hand_and_obj_distance Max             0.987258
hand_and_obj_distance Min             0.29729
Final hand_and_obj_distance Mean      0.688653
Final hand_and_obj_distance Std       0.180374
Final hand_and_obj_distance Max       0.983622
Final hand_and_obj_distance Min       0.423346
total_pickups Mean                    0
total_pickups Std                     0
total_pickups Max                     0
total_pickups Min                     0
Final total_pickups Mean              0
Final total_pickups Std               0
Final total_pickups Max               0
Final total_pickups Min               0
image_dist Mean                      19.9422
image_dist Std                        4.96886
image_dist Max                       28.3999
image_dist Min                        9.91073
Final image_dist Mean                19.8194
Final image_dist Std                  5.00727
Final image_dist Max                 27.8641
Final image_dist Min                 12.808
image_success Mean                   -0.997273
image_success Std                     0.052152
image_success Max                     0
image_success Min                    -1
Final image_success Mean             -1
Final image_success Std               0
Final image_success Max              -1
Final image_success Min              -1
vae_mdist Mean                     6617.47
vae_mdist Std                      2903.52
vae_mdist Max                     33461.3
vae_mdist Min                      1507.97
Final vae_mdist Mean               6187.7
Final vae_mdist Std                2473.67
Final vae_mdist Max               10514.3
Final vae_mdist Min                2279.02
vae_success Mean                      0
vae_success Std                       0
vae_success Max                       0
vae_success Min                       0
Final vae_success Mean                0
Final vae_success Std                 0
Final vae_success Max                 0
Final vae_success Min                 0
vae_dist Mean                         5.69546
vae_dist Std                          1.68644
vae_dist Max                         12.1321
vae_dist Min                          3.25066
Final vae_dist Mean                   5.41769
Final vae_dist Std                    1.81548
Final vae_dist Max                   10.7595
Final vae_dist Min                    4.00846
AverageReturn                      -569.546
Number of train steps total       40004
Number of env steps total         14000
Number of rollouts total            140
Train Time (s)                       23.3812
(Previous) Eval Time (s)              6.1879
Sample Time (s)                       5.75719
Epoch Time (s)                       35.3263
Total Train Time (s)                343.67
Epoch                                13
--------------------------------  ---------------
2025-08-25 16:09:56.091793 +07 | [08-25-rlkit-pick-and-place-p3-vae-rig_2025_08_25_15_54_12_0000--s-48344] Iteration #13 | Epoch Duration: 33.833760261535645
2025-08-25 16:09:56.091883 +07 | [08-25-rlkit-pick-and-place-p3-vae-rig_2025_08_25_15_54_12_0000--s-48344] Iteration #13 | Started Training: True
2025-08-25 16:10:25.100676 +07 | [08-25-rlkit-pick-and-place-p3-vae-rig_2025_08_25_15_54_12_0000--s-48344] Iteration #14 | Collecting samples for evaluation
--------------------------------  --------------
QF1 Loss                             40.5379
QF2 Loss                             34.1281
Policy Loss                         204.372
Q1 Predictions Mean                -206.672
Q1 Predictions Std                  120.992
Q1 Predictions Max                    7.28597
Q1 Predictions Min                 -447.734
Q2 Predictions Mean                -207.922
Q2 Predictions Std                  121.83
Q2 Predictions Max                    7.53597
Q2 Predictions Min                 -454.363
Q Targets Mean                     -208.722
Q Targets Std                       123.358
Q Targets Max                        10.3533
Q Targets Min                      -469.288
Bellman Errors 1 Mean                40.5379
Bellman Errors 1 Std                 77.8361
Bellman Errors 1 Max                558.996
Bellman Errors 1 Min                  0.00213336
Bellman Errors 2 Mean                34.1281
Bellman Errors 2 Std                 73.9024
Bellman Errors 2 Max                707.668
Bellman Errors 2 Min                  0.0149496
Policy Action Mean                    0.0765125
Policy Action Std                     0.832494
Policy Action Max                     1
Policy Action Min                    -1
Test Rewards Mean                    -5.12075
Test Rewards Std                      2.01165
Test Rewards Max                     -2.82288
Test Rewards Min                    -11.9859
Test Returns Mean                  -512.075
Test Returns Std                    175.51
Test Returns Max                   -351.907
Test Returns Min                  -1026.49
Test Actions Mean                    -0.014464
Test Actions Std                      0.632243
Test Actions Max                      1
Test Actions Min                     -1
Num Paths                            10
Exploration Rewards Mean             -5.65449
Exploration Rewards Std               1.28909
Exploration Rewards Max              -3.16173
Exploration Rewards Min             -14.4001
Exploration Returns Mean           -565.449
Exploration Returns Std              70.1949
Exploration Returns Max            -445.106
Exploration Returns Min            -664.133
Exploration Actions Mean             -0.04354
Exploration Actions Std               0.634689
Exploration Actions Max               1
Exploration Actions Min              -1
touch_distance Mean                   0.377192
touch_distance Std                    0.0552932
touch_distance Max                    0.497784
touch_distance Min                    0.182693
Final touch_distance Mean             0.403636
Final touch_distance Std              0.0568866
Final touch_distance Max              0.496574
Final touch_distance Min              0.308801
hand_success Mean                     0
hand_success Std                      0
hand_success Max                      0
hand_success Min                      0
Final hand_success Mean               0
Final hand_success Std                0
Final hand_success Max                0
Final hand_success Min                0
obj_success Mean                      0
obj_success Std                       0
obj_success Max                       0
obj_success Min                       0
Final obj_success Mean                0
Final obj_success Std                 0
Final obj_success Max                 0
Final obj_success Min                 0
hand_and_obj_success Mean             0
hand_and_obj_success Std              0
hand_and_obj_success Max              0
hand_and_obj_success Min              0
Final hand_and_obj_success Mean       0
Final hand_and_obj_success Std        0
Final hand_and_obj_success Max        0
Final hand_and_obj_success Min        0
touch_success Mean                    0
touch_success Std                     0
touch_success Max                     0
touch_success Min                     0
Final touch_success Mean              0
Final touch_success Std               0
Final touch_success Max               0
Final touch_success Min               0
hand_distance Mean                    0.302112
hand_distance Std                     0.122649
hand_distance Max                     0.541607
hand_distance Min                     0.0739928
Final hand_distance Mean              0.327381
Final hand_distance Std               0.128695
Final hand_distance Max               0.54157
Final hand_distance Min               0.104005
obj_distance Mean                     0.277972
obj_distance Std                      0.0698922
obj_distance Max                      0.38731
obj_distance Min                      0.185156
Final obj_distance Mean               0.277972
Final obj_distance Std                0.0698922
Final obj_distance Max                0.387309
Final obj_distance Min                0.185156
hand_and_obj_distance Mean            0.580084
hand_and_obj_distance Std             0.15492
hand_and_obj_distance Max             0.928916
hand_and_obj_distance Min             0.297069
Final hand_and_obj_distance Mean      0.605353
Final hand_and_obj_distance Std       0.160883
Final hand_and_obj_distance Max       0.928879
Final hand_and_obj_distance Min       0.368908
total_pickups Mean                    0
total_pickups Std                     0
total_pickups Max                     0
total_pickups Min                     0
Final total_pickups Mean              0
Final total_pickups Std               0
Final total_pickups Max               0
Final total_pickups Min               0
image_dist Mean                      22.6247
image_dist Std                        3.81254
image_dist Max                       28.5667
image_dist Min                       11.3231
Final image_dist Mean                23.0159
Final image_dist Std                  3.65737
Final image_dist Max                 28.3763
Final image_dist Min                 16.313
image_success Mean                   -1
image_success Std                     0
image_success Max                    -1
image_success Min                    -1
Final image_success Mean             -1
Final image_success Std               0
Final image_success Max              -1
Final image_success Min              -1
vae_mdist Mean                     5264.82
vae_mdist Std                      2283.02
vae_mdist Max                     20023.4
vae_mdist Min                      1998.77
Final vae_mdist Mean               4932.66
Final vae_mdist Std                1809.15
Final vae_mdist Max                9166.46
Final vae_mdist Min                2320.95
vae_success Mean                      0
vae_success Std                       0
vae_success Max                       0
vae_success Min                       0
Final vae_success Mean                0
Final vae_success Std                 0
Final vae_success Max                 0
Final vae_success Min                 0
vae_dist Mean                         5.12075
vae_dist Std                          2.01165
vae_dist Max                         11.9859
vae_dist Min                          2.82288
Final vae_dist Mean                   5.03667
Final vae_dist Std                    2.05299
Final vae_dist Max                    9.52888
Final vae_dist Min                    3.13229
AverageReturn                      -512.075
Number of train steps total       44004
Number of env steps total         15000
Number of rollouts total            150
Train Time (s)                       23.332
(Previous) Eval Time (s)              4.67739
Sample Time (s)                       5.57597
Epoch Time (s)                       33.5853
Total Train Time (s)                377.169
Epoch                                14
--------------------------------  --------------
2025-08-25 16:10:29.609748 +07 | [08-25-rlkit-pick-and-place-p3-vae-rig_2025_08_25_15_54_12_0000--s-48344] Iteration #14 | Epoch Duration: 33.51779079437256
2025-08-25 16:10:29.609846 +07 | [08-25-rlkit-pick-and-place-p3-vae-rig_2025_08_25_15_54_12_0000--s-48344] Iteration #14 | Started Training: True
2025-08-25 16:10:55.370904 +07 | [08-25-rlkit-pick-and-place-p3-vae-rig_2025_08_25_15_54_12_0000--s-48344] Iteration #15 | Collecting samples for evaluation
--------------------------------  ---------------
QF1 Loss                             20.1472
QF2 Loss                             25.8513
Policy Loss                         211.415
Q1 Predictions Mean                -214.283
Q1 Predictions Std                  132.151
Q1 Predictions Max                   -9.43057
Q1 Predictions Min                 -489.808
Q2 Predictions Mean                -214.985
Q2 Predictions Std                  132.971
Q2 Predictions Max                   -6.17503
Q2 Predictions Min                 -486.798
Q Targets Mean                     -214.361
Q Targets Std                       132.376
Q Targets Max                        -6.4708
Q Targets Min                      -492.258
Bellman Errors 1 Mean                20.1472
Bellman Errors 1 Std                 32.4788
Bellman Errors 1 Max                168.246
Bellman Errors 1 Min                  0.000271574
Bellman Errors 2 Mean                25.8513
Bellman Errors 2 Std                 41.968
Bellman Errors 2 Max                208.361
Bellman Errors 2 Min                  0.000225096
Policy Action Mean                   -0.0598084
Policy Action Std                     0.829479
Policy Action Max                     1
Policy Action Min                    -1
Test Rewards Mean                    -5.51481
Test Rewards Std                      1.33154
Test Rewards Max                     -2.92997
Test Rewards Min                    -10.9806
Test Returns Mean                  -551.481
Test Returns Std                    108.451
Test Returns Max                   -383.07
Test Returns Min                   -747.805
Test Actions Mean                     0.0343908
Test Actions Std                      0.680881
Test Actions Max                      1
Test Actions Min                     -1
Num Paths                            10
Exploration Rewards Mean             -5.56881
Exploration Rewards Std               1.45425
Exploration Rewards Max              -2.95409
Exploration Rewards Min             -14.3564
Exploration Returns Mean           -556.881
Exploration Returns Std              99.3477
Exploration Returns Max            -376.261
Exploration Returns Min            -748.578
Exploration Actions Mean              0.0184843
Exploration Actions Std               0.654078
Exploration Actions Max               1
Exploration Actions Min              -1
touch_distance Mean                   0.395162
touch_distance Std                    0.069443
touch_distance Max                    0.523709
touch_distance Min                    0.191957
Final touch_distance Mean             0.426013
Final touch_distance Std              0.0644483
Final touch_distance Max              0.523467
Final touch_distance Min              0.305673
hand_success Mean                     0.000909091
hand_success Std                      0.0301374
hand_success Max                      1
hand_success Min                      0
Final hand_success Mean               0
Final hand_success Std                0
Final hand_success Max                0
Final hand_success Min                0
obj_success Mean                      0
obj_success Std                       0
obj_success Max                       0
obj_success Min                       0
Final obj_success Mean                0
Final obj_success Std                 0
Final obj_success Max                 0
Final obj_success Min                 0
hand_and_obj_success Mean             0
hand_and_obj_success Std              0
hand_and_obj_success Max              0
hand_and_obj_success Min              0
Final hand_and_obj_success Mean       0
Final hand_and_obj_success Std        0
Final hand_and_obj_success Max        0
Final hand_and_obj_success Min        0
touch_success Mean                    0
touch_success Std                     0
touch_success Max                     0
touch_success Min                     0
Final touch_success Mean              0
Final touch_success Std               0
Final touch_success Max               0
Final touch_success Min               0
hand_distance Mean                    0.300365
hand_distance Std                     0.105646
hand_distance Max                     0.5566
hand_distance Min                     0.0571859
Final hand_distance Mean              0.337412
Final hand_distance Std               0.100271
Final hand_distance Max               0.5566
Final hand_distance Min               0.220595
obj_distance Mean                     0.221792
obj_distance Std                      0.0826406
obj_distance Max                      0.394014
obj_distance Min                      0.119165
Final obj_distance Mean               0.221792
Final obj_distance Std                0.0826406
Final obj_distance Max                0.394014
Final obj_distance Min                0.119165
hand_and_obj_distance Mean            0.522156
hand_and_obj_distance Std             0.136704
hand_and_obj_distance Max             0.795713
hand_and_obj_distance Min             0.177306
Final hand_and_obj_distance Mean      0.559203
Final hand_and_obj_distance Std       0.13786
Final hand_and_obj_distance Max       0.795713
Final hand_and_obj_distance Min       0.361076
total_pickups Mean                    0
total_pickups Std                     0
total_pickups Max                     0
total_pickups Min                     0
Final total_pickups Mean              0
Final total_pickups Std               0
Final total_pickups Max               0
Final total_pickups Min               0
image_dist Mean                      22.6291
image_dist Std                        5.72492
image_dist Max                       30.7204
image_dist Min                        9.42163
Final image_dist Mean                22.8729
Final image_dist Std                  5.32984
Final image_dist Max                 30.2728
Final image_dist Min                 13.302
image_success Mean                   -0.996364
image_success Std                     0.0601925
image_success Max                     0
image_success Min                    -1
Final image_success Mean             -1
Final image_success Std               0
Final image_success Max              -1
Final image_success Min              -1
vae_mdist Mean                     7276.67
vae_mdist Std                      2882.58
vae_mdist Max                     18540.4
vae_mdist Min                      2609.01
Final vae_mdist Mean               6670.93
Final vae_mdist Std                2258.64
Final vae_mdist Max               10421
Final vae_mdist Min                2914.71
vae_success Mean                      0
vae_success Std                       0
vae_success Max                       0
vae_success Min                       0
Final vae_success Mean                0
Final vae_success Std                 0
Final vae_success Max                 0
Final vae_success Min                 0
vae_dist Mean                         5.51481
vae_dist Std                          1.33154
vae_dist Max                         10.9806
vae_dist Min                          2.92997
Final vae_dist Mean                   5.11559
Final vae_dist Std                    1.2935
Final vae_dist Max                    7.60677
Final vae_dist Min                    3.12514
AverageReturn                      -551.481
Number of train steps total       48004
Number of env steps total         16000
Number of rollouts total            160
Train Time (s)                       20.2988
(Previous) Eval Time (s)              4.59264
Sample Time (s)                       5.3391
Epoch Time (s)                       30.2306
Total Train Time (s)                409.299
Epoch                                15
--------------------------------  ---------------
2025-08-25 16:11:01.757966 +07 | [08-25-rlkit-pick-and-place-p3-vae-rig_2025_08_25_15_54_12_0000--s-48344] Iteration #15 | Epoch Duration: 32.1480233669281
2025-08-25 16:11:01.758080 +07 | [08-25-rlkit-pick-and-place-p3-vae-rig_2025_08_25_15_54_12_0000--s-48344] Iteration #15 | Started Training: True
2025-08-25 16:11:35.422079 +07 | [08-25-rlkit-pick-and-place-p3-vae-rig_2025_08_25_15_54_12_0000--s-48344] Iteration #16 | Collecting samples for evaluation
--------------------------------  ---------------
QF1 Loss                             24.8163
QF2 Loss                             24.09
Policy Loss                         222.708
Q1 Predictions Mean                -226.676
Q1 Predictions Std                  138.694
Q1 Predictions Max                   20.7106
Q1 Predictions Min                 -472.32
Q2 Predictions Mean                -226.457
Q2 Predictions Std                  138.589
Q2 Predictions Max                   18.8217
Q2 Predictions Min                 -474.408
Q Targets Mean                     -226.641
Q Targets Std                       138.318
Q Targets Max                        15.2577
Q Targets Min                      -483.482
Bellman Errors 1 Mean                24.8163
Bellman Errors 1 Std                 47.3077
Bellman Errors 1 Max                369.018
Bellman Errors 1 Min                  0.00054753
Bellman Errors 2 Mean                24.09
Bellman Errors 2 Std                 44.1395
Bellman Errors 2 Max                321.644
Bellman Errors 2 Min                  0.000663415
Policy Action Mean                   -0.0104331
Policy Action Std                     0.827512
Policy Action Max                     1
Policy Action Min                    -1
Test Rewards Mean                    -5.72538
Test Rewards Std                      1.2911
Test Rewards Max                     -3.58132
Test Rewards Min                    -13.9811
Test Returns Mean                  -572.538
Test Returns Std                    101.759
Test Returns Max                   -395.021
Test Returns Min                   -784.583
Test Actions Mean                     0.13237
Test Actions Std                      0.660641
Test Actions Max                      1
Test Actions Min                     -1
Num Paths                            10
Exploration Rewards Mean             -5.93247
Exploration Rewards Std               1.71006
Exploration Rewards Max              -3.14114
Exploration Rewards Min             -14.5733
Exploration Returns Mean           -593.247
Exploration Returns Std             128.576
Exploration Returns Max            -346.296
Exploration Returns Min            -741.672
Exploration Actions Mean              0.00312357
Exploration Actions Std               0.678781
Exploration Actions Max               1
Exploration Actions Min              -1
touch_distance Mean                   0.377889
touch_distance Std                    0.11321
touch_distance Max                    0.619382
touch_distance Min                    0.180759
Final touch_distance Mean             0.400587
Final touch_distance Std              0.109098
Final touch_distance Max              0.619382
Final touch_distance Min              0.262476
hand_success Mean                     0
hand_success Std                      0
hand_success Max                      0
hand_success Min                      0
Final hand_success Mean               0
Final hand_success Std                0
Final hand_success Max                0
Final hand_success Min                0
obj_success Mean                      0
obj_success Std                       0
obj_success Max                       0
obj_success Min                       0
Final obj_success Mean                0
Final obj_success Std                 0
Final obj_success Max                 0
Final obj_success Min                 0
hand_and_obj_success Mean             0
hand_and_obj_success Std              0
hand_and_obj_success Max              0
hand_and_obj_success Min              0
Final hand_and_obj_success Mean       0
Final hand_and_obj_success Std        0
Final hand_and_obj_success Max        0
Final hand_and_obj_success Min        0
touch_success Mean                    0
touch_success Std                     0
touch_success Max                     0
touch_success Min                     0
Final touch_success Mean              0
Final touch_success Std               0
Final touch_success Max               0
Final touch_success Min               0
hand_distance Mean                    0.348971
hand_distance Std                     0.116739
hand_distance Max                     0.570786
hand_distance Min                     0.0868147
Final hand_distance Mean              0.366455
Final hand_distance Std               0.109225
Final hand_distance Max               0.5425
Final hand_distance Min               0.183881
obj_distance Mean                     0.382028
obj_distance Std                      0.101177
obj_distance Max                      0.509896
obj_distance Min                      0.239224
Final obj_distance Mean               0.382028
Final obj_distance Std                0.101177
Final obj_distance Max                0.509895
Final obj_distance Min                0.239224
hand_and_obj_distance Mean            0.730999
hand_and_obj_distance Std             0.166022
hand_and_obj_distance Max             1.08068
hand_and_obj_distance Min             0.354701
Final hand_and_obj_distance Mean      0.748483
Final hand_and_obj_distance Std       0.151483
Final hand_and_obj_distance Max       0.947501
Final hand_and_obj_distance Min       0.423105
total_pickups Mean                    0
total_pickups Std                     0
total_pickups Max                     0
total_pickups Min                     0
Final total_pickups Mean              0
Final total_pickups Std               0
Final total_pickups Max               0
Final total_pickups Min               0
image_dist Mean                      23.4386
image_dist Std                        4.35741
image_dist Max                       30.2988
image_dist Min                       15.3828
Final image_dist Mean                23.5508
Final image_dist Std                  4.2368
Final image_dist Max                 29.3124
Final image_dist Min                 17.1032
image_success Mean                   -1
image_success Std                     0
image_success Max                    -1
image_success Min                    -1
Final image_success Mean             -1
Final image_success Std               0
Final image_success Max              -1
Final image_success Min              -1
vae_mdist Mean                     8399.26
vae_mdist Std                      4569.26
vae_mdist Max                     34625
vae_mdist Min                      1103.16
Final vae_mdist Mean               7308.07
Final vae_mdist Std                3679.49
Final vae_mdist Max               13679.8
Final vae_mdist Min                1510.33
vae_success Mean                      0
vae_success Std                       0
vae_success Max                       0
vae_success Min                       0
Final vae_success Mean                0
Final vae_success Std                 0
Final vae_success Max                 0
Final vae_success Min                 0
vae_dist Mean                         5.72538
vae_dist Std                          1.2911
vae_dist Max                         13.9811
vae_dist Min                          3.58132
Final vae_dist Mean                   5.64749
Final vae_dist Std                    1.20402
Final vae_dist Max                    7.59836
Final vae_dist Min                    3.8149
AverageReturn                      -572.538
Number of train steps total       52004
Number of env steps total         17000
Number of rollouts total            170
Train Time (s)                       27.2042
(Previous) Eval Time (s)              6.49371
Sample Time (s)                       6.33294
Epoch Time (s)                       40.0309
Total Train Time (s)                449.227
Epoch                                16
--------------------------------  ---------------
2025-08-25 16:11:41.721140 +07 | [08-25-rlkit-pick-and-place-p3-vae-rig_2025_08_25_15_54_12_0000--s-48344] Iteration #16 | Epoch Duration: 39.9629442691803
2025-08-25 16:11:41.721295 +07 | [08-25-rlkit-pick-and-place-p3-vae-rig_2025_08_25_15_54_12_0000--s-48344] Iteration #16 | Started Training: True
2025-08-25 16:12:08.906328 +07 | [08-25-rlkit-pick-and-place-p3-vae-rig_2025_08_25_15_54_12_0000--s-48344] Iteration #17 | Collecting samples for evaluation
--------------------------------  --------------
QF1 Loss                             30.3236
QF2 Loss                             30.9429
Policy Loss                         237.489
Q1 Predictions Mean                -241.569
Q1 Predictions Std                  144.482
Q1 Predictions Max                  -20.4685
Q1 Predictions Min                 -482.372
Q2 Predictions Mean                -241.067
Q2 Predictions Std                  144.199
Q2 Predictions Max                  -17.8936
Q2 Predictions Min                 -475.757
Q Targets Mean                     -243.069
Q Targets Std                       144.881
Q Targets Max                       -18.7303
Q Targets Min                      -489.657
Bellman Errors 1 Mean                30.3236
Bellman Errors 1 Std                 60.7201
Bellman Errors 1 Max                465.795
Bellman Errors 1 Min                  0.00368396
Bellman Errors 2 Mean                30.9429
Bellman Errors 2 Std                 57.9228
Bellman Errors 2 Max                361.619
Bellman Errors 2 Min                  0.00601917
Policy Action Mean                    0.0199176
Policy Action Std                     0.821224
Policy Action Max                     1
Policy Action Min                    -1
Test Rewards Mean                    -5.75859
Test Rewards Std                      1.19549
Test Rewards Max                     -3.62371
Test Rewards Min                    -18.4433
Test Returns Mean                  -575.859
Test Returns Std                     79.6602
Test Returns Max                   -448.922
Test Returns Min                   -724.04
Test Actions Mean                     0.099815
Test Actions Std                      0.637436
Test Actions Max                      1
Test Actions Min                     -1
Num Paths                            10
Exploration Rewards Mean             -5.2832
Exploration Rewards Std               2.06873
Exploration Rewards Max              -2.52801
Exploration Rewards Min             -19.45
Exploration Returns Mean           -528.32
Exploration Returns Std             160.19
Exploration Returns Max            -304.616
Exploration Returns Min            -822.364
Exploration Actions Mean              0.0971413
Exploration Actions Std               0.658085
Exploration Actions Max               1
Exploration Actions Min              -1
touch_distance Mean                   0.39009
touch_distance Std                    0.133855
touch_distance Max                    0.678462
touch_distance Min                    0.163615
Final touch_distance Mean             0.415419
Final touch_distance Std              0.147932
Final touch_distance Max              0.678375
Final touch_distance Min              0.174932
hand_success Mean                     0.09
hand_success Std                      0.286182
hand_success Max                      1
hand_success Min                      0
Final hand_success Mean               0
Final hand_success Std                0
Final hand_success Max                0
Final hand_success Min                0
obj_success Mean                      0.0909091
obj_success Std                       0.28748
obj_success Max                       1
obj_success Min                       0
Final obj_success Mean                0.0909091
Final obj_success Std                 0.28748
Final obj_success Max                 1
Final obj_success Min                 0
hand_and_obj_success Mean             0
hand_and_obj_success Std              0
hand_and_obj_success Max              0
hand_and_obj_success Min              0
Final hand_and_obj_success Mean       0
Final hand_and_obj_success Std        0
Final hand_and_obj_success Max        0
Final hand_and_obj_success Min        0
touch_success Mean                    0
touch_success Std                     0
touch_success Max                     0
touch_success Min                     0
Final touch_success Mean              0
Final touch_success Std               0
Final touch_success Max               0
Final touch_success Min               0
hand_distance Mean                    0.269459
hand_distance Std                     0.130698
hand_distance Max                     0.568881
hand_distance Min                     0.00924615
Final hand_distance Mean              0.322293
Final hand_distance Std               0.13442
Final hand_distance Max               0.568881
Final hand_distance Min               0.060116
obj_distance Mean                     0.290001
obj_distance Std                      0.150844
obj_distance Max                      0.570269
obj_distance Min                      0.0168534
Final obj_distance Mean               0.290001
Final obj_distance Std                0.150844
Final obj_distance Max                0.570267
Final obj_distance Min                0.0168534
hand_and_obj_distance Mean            0.559461
hand_and_obj_distance Std             0.149504
hand_and_obj_distance Max             0.869144
hand_and_obj_distance Min             0.198696
Final hand_and_obj_distance Mean      0.612295
Final hand_and_obj_distance Std       0.147266
Final hand_and_obj_distance Max       0.808094
Final hand_and_obj_distance Min       0.39012
total_pickups Mean                    0
total_pickups Std                     0
total_pickups Max                     0
total_pickups Min                     0
Final total_pickups Mean              0
Final total_pickups Std               0
Final total_pickups Max               0
Final total_pickups Min               0
image_dist Mean                      19.5307
image_dist Std                        5.58215
image_dist Max                       29.7558
image_dist Min                        5.18713
Final image_dist Mean                20.3013
Final image_dist Std                  5.1447
Final image_dist Max                 29.5043
Final image_dist Min                  9.12569
image_success Mean                   -0.923636
image_success Std                     0.265579
image_success Max                     0
image_success Min                    -1
Final image_success Mean             -0.909091
Final image_success Std               0.28748
Final image_success Max               0
Final image_success Min              -1
vae_mdist Mean                     8807.93
vae_mdist Std                      3364.36
vae_mdist Max                     26163.8
vae_mdist Min                      2151.61
Final vae_mdist Mean               9235.1
Final vae_mdist Std                3278.03
Final vae_mdist Max               14845.4
Final vae_mdist Min                3260.39
vae_success Mean                      0
vae_success Std                       0
vae_success Max                       0
vae_success Min                       0
Final vae_success Mean                0
Final vae_success Std                 0
Final vae_success Max                 0
Final vae_success Min                 0
vae_dist Mean                         5.75859
vae_dist Std                          1.19549
vae_dist Max                         18.4433
vae_dist Min                          3.62371
Final vae_dist Mean                   5.90851
Final vae_dist Std                    1.17555
Final vae_dist Max                    8.12997
Final vae_dist Min                    4.6805
AverageReturn                      -575.859
Number of train steps total       56004
Number of env steps total         18000
Number of rollouts total            180
Train Time (s)                       21.5687
(Previous) Eval Time (s)              6.40696
Sample Time (s)                       5.52147
Epoch Time (s)                       33.4972
Total Train Time (s)                480.895
Epoch                                17
--------------------------------  --------------
2025-08-25 16:12:13.390897 +07 | [08-25-rlkit-pick-and-place-p3-vae-rig_2025_08_25_15_54_12_0000--s-48344] Iteration #17 | Epoch Duration: 31.66946506500244
2025-08-25 16:12:13.391067 +07 | [08-25-rlkit-pick-and-place-p3-vae-rig_2025_08_25_15_54_12_0000--s-48344] Iteration #17 | Started Training: True
2025-08-25 16:12:43.697975 +07 | [08-25-rlkit-pick-and-place-p3-vae-rig_2025_08_25_15_54_12_0000--s-48344] Iteration #18 | Collecting samples for evaluation
--------------------------------  ---------------
QF1 Loss                             31.8388
QF2 Loss                             25.8103
Policy Loss                         244.353
Q1 Predictions Mean                -248.472
Q1 Predictions Std                  148.642
Q1 Predictions Max                  -22.844
Q1 Predictions Min                 -547.227
Q2 Predictions Mean                -247.409
Q2 Predictions Std                  148.358
Q2 Predictions Max                  -22.2096
Q2 Predictions Min                 -546.643
Q Targets Mean                     -245.722
Q Targets Std                       147.627
Q Targets Max                       -21.5388
Q Targets Min                      -535.599
Bellman Errors 1 Mean                31.8388
Bellman Errors 1 Std                 77.6171
Bellman Errors 1 Max                743.886
Bellman Errors 1 Min                  0.000594557
Bellman Errors 2 Mean                25.8103
Bellman Errors 2 Std                 61.5256
Bellman Errors 2 Max                452.96
Bellman Errors 2 Min                  0.000236571
Policy Action Mean                    0.0782793
Policy Action Std                     0.805702
Policy Action Max                     1
Policy Action Min                    -1
Test Rewards Mean                    -5.62138
Test Rewards Std                      1.4229
Test Rewards Max                     -2.79852
Test Rewards Min                    -10.335
Test Returns Mean                  -562.138
Test Returns Std                    119.394
Test Returns Max                   -359.125
Test Returns Min                   -736.091
Test Actions Mean                     0.0185808
Test Actions Std                      0.615184
Test Actions Max                      1
Test Actions Min                     -1
Num Paths                            10
Exploration Rewards Mean             -5.56726
Exploration Rewards Std               1.45645
Exploration Rewards Max              -1.78231
Exploration Rewards Min             -11.6918
Exploration Returns Mean           -556.726
Exploration Returns Std             107.663
Exploration Returns Max            -327.82
Exploration Returns Min            -719.351
Exploration Actions Mean              0.0298944
Exploration Actions Std               0.638905
Exploration Actions Max               1
Exploration Actions Min              -1
touch_distance Mean                   0.371729
touch_distance Std                    0.0692563
touch_distance Max                    0.534927
touch_distance Min                    0.230645
Final touch_distance Mean             0.392525
Final touch_distance Std              0.0739864
Final touch_distance Max              0.50268
Final touch_distance Min              0.265864
hand_success Mean                     0.000909091
hand_success Std                      0.0301374
hand_success Max                      1
hand_success Min                      0
Final hand_success Mean               0
Final hand_success Std                0
Final hand_success Max                0
Final hand_success Min                0
obj_success Mean                      0
obj_success Std                       0
obj_success Max                       0
obj_success Min                       0
Final obj_success Mean                0
Final obj_success Std                 0
Final obj_success Max                 0
Final obj_success Min                 0
hand_and_obj_success Mean             0
hand_and_obj_success Std              0
hand_and_obj_success Max              0
hand_and_obj_success Min              0
Final hand_and_obj_success Mean       0
Final hand_and_obj_success Std        0
Final hand_and_obj_success Max        0
Final hand_and_obj_success Min        0
touch_success Mean                    0
touch_success Std                     0
touch_success Max                     0
touch_success Min                     0
Final touch_success Mean              0
Final touch_success Std               0
Final touch_success Max               0
Final touch_success Min               0
hand_distance Mean                    0.245845
hand_distance Std                     0.0880792
hand_distance Max                     0.444351
hand_distance Min                     0.0589884
Final hand_distance Mean              0.265841
Final hand_distance Std               0.0865228
Final hand_distance Max               0.427707
Final hand_distance Min               0.113921
obj_distance Mean                     0.365511
obj_distance Std                      0.148452
obj_distance Max                      0.658787
obj_distance Min                      0.127867
Final obj_distance Mean               0.365511
Final obj_distance Std                0.148452
Final obj_distance Max                0.658787
Final obj_distance Min                0.127867
hand_and_obj_distance Mean            0.611357
hand_and_obj_distance Std             0.175271
hand_and_obj_distance Max             0.998383
hand_and_obj_distance Min             0.288918
Final hand_and_obj_distance Mean      0.631352
Final hand_and_obj_distance Std       0.17683
Final hand_and_obj_distance Max       0.992478
Final hand_and_obj_distance Min       0.348239
total_pickups Mean                    0
total_pickups Std                     0
total_pickups Max                     0
total_pickups Min                     0
Final total_pickups Mean              0
Final total_pickups Std               0
Final total_pickups Max               0
Final total_pickups Min               0
image_dist Mean                      22.2012
image_dist Std                        5.33038
image_dist Max                       32.2029
image_dist Min                        9.61077
Final image_dist Mean                22.8994
Final image_dist Std                  5.29685
Final image_dist Max                 31.6978
Final image_dist Min                 10.8633
image_success Mean                   -0.996364
image_success Std                     0.0601925
image_success Max                     0
image_success Min                    -1
Final image_success Mean             -1
Final image_success Std               0
Final image_success Max              -1
Final image_success Min              -1
vae_mdist Mean                     8158.95
vae_mdist Std                      3240.18
vae_mdist Max                     22920.7
vae_mdist Min                      2641.74
Final vae_mdist Mean               7120.73
Final vae_mdist Std                2388.58
Final vae_mdist Max               11176.7
Final vae_mdist Min                4135.2
vae_success Mean                      0
vae_success Std                       0
vae_success Max                       0
vae_success Min                       0
Final vae_success Mean                0
Final vae_success Std                 0
Final vae_success Max                 0
Final vae_success Min                 0
vae_dist Mean                         5.62138
vae_dist Std                          1.4229
vae_dist Max                         10.335
vae_dist Min                          2.79852
Final vae_dist Mean                   5.48207
Final vae_dist Std                    1.57029
Final vae_dist Max                    8.34738
Final vae_dist Min                    3.45435
AverageReturn                      -562.138
Number of train steps total       60004
Number of env steps total         19000
Number of rollouts total            190
Train Time (s)                       24.455
(Previous) Eval Time (s)              4.56292
Sample Time (s)                       5.73297
Epoch Time (s)                       34.7509
Total Train Time (s)                517.341
Epoch                                18
--------------------------------  ---------------
2025-08-25 16:12:49.853023 +07 | [08-25-rlkit-pick-and-place-p3-vae-rig_2025_08_25_15_54_12_0000--s-48344] Iteration #18 | Epoch Duration: 36.461875915527344
2025-08-25 16:12:49.853155 +07 | [08-25-rlkit-pick-and-place-p3-vae-rig_2025_08_25_15_54_12_0000--s-48344] Iteration #18 | Started Training: True
2025-08-25 16:13:20.964874 +07 | [08-25-rlkit-pick-and-place-p3-vae-rig_2025_08_25_15_54_12_0000--s-48344] Iteration #19 | Collecting samples for evaluation
--------------------------------  ---------------
QF1 Loss                             28.7937
QF2 Loss                             25.4638
Policy Loss                         253.638
Q1 Predictions Mean                -256.075
Q1 Predictions Std                  153.857
Q1 Predictions Max                    3.79377
Q1 Predictions Min                 -524.22
Q2 Predictions Mean                -255.002
Q2 Predictions Std                  153.369
Q2 Predictions Max                    6.32675
Q2 Predictions Min                 -527.268
Q Targets Mean                     -256.687
Q Targets Std                       153.506
Q Targets Max                         2.87453
Q Targets Min                      -526.556
Bellman Errors 1 Mean                28.7937
Bellman Errors 1 Std                 51.0071
Bellman Errors 1 Max                281.817
Bellman Errors 1 Min                  0.000100195
Bellman Errors 2 Mean                25.4638
Bellman Errors 2 Std                 47.7623
Bellman Errors 2 Max                299.624
Bellman Errors 2 Min                  0.000220088
Policy Action Mean                   -0.036359
Policy Action Std                     0.800956
Policy Action Max                     1
Policy Action Min                    -1
Test Rewards Mean                    -5.9037
Test Rewards Std                      1.26313
Test Rewards Max                     -3.41715
Test Rewards Min                    -14.4269
Test Returns Mean                  -590.37
Test Returns Std                     91.5338
Test Returns Max                   -422.19
Test Returns Min                   -717.025
Test Actions Mean                     0.187605
Test Actions Std                      0.694598
Test Actions Max                      1
Test Actions Min                     -1
Num Paths                            10
Exploration Rewards Mean             -5.62455
Exploration Rewards Std               1.69811
Exploration Rewards Max              -3.07506
Exploration Rewards Min             -13.5591
Exploration Returns Mean           -562.455
Exploration Returns Std             127.747
Exploration Returns Max            -388.416
Exploration Returns Min            -844.271
Exploration Actions Mean              0.0662547
Exploration Actions Std               0.619202
Exploration Actions Max               1
Exploration Actions Min              -1
touch_distance Mean                   0.372003
touch_distance Std                    0.0937035
touch_distance Max                    0.580058
touch_distance Min                    0.187239
Final touch_distance Mean             0.421579
Final touch_distance Std              0.0876727
Final touch_distance Max              0.56427
Final touch_distance Min              0.307892
hand_success Mean                     0.0227273
hand_success Std                      0.149033
hand_success Max                      1
hand_success Min                      0
Final hand_success Mean               0
Final hand_success Std                0
Final hand_success Max                0
Final hand_success Min                0
obj_success Mean                      0
obj_success Std                       0
obj_success Max                       0
obj_success Min                       0
Final obj_success Mean                0
Final obj_success Std                 0
Final obj_success Max                 0
Final obj_success Min                 0
hand_and_obj_success Mean             0
hand_and_obj_success Std              0
hand_and_obj_success Max              0
hand_and_obj_success Min              0
Final hand_and_obj_success Mean       0
Final hand_and_obj_success Std        0
Final hand_and_obj_success Max        0
Final hand_and_obj_success Min        0
touch_success Mean                    0
touch_success Std                     0
touch_success Max                     0
touch_success Min                     0
Final touch_success Mean              0
Final touch_success Std               0
Final touch_success Max               0
Final touch_success Min               0
hand_distance Mean                    0.268184
hand_distance Std                     0.131657
hand_distance Max                     0.533633
hand_distance Min                     0.0330672
Final hand_distance Mean              0.311389
Final hand_distance Std               0.136653
Final hand_distance Max               0.533484
Final hand_distance Min               0.118653
obj_distance Mean                     0.30104
obj_distance Std                      0.154655
obj_distance Max                      0.572528
obj_distance Min                      0.0909638
Final obj_distance Mean               0.30104
Final obj_distance Std                0.154655
Final obj_distance Max                0.572527
Final obj_distance Min                0.0909638
hand_and_obj_distance Mean            0.569224
hand_and_obj_distance Std             0.23162
hand_and_obj_distance Max             1.10616
hand_and_obj_distance Min             0.185378
Final hand_and_obj_distance Mean      0.612429
Final hand_and_obj_distance Std       0.248814
Final hand_and_obj_distance Max       1.10601
Final hand_and_obj_distance Min       0.27069
total_pickups Mean                    0
total_pickups Std                     0
total_pickups Max                     0
total_pickups Min                     0
Final total_pickups Mean              0
Final total_pickups Std               0
Final total_pickups Max               0
Final total_pickups Min               0
image_dist Mean                      19.4564
image_dist Std                        7.07059
image_dist Max                       32.0367
image_dist Min                        6.98539
Final image_dist Mean                20.0109
Final image_dist Std                  6.97205
Final image_dist Max                 29.3737
Final image_dist Min                  7.65134
image_success Mean                   -0.899091
image_success Std                     0.301208
image_success Max                     0
image_success Min                    -1
Final image_success Mean             -0.909091
Final image_success Std               0.28748
Final image_success Max               0
Final image_success Min              -1
vae_mdist Mean                     8474.5
vae_mdist Std                      4698.3
vae_mdist Max                     32386.5
vae_mdist Min                       973.696
Final vae_mdist Mean               7719.07
Final vae_mdist Std                4565.97
Final vae_mdist Max               16066.4
Final vae_mdist Min                1487.36
vae_success Mean                      0
vae_success Std                       0
vae_success Max                       0
vae_success Min                       0
Final vae_success Mean                0
Final vae_success Std                 0
Final vae_success Max                 0
Final vae_success Min                 0
vae_dist Mean                         5.9037
vae_dist Std                          1.26313
vae_dist Max                         14.4269
vae_dist Min                          3.41715
Final vae_dist Mean                   5.68634
Final vae_dist Std                    0.916054
Final vae_dist Max                    7.25907
Final vae_dist Min                    4.30528
AverageReturn                      -590.37
Number of train steps total       64004
Number of env steps total         20000
Number of rollouts total            200
Train Time (s)                       25.0284
(Previous) Eval Time (s)              6.25745
Sample Time (s)                       5.96098
Epoch Time (s)                       37.2468
Total Train Time (s)                554.911
Epoch                                19
--------------------------------  ---------------
2025-08-25 16:13:27.444422 +07 | [08-25-rlkit-pick-and-place-p3-vae-rig_2025_08_25_15_54_12_0000--s-48344] Iteration #19 | Epoch Duration: 37.591142892837524
2025-08-25 16:13:27.444572 +07 | [08-25-rlkit-pick-and-place-p3-vae-rig_2025_08_25_15_54_12_0000--s-48344] Iteration #19 | Started Training: True
2025-08-25 16:13:59.765003 +07 | [08-25-rlkit-pick-and-place-p3-vae-rig_2025_08_25_15_54_12_0000--s-48344] Iteration #20 | Collecting samples for evaluation
--------------------------------  ---------------
QF1 Loss                             22.4078
QF2 Loss                             22.2034
Policy Loss                         275.247
Q1 Predictions Mean                -278.948
Q1 Predictions Std                  161.542
Q1 Predictions Max                  -38.5325
Q1 Predictions Min                 -570.151
Q2 Predictions Mean                -278.161
Q2 Predictions Std                  161.005
Q2 Predictions Max                  -39.7414
Q2 Predictions Min                 -572.937
Q Targets Mean                     -277.516
Q Targets Std                       161.08
Q Targets Max                       -38.8436
Q Targets Min                      -575.146
Bellman Errors 1 Mean                22.4078
Bellman Errors 1 Std                 34.6223
Bellman Errors 1 Max                188.356
Bellman Errors 1 Min                  0.00389005
Bellman Errors 2 Mean                22.2034
Bellman Errors 2 Std                 59.6674
Bellman Errors 2 Max                603.819
Bellman Errors 2 Min                  6.72881e-06
Policy Action Mean                    0.0446226
Policy Action Std                     0.826804
Policy Action Max                     1
Policy Action Min                    -1
Test Rewards Mean                    -5.47417
Test Rewards Std                      0.976683
Test Rewards Max                     -3.73561
Test Rewards Min                    -10.4314
Test Returns Mean                  -547.417
Test Returns Std                     68.8751
Test Returns Max                   -399.83
Test Returns Min                   -638.74
Test Actions Mean                     0.0877781
Test Actions Std                      0.689619
Test Actions Max                      1
Test Actions Min                     -1
Num Paths                            10
Exploration Rewards Mean             -5.19854
Exploration Rewards Std               1.31287
Exploration Rewards Max              -2.94543
Exploration Rewards Min             -12.3503
Exploration Returns Mean           -519.854
Exploration Returns Std             102.08
Exploration Returns Max            -359.978
Exploration Returns Min            -675.082
Exploration Actions Mean              0.133721
Exploration Actions Std               0.600817
Exploration Actions Max               1
Exploration Actions Min              -1
touch_distance Mean                   0.388518
touch_distance Std                    0.0850899
touch_distance Max                    0.528171
touch_distance Min                    0.18063
Final touch_distance Mean             0.415897
Final touch_distance Std              0.0799625
Final touch_distance Max              0.502367
Final touch_distance Min              0.224352
hand_success Mean                     0
hand_success Std                      0
hand_success Max                      0
hand_success Min                      0
Final hand_success Mean               0
Final hand_success Std                0
Final hand_success Max                0
Final hand_success Min                0
obj_success Mean                      0
obj_success Std                       0
obj_success Max                       0
obj_success Min                       0
Final obj_success Mean                0
Final obj_success Std                 0
Final obj_success Max                 0
Final obj_success Min                 0
hand_and_obj_success Mean             0
hand_and_obj_success Std              0
hand_and_obj_success Max              0
hand_and_obj_success Min              0
Final hand_and_obj_success Mean       0
Final hand_and_obj_success Std        0
Final hand_and_obj_success Max        0
Final hand_and_obj_success Min        0
touch_success Mean                    0
touch_success Std                     0
touch_success Max                     0
touch_success Min                     0
Final touch_success Mean              0
Final touch_success Std               0
Final touch_success Max               0
Final touch_success Min               0
hand_distance Mean                    0.259557
hand_distance Std                     0.123928
hand_distance Max                     0.599184
hand_distance Min                     0.0856225
Final hand_distance Mean              0.252099
Final hand_distance Std               0.135762
Final hand_distance Max               0.599178
Final hand_distance Min               0.117773
obj_distance Mean                     0.362987
obj_distance Std                      0.115415
obj_distance Max                      0.596565
obj_distance Min                      0.226446
Final obj_distance Mean               0.362987
Final obj_distance Std                0.115415
Final obj_distance Max                0.596563
Final obj_distance Min                0.226446
hand_and_obj_distance Mean            0.622544
hand_and_obj_distance Std             0.190892
hand_and_obj_distance Max             0.99975
hand_and_obj_distance Min             0.34818
Final hand_and_obj_distance Mean      0.615086
Final hand_and_obj_distance Std       0.201392
Final hand_and_obj_distance Max       0.999744
Final hand_and_obj_distance Min       0.364192
total_pickups Mean                    0
total_pickups Std                     0
total_pickups Max                     0
total_pickups Min                     0
Final total_pickups Mean              0
Final total_pickups Std               0
Final total_pickups Max               0
Final total_pickups Min               0
image_dist Mean                      23.4969
image_dist Std                        5.70309
image_dist Max                       34.1281
image_dist Min                        9.60367
Final image_dist Mean                23.7461
Final image_dist Std                  6.0693
Final image_dist Max                 32.5771
Final image_dist Min                 15.0548
image_success Mean                   -0.999091
image_success Std                     0.0301374
image_success Max                     0
image_success Min                    -1
Final image_success Mean             -1
Final image_success Std               0
Final image_success Max              -1
Final image_success Min              -1
vae_mdist Mean                     8262.26
vae_mdist Std                      3634.4
vae_mdist Max                     22271.1
vae_mdist Min                      1961.28
Final vae_mdist Mean               7350.8
Final vae_mdist Std                3212.49
Final vae_mdist Max               12837.1
Final vae_mdist Min                2137.96
vae_success Mean                      0
vae_success Std                       0
vae_success Max                       0
vae_success Min                       0
Final vae_success Mean                0
Final vae_success Std                 0
Final vae_success Max                 0
Final vae_success Min                 0
vae_dist Mean                         5.47417
vae_dist Std                          0.976683
vae_dist Max                         10.4314
vae_dist Min                          3.73561
Final vae_dist Mean                   5.31059
Final vae_dist Std                    0.713026
Final vae_dist Max                    6.41605
Final vae_dist Min                    3.97268
AverageReturn                      -547.417
Number of train steps total       68004
Number of env steps total         21000
Number of rollouts total            210
Train Time (s)                       26.1922
(Previous) Eval Time (s)              6.58434
Sample Time (s)                       6.02189
Epoch Time (s)                       38.7984
Total Train Time (s)                591.515
Epoch                                20
--------------------------------  ---------------
2025-08-25 16:14:04.063281 +07 | [08-25-rlkit-pick-and-place-p3-vae-rig_2025_08_25_15_54_12_0000--s-48344] Iteration #20 | Epoch Duration: 36.61840295791626
2025-08-25 16:14:04.063515 +07 | [08-25-rlkit-pick-and-place-p3-vae-rig_2025_08_25_15_54_12_0000--s-48344] Iteration #20 | Started Training: True
2025-08-25 16:14:34.070957 +07 | [08-25-rlkit-pick-and-place-p3-vae-rig_2025_08_25_15_54_12_0000--s-48344] Iteration #21 | Collecting samples for evaluation
--------------------------------  ---------------
QF1 Loss                             19.3309
QF2 Loss                             18.1787
Policy Loss                         266.327
Q1 Predictions Mean                -268.45
Q1 Predictions Std                  165.346
Q1 Predictions Max                  -28.9872
Q1 Predictions Min                 -575.288
Q2 Predictions Mean                -269
Q2 Predictions Std                  166.236
Q2 Predictions Max                  -28.5823
Q2 Predictions Min                 -578.614
Q Targets Mean                     -269.8
Q Targets Std                       166.436
Q Targets Max                       -30.2504
Q Targets Min                      -579.018
Bellman Errors 1 Mean                19.3309
Bellman Errors 1 Std                 30.9728
Bellman Errors 1 Max                183.429
Bellman Errors 1 Min                  4.32509e-05
Bellman Errors 2 Mean                18.1787
Bellman Errors 2 Std                 31.9454
Bellman Errors 2 Max                176.645
Bellman Errors 2 Min                  0.00129128
Policy Action Mean                   -0.0255985
Policy Action Std                     0.832978
Policy Action Max                     1
Policy Action Min                    -1
Test Rewards Mean                    -6.0629
Test Rewards Std                      1.69504
Test Rewards Max                     -3.81111
Test Rewards Min                    -12.9588
Test Returns Mean                  -606.29
Test Returns Std                    144.921
Test Returns Max                   -442.743
Test Returns Min                   -995.345
Test Actions Mean                     0.11412
Test Actions Std                      0.716886
Test Actions Max                      1
Test Actions Min                     -1
Num Paths                            10
Exploration Rewards Mean             -5.43525
Exploration Rewards Std               1.76572
Exploration Rewards Max              -2.92943
Exploration Rewards Min             -15.5432
Exploration Returns Mean           -543.525
Exploration Returns Std             107.572
Exploration Returns Max            -364.187
Exploration Returns Min            -773.685
Exploration Actions Mean              0.0609367
Exploration Actions Std               0.656459
Exploration Actions Max               1
Exploration Actions Min              -1
touch_distance Mean                   0.463365
touch_distance Std                    0.107211
touch_distance Max                    0.695092
touch_distance Min                    0.236006
Final touch_distance Mean             0.488641
Final touch_distance Std              0.110254
Final touch_distance Max              0.662426
Final touch_distance Min              0.249056
hand_success Mean                     0
hand_success Std                      0
hand_success Max                      0
hand_success Min                      0
Final hand_success Mean               0
Final hand_success Std                0
Final hand_success Max                0
Final hand_success Min                0
obj_success Mean                      0
obj_success Std                       0
obj_success Max                       0
obj_success Min                       0
Final obj_success Mean                0
Final obj_success Std                 0
Final obj_success Max                 0
Final obj_success Min                 0
hand_and_obj_success Mean             0
hand_and_obj_success Std              0
hand_and_obj_success Max              0
hand_and_obj_success Min              0
Final hand_and_obj_success Mean       0
Final hand_and_obj_success Std        0
Final hand_and_obj_success Max        0
Final hand_and_obj_success Min        0
touch_success Mean                    0
touch_success Std                     0
touch_success Max                     0
touch_success Min                     0
Final touch_success Mean              0
Final touch_success Std               0
Final touch_success Max               0
Final touch_success Min               0
hand_distance Mean                    0.308935
hand_distance Std                     0.105166
hand_distance Max                     0.504207
hand_distance Min                     0.0837758
Final hand_distance Mean              0.328625
Final hand_distance Std               0.10736
Final hand_distance Max               0.499026
Final hand_distance Min               0.210442
obj_distance Mean                     0.271006
obj_distance Std                      0.157454
obj_distance Max                      0.55267
obj_distance Min                      0.0833396
Final obj_distance Mean               0.271005
Final obj_distance Std                0.157454
Final obj_distance Max                0.552668
Final obj_distance Min                0.0833396
hand_and_obj_distance Mean            0.579941
hand_and_obj_distance Std             0.176084
hand_and_obj_distance Max             0.9731
hand_and_obj_distance Min             0.276159
Final hand_and_obj_distance Mean      0.59963
Final hand_and_obj_distance Std       0.17599
Final hand_and_obj_distance Max       0.965941
Final hand_and_obj_distance Min       0.316427
total_pickups Mean                    0
total_pickups Std                     0
total_pickups Max                     0
total_pickups Min                     0
Final total_pickups Mean              0
Final total_pickups Std               0
Final total_pickups Max               0
Final total_pickups Min               0
image_dist Mean                      20.9788
image_dist Std                        5.60682
image_dist Max                       30.5561
image_dist Min                        8.21092
Final image_dist Mean                21.277
Final image_dist Std                  5.56544
Final image_dist Max                 30.2892
Final image_dist Min                 13.8968
image_success Mean                   -0.996364
image_success Std                     0.0601925
image_success Max                     0
image_success Min                    -1
Final image_success Mean             -1
Final image_success Std               0
Final image_success Max              -1
Final image_success Min              -1
vae_mdist Mean                     7727.44
vae_mdist Std                      3958.62
vae_mdist Max                     25912.9
vae_mdist Min                      1072.07
Final vae_mdist Mean               6715.44
Final vae_mdist Std                3751.69
Final vae_mdist Max               14460.4
Final vae_mdist Min                2882.21
vae_success Mean                      0
vae_success Std                       0
vae_success Max                       0
vae_success Min                       0
Final vae_success Mean                0
Final vae_success Std                 0
Final vae_success Max                 0
Final vae_success Min                 0
vae_dist Mean                         6.0629
vae_dist Std                          1.69504
vae_dist Max                         12.9588
vae_dist Min                          3.81111
Final vae_dist Mean                   5.66345
Final vae_dist Std                    1.73814
Final vae_dist Max                   10.1574
Final vae_dist Min                    4.11127
AverageReturn                      -606.29
Number of train steps total       72004
Number of env steps total         22000
Number of rollouts total            220
Train Time (s)                       24.1474
(Previous) Eval Time (s)              4.38704
Sample Time (s)                       5.73234
Epoch Time (s)                       34.2667
Total Train Time (s)                627.577
Epoch                                21
--------------------------------  ---------------
2025-08-25 16:14:40.138788 +07 | [08-25-rlkit-pick-and-place-p3-vae-rig_2025_08_25_15_54_12_0000--s-48344] Iteration #21 | Epoch Duration: 36.07519173622131
2025-08-25 16:14:40.138871 +07 | [08-25-rlkit-pick-and-place-p3-vae-rig_2025_08_25_15_54_12_0000--s-48344] Iteration #21 | Started Training: True
2025-08-25 16:15:04.875082 +07 | [08-25-rlkit-pick-and-place-p3-vae-rig_2025_08_25_15_54_12_0000--s-48344] Iteration #22 | Collecting samples for evaluation
--------------------------------  --------------
QF1 Loss                             30.0372
QF2 Loss                             24.7931
Policy Loss                         284.918
Q1 Predictions Mean                -288.639
Q1 Predictions Std                  171.732
Q1 Predictions Max                  -41.1299
Q1 Predictions Min                 -590.193
Q2 Predictions Mean                -288.887
Q2 Predictions Std                  171.637
Q2 Predictions Max                  -41.636
Q2 Predictions Min                 -596.742
Q Targets Mean                     -290.588
Q Targets Std                       171.944
Q Targets Max                       -41.544
Q Targets Min                      -593.971
Bellman Errors 1 Mean                30.0372
Bellman Errors 1 Std                 62.4764
Bellman Errors 1 Max                534.293
Bellman Errors 1 Min                  0.010346
Bellman Errors 2 Mean                24.7931
Bellman Errors 2 Std                 53.1471
Bellman Errors 2 Max                453.274
Bellman Errors 2 Min                  0.00846102
Policy Action Mean                    0.0830116
Policy Action Std                     0.815728
Policy Action Max                     1
Policy Action Min                    -1
Test Rewards Mean                    -6.56967
Test Rewards Std                      2.83503
Test Rewards Max                     -3.15526
Test Rewards Min                    -18.1676
Test Returns Mean                  -656.967
Test Returns Std                    251.709
Test Returns Max                   -342.44
Test Returns Min                  -1347.25
Test Actions Mean                    -0.00234545
Test Actions Std                      0.697355
Test Actions Max                      1
Test Actions Min                     -1
Num Paths                            10
Exploration Rewards Mean             -5.8038
Exploration Rewards Std               1.47784
Exploration Rewards Max              -2.37979
Exploration Rewards Min             -19.457
Exploration Returns Mean           -580.38
Exploration Returns Std             106.114
Exploration Returns Max            -327.557
Exploration Returns Min            -751.212
Exploration Actions Mean              0.110316
Exploration Actions Std               0.654557
Exploration Actions Max               1
Exploration Actions Min              -1
touch_distance Mean                   0.401764
touch_distance Std                    0.103194
touch_distance Max                    0.633208
touch_distance Min                    0.212108
Final touch_distance Mean             0.413126
Final touch_distance Std              0.111598
Final touch_distance Max              0.632581
Final touch_distance Min              0.234622
hand_success Mean                     0.00272727
hand_success Std                      0.052152
hand_success Max                      1
hand_success Min                      0
Final hand_success Mean               0
Final hand_success Std                0
Final hand_success Max                0
Final hand_success Min                0
obj_success Mean                      0
obj_success Std                       0
obj_success Max                       0
obj_success Min                       0
Final obj_success Mean                0
Final obj_success Std                 0
Final obj_success Max                 0
Final obj_success Min                 0
hand_and_obj_success Mean             0
hand_and_obj_success Std              0
hand_and_obj_success Max              0
hand_and_obj_success Min              0
Final hand_and_obj_success Mean       0
Final hand_and_obj_success Std        0
Final hand_and_obj_success Max        0
Final hand_and_obj_success Min        0
touch_success Mean                    0
touch_success Std                     0
touch_success Max                     0
touch_success Min                     0
Final touch_success Mean              0
Final touch_success Std               0
Final touch_success Max               0
Final touch_success Min               0
hand_distance Mean                    0.308574
hand_distance Std                     0.148567
hand_distance Max                     0.615189
hand_distance Min                     0.0583273
Final hand_distance Mean              0.343745
Final hand_distance Std               0.139763
Final hand_distance Max               0.615129
Final hand_distance Min               0.107938
obj_distance Mean                     0.37926
obj_distance Std                      0.0648469
obj_distance Max                      0.482881
obj_distance Min                      0.261418
Final obj_distance Mean               0.37926
Final obj_distance Std                0.0648469
Final obj_distance Max                0.48288
Final obj_distance Min                0.261418
hand_and_obj_distance Mean            0.687833
hand_and_obj_distance Std             0.146162
hand_and_obj_distance Max             0.966999
hand_and_obj_distance Min             0.384956
Final hand_and_obj_distance Mean      0.723005
Final hand_and_obj_distance Std       0.13304
Final hand_and_obj_distance Max       0.966938
Final hand_and_obj_distance Min       0.521271
total_pickups Mean                    0
total_pickups Std                     0
total_pickups Max                     0
total_pickups Min                     0
Final total_pickups Mean              0
Final total_pickups Std               0
Final total_pickups Max               0
Final total_pickups Min               0
image_dist Mean                      23.187
image_dist Std                        5.69753
image_dist Max                       31.8795
image_dist Min                        9.93189
Final image_dist Mean                23.0985
Final image_dist Std                  5.9321
Final image_dist Max                 31.6849
Final image_dist Min                 11.1747
image_success Mean                   -0.999091
image_success Std                     0.0301374
image_success Max                     0
image_success Min                    -1
Final image_success Mean             -1
Final image_success Std               0
Final image_success Max              -1
Final image_success Min              -1
vae_mdist Mean                     7253.65
vae_mdist Std                      4698.82
vae_mdist Max                     77829.4
vae_mdist Min                       162.749
Final vae_mdist Mean               6491.29
Final vae_mdist Std                2926.33
Final vae_mdist Max               10868
Final vae_mdist Min                1341.25
vae_success Mean                      0
vae_success Std                       0
vae_success Max                       0
vae_success Min                       0
Final vae_success Mean                0
Final vae_success Std                 0
Final vae_success Max                 0
Final vae_success Min                 0
vae_dist Mean                         6.56967
vae_dist Std                          2.83503
vae_dist Max                         18.1676
vae_dist Min                          3.15526
Final vae_dist Mean                   6.0671
Final vae_dist Std                    2.908
Final vae_dist Max                   14.1121
Final vae_dist Min                    3.2665
AverageReturn                      -656.967
Number of train steps total       76004
Number of env steps total         23000
Number of rollouts total            230
Train Time (s)                       19.4162
(Previous) Eval Time (s)              6.17897
Sample Time (s)                       5.22045
Epoch Time (s)                       30.8157
Total Train Time (s)                657.07
Epoch                                22
--------------------------------  --------------
2025-08-25 16:15:09.647005 +07 | [08-25-rlkit-pick-and-place-p3-vae-rig_2025_08_25_15_54_12_0000--s-48344] Iteration #22 | Epoch Duration: 29.508066415786743
2025-08-25 16:15:09.647114 +07 | [08-25-rlkit-pick-and-place-p3-vae-rig_2025_08_25_15_54_12_0000--s-48344] Iteration #22 | Started Training: True
2025-08-25 16:15:38.357123 +07 | [08-25-rlkit-pick-and-place-p3-vae-rig_2025_08_25_15_54_12_0000--s-48344] Iteration #23 | Collecting samples for evaluation
--------------------------------  ---------------
QF1 Loss                             38.9245
QF2 Loss                             33.6617
Policy Loss                         292.44
Q1 Predictions Mean                -296.283
Q1 Predictions Std                  171.975
Q1 Predictions Max                  -12.755
Q1 Predictions Min                 -570.251
Q2 Predictions Mean                -296.121
Q2 Predictions Std                  172.238
Q2 Predictions Max                  -15.3035
Q2 Predictions Min                 -572.474
Q Targets Mean                     -295.887
Q Targets Std                       171.713
Q Targets Max                       -17.0768
Q Targets Min                      -573.981
Bellman Errors 1 Mean                38.9245
Bellman Errors 1 Std                 99.5907
Bellman Errors 1 Max                716.993
Bellman Errors 1 Min                  6.24741e-05
Bellman Errors 2 Mean                33.6617
Bellman Errors 2 Std                 91.6812
Bellman Errors 2 Max                827.928
Bellman Errors 2 Min                  0.000202242
Policy Action Mean                    0.0283523
Policy Action Std                     0.842145
Policy Action Max                     1
Policy Action Min                    -1
Test Rewards Mean                    -5.28317
Test Rewards Std                      1.64415
Test Rewards Max                     -2.57506
Test Rewards Min                    -13.6801
Test Returns Mean                  -528.317
Test Returns Std                    114.286
Test Returns Max                   -385.726
Test Returns Min                   -734.591
Test Actions Mean                     0.102417
Test Actions Std                      0.688303
Test Actions Max                      1
Test Actions Min                     -1
Num Paths                            10
Exploration Rewards Mean             -6.75777
Exploration Rewards Std               2.27802
Exploration Rewards Max              -3.54396
Exploration Rewards Min             -15.7854
Exploration Returns Mean           -675.777
Exploration Returns Std             186.896
Exploration Returns Max            -451.962
Exploration Returns Min           -1040.7
Exploration Actions Mean              0.0339946
Exploration Actions Std               0.641518
Exploration Actions Max               1
Exploration Actions Min              -1
touch_distance Mean                   0.344137
touch_distance Std                    0.0884492
touch_distance Max                    0.550522
touch_distance Min                    0.183479
Final touch_distance Mean             0.348307
Final touch_distance Std              0.110091
Final touch_distance Max              0.534776
Final touch_distance Min              0.183479
hand_success Mean                     0.0145455
hand_success Std                      0.119724
hand_success Max                      1
hand_success Min                      0
Final hand_success Mean               0.0909091
Final hand_success Std                0.28748
Final hand_success Max                1
Final hand_success Min                0
obj_success Mean                      0.0909091
obj_success Std                       0.28748
obj_success Max                       1
obj_success Min                       0
Final obj_success Mean                0.0909091
Final obj_success Std                 0.28748
Final obj_success Max                 1
Final obj_success Min                 0
hand_and_obj_success Mean             0
hand_and_obj_success Std              0
hand_and_obj_success Max              0
hand_and_obj_success Min              0
Final hand_and_obj_success Mean       0
Final hand_and_obj_success Std        0
Final hand_and_obj_success Max        0
Final hand_and_obj_success Min        0
touch_success Mean                    0
touch_success Std                     0
touch_success Max                     0
touch_success Min                     0
Final touch_success Mean              0
Final touch_success Std               0
Final touch_success Max               0
Final touch_success Min               0
hand_distance Mean                    0.251918
hand_distance Std                     0.123877
hand_distance Max                     0.527288
hand_distance Min                     0.0471684
Final hand_distance Mean              0.26276
Final hand_distance Std               0.140626
Final hand_distance Max               0.526917
Final hand_distance Min               0.0565422
obj_distance Mean                     0.300053
obj_distance Std                      0.137024
obj_distance Max                      0.511946
obj_distance Min                      0.0591885
Final obj_distance Mean               0.300053
Final obj_distance Std                0.137024
Final obj_distance Max                0.511946
Final obj_distance Min                0.0591885
hand_and_obj_distance Mean            0.551971
hand_and_obj_distance Std             0.160279
hand_and_obj_distance Max             0.892726
hand_and_obj_distance Min             0.255655
Final hand_and_obj_distance Mean      0.562813
Final hand_and_obj_distance Std       0.158083
Final hand_and_obj_distance Max       0.798787
Final hand_and_obj_distance Min       0.309939
total_pickups Mean                    0
total_pickups Std                     0
total_pickups Max                     0
total_pickups Min                     0
Final total_pickups Mean              0
Final total_pickups Std               0
Final total_pickups Max               0
Final total_pickups Min               0
image_dist Mean                      20.9504
image_dist Std                        4.75553
image_dist Max                       30.1486
image_dist Min                       12.0378
Final image_dist Mean                21.0414
Final image_dist Std                  4.7514
Final image_dist Max                 28.1505
Final image_dist Min                 13.79
image_success Mean                   -1
image_success Std                     0
image_success Max                    -1
image_success Min                    -1
Final image_success Mean             -1
Final image_success Std               0
Final image_success Max              -1
Final image_success Min              -1
vae_mdist Mean                     6942.18
vae_mdist Std                      4563.05
vae_mdist Max                     41002.4
vae_mdist Min                       554.437
Final vae_mdist Mean               5589.88
Final vae_mdist Std                3019.29
Final vae_mdist Max               10477.5
Final vae_mdist Min                1105.86
vae_success Mean                      0
vae_success Std                       0
vae_success Max                       0
vae_success Min                       0
Final vae_success Mean                0
Final vae_success Std                 0
Final vae_success Max                 0
Final vae_success Min                 0
vae_dist Mean                         5.28317
vae_dist Std                          1.64415
vae_dist Max                         13.6801
vae_dist Min                          2.57506
Final vae_dist Mean                   4.81678
Final vae_dist Std                    1.71268
Final vae_dist Max                    8.41751
Final vae_dist Min                    2.68352
AverageReturn                      -528.317
Number of train steps total       80004
Number of env steps total         24000
Number of rollouts total            240
Train Time (s)                       22.8887
(Previous) Eval Time (s)              4.85613
Sample Time (s)                       5.70136
Epoch Time (s)                       33.4461
Total Train Time (s)                692.266
Epoch                                23
--------------------------------  ---------------
2025-08-25 16:15:44.859748 +07 | [08-25-rlkit-pick-and-place-p3-vae-rig_2025_08_25_15_54_12_0000--s-48344] Iteration #23 | Epoch Duration: 35.21254110336304
2025-08-25 16:15:44.859896 +07 | [08-25-rlkit-pick-and-place-p3-vae-rig_2025_08_25_15_54_12_0000--s-48344] Iteration #23 | Started Training: True
2025-08-25 16:16:15.425145 +07 | [08-25-rlkit-pick-and-place-p3-vae-rig_2025_08_25_15_54_12_0000--s-48344] Iteration #24 | Collecting samples for evaluation
--------------------------------  ---------------
QF1 Loss                             23.5832
QF2 Loss                             27.8613
Policy Loss                         292.954
Q1 Predictions Mean                -295.19
Q1 Predictions Std                  176.19
Q1 Predictions Max                   10.8401
Q1 Predictions Min                 -623.14
Q2 Predictions Mean                -295.052
Q2 Predictions Std                  176.398
Q2 Predictions Max                   12.5302
Q2 Predictions Min                 -620.018
Q Targets Mean                     -295.832
Q Targets Std                       176.475
Q Targets Max                        10.8668
Q Targets Min                      -620.232
Bellman Errors 1 Mean                23.5832
Bellman Errors 1 Std                 44.0711
Bellman Errors 1 Max                297.549
Bellman Errors 1 Min                  0.000713451
Bellman Errors 2 Mean                27.8613
Bellman Errors 2 Std                 83.2887
Bellman Errors 2 Max                745.558
Bellman Errors 2 Min                  0.000252314
Policy Action Mean                    0.0792665
Policy Action Std                     0.813044
Policy Action Max                     1
Policy Action Min                    -1
Test Rewards Mean                    -5.74172
Test Rewards Std                      1.39945
Test Rewards Max                     -3.53539
Test Rewards Min                    -12.9495
Test Returns Mean                  -574.172
Test Returns Std                    109.46
Test Returns Max                   -430.755
Test Returns Min                   -875.924
Test Actions Mean                     0.244754
Test Actions Std                      0.712827
Test Actions Max                      1
Test Actions Min                     -1
Num Paths                            10
Exploration Rewards Mean             -5.44621
Exploration Rewards Std               1.44533
Exploration Rewards Max              -1.70589
Exploration Rewards Min             -11.7589
Exploration Returns Mean           -544.621
Exploration Returns Std             106.491
Exploration Returns Max            -318.269
Exploration Returns Min            -665.485
Exploration Actions Mean              0.0715679
Exploration Actions Std               0.658128
Exploration Actions Max               1
Exploration Actions Min              -1
touch_distance Mean                   0.370321
touch_distance Std                    0.0718993
touch_distance Max                    0.582831
touch_distance Min                    0.203495
Final touch_distance Mean             0.361748
Final touch_distance Std              0.0793482
Final touch_distance Max              0.528973
Final touch_distance Min              0.232752
hand_success Mean                     0.0272727
hand_success Std                      0.162877
hand_success Max                      1
hand_success Min                      0
Final hand_success Mean               0
Final hand_success Std                0
Final hand_success Max                0
Final hand_success Min                0
obj_success Mean                      0
obj_success Std                       0
obj_success Max                       0
obj_success Min                       0
Final obj_success Mean                0
Final obj_success Std                 0
Final obj_success Max                 0
Final obj_success Min                 0
hand_and_obj_success Mean             0
hand_and_obj_success Std              0
hand_and_obj_success Max              0
hand_and_obj_success Min              0
Final hand_and_obj_success Mean       0
Final hand_and_obj_success Std        0
Final hand_and_obj_success Max        0
Final hand_and_obj_success Min        0
touch_success Mean                    0
touch_success Std                     0
touch_success Max                     0
touch_success Min                     0
Final touch_success Mean              0
Final touch_success Std               0
Final touch_success Max               0
Final touch_success Min               0
hand_distance Mean                    0.303675
hand_distance Std                     0.134391
hand_distance Max                     0.58475
hand_distance Min                     0.0093518
Final hand_distance Mean              0.289778
Final hand_distance Std               0.1324
Final hand_distance Max               0.514
Final hand_distance Min               0.106931
obj_distance Mean                     0.285996
obj_distance Std                      0.0769342
obj_distance Max                      0.401108
obj_distance Min                      0.145031
Final obj_distance Mean               0.285996
Final obj_distance Std                0.0769342
Final obj_distance Max                0.401106
Final obj_distance Min                0.145031
hand_and_obj_distance Mean            0.589672
hand_and_obj_distance Std             0.191409
hand_and_obj_distance Max             0.985856
hand_and_obj_distance Min             0.281444
Final hand_and_obj_distance Mean      0.575774
Final hand_and_obj_distance Std       0.187267
Final hand_and_obj_distance Max       0.879102
Final hand_and_obj_distance Min       0.35198
total_pickups Mean                    0
total_pickups Std                     0
total_pickups Max                     0
total_pickups Min                     0
Final total_pickups Mean              0
Final total_pickups Std               0
Final total_pickups Max               0
Final total_pickups Min               0
image_dist Mean                      22.6205
image_dist Std                        5.28144
image_dist Max                       32.06
image_dist Min                        8.67295
Final image_dist Mean                23.4209
Final image_dist Std                  4.85271
Final image_dist Max                 29.4465
Final image_dist Min                 16.2573
image_success Mean                   -0.993636
image_success Std                     0.0795182
image_success Max                     0
image_success Min                    -1
Final image_success Mean             -1
Final image_success Std               0
Final image_success Max              -1
Final image_success Min              -1
vae_mdist Mean                     7992.93
vae_mdist Std                      3268.85
vae_mdist Max                     27008.9
vae_mdist Min                      2420.29
Final vae_mdist Mean               6505.71
Final vae_mdist Std                2019.09
Final vae_mdist Max                9100.12
Final vae_mdist Min                2909.59
vae_success Mean                      0
vae_success Std                       0
vae_success Max                       0
vae_success Min                       0
Final vae_success Mean                0
Final vae_success Std                 0
Final vae_success Max                 0
Final vae_success Min                 0
vae_dist Mean                         5.74172
vae_dist Std                          1.39945
vae_dist Max                         12.9495
vae_dist Min                          3.53539
Final vae_dist Mean                   5.25033
Final vae_dist Std                    0.980841
Final vae_dist Max                    7.34359
Final vae_dist Min                    3.8931
AverageReturn                      -574.172
Number of train steps total       84004
Number of env steps total         25000
Number of rollouts total            250
Train Time (s)                       24.5044
(Previous) Eval Time (s)              6.60535
Sample Time (s)                       5.96663
Epoch Time (s)                       37.0764
Total Train Time (s)                727.437
Epoch                                24
--------------------------------  ---------------
2025-08-25 16:16:20.051450 +07 | [08-25-rlkit-pick-and-place-p3-vae-rig_2025_08_25_15_54_12_0000--s-48344] Iteration #24 | Epoch Duration: 35.191444873809814
2025-08-25 16:16:20.051548 +07 | [08-25-rlkit-pick-and-place-p3-vae-rig_2025_08_25_15_54_12_0000--s-48344] Iteration #24 | Started Training: True
2025-08-25 16:16:51.641723 +07 | [08-25-rlkit-pick-and-place-p3-vae-rig_2025_08_25_15_54_12_0000--s-48344] Iteration #25 | Collecting samples for evaluation
--------------------------------  ---------------
QF1 Loss                             20.025
QF2 Loss                             21.6951
Policy Loss                         297.558
Q1 Predictions Mean                -302.528
Q1 Predictions Std                  176.154
Q1 Predictions Max                  -39.1006
Q1 Predictions Min                 -586.842
Q2 Predictions Mean                -303.465
Q2 Predictions Std                  176.658
Q2 Predictions Max                  -37.167
Q2 Predictions Min                 -591.803
Q Targets Mean                     -302.14
Q Targets Std                       175.838
Q Targets Max                       -38.6516
Q Targets Min                      -579.611
Bellman Errors 1 Mean                20.025
Bellman Errors 1 Std                 54.7944
Bellman Errors 1 Max                567.915
Bellman Errors 1 Min                  0.00105435
Bellman Errors 2 Mean                21.6951
Bellman Errors 2 Std                 42.7235
Bellman Errors 2 Max                370.8
Bellman Errors 2 Min                  0.000203982
Policy Action Mean                    0.0911454
Policy Action Std                     0.832975
Policy Action Max                     1
Policy Action Min                    -1
Test Rewards Mean                    -5.21421
Test Rewards Std                      1.30725
Test Rewards Max                     -2.71233
Test Rewards Min                    -15.4249
Test Returns Mean                  -521.421
Test Returns Std                     91.7067
Test Returns Max                   -407.02
Test Returns Min                   -696.082
Test Actions Mean                     0.107081
Test Actions Std                      0.604554
Test Actions Max                      1
Test Actions Min                     -1
Num Paths                            10
Exploration Rewards Mean             -5.67666
Exploration Rewards Std               1.95164
Exploration Rewards Max              -2.72647
Exploration Rewards Min             -17.8834
Exploration Returns Mean           -567.666
Exploration Returns Std             159.888
Exploration Returns Max            -384.209
Exploration Returns Min            -938.469
Exploration Actions Mean              0.1219
Exploration Actions Std               0.677528
Exploration Actions Max               1
Exploration Actions Min              -1
touch_distance Mean                   0.40404
touch_distance Std                    0.092618
touch_distance Max                    0.600802
touch_distance Min                    0.229351
Final touch_distance Mean             0.428403
Final touch_distance Std              0.106275
Final touch_distance Max              0.600802
Final touch_distance Min              0.270114
hand_success Mean                     0
hand_success Std                      0
hand_success Max                      0
hand_success Min                      0
Final hand_success Mean               0
Final hand_success Std                0
Final hand_success Max                0
Final hand_success Min                0
obj_success Mean                      0
obj_success Std                       0
obj_success Max                       0
obj_success Min                       0
Final obj_success Mean                0
Final obj_success Std                 0
Final obj_success Max                 0
Final obj_success Min                 0
hand_and_obj_success Mean             0
hand_and_obj_success Std              0
hand_and_obj_success Max              0
hand_and_obj_success Min              0
Final hand_and_obj_success Mean       0
Final hand_and_obj_success Std        0
Final hand_and_obj_success Max        0
Final hand_and_obj_success Min        0
touch_success Mean                    0
touch_success Std                     0
touch_success Max                     0
touch_success Min                     0
Final touch_success Mean              0
Final touch_success Std               0
Final touch_success Max               0
Final touch_success Min               0
hand_distance Mean                    0.280799
hand_distance Std                     0.101618
hand_distance Max                     0.53395
hand_distance Min                     0.0718772
Final hand_distance Mean              0.306844
Final hand_distance Std               0.109429
Final hand_distance Max               0.524202
Final hand_distance Min               0.139819
obj_distance Mean                     0.350947
obj_distance Std                      0.116865
obj_distance Max                      0.519836
obj_distance Min                      0.129623
Final obj_distance Mean               0.350947
Final obj_distance Std                0.116865
Final obj_distance Max                0.519834
Final obj_distance Min                0.129623
hand_and_obj_distance Mean            0.631746
hand_and_obj_distance Std             0.13169
hand_and_obj_distance Max             0.847004
hand_and_obj_distance Min             0.338676
Final hand_and_obj_distance Mean      0.657791
Final hand_and_obj_distance Std       0.137638
Final hand_and_obj_distance Max       0.847004
Final hand_and_obj_distance Min       0.419642
total_pickups Mean                    0
total_pickups Std                     0
total_pickups Max                     0
total_pickups Min                     0
Final total_pickups Mean              0
Final total_pickups Std               0
Final total_pickups Max               0
Final total_pickups Min               0
image_dist Mean                      20.4984
image_dist Std                        5.13081
image_dist Max                       31.8371
image_dist Min                       10.6197
Final image_dist Mean                20.905
Final image_dist Std                  4.76877
Final image_dist Max                 30.8938
Final image_dist Min                 14.2191
image_success Mean                   -1
image_success Std                     0
image_success Max                    -1
image_success Min                    -1
Final image_success Mean             -1
Final image_success Std               0
Final image_success Max              -1
Final image_success Min              -1
vae_mdist Mean                     7456.4
vae_mdist Std                      4360.89
vae_mdist Max                     49608.4
vae_mdist Min                       147.622
Final vae_mdist Mean               6862.54
Final vae_mdist Std                3267.11
Final vae_mdist Max               10268.2
Final vae_mdist Min                 252.075
vae_success Mean                      0
vae_success Std                       0
vae_success Max                       0
vae_success Min                       0
Final vae_success Mean                0
Final vae_success Std                 0
Final vae_success Max                 0
Final vae_success Min                 0
vae_dist Mean                         5.21421
vae_dist Std                          1.30725
vae_dist Max                         15.4249
vae_dist Min                          2.71233
Final vae_dist Mean                   4.78991
Final vae_dist Std                    0.868909
Final vae_dist Max                    6.18452
Final vae_dist Min                    3.31191
AverageReturn                      -521.421
Number of train steps total       88004
Number of env steps total         26000
Number of rollouts total            260
Train Time (s)                       25.4859
(Previous) Eval Time (s)              4.70366
Sample Time (s)                       6.00774
Epoch Time (s)                       36.1973
Total Train Time (s)                763.749
Epoch                                25
--------------------------------  ---------------
2025-08-25 16:16:56.378574 +07 | [08-25-rlkit-pick-and-place-p3-vae-rig_2025_08_25_15_54_12_0000--s-48344] Iteration #25 | Epoch Duration: 36.32694363594055
2025-08-25 16:16:56.378668 +07 | [08-25-rlkit-pick-and-place-p3-vae-rig_2025_08_25_15_54_12_0000--s-48344] Iteration #25 | Started Training: True
2025-08-25 16:17:26.544895 +07 | [08-25-rlkit-pick-and-place-p3-vae-rig_2025_08_25_15_54_12_0000--s-48344] Iteration #26 | Collecting samples for evaluation
--------------------------------  --------------
QF1 Loss                             28.9974
QF2 Loss                             32.002
Policy Loss                         305.826
Q1 Predictions Mean                -306.911
Q1 Predictions Std                  183.096
Q1 Predictions Max                  -31.6043
Q1 Predictions Min                 -577.561
Q2 Predictions Mean                -305.765
Q2 Predictions Std                  182.691
Q2 Predictions Max                  -30.5523
Q2 Predictions Min                 -579.128
Q Targets Mean                     -308.54
Q Targets Std                       183.849
Q Targets Max                       -30.9156
Q Targets Min                      -598.791
Bellman Errors 1 Mean                28.9974
Bellman Errors 1 Std                 74.0621
Bellman Errors 1 Max                499.513
Bellman Errors 1 Min                  4.9267e-07
Bellman Errors 2 Mean                32.002
Bellman Errors 2 Std                 75.0363
Bellman Errors 2 Max                537.889
Bellman Errors 2 Min                  0.00154501
Policy Action Mean                    0.020943
Policy Action Std                     0.814588
Policy Action Max                     1
Policy Action Min                    -1
Test Rewards Mean                    -5.33748
Test Rewards Std                      1.10901
Test Rewards Max                     -2.81403
Test Rewards Min                    -11.8166
Test Returns Mean                  -533.748
Test Returns Std                     97.1412
Test Returns Max                   -368.571
Test Returns Min                   -712.695
Test Actions Mean                     0.191124
Test Actions Std                      0.700681
Test Actions Max                      1
Test Actions Min                     -1
Num Paths                            10
Exploration Rewards Mean             -6.74819
Exploration Rewards Std               2.63329
Exploration Rewards Max              -2.79031
Exploration Rewards Min             -17.3729
Exploration Returns Mean           -674.819
Exploration Returns Std             240.125
Exploration Returns Max            -345.099
Exploration Returns Min           -1270.86
Exploration Actions Mean              0.0583223
Exploration Actions Std               0.699209
Exploration Actions Max               1
Exploration Actions Min              -1
touch_distance Mean                   0.406759
touch_distance Std                    0.0812941
touch_distance Max                    0.590176
touch_distance Min                    0.186176
Final touch_distance Mean             0.412159
Final touch_distance Std              0.0819828
Final touch_distance Max              0.534393
Final touch_distance Min              0.279629
hand_success Mean                     0.00363636
hand_success Std                      0.0601925
hand_success Max                      1
hand_success Min                      0
Final hand_success Mean               0
Final hand_success Std                0
Final hand_success Max                0
Final hand_success Min                0
obj_success Mean                      0
obj_success Std                       0
obj_success Max                       0
obj_success Min                       0
Final obj_success Mean                0
Final obj_success Std                 0
Final obj_success Max                 0
Final obj_success Min                 0
hand_and_obj_success Mean             0
hand_and_obj_success Std              0
hand_and_obj_success Max              0
hand_and_obj_success Min              0
Final hand_and_obj_success Mean       0
Final hand_and_obj_success Std        0
Final hand_and_obj_success Max        0
Final hand_and_obj_success Min        0
touch_success Mean                    0
touch_success Std                     0
touch_success Max                     0
touch_success Min                     0
Final touch_success Mean              0
Final touch_success Std               0
Final touch_success Max               0
Final touch_success Min               0
hand_distance Mean                    0.238307
hand_distance Std                     0.0632095
hand_distance Max                     0.402453
hand_distance Min                     0.03948
Final hand_distance Mean              0.232404
Final hand_distance Std               0.0727947
Final hand_distance Max               0.394844
Final hand_distance Min               0.117416
obj_distance Mean                     0.311994
obj_distance Std                      0.0560635
obj_distance Max                      0.417333
obj_distance Min                      0.224365
Final obj_distance Mean               0.311994
Final obj_distance Std                0.0560635
Final obj_distance Max                0.417331
Final obj_distance Min                0.224365
hand_and_obj_distance Mean            0.550301
hand_and_obj_distance Std             0.0798855
hand_and_obj_distance Max             0.725762
hand_and_obj_distance Min             0.367281
Final hand_and_obj_distance Mean      0.544397
Final hand_and_obj_distance Std       0.0898505
Final hand_and_obj_distance Max       0.694855
Final hand_and_obj_distance Min       0.367281
total_pickups Mean                    0
total_pickups Std                     0
total_pickups Max                     0
total_pickups Min                     0
Final total_pickups Mean              0
Final total_pickups Std               0
Final total_pickups Max               0
Final total_pickups Min               0
image_dist Mean                      18.6186
image_dist Std                        3.48155
image_dist Max                       26.2218
image_dist Min                       11.5265
Final image_dist Mean                19.0255
Final image_dist Std                  3.84165
Final image_dist Max                 25.619
Final image_dist Min                 12.1295
image_success Mean                   -1
image_success Std                     0
image_success Max                    -1
image_success Min                    -1
Final image_success Mean             -1
Final image_success Std               0
Final image_success Max              -1
Final image_success Min              -1
vae_mdist Mean                     6574.47
vae_mdist Std                      3205.2
vae_mdist Max                     23989.5
vae_mdist Min                      2394.4
Final vae_mdist Mean               6935.1
Final vae_mdist Std                2770.83
Final vae_mdist Max               11244.1
Final vae_mdist Min                3859.41
vae_success Mean                      0
vae_success Std                       0
vae_success Max                       0
vae_success Min                       0
Final vae_success Mean                0
Final vae_success Std                 0
Final vae_success Max                 0
Final vae_success Min                 0
vae_dist Mean                         5.33748
vae_dist Std                          1.10901
vae_dist Max                         11.8166
vae_dist Min                          2.81403
Final vae_dist Mean                   5.26307
Final vae_dist Std                    0.753788
Final vae_dist Max                    6.71858
Final vae_dist Min                    4.1827
AverageReturn                      -533.748
Number of train steps total       92004
Number of env steps total         27000
Number of rollouts total            270
Train Time (s)                       24.2617
(Previous) Eval Time (s)              4.81674
Sample Time (s)                       5.79796
Epoch Time (s)                       34.8764
Total Train Time (s)                798.536
Epoch                                26
--------------------------------  --------------
2025-08-25 16:17:31.191721 +07 | [08-25-rlkit-pick-and-place-p3-vae-rig_2025_08_25_15_54_12_0000--s-48344] Iteration #26 | Epoch Duration: 34.81294536590576
2025-08-25 16:17:31.191831 +07 | [08-25-rlkit-pick-and-place-p3-vae-rig_2025_08_25_15_54_12_0000--s-48344] Iteration #26 | Started Training: True
2025-08-25 16:17:58.991715 +07 | [08-25-rlkit-pick-and-place-p3-vae-rig_2025_08_25_15_54_12_0000--s-48344] Iteration #27 | Collecting samples for evaluation
--------------------------------  ---------------
QF1 Loss                             25.152
QF2 Loss                             20.397
Policy Loss                         312.179
Q1 Predictions Mean                -315.276
Q1 Predictions Std                  186.887
Q1 Predictions Max                  -31.0042
Q1 Predictions Min                 -666.876
Q2 Predictions Mean                -315.125
Q2 Predictions Std                  187.038
Q2 Predictions Max                  -28.2427
Q2 Predictions Min                 -672.098
Q Targets Mean                     -314.716
Q Targets Std                       186.339
Q Targets Max                       -29.4827
Q Targets Min                      -667.877
Bellman Errors 1 Mean                25.152
Bellman Errors 1 Std                 61.758
Bellman Errors 1 Max                555.611
Bellman Errors 1 Min                  0.000556132
Bellman Errors 2 Mean                20.397
Bellman Errors 2 Std                 34.7728
Bellman Errors 2 Max                200
Bellman Errors 2 Min                  0.0390131
Policy Action Mean                    0.0652384
Policy Action Std                     0.854055
Policy Action Max                     1
Policy Action Min                    -1
Test Rewards Mean                    -5.50195
Test Rewards Std                      1.22629
Test Rewards Max                     -3.28492
Test Rewards Min                    -12.2775
Test Returns Mean                  -550.195
Test Returns Std                     97.4275
Test Returns Max                   -374.831
Test Returns Min                   -674.536
Test Actions Mean                     0.141329
Test Actions Std                      0.603588
Test Actions Max                      1
Test Actions Min                     -1
Num Paths                            10
Exploration Rewards Mean             -7.10885
Exploration Rewards Std               3.18815
Exploration Rewards Max              -3.34153
Exploration Rewards Min             -20.1145
Exploration Returns Mean           -710.885
Exploration Returns Std             273.727
Exploration Returns Max            -399.973
Exploration Returns Min           -1229.36
Exploration Actions Mean              0.0414389
Exploration Actions Std               0.710594
Exploration Actions Max               1
Exploration Actions Min              -1
touch_distance Mean                   0.368486
touch_distance Std                    0.0635094
touch_distance Max                    0.504368
touch_distance Min                    0.202736
Final touch_distance Mean             0.39371
Final touch_distance Std              0.068195
Final touch_distance Max              0.474135
Final touch_distance Min              0.265344
hand_success Mean                     0
hand_success Std                      0
hand_success Max                      0
hand_success Min                      0
Final hand_success Mean               0
Final hand_success Std                0
Final hand_success Max                0
Final hand_success Min                0
obj_success Mean                      0
obj_success Std                       0
obj_success Max                       0
obj_success Min                       0
Final obj_success Mean                0
Final obj_success Std                 0
Final obj_success Max                 0
Final obj_success Min                 0
hand_and_obj_success Mean             0
hand_and_obj_success Std              0
hand_and_obj_success Max              0
hand_and_obj_success Min              0
Final hand_and_obj_success Mean       0
Final hand_and_obj_success Std        0
Final hand_and_obj_success Max        0
Final hand_and_obj_success Min        0
touch_success Mean                    0
touch_success Std                     0
touch_success Max                     0
touch_success Min                     0
Final touch_success Mean              0
Final touch_success Std               0
Final touch_success Max               0
Final touch_success Min               0
hand_distance Mean                    0.239798
hand_distance Std                     0.106403
hand_distance Max                     0.491956
hand_distance Min                     0.0613666
Final hand_distance Mean              0.284316
Final hand_distance Std               0.122827
Final hand_distance Max               0.491956
Final hand_distance Min               0.0963922
obj_distance Mean                     0.325299
obj_distance Std                      0.144492
obj_distance Max                      0.494672
obj_distance Min                      0.0897796
Final obj_distance Mean               0.325299
Final obj_distance Std                0.144492
Final obj_distance Max                0.494672
Final obj_distance Min                0.0897796
hand_and_obj_distance Mean            0.565097
hand_and_obj_distance Std             0.196869
hand_and_obj_distance Max             0.960424
hand_and_obj_distance Min             0.170273
Final hand_and_obj_distance Mean      0.609615
Final hand_and_obj_distance Std       0.215589
Final hand_and_obj_distance Max       0.960424
Final hand_and_obj_distance Min       0.2578
total_pickups Mean                    0
total_pickups Std                     0
total_pickups Max                     0
total_pickups Min                     0
Final total_pickups Mean              0
Final total_pickups Std               0
Final total_pickups Max               0
Final total_pickups Min               0
image_dist Mean                      20.8597
image_dist Std                        3.54392
image_dist Max                       27.8117
image_dist Min                       13.6617
Final image_dist Mean                20.8048
Final image_dist Std                  3.71904
Final image_dist Max                 26.7772
Final image_dist Min                 13.7818
image_success Mean                   -1
image_success Std                     0
image_success Max                    -1
image_success Min                    -1
Final image_success Mean             -1
Final image_success Std               0
Final image_success Max              -1
Final image_success Min              -1
vae_mdist Mean                     8041.71
vae_mdist Std                      3717.47
vae_mdist Max                     33518.6
vae_mdist Min                      1440.38
Final vae_mdist Mean               7334.29
Final vae_mdist Std                3249.86
Final vae_mdist Max               12786.1
Final vae_mdist Min                1440.38
vae_success Mean                      0
vae_success Std                       0
vae_success Max                       0
vae_success Min                       0
Final vae_success Mean                0
Final vae_success Std                 0
Final vae_success Max                 0
Final vae_success Min                 0
vae_dist Mean                         5.50195
vae_dist Std                          1.22629
vae_dist Max                         12.2775
vae_dist Min                          3.28492
Final vae_dist Mean                   5.16185
Final vae_dist Std                    0.906953
Final vae_dist Max                    6.60782
Final vae_dist Min                    3.74036
AverageReturn                      -550.195
Number of train steps total       96004
Number of env steps total         28000
Number of rollouts total            280
Train Time (s)                       22.0832
(Previous) Eval Time (s)              4.7345
Sample Time (s)                       5.61658
Epoch Time (s)                       32.4343
Total Train Time (s)                831.061
Epoch                                27
--------------------------------  ---------------
2025-08-25 16:18:03.740351 +07 | [08-25-rlkit-pick-and-place-p3-vae-rig_2025_08_25_15_54_12_0000--s-48344] Iteration #27 | Epoch Duration: 32.548423767089844
2025-08-25 16:18:03.740530 +07 | [08-25-rlkit-pick-and-place-p3-vae-rig_2025_08_25_15_54_12_0000--s-48344] Iteration #27 | Started Training: True
2025-08-25 16:18:32.152188 +07 | [08-25-rlkit-pick-and-place-p3-vae-rig_2025_08_25_15_54_12_0000--s-48344] Iteration #28 | Collecting samples for evaluation
--------------------------------  ----------------
QF1 Loss                              40.7004
QF2 Loss                              27.8605
Policy Loss                          306.402
Q1 Predictions Mean                 -309.957
Q1 Predictions Std                   189.38
Q1 Predictions Max                   -37.0264
Q1 Predictions Min                  -697.344
Q2 Predictions Mean                 -310.232
Q2 Predictions Std                   189.615
Q2 Predictions Max                   -37.8487
Q2 Predictions Min                  -705.125
Q Targets Mean                      -310.902
Q Targets Std                        190.137
Q Targets Max                        -37.3631
Q Targets Min                       -700.236
Bellman Errors 1 Mean                 40.7005
Bellman Errors 1 Std                 129.483
Bellman Errors 1 Max                1251.32
Bellman Errors 1 Min                   8.89236e-05
Bellman Errors 2 Mean                 27.8605
Bellman Errors 2 Std                  78.837
Bellman Errors 2 Max                 579.736
Bellman Errors 2 Min                   2.06763e-05
Policy Action Mean                     0.0606322
Policy Action Std                      0.842724
Policy Action Max                      1
Policy Action Min                     -1
Test Rewards Mean                     -5.52838
Test Rewards Std                       1.17997
Test Rewards Max                      -3.25846
Test Rewards Min                      -9.68737
Test Returns Mean                   -552.838
Test Returns Std                      96.2046
Test Returns Max                    -448.721
Test Returns Min                    -790.849
Test Actions Mean                      0.209625
Test Actions Std                       0.65004
Test Actions Max                       1
Test Actions Min                      -1
Num Paths                             10
Exploration Rewards Mean              -6.46995
Exploration Rewards Std                2.23863
Exploration Rewards Max               -3.05105
Exploration Rewards Min              -17.8189
Exploration Returns Mean            -646.995
Exploration Returns Std              187.751
Exploration Returns Max             -378.812
Exploration Returns Min             -983.142
Exploration Actions Mean               0.0640817
Exploration Actions Std                0.684732
Exploration Actions Max                1
Exploration Actions Min               -1
touch_distance Mean                    0.354346
touch_distance Std                     0.0732178
touch_distance Max                     0.563177
touch_distance Min                     0.194084
Final touch_distance Mean              0.362572
Final touch_distance Std               0.082529
Final touch_distance Max               0.538626
Final touch_distance Min               0.27449
hand_success Mean                      0.00818182
hand_success Std                       0.0900826
hand_success Max                       1
hand_success Min                       0
Final hand_success Mean                0
Final hand_success Std                 0
Final hand_success Max                 0
Final hand_success Min                 0
obj_success Mean                       0
obj_success Std                        0
obj_success Max                        0
obj_success Min                        0
Final obj_success Mean                 0
Final obj_success Std                  0
Final obj_success Max                  0
Final obj_success Min                  0
hand_and_obj_success Mean              0
hand_and_obj_success Std               0
hand_and_obj_success Max               0
hand_and_obj_success Min               0
Final hand_and_obj_success Mean        0
Final hand_and_obj_success Std         0
Final hand_and_obj_success Max         0
Final hand_and_obj_success Min         0
touch_success Mean                     0
touch_success Std                      0
touch_success Max                      0
touch_success Min                      0
Final touch_success Mean               0
Final touch_success Std                0
Final touch_success Max                0
Final touch_success Min                0
hand_distance Mean                     0.266912
hand_distance Std                      0.0906373
hand_distance Max                      0.573681
hand_distance Min                      0.0411143
Final hand_distance Mean               0.289115
Final hand_distance Std                0.112562
Final hand_distance Max                0.512988
Final hand_distance Min                0.112202
obj_distance Mean                      0.370557
obj_distance Std                       0.128782
obj_distance Max                       0.519077
obj_distance Min                       0.0713376
Final obj_distance Mean                0.370557
Final obj_distance Std                 0.128782
Final obj_distance Max                 0.519077
Final obj_distance Min                 0.0713376
hand_and_obj_distance Mean             0.637468
hand_and_obj_distance Std              0.164491
hand_and_obj_distance Max              1.06644
hand_and_obj_distance Min              0.351829
Final hand_and_obj_distance Mean       0.659672
Final hand_and_obj_distance Std        0.176508
Final hand_and_obj_distance Max        0.958839
Final hand_and_obj_distance Min        0.351829
total_pickups Mean                     0
total_pickups Std                      0
total_pickups Max                      0
total_pickups Min                      0
Final total_pickups Mean               0
Final total_pickups Std                0
Final total_pickups Max                0
Final total_pickups Min                0
image_dist Mean                       20.1692
image_dist Std                         4.93951
image_dist Max                        28.3783
image_dist Min                        11.7817
Final image_dist Mean                 20.1428
Final image_dist Std                   4.80374
Final image_dist Max                  26.4872
Final image_dist Min                  13.3515
image_success Mean                    -1
image_success Std                      0
image_success Max                     -1
image_success Min                     -1
Final image_success Mean              -1
Final image_success Std                0
Final image_success Max               -1
Final image_success Min               -1
vae_mdist Mean                      7382.63
vae_mdist Std                       2542.92
vae_mdist Max                      21096.7
vae_mdist Min                       2635.48
Final vae_mdist Mean                7581.96
Final vae_mdist Std                 3023.53
Final vae_mdist Max                13743.9
Final vae_mdist Min                 4034.01
vae_success Mean                       0
vae_success Std                        0
vae_success Max                        0
vae_success Min                        0
Final vae_success Mean                 0
Final vae_success Std                  0
Final vae_success Max                  0
Final vae_success Min                  0
vae_dist Mean                          5.52838
vae_dist Std                           1.17997
vae_dist Max                           9.68737
vae_dist Min                           3.25846
Final vae_dist Mean                    5.22972
Final vae_dist Std                     1.0703
Final vae_dist Max                     7.13522
Final vae_dist Min                     3.48648
AverageReturn                       -552.838
Number of train steps total       100004
Number of env steps total          29000
Number of rollouts total             290
Train Time (s)                        22.4935
(Previous) Eval Time (s)               4.83106
Sample Time (s)                        5.8159
Epoch Time (s)                        33.1405
Total Train Time (s)                 863.918
Epoch                                 28
--------------------------------  ----------------
2025-08-25 16:18:36.602589 +07 | [08-25-rlkit-pick-and-place-p3-vae-rig_2025_08_25_15_54_12_0000--s-48344] Iteration #28 | Epoch Duration: 32.861958742141724
2025-08-25 16:18:36.602693 +07 | [08-25-rlkit-pick-and-place-p3-vae-rig_2025_08_25_15_54_12_0000--s-48344] Iteration #28 | Started Training: True
2025-08-25 16:18:57.691681 +07 | [08-25-rlkit-pick-and-place-p3-vae-rig_2025_08_25_15_54_12_0000--s-48344] Iteration #29 | Collecting samples for evaluation
--------------------------------  ----------------
QF1 Loss                              30.7409
QF2 Loss                              35.5159
Policy Loss                          319.513
Q1 Predictions Mean                 -322.44
Q1 Predictions Std                   198.283
Q1 Predictions Max                    10.8275
Q1 Predictions Min                  -701.054
Q2 Predictions Mean                 -322.564
Q2 Predictions Std                   198.117
Q2 Predictions Max                     8.42249
Q2 Predictions Min                  -708.199
Q Targets Mean                      -324.051
Q Targets Std                        199.003
Q Targets Max                         15.1013
Q Targets Min                       -713.019
Bellman Errors 1 Mean                 30.7409
Bellman Errors 1 Std                  48.7773
Bellman Errors 1 Max                 225.176
Bellman Errors 1 Min                   1.80304e-06
Bellman Errors 2 Mean                 35.5159
Bellman Errors 2 Std                  65.3931
Bellman Errors 2 Max                 444.011
Bellman Errors 2 Min                   0.00110118
Policy Action Mean                     0.12504
Policy Action Std                      0.827278
Policy Action Max                      1
Policy Action Min                     -1
Test Rewards Mean                     -5.53014
Test Rewards Std                       1.40003
Test Rewards Max                      -2.64029
Test Rewards Min                     -10.8691
Test Returns Mean                   -553.014
Test Returns Std                     128.019
Test Returns Max                    -364.022
Test Returns Min                    -875.624
Test Actions Mean                      0.0723172
Test Actions Std                       0.606494
Test Actions Max                       1
Test Actions Min                      -1
Num Paths                             10
Exploration Rewards Mean              -6.16962
Exploration Rewards Std                2.04156
Exploration Rewards Max               -2.78709
Exploration Rewards Min              -19.9464
Exploration Returns Mean            -616.962
Exploration Returns Std              184.899
Exploration Returns Max             -372.881
Exploration Returns Min            -1114.7
Exploration Actions Mean               0.112735
Exploration Actions Std                0.666335
Exploration Actions Max                1
Exploration Actions Min               -1
touch_distance Mean                    0.396044
touch_distance Std                     0.0845012
touch_distance Max                     0.562877
touch_distance Min                     0.20976
Final touch_distance Mean              0.404202
Final touch_distance Std               0.0814249
Final touch_distance Max               0.562048
Final touch_distance Min               0.304089
hand_success Mean                      0
hand_success Std                       0
hand_success Max                       0
hand_success Min                       0
Final hand_success Mean                0
Final hand_success Std                 0
Final hand_success Max                 0
Final hand_success Min                 0
obj_success Mean                       0.0909091
obj_success Std                        0.28748
obj_success Max                        1
obj_success Min                        0
Final obj_success Mean                 0.0909091
Final obj_success Std                  0.28748
Final obj_success Max                  1
Final obj_success Min                  0
hand_and_obj_success Mean              0
hand_and_obj_success Std               0
hand_and_obj_success Max               0
hand_and_obj_success Min               0
Final hand_and_obj_success Mean        0
Final hand_and_obj_success Std         0
Final hand_and_obj_success Max         0
Final hand_and_obj_success Min         0
touch_success Mean                     0
touch_success Std                      0
touch_success Max                      0
touch_success Min                      0
Final touch_success Mean               0
Final touch_success Std                0
Final touch_success Max                0
Final touch_success Min                0
hand_distance Mean                     0.274985
hand_distance Std                      0.0961088
hand_distance Max                      0.525887
hand_distance Min                      0.0604986
Final hand_distance Mean               0.292057
Final hand_distance Std                0.114848
Final hand_distance Max                0.525541
Final hand_distance Min                0.188316
obj_distance Mean                      0.28814
obj_distance Std                       0.118163
obj_distance Max                       0.503007
obj_distance Min                       0.05497
Final obj_distance Mean                0.28814
Final obj_distance Std                 0.118163
Final obj_distance Max                 0.503007
Final obj_distance Min                 0.05497
hand_and_obj_distance Mean             0.563125
hand_and_obj_distance Std              0.125046
hand_and_obj_distance Max              0.921926
hand_and_obj_distance Min              0.241676
Final hand_and_obj_distance Mean       0.580197
Final hand_and_obj_distance Std        0.140428
Final hand_and_obj_distance Max        0.92173
Final hand_and_obj_distance Min        0.453016
total_pickups Mean                     0
total_pickups Std                      0
total_pickups Max                      0
total_pickups Min                      0
Final total_pickups Mean               0
Final total_pickups Std                0
Final total_pickups Max                0
Final total_pickups Min                0
image_dist Mean                       20.6714
image_dist Std                         5.67443
image_dist Max                        32.5531
image_dist Min                        10.1777
Final image_dist Mean                 20.5865
Final image_dist Std                   5.84163
Final image_dist Max                  32.4463
Final image_dist Min                  11.8859
image_success Mean                    -1
image_success Std                      0
image_success Max                     -1
image_success Min                     -1
Final image_success Mean              -1
Final image_success Std                0
Final image_success Max               -1
Final image_success Min               -1
vae_mdist Mean                      8376.14
vae_mdist Std                       4032.24
vae_mdist Max                      25332.9
vae_mdist Min                       1601.92
Final vae_mdist Mean                7713.59
Final vae_mdist Std                 3468
Final vae_mdist Max                15661.9
Final vae_mdist Min                 1771.27
vae_success Mean                       0
vae_success Std                        0
vae_success Max                        0
vae_success Min                        0
Final vae_success Mean                 0
Final vae_success Std                  0
Final vae_success Max                  0
Final vae_success Min                  0
vae_dist Mean                          5.53014
vae_dist Std                           1.40003
vae_dist Max                          10.8691
vae_dist Min                           2.64029
Final vae_dist Mean                    5.37247
Final vae_dist Std                     1.2013
Final vae_dist Max                     8.6312
Final vae_dist Min                     3.91577
AverageReturn                       -553.014
Number of train steps total       104004
Number of env steps total          30000
Number of rollouts total             300
Train Time (s)                        16.2284
(Previous) Eval Time (s)               4.5353
Sample Time (s)                        4.77335
Epoch Time (s)                        25.5371
Total Train Time (s)                 889.404
Epoch                                 29
--------------------------------  ----------------
2025-08-25 16:19:02.103533 +07 | [08-25-rlkit-pick-and-place-p3-vae-rig_2025_08_25_15_54_12_0000--s-48344] Iteration #29 | Epoch Duration: 25.50074291229248
2025-08-25 16:19:02.103842 +07 | [08-25-rlkit-pick-and-place-p3-vae-rig_2025_08_25_15_54_12_0000--s-48344] Iteration #29 | Started Training: True
2025-08-25 16:19:27.591610 +07 | [08-25-rlkit-pick-and-place-p3-vae-rig_2025_08_25_15_54_12_0000--s-48344] Iteration #30 | Collecting samples for evaluation
--------------------------------  ----------------
QF1 Loss                              27.6315
QF2 Loss                              30.0537
Policy Loss                          314.983
Q1 Predictions Mean                 -317.889
Q1 Predictions Std                   197.143
Q1 Predictions Max                    24.8648
Q1 Predictions Min                  -657.723
Q2 Predictions Mean                 -316.864
Q2 Predictions Std                   196.798
Q2 Predictions Max                    25.6475
Q2 Predictions Min                  -655.711
Q Targets Mean                      -318.64
Q Targets Std                        197.898
Q Targets Max                         21.1846
Q Targets Min                       -656.592
Bellman Errors 1 Mean                 27.6315
Bellman Errors 1 Std                  83.1797
Bellman Errors 1 Max                 831.48
Bellman Errors 1 Min                   0.000227276
Bellman Errors 2 Mean                 30.0537
Bellman Errors 2 Std                  81.9432
Bellman Errors 2 Max                 789.893
Bellman Errors 2 Min                   0.000264579
Policy Action Mean                     0.0438139
Policy Action Std                      0.810339
Policy Action Max                      1
Policy Action Min                     -1
Test Rewards Mean                     -5.74344
Test Rewards Std                       1.52689
Test Rewards Max                      -2.86217
Test Rewards Min                     -11.6627
Test Returns Mean                   -574.344
Test Returns Std                     129.644
Test Returns Max                    -335.152
Test Returns Min                    -757.003
Test Actions Mean                      0.0854383
Test Actions Std                       0.685267
Test Actions Max                       1
Test Actions Min                      -1
Num Paths                             10
Exploration Rewards Mean              -4.83743
Exploration Rewards Std                1.11215
Exploration Rewards Max               -2.1789
Exploration Rewards Min               -9.90026
Exploration Returns Mean            -483.743
Exploration Returns Std               85.9949
Exploration Returns Max             -312.113
Exploration Returns Min             -621.709
Exploration Actions Mean               0.20298
Exploration Actions Std                0.620773
Exploration Actions Max                1
Exploration Actions Min               -1
touch_distance Mean                    0.424706
touch_distance Std                     0.0964279
touch_distance Max                     0.610631
touch_distance Min                     0.197601
Final touch_distance Mean              0.437931
Final touch_distance Std               0.0924588
Final touch_distance Max               0.60781
Final touch_distance Min               0.317352
hand_success Mean                      0
hand_success Std                       0
hand_success Max                       0
hand_success Min                       0
Final hand_success Mean                0
Final hand_success Std                 0
Final hand_success Max                 0
Final hand_success Min                 0
obj_success Mean                       0
obj_success Std                        0
obj_success Max                        0
obj_success Min                        0
Final obj_success Mean                 0
Final obj_success Std                  0
Final obj_success Max                  0
Final obj_success Min                  0
hand_and_obj_success Mean              0
hand_and_obj_success Std               0
hand_and_obj_success Max               0
hand_and_obj_success Min               0
Final hand_and_obj_success Mean        0
Final hand_and_obj_success Std         0
Final hand_and_obj_success Max         0
Final hand_and_obj_success Min         0
touch_success Mean                     0
touch_success Std                      0
touch_success Max                      0
touch_success Min                      0
Final touch_success Mean               0
Final touch_success Std                0
Final touch_success Max                0
Final touch_success Min                0
hand_distance Mean                     0.285465
hand_distance Std                      0.0981624
hand_distance Max                      0.508765
hand_distance Min                      0.068947
Final hand_distance Mean               0.290151
Final hand_distance Std                0.115625
Final hand_distance Max                0.489651
Final hand_distance Min                0.0927099
obj_distance Mean                      0.367122
obj_distance Std                       0.155012
obj_distance Max                       0.553107
obj_distance Min                       0.124243
Final obj_distance Mean                0.367122
Final obj_distance Std                 0.155012
Final obj_distance Max                 0.553105
Final obj_distance Min                 0.124243
hand_and_obj_distance Mean             0.652587
hand_and_obj_distance Std              0.159623
hand_and_obj_distance Max              1.02619
hand_and_obj_distance Min              0.395015
Final hand_and_obj_distance Mean       0.657274
Final hand_and_obj_distance Std        0.177513
Final hand_and_obj_distance Max        1.02619
Final hand_and_obj_distance Min        0.443633
total_pickups Mean                     0
total_pickups Std                      0
total_pickups Max                      0
total_pickups Min                      0
Final total_pickups Mean               0
Final total_pickups Std                0
Final total_pickups Max                0
Final total_pickups Min                0
image_dist Mean                       21.0178
image_dist Std                         6.69335
image_dist Max                        32.2853
image_dist Min                         6.40953
Final image_dist Mean                 21.3665
Final image_dist Std                   7.03589
Final image_dist Max                  31.5612
Final image_dist Min                   6.78392
image_success Mean                    -0.91
image_success Std                      0.286182
image_success Max                      0
image_success Min                     -1
Final image_success Mean              -0.909091
Final image_success Std                0.28748
Final image_success Max                0
Final image_success Min               -1
vae_mdist Mean                      8287.33
vae_mdist Std                       4092.82
vae_mdist Max                      24148.4
vae_mdist Min                       1300.62
Final vae_mdist Mean                8229.3
Final vae_mdist Std                 4073.07
Final vae_mdist Max                16415.6
Final vae_mdist Min                 2400.08
vae_success Mean                       0
vae_success Std                        0
vae_success Max                        0
vae_success Min                        0
Final vae_success Mean                 0
Final vae_success Std                  0
Final vae_success Max                  0
Final vae_success Min                  0
vae_dist Mean                          5.74344
vae_dist Std                           1.52689
vae_dist Max                          11.6627
vae_dist Min                           2.86217
Final vae_dist Mean                    5.8997
Final vae_dist Std                     1.95014
Final vae_dist Max                     9.4753
Final vae_dist Min                     2.99479
AverageReturn                       -574.344
Number of train steps total       108004
Number of env steps total          31000
Number of rollouts total             310
Train Time (s)                        20.1861
(Previous) Eval Time (s)               4.48287
Sample Time (s)                        5.2065
Epoch Time (s)                        29.8755
Total Train Time (s)                 919.561
Epoch                                 30
--------------------------------  ----------------
2025-08-25 16:19:32.275419 +07 | [08-25-rlkit-pick-and-place-p3-vae-rig_2025_08_25_15_54_12_0000--s-48344] Iteration #30 | Epoch Duration: 30.171494245529175
2025-08-25 16:19:32.275510 +07 | [08-25-rlkit-pick-and-place-p3-vae-rig_2025_08_25_15_54_12_0000--s-48344] Iteration #30 | Started Training: True
2025-08-25 16:19:54.859486 +07 | [08-25-rlkit-pick-and-place-p3-vae-rig_2025_08_25_15_54_12_0000--s-48344] Iteration #31 | Collecting samples for evaluation
--------------------------------  ----------------
QF1 Loss                              22.6037
QF2 Loss                              28.1555
Policy Loss                          316.289
Q1 Predictions Mean                 -319.585
Q1 Predictions Std                   185.346
Q1 Predictions Max                     5.94091
Q1 Predictions Min                  -637.045
Q2 Predictions Mean                 -319.831
Q2 Predictions Std                   185.37
Q2 Predictions Max                     1.39193
Q2 Predictions Min                  -641.678
Q Targets Mean                      -319.158
Q Targets Std                        185.196
Q Targets Max                         -0.526031
Q Targets Min                       -630.374
Bellman Errors 1 Mean                 22.6037
Bellman Errors 1 Std                  50.6153
Bellman Errors 1 Max                 464.293
Bellman Errors 1 Min                   0.0369862
Bellman Errors 2 Mean                 28.1554
Bellman Errors 2 Std                  82.6765
Bellman Errors 2 Max                 697.846
Bellman Errors 2 Min                   7.33562e-08
Policy Action Mean                     0.0444816
Policy Action Std                      0.822844
Policy Action Max                      1
Policy Action Min                     -1
Test Rewards Mean                     -7.02548
Test Rewards Std                       3.76203
Test Rewards Max                      -3.99588
Test Rewards Min                     -20.2465
Test Returns Mean                   -702.548
Test Returns Std                     367.567
Test Returns Max                    -461.893
Test Returns Min                   -1834.16
Test Actions Mean                      0.116788
Test Actions Std                       0.640179
Test Actions Max                       1
Test Actions Min                      -1
Num Paths                             10
Exploration Rewards Mean              -6.21494
Exploration Rewards Std                1.79557
Exploration Rewards Max               -3.87022
Exploration Rewards Min              -19.2183
Exploration Returns Mean            -621.494
Exploration Returns Std              129.878
Exploration Returns Max             -466.946
Exploration Returns Min             -808.946
Exploration Actions Mean               0.124814
Exploration Actions Std                0.626514
Exploration Actions Max                1
Exploration Actions Min               -1
touch_distance Mean                    0.435367
touch_distance Std                     0.0976714
touch_distance Max                     0.598336
touch_distance Min                     0.246164
Final touch_distance Mean              0.483896
Final touch_distance Std               0.0960767
Final touch_distance Max               0.596363
Final touch_distance Min               0.305478
hand_success Mean                      0.02
hand_success Std                       0.14
hand_success Max                       1
hand_success Min                       0
Final hand_success Mean                0
Final hand_success Std                 0
Final hand_success Max                 0
Final hand_success Min                 0
obj_success Mean                       0.0909091
obj_success Std                        0.28748
obj_success Max                        1
obj_success Min                        0
Final obj_success Mean                 0.0909091
Final obj_success Std                  0.28748
Final obj_success Max                  1
Final obj_success Min                  0
hand_and_obj_success Mean              0
hand_and_obj_success Std               0
hand_and_obj_success Max               0
hand_and_obj_success Min               0
Final hand_and_obj_success Mean        0
Final hand_and_obj_success Std         0
Final hand_and_obj_success Max         0
Final hand_and_obj_success Min         0
touch_success Mean                     0
touch_success Std                      0
touch_success Max                      0
touch_success Min                      0
Final touch_success Mean               0
Final touch_success Std                0
Final touch_success Max                0
Final touch_success Min                0
hand_distance Mean                     0.266247
hand_distance Std                      0.10947
hand_distance Max                      0.558305
hand_distance Min                      0.00525799
Final hand_distance Mean               0.278114
Final hand_distance Std                0.113351
Final hand_distance Max                0.554816
Final hand_distance Min                0.139188
obj_distance Mean                      0.376664
obj_distance Std                       0.162403
obj_distance Max                       0.576289
obj_distance Min                       0.0472315
Final obj_distance Mean                0.376664
Final obj_distance Std                 0.162403
Final obj_distance Max                 0.576287
Final obj_distance Min                 0.0472315
hand_and_obj_distance Mean             0.642911
hand_and_obj_distance Std              0.176693
hand_and_obj_distance Max              1.0425
hand_and_obj_distance Min              0.304019
Final hand_and_obj_distance Mean       0.654778
Final hand_and_obj_distance Std        0.185602
Final hand_and_obj_distance Max        1.03901
Final hand_and_obj_distance Min        0.321054
total_pickups Mean                     0
total_pickups Std                      0
total_pickups Max                      0
total_pickups Min                      0
Final total_pickups Mean               0
Final total_pickups Std                0
Final total_pickups Max                0
Final total_pickups Min                0
image_dist Mean                       21.0321
image_dist Std                         4.93063
image_dist Max                        31.2875
image_dist Min                         5.79842
Final image_dist Mean                 21.264
Final image_dist Std                   4.69832
Final image_dist Max                  28.9385
Final image_dist Min                  14.1986
image_success Mean                    -0.99
image_success Std                      0.0994987
image_success Max                      0
image_success Min                     -1
Final image_success Mean              -1
Final image_success Std                0
Final image_success Max               -1
Final image_success Min               -1
vae_mdist Mean                     10016.7
vae_mdist Std                       5108.9
vae_mdist Max                      48022.7
vae_mdist Min                       3958.13
Final vae_mdist Mean                8989.3
Final vae_mdist Std                 1995.45
Final vae_mdist Max                13406.7
Final vae_mdist Min                 6448.93
vae_success Mean                       0
vae_success Std                        0
vae_success Max                        0
vae_success Min                        0
Final vae_success Mean                 0
Final vae_success Std                  0
Final vae_success Max                  0
Final vae_success Min                  0
vae_dist Mean                          7.02548
vae_dist Std                           3.76203
vae_dist Max                          20.2465
vae_dist Min                           3.99588
Final vae_dist Mean                    6.994
Final vae_dist Std                     4.12156
Final vae_dist Max                    19.6832
Final vae_dist Min                     4.25221
AverageReturn                       -702.548
Number of train steps total       112004
Number of env steps total          32000
Number of rollouts total             320
Train Time (s)                        17.4881
(Previous) Eval Time (s)               4.76227
Sample Time (s)                        5.00437
Epoch Time (s)                        27.2548
Total Train Time (s)                 946.719
Epoch                                 31
--------------------------------  ----------------
2025-08-25 16:19:59.450182 +07 | [08-25-rlkit-pick-and-place-p3-vae-rig_2025_08_25_15_54_12_0000--s-48344] Iteration #31 | Epoch Duration: 27.17459797859192
2025-08-25 16:19:59.450331 +07 | [08-25-rlkit-pick-and-place-p3-vae-rig_2025_08_25_15_54_12_0000--s-48344] Iteration #31 | Started Training: True
2025-08-25 16:20:31.944811 +07 | [08-25-rlkit-pick-and-place-p3-vae-rig_2025_08_25_15_54_12_0000--s-48344] Iteration #32 | Collecting samples for evaluation
--------------------------------  ----------------
QF1 Loss                              31.2913
QF2 Loss                              25.9772
Policy Loss                          324.653
Q1 Predictions Mean                 -328.824
Q1 Predictions Std                   198.007
Q1 Predictions Max                     0.275087
Q1 Predictions Min                  -676.475
Q2 Predictions Mean                 -327.864
Q2 Predictions Std                   197.662
Q2 Predictions Max                    -1.48024
Q2 Predictions Min                  -668.953
Q Targets Mean                      -328.209
Q Targets Std                        197.578
Q Targets Max                         -0.789533
Q Targets Min                       -672.465
Bellman Errors 1 Mean                 31.2913
Bellman Errors 1 Std                  95.4464
Bellman Errors 1 Max                 864.182
Bellman Errors 1 Min                   0.000227276
Bellman Errors 2 Mean                 25.9772
Bellman Errors 2 Std                  71.4975
Bellman Errors 2 Max                 515.819
Bellman Errors 2 Min                   0.000360314
Policy Action Mean                     0.0970306
Policy Action Std                      0.803198
Policy Action Max                      1
Policy Action Min                     -1
Test Rewards Mean                     -5.66719
Test Rewards Std                       1.17168
Test Rewards Max                      -3.68558
Test Rewards Min                      -8.8415
Test Returns Mean                   -566.719
Test Returns Std                     100.161
Test Returns Max                    -470.964
Test Returns Min                    -763.936
Test Actions Mean                      0.122296
Test Actions Std                       0.628853
Test Actions Max                       1
Test Actions Min                      -1
Num Paths                             10
Exploration Rewards Mean              -6.01526
Exploration Rewards Std                2.11389
Exploration Rewards Max               -1.29547
Exploration Rewards Min              -20.6014
Exploration Returns Mean            -601.526
Exploration Returns Std              161.252
Exploration Returns Max             -322.822
Exploration Returns Min             -977.149
Exploration Actions Mean               0.0557521
Exploration Actions Std                0.643039
Exploration Actions Max                1
Exploration Actions Min               -1
touch_distance Mean                    0.362686
touch_distance Std                     0.112094
touch_distance Max                     0.716671
touch_distance Min                     0.211314
Final touch_distance Mean              0.386013
Final touch_distance Std               0.102507
Final touch_distance Max               0.63768
Final touch_distance Min               0.278798
hand_success Mean                      0.0345455
hand_success Std                       0.182625
hand_success Max                       1
hand_success Min                       0
Final hand_success Mean                0
Final hand_success Std                 0
Final hand_success Max                 0
Final hand_success Min                 0
obj_success Mean                       0
obj_success Std                        0
obj_success Max                        0
obj_success Min                        0
Final obj_success Mean                 0
Final obj_success Std                  0
Final obj_success Max                  0
Final obj_success Min                  0
hand_and_obj_success Mean              0
hand_and_obj_success Std               0
hand_and_obj_success Max               0
hand_and_obj_success Min               0
Final hand_and_obj_success Mean        0
Final hand_and_obj_success Std         0
Final hand_and_obj_success Max         0
Final hand_and_obj_success Min         0
touch_success Mean                     0
touch_success Std                      0
touch_success Max                      0
touch_success Min                      0
Final touch_success Mean               0
Final touch_success Std                0
Final touch_success Max                0
Final touch_success Min                0
hand_distance Mean                     0.251077
hand_distance Std                      0.111959
hand_distance Max                      0.529354
hand_distance Min                      0.0312387
Final hand_distance Mean               0.265655
Final hand_distance Std                0.110964
Final hand_distance Max                0.529003
Final hand_distance Min                0.110856
obj_distance Mean                      0.310286
obj_distance Std                       0.129524
obj_distance Max                       0.528706
obj_distance Min                       0.087277
Final obj_distance Mean                0.310286
Final obj_distance Std                 0.129524
Final obj_distance Max                 0.528705
Final obj_distance Min                 0.087277
hand_and_obj_distance Mean             0.561363
hand_and_obj_distance Std              0.210134
hand_and_obj_distance Max              0.980677
hand_and_obj_distance Min              0.18045
Final hand_and_obj_distance Mean       0.575942
Final hand_and_obj_distance Std        0.212171
Final hand_and_obj_distance Max        0.980326
Final hand_and_obj_distance Min        0.289846
total_pickups Mean                     0
total_pickups Std                      0
total_pickups Max                      0
total_pickups Min                      0
Final total_pickups Mean               0
Final total_pickups Std                0
Final total_pickups Max                0
Final total_pickups Min                0
image_dist Mean                       22.2152
image_dist Std                         5.18399
image_dist Max                        30.0609
image_dist Min                         6.42316
Final image_dist Mean                 23.4253
Final image_dist Std                   3.77124
Final image_dist Max                  29.722
Final image_dist Min                  18.5718
image_success Mean                    -0.942727
image_success Std                      0.232363
image_success Max                      0
image_success Min                     -1
Final image_success Mean              -1
Final image_success Std                0
Final image_success Max               -1
Final image_success Min               -1
vae_mdist Mean                      9475.14
vae_mdist Std                       4573.94
vae_mdist Max                      24416.8
vae_mdist Min                       2874.1
Final vae_mdist Mean                8164.65
Final vae_mdist Std                 2589.56
Final vae_mdist Max                14608.9
Final vae_mdist Min                 4824.23
vae_success Mean                       0
vae_success Std                        0
vae_success Max                        0
vae_success Min                        0
Final vae_success Mean                 0
Final vae_success Std                  0
Final vae_success Max                  0
Final vae_success Min                  0
vae_dist Mean                          5.66719
vae_dist Std                           1.17168
vae_dist Max                           8.8415
vae_dist Min                           3.68558
Final vae_dist Mean                    5.5119
Final vae_dist Std                     1.20144
Final vae_dist Max                     8.17271
Final vae_dist Min                     4.1839
AverageReturn                       -566.719
Number of train steps total       116004
Number of env steps total          33000
Number of rollouts total             330
Train Time (s)                        26.2336
(Previous) Eval Time (s)               4.66607
Sample Time (s)                        6.13563
Epoch Time (s)                        37.0353
Total Train Time (s)                 985.6
Epoch                                 32
--------------------------------  ----------------
2025-08-25 16:20:38.350806 +07 | [08-25-rlkit-pick-and-place-p3-vae-rig_2025_08_25_15_54_12_0000--s-48344] Iteration #32 | Epoch Duration: 38.900394439697266
2025-08-25 16:20:38.350922 +07 | [08-25-rlkit-pick-and-place-p3-vae-rig_2025_08_25_15_54_12_0000--s-48344] Iteration #32 | Started Training: True
2025-08-25 16:21:10.305805 +07 | [08-25-rlkit-pick-and-place-p3-vae-rig_2025_08_25_15_54_12_0000--s-48344] Iteration #33 | Collecting samples for evaluation
--------------------------------  ----------------
QF1 Loss                              28.0062
QF2 Loss                              23.8677
Policy Loss                          330.157
Q1 Predictions Mean                 -332.144
Q1 Predictions Std                   201.866
Q1 Predictions Max                   -31.6727
Q1 Predictions Min                  -736.075
Q2 Predictions Mean                 -333.295
Q2 Predictions Std                   202.446
Q2 Predictions Max                   -31.8788
Q2 Predictions Min                  -737.032
Q Targets Mean                      -332.306
Q Targets Std                        203.326
Q Targets Max                        -31.6511
Q Targets Min                       -744.381
Bellman Errors 1 Mean                 28.0062
Bellman Errors 1 Std                  62.8876
Bellman Errors 1 Max                 504.719
Bellman Errors 1 Min                   0.000466262
Bellman Errors 2 Mean                 23.8677
Bellman Errors 2 Std                  58.5417
Bellman Errors 2 Max                 569.481
Bellman Errors 2 Min                   0.0013495
Policy Action Mean                     0.0982773
Policy Action Std                      0.843064
Policy Action Max                      1
Policy Action Min                     -1
Test Rewards Mean                     -5.0225
Test Rewards Std                       1.2542
Test Rewards Max                      -1.67836
Test Rewards Min                     -10.4013
Test Returns Mean                   -502.25
Test Returns Std                      99.0805
Test Returns Max                    -249.58
Test Returns Min                    -613.452
Test Actions Mean                      0.107193
Test Actions Std                       0.607604
Test Actions Max                       1
Test Actions Min                      -1
Num Paths                             10
Exploration Rewards Mean              -5.30055
Exploration Rewards Std                2.15397
Exploration Rewards Max               -2.52461
Exploration Rewards Min              -14.3392
Exploration Returns Mean            -530.055
Exploration Returns Std              199.625
Exploration Returns Max             -348.616
Exploration Returns Min            -1075.73
Exploration Actions Mean               0.112426
Exploration Actions Std                0.631113
Exploration Actions Max                1
Exploration Actions Min               -1
touch_distance Mean                    0.349725
touch_distance Std                     0.0877313
touch_distance Max                     0.544515
touch_distance Min                     0.207403
Final touch_distance Mean              0.36809
Final touch_distance Std               0.105237
Final touch_distance Max               0.544408
Final touch_distance Min               0.214075
hand_success Mean                      0
hand_success Std                       0
hand_success Max                       0
hand_success Min                       0
Final hand_success Mean                0
Final hand_success Std                 0
Final hand_success Max                 0
Final hand_success Min                 0
obj_success Mean                       0
obj_success Std                        0
obj_success Max                        0
obj_success Min                        0
Final obj_success Mean                 0
Final obj_success Std                  0
Final obj_success Max                  0
Final obj_success Min                  0
hand_and_obj_success Mean              0
hand_and_obj_success Std               0
hand_and_obj_success Max               0
hand_and_obj_success Min               0
Final hand_and_obj_success Mean        0
Final hand_and_obj_success Std         0
Final hand_and_obj_success Max         0
Final hand_and_obj_success Min         0
touch_success Mean                     0
touch_success Std                      0
touch_success Max                      0
touch_success Min                      0
Final touch_success Mean               0
Final touch_success Std                0
Final touch_success Max                0
Final touch_success Min                0
hand_distance Mean                     0.328291
hand_distance Std                      0.12648
hand_distance Max                      0.561686
hand_distance Min                      0.0793135
Final hand_distance Mean               0.392895
Final hand_distance Std                0.10838
Final hand_distance Max                0.56114
Final hand_distance Min                0.224805
obj_distance Mean                      0.330498
obj_distance Std                       0.103815
obj_distance Max                       0.465217
obj_distance Min                       0.158134
Final obj_distance Mean                0.330498
Final obj_distance Std                 0.103815
Final obj_distance Max                 0.465216
Final obj_distance Min                 0.158134
hand_and_obj_distance Mean             0.658789
hand_and_obj_distance Std              0.171901
hand_and_obj_distance Max              0.995508
hand_and_obj_distance Min              0.353844
Final hand_and_obj_distance Mean       0.723394
Final hand_and_obj_distance Std        0.145673
Final hand_and_obj_distance Max        0.992999
Final hand_and_obj_distance Min        0.482799
total_pickups Mean                     0
total_pickups Std                      0
total_pickups Max                      0
total_pickups Min                      0
Final total_pickups Mean               0
Final total_pickups Std                0
Final total_pickups Max                0
Final total_pickups Min                0
image_dist Mean                       22.2043
image_dist Std                         5.78659
image_dist Max                        32.5
image_dist Min                        11.9116
Final image_dist Mean                 22.4706
Final image_dist Std                   5.59297
Final image_dist Max                  32.2288
Final image_dist Min                  16.9011
image_success Mean                    -1
image_success Std                      0
image_success Max                     -1
image_success Min                     -1
Final image_success Mean              -1
Final image_success Std                0
Final image_success Max               -1
Final image_success Min               -1
vae_mdist Mean                      7021.72
vae_mdist Std                       2808.47
vae_mdist Max                      19708.1
vae_mdist Min                       1078.53
Final vae_mdist Mean                6714.83
Final vae_mdist Std                 2781.22
Final vae_mdist Max                13599.3
Final vae_mdist Min                 1648.56
vae_success Mean                       0
vae_success Std                        0
vae_success Max                        0
vae_success Min                        0
Final vae_success Mean                 0
Final vae_success Std                  0
Final vae_success Max                  0
Final vae_success Min                  0
vae_dist Mean                          5.0225
vae_dist Std                           1.2542
vae_dist Max                          10.4013
vae_dist Min                           1.67836
Final vae_dist Mean                    4.77742
Final vae_dist Std                     1.11122
Final vae_dist Max                     6.76965
Final vae_dist Min                     2.37741
AverageReturn                       -502.25
Number of train steps total       120004
Number of env steps total          34000
Number of rollouts total             340
Train Time (s)                        25.6755
(Previous) Eval Time (s)               6.51256
Sample Time (s)                        6.15311
Epoch Time (s)                        38.3411
Total Train Time (s)                1023.97
Epoch                                 33
--------------------------------  ----------------
2025-08-25 16:21:16.743213 +07 | [08-25-rlkit-pick-and-place-p3-vae-rig_2025_08_25_15_54_12_0000--s-48344] Iteration #33 | Epoch Duration: 38.39215397834778
2025-08-25 16:21:16.743346 +07 | [08-25-rlkit-pick-and-place-p3-vae-rig_2025_08_25_15_54_12_0000--s-48344] Iteration #33 | Started Training: True
2025-08-25 16:21:46.243850 +07 | [08-25-rlkit-pick-and-place-p3-vae-rig_2025_08_25_15_54_12_0000--s-48344] Iteration #34 | Collecting samples for evaluation
--------------------------------  ----------------
QF1 Loss                              37.8467
QF2 Loss                              37.7055
Policy Loss                          323.696
Q1 Predictions Mean                 -327.339
Q1 Predictions Std                   198.613
Q1 Predictions Max                   -33.6651
Q1 Predictions Min                  -637.268
Q2 Predictions Mean                 -326.867
Q2 Predictions Std                   198.431
Q2 Predictions Max                   -33.2655
Q2 Predictions Min                  -631.951
Q Targets Mean                      -326.237
Q Targets Std                        197.993
Q Targets Max                        -31.7832
Q Targets Min                       -631.116
Bellman Errors 1 Mean                 37.8467
Bellman Errors 1 Std                 137.685
Bellman Errors 1 Max                1377.11
Bellman Errors 1 Min                   0.00553223
Bellman Errors 2 Mean                 37.7055
Bellman Errors 2 Std                 161.912
Bellman Errors 2 Max                1775.73
Bellman Errors 2 Min                   2.12351e-05
Policy Action Mean                     0.10841
Policy Action Std                      0.812586
Policy Action Max                      1
Policy Action Min                     -1
Test Rewards Mean                     -5.70426
Test Rewards Std                       1.79725
Test Rewards Max                      -1.86262
Test Rewards Min                     -11.0027
Test Returns Mean                   -570.426
Test Returns Std                     171.607
Test Returns Max                    -260.905
Test Returns Min                    -967.018
Test Actions Mean                      0.0736711
Test Actions Std                       0.625579
Test Actions Max                       1
Test Actions Min                      -1
Num Paths                             10
Exploration Rewards Mean              -5.03635
Exploration Rewards Std                1.23055
Exploration Rewards Max               -2.68235
Exploration Rewards Min              -10.8186
Exploration Returns Mean            -503.635
Exploration Returns Std               84.156
Exploration Returns Max             -399.154
Exploration Returns Min             -702.054
Exploration Actions Mean               0.0975231
Exploration Actions Std                0.647656
Exploration Actions Max                1
Exploration Actions Min               -1
touch_distance Mean                    0.359145
touch_distance Std                     0.0794962
touch_distance Max                     0.563725
touch_distance Min                     0.186575
Final touch_distance Mean              0.375794
Final touch_distance Std               0.0790966
Final touch_distance Max               0.544944
Final touch_distance Min               0.27945
hand_success Mean                      0
hand_success Std                       0
hand_success Max                       0
hand_success Min                       0
Final hand_success Mean                0
Final hand_success Std                 0
Final hand_success Max                 0
Final hand_success Min                 0
obj_success Mean                       0.0909091
obj_success Std                        0.28748
obj_success Max                        1
obj_success Min                        0
Final obj_success Mean                 0.0909091
Final obj_success Std                  0.28748
Final obj_success Max                  1
Final obj_success Min                  0
hand_and_obj_success Mean              0
hand_and_obj_success Std               0
hand_and_obj_success Max               0
hand_and_obj_success Min               0
Final hand_and_obj_success Mean        0
Final hand_and_obj_success Std         0
Final hand_and_obj_success Max         0
Final hand_and_obj_success Min         0
touch_success Mean                     0
touch_success Std                      0
touch_success Max                      0
touch_success Min                      0
Final touch_success Mean               0
Final touch_success Std                0
Final touch_success Max                0
Final touch_success Min                0
hand_distance Mean                     0.299414
hand_distance Std                      0.137308
hand_distance Max                      0.58751
hand_distance Min                      0.100832
Final hand_distance Mean               0.346487
Final hand_distance Std                0.103883
Final hand_distance Max                0.523449
Final hand_distance Min                0.201318
obj_distance Mean                      0.265693
obj_distance Std                       0.117136
obj_distance Max                       0.396038
obj_distance Min                       0.0372493
Final obj_distance Mean                0.265693
Final obj_distance Std                 0.117136
Final obj_distance Max                 0.396038
Final obj_distance Min                 0.0372493
hand_and_obj_distance Mean             0.565107
hand_and_obj_distance Std              0.194281
hand_and_obj_distance Max              0.96702
hand_and_obj_distance Min              0.14798
Final hand_and_obj_distance Mean       0.61218
Final hand_and_obj_distance Std        0.168726
Final hand_and_obj_distance Max        0.902959
Final hand_and_obj_distance Min        0.238567
total_pickups Mean                     0
total_pickups Std                      0
total_pickups Max                      0
total_pickups Min                      0
Final total_pickups Mean               0
Final total_pickups Std                0
Final total_pickups Max                0
Final total_pickups Min                0
image_dist Mean                       21.064
image_dist Std                         5.02028
image_dist Max                        31.9997
image_dist Min                        15.3002
Final image_dist Mean                 21.0824
Final image_dist Std                   4.97817
Final image_dist Max                  31.7455
Final image_dist Min                  16.6011
image_success Mean                    -1
image_success Std                      0
image_success Max                     -1
image_success Min                     -1
Final image_success Mean              -1
Final image_success Std                0
Final image_success Max               -1
Final image_success Min               -1
vae_mdist Mean                      9208.44
vae_mdist Std                       5369.29
vae_mdist Max                      32823.2
vae_mdist Min                       1566.04
Final vae_mdist Mean                8384.46
Final vae_mdist Std                 4394.73
Final vae_mdist Max                18563.7
Final vae_mdist Min                 2363.12
vae_success Mean                       0
vae_success Std                        0
vae_success Max                        0
vae_success Min                        0
Final vae_success Mean                 0
Final vae_success Std                  0
Final vae_success Max                  0
Final vae_success Min                  0
vae_dist Mean                          5.70426
vae_dist Std                           1.79725
vae_dist Max                          11.0027
vae_dist Min                           1.86262
Final vae_dist Mean                    5.36184
Final vae_dist Std                     1.51685
Final vae_dist Max                     8.91305
Final vae_dist Min                     2.87241
AverageReturn                       -570.426
Number of train steps total       124004
Number of env steps total          35000
Number of rollouts total             350
Train Time (s)                        23.7196
(Previous) Eval Time (s)               6.54521
Sample Time (s)                        5.65913
Epoch Time (s)                        35.924
Total Train Time (s)                1059.7
Epoch                                 34
--------------------------------  ----------------
2025-08-25 16:21:52.485990 +07 | [08-25-rlkit-pick-and-place-p3-vae-rig_2025_08_25_15_54_12_0000--s-48344] Iteration #34 | Epoch Duration: 35.742536306381226
2025-08-25 16:21:52.486107 +07 | [08-25-rlkit-pick-and-place-p3-vae-rig_2025_08_25_15_54_12_0000--s-48344] Iteration #34 | Started Training: True
2025-08-25 16:22:21.589432 +07 | [08-25-rlkit-pick-and-place-p3-vae-rig_2025_08_25_15_54_12_0000--s-48344] Iteration #35 | Collecting samples for evaluation
--------------------------------  ----------------
QF1 Loss                              19.3503
QF2 Loss                              18.9105
Policy Loss                          324.056
Q1 Predictions Mean                 -327.27
Q1 Predictions Std                   197.676
Q1 Predictions Max                    -8.98602
Q1 Predictions Min                  -666.003
Q2 Predictions Mean                 -327.639
Q2 Predictions Std                   197.51
Q2 Predictions Max                   -11.4423
Q2 Predictions Min                  -664.443
Q Targets Mean                      -326.281
Q Targets Std                        197.18
Q Targets Max                         -4.31297
Q Targets Min                       -667.168
Bellman Errors 1 Mean                 19.3503
Bellman Errors 1 Std                  33.1975
Bellman Errors 1 Max                 229.246
Bellman Errors 1 Min                   0.00130282
Bellman Errors 2 Mean                 18.9105
Bellman Errors 2 Std                  36.0307
Bellman Errors 2 Max                 188.9
Bellman Errors 2 Min                   0.000333045
Policy Action Mean                     0.100986
Policy Action Std                      0.822649
Policy Action Max                      1
Policy Action Min                     -1
Test Rewards Mean                     -5.17802
Test Rewards Std                       1.1216
Test Rewards Max                      -3.15028
Test Rewards Min                      -9.9173
Test Returns Mean                   -517.802
Test Returns Std                      92.3626
Test Returns Max                    -392.065
Test Returns Min                    -721.986
Test Actions Mean                      0.0716232
Test Actions Std                       0.599562
Test Actions Max                       1
Test Actions Min                      -1
Num Paths                             10
Exploration Rewards Mean              -4.69478
Exploration Rewards Std                1.12181
Exploration Rewards Max               -2.65189
Exploration Rewards Min              -10.1063
Exploration Returns Mean            -469.478
Exploration Returns Std               88.0782
Exploration Returns Max             -356.931
Exploration Returns Min             -587.946
Exploration Actions Mean               0.115557
Exploration Actions Std                0.622117
Exploration Actions Max                1
Exploration Actions Min               -1
touch_distance Mean                    0.358449
touch_distance Std                     0.0898949
touch_distance Max                     0.579282
touch_distance Min                     0.19137
Final touch_distance Mean              0.392625
Final touch_distance Std               0.0915284
Final touch_distance Max               0.57525
Final touch_distance Min               0.272371
hand_success Mean                      0.00181818
hand_success Std                       0.0426014
hand_success Max                       1
hand_success Min                       0
Final hand_success Mean                0
Final hand_success Std                 0
Final hand_success Max                 0
Final hand_success Min                 0
obj_success Mean                       0
obj_success Std                        0
obj_success Max                        0
obj_success Min                        0
Final obj_success Mean                 0
Final obj_success Std                  0
Final obj_success Max                  0
Final obj_success Min                  0
hand_and_obj_success Mean              0
hand_and_obj_success Std               0
hand_and_obj_success Max               0
hand_and_obj_success Min               0
Final hand_and_obj_success Mean        0
Final hand_and_obj_success Std         0
Final hand_and_obj_success Max         0
Final hand_and_obj_success Min         0
touch_success Mean                     0
touch_success Std                      0
touch_success Max                      0
touch_success Min                      0
Final touch_success Mean               0
Final touch_success Std                0
Final touch_success Max                0
Final touch_success Min                0
hand_distance Mean                     0.262648
hand_distance Std                      0.0964502
hand_distance Max                      0.494339
hand_distance Min                      0.0236788
Final hand_distance Mean               0.229763
Final hand_distance Std                0.0990921
Final hand_distance Max                0.447104
Final hand_distance Min                0.0802321
obj_distance Mean                      0.341147
obj_distance Std                       0.162098
obj_distance Max                       0.665206
obj_distance Min                       0.0902936
Final obj_distance Mean                0.341147
Final obj_distance Std                 0.162098
Final obj_distance Max                 0.665205
Final obj_distance Min                 0.0902936
hand_and_obj_distance Mean             0.603795
hand_and_obj_distance Std              0.165158
hand_and_obj_distance Max              1.01335
hand_and_obj_distance Min              0.206668
Final hand_and_obj_distance Mean       0.57091
Final hand_and_obj_distance Std        0.17974
Final hand_and_obj_distance Max        0.836212
Final hand_and_obj_distance Min        0.312077
total_pickups Mean                     0
total_pickups Std                      0
total_pickups Max                      0
total_pickups Min                      0
Final total_pickups Mean               0
Final total_pickups Std                0
Final total_pickups Max                0
Final total_pickups Min                0
image_dist Mean                       20.9463
image_dist Std                         3.77483
image_dist Max                        29.3137
image_dist Min                        12.8943
Final image_dist Mean                 21.1262
Final image_dist Std                   3.61632
Final image_dist Max                  27.598
Final image_dist Min                  16.9301
image_success Mean                    -1
image_success Std                      0
image_success Max                     -1
image_success Min                     -1
Final image_success Mean              -1
Final image_success Std                0
Final image_success Max               -1
Final image_success Min               -1
vae_mdist Mean                      8388.47
vae_mdist Std                       4491.52
vae_mdist Max                      30824.9
vae_mdist Min                       1185.21
Final vae_mdist Mean                7318.95
Final vae_mdist Std                 3829.75
Final vae_mdist Max                15479.6
Final vae_mdist Min                 1735.14
vae_success Mean                       0
vae_success Std                        0
vae_success Max                        0
vae_success Min                        0
Final vae_success Mean                 0
Final vae_success Std                  0
Final vae_success Max                  0
Final vae_success Min                  0
vae_dist Mean                          5.17802
vae_dist Std                           1.1216
vae_dist Max                           9.9173
vae_dist Min                           3.15028
Final vae_dist Mean                    4.75752
Final vae_dist Std                     0.993688
Final vae_dist Max                     6.59931
Final vae_dist Min                     3.3953
AverageReturn                       -517.802
Number of train steps total       128004
Number of env steps total          36000
Number of rollouts total             360
Train Time (s)                        23.1773
(Previous) Eval Time (s)               6.34627
Sample Time (s)                        5.82682
Epoch Time (s)                        35.3504
Total Train Time (s)                1093.66
Epoch                                 35
--------------------------------  ----------------
2025-08-25 16:22:26.466347 +07 | [08-25-rlkit-pick-and-place-p3-vae-rig_2025_08_25_15_54_12_0000--s-48344] Iteration #35 | Epoch Duration: 33.98014211654663
2025-08-25 16:22:26.466442 +07 | [08-25-rlkit-pick-and-place-p3-vae-rig_2025_08_25_15_54_12_0000--s-48344] Iteration #35 | Started Training: True
2025-08-25 16:22:52.597885 +07 | [08-25-rlkit-pick-and-place-p3-vae-rig_2025_08_25_15_54_12_0000--s-48344] Iteration #36 | Collecting samples for evaluation
--------------------------------  ---------------
QF1 Loss                              31.3961
QF2 Loss                              25.6308
Policy Loss                          325.752
Q1 Predictions Mean                 -331.014
Q1 Predictions Std                   202.168
Q1 Predictions Max                   -33.1444
Q1 Predictions Min                  -685.167
Q2 Predictions Mean                 -329.769
Q2 Predictions Std                   201.962
Q2 Predictions Max                   -31.0546
Q2 Predictions Min                  -688.01
Q Targets Mean                      -328.439
Q Targets Std                        201.749
Q Targets Max                        -31.5961
Q Targets Min                       -683.589
Bellman Errors 1 Mean                 31.3961
Bellman Errors 1 Std                  87.6702
Bellman Errors 1 Max                 718.76
Bellman Errors 1 Min                   0.00121752
Bellman Errors 2 Mean                 25.6308
Bellman Errors 2 Std                  69.5848
Bellman Errors 2 Max                 597.993
Bellman Errors 2 Min                   0.00259037
Policy Action Mean                     0.183855
Policy Action Std                      0.813712
Policy Action Max                      1
Policy Action Min                     -1
Test Rewards Mean                     -5.87501
Test Rewards Std                       2.04744
Test Rewards Max                      -3.57122
Test Rewards Min                     -15.0856
Test Returns Mean                   -587.501
Test Returns Std                     183.066
Test Returns Max                    -431.545
Test Returns Min                   -1094.27
Test Actions Mean                      0.133678
Test Actions Std                       0.694183
Test Actions Max                       1
Test Actions Min                      -1
Num Paths                             10
Exploration Rewards Mean              -5.87954
Exploration Rewards Std                1.63057
Exploration Rewards Max               -2.87145
Exploration Rewards Min              -12.5459
Exploration Returns Mean            -587.954
Exploration Returns Std              137.948
Exploration Returns Max             -459.47
Exploration Returns Min             -916.579
Exploration Actions Mean               0.101316
Exploration Actions Std                0.650319
Exploration Actions Max                1
Exploration Actions Min               -1
touch_distance Mean                    0.369817
touch_distance Std                     0.0781419
touch_distance Max                     0.53142
touch_distance Min                     0.204961
Final touch_distance Mean              0.379336
Final touch_distance Std               0.0827316
Final touch_distance Max               0.518721
Final touch_distance Min               0.263569
hand_success Mean                      0
hand_success Std                       0
hand_success Max                       0
hand_success Min                       0
Final hand_success Mean                0
Final hand_success Std                 0
Final hand_success Max                 0
Final hand_success Min                 0
obj_success Mean                       0
obj_success Std                        0
obj_success Max                        0
obj_success Min                        0
Final obj_success Mean                 0
Final obj_success Std                  0
Final obj_success Max                  0
Final obj_success Min                  0
hand_and_obj_success Mean              0
hand_and_obj_success Std               0
hand_and_obj_success Max               0
hand_and_obj_success Min               0
Final hand_and_obj_success Mean        0
Final hand_and_obj_success Std         0
Final hand_and_obj_success Max         0
Final hand_and_obj_success Min         0
touch_success Mean                     0
touch_success Std                      0
touch_success Max                      0
touch_success Min                      0
Final touch_success Mean               0
Final touch_success Std                0
Final touch_success Max                0
Final touch_success Min                0
hand_distance Mean                     0.264839
hand_distance Std                      0.109336
hand_distance Max                      0.555077
hand_distance Min                      0.0855849
Final hand_distance Mean               0.273871
Final hand_distance Std                0.121287
Final hand_distance Max                0.555077
Final hand_distance Min                0.115416
obj_distance Mean                      0.310482
obj_distance Std                       0.12358
obj_distance Max                       0.609517
obj_distance Min                       0.12865
Final obj_distance Mean                0.310482
Final obj_distance Std                 0.12358
Final obj_distance Max                 0.609517
Final obj_distance Min                 0.12865
hand_and_obj_distance Mean             0.57532
hand_and_obj_distance Std              0.166403
hand_and_obj_distance Max              0.923749
hand_and_obj_distance Min              0.299929
Final hand_and_obj_distance Mean       0.584353
Final hand_and_obj_distance Std        0.173014
Final hand_and_obj_distance Max        0.923749
Final hand_and_obj_distance Min        0.337958
total_pickups Mean                     0
total_pickups Std                      0
total_pickups Max                      0
total_pickups Min                      0
Final total_pickups Mean               0
Final total_pickups Std                0
Final total_pickups Max                0
Final total_pickups Min                0
image_dist Mean                       17.7146
image_dist Std                         6.08788
image_dist Max                        29.3858
image_dist Min                         5.21695
Final image_dist Mean                 17.2381
Final image_dist Std                   6.11982
Final image_dist Max                  28.4257
Final image_dist Min                   5.21695
image_success Mean                    -0.922727
image_success Std                      0.267024
image_success Max                      0
image_success Min                     -1
Final image_success Mean              -0.909091
Final image_success Std                0.28748
Final image_success Max                0
Final image_success Min               -1
vae_mdist Mean                      7445.39
vae_mdist Std                       4472.8
vae_mdist Max                      37713.9
vae_mdist Min                        891.566
Final vae_mdist Mean                6486.86
Final vae_mdist Std                 3583.58
Final vae_mdist Max                14188.9
Final vae_mdist Min                  891.566
vae_success Mean                       0
vae_success Std                        0
vae_success Max                        0
vae_success Min                        0
Final vae_success Mean                 0
Final vae_success Std                  0
Final vae_success Max                  0
Final vae_success Min                  0
vae_dist Mean                          5.87501
vae_dist Std                           2.04744
vae_dist Max                          15.0856
vae_dist Min                           3.57122
Final vae_dist Mean                    5.22921
Final vae_dist Std                     1.88463
Final vae_dist Max                    10.6861
Final vae_dist Min                     3.62728
AverageReturn                       -587.501
Number of train steps total       132004
Number of env steps total          37000
Number of rollouts total             370
Train Time (s)                        20.6019
(Previous) Eval Time (s)               4.95821
Sample Time (s)                        5.44234
Epoch Time (s)                        31.0025
Total Train Time (s)                1124.33
Epoch                                 36
--------------------------------  ---------------
2025-08-25 16:22:57.154733 +07 | [08-25-rlkit-pick-and-place-p3-vae-rig_2025_08_25_15_54_12_0000--s-48344] Iteration #36 | Epoch Duration: 30.6882107257843
2025-08-25 16:22:57.154836 +07 | [08-25-rlkit-pick-and-place-p3-vae-rig_2025_08_25_15_54_12_0000--s-48344] Iteration #36 | Started Training: True
2025-08-25 16:23:25.230156 +07 | [08-25-rlkit-pick-and-place-p3-vae-rig_2025_08_25_15_54_12_0000--s-48344] Iteration #37 | Collecting samples for evaluation
--------------------------------  ----------------
QF1 Loss                              33.1753
QF2 Loss                              26.8894
Policy Loss                          333.934
Q1 Predictions Mean                 -337.174
Q1 Predictions Std                   199.774
Q1 Predictions Max                    -4.19286
Q1 Predictions Min                  -796.624
Q2 Predictions Mean                 -337.06
Q2 Predictions Std                   199.387
Q2 Predictions Max                    -1.41783
Q2 Predictions Min                  -783.625
Q Targets Mean                      -336.223
Q Targets Std                        200.006
Q Targets Max                          3.27053
Q Targets Min                       -792.037
Bellman Errors 1 Mean                 33.1753
Bellman Errors 1 Std                  76.4661
Bellman Errors 1 Max                 728.503
Bellman Errors 1 Min                   8.31694e-06
Bellman Errors 2 Mean                 26.8894
Bellman Errors 2 Std                  70.4944
Bellman Errors 2 Max                 693.439
Bellman Errors 2 Min                   0.000501756
Policy Action Mean                     0.0722708
Policy Action Std                      0.842308
Policy Action Max                      1
Policy Action Min                     -1
Test Rewards Mean                     -5.38565
Test Rewards Std                       1.6937
Test Rewards Max                      -3.40622
Test Rewards Min                     -13.1769
Test Returns Mean                   -538.565
Test Returns Std                     147.411
Test Returns Max                    -384.302
Test Returns Min                    -953.279
Test Actions Mean                      0.055204
Test Actions Std                       0.668803
Test Actions Max                       1
Test Actions Min                      -1
Num Paths                             10
Exploration Rewards Mean              -6.30061
Exploration Rewards Std                1.63684
Exploration Rewards Max               -3.43011
Exploration Rewards Min              -15.1368
Exploration Returns Mean            -630.061
Exploration Returns Std              120.109
Exploration Returns Max             -485.188
Exploration Returns Min             -870.719
Exploration Actions Mean               0.11646
Exploration Actions Std                0.672915
Exploration Actions Max                1
Exploration Actions Min               -1
touch_distance Mean                    0.390314
touch_distance Std                     0.0662475
touch_distance Max                     0.503379
touch_distance Min                     0.202932
Final touch_distance Mean              0.404957
Final touch_distance Std               0.064603
Final touch_distance Max               0.495339
Final touch_distance Min               0.307156
hand_success Mean                      0.00272727
hand_success Std                       0.052152
hand_success Max                       1
hand_success Min                       0
Final hand_success Mean                0
Final hand_success Std                 0
Final hand_success Max                 0
Final hand_success Min                 0
obj_success Mean                       0
obj_success Std                        0
obj_success Max                        0
obj_success Min                        0
Final obj_success Mean                 0
Final obj_success Std                  0
Final obj_success Max                  0
Final obj_success Min                  0
hand_and_obj_success Mean              0
hand_and_obj_success Std               0
hand_and_obj_success Max               0
hand_and_obj_success Min               0
Final hand_and_obj_success Mean        0
Final hand_and_obj_success Std         0
Final hand_and_obj_success Max         0
Final hand_and_obj_success Min         0
touch_success Mean                     0
touch_success Std                      0
touch_success Max                      0
touch_success Min                      0
Final touch_success Mean               0
Final touch_success Std                0
Final touch_success Max                0
Final touch_success Min                0
hand_distance Mean                     0.284753
hand_distance Std                      0.0907783
hand_distance Max                      0.475608
hand_distance Min                      0.0575366
Final hand_distance Mean               0.288571
Final hand_distance Std                0.0671779
Final hand_distance Max                0.37603
Final hand_distance Min                0.163336
obj_distance Mean                      0.282109
obj_distance Std                       0.0859336
obj_distance Max                       0.466783
obj_distance Min                       0.122226
Final obj_distance Mean                0.282109
Final obj_distance Std                 0.0859336
Final obj_distance Max                 0.466783
Final obj_distance Min                 0.122226
hand_and_obj_distance Mean             0.566863
hand_and_obj_distance Std              0.125691
hand_and_obj_distance Max              0.926928
hand_and_obj_distance Min              0.345159
Final hand_and_obj_distance Mean       0.570681
Final hand_and_obj_distance Std        0.0856668
Final hand_and_obj_distance Max        0.753486
Final hand_and_obj_distance Min        0.457699
total_pickups Mean                     0
total_pickups Std                      0
total_pickups Max                      0
total_pickups Min                      0
Final total_pickups Mean               0
Final total_pickups Std                0
Final total_pickups Max                0
Final total_pickups Min                0
image_dist Mean                       22.9545
image_dist Std                         5.73797
image_dist Max                        32.4124
image_dist Min                        10.6963
Final image_dist Mean                 22.4805
Final image_dist Std                   6.20479
Final image_dist Max                  29.6333
Final image_dist Min                  10.7687
image_success Mean                    -1
image_success Std                      0
image_success Max                     -1
image_success Min                     -1
Final image_success Mean              -1
Final image_success Std                0
Final image_success Max               -1
Final image_success Min               -1
vae_mdist Mean                      7292.84
vae_mdist Std                       4883.15
vae_mdist Max                      41711.9
vae_mdist Min                       1595.41
Final vae_mdist Mean                5676.97
Final vae_mdist Std                 3393.48
Final vae_mdist Max                13635.3
Final vae_mdist Min                 1672.93
vae_success Mean                       0
vae_success Std                        0
vae_success Max                        0
vae_success Min                        0
Final vae_success Mean                 0
Final vae_success Std                  0
Final vae_success Max                  0
Final vae_success Min                  0
vae_dist Mean                          5.38565
vae_dist Std                           1.6937
vae_dist Max                          13.1769
vae_dist Min                           3.40622
Final vae_dist Mean                    4.71799
Final vae_dist Std                     0.851498
Final vae_dist Max                     6.31004
Final vae_dist Min                     3.61791
AverageReturn                       -538.565
Number of train steps total       136004
Number of env steps total          38000
Number of rollouts total             380
Train Time (s)                        22.389
(Previous) Eval Time (s)               4.62694
Sample Time (s)                        5.56311
Epoch Time (s)                        32.5791
Total Train Time (s)                1158.89
Epoch                                 37
--------------------------------  ----------------
2025-08-25 16:23:31.735239 +07 | [08-25-rlkit-pick-and-place-p3-vae-rig_2025_08_25_15_54_12_0000--s-48344] Iteration #37 | Epoch Duration: 34.580321311950684
2025-08-25 16:23:31.735360 +07 | [08-25-rlkit-pick-and-place-p3-vae-rig_2025_08_25_15_54_12_0000--s-48344] Iteration #37 | Started Training: True
2025-08-25 16:24:02.102377 +07 | [08-25-rlkit-pick-and-place-p3-vae-rig_2025_08_25_15_54_12_0000--s-48344] Iteration #38 | Collecting samples for evaluation
--------------------------------  ----------------
QF1 Loss                              48.1583
QF2 Loss                              37.6952
Policy Loss                          335.378
Q1 Predictions Mean                 -337.903
Q1 Predictions Std                   195.277
Q1 Predictions Max                   -42.6472
Q1 Predictions Min                  -678.787
Q2 Predictions Mean                 -336.664
Q2 Predictions Std                   194.974
Q2 Predictions Max                   -44.4386
Q2 Predictions Min                  -681.406
Q Targets Mean                      -337.777
Q Targets Std                        194.963
Q Targets Max                        -43.4323
Q Targets Min                       -677.819
Bellman Errors 1 Mean                 48.1583
Bellman Errors 1 Std                 175.221
Bellman Errors 1 Max                1883.23
Bellman Errors 1 Min                   0.000599404
Bellman Errors 2 Mean                 37.6952
Bellman Errors 2 Std                 132.433
Bellman Errors 2 Max                1407.04
Bellman Errors 2 Min                   0.00142278
Policy Action Mean                     0.058955
Policy Action Std                      0.852742
Policy Action Max                      1
Policy Action Min                     -1
Test Rewards Mean                     -5.42553
Test Rewards Std                       1.03715
Test Rewards Max                      -3.83093
Test Rewards Min                     -10.205
Test Returns Mean                   -542.553
Test Returns Std                      67.639
Test Returns Max                    -459.202
Test Returns Min                    -706.613
Test Actions Mean                      0.125804
Test Actions Std                       0.694862
Test Actions Max                       1
Test Actions Min                      -1
Num Paths                             10
Exploration Rewards Mean              -6.00429
Exploration Rewards Std                1.28069
Exploration Rewards Max               -3.21234
Exploration Rewards Min              -12.0989
Exploration Returns Mean            -600.429
Exploration Returns Std               91.2223
Exploration Returns Max             -455.843
Exploration Returns Min             -776.502
Exploration Actions Mean               0.102916
Exploration Actions Std                0.6871
Exploration Actions Max                1
Exploration Actions Min               -1
touch_distance Mean                    0.386188
touch_distance Std                     0.0829923
touch_distance Max                     0.53673
touch_distance Min                     0.194331
Final touch_distance Mean              0.42588
Final touch_distance Std               0.0674296
Final touch_distance Max               0.535749
Final touch_distance Min               0.31932
hand_success Mean                      0
hand_success Std                       0
hand_success Max                       0
hand_success Min                       0
Final hand_success Mean                0
Final hand_success Std                 0
Final hand_success Max                 0
Final hand_success Min                 0
obj_success Mean                       0
obj_success Std                        0
obj_success Max                        0
obj_success Min                        0
Final obj_success Mean                 0
Final obj_success Std                  0
Final obj_success Max                  0
Final obj_success Min                  0
hand_and_obj_success Mean              0
hand_and_obj_success Std               0
hand_and_obj_success Max               0
hand_and_obj_success Min               0
Final hand_and_obj_success Mean        0
Final hand_and_obj_success Std         0
Final hand_and_obj_success Max         0
Final hand_and_obj_success Min         0
touch_success Mean                     0
touch_success Std                      0
touch_success Max                      0
touch_success Min                      0
Final touch_success Mean               0
Final touch_success Std                0
Final touch_success Max                0
Final touch_success Min                0
hand_distance Mean                     0.282135
hand_distance Std                      0.117418
hand_distance Max                      0.59778
hand_distance Min                      0.0605906
Final hand_distance Mean               0.308108
Final hand_distance Std                0.120321
Final hand_distance Max                0.540459
Final hand_distance Min                0.0893311
obj_distance Mean                      0.325745
obj_distance Std                       0.128489
obj_distance Max                       0.601793
obj_distance Min                       0.115724
Final obj_distance Mean                0.325745
Final obj_distance Std                 0.128489
Final obj_distance Max                 0.601792
Final obj_distance Min                 0.115724
hand_and_obj_distance Mean             0.60788
hand_and_obj_distance Std              0.175466
hand_and_obj_distance Max              0.969723
hand_and_obj_distance Min              0.267791
Final hand_and_obj_distance Mean       0.633853
Final hand_and_obj_distance Std        0.169284
Final hand_and_obj_distance Max        0.912402
Final hand_and_obj_distance Min        0.411157
total_pickups Mean                     0
total_pickups Std                      0
total_pickups Max                      0
total_pickups Min                      0
Final total_pickups Mean               0
Final total_pickups Std                0
Final total_pickups Max                0
Final total_pickups Min                0
image_dist Mean                       21.7009
image_dist Std                         5.01359
image_dist Max                        29.2143
image_dist Min                        12.7992
Final image_dist Mean                 21.612
Final image_dist Std                   5.05674
Final image_dist Max                  28.8776
Final image_dist Min                  14.2497
image_success Mean                    -1
image_success Std                      0
image_success Max                     -1
image_success Min                     -1
Final image_success Mean              -1
Final image_success Std                0
Final image_success Max               -1
Final image_success Min               -1
vae_mdist Mean                      8510.06
vae_mdist Std                       2594.18
vae_mdist Max                      20345.4
vae_mdist Min                       3730.03
Final vae_mdist Mean                7936.51
Final vae_mdist Std                 2371.68
Final vae_mdist Max                12310.7
Final vae_mdist Min                 4722.25
vae_success Mean                       0
vae_success Std                        0
vae_success Max                        0
vae_success Min                        0
Final vae_success Mean                 0
Final vae_success Std                  0
Final vae_success Max                  0
Final vae_success Min                  0
vae_dist Mean                          5.42553
vae_dist Std                           1.03715
vae_dist Max                          10.205
vae_dist Min                           3.83093
Final vae_dist Mean                    4.94716
Final vae_dist Std                     0.751183
Final vae_dist Max                     6.15632
Final vae_dist Min                     3.91082
AverageReturn                       -542.553
Number of train steps total       140004
Number of env steps total          39000
Number of rollouts total             390
Train Time (s)                        24.2984
(Previous) Eval Time (s)               6.61042
Sample Time (s)                        5.96352
Epoch Time (s)                        36.8724
Total Train Time (s)                1194.1
Epoch                                 38
--------------------------------  ----------------
2025-08-25 16:24:06.955144 +07 | [08-25-rlkit-pick-and-place-p3-vae-rig_2025_08_25_15_54_12_0000--s-48344] Iteration #38 | Epoch Duration: 35.21967911720276
2025-08-25 16:24:06.955351 +07 | [08-25-rlkit-pick-and-place-p3-vae-rig_2025_08_25_15_54_12_0000--s-48344] Iteration #38 | Started Training: True
2025-08-25 16:24:32.880059 +07 | [08-25-rlkit-pick-and-place-p3-vae-rig_2025_08_25_15_54_12_0000--s-48344] Iteration #39 | Collecting samples for evaluation
--------------------------------  ----------------
QF1 Loss                              30.1769
QF2 Loss                              24.8835
Policy Loss                          331.056
Q1 Predictions Mean                 -333.649
Q1 Predictions Std                   198.272
Q1 Predictions Max                   -51.2346
Q1 Predictions Min                  -671.282
Q2 Predictions Mean                 -332.624
Q2 Predictions Std                   198.512
Q2 Predictions Max                   -49.4424
Q2 Predictions Min                  -669.14
Q Targets Mean                      -334.808
Q Targets Std                        199.402
Q Targets Max                        -49.8962
Q Targets Min                       -674.337
Bellman Errors 1 Mean                 30.1769
Bellman Errors 1 Std                  59.2028
Bellman Errors 1 Max                 396.622
Bellman Errors 1 Min                   0.00154501
Bellman Errors 2 Mean                 24.8835
Bellman Errors 2 Std                  48.054
Bellman Errors 2 Max                 335.119
Bellman Errors 2 Min                   6.10352e-05
Policy Action Mean                     0.120819
Policy Action Std                      0.83272
Policy Action Max                      1
Policy Action Min                     -1
Test Rewards Mean                     -5.67968
Test Rewards Std                       1.76082
Test Rewards Max                      -3.66899
Test Rewards Min                     -12.6554
Test Returns Mean                   -567.968
Test Returns Std                     165.508
Test Returns Max                    -432.282
Test Returns Min                   -1020.32
Test Actions Mean                      0.0324251
Test Actions Std                       0.716621
Test Actions Max                       1
Test Actions Min                      -1
Num Paths                             10
Exploration Rewards Mean              -5.82863
Exploration Rewards Std                1.67947
Exploration Rewards Max               -3.28745
Exploration Rewards Min              -12.3701
Exploration Returns Mean            -582.863
Exploration Returns Std              147.117
Exploration Returns Max             -430.559
Exploration Returns Min             -946.259
Exploration Actions Mean               0.102534
Exploration Actions Std                0.66842
Exploration Actions Max                1
Exploration Actions Min               -1
touch_distance Mean                    0.385047
touch_distance Std                     0.0926318
touch_distance Max                     0.620587
touch_distance Min                     0.192235
Final touch_distance Mean              0.40093
Final touch_distance Std               0.0907861
Final touch_distance Max               0.611373
Final touch_distance Min               0.296276
hand_success Mean                      0
hand_success Std                       0
hand_success Max                       0
hand_success Min                       0
Final hand_success Mean                0
Final hand_success Std                 0
Final hand_success Max                 0
Final hand_success Min                 0
obj_success Mean                       0
obj_success Std                        0
obj_success Max                        0
obj_success Min                        0
Final obj_success Mean                 0
Final obj_success Std                  0
Final obj_success Max                  0
Final obj_success Min                  0
hand_and_obj_success Mean              0
hand_and_obj_success Std               0
hand_and_obj_success Max               0
hand_and_obj_success Min               0
Final hand_and_obj_success Mean        0
Final hand_and_obj_success Std         0
Final hand_and_obj_success Max         0
Final hand_and_obj_success Min         0
touch_success Mean                     0
touch_success Std                      0
touch_success Max                      0
touch_success Min                      0
Final touch_success Mean               0
Final touch_success Std                0
Final touch_success Max                0
Final touch_success Min                0
hand_distance Mean                     0.267737
hand_distance Std                      0.0825343
hand_distance Max                      0.411189
hand_distance Min                      0.0855189
Final hand_distance Mean               0.254882
Final hand_distance Std                0.0932711
Final hand_distance Max                0.36151
Final hand_distance Min                0.104789
obj_distance Mean                      0.271214
obj_distance Std                       0.157557
obj_distance Max                       0.59731
obj_distance Min                       0.0627999
Final obj_distance Mean                0.271214
Final obj_distance Std                 0.157557
Final obj_distance Max                 0.597309
Final obj_distance Min                 0.0627999
hand_and_obj_distance Mean             0.538951
hand_and_obj_distance Std              0.142442
hand_and_obj_distance Max              1.00434
hand_and_obj_distance Min              0.271182
Final hand_and_obj_distance Mean       0.526096
Final hand_and_obj_distance Std        0.109275
Final hand_and_obj_distance Max        0.706264
Final hand_and_obj_distance Min        0.336206
total_pickups Mean                     0
total_pickups Std                      0
total_pickups Max                      0
total_pickups Min                      0
Final total_pickups Mean               0
Final total_pickups Std                0
Final total_pickups Max                0
Final total_pickups Min                0
image_dist Mean                       20.4014
image_dist Std                         4.26203
image_dist Max                        28.7411
image_dist Min                        12.8253
Final image_dist Mean                 20.7382
Final image_dist Std                   3.98949
Final image_dist Max                  26.8002
Final image_dist Min                  13.9222
image_success Mean                    -1
image_success Std                      0
image_success Max                     -1
image_success Min                     -1
Final image_success Mean              -1
Final image_success Std                0
Final image_success Max               -1
Final image_success Min               -1
vae_mdist Mean                      7686.44
vae_mdist Std                       4027.2
vae_mdist Max                      25626.4
vae_mdist Min                       1556.62
Final vae_mdist Mean                7481.98
Final vae_mdist Std                 4600.8
Final vae_mdist Max                20065.8
Final vae_mdist Min                 1658.83
vae_success Mean                       0
vae_success Std                        0
vae_success Max                        0
vae_success Min                        0
Final vae_success Mean                 0
Final vae_success Std                  0
Final vae_success Max                  0
Final vae_success Min                  0
vae_dist Mean                          5.67968
vae_dist Std                           1.76082
vae_dist Max                          12.6554
vae_dist Min                           3.66899
Final vae_dist Mean                    5.6774
Final vae_dist Std                     1.85667
Final vae_dist Max                    10.499
Final vae_dist Min                     4.03544
AverageReturn                       -567.968
Number of train steps total       144004
Number of env steps total          40000
Number of rollouts total             400
Train Time (s)                        20.5591
(Previous) Eval Time (s)               4.9394
Sample Time (s)                        5.25938
Epoch Time (s)                        30.7579
Total Train Time (s)                1224.55
Epoch                                 39
--------------------------------  ----------------
2025-08-25 16:24:37.422813 +07 | [08-25-rlkit-pick-and-place-p3-vae-rig_2025_08_25_15_54_12_0000--s-48344] Iteration #39 | Epoch Duration: 30.467320680618286
2025-08-25 16:24:37.422903 +07 | [08-25-rlkit-pick-and-place-p3-vae-rig_2025_08_25_15_54_12_0000--s-48344] Iteration #39 | Started Training: True
2025-08-25 16:25:05.425229 +07 | [08-25-rlkit-pick-and-place-p3-vae-rig_2025_08_25_15_54_12_0000--s-48344] Iteration #40 | Collecting samples for evaluation
--------------------------------  ---------------
QF1 Loss                              30.7538
QF2 Loss                              28.7877
Policy Loss                          329.959
Q1 Predictions Mean                 -331.863
Q1 Predictions Std                   190.564
Q1 Predictions Max                   -51.3628
Q1 Predictions Min                  -621.687
Q2 Predictions Mean                 -332.052
Q2 Predictions Std                   190.462
Q2 Predictions Max                   -48.6095
Q2 Predictions Min                  -611.632
Q Targets Mean                      -332.195
Q Targets Std                        190.733
Q Targets Max                        -42.5837
Q Targets Min                       -632.219
Bellman Errors 1 Mean                 30.7538
Bellman Errors 1 Std                  61.8794
Bellman Errors 1 Max                 448.313
Bellman Errors 1 Min                   0.00106229
Bellman Errors 2 Mean                 28.7877
Bellman Errors 2 Std                  69.3258
Bellman Errors 2 Max                 493.296
Bellman Errors 2 Min                   0.00320125
Policy Action Mean                     0.129846
Policy Action Std                      0.838857
Policy Action Max                      1
Policy Action Min                     -1
Test Rewards Mean                     -5.24893
Test Rewards Std                       1.41441
Test Rewards Max                      -2.36251
Test Rewards Min                     -14.0548
Test Returns Mean                   -524.893
Test Returns Std                     111.085
Test Returns Max                    -384.366
Test Returns Min                    -802.849
Test Actions Mean                      0.105019
Test Actions Std                       0.707268
Test Actions Max                       1
Test Actions Min                      -1
Num Paths                             10
Exploration Rewards Mean              -5.21466
Exploration Rewards Std                1.19156
Exploration Rewards Max               -2.73421
Exploration Rewards Min              -12.9435
Exploration Returns Mean            -521.466
Exploration Returns Std               96.1899
Exploration Returns Max             -347.804
Exploration Returns Min             -638.661
Exploration Actions Mean              -0.0307059
Exploration Actions Std                0.67515
Exploration Actions Max                1
Exploration Actions Min               -1
touch_distance Mean                    0.373067
touch_distance Std                     0.0800326
touch_distance Max                     0.552949
touch_distance Min                     0.206094
Final touch_distance Mean              0.417244
Final touch_distance Std               0.0739363
Final touch_distance Max               0.552949
Final touch_distance Min               0.269622
hand_success Mean                      0
hand_success Std                       0
hand_success Max                       0
hand_success Min                       0
Final hand_success Mean                0
Final hand_success Std                 0
Final hand_success Max                 0
Final hand_success Min                 0
obj_success Mean                       0
obj_success Std                        0
obj_success Max                        0
obj_success Min                        0
Final obj_success Mean                 0
Final obj_success Std                  0
Final obj_success Max                  0
Final obj_success Min                  0
hand_and_obj_success Mean              0
hand_and_obj_success Std               0
hand_and_obj_success Max               0
hand_and_obj_success Min               0
Final hand_and_obj_success Mean        0
Final hand_and_obj_success Std         0
Final hand_and_obj_success Max         0
Final hand_and_obj_success Min         0
touch_success Mean                     0
touch_success Std                      0
touch_success Max                      0
touch_success Min                      0
Final touch_success Mean               0
Final touch_success Std                0
Final touch_success Max                0
Final touch_success Min                0
hand_distance Mean                     0.281584
hand_distance Std                      0.121839
hand_distance Max                      0.540095
hand_distance Min                      0.0690705
Final hand_distance Mean               0.318685
Final hand_distance Std                0.132189
Final hand_distance Max                0.540095
Final hand_distance Min                0.148794
obj_distance Mean                      0.322468
obj_distance Std                       0.123069
obj_distance Max                       0.526762
obj_distance Min                       0.154441
Final obj_distance Mean                0.322468
Final obj_distance Std                 0.123069
Final obj_distance Max                 0.526761
Final obj_distance Min                 0.154441
hand_and_obj_distance Mean             0.604052
hand_and_obj_distance Std              0.200223
hand_and_obj_distance Max              1.04872
hand_and_obj_distance Min              0.297914
Final hand_and_obj_distance Mean       0.641153
Final hand_and_obj_distance Std        0.209074
Final hand_and_obj_distance Max        1.04872
Final hand_and_obj_distance Min        0.355763
total_pickups Mean                     0
total_pickups Std                      0
total_pickups Max                      0
total_pickups Min                      0
Final total_pickups Mean               0
Final total_pickups Std                0
Final total_pickups Max                0
Final total_pickups Min                0
image_dist Mean                       21.2882
image_dist Std                         3.79284
image_dist Max                        29.7511
image_dist Min                        11.1513
Final image_dist Mean                 21.7726
Final image_dist Std                   3.57074
Final image_dist Max                  28.6295
Final image_dist Min                  16.8983
image_success Mean                    -1
image_success Std                      0
image_success Max                     -1
image_success Min                     -1
Final image_success Mean              -1
Final image_success Std                0
Final image_success Max               -1
Final image_success Min               -1
vae_mdist Mean                      7102.21
vae_mdist Std                       3772.79
vae_mdist Max                      54642.2
vae_mdist Min                       1128.15
Final vae_mdist Mean                6671.53
Final vae_mdist Std                 2668.14
Final vae_mdist Max                12027.9
Final vae_mdist Min                 1974.47
vae_success Mean                       0
vae_success Std                        0
vae_success Max                        0
vae_success Min                        0
Final vae_success Mean                 0
Final vae_success Std                  0
Final vae_success Max                  0
Final vae_success Min                  0
vae_dist Mean                          5.24893
vae_dist Std                           1.41441
vae_dist Max                          14.0548
vae_dist Min                           2.36251
Final vae_dist Mean                    5.16444
Final vae_dist Std                     0.857387
Final vae_dist Max                     6.84792
Final vae_dist Min                     3.76219
AverageReturn                       -524.893
Number of train steps total       148004
Number of env steps total          41000
Number of rollouts total             410
Train Time (s)                        22.3936
(Previous) Eval Time (s)               4.63202
Sample Time (s)                        5.51691
Epoch Time (s)                        32.5425
Total Train Time (s)                1257.37
Epoch                                 40
--------------------------------  ---------------
2025-08-25 16:25:10.259635 +07 | [08-25-rlkit-pick-and-place-p3-vae-rig_2025_08_25_15_54_12_0000--s-48344] Iteration #40 | Epoch Duration: 32.83664298057556
2025-08-25 16:25:10.259841 +07 | [08-25-rlkit-pick-and-place-p3-vae-rig_2025_08_25_15_54_12_0000--s-48344] Iteration #40 | Started Training: True
2025-08-25 16:25:42.121756 +07 | [08-25-rlkit-pick-and-place-p3-vae-rig_2025_08_25_15_54_12_0000--s-48344] Iteration #41 | Collecting samples for evaluation
--------------------------------  ----------------
QF1 Loss                              46.8581
QF2 Loss                              51.0201
Policy Loss                          332.433
Q1 Predictions Mean                 -335.011
Q1 Predictions Std                   195.228
Q1 Predictions Max                   -49.6766
Q1 Predictions Min                  -687.752
Q2 Predictions Mean                 -334.729
Q2 Predictions Std                   194.733
Q2 Predictions Max                   -52.9178
Q2 Predictions Min                  -682.433
Q Targets Mean                      -335.682
Q Targets Std                        195.14
Q Targets Max                        -55.9228
Q Targets Min                       -686.946
Bellman Errors 1 Mean                 46.8581
Bellman Errors 1 Std                 175.852
Bellman Errors 1 Max                1646.14
Bellman Errors 1 Min                   0.00239911
Bellman Errors 2 Mean                 51.0201
Bellman Errors 2 Std                 218.725
Bellman Errors 2 Max                2236.68
Bellman Errors 2 Min                   0.000287647
Policy Action Mean                     0.192861
Policy Action Std                      0.83072
Policy Action Max                      1
Policy Action Min                     -1
Test Rewards Mean                     -5.23748
Test Rewards Std                       0.9674
Test Rewards Max                      -3.45973
Test Rewards Min                     -14.3182
Test Returns Mean                   -523.748
Test Returns Std                      62.1333
Test Returns Max                    -404.786
Test Returns Min                    -660.104
Test Actions Mean                      0.0858525
Test Actions Std                       0.698075
Test Actions Max                       1
Test Actions Min                      -1
Num Paths                             10
Exploration Rewards Mean              -5.13819
Exploration Rewards Std                1.06394
Exploration Rewards Max               -3.05361
Exploration Rewards Min               -9.19797
Exploration Returns Mean            -513.819
Exploration Returns Std               72.4292
Exploration Returns Max             -390.388
Exploration Returns Min             -644.363
Exploration Actions Mean               0.0968832
Exploration Actions Std                0.638323
Exploration Actions Max                1
Exploration Actions Min               -1
touch_distance Mean                    0.397431
touch_distance Std                     0.1103
touch_distance Max                     0.590573
touch_distance Min                     0.207548
Final touch_distance Mean              0.414697
Final touch_distance Std               0.114857
Final touch_distance Max               0.57794
Final touch_distance Min               0.26647
hand_success Mean                      0.00727273
hand_success Std                       0.0849696
hand_success Max                       1
hand_success Min                       0
Final hand_success Mean                0
Final hand_success Std                 0
Final hand_success Max                 0
Final hand_success Min                 0
obj_success Mean                       0
obj_success Std                        0
obj_success Max                        0
obj_success Min                        0
Final obj_success Mean                 0
Final obj_success Std                  0
Final obj_success Max                  0
Final obj_success Min                  0
hand_and_obj_success Mean              0
hand_and_obj_success Std               0
hand_and_obj_success Max               0
hand_and_obj_success Min               0
Final hand_and_obj_success Mean        0
Final hand_and_obj_success Std         0
Final hand_and_obj_success Max         0
Final hand_and_obj_success Min         0
touch_success Mean                     0
touch_success Std                      0
touch_success Max                      0
touch_success Min                      0
Final touch_success Mean               0
Final touch_success Std                0
Final touch_success Max                0
Final touch_success Min                0
hand_distance Mean                     0.304169
hand_distance Std                      0.119679
hand_distance Max                      0.533903
hand_distance Min                      0.0387721
Final hand_distance Mean               0.29597
Final hand_distance Std                0.135527
Final hand_distance Max                0.509408
Final hand_distance Min                0.111868
obj_distance Mean                      0.414706
obj_distance Std                       0.139164
obj_distance Max                       0.617774
obj_distance Min                       0.10347
Final obj_distance Mean                0.414706
Final obj_distance Std                 0.139164
Final obj_distance Max                 0.617772
Final obj_distance Min                 0.10347
hand_and_obj_distance Mean             0.718875
hand_and_obj_distance Std              0.211017
hand_and_obj_distance Max              1.02851
hand_and_obj_distance Min              0.259627
Final hand_and_obj_distance Mean       0.710676
Final hand_and_obj_distance Std        0.240882
Final hand_and_obj_distance Max        1.00402
Final hand_and_obj_distance Min        0.285255
total_pickups Mean                     0
total_pickups Std                      0
total_pickups Max                      0
total_pickups Min                      0
Final total_pickups Mean               0
Final total_pickups Std                0
Final total_pickups Max                0
Final total_pickups Min                0
image_dist Mean                       20.3493
image_dist Std                         6.02855
image_dist Max                        32.2019
image_dist Min                         8.08703
Final image_dist Mean                 20.2502
Final image_dist Std                   6.16716
Final image_dist Max                  32.024
Final image_dist Min                  11.206
image_success Mean                    -0.991818
image_success Std                      0.0900826
image_success Max                      0
image_success Min                     -1
Final image_success Mean              -1
Final image_success Std                0
Final image_success Max               -1
Final image_success Min               -1
vae_mdist Mean                      7442.25
vae_mdist Std                       3382.7
vae_mdist Max                      32455.4
vae_mdist Min                       1289.17
Final vae_mdist Mean                7244.45
Final vae_mdist Std                 3645.28
Final vae_mdist Max                15489.8
Final vae_mdist Min                 1828.52
vae_success Mean                       0
vae_success Std                        0
vae_success Max                        0
vae_success Min                        0
Final vae_success Mean                 0
Final vae_success Std                  0
Final vae_success Max                  0
Final vae_success Min                  0
vae_dist Mean                          5.23748
vae_dist Std                           0.9674
vae_dist Max                          14.3182
vae_dist Min                           3.45973
Final vae_dist Mean                    5.05084
Final vae_dist Std                     0.983103
Final vae_dist Max                     7.35337
Final vae_dist Min                     3.46685
AverageReturn                       -523.748
Number of train steps total       152004
Number of env steps total          42000
Number of rollouts total             420
Train Time (s)                        25.6075
(Previous) Eval Time (s)               4.90927
Sample Time (s)                        6.1529
Epoch Time (s)                        36.6697
Total Train Time (s)                1293.84
Epoch                                 41
--------------------------------  ----------------
2025-08-25 16:25:46.755280 +07 | [08-25-rlkit-pick-and-place-p3-vae-rig_2025_08_25_15_54_12_0000--s-48344] Iteration #41 | Epoch Duration: 36.49533462524414
2025-08-25 16:25:46.755380 +07 | [08-25-rlkit-pick-and-place-p3-vae-rig_2025_08_25_15_54_12_0000--s-48344] Iteration #41 | Started Training: True
2025-08-25 16:26:13.087859 +07 | [08-25-rlkit-pick-and-place-p3-vae-rig_2025_08_25_15_54_12_0000--s-48344] Iteration #42 | Collecting samples for evaluation
--------------------------------  ----------------
QF1 Loss                              58.9672
QF2 Loss                              62.2871
Policy Loss                          338.725
Q1 Predictions Mean                 -342.112
Q1 Predictions Std                   199.519
Q1 Predictions Max                   -53.0341
Q1 Predictions Min                  -743.769
Q2 Predictions Mean                 -340.314
Q2 Predictions Std                   198.677
Q2 Predictions Max                   -50.5058
Q2 Predictions Min                  -743.805
Q Targets Mean                      -340.949
Q Targets Std                        199.393
Q Targets Max                        -48.4563
Q Targets Min                       -766.169
Bellman Errors 1 Mean                 58.9672
Bellman Errors 1 Std                 386.142
Bellman Errors 1 Max                4352
Bellman Errors 1 Min                   0.0172542
Bellman Errors 2 Mean                 62.2871
Bellman Errors 2 Std                 401.012
Bellman Errors 2 Max                4486.09
Bellman Errors 2 Min                   9.77665e-05
Policy Action Mean                     0.107143
Policy Action Std                      0.829097
Policy Action Max                      1
Policy Action Min                     -1
Test Rewards Mean                     -5.13074
Test Rewards Std                       1.28112
Test Rewards Max                      -2.83755
Test Rewards Min                      -9.53605
Test Returns Mean                   -513.074
Test Returns Std                      91.6445
Test Returns Max                    -348.318
Test Returns Min                    -631.52
Test Actions Mean                      0.0361607
Test Actions Std                       0.689026
Test Actions Max                       1
Test Actions Min                      -1
Num Paths                             10
Exploration Rewards Mean              -5.57995
Exploration Rewards Std                1.4975
Exploration Rewards Max               -3.3408
Exploration Rewards Min              -18.0039
Exploration Returns Mean            -557.995
Exploration Returns Std              107.055
Exploration Returns Max             -423.806
Exploration Returns Min             -808.903
Exploration Actions Mean               0.0842174
Exploration Actions Std                0.6831
Exploration Actions Max                1
Exploration Actions Min               -1
touch_distance Mean                    0.40357
touch_distance Std                     0.0906964
touch_distance Max                     0.673356
touch_distance Min                     0.201981
Final touch_distance Mean              0.382253
Final touch_distance Std               0.0609821
Final touch_distance Max               0.49175
Final touch_distance Min               0.298804
hand_success Mean                      0.00181818
hand_success Std                       0.0426014
hand_success Max                       1
hand_success Min                       0
Final hand_success Mean                0
Final hand_success Std                 0
Final hand_success Max                 0
Final hand_success Min                 0
obj_success Mean                       0
obj_success Std                        0
obj_success Max                        0
obj_success Min                        0
Final obj_success Mean                 0
Final obj_success Std                  0
Final obj_success Max                  0
Final obj_success Min                  0
hand_and_obj_success Mean              0
hand_and_obj_success Std               0
hand_and_obj_success Max               0
hand_and_obj_success Min               0
Final hand_and_obj_success Mean        0
Final hand_and_obj_success Std         0
Final hand_and_obj_success Max         0
Final hand_and_obj_success Min         0
touch_success Mean                     0
touch_success Std                      0
touch_success Max                      0
touch_success Min                      0
Final touch_success Mean               0
Final touch_success Std                0
Final touch_success Max                0
Final touch_success Min                0
hand_distance Mean                     0.273763
hand_distance Std                      0.0820689
hand_distance Max                      0.417378
hand_distance Min                      0.0565628
Final hand_distance Mean               0.277621
Final hand_distance Std                0.0899708
Final hand_distance Max                0.393837
Final hand_distance Min                0.146747
obj_distance Mean                      0.268439
obj_distance Std                       0.134981
obj_distance Max                       0.497661
obj_distance Min                       0.114115
Final obj_distance Mean                0.268439
Final obj_distance Std                 0.134981
Final obj_distance Max                 0.49766
Final obj_distance Min                 0.114115
hand_and_obj_distance Mean             0.542202
hand_and_obj_distance Std              0.145598
hand_and_obj_distance Max              0.878688
hand_and_obj_distance Min              0.279076
Final hand_and_obj_distance Mean       0.546061
Final hand_and_obj_distance Std        0.154067
Final hand_and_obj_distance Max        0.878688
Final hand_and_obj_distance Min        0.309458
total_pickups Mean                     0
total_pickups Std                      0
total_pickups Max                      0
total_pickups Min                      0
Final total_pickups Mean               0
Final total_pickups Std                0
Final total_pickups Max                0
Final total_pickups Min                0
image_dist Mean                       21.9765
image_dist Std                         3.12594
image_dist Max                        29.3916
image_dist Min                        14.5977
Final image_dist Mean                 22.0983
Final image_dist Std                   3.41781
Final image_dist Max                  28.0751
Final image_dist Min                  16.5578
image_success Mean                    -1
image_success Std                      0
image_success Max                     -1
image_success Min                     -1
Final image_success Mean              -1
Final image_success Std                0
Final image_success Max               -1
Final image_success Min               -1
vae_mdist Mean                      7016.72
vae_mdist Std                       3269.64
vae_mdist Max                      23756.9
vae_mdist Min                       2121.73
Final vae_mdist Mean                6203.67
Final vae_mdist Std                 2484.3
Final vae_mdist Max                10201.1
Final vae_mdist Min                 2997.32
vae_success Mean                       0
vae_success Std                        0
vae_success Max                        0
vae_success Min                        0
Final vae_success Mean                 0
Final vae_success Std                  0
Final vae_success Max                  0
Final vae_success Min                  0
vae_dist Mean                          5.13074
vae_dist Std                           1.28112
vae_dist Max                           9.53605
vae_dist Min                           2.83755
Final vae_dist Mean                    4.60671
Final vae_dist Std                     1.03376
Final vae_dist Max                     6.18638
Final vae_dist Min                     3.02359
AverageReturn                       -513.074
Number of train steps total       156004
Number of env steps total          43000
Number of rollouts total             430
Train Time (s)                        20.8865
(Previous) Eval Time (s)               4.71689
Sample Time (s)                        5.34371
Epoch Time (s)                        30.9471
Total Train Time (s)                1324.84
Epoch                                 42
--------------------------------  ----------------
2025-08-25 16:26:17.804684 +07 | [08-25-rlkit-pick-and-place-p3-vae-rig_2025_08_25_15_54_12_0000--s-48344] Iteration #42 | Epoch Duration: 31.049222707748413
2025-08-25 16:26:17.804775 +07 | [08-25-rlkit-pick-and-place-p3-vae-rig_2025_08_25_15_54_12_0000--s-48344] Iteration #42 | Started Training: True
2025-08-25 16:26:43.687810 +07 | [08-25-rlkit-pick-and-place-p3-vae-rig_2025_08_25_15_54_12_0000--s-48344] Iteration #43 | Collecting samples for evaluation
--------------------------------  ----------------
QF1 Loss                              33.0616
QF2 Loss                              29.3869
Policy Loss                          343.47
Q1 Predictions Mean                 -347.231
Q1 Predictions Std                   200.57
Q1 Predictions Max                   -61.1083
Q1 Predictions Min                  -742.351
Q2 Predictions Mean                 -347.391
Q2 Predictions Std                   200.54
Q2 Predictions Max                   -58.9152
Q2 Predictions Min                  -743.247
Q Targets Mean                      -346.439
Q Targets Std                        198.899
Q Targets Max                        -59.057
Q Targets Min                       -739.564
Bellman Errors 1 Mean                 33.0616
Bellman Errors 1 Std                  69.4842
Bellman Errors 1 Max                 434.78
Bellman Errors 1 Min                   2.13055e-05
Bellman Errors 2 Mean                 29.3869
Bellman Errors 2 Std                  53.8406
Bellman Errors 2 Max                 242.353
Bellman Errors 2 Min                   0.00126619
Policy Action Mean                     0.0476014
Policy Action Std                      0.841179
Policy Action Max                      1
Policy Action Min                     -1
Test Rewards Mean                     -5.12561
Test Rewards Std                       1.03261
Test Rewards Max                      -3.15388
Test Rewards Min                      -9.43907
Test Returns Mean                   -512.561
Test Returns Std                      67.0102
Test Returns Max                    -399.67
Test Returns Min                    -631.816
Test Actions Mean                      0.0936207
Test Actions Std                       0.694622
Test Actions Max                       1
Test Actions Min                      -1
Num Paths                             10
Exploration Rewards Mean              -5.39172
Exploration Rewards Std                1.21184
Exploration Rewards Max               -3.22023
Exploration Rewards Min              -10.9501
Exploration Returns Mean            -539.172
Exploration Returns Std               93.7776
Exploration Returns Max             -457.993
Exploration Returns Min             -785.586
Exploration Actions Mean               0.094218
Exploration Actions Std                0.700991
Exploration Actions Max                1
Exploration Actions Min               -1
touch_distance Mean                    0.394849
touch_distance Std                     0.0832371
touch_distance Max                     0.655257
touch_distance Min                     0.223602
Final touch_distance Mean              0.432338
Final touch_distance Std               0.0588654
Final touch_distance Max               0.536159
Final touch_distance Min               0.350383
hand_success Mean                      0
hand_success Std                       0
hand_success Max                       0
hand_success Min                       0
Final hand_success Mean                0
Final hand_success Std                 0
Final hand_success Max                 0
Final hand_success Min                 0
obj_success Mean                       0
obj_success Std                        0
obj_success Max                        0
obj_success Min                        0
Final obj_success Mean                 0
Final obj_success Std                  0
Final obj_success Max                  0
Final obj_success Min                  0
hand_and_obj_success Mean              0
hand_and_obj_success Std               0
hand_and_obj_success Max               0
hand_and_obj_success Min               0
Final hand_and_obj_success Mean        0
Final hand_and_obj_success Std         0
Final hand_and_obj_success Max         0
Final hand_and_obj_success Min         0
touch_success Mean                     0
touch_success Std                      0
touch_success Max                      0
touch_success Min                      0
Final touch_success Mean               0
Final touch_success Std                0
Final touch_success Max                0
Final touch_success Min                0
hand_distance Mean                     0.255729
hand_distance Std                      0.106733
hand_distance Max                      0.582193
hand_distance Min                      0.0612291
Final hand_distance Mean               0.265032
Final hand_distance Std                0.103717
Final hand_distance Max                0.444073
Final hand_distance Min                0.0876775
obj_distance Mean                      0.329393
obj_distance Std                       0.107172
obj_distance Max                       0.513183
obj_distance Min                       0.153775
Final obj_distance Mean                0.329393
Final obj_distance Std                 0.107172
Final obj_distance Max                 0.513181
Final obj_distance Min                 0.153775
hand_and_obj_distance Mean             0.585122
hand_and_obj_distance Std              0.145524
hand_and_obj_distance Max              0.838894
hand_and_obj_distance Min              0.221299
Final hand_and_obj_distance Mean       0.594425
Final hand_and_obj_distance Std        0.141723
Final hand_and_obj_distance Max        0.829101
Final hand_and_obj_distance Min        0.427053
total_pickups Mean                     0
total_pickups Std                      0
total_pickups Max                      0
total_pickups Min                      0
Final total_pickups Mean               0
Final total_pickups Std                0
Final total_pickups Max                0
Final total_pickups Min                0
image_dist Mean                       19.5693
image_dist Std                         4.72257
image_dist Max                        28.8858
image_dist Min                         7.46147
Final image_dist Mean                 18.979
Final image_dist Std                   4.52355
Final image_dist Max                  27.2645
Final image_dist Min                  13.462
image_success Mean                    -0.982727
image_success Std                      0.130286
image_success Max                      0
image_success Min                     -1
Final image_success Mean              -1
Final image_success Std                0
Final image_success Max               -1
Final image_success Min               -1
vae_mdist Mean                      6052.95
vae_mdist Std                       2903.55
vae_mdist Max                      19176.7
vae_mdist Min                       1224.66
Final vae_mdist Mean                6022.97
Final vae_mdist Std                 2816.13
Final vae_mdist Max                10391.3
Final vae_mdist Min                 1748.1
vae_success Mean                       0
vae_success Std                        0
vae_success Max                        0
vae_success Min                        0
Final vae_success Mean                 0
Final vae_success Std                  0
Final vae_success Max                  0
Final vae_success Min                  0
vae_dist Mean                          5.12561
vae_dist Std                           1.03261
vae_dist Max                           9.43907
vae_dist Min                           3.15388
Final vae_dist Mean                    4.65677
Final vae_dist Std                     0.849738
Final vae_dist Max                     6.11429
Final vae_dist Min                     3.25636
AverageReturn                       -512.561
Number of train steps total       160004
Number of env steps total          44000
Number of rollouts total             440
Train Time (s)                        20.3224
(Previous) Eval Time (s)               4.80197
Sample Time (s)                        5.42998
Epoch Time (s)                        30.5544
Total Train Time (s)                1356.28
Epoch                                 43
--------------------------------  ----------------
2025-08-25 16:26:49.221807 +07 | [08-25-rlkit-pick-and-place-p3-vae-rig_2025_08_25_15_54_12_0000--s-48344] Iteration #43 | Epoch Duration: 31.41694927215576
2025-08-25 16:26:49.221917 +07 | [08-25-rlkit-pick-and-place-p3-vae-rig_2025_08_25_15_54_12_0000--s-48344] Iteration #43 | Started Training: True
2025-08-25 16:27:10.721127 +07 | [08-25-rlkit-pick-and-place-p3-vae-rig_2025_08_25_15_54_12_0000--s-48344] Iteration #44 | Collecting samples for evaluation
--------------------------------  ----------------
QF1 Loss                              27.4001
QF2 Loss                              27.0739
Policy Loss                          337.747
Q1 Predictions Mean                 -339.171
Q1 Predictions Std                   207.055
Q1 Predictions Max                   -46.6348
Q1 Predictions Min                  -708.542
Q2 Predictions Mean                 -338.894
Q2 Predictions Std                   206.993
Q2 Predictions Max                   -47.4985
Q2 Predictions Min                  -716.65
Q Targets Mean                      -336.995
Q Targets Std                        206.392
Q Targets Max                        -44.9544
Q Targets Min                       -712.273
Bellman Errors 1 Mean                 27.4
Bellman Errors 1 Std                  51.2992
Bellman Errors 1 Max                 340.392
Bellman Errors 1 Min                   6.10352e-05
Bellman Errors 2 Mean                 27.0739
Bellman Errors 2 Std                  49.2741
Bellman Errors 2 Max                 310.161
Bellman Errors 2 Min                   0.00322894
Policy Action Mean                     0.138178
Policy Action Std                      0.820442
Policy Action Max                      1
Policy Action Min                     -1
Test Rewards Mean                     -5.9867
Test Rewards Std                       1.86867
Test Rewards Max                      -3.39386
Test Rewards Min                     -14.9552
Test Returns Mean                   -598.67
Test Returns Std                     164.938
Test Returns Max                    -396.112
Test Returns Min                    -945.307
Test Actions Mean                     -0.00883029
Test Actions Std                       0.6947
Test Actions Max                       1
Test Actions Min                      -1
Num Paths                             10
Exploration Rewards Mean              -5.00257
Exploration Rewards Std                1.16268
Exploration Rewards Max               -2.82731
Exploration Rewards Min              -11.031
Exploration Returns Mean            -500.257
Exploration Returns Std               64.9395
Exploration Returns Max             -410.682
Exploration Returns Min             -599.733
Exploration Actions Mean               0.0777449
Exploration Actions Std                0.665798
Exploration Actions Max                1
Exploration Actions Min               -1
touch_distance Mean                    0.393763
touch_distance Std                     0.0905619
touch_distance Max                     0.592531
touch_distance Min                     0.198537
Final touch_distance Mean              0.384663
Final touch_distance Std               0.0986184
Final touch_distance Max               0.587734
Final touch_distance Min               0.198537
hand_success Mean                      0.000909091
hand_success Std                       0.0301374
hand_success Max                       1
hand_success Min                       0
Final hand_success Mean                0
Final hand_success Std                 0
Final hand_success Max                 0
Final hand_success Min                 0
obj_success Mean                       0
obj_success Std                        0
obj_success Max                        0
obj_success Min                        0
Final obj_success Mean                 0
Final obj_success Std                  0
Final obj_success Max                  0
Final obj_success Min                  0
hand_and_obj_success Mean              0
hand_and_obj_success Std               0
hand_and_obj_success Max               0
hand_and_obj_success Min               0
Final hand_and_obj_success Mean        0
Final hand_and_obj_success Std         0
Final hand_and_obj_success Max         0
Final hand_and_obj_success Min         0
touch_success Mean                     0
touch_success Std                      0
touch_success Max                      0
touch_success Min                      0
Final touch_success Mean               0
Final touch_success Std                0
Final touch_success Max                0
Final touch_success Min                0
hand_distance Mean                     0.242793
hand_distance Std                      0.100019
hand_distance Max                      0.437357
hand_distance Min                      0.0586497
Final hand_distance Mean               0.25614
Final hand_distance Std                0.101356
Final hand_distance Max                0.390822
Final hand_distance Min                0.0811095
obj_distance Mean                      0.355472
obj_distance Std                       0.0740005
obj_distance Max                       0.490822
obj_distance Min                       0.222187
Final obj_distance Mean                0.355472
Final obj_distance Std                 0.0740005
Final obj_distance Max                 0.490821
Final obj_distance Min                 0.222187
hand_and_obj_distance Mean             0.598265
hand_and_obj_distance Std              0.15549
hand_and_obj_distance Max              0.888552
hand_and_obj_distance Min              0.300294
Final hand_and_obj_distance Mean       0.611612
Final hand_and_obj_distance Std        0.160038
Final hand_and_obj_distance Max        0.861421
Final hand_and_obj_distance Min        0.385522
total_pickups Mean                     0
total_pickups Std                      0
total_pickups Max                      0
total_pickups Min                      0
Final total_pickups Mean               0
Final total_pickups Std                0
Final total_pickups Max                0
Final total_pickups Min                0
image_dist Mean                       18.022
image_dist Std                         4.17853
image_dist Max                        25.3529
image_dist Min                         9.70202
Final image_dist Mean                 18.2921
Final image_dist Std                   3.91436
Final image_dist Max                  24.5274
Final image_dist Min                  12.9717
image_success Mean                    -0.998182
image_success Std                      0.0426014
image_success Max                      0
image_success Min                     -1
Final image_success Mean              -1
Final image_success Std                0
Final image_success Max               -1
Final image_success Min               -1
vae_mdist Mean                      7868.64
vae_mdist Std                       3944.15
vae_mdist Max                      32079.2
vae_mdist Min                       2015.41
Final vae_mdist Mean                6930.22
Final vae_mdist Std                 2197.33
Final vae_mdist Max                10954.6
Final vae_mdist Min                 4164.89
vae_success Mean                       0
vae_success Std                        0
vae_success Max                        0
vae_success Min                        0
Final vae_success Mean                 0
Final vae_success Std                  0
Final vae_success Max                  0
Final vae_success Min                  0
vae_dist Mean                          5.9867
vae_dist Std                           1.86867
vae_dist Max                          14.9552
vae_dist Min                           3.39386
Final vae_dist Mean                    5.46681
Final vae_dist Std                     1.4444
Final vae_dist Max                     8.58543
Final vae_dist Min                     3.67585
AverageReturn                       -598.67
Number of train steps total       164004
Number of env steps total          45000
Number of rollouts total             450
Train Time (s)                        16.5972
(Previous) Eval Time (s)               5.64809
Sample Time (s)                        4.77804
Epoch Time (s)                        27.0233
Total Train Time (s)                1384.16
Epoch                                 44
--------------------------------  ----------------
2025-08-25 16:27:17.123975 +07 | [08-25-rlkit-pick-and-place-p3-vae-rig_2025_08_25_15_54_12_0000--s-48344] Iteration #44 | Epoch Duration: 27.901954412460327
2025-08-25 16:27:17.124167 +07 | [08-25-rlkit-pick-and-place-p3-vae-rig_2025_08_25_15_54_12_0000--s-48344] Iteration #44 | Started Training: True
2025-08-25 16:27:43.246133 +07 | [08-25-rlkit-pick-and-place-p3-vae-rig_2025_08_25_15_54_12_0000--s-48344] Iteration #45 | Collecting samples for evaluation
--------------------------------  ----------------
QF1 Loss                              20.4647
QF2 Loss                              25.7804
Policy Loss                          333.253
Q1 Predictions Mean                 -335.995
Q1 Predictions Std                   195.385
Q1 Predictions Max                   -31.0678
Q1 Predictions Min                  -651.7
Q2 Predictions Mean                 -335.34
Q2 Predictions Std                   195.095
Q2 Predictions Max                   -37.0893
Q2 Predictions Min                  -649.43
Q Targets Mean                      -336.831
Q Targets Std                        196.246
Q Targets Max                        -31.747
Q Targets Min                       -656.408
Bellman Errors 1 Mean                 20.4647
Bellman Errors 1 Std                  68.0777
Bellman Errors 1 Max                 617.668
Bellman Errors 1 Min                   0.000805501
Bellman Errors 2 Mean                 25.7804
Bellman Errors 2 Std                  58.3465
Bellman Errors 2 Max                 523.461
Bellman Errors 2 Min                   0.000325293
Policy Action Mean                     0.0872691
Policy Action Std                      0.837425
Policy Action Max                      1
Policy Action Min                     -1
Test Rewards Mean                     -4.98124
Test Rewards Std                       0.927611
Test Rewards Max                      -3.19864
Test Rewards Min                      -9.34195
Test Returns Mean                   -498.124
Test Returns Std                      62.6776
Test Returns Max                    -412.305
Test Returns Min                    -592.884
Test Actions Mean                      0.0731245
Test Actions Std                       0.728033
Test Actions Max                       1
Test Actions Min                      -1
Num Paths                             10
Exploration Rewards Mean              -5.65811
Exploration Rewards Std                1.06149
Exploration Rewards Max               -3.59499
Exploration Rewards Min              -12.2799
Exploration Returns Mean            -565.811
Exploration Returns Std               73.3468
Exploration Returns Max             -449.909
Exploration Returns Min             -719.884
Exploration Actions Mean               0.0465983
Exploration Actions Std                0.637345
Exploration Actions Max                1
Exploration Actions Min               -1
touch_distance Mean                    0.393531
touch_distance Std                     0.107574
touch_distance Max                     0.603196
touch_distance Min                     0.198906
Final touch_distance Mean              0.397918
Final touch_distance Std               0.1195
Final touch_distance Max               0.590446
Final touch_distance Min               0.23234
hand_success Mean                      0
hand_success Std                       0
hand_success Max                       0
hand_success Min                       0
Final hand_success Mean                0
Final hand_success Std                 0
Final hand_success Max                 0
Final hand_success Min                 0
obj_success Mean                       0
obj_success Std                        0
obj_success Max                        0
obj_success Min                        0
Final obj_success Mean                 0
Final obj_success Std                  0
Final obj_success Max                  0
Final obj_success Min                  0
hand_and_obj_success Mean              0
hand_and_obj_success Std               0
hand_and_obj_success Max               0
hand_and_obj_success Min               0
Final hand_and_obj_success Mean        0
Final hand_and_obj_success Std         0
Final hand_and_obj_success Max         0
Final hand_and_obj_success Min         0
touch_success Mean                     0
touch_success Std                      0
touch_success Max                      0
touch_success Min                      0
Final touch_success Mean               0
Final touch_success Std                0
Final touch_success Max                0
Final touch_success Min                0
hand_distance Mean                     0.254088
hand_distance Std                      0.0857881
hand_distance Max                      0.438568
hand_distance Min                      0.0961908
Final hand_distance Mean               0.245712
Final hand_distance Std                0.0944301
Final hand_distance Max                0.438568
Final hand_distance Min                0.10373
obj_distance Mean                      0.352483
obj_distance Std                       0.127238
obj_distance Max                       0.55724
obj_distance Min                       0.120309
Final obj_distance Mean                0.352483
Final obj_distance Std                 0.127238
Final obj_distance Max                 0.55724
Final obj_distance Min                 0.120309
hand_and_obj_distance Mean             0.606572
hand_and_obj_distance Std              0.14634
hand_and_obj_distance Max              0.93788
hand_and_obj_distance Min              0.284458
Final hand_and_obj_distance Mean       0.598196
Final hand_and_obj_distance Std        0.128285
Final hand_and_obj_distance Max        0.800473
Final hand_and_obj_distance Min        0.335486
total_pickups Mean                     0
total_pickups Std                      0
total_pickups Max                      0
total_pickups Min                      0
Final total_pickups Mean               0
Final total_pickups Std                0
Final total_pickups Max                0
Final total_pickups Min                0
image_dist Mean                       22.3015
image_dist Std                         4.51359
image_dist Max                        28.9989
image_dist Min                        10.0204
Final image_dist Mean                 22.2523
Final image_dist Std                   4.4171
Final image_dist Max                  27.8475
Final image_dist Min                  14.3298
image_success Mean                    -1
image_success Std                      0
image_success Max                     -1
image_success Min                     -1
Final image_success Mean              -1
Final image_success Std                0
Final image_success Max               -1
Final image_success Min               -1
vae_mdist Mean                      7409.63
vae_mdist Std                       3115.61
vae_mdist Max                      15968.9
vae_mdist Min                       1386.65
Final vae_mdist Mean                6548.68
Final vae_mdist Std                 3184.22
Final vae_mdist Max                11187.2
Final vae_mdist Min                 1775.84
vae_success Mean                       0
vae_success Std                        0
vae_success Max                        0
vae_success Min                        0
Final vae_success Mean                 0
Final vae_success Std                  0
Final vae_success Max                  0
Final vae_success Min                  0
vae_dist Mean                          4.98124
vae_dist Std                           0.927611
vae_dist Max                           9.34195
vae_dist Min                           3.19864
Final vae_dist Mean                    4.55252
Final vae_dist Std                     0.760269
Final vae_dist Max                     5.60924
Final vae_dist Min                     3.29165
AverageReturn                       -498.124
Number of train steps total       168004
Number of env steps total          46000
Number of rollouts total             460
Train Time (s)                        20.4785
(Previous) Eval Time (s)               6.51083
Sample Time (s)                        5.47351
Epoch Time (s)                        32.4629
Total Train Time (s)                1415.02
Epoch                                 45
--------------------------------  ----------------
2025-08-25 16:27:48.030228 +07 | [08-25-rlkit-pick-and-place-p3-vae-rig_2025_08_25_15_54_12_0000--s-48344] Iteration #45 | Epoch Duration: 30.905914545059204
2025-08-25 16:27:48.030464 +07 | [08-25-rlkit-pick-and-place-p3-vae-rig_2025_08_25_15_54_12_0000--s-48344] Iteration #45 | Started Training: True
2025-08-25 16:28:20.340919 +07 | [08-25-rlkit-pick-and-place-p3-vae-rig_2025_08_25_15_54_12_0000--s-48344] Iteration #46 | Collecting samples for evaluation
--------------------------------  ----------------
QF1 Loss                              39.1248
QF2 Loss                              31.3082
Policy Loss                          346.27
Q1 Predictions Mean                 -349.299
Q1 Predictions Std                   201.029
Q1 Predictions Max                   -12.3189
Q1 Predictions Min                  -721.734
Q2 Predictions Mean                 -348.917
Q2 Predictions Std                   200.779
Q2 Predictions Max                   -10.6718
Q2 Predictions Min                  -724.685
Q Targets Mean                      -348.03
Q Targets Std                        200.843
Q Targets Max                        -15.3594
Q Targets Min                       -718.012
Bellman Errors 1 Mean                 39.1248
Bellman Errors 1 Std                 136.556
Bellman Errors 1 Max                1353.55
Bellman Errors 1 Min                   4.43403e-06
Bellman Errors 2 Mean                 31.3082
Bellman Errors 2 Std                 116.795
Bellman Errors 2 Max                1166
Bellman Errors 2 Min                   0.00102483
Policy Action Mean                     0.074891
Policy Action Std                      0.831304
Policy Action Max                      1
Policy Action Min                     -1
Test Rewards Mean                     -5.80292
Test Rewards Std                       1.66929
Test Rewards Max                      -2.40931
Test Rewards Min                     -18.8893
Test Returns Mean                   -580.292
Test Returns Std                     147.081
Test Returns Max                    -323.699
Test Returns Min                    -868.567
Test Actions Mean                     -0.0585264
Test Actions Std                       0.706652
Test Actions Max                       1
Test Actions Min                      -1
Num Paths                             10
Exploration Rewards Mean              -5.57635
Exploration Rewards Std                1.57518
Exploration Rewards Max               -3.33653
Exploration Rewards Min              -14.3153
Exploration Returns Mean            -557.635
Exploration Returns Std              135.162
Exploration Returns Max             -382.861
Exploration Returns Min             -851.554
Exploration Actions Mean               0.062445
Exploration Actions Std                0.70027
Exploration Actions Max                1
Exploration Actions Min               -1
touch_distance Mean                    0.410787
touch_distance Std                     0.0987227
touch_distance Max                     0.666312
touch_distance Min                     0.269201
Final touch_distance Mean              0.412873
Final touch_distance Std               0.105706
Final touch_distance Max               0.653413
Final touch_distance Min               0.283401
hand_success Mean                      0.0527273
hand_success Std                       0.223488
hand_success Max                       1
hand_success Min                       0
Final hand_success Mean                0
Final hand_success Std                 0
Final hand_success Max                 0
Final hand_success Min                 0
obj_success Mean                       0
obj_success Std                        0
obj_success Max                        0
obj_success Min                        0
Final obj_success Mean                 0
Final obj_success Std                  0
Final obj_success Max                  0
Final obj_success Min                  0
hand_and_obj_success Mean              0
hand_and_obj_success Std               0
hand_and_obj_success Max               0
hand_and_obj_success Min               0
Final hand_and_obj_success Mean        0
Final hand_and_obj_success Std         0
Final hand_and_obj_success Max         0
Final hand_and_obj_success Min         0
touch_success Mean                     0
touch_success Std                      0
touch_success Max                      0
touch_success Min                      0
Final touch_success Mean               0
Final touch_success Std                0
Final touch_success Max                0
Final touch_success Min                0
hand_distance Mean                     0.278969
hand_distance Std                      0.129854
hand_distance Max                      0.574359
hand_distance Min                      0.0418453
Final hand_distance Mean               0.267136
Final hand_distance Std                0.122554
Final hand_distance Max                0.51239
Final hand_distance Min                0.112528
obj_distance Mean                      0.359224
obj_distance Std                       0.143753
obj_distance Max                       0.528061
obj_distance Min                       0.133499
Final obj_distance Mean                0.359224
Final obj_distance Std                 0.143753
Final obj_distance Max                 0.52806
Final obj_distance Min                 0.133499
hand_and_obj_distance Mean             0.638193
hand_and_obj_distance Std              0.212455
hand_and_obj_distance Max              1.10242
hand_and_obj_distance Min              0.2495
Final hand_and_obj_distance Mean       0.62636
Final hand_and_obj_distance Std        0.203879
Final hand_and_obj_distance Max        0.932912
Final hand_and_obj_distance Min        0.259165
total_pickups Mean                     0
total_pickups Std                      0
total_pickups Max                      0
total_pickups Min                      0
Final total_pickups Mean               0
Final total_pickups Std                0
Final total_pickups Max                0
Final total_pickups Min                0
image_dist Mean                       22.0625
image_dist Std                         5.0841
image_dist Max                        30.869
image_dist Min                        10.426
Final image_dist Mean                 22.0882
Final image_dist Std                   4.74535
Final image_dist Max                  28.948
Final image_dist Min                  13.3923
image_success Mean                    -1
image_success Std                      0
image_success Max                     -1
image_success Min                     -1
Final image_success Mean              -1
Final image_success Std                0
Final image_success Max               -1
Final image_success Min               -1
vae_mdist Mean                      7680.47
vae_mdist Std                       4496.65
vae_mdist Max                      37041.5
vae_mdist Min                        868.838
Final vae_mdist Mean                7647.16
Final vae_mdist Std                 3943.93
Final vae_mdist Max                14013.7
Final vae_mdist Min                 1252.86
vae_success Mean                       0
vae_success Std                        0
vae_success Max                        0
vae_success Min                        0
Final vae_success Mean                 0
Final vae_success Std                  0
Final vae_success Max                  0
Final vae_success Min                  0
vae_dist Mean                          5.80292
vae_dist Std                           1.66929
vae_dist Max                          18.8893
vae_dist Min                           2.40931
Final vae_dist Mean                    5.70593
Final vae_dist Std                     1.67466
Final vae_dist Max                     9.42069
Final vae_dist Min                     2.7485
AverageReturn                       -580.292
Number of train steps total       172004
Number of env steps total          47000
Number of rollouts total             470
Train Time (s)                        26.0491
(Previous) Eval Time (s)               4.93756
Sample Time (s)                        6.14199
Epoch Time (s)                        37.1287
Total Train Time (s)                1453.67
Epoch                                 46
--------------------------------  ----------------
2025-08-25 16:28:26.673564 +07 | [08-25-rlkit-pick-and-place-p3-vae-rig_2025_08_25_15_54_12_0000--s-48344] Iteration #46 | Epoch Duration: 38.642151832580566
2025-08-25 16:28:26.673680 +07 | [08-25-rlkit-pick-and-place-p3-vae-rig_2025_08_25_15_54_12_0000--s-48344] Iteration #46 | Started Training: True
2025-08-25 16:28:52.303255 +07 | [08-25-rlkit-pick-and-place-p3-vae-rig_2025_08_25_15_54_12_0000--s-48344] Iteration #47 | Collecting samples for evaluation
--------------------------------  ----------------
QF1 Loss                              31.6048
QF2 Loss                              35.5763
Policy Loss                          333.1
Q1 Predictions Mean                 -336.542
Q1 Predictions Std                   196.333
Q1 Predictions Max                   -54.7225
Q1 Predictions Min                  -737.206
Q2 Predictions Mean                 -337.461
Q2 Predictions Std                   196.413
Q2 Predictions Max                   -55.5146
Q2 Predictions Min                  -739.168
Q Targets Mean                      -336.87
Q Targets Std                        196.109
Q Targets Max                        -53.5774
Q Targets Min                       -739.927
Bellman Errors 1 Mean                 31.6048
Bellman Errors 1 Std                  75.7974
Bellman Errors 1 Max                 622.436
Bellman Errors 1 Min                   0.00999512
Bellman Errors 2 Mean                 35.5763
Bellman Errors 2 Std                  99.3639
Bellman Errors 2 Max                 698.32
Bellman Errors 2 Min                   2.92063e-06
Policy Action Mean                     0.108182
Policy Action Std                      0.834413
Policy Action Max                      1
Policy Action Min                     -1
Test Rewards Mean                     -4.93529
Test Rewards Std                       1.40027
Test Rewards Max                      -2.02136
Test Rewards Min                      -9.68096
Test Returns Mean                   -493.529
Test Returns Std                     128.439
Test Returns Max                    -241.844
Test Returns Min                    -660.598
Test Actions Mean                      0.0867395
Test Actions Std                       0.63926
Test Actions Max                       1
Test Actions Min                      -1
Num Paths                             10
Exploration Rewards Mean              -6.27967
Exploration Rewards Std                2.22505
Exploration Rewards Max               -3.01851
Exploration Rewards Min              -22.5129
Exploration Returns Mean            -627.967
Exploration Returns Std              173.544
Exploration Returns Max             -391.937
Exploration Returns Min            -1046.03
Exploration Actions Mean               0.0649398
Exploration Actions Std                0.689687
Exploration Actions Max                1
Exploration Actions Min               -1
touch_distance Mean                    0.380723
touch_distance Std                     0.0834067
touch_distance Max                     0.552672
touch_distance Min                     0.219721
Final touch_distance Mean              0.366041
Final touch_distance Std               0.0801349
Final touch_distance Max               0.518327
Final touch_distance Min               0.26089
hand_success Mean                      0.0136364
hand_success Std                       0.115976
hand_success Max                       1
hand_success Min                       0
Final hand_success Mean                0
Final hand_success Std                 0
Final hand_success Max                 0
Final hand_success Min                 0
obj_success Mean                       0
obj_success Std                        0
obj_success Max                        0
obj_success Min                        0
Final obj_success Mean                 0
Final obj_success Std                  0
Final obj_success Max                  0
Final obj_success Min                  0
hand_and_obj_success Mean              0
hand_and_obj_success Std               0
hand_and_obj_success Max               0
hand_and_obj_success Min               0
Final hand_and_obj_success Mean        0
Final hand_and_obj_success Std         0
Final hand_and_obj_success Max         0
Final hand_and_obj_success Min         0
touch_success Mean                     0
touch_success Std                      0
touch_success Max                      0
touch_success Min                      0
Final touch_success Mean               0
Final touch_success Std                0
Final touch_success Max                0
Final touch_success Min                0
hand_distance Mean                     0.326145
hand_distance Std                      0.14497
hand_distance Max                      0.667452
hand_distance Min                      0.0365942
Final hand_distance Mean               0.324291
Final hand_distance Std                0.140583
Final hand_distance Max                0.665088
Final hand_distance Min                0.171542
obj_distance Mean                      0.240245
obj_distance Std                       0.122748
obj_distance Max                       0.571793
obj_distance Min                       0.101811
Final obj_distance Mean                0.240245
Final obj_distance Std                 0.122748
Final obj_distance Max                 0.571792
Final obj_distance Min                 0.101811
hand_and_obj_distance Mean             0.56639
hand_and_obj_distance Std              0.234024
hand_and_obj_distance Max              1.23924
hand_and_obj_distance Min              0.231776
Final hand_and_obj_distance Mean       0.564536
Final hand_and_obj_distance Std        0.238689
Final hand_and_obj_distance Max        1.23688
Final hand_and_obj_distance Min        0.342289
total_pickups Mean                     0
total_pickups Std                      0
total_pickups Max                      0
total_pickups Min                      0
Final total_pickups Mean               0
Final total_pickups Std                0
Final total_pickups Max                0
Final total_pickups Min                0
image_dist Mean                       21.7234
image_dist Std                         4.34819
image_dist Max                        32.3016
image_dist Min                        12.2487
Final image_dist Mean                 21.4625
Final image_dist Std                   4.23758
Final image_dist Max                  31.1096
Final image_dist Min                  15.9278
image_success Mean                    -1
image_success Std                      0
image_success Max                     -1
image_success Min                     -1
Final image_success Mean              -1
Final image_success Std                0
Final image_success Max               -1
Final image_success Min               -1
vae_mdist Mean                      7066.54
vae_mdist Std                       3926.59
vae_mdist Max                      24972.7
vae_mdist Min                       1475.3
Final vae_mdist Mean                7004.97
Final vae_mdist Std                 4026.13
Final vae_mdist Max                13496
Final vae_mdist Min                 2036.36
vae_success Mean                       0
vae_success Std                        0
vae_success Max                        0
vae_success Min                        0
Final vae_success Mean                 0
Final vae_success Std                  0
Final vae_success Max                  0
Final vae_success Min                  0
vae_dist Mean                          4.93529
vae_dist Std                           1.40027
vae_dist Max                           9.68096
vae_dist Min                           2.02136
Final vae_dist Mean                    5.01749
Final vae_dist Std                     1.50814
Final vae_dist Max                     6.98687
Final vae_dist Min                     2.25069
AverageReturn                       -493.529
Number of train steps total       176004
Number of env steps total          48000
Number of rollouts total             480
Train Time (s)                        20.1582
(Previous) Eval Time (s)               6.43322
Sample Time (s)                        5.37157
Epoch Time (s)                        31.963
Total Train Time (s)                1484.81
Epoch                                 47
--------------------------------  ----------------
2025-08-25 16:28:57.820343 +07 | [08-25-rlkit-pick-and-place-p3-vae-rig_2025_08_25_15_54_12_0000--s-48344] Iteration #47 | Epoch Duration: 31.146559953689575
2025-08-25 16:28:57.820428 +07 | [08-25-rlkit-pick-and-place-p3-vae-rig_2025_08_25_15_54_12_0000--s-48344] Iteration #47 | Started Training: True
2025-08-25 16:29:29.928182 +07 | [08-25-rlkit-pick-and-place-p3-vae-rig_2025_08_25_15_54_12_0000--s-48344] Iteration #48 | Collecting samples for evaluation
--------------------------------  ----------------
QF1 Loss                              25.6463
QF2 Loss                              24.0928
Policy Loss                          349.637
Q1 Predictions Mean                 -353.617
Q1 Predictions Std                   197.482
Q1 Predictions Max                   -37.587
Q1 Predictions Min                  -686.881
Q2 Predictions Mean                 -353.291
Q2 Predictions Std                   197.827
Q2 Predictions Max                   -37.7867
Q2 Predictions Min                  -689.728
Q Targets Mean                      -351.736
Q Targets Std                        197.031
Q Targets Max                        -33.8336
Q Targets Min                       -682.291
Bellman Errors 1 Mean                 25.6463
Bellman Errors 1 Std                  45.3269
Bellman Errors 1 Max                 346.561
Bellman Errors 1 Min                   1.00732e-05
Bellman Errors 2 Mean                 24.0928
Bellman Errors 2 Std                  46.9461
Bellman Errors 2 Max                 385.984
Bellman Errors 2 Min                   0.000319812
Policy Action Mean                     0.0525309
Policy Action Std                      0.860296
Policy Action Max                      1
Policy Action Min                     -1
Test Rewards Mean                     -5.56563
Test Rewards Std                       1.71848
Test Rewards Max                      -2.52078
Test Rewards Min                     -17.3132
Test Returns Mean                   -556.563
Test Returns Std                     149.987
Test Returns Max                    -356.346
Test Returns Min                    -880.086
Test Actions Mean                     -0.0140516
Test Actions Std                       0.706752
Test Actions Max                       1
Test Actions Min                      -1
Num Paths                             10
Exploration Rewards Mean              -6.27074
Exploration Rewards Std                1.99824
Exploration Rewards Max               -3.51189
Exploration Rewards Min              -20.9764
Exploration Returns Mean            -627.074
Exploration Returns Std              151.501
Exploration Returns Max             -451.302
Exploration Returns Min             -941.015
Exploration Actions Mean               0.0301617
Exploration Actions Std                0.689356
Exploration Actions Max                1
Exploration Actions Min               -1
touch_distance Mean                    0.376799
touch_distance Std                     0.097003
touch_distance Max                     0.679033
touch_distance Min                     0.178067
Final touch_distance Mean              0.391549
Final touch_distance Std               0.0804634
Final touch_distance Max               0.583341
Final touch_distance Min               0.287769
hand_success Mean                      0
hand_success Std                       0
hand_success Max                       0
hand_success Min                       0
Final hand_success Mean                0
Final hand_success Std                 0
Final hand_success Max                 0
Final hand_success Min                 0
obj_success Mean                       0
obj_success Std                        0
obj_success Max                        0
obj_success Min                        0
Final obj_success Mean                 0
Final obj_success Std                  0
Final obj_success Max                  0
Final obj_success Min                  0
hand_and_obj_success Mean              0
hand_and_obj_success Std               0
hand_and_obj_success Max               0
hand_and_obj_success Min               0
Final hand_and_obj_success Mean        0
Final hand_and_obj_success Std         0
Final hand_and_obj_success Max         0
Final hand_and_obj_success Min         0
touch_success Mean                     0
touch_success Std                      0
touch_success Max                      0
touch_success Min                      0
Final touch_success Mean               0
Final touch_success Std                0
Final touch_success Max                0
Final touch_success Min                0
hand_distance Mean                     0.279859
hand_distance Std                      0.10949
hand_distance Max                      0.560811
hand_distance Min                      0.0941298
Final hand_distance Mean               0.281232
Final hand_distance Std                0.0938686
Final hand_distance Max                0.463473
Final hand_distance Min                0.14417
obj_distance Mean                      0.33092
obj_distance Std                       0.0896611
obj_distance Max                       0.534388
obj_distance Min                       0.197758
Final obj_distance Mean                0.33092
Final obj_distance Std                 0.0896611
Final obj_distance Max                 0.534388
Final obj_distance Min                 0.197758
hand_and_obj_distance Mean             0.610779
hand_and_obj_distance Std              0.121419
hand_and_obj_distance Max              0.897741
hand_and_obj_distance Min              0.411125
Final hand_and_obj_distance Mean       0.612152
Final hand_and_obj_distance Std        0.106338
Final hand_and_obj_distance Max        0.822341
Final hand_and_obj_distance Min        0.479582
total_pickups Mean                     0
total_pickups Std                      0
total_pickups Max                      0
total_pickups Min                      0
Final total_pickups Mean               0
Final total_pickups Std                0
Final total_pickups Max                0
Final total_pickups Min                0
image_dist Mean                       19.4788
image_dist Std                         4.55704
image_dist Max                        30.7654
image_dist Min                        13.1853
Final image_dist Mean                 19.4134
Final image_dist Std                   4.54451
Final image_dist Max                  29.0315
Final image_dist Min                  13.8534
image_success Mean                    -1
image_success Std                      0
image_success Max                     -1
image_success Min                     -1
Final image_success Mean              -1
Final image_success Std                0
Final image_success Max               -1
Final image_success Min               -1
vae_mdist Mean                      9059.96
vae_mdist Std                       4879.56
vae_mdist Max                      32880
vae_mdist Min                       1931.79
Final vae_mdist Mean                8487.81
Final vae_mdist Std                 4850.74
Final vae_mdist Max                20202.7
Final vae_mdist Min                 2143.54
vae_success Mean                       0
vae_success Std                        0
vae_success Max                        0
vae_success Min                        0
Final vae_success Mean                 0
Final vae_success Std                  0
Final vae_success Max                  0
Final vae_success Min                  0
vae_dist Mean                          5.56563
vae_dist Std                           1.71848
vae_dist Max                          17.3132
vae_dist Min                           2.52078
Final vae_dist Mean                    5.20509
Final vae_dist Std                     1.39525
Final vae_dist Max                     7.49616
Final vae_dist Min                     2.94171
AverageReturn                       -556.563
Number of train steps total       180004
Number of env steps total          49000
Number of rollouts total             490
Train Time (s)                        25.7933
(Previous) Eval Time (s)               5.60062
Sample Time (s)                        6.19098
Epoch Time (s)                        37.5849
Total Train Time (s)                1522.86
Epoch                                 48
--------------------------------  ----------------
2025-08-25 16:29:35.897042 +07 | [08-25-rlkit-pick-and-place-p3-vae-rig_2025_08_25_15_54_12_0000--s-48344] Iteration #48 | Epoch Duration: 38.07652759552002
2025-08-25 16:29:35.897170 +07 | [08-25-rlkit-pick-and-place-p3-vae-rig_2025_08_25_15_54_12_0000--s-48344] Iteration #48 | Started Training: True
2025-08-25 16:30:09.274539 +07 | [08-25-rlkit-pick-and-place-p3-vae-rig_2025_08_25_15_54_12_0000--s-48344] Iteration #49 | Collecting samples for evaluation
--------------------------------  ----------------
QF1 Loss                              25.515
QF2 Loss                              16.7802
Policy Loss                          356.575
Q1 Predictions Mean                 -359.413
Q1 Predictions Std                   210.132
Q1 Predictions Max                   -31.1741
Q1 Predictions Min                  -734.802
Q2 Predictions Mean                 -358.462
Q2 Predictions Std                   209.44
Q2 Predictions Max                   -35.067
Q2 Predictions Min                  -724.642
Q Targets Mean                      -358.648
Q Targets Std                        209.474
Q Targets Max                        -30.2876
Q Targets Min                       -725.13
Bellman Errors 1 Mean                 25.515
Bellman Errors 1 Std                  68.0993
Bellman Errors 1 Max                 659.008
Bellman Errors 1 Min                   0.000280702
Bellman Errors 2 Mean                 16.7802
Bellman Errors 2 Std                  28.7533
Bellman Errors 2 Max                 203.008
Bellman Errors 2 Min                   0.00615249
Policy Action Mean                     0.0581822
Policy Action Std                      0.844077
Policy Action Max                      1
Policy Action Min                     -1
Test Rewards Mean                     -5.38259
Test Rewards Std                       1.18056
Test Rewards Max                      -3.3134
Test Rewards Min                     -10.8355
Test Returns Mean                   -538.259
Test Returns Std                      78.4702
Test Returns Max                    -403.912
Test Returns Min                    -668.997
Test Actions Mean                      0.0800092
Test Actions Std                       0.723546
Test Actions Max                       1
Test Actions Min                      -1
Num Paths                             10
Exploration Rewards Mean              -5.67935
Exploration Rewards Std                1.69832
Exploration Rewards Max               -2.92537
Exploration Rewards Min              -12.6745
Exploration Returns Mean            -567.935
Exploration Returns Std              128.07
Exploration Returns Max             -412.502
Exploration Returns Min             -889.607
Exploration Actions Mean               0.00710097
Exploration Actions Std                0.686536
Exploration Actions Max                1
Exploration Actions Min               -1
touch_distance Mean                    0.359641
touch_distance Std                     0.0790692
touch_distance Max                     0.548846
touch_distance Min                     0.219335
Final touch_distance Mean              0.366748
Final touch_distance Std               0.0925181
Final touch_distance Max               0.53245
Final touch_distance Min               0.229571
hand_success Mean                      0
hand_success Std                       0
hand_success Max                       0
hand_success Min                       0
Final hand_success Mean                0
Final hand_success Std                 0
Final hand_success Max                 0
Final hand_success Min                 0
obj_success Mean                       0.0909091
obj_success Std                        0.28748
obj_success Max                        1
obj_success Min                        0
Final obj_success Mean                 0.0909091
Final obj_success Std                  0.28748
Final obj_success Max                  1
Final obj_success Min                  0
hand_and_obj_success Mean              0
hand_and_obj_success Std               0
hand_and_obj_success Max               0
hand_and_obj_success Min               0
Final hand_and_obj_success Mean        0
Final hand_and_obj_success Std         0
Final hand_and_obj_success Max         0
Final hand_and_obj_success Min         0
touch_success Mean                     0
touch_success Std                      0
touch_success Max                      0
touch_success Min                      0
Final touch_success Mean               0
Final touch_success Std                0
Final touch_success Max                0
Final touch_success Min                0
hand_distance Mean                     0.272651
hand_distance Std                      0.11845
hand_distance Max                      0.589308
hand_distance Min                      0.0622057
Final hand_distance Mean               0.312582
Final hand_distance Std                0.145274
Final hand_distance Max                0.587881
Final hand_distance Min                0.119871
obj_distance Mean                      0.338998
obj_distance Std                       0.165228
obj_distance Max                       0.557702
obj_distance Min                       0.0474362
Final obj_distance Mean                0.338998
Final obj_distance Std                 0.165228
Final obj_distance Max                 0.5577
Final obj_distance Min                 0.0474362
hand_and_obj_distance Mean             0.611649
hand_and_obj_distance Std              0.216801
hand_and_obj_distance Max              1.06615
hand_and_obj_distance Min              0.147793
Final hand_and_obj_distance Mean       0.651579
Final hand_and_obj_distance Std        0.250602
Final hand_and_obj_distance Max        1.06472
Final hand_and_obj_distance Min        0.176577
total_pickups Mean                     0
total_pickups Std                      0
total_pickups Max                      0
total_pickups Min                      0
Final total_pickups Mean               0
Final total_pickups Std                0
Final total_pickups Max                0
Final total_pickups Min                0
image_dist Mean                       19.4839
image_dist Std                         3.98345
image_dist Max                        28.3047
image_dist Min                        12.8336
Final image_dist Mean                 19.5922
Final image_dist Std                   4.15497
Final image_dist Max                  27.7868
Final image_dist Min                  14.6751
image_success Mean                    -1
image_success Std                      0
image_success Max                     -1
image_success Min                     -1
Final image_success Mean              -1
Final image_success Std                0
Final image_success Max               -1
Final image_success Min               -1
vae_mdist Mean                      7587.22
vae_mdist Std                       3759.92
vae_mdist Max                      32891.1
vae_mdist Min                        444.306
Final vae_mdist Mean                7223.94
Final vae_mdist Std                 3348.07
Final vae_mdist Max                14180
Final vae_mdist Min                 1861.74
vae_success Mean                       0
vae_success Std                        0
vae_success Max                        0
vae_success Min                        0
Final vae_success Mean                 0
Final vae_success Std                  0
Final vae_success Max                  0
Final vae_success Min                  0
vae_dist Mean                          5.38259
vae_dist Std                           1.18056
vae_dist Max                          10.8355
vae_dist Min                           3.3134
Final vae_dist Mean                    5.10031
Final vae_dist Std                     1.01734
Final vae_dist Max                     7.15001
Final vae_dist Min                     3.3134
AverageReturn                       -538.259
Number of train steps total       184004
Number of env steps total          50000
Number of rollouts total             500
Train Time (s)                        27.0663
(Previous) Eval Time (s)               6.07427
Sample Time (s)                        6.21817
Epoch Time (s)                        39.3588
Total Train Time (s)                1560.85
Epoch                                 49
--------------------------------  ----------------
2025-08-25 16:30:13.900766 +07 | [08-25-rlkit-pick-and-place-p3-vae-rig_2025_08_25_15_54_12_0000--s-48344] Iteration #49 | Epoch Duration: 38.00345778465271
2025-08-25 16:30:13.900841 +07 | [08-25-rlkit-pick-and-place-p3-vae-rig_2025_08_25_15_54_12_0000--s-48344] Iteration #49 | Started Training: True
2025-08-25 16:30:43.151375 +07 | [08-25-rlkit-pick-and-place-p3-vae-rig_2025_08_25_15_54_12_0000--s-48344] Iteration #50 | Collecting samples for evaluation
--------------------------------  ----------------
QF1 Loss                              26.8738
QF2 Loss                              28.2423
Policy Loss                          355.807
Q1 Predictions Mean                 -358.638
Q1 Predictions Std                   210.485
Q1 Predictions Max                     4.71855
Q1 Predictions Min                  -744.581
Q2 Predictions Mean                 -359.048
Q2 Predictions Std                   210.784
Q2 Predictions Max                     8.20634
Q2 Predictions Min                  -748.12
Q Targets Mean                      -358.42
Q Targets Std                        210.245
Q Targets Max                          5.07917
Q Targets Min                       -747.742
Bellman Errors 1 Mean                 26.8738
Bellman Errors 1 Std                  60.94
Bellman Errors 1 Max                 505.613
Bellman Errors 1 Min                   5.09992e-06
Bellman Errors 2 Mean                 28.2423
Bellman Errors 2 Std                  69.0633
Bellman Errors 2 Max                 561.566
Bellman Errors 2 Min                   0.000278915
Policy Action Mean                     0.119162
Policy Action Std                      0.853267
Policy Action Max                      1
Policy Action Min                     -1
Test Rewards Mean                     -5.62785
Test Rewards Std                       2.07061
Test Rewards Max                      -2.4953
Test Rewards Min                     -11.8045
Test Returns Mean                   -562.785
Test Returns Std                     195.286
Test Returns Max                    -303.169
Test Returns Min                    -983.011
Test Actions Mean                      0.123533
Test Actions Std                       0.69972
Test Actions Max                       1
Test Actions Min                      -1
Num Paths                             10
Exploration Rewards Mean              -5.56034
Exploration Rewards Std                1.89025
Exploration Rewards Max               -2.02764
Exploration Rewards Min              -13.3424
Exploration Returns Mean            -556.034
Exploration Returns Std              166.838
Exploration Returns Max             -365.489
Exploration Returns Min             -964.228
Exploration Actions Mean               0.0893578
Exploration Actions Std                0.683419
Exploration Actions Max                1
Exploration Actions Min               -1
touch_distance Mean                    0.363193
touch_distance Std                     0.0764203
touch_distance Max                     0.50786
touch_distance Min                     0.197862
Final touch_distance Mean              0.390656
Final touch_distance Std               0.081414
Final touch_distance Max               0.507859
Final touch_distance Min               0.225333
hand_success Mean                      0
hand_success Std                       0
hand_success Max                       0
hand_success Min                       0
Final hand_success Mean                0
Final hand_success Std                 0
Final hand_success Max                 0
Final hand_success Min                 0
obj_success Mean                       0
obj_success Std                        0
obj_success Max                        0
obj_success Min                        0
Final obj_success Mean                 0
Final obj_success Std                  0
Final obj_success Max                  0
Final obj_success Min                  0
hand_and_obj_success Mean              0
hand_and_obj_success Std               0
hand_and_obj_success Max               0
hand_and_obj_success Min               0
Final hand_and_obj_success Mean        0
Final hand_and_obj_success Std         0
Final hand_and_obj_success Max         0
Final hand_and_obj_success Min         0
touch_success Mean                     0
touch_success Std                      0
touch_success Max                      0
touch_success Min                      0
Final touch_success Mean               0
Final touch_success Std                0
Final touch_success Max                0
Final touch_success Min                0
hand_distance Mean                     0.273053
hand_distance Std                      0.0705549
hand_distance Max                      0.382292
hand_distance Min                      0.0933531
Final hand_distance Mean               0.294806
Final hand_distance Std                0.0658966
Final hand_distance Max                0.355014
Final hand_distance Min                0.156302
obj_distance Mean                      0.32495
obj_distance Std                       0.141001
obj_distance Max                       0.560294
obj_distance Min                       0.0604946
Final obj_distance Mean                0.32495
Final obj_distance Std                 0.141001
Final obj_distance Max                 0.560293
Final obj_distance Min                 0.0604946
hand_and_obj_distance Mean             0.598003
hand_and_obj_distance Std              0.159322
hand_and_obj_distance Max              0.942586
hand_and_obj_distance Min              0.266131
Final hand_and_obj_distance Mean       0.619756
Final hand_and_obj_distance Std        0.157393
Final hand_and_obj_distance Max        0.914772
Final hand_and_obj_distance Min        0.365329
total_pickups Mean                     0
total_pickups Std                      0
total_pickups Max                      0
total_pickups Min                      0
Final total_pickups Mean               0
Final total_pickups Std                0
Final total_pickups Max                0
Final total_pickups Min                0
image_dist Mean                       20.6777
image_dist Std                         4.16765
image_dist Max                        27.235
image_dist Min                         6.14533
Final image_dist Mean                 20.6462
Final image_dist Std                   4.21067
Final image_dist Max                  26.1029
Final image_dist Min                  13.5747
image_success Mean                    -0.988182
image_success Std                      0.108067
image_success Max                      0
image_success Min                     -1
Final image_success Mean              -1
Final image_success Std                0
Final image_success Max               -1
Final image_success Min               -1
vae_mdist Mean                      8704.65
vae_mdist Std                       5743.79
vae_mdist Max                      36891.9
vae_mdist Min                       1705.29
Final vae_mdist Mean                7517.75
Final vae_mdist Std                 2253.08
Final vae_mdist Max                12351.3
Final vae_mdist Min                 3572.51
vae_success Mean                       0
vae_success Std                        0
vae_success Max                        0
vae_success Min                        0
Final vae_success Mean                 0
Final vae_success Std                  0
Final vae_success Max                  0
Final vae_success Min                  0
vae_dist Mean                          5.62785
vae_dist Std                           2.07061
vae_dist Max                          11.8045
vae_dist Min                           2.4953
Final vae_dist Mean                    5.89631
Final vae_dist Std                     2.11355
Final vae_dist Max                     9.66733
Final vae_dist Min                     3.21045
AverageReturn                       -562.785
Number of train steps total       188004
Number of env steps total          51000
Number of rollouts total             510
Train Time (s)                        23.4136
(Previous) Eval Time (s)               4.70076
Sample Time (s)                        5.7209
Epoch Time (s)                        33.8353
Total Train Time (s)                1595.91
Epoch                                 50
--------------------------------  ----------------
2025-08-25 16:30:48.992310 +07 | [08-25-rlkit-pick-and-place-p3-vae-rig_2025_08_25_15_54_12_0000--s-48344] Iteration #50 | Epoch Duration: 35.09139657020569
2025-08-25 16:30:48.992626 +07 | [08-25-rlkit-pick-and-place-p3-vae-rig_2025_08_25_15_54_12_0000--s-48344] Iteration #50 | Started Training: True
2025-08-25 16:31:41.704628 +07 | [08-25-rlkit-pick-and-place-p3-vae-rig_2025_08_25_15_54_12_0000--s-48344] Iteration #51 | Collecting samples for evaluation
--------------------------------  ----------------
QF1 Loss                              24.3329
QF2 Loss                              25.5382
Policy Loss                          340.423
Q1 Predictions Mean                 -344.204
Q1 Predictions Std                   196.09
Q1 Predictions Max                   -46.2309
Q1 Predictions Min                  -652.502
Q2 Predictions Mean                 -344.539
Q2 Predictions Std                   196.393
Q2 Predictions Max                   -46.2118
Q2 Predictions Min                  -651.658
Q Targets Mean                      -343.403
Q Targets Std                        195.809
Q Targets Max                        -47.0728
Q Targets Min                       -648.562
Bellman Errors 1 Mean                 24.3329
Bellman Errors 1 Std                  65.0278
Bellman Errors 1 Max                 538.892
Bellman Errors 1 Min                   0.00583008
Bellman Errors 2 Mean                 25.5382
Bellman Errors 2 Std                  64.676
Bellman Errors 2 Max                 595.418
Bellman Errors 2 Min                   2.59737e-05
Policy Action Mean                     0.145517
Policy Action Std                      0.808312
Policy Action Max                      1
Policy Action Min                     -1
Test Rewards Mean                     -5.41611
Test Rewards Std                       2.11541
Test Rewards Max                      -2.31463
Test Rewards Min                     -13.7256
Test Returns Mean                   -541.611
Test Returns Std                     202.176
Test Returns Max                    -262.121
Test Returns Min                   -1120.75
Test Actions Mean                      0.093956
Test Actions Std                       0.590279
Test Actions Max                       1
Test Actions Min                      -1
Num Paths                             10
Exploration Rewards Mean              -5.63814
Exploration Rewards Std                1.50226
Exploration Rewards Max               -3.28853
Exploration Rewards Min              -12.8083
Exploration Returns Mean            -563.814
Exploration Returns Std              120.171
Exploration Returns Max             -369.98
Exploration Returns Min             -784.539
Exploration Actions Mean               0.0564624
Exploration Actions Std                0.662294
Exploration Actions Max                1
Exploration Actions Min               -1
touch_distance Mean                    0.383933
touch_distance Std                     0.114427
touch_distance Max                     0.639159
touch_distance Min                     0.176599
Final touch_distance Mean              0.374936
Final touch_distance Std               0.113752
Final touch_distance Max               0.590777
Final touch_distance Min               0.263299
hand_success Mean                      0
hand_success Std                       0
hand_success Max                       0
hand_success Min                       0
Final hand_success Mean                0
Final hand_success Std                 0
Final hand_success Max                 0
Final hand_success Min                 0
obj_success Mean                       0
obj_success Std                        0
obj_success Max                        0
obj_success Min                        0
Final obj_success Mean                 0
Final obj_success Std                  0
Final obj_success Max                  0
Final obj_success Min                  0
hand_and_obj_success Mean              0
hand_and_obj_success Std               0
hand_and_obj_success Max               0
hand_and_obj_success Min               0
Final hand_and_obj_success Mean        0
Final hand_and_obj_success Std         0
Final hand_and_obj_success Max         0
Final hand_and_obj_success Min         0
touch_success Mean                     0
touch_success Std                      0
touch_success Max                      0
touch_success Min                      0
Final touch_success Mean               0
Final touch_success Std                0
Final touch_success Max                0
Final touch_success Min                0
hand_distance Mean                     0.26734
hand_distance Std                      0.0771278
hand_distance Max                      0.500133
hand_distance Min                      0.134135
Final hand_distance Mean               0.271707
Final hand_distance Std                0.0612452
Final hand_distance Max                0.409014
Final hand_distance Min                0.202156
obj_distance Mean                      0.394067
obj_distance Std                       0.0719323
obj_distance Max                       0.595921
obj_distance Min                       0.322774
Final obj_distance Mean                0.394067
Final obj_distance Std                 0.0719323
Final obj_distance Max                 0.595921
Final obj_distance Min                 0.322774
hand_and_obj_distance Mean             0.661407
hand_and_obj_distance Std              0.0911844
hand_and_obj_distance Max              0.853718
hand_and_obj_distance Min              0.478731
Final hand_and_obj_distance Mean       0.665774
Final hand_and_obj_distance Std        0.0856033
Final hand_and_obj_distance Max        0.812182
Final hand_and_obj_distance Min        0.54216
total_pickups Mean                     0
total_pickups Std                      0
total_pickups Max                      0
total_pickups Min                      0
Final total_pickups Mean               0
Final total_pickups Std                0
Final total_pickups Max                0
Final total_pickups Min                0
image_dist Mean                       21.3571
image_dist Std                         5.17379
image_dist Max                        31.1264
image_dist Min                        11.9374
Final image_dist Mean                 21.6578
Final image_dist Std                   4.91088
Final image_dist Max                  30.2636
Final image_dist Min                  12.5907
image_success Mean                    -1
image_success Std                      0
image_success Max                     -1
image_success Min                     -1
Final image_success Mean              -1
Final image_success Std                0
Final image_success Max               -1
Final image_success Min               -1
vae_mdist Mean                      7536.43
vae_mdist Std                       2823.75
vae_mdist Max                      21224
vae_mdist Min                       1804.82
Final vae_mdist Mean                7079.81
Final vae_mdist Std                 2546.42
Final vae_mdist Max                10593.3
Final vae_mdist Min                 2081.73
vae_success Mean                       0
vae_success Std                        0
vae_success Max                        0
vae_success Min                        0
Final vae_success Mean                 0
Final vae_success Std                  0
Final vae_success Max                  0
Final vae_success Min                  0
vae_dist Mean                          5.41611
vae_dist Std                           2.11541
vae_dist Max                          13.7256
vae_dist Min                           2.31463
Final vae_dist Mean                    5.15209
Final vae_dist Std                     2.10285
Final vae_dist Max                    11.202
Final vae_dist Min                     2.38971
AverageReturn                       -541.611
Number of train steps total       192004
Number of env steps total          52000
Number of rollouts total             520
Train Time (s)                        24.5205
(Previous) Eval Time (s)               5.94013
Sample Time (s)                        5.9707
Epoch Time (s)                        36.4313
Total Train Time (s)                1655.02
Epoch                                 51
--------------------------------  ----------------
2025-08-25 16:31:48.114400 +07 | [08-25-rlkit-pick-and-place-p3-vae-rig_2025_08_25_15_54_12_0000--s-48344] Iteration #51 | Epoch Duration: 37.018038272857666
2025-08-25 16:31:48.114615 +07 | [08-25-rlkit-pick-and-place-p3-vae-rig_2025_08_25_15_54_12_0000--s-48344] Iteration #51 | Started Training: True
2025-08-25 16:32:13.495183 +07 | [08-25-rlkit-pick-and-place-p3-vae-rig_2025_08_25_15_54_12_0000--s-48344] Iteration #52 | Collecting samples for evaluation
--------------------------------  ----------------
QF1 Loss                              47.1759
QF2 Loss                              43.9195
Policy Loss                          352.737
Q1 Predictions Mean                 -356.652
Q1 Predictions Std                   200.067
Q1 Predictions Max                   -14.5792
Q1 Predictions Min                  -639.499
Q2 Predictions Mean                 -354.591
Q2 Predictions Std                   199.015
Q2 Predictions Max                   -17.7039
Q2 Predictions Min                  -635.715
Q Targets Mean                      -354.664
Q Targets Std                        198.659
Q Targets Max                        -17.7719
Q Targets Min                       -631.759
Bellman Errors 1 Mean                 47.1759
Bellman Errors 1 Std                 110.003
Bellman Errors 1 Max                1077.43
Bellman Errors 1 Min                   0.000614062
Bellman Errors 2 Mean                 43.9195
Bellman Errors 2 Std                 149.855
Bellman Errors 2 Max                1573.59
Bellman Errors 2 Min                   0.00169985
Policy Action Mean                     0.0492842
Policy Action Std                      0.848573
Policy Action Max                      1
Policy Action Min                     -1
Test Rewards Mean                     -5.6923
Test Rewards Std                       2.04035
Test Rewards Max                      -2.38608
Test Rewards Min                     -14.8687
Test Returns Mean                   -569.23
Test Returns Std                     188.329
Test Returns Max                    -318.574
Test Returns Min                    -923.62
Test Actions Mean                      0.198329
Test Actions Std                       0.706624
Test Actions Max                       1
Test Actions Min                      -1
Num Paths                             10
Exploration Rewards Mean              -5.74247
Exploration Rewards Std                2.70142
Exploration Rewards Max               -3.70027
Exploration Rewards Min              -22.2766
Exploration Returns Mean            -574.247
Exploration Returns Std              235.579
Exploration Returns Max             -408.197
Exploration Returns Min            -1263.4
Exploration Actions Mean               0.0456171
Exploration Actions Std                0.667592
Exploration Actions Max                1
Exploration Actions Min               -1
touch_distance Mean                    0.357226
touch_distance Std                     0.0686814
touch_distance Max                     0.596643
touch_distance Min                     0.209403
Final touch_distance Mean              0.358267
Final touch_distance Std               0.0872123
Final touch_distance Max               0.595665
Final touch_distance Min               0.23928
hand_success Mean                      0
hand_success Std                       0
hand_success Max                       0
hand_success Min                       0
Final hand_success Mean                0
Final hand_success Std                 0
Final hand_success Max                 0
Final hand_success Min                 0
obj_success Mean                       0
obj_success Std                        0
obj_success Max                        0
obj_success Min                        0
Final obj_success Mean                 0
Final obj_success Std                  0
Final obj_success Max                  0
Final obj_success Min                  0
hand_and_obj_success Mean              0
hand_and_obj_success Std               0
hand_and_obj_success Max               0
hand_and_obj_success Min               0
Final hand_and_obj_success Mean        0
Final hand_and_obj_success Std         0
Final hand_and_obj_success Max         0
Final hand_and_obj_success Min         0
touch_success Mean                     0
touch_success Std                      0
touch_success Max                      0
touch_success Min                      0
Final touch_success Mean               0
Final touch_success Std                0
Final touch_success Max                0
Final touch_success Min                0
hand_distance Mean                     0.279435
hand_distance Std                      0.0597401
hand_distance Max                      0.472902
hand_distance Min                      0.0642821
Final hand_distance Mean               0.309063
Final hand_distance Std                0.0630315
Final hand_distance Max                0.472902
Final hand_distance Min                0.206049
obj_distance Mean                      0.405207
obj_distance Std                       0.106968
obj_distance Max                       0.610853
obj_distance Min                       0.224943
Final obj_distance Mean                0.405207
Final obj_distance Std                 0.106968
Final obj_distance Max                 0.610853
Final obj_distance Min                 0.224943
hand_and_obj_distance Mean             0.684642
hand_and_obj_distance Std              0.136032
hand_and_obj_distance Max              1.0091
hand_and_obj_distance Min              0.419314
Final hand_and_obj_distance Mean       0.71427
Final hand_and_obj_distance Std        0.147675
Final hand_and_obj_distance Max        1.0091
Final hand_and_obj_distance Min        0.479622
total_pickups Mean                     0
total_pickups Std                      0
total_pickups Max                      0
total_pickups Min                      0
Final total_pickups Mean               0
Final total_pickups Std                0
Final total_pickups Max                0
Final total_pickups Min                0
image_dist Mean                       20.0317
image_dist Std                         4.91676
image_dist Max                        28.8536
image_dist Min                        12.3086
Final image_dist Mean                 19.9705
Final image_dist Std                   4.91026
Final image_dist Max                  28.3449
Final image_dist Min                  12.3086
image_success Mean                    -1
image_success Std                      0
image_success Max                     -1
image_success Min                     -1
Final image_success Mean              -1
Final image_success Std                0
Final image_success Max               -1
Final image_success Min               -1
vae_mdist Mean                      6063.17
vae_mdist Std                       3212.61
vae_mdist Max                      31735
vae_mdist Min                       1431.99
Final vae_mdist Mean                6041
Final vae_mdist Std                 3022.5
Final vae_mdist Max                12296.5
Final vae_mdist Min                 1746.75
vae_success Mean                       0
vae_success Std                        0
vae_success Max                        0
vae_success Min                        0
Final vae_success Mean                 0
Final vae_success Std                  0
Final vae_success Max                  0
Final vae_success Min                  0
vae_dist Mean                          5.6923
vae_dist Std                           2.04035
vae_dist Max                          14.8687
vae_dist Min                           2.38608
Final vae_dist Mean                    5.72871
Final vae_dist Std                     2.50897
Final vae_dist Max                    12.0985
Final vae_dist Min                     2.63844
AverageReturn                       -569.23
Number of train steps total       196004
Number of env steps total          53000
Number of rollouts total             530
Train Time (s)                        20.0418
(Previous) Eval Time (s)               6.50969
Sample Time (s)                        5.21515
Epoch Time (s)                        31.7666
Total Train Time (s)                1685.72
Epoch                                 52
--------------------------------  ----------------
2025-08-25 16:32:18.817362 +07 | [08-25-rlkit-pick-and-place-p3-vae-rig_2025_08_25_15_54_12_0000--s-48344] Iteration #52 | Epoch Duration: 30.702491998672485
2025-08-25 16:32:18.817439 +07 | [08-25-rlkit-pick-and-place-p3-vae-rig_2025_08_25_15_54_12_0000--s-48344] Iteration #52 | Started Training: True
2025-08-25 16:32:48.756327 +07 | [08-25-rlkit-pick-and-place-p3-vae-rig_2025_08_25_15_54_12_0000--s-48344] Iteration #53 | Collecting samples for evaluation
--------------------------------  ----------------
QF1 Loss                              51.0525
QF2 Loss                              87.5564
Policy Loss                          351.434
Q1 Predictions Mean                 -354.216
Q1 Predictions Std                   208.091
Q1 Predictions Max                   -45.2455
Q1 Predictions Min                  -728.867
Q2 Predictions Mean                 -353.6
Q2 Predictions Std                   207.649
Q2 Predictions Max                   -44.5927
Q2 Predictions Min                  -734.248
Q Targets Mean                      -354.246
Q Targets Std                        209.254
Q Targets Max                        -43.8496
Q Targets Min                       -727.832
Bellman Errors 1 Mean                 51.0525
Bellman Errors 1 Std                 267.704
Bellman Errors 1 Max                2833.55
Bellman Errors 1 Min                   0.00577893
Bellman Errors 2 Mean                 87.5564
Bellman Errors 2 Std                 656.342
Bellman Errors 2 Max                7432.08
Bellman Errors 2 Min                   0.000843618
Policy Action Mean                     0.0940817
Policy Action Std                      0.822629
Policy Action Max                      1
Policy Action Min                     -1
Test Rewards Mean                     -5.36147
Test Rewards Std                       1.20037
Test Rewards Max                      -2.80015
Test Rewards Min                     -10.11
Test Returns Mean                   -536.147
Test Returns Std                      93.6511
Test Returns Max                    -348.077
Test Returns Min                    -690.989
Test Actions Mean                      0.130065
Test Actions Std                       0.64514
Test Actions Max                       1
Test Actions Min                      -1
Num Paths                             10
Exploration Rewards Mean              -5.61183
Exploration Rewards Std                1.13498
Exploration Rewards Max               -3.56594
Exploration Rewards Min              -10.657
Exploration Returns Mean            -561.183
Exploration Returns Std               90.3819
Exploration Returns Max             -442.645
Exploration Returns Min             -781.528
Exploration Actions Mean               0.0797489
Exploration Actions Std                0.678887
Exploration Actions Max                1
Exploration Actions Min               -1
touch_distance Mean                    0.431466
touch_distance Std                     0.0928381
touch_distance Max                     0.606347
touch_distance Min                     0.229994
Final touch_distance Mean              0.460068
Final touch_distance Std               0.0873791
Final touch_distance Max               0.605397
Final touch_distance Min               0.294553
hand_success Mean                      0.000909091
hand_success Std                       0.0301374
hand_success Max                       1
hand_success Min                       0
Final hand_success Mean                0
Final hand_success Std                 0
Final hand_success Max                 0
Final hand_success Min                 0
obj_success Mean                       0.0909091
obj_success Std                        0.28748
obj_success Max                        1
obj_success Min                        0
Final obj_success Mean                 0.0909091
Final obj_success Std                  0.28748
Final obj_success Max                  1
Final obj_success Min                  0
hand_and_obj_success Mean              0
hand_and_obj_success Std               0
hand_and_obj_success Max               0
hand_and_obj_success Min               0
Final hand_and_obj_success Mean        0
Final hand_and_obj_success Std         0
Final hand_and_obj_success Max         0
Final hand_and_obj_success Min         0
touch_success Mean                     0
touch_success Std                      0
touch_success Max                      0
touch_success Min                      0
Final touch_success Mean               0
Final touch_success Std                0
Final touch_success Max                0
Final touch_success Min                0
hand_distance Mean                     0.320943
hand_distance Std                      0.143615
hand_distance Max                      0.631497
hand_distance Min                      0.056756
Final hand_distance Mean               0.322348
Final hand_distance Std                0.153948
Final hand_distance Max                0.631497
Final hand_distance Min                0.129405
obj_distance Mean                      0.278481
obj_distance Std                       0.156216
obj_distance Max                       0.585665
obj_distance Min                       0.0278562
Final obj_distance Mean                0.278481
Final obj_distance Std                 0.156216
Final obj_distance Max                 0.585664
Final obj_distance Min                 0.0278562
hand_and_obj_distance Mean             0.599425
hand_and_obj_distance Std              0.221224
hand_and_obj_distance Max              1.16498
hand_and_obj_distance Min              0.211819
Final hand_and_obj_distance Mean       0.60083
Final hand_and_obj_distance Std        0.208687
Final hand_and_obj_distance Max        0.987379
Final hand_and_obj_distance Min        0.284467
total_pickups Mean                     0
total_pickups Std                      0
total_pickups Max                      0
total_pickups Min                      0
Final total_pickups Mean               0
Final total_pickups Std                0
Final total_pickups Max                0
Final total_pickups Min                0
image_dist Mean                       23.641
image_dist Std                         3.41672
image_dist Max                        29.7891
image_dist Min                        15.5281
Final image_dist Mean                 23.7657
Final image_dist Std                   3.45071
Final image_dist Max                  29.4948
Final image_dist Min                  17.5676
image_success Mean                    -1
image_success Std                      0
image_success Max                     -1
image_success Min                     -1
Final image_success Mean              -1
Final image_success Std                0
Final image_success Max               -1
Final image_success Min               -1
vae_mdist Mean                      7809.81
vae_mdist Std                       3037.48
vae_mdist Max                      21734.4
vae_mdist Min                       2628.77
Final vae_mdist Mean                7039.13
Final vae_mdist Std                 2740.98
Final vae_mdist Max                12931.3
Final vae_mdist Min                 4051.14
vae_success Mean                       0
vae_success Std                        0
vae_success Max                        0
vae_success Min                        0
Final vae_success Mean                 0
Final vae_success Std                  0
Final vae_success Max                  0
Final vae_success Min                  0
vae_dist Mean                          5.36147
vae_dist Std                           1.20037
vae_dist Max                          10.11
vae_dist Min                           2.80015
Final vae_dist Mean                    4.93426
Final vae_dist Std                     0.857042
Final vae_dist Max                     6.06042
Final vae_dist Min                     3.3777
AverageReturn                       -536.147
Number of train steps total       200004
Number of env steps total          54000
Number of rollouts total             540
Train Time (s)                        24.0376
(Previous) Eval Time (s)               5.4295
Sample Time (s)                        5.78795
Epoch Time (s)                        35.2551
Total Train Time (s)                1722.11
Epoch                                 53
--------------------------------  ----------------
2025-08-25 16:32:55.233208 +07 | [08-25-rlkit-pick-and-place-p3-vae-rig_2025_08_25_15_54_12_0000--s-48344] Iteration #53 | Epoch Duration: 36.415695905685425
2025-08-25 16:32:55.233317 +07 | [08-25-rlkit-pick-and-place-p3-vae-rig_2025_08_25_15_54_12_0000--s-48344] Iteration #53 | Started Training: True
2025-08-25 16:33:16.440718 +07 | [08-25-rlkit-pick-and-place-p3-vae-rig_2025_08_25_15_54_12_0000--s-48344] Iteration #54 | Collecting samples for evaluation
--------------------------------  ---------------
QF1 Loss                              57.1539
QF2 Loss                              51.4217
Policy Loss                          339.734
Q1 Predictions Mean                 -341.084
Q1 Predictions Std                   203.564
Q1 Predictions Max                   -17.3807
Q1 Predictions Min                  -731.814
Q2 Predictions Mean                 -341.802
Q2 Predictions Std                   204.369
Q2 Predictions Max                   -19.3806
Q2 Predictions Min                  -736.843
Q Targets Mean                      -342.749
Q Targets Std                        204.011
Q Targets Max                        -23.7992
Q Targets Min                       -730.817
Bellman Errors 1 Mean                 57.1539
Bellman Errors 1 Std                 299.593
Bellman Errors 1 Max                3308.41
Bellman Errors 1 Min                   0.00139529
Bellman Errors 2 Mean                 51.4217
Bellman Errors 2 Std                 268.51
Bellman Errors 2 Max                2979.64
Bellman Errors 2 Min                   0.00303343
Policy Action Mean                     0.130842
Policy Action Std                      0.841056
Policy Action Max                      1
Policy Action Min                     -1
Test Rewards Mean                     -4.86751
Test Rewards Std                       1.17399
Test Rewards Max                      -3.22906
Test Rewards Min                     -10.9507
Test Returns Mean                   -486.751
Test Returns Std                      77.1991
Test Returns Max                    -387.105
Test Returns Min                    -634.901
Test Actions Mean                      0.125325
Test Actions Std                       0.643916
Test Actions Max                       1
Test Actions Min                      -1
Num Paths                             10
Exploration Rewards Mean              -5.76488
Exploration Rewards Std                1.75078
Exploration Rewards Max               -2.98309
Exploration Rewards Min              -12.359
Exploration Returns Mean            -576.488
Exploration Returns Std              140.839
Exploration Returns Max             -427.877
Exploration Returns Min             -879.807
Exploration Actions Mean               0.116767
Exploration Actions Std                0.694321
Exploration Actions Max                1
Exploration Actions Min               -1
touch_distance Mean                    0.393951
touch_distance Std                     0.108666
touch_distance Max                     0.658617
touch_distance Min                     0.197125
Final touch_distance Mean              0.403562
Final touch_distance Std               0.103385
Final touch_distance Max               0.644015
Final touch_distance Min               0.295195
hand_success Mean                      0
hand_success Std                       0
hand_success Max                       0
hand_success Min                       0
Final hand_success Mean                0
Final hand_success Std                 0
Final hand_success Max                 0
Final hand_success Min                 0
obj_success Mean                       0
obj_success Std                        0
obj_success Max                        0
obj_success Min                        0
Final obj_success Mean                 0
Final obj_success Std                  0
Final obj_success Max                  0
Final obj_success Min                  0
hand_and_obj_success Mean              0
hand_and_obj_success Std               0
hand_and_obj_success Max               0
hand_and_obj_success Min               0
Final hand_and_obj_success Mean        0
Final hand_and_obj_success Std         0
Final hand_and_obj_success Max         0
Final hand_and_obj_success Min         0
touch_success Mean                     0
touch_success Std                      0
touch_success Max                      0
touch_success Min                      0
Final touch_success Mean               0
Final touch_success Std                0
Final touch_success Max                0
Final touch_success Min                0
hand_distance Mean                     0.295381
hand_distance Std                      0.118733
hand_distance Max                      0.586426
hand_distance Min                      0.106849
Final hand_distance Mean               0.319417
Final hand_distance Std                0.121806
Final hand_distance Max                0.586426
Final hand_distance Min                0.175875
obj_distance Mean                      0.358503
obj_distance Std                       0.111726
obj_distance Max                       0.539629
obj_distance Min                       0.179531
Final obj_distance Mean                0.358503
Final obj_distance Std                 0.111726
Final obj_distance Max                 0.539628
Final obj_distance Min                 0.179531
hand_and_obj_distance Mean             0.653883
hand_and_obj_distance Std              0.201298
hand_and_obj_distance Max              1.07716
hand_and_obj_distance Min              0.349099
Final hand_and_obj_distance Mean       0.677919
Final hand_and_obj_distance Std        0.200632
Final hand_and_obj_distance Max        1.07716
Final hand_and_obj_distance Min        0.42714
total_pickups Mean                     0
total_pickups Std                      0
total_pickups Max                      0
total_pickups Min                      0
Final total_pickups Mean               0
Final total_pickups Std                0
Final total_pickups Max                0
Final total_pickups Min                0
image_dist Mean                       23.96
image_dist Std                         4.67454
image_dist Max                        30.3078
image_dist Min                        12.8343
Final image_dist Mean                 23.5947
Final image_dist Std                   4.94969
Final image_dist Max                  29.3223
Final image_dist Min                  15.6278
image_success Mean                    -1
image_success Std                      0
image_success Max                     -1
image_success Min                     -1
Final image_success Mean              -1
Final image_success Std                0
Final image_success Max               -1
Final image_success Min               -1
vae_mdist Mean                      6635.19
vae_mdist Std                       2502.85
vae_mdist Max                      38010.2
vae_mdist Min                       3068.31
Final vae_mdist Mean                6186.27
Final vae_mdist Std                 2077.74
Final vae_mdist Max                11375.6
Final vae_mdist Min                 4110.46
vae_success Mean                       0
vae_success Std                        0
vae_success Max                        0
vae_success Min                        0
Final vae_success Mean                 0
Final vae_success Std                  0
Final vae_success Max                  0
Final vae_success Min                  0
vae_dist Mean                          4.86751
vae_dist Std                           1.17399
vae_dist Max                          10.9507
vae_dist Min                           3.22906
Final vae_dist Mean                    4.52102
Final vae_dist Std                     0.808119
Final vae_dist Max                     5.9927
Final vae_dist Min                     3.39004
AverageReturn                       -486.751
Number of train steps total       204004
Number of env steps total          55000
Number of rollouts total             550
Train Time (s)                        16.4089
(Previous) Eval Time (s)               6.57307
Sample Time (s)                        4.70308
Epoch Time (s)                        27.685
Total Train Time (s)                1747.65
Epoch                                 54
--------------------------------  ---------------
2025-08-25 16:33:20.781678 +07 | [08-25-rlkit-pick-and-place-p3-vae-rig_2025_08_25_15_54_12_0000--s-48344] Iteration #54 | Epoch Duration: 25.54826784133911
2025-08-25 16:33:20.781760 +07 | [08-25-rlkit-pick-and-place-p3-vae-rig_2025_08_25_15_54_12_0000--s-48344] Iteration #54 | Started Training: True
2025-08-25 16:33:46.827104 +07 | [08-25-rlkit-pick-and-place-p3-vae-rig_2025_08_25_15_54_12_0000--s-48344] Iteration #55 | Collecting samples for evaluation
--------------------------------  ----------------
QF1 Loss                              30.2176
QF2 Loss                              39.2124
Policy Loss                          352.67
Q1 Predictions Mean                 -355.317
Q1 Predictions Std                   206.52
Q1 Predictions Max                    -8.34719
Q1 Predictions Min                  -785.985
Q2 Predictions Mean                 -355.017
Q2 Predictions Std                   206.107
Q2 Predictions Max                    -9.0088
Q2 Predictions Min                  -792.232
Q Targets Mean                      -356.054
Q Targets Std                        206.589
Q Targets Max                        -12.521
Q Targets Min                       -786.091
Bellman Errors 1 Mean                 30.2176
Bellman Errors 1 Std                  71.0169
Bellman Errors 1 Max                 659.606
Bellman Errors 1 Min                   0.000503124
Bellman Errors 2 Mean                 39.2124
Bellman Errors 2 Std                  82.4158
Bellman Errors 2 Max                 633.782
Bellman Errors 2 Min                   0.0059002
Policy Action Mean                     0.124754
Policy Action Std                      0.812915
Policy Action Max                      1
Policy Action Min                     -1
Test Rewards Mean                     -5.36972
Test Rewards Std                       1.9176
Test Rewards Max                      -3.14807
Test Rewards Min                     -14.0505
Test Returns Mean                   -536.972
Test Returns Std                     178.818
Test Returns Max                    -386.848
Test Returns Min                   -1007.44
Test Actions Mean                      0.0646016
Test Actions Std                       0.629633
Test Actions Max                       1
Test Actions Min                      -1
Num Paths                             10
Exploration Rewards Mean              -5.66188
Exploration Rewards Std                1.3805
Exploration Rewards Max               -3.50451
Exploration Rewards Min              -12.1645
Exploration Returns Mean            -566.188
Exploration Returns Std               94.0765
Exploration Returns Max             -446.366
Exploration Returns Min             -779.847
Exploration Actions Mean               0.0654732
Exploration Actions Std                0.698164
Exploration Actions Max                1
Exploration Actions Min               -1
touch_distance Mean                    0.39626
touch_distance Std                     0.08119
touch_distance Max                     0.589163
touch_distance Min                     0.223407
Final touch_distance Mean              0.404746
Final touch_distance Std               0.0761522
Final touch_distance Max               0.546447
Final touch_distance Min               0.29233
hand_success Mean                      0.00181818
hand_success Std                       0.0426014
hand_success Max                       1
hand_success Min                       0
Final hand_success Mean                0
Final hand_success Std                 0
Final hand_success Max                 0
Final hand_success Min                 0
obj_success Mean                       0
obj_success Std                        0
obj_success Max                        0
obj_success Min                        0
Final obj_success Mean                 0
Final obj_success Std                  0
Final obj_success Max                  0
Final obj_success Min                  0
hand_and_obj_success Mean              0
hand_and_obj_success Std               0
hand_and_obj_success Max               0
hand_and_obj_success Min               0
Final hand_and_obj_success Mean        0
Final hand_and_obj_success Std         0
Final hand_and_obj_success Max         0
Final hand_and_obj_success Min         0
touch_success Mean                     0
touch_success Std                      0
touch_success Max                      0
touch_success Min                      0
Final touch_success Mean               0
Final touch_success Std                0
Final touch_success Max                0
Final touch_success Min                0
hand_distance Mean                     0.299009
hand_distance Std                      0.100189
hand_distance Max                      0.554002
hand_distance Min                      0.0581696
Final hand_distance Mean               0.303248
Final hand_distance Std                0.0984958
Final hand_distance Max                0.512116
Final hand_distance Min                0.217387
obj_distance Mean                      0.310982
obj_distance Std                       0.11687
obj_distance Max                       0.521546
obj_distance Min                       0.141109
Final obj_distance Mean                0.310982
Final obj_distance Std                 0.11687
Final obj_distance Max                 0.521545
Final obj_distance Min                 0.141109
hand_and_obj_distance Mean             0.609991
hand_and_obj_distance Std              0.173636
hand_and_obj_distance Max              0.975538
hand_and_obj_distance Min              0.288848
Final hand_and_obj_distance Mean       0.61423
Final hand_and_obj_distance Std        0.174871
Final hand_and_obj_distance Max        0.933652
Final hand_and_obj_distance Min        0.379367
total_pickups Mean                     0
total_pickups Std                      0
total_pickups Max                      0
total_pickups Min                      0
Final total_pickups Mean               0
Final total_pickups Std                0
Final total_pickups Max                0
Final total_pickups Min                0
image_dist Mean                       21.4062
image_dist Std                         4.4252
image_dist Max                        30.1819
image_dist Min                        12.5139
Final image_dist Mean                 21.2183
Final image_dist Std                   4.46794
Final image_dist Max                  28.2092
Final image_dist Min                  13.7058
image_success Mean                    -1
image_success Std                      0
image_success Max                     -1
image_success Min                     -1
Final image_success Mean              -1
Final image_success Std                0
Final image_success Max               -1
Final image_success Min               -1
vae_mdist Mean                      8308.15
vae_mdist Std                       4896.92
vae_mdist Max                      29084.7
vae_mdist Min                       2471.29
Final vae_mdist Mean                8684.79
Final vae_mdist Std                 5373.37
Final vae_mdist Max                21199.5
Final vae_mdist Min                 2913.86
vae_success Mean                       0
vae_success Std                        0
vae_success Max                        0
vae_success Min                        0
Final vae_success Mean                 0
Final vae_success Std                  0
Final vae_success Max                  0
Final vae_success Min                  0
vae_dist Mean                          5.36972
vae_dist Std                           1.9176
vae_dist Max                          14.0505
vae_dist Min                           3.14807
Final vae_dist Mean                    5.13901
Final vae_dist Std                     1.9359
Final vae_dist Max                    10.2361
Final vae_dist Min                     3.27795
AverageReturn                       -536.972
Number of train steps total       208004
Number of env steps total          56000
Number of rollouts total             560
Train Time (s)                        20.5294
(Previous) Eval Time (s)               4.42141
Sample Time (s)                        5.38919
Epoch Time (s)                        30.34
Total Train Time (s)                1779.16
Epoch                                 55
--------------------------------  ----------------
2025-08-25 16:33:52.310841 +07 | [08-25-rlkit-pick-and-place-p3-vae-rig_2025_08_25_15_54_12_0000--s-48344] Iteration #55 | Epoch Duration: 31.529002904891968
2025-08-25 16:33:52.310923 +07 | [08-25-rlkit-pick-and-place-p3-vae-rig_2025_08_25_15_54_12_0000--s-48344] Iteration #55 | Started Training: True
2025-08-25 16:34:17.125825 +07 | [08-25-rlkit-pick-and-place-p3-vae-rig_2025_08_25_15_54_12_0000--s-48344] Iteration #56 | Collecting samples for evaluation
--------------------------------  ----------------
QF1 Loss                              24.0793
QF2 Loss                              32.6234
Policy Loss                          341.813
Q1 Predictions Mean                 -343.579
Q1 Predictions Std                   201.347
Q1 Predictions Max                   -48.2113
Q1 Predictions Min                  -716.016
Q2 Predictions Mean                 -343.972
Q2 Predictions Std                   201.382
Q2 Predictions Max                   -47.2959
Q2 Predictions Min                  -711.969
Q Targets Mean                      -344.659
Q Targets Std                        201.221
Q Targets Max                        -46.3966
Q Targets Min                       -733.607
Bellman Errors 1 Mean                 24.0793
Bellman Errors 1 Std                  60.4199
Bellman Errors 1 Max                 524.568
Bellman Errors 1 Min                   8.95001e-07
Bellman Errors 2 Mean                 32.6234
Bellman Errors 2 Std                  85.3692
Bellman Errors 2 Max                 688.768
Bellman Errors 2 Min                   0.00169357
Policy Action Mean                     0.0961202
Policy Action Std                      0.844545
Policy Action Max                      1
Policy Action Min                     -1
Test Rewards Mean                     -5.1515
Test Rewards Std                       1.2159
Test Rewards Max                      -3.29115
Test Rewards Min                     -10.244
Test Returns Mean                   -515.15
Test Returns Std                      94.7202
Test Returns Max                    -377.952
Test Returns Min                    -715.481
Test Actions Mean                      0.201885
Test Actions Std                       0.667781
Test Actions Max                       1
Test Actions Min                      -1
Num Paths                             10
Exploration Rewards Mean              -5.51016
Exploration Rewards Std                1.647
Exploration Rewards Max               -3.09857
Exploration Rewards Min              -12.7119
Exploration Returns Mean            -551.016
Exploration Returns Std              143.957
Exploration Returns Max             -390.529
Exploration Returns Min             -832.189
Exploration Actions Mean               0.088445
Exploration Actions Std                0.686422
Exploration Actions Max                1
Exploration Actions Min               -1
touch_distance Mean                    0.387391
touch_distance Std                     0.0957076
touch_distance Max                     0.580427
touch_distance Min                     0.213037
Final touch_distance Mean              0.402043
Final touch_distance Std               0.10295
Final touch_distance Max               0.569609
Final touch_distance Min               0.262232
hand_success Mean                      0
hand_success Std                       0
hand_success Max                       0
hand_success Min                       0
Final hand_success Mean                0
Final hand_success Std                 0
Final hand_success Max                 0
Final hand_success Min                 0
obj_success Mean                       0
obj_success Std                        0
obj_success Max                        0
obj_success Min                        0
Final obj_success Mean                 0
Final obj_success Std                  0
Final obj_success Max                  0
Final obj_success Min                  0
hand_and_obj_success Mean              0
hand_and_obj_success Std               0
hand_and_obj_success Max               0
hand_and_obj_success Min               0
Final hand_and_obj_success Mean        0
Final hand_and_obj_success Std         0
Final hand_and_obj_success Max         0
Final hand_and_obj_success Min         0
touch_success Mean                     0
touch_success Std                      0
touch_success Max                      0
touch_success Min                      0
Final touch_success Mean               0
Final touch_success Std                0
Final touch_success Max                0
Final touch_success Min                0
hand_distance Mean                     0.29574
hand_distance Std                      0.11057
hand_distance Max                      0.491657
hand_distance Min                      0.0652836
Final hand_distance Mean               0.320973
Final hand_distance Std                0.104453
Final hand_distance Max                0.464108
Final hand_distance Min                0.162976
obj_distance Mean                      0.402827
obj_distance Std                       0.137449
obj_distance Max                       0.674841
obj_distance Min                       0.205875
Final obj_distance Mean                0.402827
Final obj_distance Std                 0.137449
Final obj_distance Max                 0.67484
Final obj_distance Min                 0.205875
hand_and_obj_distance Mean             0.698568
hand_and_obj_distance Std              0.180188
hand_and_obj_distance Max              0.974544
hand_and_obj_distance Min              0.291048
Final hand_and_obj_distance Mean       0.723801
Final hand_and_obj_distance Std        0.146938
Final hand_and_obj_distance Max        0.929611
Final hand_and_obj_distance Min        0.511086
total_pickups Mean                     0
total_pickups Std                      0
total_pickups Max                      0
total_pickups Min                      0
Final total_pickups Mean               0
Final total_pickups Std                0
Final total_pickups Max                0
Final total_pickups Min                0
image_dist Mean                       22.01
image_dist Std                         4.90936
image_dist Max                        31.5084
image_dist Min                        12.9419
Final image_dist Mean                 22.0556
Final image_dist Std                   4.75946
Final image_dist Max                  30.3958
Final image_dist Min                  16.3899
image_success Mean                    -1
image_success Std                      0
image_success Max                     -1
image_success Min                     -1
Final image_success Mean              -1
Final image_success Std                0
Final image_success Max               -1
Final image_success Min               -1
vae_mdist Mean                      7372.63
vae_mdist Std                       3396.17
vae_mdist Max                      17867.4
vae_mdist Min                       1836.35
Final vae_mdist Mean                7182.73
Final vae_mdist Std                 3030.97
Final vae_mdist Max                14546.5
Final vae_mdist Min                 3565.51
vae_success Mean                       0
vae_success Std                        0
vae_success Max                        0
vae_success Min                        0
Final vae_success Mean                 0
Final vae_success Std                  0
Final vae_success Max                  0
Final vae_success Min                  0
vae_dist Mean                          5.1515
vae_dist Std                           1.2159
vae_dist Max                          10.244
vae_dist Min                           3.29115
Final vae_dist Mean                    4.6947
Final vae_dist Std                     0.693527
Final vae_dist Max                     5.87218
Final vae_dist Min                     3.61014
AverageReturn                       -515.15
Number of train steps total       212004
Number of env steps total          57000
Number of rollouts total             570
Train Time (s)                        19.4963
(Previous) Eval Time (s)               5.5938
Sample Time (s)                        5.19509
Epoch Time (s)                        30.2852
Total Train Time (s)                1810.55
Epoch                                 56
--------------------------------  ----------------
2025-08-25 16:34:23.728011 +07 | [08-25-rlkit-pick-and-place-p3-vae-rig_2025_08_25_15_54_12_0000--s-48344] Iteration #56 | Epoch Duration: 31.417006492614746
2025-08-25 16:34:23.728358 +07 | [08-25-rlkit-pick-and-place-p3-vae-rig_2025_08_25_15_54_12_0000--s-48344] Iteration #56 | Started Training: True
2025-08-25 16:34:43.074703 +07 | [08-25-rlkit-pick-and-place-p3-vae-rig_2025_08_25_15_54_12_0000--s-48344] Iteration #57 | Collecting samples for evaluation
--------------------------------  ----------------
QF1 Loss                              21.5956
QF2 Loss                              28.4871
Policy Loss                          357.858
Q1 Predictions Mean                 -361.758
Q1 Predictions Std                   204.818
Q1 Predictions Max                   -30.0489
Q1 Predictions Min                  -677.086
Q2 Predictions Mean                 -361.126
Q2 Predictions Std                   205.289
Q2 Predictions Max                   -28.0921
Q2 Predictions Min                  -682.74
Q Targets Mean                      -361.138
Q Targets Std                        204.713
Q Targets Max                        -30.0868
Q Targets Min                       -681.427
Bellman Errors 1 Mean                 21.5956
Bellman Errors 1 Std                  38.9683
Bellman Errors 1 Max                 252.013
Bellman Errors 1 Min                   3.86156e-05
Bellman Errors 2 Mean                 28.4872
Bellman Errors 2 Std                 110.595
Bellman Errors 2 Max                1186.1
Bellman Errors 2 Min                   3.23067e-05
Policy Action Mean                     0.172708
Policy Action Std                      0.820483
Policy Action Max                      1
Policy Action Min                     -1
Test Rewards Mean                     -5.13618
Test Rewards Std                       1.83112
Test Rewards Max                      -2.85307
Test Rewards Min                     -15.0112
Test Returns Mean                   -513.618
Test Returns Std                     130.941
Test Returns Max                    -329.441
Test Returns Min                    -729.904
Test Actions Mean                      0.0864948
Test Actions Std                       0.715234
Test Actions Max                       1
Test Actions Min                      -1
Num Paths                             10
Exploration Rewards Mean              -5.84645
Exploration Rewards Std                2.21228
Exploration Rewards Max               -2.08506
Exploration Rewards Min              -16.0296
Exploration Returns Mean            -584.645
Exploration Returns Std              200.956
Exploration Returns Max             -282.589
Exploration Returns Min            -1075.65
Exploration Actions Mean               0.0556035
Exploration Actions Std                0.654591
Exploration Actions Max                1
Exploration Actions Min               -1
touch_distance Mean                    0.33567
touch_distance Std                     0.0714833
touch_distance Max                     0.52191
touch_distance Min                     0.179228
Final touch_distance Mean              0.334743
Final touch_distance Std               0.0892818
Final touch_distance Max               0.513351
Final touch_distance Min               0.208754
hand_success Mean                      0.00727273
hand_success Std                       0.0849696
hand_success Max                       1
hand_success Min                       0
Final hand_success Mean                0
Final hand_success Std                 0
Final hand_success Max                 0
Final hand_success Min                 0
obj_success Mean                       0
obj_success Std                        0
obj_success Max                        0
obj_success Min                        0
Final obj_success Mean                 0
Final obj_success Std                  0
Final obj_success Max                  0
Final obj_success Min                  0
hand_and_obj_success Mean              0
hand_and_obj_success Std               0
hand_and_obj_success Max               0
hand_and_obj_success Min               0
Final hand_and_obj_success Mean        0
Final hand_and_obj_success Std         0
Final hand_and_obj_success Max         0
Final hand_and_obj_success Min         0
touch_success Mean                     0
touch_success Std                      0
touch_success Max                      0
touch_success Min                      0
Final touch_success Mean               0
Final touch_success Std                0
Final touch_success Max                0
Final touch_success Min                0
hand_distance Mean                     0.27598
hand_distance Std                      0.0984961
hand_distance Max                      0.514974
hand_distance Min                      0.0490339
Final hand_distance Mean               0.308604
Final hand_distance Std                0.109251
Final hand_distance Max                0.514974
Final hand_distance Min                0.148603
obj_distance Mean                      0.355125
obj_distance Std                       0.143968
obj_distance Max                       0.654796
obj_distance Min                       0.156679
Final obj_distance Mean                0.355125
Final obj_distance Std                 0.143968
Final obj_distance Max                 0.654795
Final obj_distance Min                 0.156679
hand_and_obj_distance Mean             0.631105
hand_and_obj_distance Std              0.189577
hand_and_obj_distance Max              1.11167
hand_and_obj_distance Min              0.267018
Final hand_and_obj_distance Mean       0.663729
Final hand_and_obj_distance Std        0.213529
Final hand_and_obj_distance Max        1.11167
Final hand_and_obj_distance Min        0.366588
total_pickups Mean                     0
total_pickups Std                      0
total_pickups Max                      0
total_pickups Min                      0
Final total_pickups Mean               0
Final total_pickups Std                0
Final total_pickups Max                0
Final total_pickups Min                0
image_dist Mean                       18.1497
image_dist Std                         4.35003
image_dist Max                        31.5608
image_dist Min                         8.97968
Final image_dist Mean                 17.7056
Final image_dist Std                   4.0654
Final image_dist Max                  28.7172
Final image_dist Min                  11.735
image_success Mean                    -0.996364
image_success Std                      0.0601925
image_success Max                      0
image_success Min                     -1
Final image_success Mean              -1
Final image_success Std                0
Final image_success Max               -1
Final image_success Min               -1
vae_mdist Mean                      6363.31
vae_mdist Std                       3726.7
vae_mdist Max                      29078.8
vae_mdist Min                       1576.21
Final vae_mdist Mean                6911.16
Final vae_mdist Std                 3304.86
Final vae_mdist Max                14739.9
Final vae_mdist Min                 3326.09
vae_success Mean                       0
vae_success Std                        0
vae_success Max                        0
vae_success Min                        0
Final vae_success Mean                 0
Final vae_success Std                  0
Final vae_success Max                  0
Final vae_success Min                  0
vae_dist Mean                          5.13618
vae_dist Std                           1.83112
vae_dist Max                          15.0112
vae_dist Min                           2.85307
Final vae_dist Mean                    4.86211
Final vae_dist Std                     1.48179
Final vae_dist Max                     8.90545
Final vae_dist Min                     3.25984
AverageReturn                       -513.618
Number of train steps total       216004
Number of env steps total          58000
Number of rollouts total             580
Train Time (s)                        14.7914
(Previous) Eval Time (s)               6.70897
Sample Time (s)                        4.44999
Epoch Time (s)                        25.9504
Total Train Time (s)                1834.29
Epoch                                 57
--------------------------------  ----------------
2025-08-25 16:34:47.471532 +07 | [08-25-rlkit-pick-and-place-p3-vae-rig_2025_08_25_15_54_12_0000--s-48344] Iteration #57 | Epoch Duration: 23.742950439453125
2025-08-25 16:34:47.471638 +07 | [08-25-rlkit-pick-and-place-p3-vae-rig_2025_08_25_15_54_12_0000--s-48344] Iteration #57 | Started Training: True
2025-08-25 16:35:16.683299 +07 | [08-25-rlkit-pick-and-place-p3-vae-rig_2025_08_25_15_54_12_0000--s-48344] Iteration #58 | Collecting samples for evaluation
--------------------------------  ----------------
QF1 Loss                              20.6236
QF2 Loss                              22.7778
Policy Loss                          347.564
Q1 Predictions Mean                 -349.845
Q1 Predictions Std                   204.8
Q1 Predictions Max                   -17.9103
Q1 Predictions Min                  -711.37
Q2 Predictions Mean                 -349.548
Q2 Predictions Std                   205.409
Q2 Predictions Max                   -18.1649
Q2 Predictions Min                  -713.023
Q Targets Mean                      -350.266
Q Targets Std                        204.955
Q Targets Max                        -20.4234
Q Targets Min                       -716.676
Bellman Errors 1 Mean                 20.6236
Bellman Errors 1 Std                  42.3402
Bellman Errors 1 Max                 273.084
Bellman Errors 1 Min                   1.85813e-05
Bellman Errors 2 Mean                 22.7777
Bellman Errors 2 Std                  89.2995
Bellman Errors 2 Max                 974.96
Bellman Errors 2 Min                   8.40519e-08
Policy Action Mean                     0.0788422
Policy Action Std                      0.839201
Policy Action Max                      1
Policy Action Min                     -1
Test Rewards Mean                     -6.02114
Test Rewards Std                       3.26521
Test Rewards Max                      -2.89267
Test Rewards Min                     -16.3162
Test Returns Mean                   -602.114
Test Returns Std                     312.725
Test Returns Max                    -336.932
Test Returns Min                   -1329.36
Test Actions Mean                      0.0482509
Test Actions Std                       0.764232
Test Actions Max                       1
Test Actions Min                      -1
Num Paths                             10
Exploration Rewards Mean              -5.27399
Exploration Rewards Std                1.15109
Exploration Rewards Max               -3.2004
Exploration Rewards Min              -11.1113
Exploration Returns Mean            -527.399
Exploration Returns Std               75.0081
Exploration Returns Max             -427.571
Exploration Returns Min             -692.763
Exploration Actions Mean               0.075885
Exploration Actions Std                0.685463
Exploration Actions Max                1
Exploration Actions Min               -1
touch_distance Mean                    0.34884
touch_distance Std                     0.108049
touch_distance Max                     0.603575
touch_distance Min                     0.202309
Final touch_distance Mean              0.360624
Final touch_distance Std               0.114307
Final touch_distance Max               0.565416
Final touch_distance Min               0.202309
hand_success Mean                      0
hand_success Std                       0
hand_success Max                       0
hand_success Min                       0
Final hand_success Mean                0
Final hand_success Std                 0
Final hand_success Max                 0
Final hand_success Min                 0
obj_success Mean                       0
obj_success Std                        0
obj_success Max                        0
obj_success Min                        0
Final obj_success Mean                 0
Final obj_success Std                  0
Final obj_success Max                  0
Final obj_success Min                  0
hand_and_obj_success Mean              0
hand_and_obj_success Std               0
hand_and_obj_success Max               0
hand_and_obj_success Min               0
Final hand_and_obj_success Mean        0
Final hand_and_obj_success Std         0
Final hand_and_obj_success Max         0
Final hand_and_obj_success Min         0
touch_success Mean                     0
touch_success Std                      0
touch_success Max                      0
touch_success Min                      0
Final touch_success Mean               0
Final touch_success Std                0
Final touch_success Max                0
Final touch_success Min                0
hand_distance Mean                     0.277929
hand_distance Std                      0.0874076
hand_distance Max                      0.502261
hand_distance Min                      0.0766964
Final hand_distance Mean               0.275617
Final hand_distance Std                0.0882405
Final hand_distance Max                0.455155
Final hand_distance Min                0.147126
obj_distance Mean                      0.394862
obj_distance Std                       0.078088
obj_distance Max                       0.495307
obj_distance Min                       0.208936
Final obj_distance Mean                0.394862
Final obj_distance Std                 0.078088
Final obj_distance Max                 0.495306
Final obj_distance Min                 0.208936
hand_and_obj_distance Mean             0.672792
hand_and_obj_distance Std              0.103856
hand_and_obj_distance Max              0.889563
hand_and_obj_distance Min              0.396679
Final hand_and_obj_distance Mean       0.670479
Final hand_and_obj_distance Std        0.102939
Final hand_and_obj_distance Max        0.889563
Final hand_and_obj_distance Min        0.527529
total_pickups Mean                     0
total_pickups Std                      0
total_pickups Max                      0
total_pickups Min                      0
Final total_pickups Mean               0
Final total_pickups Std                0
Final total_pickups Max                0
Final total_pickups Min                0
image_dist Mean                       22.9167
image_dist Std                         4.37341
image_dist Max                        30.8371
image_dist Min                        15.4109
Final image_dist Mean                 22.8146
Final image_dist Std                   4.78024
Final image_dist Max                  30.1832
Final image_dist Min                  17.3466
image_success Mean                    -1
image_success Std                      0
image_success Max                     -1
image_success Min                     -1
Final image_success Mean              -1
Final image_success Std                0
Final image_success Max               -1
Final image_success Min               -1
vae_mdist Mean                      7071.59
vae_mdist Std                       4866.34
vae_mdist Max                      43017.1
vae_mdist Min                       2140.46
Final vae_mdist Mean                6613.37
Final vae_mdist Std                 3374.03
Final vae_mdist Max                12821.5
Final vae_mdist Min                 2285.99
vae_success Mean                       0
vae_success Std                        0
vae_success Max                        0
vae_success Min                        0
Final vae_success Mean                 0
Final vae_success Std                  0
Final vae_success Max                  0
Final vae_success Min                  0
vae_dist Mean                          6.02114
vae_dist Std                           3.26521
vae_dist Max                          16.3162
vae_dist Min                           2.89267
Final vae_dist Mean                    5.46414
Final vae_dist Std                     2.49981
Final vae_dist Max                    11.5257
Final vae_dist Min                     2.97027
AverageReturn                       -602.114
Number of train steps total       220004
Number of env steps total          59000
Number of rollouts total             590
Train Time (s)                        23.3562
(Previous) Eval Time (s)               4.4866
Sample Time (s)                        5.76116
Epoch Time (s)                        33.6039
Total Train Time (s)                1868.06
Epoch                                 58
--------------------------------  ----------------
2025-08-25 16:35:21.271679 +07 | [08-25-rlkit-pick-and-place-p3-vae-rig_2025_08_25_15_54_12_0000--s-48344] Iteration #58 | Epoch Duration: 33.79896783828735
2025-08-25 16:35:21.271791 +07 | [08-25-rlkit-pick-and-place-p3-vae-rig_2025_08_25_15_54_12_0000--s-48344] Iteration #58 | Started Training: True
