QF1 Loss,QF2 Loss,Policy Loss,Q1 Predictions Mean,Q1 Predictions Std,Q1 Predictions Max,Q1 Predictions Min,Q2 Predictions Mean,Q2 Predictions Std,Q2 Predictions Max,Q2 Predictions Min,Q Targets Mean,Q Targets Std,Q Targets Max,Q Targets Min,Bellman Errors 1 Mean,Bellman Errors 1 Std,Bellman Errors 1 Max,Bellman Errors 1 Min,Bellman Errors 2 Mean,Bellman Errors 2 Std,Bellman Errors 2 Max,Bellman Errors 2 Min,Policy Action Mean,Policy Action Std,Policy Action Max,Policy Action Min,Test Rewards Mean,Test Rewards Std,Test Rewards Max,Test Rewards Min,Test Returns Mean,Test Returns Std,Test Returns Max,Test Returns Min,Test Actions Mean,Test Actions Std,Test Actions Max,Test Actions Min,Num Paths,Exploration Rewards Mean,Exploration Rewards Std,Exploration Rewards Max,Exploration Rewards Min,Exploration Returns Mean,Exploration Returns Std,Exploration Returns Max,Exploration Returns Min,Exploration Actions Mean,Exploration Actions Std,Exploration Actions Max,Exploration Actions Min,touch_distance Mean,touch_distance Std,touch_distance Max,touch_distance Min,Final touch_distance Mean,Final touch_distance Std,Final touch_distance Max,Final touch_distance Min,hand_success Mean,hand_success Std,hand_success Max,hand_success Min,Final hand_success Mean,Final hand_success Std,Final hand_success Max,Final hand_success Min,obj_success Mean,obj_success Std,obj_success Max,obj_success Min,Final obj_success Mean,Final obj_success Std,Final obj_success Max,Final obj_success Min,hand_and_obj_success Mean,hand_and_obj_success Std,hand_and_obj_success Max,hand_and_obj_success Min,Final hand_and_obj_success Mean,Final hand_and_obj_success Std,Final hand_and_obj_success Max,Final hand_and_obj_success Min,touch_success Mean,touch_success Std,touch_success Max,touch_success Min,Final touch_success Mean,Final touch_success Std,Final touch_success Max,Final touch_success Min,hand_distance Mean,hand_distance Std,hand_distance Max,hand_distance Min,Final hand_distance Mean,Final hand_distance Std,Final hand_distance Max,Final hand_distance Min,obj_distance Mean,obj_distance Std,obj_distance Max,obj_distance Min,Final obj_distance Mean,Final obj_distance Std,Final obj_distance Max,Final obj_distance Min,hand_and_obj_distance Mean,hand_and_obj_distance Std,hand_and_obj_distance Max,hand_and_obj_distance Min,Final hand_and_obj_distance Mean,Final hand_and_obj_distance Std,Final hand_and_obj_distance Max,Final hand_and_obj_distance Min,total_pickups Mean,total_pickups Std,total_pickups Max,total_pickups Min,Final total_pickups Mean,Final total_pickups Std,Final total_pickups Max,Final total_pickups Min,image_dist Mean,image_dist Std,image_dist Max,image_dist Min,Final image_dist Mean,Final image_dist Std,Final image_dist Max,Final image_dist Min,image_success Mean,image_success Std,image_success Max,image_success Min,Final image_success Mean,Final image_success Std,Final image_success Max,Final image_success Min,vae_mdist Mean,vae_mdist Std,vae_mdist Max,vae_mdist Min,Final vae_mdist Mean,Final vae_mdist Std,Final vae_mdist Max,Final vae_mdist Min,vae_success Mean,vae_success Std,vae_success Max,vae_success Min,Final vae_success Mean,Final vae_success Std,Final vae_success Max,Final vae_success Min,vae_dist Mean,vae_dist Std,vae_dist Max,vae_dist Min,Final vae_dist Mean,Final vae_dist Std,Final vae_dist Max,Final vae_dist Min,AverageReturn,Number of train steps total,Number of env steps total,Number of rollouts total,Train Time (s),(Previous) Eval Time (s),Sample Time (s),Epoch Time (s),Total Train Time (s),Epoch
71.515884,71.408356,0.02305672,0.003433975,0.0020483655,0.010205114,0.00018133887,-0.0035304409,0.0018467205,0.00019169711,-0.010018593,-7.57866,3.7453196,-0.0023086525,-18.353333,71.515884,62.44622,336.96173,1.1331244e-05,71.408356,62.379745,336.72476,6.728987e-08,0.001577701,0.0021835743,0.0100711975,-0.004417949,-6.096939931784536,1.0231686564318154,-3.2170048925825268,-8.318072584375289,-609.6939931784536,95.52659363076286,-395.4461308525042,-731.5396337336952,0.028514396,0.011010955,0.05569409,0.004774703,10.0,-9.67296380300809,3.4377469195156047,-4.48373184868106,-20.8250669663454,-967.2963803008092,189.058412179186,-720.4610418552562,-1317.6784758073088,-0.0382648081768696,0.352444077715736,1.0,-1.0,0.3179156496011358,0.0523139999567815,0.4101223820853297,0.1817178640450298,0.3526340734369924,0.0446609206439593,0.4101223820853297,0.2575094472845462,0.0,0.0,0.0,0.0,0.0,0.0,0.0,0.0,0.0,0.0,0.0,0.0,0.0,0.0,0.0,0.0,0.0,0.0,0.0,0.0,0.0,0.0,0.0,0.0,0.0,0.0,0.0,0.0,0.0,0.0,0.0,0.0,0.2206324885555157,0.0677193050150659,0.3850455014270123,0.1279347231891656,0.2282446537998951,0.0773789985662167,0.3850455014270123,0.1402968995919662,0.2894710995285907,0.0611038217400697,0.4129669923925896,0.2051226571502888,0.2894710844869436,0.0611038258139003,0.4129650001225916,0.2051226571502888,0.5101035880841065,0.1210055464034403,0.7622155512252277,0.3330573803394545,0.5177157382868388,0.1285995860805201,0.7622155512252277,0.3454195567422551,0.0,0.0,0.0,0.0,0.0,0.0,0.0,0.0,20.907733462740445,3.840017640476986,28.81199048742989,15.73653174535447,21.00184993395052,3.732935738215597,27.88002279223977,16.4014524726973,-1.0,0.0,-1.0,-1.0,-1.0,0.0,-1.0,-1.0,10192.536107931764,4205.287479981893,22639.488313193084,2354.0005120846204,8166.655168079396,3047.971272495511,14790.492722940842,2476.201420885854,0.0,0.0,0.0,0.0,0.0,0.0,0.0,0.0,6.096939931784536,1.0231686564318154,8.318072584375289,3.2170048925825268,6.201727426131174,1.400882005228835,8.318072584375289,3.313283254891077,-609.6939931784536,4.0,4000.0,40.0,0.0317166929016821,0.0818715429995791,3.96842579702934,4.082014032930601,38.59332233246096,3.0
87.55177,86.33052,0.23846409,-0.15797345,0.06988305,-0.058717616,-0.39127585,-0.22339408,0.09399219,-0.08600082,-0.50829905,-8.209303,4.8034506,-0.0018046197,-29.429167,87.55177,111.41005,846.8652,0.0055700503,86.33052,110.309006,841.90027,0.0007851869,0.04809843,0.026721854,0.14680803,0.005450297,-6.743299585811134,1.4136098104629786,-3.5438117142005408,-10.347962480728,-674.3299585811133,117.60517061807764,-466.43703309759087,-867.3638742530578,0.10971566,0.6083634,1.0,-1.0,10.0,-6.349533309390777,1.8453330913642367,-2.211964588588329,-18.30661483182489,-634.9533309390777,117.755782066954,-473.99738980830193,-813.953912875361,0.1307922522813494,0.7042064916036167,1.0,-1.0,0.3731150691101742,0.0870787950570395,0.5765862052365871,0.1649839047701627,0.4067453373596565,0.0830518211648188,0.5725520862339533,0.3071100522298405,0.0,0.0,0.0,0.0,0.0,0.0,0.0,0.0,0.0,0.0,0.0,0.0,0.0,0.0,0.0,0.0,0.0,0.0,0.0,0.0,0.0,0.0,0.0,0.0,0.0,0.0,0.0,0.0,0.0,0.0,0.0,0.0,0.2807950762209996,0.0967335793329111,0.5551292624662693,0.1071260502380613,0.3090595142040375,0.1261356552864685,0.5550584431871829,0.1329856154733171,0.3635762832680159,0.1386353403259475,0.5741124386725025,0.0732685275261642,0.3635762725907308,0.1386353376389636,0.5741117522524091,0.0732685275261642,0.6443713594890155,0.1429950552586604,0.8416155557654836,0.2403811730040396,0.6726357867947682,0.1422405608161211,0.829203757776981,0.2862832114703856,0.0,0.0,0.0,0.0,0.0,0.0,0.0,0.0,20.60168467932294,4.387863793321519,30.429154204570597,13.108688285775411,20.037478165659632,4.423925014519054,27.40324785640536,13.108688285775411,-1.0,0.0,-1.0,-1.0,-1.0,0.0,-1.0,-1.0,8451.895041334254,3172.9398258133037,21799.93556337283,1198.996968727418,7835.301618001957,2717.2920921871573,12879.110076784196,3309.737013995571,0.0,0.0,0.0,0.0,0.0,0.0,0.0,0.0,6.743299585811134,1.4136098104629786,10.347962480728,3.5438117142005408,7.04236056313437,1.9304507632325965,9.861276456692607,3.769121919117216,-674.3299585811133,4004.0,5000.0,50.0,15.79999879785464,4.400121147999016,4.368631251032639,24.568751196886296,63.46462630435417,4.0
22.708523,21.092968,43.370316,-49.066288,26.347948,-1.7997497,-114.62416,-48.898823,26.28744,-2.3554947,-115.07504,-48.30143,26.84278,-0.9158407,-115.98604,22.708523,65.20139,534.6515,0.0007596716,21.092968,60.374546,516.3021,3.5277466e-05,0.009116406,0.8158432,1.0,-1.0,-5.920903127974154,1.7839552265663998,-2.42573390654632,-16.648343052284254,-592.0903127974153,140.85669847791394,-401.52153545188776,-812.7909235374206,0.23713349,0.64963025,1.0,-1.0,10.0,-6.275351050767805,1.2100371901533136,-3.745285584203047,-10.748472022950196,-627.5351050767804,54.10619711395264,-554.6218174231888,-716.8306376612512,0.097378898906357,0.6702792603470676,1.0,-1.0,0.3966409934715357,0.0985615734925894,0.5669350732029278,0.2251117929992208,0.3885436779445317,0.1186358385774038,0.5597935432964699,0.2338166641727691,0.0,0.0,0.0,0.0,0.0,0.0,0.0,0.0,0.0,0.0,0.0,0.0,0.0,0.0,0.0,0.0,0.0,0.0,0.0,0.0,0.0,0.0,0.0,0.0,0.0,0.0,0.0,0.0,0.0,0.0,0.0,0.0,0.2424495056984268,0.1009607637824447,0.4865715085864743,0.0668926546899641,0.2017039544412993,0.0724362949078777,0.3196606947242892,0.1032378355631558,0.275473446742663,0.1123865254682649,0.3765337484016483,0.0822675401024196,0.275473440127772,0.1123865217392566,0.376533748188984,0.0822675401024196,0.5179229524410899,0.1677722394849403,0.8631052567754585,0.1491601947923837,0.4771773945690714,0.1376464058526473,0.6740246844004721,0.203935806116997,0.0,0.0,0.0,0.0,0.0,0.0,0.0,0.0,21.357548099243736,5.406103921883181,33.539110167139754,12.25681616422716,22.60895344389781,5.612741957281902,32.956787150756504,15.295295077854716,-1.0,0.0,-1.0,-1.0,-1.0,0.0,-1.0,-1.0,7408.931178676571,4507.852730246904,31732.747065322368,680.0311412805991,6500.9496254356745,3712.675586550591,12005.356286564092,1710.5609657994378,0.0,0.0,0.0,0.0,0.0,0.0,0.0,0.0,5.920903127974154,1.7839552265663998,16.648343052284254,2.42573390654632,5.878665832113492,1.5641245393767305,7.722257122585774,2.7223626554324185,-592.0903127974153,8004.0,6000.0,60.0,23.14570699603792,4.697103943006368,5.4211047290300485,33.26391566807433,98.21274439042465,5.0
20.388165,23.474112,71.57007,-76.83542,43.484867,-1.1866676,-177.04814,-77.28607,43.9524,-2.330591,-174.77638,-76.20682,43.32448,-0.077244535,-177.79291,20.388165,44.87646,276.56873,0.0009904397,23.474112,53.620937,428.1669,0.022477575,0.093703404,0.8202451,1.0,-1.0,-6.012941134464045,1.8713563762106449,-2.636332283093867,-17.006168225293983,-601.2941134464045,105.99557747405436,-390.7190076960555,-751.3121443294277,-0.17940418,0.75943595,1.0,-1.0,10.0,-6.6369012383287656,1.7876216468561934,-3.7404363166422834,-18.45713924805252,-663.6901238328766,117.4251852082518,-539.909880263142,-968.4236094647172,0.1963308315827592,0.7072288327107534,1.0,-1.0,0.3647207905699315,0.1280808708395533,0.5761694967707438,0.1210486306667686,0.4277814217312223,0.1244593550362582,0.5761694967707438,0.2045743911729107,0.0,0.0,0.0,0.0,0.0,0.0,0.0,0.0,0.0909090909090909,0.2874797872880344,1.0,0.0,0.0909090909090909,0.2874797872880344,1.0,0.0,0.0,0.0,0.0,0.0,0.0,0.0,0.0,0.0,0.0,0.0,0.0,0.0,0.0,0.0,0.0,0.0,0.3565635066417276,0.1092382531743053,0.5792535154773257,0.1113930730113067,0.4148046532158106,0.1028702820337457,0.5792535154773257,0.2143936175684735,0.3196750365287377,0.1721492267951526,0.6373501098776484,0.0193060799972229,0.3196750194709696,0.17214922719217,0.6373490827759917,0.0193060799972229,0.6762385431704654,0.2427823686303606,1.1125658457578955,0.1306991530085297,0.7344796726867803,0.2465766661371626,1.1125658457578955,0.2336996975656964,0.0,0.0,0.0,0.0,0.0,0.0,0.0,0.0,19.57775495065011,3.823204276416189,26.47943381616974,7.717727761414493,19.9988327767348,3.772442372027873,26.41849485558268,11.132265521453323,-0.9972727272727272,0.0521520345791398,0.0,-1.0,-1.0,0.0,-1.0,-1.0,7442.865730109165,4872.103553325392,32666.032303697204,1302.4073719164148,6431.952785890057,3507.1406665241816,12377.968985786472,1929.5700827023152,0.0,0.0,0.0,0.0,0.0,0.0,0.0,0.0,6.012941134464045,1.8713563762106449,17.006168225293983,2.636332283093868,5.774199130558655,1.283508517774796,9.067133990775652,4.272465896633264,-601.2941134464045,12004.0,7000.0,70.0,18.77933827800007,6.185113090999948,4.977586282984703,29.94203765198472,126.59630686341552,6.0
22.97685,25.679893,84.478676,-89.6868,52.99862,-8.198558,-238.48735,-90.21008,52.979305,-8.691691,-244.71043,-89.15447,52.470364,-5.710877,-232.85414,22.976849,53.993515,380.7566,1.0608346e-06,25.679895,53.46099,349.0117,8.132332e-05,-0.038795043,0.85770684,1.0,-1.0,-6.041744711809502,1.641518191725453,-2.5963786011540644,-12.873078499626038,-604.1744711809501,126.94308495648625,-367.56459150202426,-864.1506911672877,-0.015479257,0.657219,1.0,-1.0,10.0,-6.80629800885317,2.792525000484614,-2.7778348058632645,-18.87908521380941,-680.6298008853171,196.05105120743252,-354.9470946341717,-1083.592951880309,0.0364314455885581,0.7051034491702326,1.0,-1.0,0.3641090008298663,0.0730785878467275,0.5794735085778056,0.1723396790666533,0.3950875250339381,0.0875845163153859,0.5655834259849125,0.2574426213886083,0.0,0.0,0.0,0.0,0.0,0.0,0.0,0.0,0.0,0.0,0.0,0.0,0.0,0.0,0.0,0.0,0.0,0.0,0.0,0.0,0.0,0.0,0.0,0.0,0.0,0.0,0.0,0.0,0.0,0.0,0.0,0.0,0.2657469327163784,0.0919718511775175,0.5105307329148931,0.0781901174610913,0.2841607359935241,0.0745202794963171,0.4319408781194201,0.1791625270209346,0.3636514407336935,0.1229907028120881,0.5891336313819067,0.1294662125049366,0.3636514310708904,0.122990703101109,0.5891323403062344,0.1294662125049366,0.629398373450072,0.1627608996244355,0.9620148693237396,0.2447507463452094,0.6478121670644145,0.1615635017443332,0.8886487907240439,0.3415941218299201,0.0,0.0,0.0,0.0,0.0,0.0,0.0,0.0,21.47160306678083,2.773737463080185,27.36277312930186,14.860557550225884,21.13535476260209,2.4945076549610774,24.970299312400424,17.749762576185557,-1.0,0.0,-1.0,-1.0,-1.0,0.0,-1.0,-1.0,6213.469751372106,3144.1607459987954,22843.48274532153,974.3196896067682,6426.295517538147,2820.1159675738472,10378.898798236844,1194.9912618874937,0.0,0.0,0.0,0.0,0.0,0.0,0.0,0.0,6.041744711809502,1.641518191725453,12.873078499626038,2.596378601154065,5.868199241865633,1.2047002888443172,7.308456182532153,3.221698730521904,-604.1744711809501,16004.0,8000.0,80.0,14.96111817801284,4.627167926999391,4.428343880957982,24.01662998597021,150.29061675137928,7.0
19.02108,23.945538,115.451324,-119.76732,71.01933,-1.2353746,-276.6316,-120.23706,71.35573,-0.10702407,-276.39017,-119.17294,70.94453,-0.3055019,-269.27664,19.021078,35.228546,253.0685,7.2235474e-05,23.945538,43.78596,232.31079,0.00038146973,0.018877046,0.8250843,1.0,-1.0,-6.128717195690735,1.7184638835436594,-2.4662089815596344,-12.367842023021842,-612.8717195690734,152.05963199345254,-372.701770670705,-924.590864196696,0.0869152,0.65675396,1.0,-1.0,10.0,-5.951520191703705,2.435052616567474,-2.219628916298715,-14.93448376799998,-595.1520191703705,175.0967207712772,-401.5908031786005,-1045.469393218749,0.0544603585507656,0.6529752734914405,1.0,-1.0,0.411145250406608,0.0894941310310212,0.5640199913010477,0.0992224089317476,0.4478530965158674,0.0896335551314457,0.5640199913010477,0.2668429084696661,0.0145454545454545,0.1197242009683951,1.0,0.0,0.0,0.0,0.0,0.0,0.0,0.0,0.0,0.0,0.0,0.0,0.0,0.0,0.0,0.0,0.0,0.0,0.0,0.0,0.0,0.0,0.0,0.0,0.0,0.0,0.0,0.0,0.0,0.0,0.2891725292319474,0.1336442106169577,0.5622998205224585,0.0247380184462848,0.3175135506577946,0.1513842035593786,0.5622998205224585,0.1433175374968508,0.3150536458129578,0.1108428084541746,0.4808246627377397,0.106683908014625,0.3150536322593705,0.1108428091008609,0.4808229597585798,0.106683908014625,0.6042261750449053,0.2046939553075578,1.0431227802810383,0.2558864612198306,0.6325671829171652,0.2275299800539056,1.0431227802810383,0.2799848496235791,0.0,0.0,0.0,0.0,0.0,0.0,0.0,0.0,22.99042176679995,5.321854308624864,33.752653675559394,9.758895822477642,23.82948660401048,4.8813391607737895,32.59503645317923,18.967817095063623,-0.9981818181818182,0.0426013618685817,0.0,-1.0,-1.0,0.0,-1.0,-1.0,8743.999907191213,4115.053277064357,26407.654243631463,875.5489710240197,8452.451373254624,4153.66429374594,16766.900847923836,4108.668617545675,0.0,0.0,0.0,0.0,0.0,0.0,0.0,0.0,6.128717195690735,1.7184638835436594,12.367842023021842,2.4662089815596344,6.14109377131109,1.578481236536653,9.575906542752708,4.30877557957508,-612.8717195690734,20004.0,9000.0,90.0,22.190204430822632,4.306486134999432,5.522313709931041,32.019004275753105,184.68414281213336,8.0
22.809422,22.259983,125.94522,-131.86626,80.23183,-4.3557405,-303.104,-131.29886,80.39776,-3.841136,-301.29623,-131.43652,80.546295,-6.406198,-306.44055,22.809422,52.72321,491.37012,0.01030642,22.259981,60.083366,580.8971,0.00031275698,0.07577643,0.8278111,1.0,-1.0,-5.355628651063246,1.0734077695149868,-3.4556061642720604,-16.23932678204665,-535.5628651063245,66.44412822761431,-387.4427907589977,-617.4960458396397,0.0059896954,0.5475035,0.9999998,-1.0,10.0,-6.279003024472667,1.7304381773928,-3.3136115815316365,-12.465777290246816,-627.9003024472665,93.55774205897389,-503.8626937196776,-857.9019161290795,0.0504877943537883,0.6770502019462645,1.0,-1.0,0.3434352514619477,0.0987136053810131,0.6212314822196043,0.1723357215826899,0.3392953859787785,0.1008071796256432,0.5912756569216026,0.204616202103909,0.0045454545454545,0.0672665844861306,1.0,0.0,0.0,0.0,0.0,0.0,0.0,0.0,0.0,0.0,0.0,0.0,0.0,0.0,0.0,0.0,0.0,0.0,0.0,0.0,0.0,0.0,0.0,0.0,0.0,0.0,0.0,0.0,0.0,0.0,0.2761081522159077,0.1235228975473014,0.6256966131530062,0.0294827684010361,0.3084861300238559,0.1288208409062026,0.6256966131530062,0.1038434484850788,0.3616308586168299,0.1640011199918489,0.5577395660672895,0.062549339326409,0.3616308483728834,0.1640011214411775,0.5577379753824401,0.062549339326409,0.6377390108327375,0.2395408163759334,1.1834345885354465,0.2037703816931594,0.6701169783967392,0.2552972944362337,1.1834345885354465,0.2855794447762572,0.0,0.0,0.0,0.0,0.0,0.0,0.0,0.0,22.77839500080281,5.012270921591823,30.04456333908122,7.30310957455116,22.854982968403792,5.517575281350015,29.910918619662105,11.230034014881436,-0.9972727272727272,0.0521520345791398,0.0,-1.0,-1.0,0.0,-1.0,-1.0,7370.141181118773,3510.438808101184,27139.64444199312,458.7444619290784,6063.854055828292,2971.3547830725447,10661.06092261803,1621.994074963976,0.0,0.0,0.0,0.0,0.0,0.0,0.0,0.0,5.355628651063246,1.0734077695149868,16.23932678204665,3.4556061642720604,5.041688361413124,0.78244033391924,6.18300985007278,3.727707928468809,-535.5628651063245,24004.0,10000.0,100.0,23.800537104958494,6.688340337997943,5.9475743959483225,36.43645183890476,220.7349332080485,9.0
31.003815,32.50884,154.76483,-159.1752,94.29741,-15.590727,-319.55008,-158.51892,94.372284,-16.217253,-324.1685,-158.4087,93.09519,-17.26867,-322.00195,31.003815,50.13641,265.35593,0.0018482809,32.50884,48.209396,274.15063,0.021636859,-0.021508887,0.8113139,1.0,-1.0,-5.920032226734239,1.3679277158595575,-3.309016831200709,-11.682490407688642,-592.0032226734239,92.86701406876932,-456.81892655570175,-792.7675868094761,0.19139145,0.61292934,1.0,-1.0,10.0,-5.0315790378138825,1.150753879344863,-2.869636926151369,-10.233922896576622,-503.1579037813881,62.84490481148745,-369.70101049202304,-598.2562610163567,-0.0746952076229936,0.6063758861392101,1.0,-1.0,0.3707269645440108,0.0961834184590266,0.5871863075171813,0.1531823723722789,0.4093575524330841,0.1149461675694129,0.5871863075171813,0.2297241102585824,0.0,0.0,0.0,0.0,0.0,0.0,0.0,0.0,0.0,0.0,0.0,0.0,0.0,0.0,0.0,0.0,0.0,0.0,0.0,0.0,0.0,0.0,0.0,0.0,0.0,0.0,0.0,0.0,0.0,0.0,0.0,0.0,0.3340668269642884,0.1133016382737231,0.5333610570565438,0.0764100606743697,0.3814269956116929,0.1186782432004411,0.5189826518991044,0.0997606699203957,0.3432887305750928,0.1313663779962005,0.5637708698554492,0.1570664575635471,0.3432887200430134,0.1313663762145139,0.5637699121940479,0.1570664575635471,0.6773555575393811,0.1401496797441924,0.9675424359302052,0.3379489130844043,0.7247157156547064,0.1356435270762918,0.9675424359302052,0.543119477784546,0.0,0.0,0.0,0.0,0.0,0.0,0.0,0.0,21.602666054845283,4.422236301548889,32.60726704123638,13.903648781615642,22.532353778779417,4.617268671894263,32.08547935422244,14.658836643265676,-1.0,0.0,-1.0,-1.0,-1.0,0.0,-1.0,-1.0,8302.808250572516,4087.407468531907,25657.59728015011,1454.546924605506,6977.425144519419,3488.393619942376,13021.079734516936,1767.386904434036,0.0,0.0,0.0,0.0,0.0,0.0,0.0,0.0,5.920032226734239,1.3679277158595575,11.682490407688642,3.309016831200709,6.398420184843776,1.4440023671264912,8.081115367393686,3.5054235321408083,-592.0032226734239,28004.0,11000.0,110.0,19.858441400894662,6.293187754003156,5.326483695927891,31.47811285082571,250.52866594787335,10.0
31.924511,27.435461,162.63611,-165.62999,106.82149,-11.883511,-371.8532,-166.09106,107.33436,-8.841299,-376.0843,-166.6905,107.53305,-11.422974,-378.94977,31.92451,56.319332,405.8538,0.00045830593,27.43546,47.14843,340.60568,0.00020649588,0.062590584,0.7936127,1.0,-1.0,-5.469475055980365,1.3855078549175663,-3.2147218419224424,-11.81061404348186,-546.9475055980366,109.98209812470355,-367.5733350564304,-750.3589808468653,0.09006337,0.58322495,1.0,-1.0,10.0,-5.6621429381239485,1.0444801465537323,-3.757542017303656,-10.939003117918398,-566.2142938123949,55.18378111831058,-478.6814575363906,-635.9720428666817,0.0880352804325875,0.6519082620854981,1.0,-1.0,0.3646338000079858,0.0799038989042874,0.5526236601742349,0.1528391836315099,0.3875586579382749,0.0446033248072575,0.442835035145155,0.2901909948055399,0.0009090909090909,0.0301374262804559,1.0,0.0,0.0,0.0,0.0,0.0,0.0,0.0,0.0,0.0,0.0,0.0,0.0,0.0,0.0,0.0,0.0,0.0,0.0,0.0,0.0,0.0,0.0,0.0,0.0,0.0,0.0,0.0,0.0,0.0,0.2417868942800567,0.1058117913061455,0.5412138835346676,0.0583443598824612,0.2514522611976963,0.1111473188339539,0.3835454620576653,0.101625133334606,0.2612402570637389,0.1132366195332563,0.5076494856415534,0.1033460230917294,0.2612402399166314,0.1132366223709056,0.5076480197610109,0.1033460230917294,0.5030271513437957,0.1334925323027048,0.7315455537206439,0.2296555828342165,0.5126925011143277,0.1212569167013919,0.6741421697029484,0.2586145614409088,0.0,0.0,0.0,0.0,0.0,0.0,0.0,0.0,21.196684155876124,4.565917596014392,31.62470503378117,12.720721182576256,20.75264384104852,5.397215616510678,29.789878528538814,12.850320996443996,-1.0,0.0,-1.0,-1.0,-1.0,0.0,-1.0,-1.0,8236.198880738708,3911.815152030904,25464.54827701812,904.1849421677672,7274.070865595622,3764.11162747097,15685.68014759412,1577.7449931169176,0.0,0.0,0.0,0.0,0.0,0.0,0.0,0.0,5.469475055980366,1.3855078549175663,11.81061404348186,3.2147218419224424,5.100102957570408,1.3141471974168182,7.525859331992521,3.2442045225504046,-546.9475055980366,32004.0,12000.0,120.0,19.754725336177216,4.609085552001488,5.267571344971657,29.63138223315036,282.1762268640159,11.0
24.669989,29.07676,181.98898,-186.9909,109.03724,-23.979889,-431.5386,-186.71558,108.74454,-25.04012,-432.88635,-185.7767,109.42498,-24.731419,-439.59106,24.669989,42.429844,269.24716,9.920508e-05,29.076761,43.03321,218.4186,0.01706881,0.02958116,0.81980836,1.0,-1.0,-6.242737039071873,1.617677056201058,-4.079957847918197,-12.407017538125672,-624.2737039071873,103.08640898769012,-480.8327973855136,-829.880241011711,-0.024387553,0.69643855,1.0,-1.0,10.0,-5.389919296336265,1.5342886533611408,-2.9488965191389958,-14.61418096196684,-538.9919296336265,103.43911970150964,-381.7014206717277,-716.4728626883326,0.0183848791250957,0.6477371181759132,1.0,-1.0,0.3771855480343705,0.1096513559734189,0.6449119346186186,0.2239298516936405,0.387953335444488,0.1264828204601638,0.6444966544882514,0.2313588470758813,0.0,0.0,0.0,0.0,0.0,0.0,0.0,0.0,0.0,0.0,0.0,0.0,0.0,0.0,0.0,0.0,0.0,0.0,0.0,0.0,0.0,0.0,0.0,0.0,0.0,0.0,0.0,0.0,0.0,0.0,0.0,0.0,0.3277870444071596,0.1391185819555961,0.6265083047138159,0.100747642205748,0.3383354526455779,0.1498732216556362,0.625937813569795,0.1213888818248417,0.3078350230755979,0.150402712628912,0.5604209070800139,0.1384340234818994,0.3078350110863458,0.1504027126014554,0.5604201660296693,0.1384340234818994,0.6356220674827575,0.2433521426719263,1.0922400271522874,0.2391816656876474,0.6461704637319237,0.2526419692777599,1.0912254004851998,0.267916126513557,0.0,0.0,0.0,0.0,0.0,0.0,0.0,0.0,22.866138190712025,6.102225977962932,30.95287907124188,10.416871831889582,23.156091634543888,6.40797384679306,30.22666111079685,13.038125267689487,-1.0,0.0,-1.0,-1.0,-1.0,0.0,-1.0,-1.0,10529.350163288807,4841.742657038138,38486.06020327631,4333.075093963165,10259.54551854488,3965.929335132345,20287.02446624019,6592.29748791637,0.0,0.0,0.0,0.0,0.0,0.0,0.0,0.0,6.242737039071873,1.617677056201058,12.407017538125672,4.079957847918197,5.562876143092954,0.904706539383176,7.241754961034459,4.098395186537638,-624.2737039071873,36004.0,13000.0,130.0,16.681745670161035,6.62839934600197,4.799599699945247,28.109744716108253,309.85060787213297,12.0
32.814606,29.794027,191.79492,-198.24088,112.60469,-19.118809,-407.11215,-197.52829,111.94763,-19.136106,-407.30112,-197.00629,111.577545,-21.87814,-398.4066,32.8146,60.992744,322.43085,0.0019419342,29.794027,57.535572,296.6304,8.251067e-06,-0.012913931,0.8440109,1.0,-1.0,-5.695463162751836,1.6864448555158251,-3.25066465581312,-12.13213898570356,-569.5463162751836,143.82037537987463,-462.4469780779901,-977.5338919799766,-0.00026534862,0.67769694,1.0,-1.0,10.0,-5.458426362262526,1.3208726150879624,-2.418544618414847,-9.639160248693695,-545.8426362262527,112.50054689574294,-344.6431753003008,-685.1267006904395,-0.0126399794618428,0.6387827879769978,1.0,-1.0,0.4271808983371384,0.1429074893674075,0.7218066301782806,0.1316744513047633,0.4484228448297637,0.1528993468354167,0.7214874375412107,0.1537621372829037,0.0,0.0,0.0,0.0,0.0,0.0,0.0,0.0,0.0909090909090909,0.2874797872880344,1.0,0.0,0.0909090909090909,0.2874797872880344,1.0,0.0,0.0,0.0,0.0,0.0,0.0,0.0,0.0,0.0,0.0,0.0,0.0,0.0,0.0,0.0,0.0,0.0,0.2920223209525321,0.1174432666874459,0.6189356510121935,0.0626678970005408,0.3384837697888904,0.1304900761315372,0.6152996055884091,0.1499069930363025,0.3501694747511733,0.1550237465666714,0.641124273379161,0.0365232668611069,0.3501694623950709,0.1550237466528816,0.6411236757523822,0.0365232668611069,0.6421917957037055,0.1747304661244898,0.9872577940399772,0.2972902418624694,0.6886532321839615,0.1803737663218575,0.9836217486161928,0.4233455418909069,0.0,0.0,0.0,0.0,0.0,0.0,0.0,0.0,19.942224588353312,4.968858291985086,28.39993068746246,9.910731118895024,19.819364242361956,5.007268109611023,27.86408711978268,12.80800463378125,-0.9972727272727272,0.0521520345791398,0.0,-1.0,-1.0,0.0,-1.0,-1.0,6617.467266889818,2903.5164085197453,33461.28431513904,1507.9728340117497,6187.704290199029,2473.669245650539,10514.299444901942,2279.015104791204,0.0,0.0,0.0,0.0,0.0,0.0,0.0,0.0,5.695463162751836,1.6864448555158251,12.13213898570356,3.25066465581312,5.417685885093883,1.8154781264356852,10.759458266479834,4.008461946348215,-569.5463162751836,40004.0,14000.0,140.0,23.38124056797824,6.187902382000175,5.757190661868663,35.32633361184708,343.6698007019877,13.0
40.53793,34.12806,204.37213,-206.67218,120.99211,7.2859664,-447.73428,-207.92172,121.8304,7.535973,-454.36282,-208.7221,123.35817,10.35326,-469.2883,40.537937,77.836075,558.99603,0.002133364,34.12806,73.90243,707.6675,0.014949629,0.076512456,0.8324942,1.0,-1.0,-5.120750581536557,2.011648974850388,-2.8228798367889154,-11.985876421183384,-512.0750581536556,175.51029170409632,-351.90739002994087,-1026.4857264488996,-0.014464046,0.6322427,1.0,-1.0,10.0,-5.654489540283705,1.2890926232707598,-3.1617257642577656,-14.40013699198878,-565.4489540283705,70.19489747792638,-445.1059202293468,-664.1334560832072,-0.0435399969527462,0.634689034344094,1.0,-1.0,0.3771919541921312,0.0552931618692363,0.4977836470833202,0.1826929912211078,0.4036355689991662,0.0568866122559539,0.4965735592918006,0.308800971745888,0.0,0.0,0.0,0.0,0.0,0.0,0.0,0.0,0.0,0.0,0.0,0.0,0.0,0.0,0.0,0.0,0.0,0.0,0.0,0.0,0.0,0.0,0.0,0.0,0.0,0.0,0.0,0.0,0.0,0.0,0.0,0.0,0.3021122435347807,0.1226485386905268,0.5416072018062589,0.0739927726640476,0.3273811221039521,0.128695277099702,0.5415703699548073,0.10400544773046,0.2779722075090199,0.0698922302092612,0.38731017236665,0.1851558956888268,0.2779721932680639,0.0698922319947319,0.3873087507989728,0.1851558956888269,0.5800844510438006,0.1549195541832924,0.9289159526052316,0.297069093358831,0.6053533153720161,0.1608831525738124,0.9288791207537802,0.3689083796357927,0.0,0.0,0.0,0.0,0.0,0.0,0.0,0.0,22.62465516893758,3.812542686143843,28.566712089425938,11.323074942072532,23.015874133283106,3.6573675455970105,28.37628930452938,16.31303778716411,-1.0,0.0,-1.0,-1.0,-1.0,0.0,-1.0,-1.0,5264.822939839788,2283.024609110976,20023.375966150787,1998.7710921981236,4932.6648492678005,1809.1513369314,9166.46210489321,2320.953825876088,0.0,0.0,0.0,0.0,0.0,0.0,0.0,0.0,5.120750581536557,2.011648974850388,11.985876421183384,2.8228798367889154,5.036672502223329,2.0529941789568102,9.528880330590896,3.132289807313504,-512.0750581536556,44004.0,15000.0,150.0,23.33196435702848,4.67738839800586,5.575973007893481,33.58532576292782,377.16898368989496,14.0
20.147224,25.851273,211.4154,-214.28288,132.15137,-9.430569,-489.80804,-214.98456,132.97136,-6.175034,-486.79767,-214.36107,132.37604,-6.4707975,-492.25815,20.147224,32.47878,168.24626,0.00027157366,25.851276,41.96805,208.36122,0.00022509614,-0.059808407,0.8294789,1.0,-1.0,-5.514806244798931,1.3315356970588692,-2.9299714471127203,-10.980585512245764,-551.480624479893,108.4511585499818,-383.069756706954,-747.805098498027,0.034390766,0.6808813,1.0,-0.99999994,10.0,-5.568807757639606,1.454246931767155,-2.9540877399404,-14.356372939252328,-556.8807757639604,99.34765094534148,-376.2611276579401,-748.5781172384147,0.0184843188893342,0.6540784695199707,1.0,-1.0,0.3951624145520088,0.0694429981682809,0.5237094054816589,0.1919567194036115,0.4260134352003764,0.0644482923363953,0.5234666785455845,0.3056731124632394,0.0009090909090909,0.0301374262804559,1.0,0.0,0.0,0.0,0.0,0.0,0.0,0.0,0.0,0.0,0.0,0.0,0.0,0.0,0.0,0.0,0.0,0.0,0.0,0.0,0.0,0.0,0.0,0.0,0.0,0.0,0.0,0.0,0.0,0.0,0.3003646971604277,0.1056464817025788,0.5566002638788543,0.0571858958467512,0.337411625994815,0.1002710718941915,0.5566002638788543,0.22059543709176,0.2217916315234862,0.0826405578470982,0.3940141403865485,0.1191646861743774,0.2217916183237929,0.0826405610546951,0.3940141401376179,0.1191646861743774,0.522156328683914,0.1367039495593087,0.795712899759234,0.1773055581618909,0.5592032443186081,0.1378603247613038,0.795712899759234,0.3610762469171494,0.0,0.0,0.0,0.0,0.0,0.0,0.0,0.0,22.629114455285183,5.724921265348224,30.720356191065875,9.421625553275211,22.8728501614344,5.329843243961824,30.27282759727497,13.30198737511216,-0.9963636363636365,0.0601925285718067,0.0,-1.0,-1.0,0.0,-1.0,-1.0,7276.673365004394,2882.5818104426003,18540.43434000024,2609.014134463767,6670.925653715342,2258.636534329366,10420.979698087884,2914.7055663145147,0.0,0.0,0.0,0.0,0.0,0.0,0.0,0.0,5.514806244798931,1.3315356970588692,10.980585512245764,2.9299714471127207,5.115589541381379,1.293495866387692,7.606765539601498,3.12513827247492,-551.480624479893,48004.0,16000.0,160.0,20.29883645287191,4.592643739000778,5.339101671059325,30.230581862932013,409.2990069368243,15.0
24.816328,24.089954,222.70842,-226.67648,138.69417,20.710558,-472.31976,-226.45676,138.58905,18.821732,-474.40817,-226.64061,138.31827,15.257673,-483.4823,24.81633,47.30769,369.0179,0.0005475297,24.089954,44.13948,321.64444,0.0006634146,-0.010433117,0.8275122,1.0,-1.0,-5.725378528590842,1.2910987002402945,-3.581323401777599,-13.981134473136011,-572.5378528590842,101.75862673092097,-395.02123627204,-784.5826188169841,0.13236997,0.66064066,1.0,-1.0,10.0,-5.932468644280227,1.710063922392318,-3.1411363447875846,-14.573309160807964,-593.2468644280227,128.5757395198413,-346.296335331987,-741.6722586100514,0.0031235742211399,0.6787807655946984,1.0,-1.0,0.3778888479653893,0.1132101806897365,0.6193818674461301,0.1807587298039397,0.4005868552723676,0.1090982751674775,0.6193818674461301,0.2624755552546282,0.0,0.0,0.0,0.0,0.0,0.0,0.0,0.0,0.0,0.0,0.0,0.0,0.0,0.0,0.0,0.0,0.0,0.0,0.0,0.0,0.0,0.0,0.0,0.0,0.0,0.0,0.0,0.0,0.0,0.0,0.0,0.0,0.3489710361351124,0.1167391585456209,0.5707862038218873,0.0868147057898584,0.3664550858240629,0.109225352896734,0.5424998608592144,0.1838812184070005,0.3820278349985613,0.101177477301065,0.5098955793688915,0.2392241688255279,0.3820278207589698,0.1011774842579854,0.5098946701460642,0.2392241688255279,0.7309988711336738,0.1660217654775173,1.0806808739679514,0.3547013198540124,0.7484829065830328,0.1514827310855122,0.9475012637580424,0.4231053872325284,0.0,0.0,0.0,0.0,0.0,0.0,0.0,0.0,23.43862409715404,4.357414129529413,30.29877012310405,15.382773210619913,23.55082299161402,4.236798305403272,29.312358024370297,17.103186848785448,-1.0,0.0,-1.0,-1.0,-1.0,0.0,-1.0,-1.0,8399.257222218459,4569.262734508852,34624.99248559352,1103.1590419153447,7308.074737068222,3679.485638793192,13679.757606668229,1510.3312503697878,0.0,0.0,0.0,0.0,0.0,0.0,0.0,0.0,5.725378528590842,1.2910987002402945,13.981134473136011,3.581323401777599,5.647489046122447,1.2040150696388243,7.598362120057714,3.8148974019826096,-572.5378528590842,52004.0,17000.0,170.0,27.204209378061933,6.493711406001239,6.332938192907022,40.030858976970194,449.2266810647852,16.0
30.3236,30.94294,237.48909,-241.56863,144.48154,-20.468515,-482.37207,-241.06737,144.19885,-17.89358,-475.757,-243.06863,144.8808,-18.730318,-489.6567,30.3236,60.72011,465.79462,0.0036839617,30.94294,57.92285,361.61896,0.0060191704,0.019917615,0.8212243,1.0,-1.0,-5.758591981505722,1.195489769057264,-3.623707352812988,-18.44330849970956,-575.8591981505725,79.66020772156722,-448.9219736368251,-724.0402653148122,0.09981497,0.6374361,1.0,-1.0,10.0,-5.283201483698233,2.068728199430468,-2.528012151861852,-19.450033595001685,-528.3201483698234,160.18963633245815,-304.6157437367276,-822.3637350535378,0.0971412985735485,0.6580848113188702,1.0,-1.0,0.3900897645319877,0.1338548188571898,0.678462393861269,0.1636147912993172,0.4154189326163344,0.1479315525235284,0.6783751312455139,0.1749318889877122,0.09,0.2861817604250837,1.0,0.0,0.0,0.0,0.0,0.0,0.0909090909090909,0.2874797872880344,1.0,0.0,0.0909090909090909,0.2874797872880344,1.0,0.0,0.0,0.0,0.0,0.0,0.0,0.0,0.0,0.0,0.0,0.0,0.0,0.0,0.0,0.0,0.0,0.0,0.2694594360862916,0.1306980001031177,0.5688813045478613,0.0092461469109031,0.3222933103687135,0.134420331738969,0.5688813045478613,0.0601160132854719,0.2900012107663016,0.1508442056912364,0.5702690420285199,0.0168533884302545,0.2900011956991458,0.1508442046563606,0.570267239299935,0.0168533884302545,0.5594606468525932,0.1495038305850876,0.8691441147994381,0.1986958829073979,0.6122945060678592,0.1472663577412619,0.8080944096384981,0.3901199363950037,0.0,0.0,0.0,0.0,0.0,0.0,0.0,0.0,19.530686084826637,5.582151282704175,29.75579757672685,5.187129548850228,20.30130115351627,5.144699172378351,29.504323639390822,9.125685682579666,-0.9236363636363636,0.2655790492583303,0.0,-1.0,-0.9090909090909092,0.2874797872880344,0.0,-1.0,8807.925934051824,3364.358282475074,26163.84519066464,2151.605209863471,9235.104862142767,3278.0261774923065,14845.417046513536,3260.3865211202924,0.0,0.0,0.0,0.0,0.0,0.0,0.0,0.0,5.758591981505722,1.195489769057264,18.44330849970956,3.623707352812988,5.908514618210533,1.1755460334261312,8.129969521872946,4.680504549082351,-575.8591981505725,56004.0,18000.0,180.0,21.568737839865207,6.40696426100476,5.521471311993082,33.49717341286305,480.8945499646434,17.0
31.838795,25.810322,244.35278,-248.47215,148.64233,-22.843998,-547.2273,-247.40887,148.35793,-22.209625,-546.64325,-245.72157,147.62689,-21.53883,-535.5988,31.838795,77.617134,743.88617,0.00059455726,25.810322,61.52562,452.9598,0.00023657084,0.07827933,0.80570155,1.0,-1.0,-5.621383037710755,1.422899254460619,-2.798524956158742,-10.33500797495322,-562.1383037710755,119.39399472569109,-359.125028106555,-736.0909140454852,0.018580804,0.6151842,1.0,-1.0,10.0,-5.567262206688562,1.4564473439296337,-1.7823141370724809,-11.691779257054232,-556.7262206688562,107.6626003140766,-327.8203271652987,-719.3510841523523,0.0298944243632974,0.6389046381202359,1.0,-1.0,0.371728541160382,0.0692563436988594,0.534927059834872,0.2306447760302864,0.3925246948088366,0.0739864314705165,0.5026802794592966,0.2658637825739056,0.0009090909090909,0.0301374262804559,1.0,0.0,0.0,0.0,0.0,0.0,0.0,0.0,0.0,0.0,0.0,0.0,0.0,0.0,0.0,0.0,0.0,0.0,0.0,0.0,0.0,0.0,0.0,0.0,0.0,0.0,0.0,0.0,0.0,0.0,0.2458451513693596,0.0880791685592782,0.4443512009829912,0.0589884074320166,0.2658410132830863,0.0865228399355443,0.4277069263769967,0.1139211350320497,0.3655113885769296,0.1484517098501571,0.6587871318945661,0.1278670273004371,0.3655113760665072,0.148451714381576,0.6587871316892602,0.1278670273004371,0.6113565399462894,0.1752714396897766,0.9983828863793314,0.2889180436259635,0.6313523893495936,0.1768300714623768,0.9924782577024672,0.3482387408707484,0.0,0.0,0.0,0.0,0.0,0.0,0.0,0.0,22.20119156452658,5.3303812223940845,32.202852574829,9.610774262775449,22.89944859982121,5.296854205129812,31.697752483341688,10.863346766093764,-0.9963636363636365,0.0601925285718067,0.0,-1.0,-1.0,0.0,-1.0,-1.0,8158.952877118936,3240.179685096028,22920.70359394016,2641.7423700876025,7120.728276438626,2388.5791986743475,11176.657035015436,4135.198555377381,0.0,0.0,0.0,0.0,0.0,0.0,0.0,0.0,5.621383037710755,1.422899254460619,10.33500797495322,2.798524956158742,5.482071906841145,1.5702928505193934,8.347382359919097,3.454348777868569,-562.1383037710755,60004.0,19000.0,190.0,24.45499485108303,4.562917516996095,5.732969998156477,34.7508823662356,517.3408236528849,18.0
28.793701,25.46384,253.63846,-256.07486,153.8566,3.793773,-524.22046,-255.00247,153.36899,6.326752,-527.2676,-256.68713,153.5057,2.8745308,-526.55646,28.793701,51.007133,281.8173,0.00010019541,25.46384,47.762333,299.62387,0.00022008784,-0.036358994,0.800956,1.0,-1.0,-5.903701189195382,1.263125766092927,-3.4171481180555587,-14.426912206919164,-590.3701189195382,91.53377165541416,-422.1901999785285,-717.0250438004672,0.1876051,0.69459814,1.0,-1.0,10.0,-5.6245507623618,1.698107066076818,-3.075060320000063,-13.55914723482742,-562.4550762361799,127.74658446068288,-388.4157728895408,-844.2709236446991,0.0662546972605971,0.6192017949337321,1.0,-1.0,0.3720025327782134,0.0937034623092593,0.58005824669578,0.1872393474290564,0.4215787055868942,0.0876727317680601,0.5642696805815324,0.3078921459062841,0.0227272727272727,0.1490326937341363,1.0,0.0,0.0,0.0,0.0,0.0,0.0,0.0,0.0,0.0,0.0,0.0,0.0,0.0,0.0,0.0,0.0,0.0,0.0,0.0,0.0,0.0,0.0,0.0,0.0,0.0,0.0,0.0,0.0,0.0,0.2681843610468825,0.1316571530263025,0.533633120416509,0.0330671683800818,0.3113888102545469,0.1366526306645903,0.5334835771606524,0.1186530869761021,0.3010397956357266,0.1546551544129355,0.5725281718156295,0.0909637534087207,0.3010397841456349,0.1546551520132149,0.5725265004191672,0.0909637534087207,0.5692241566826093,0.2316204331961529,1.106159620835676,0.1853781677041531,0.6124285944001818,0.2488143509792571,1.1060100775798196,0.2706902955694525,0.0,0.0,0.0,0.0,0.0,0.0,0.0,0.0,19.4564085867949,7.07058963042267,32.03666104486388,6.985391468189887,20.010884500283503,6.972051619729099,29.37366944641757,7.651342189011594,-0.899090909090909,0.301208310444768,0.0,-1.0,-0.9090909090909092,0.2874797872880344,0.0,-1.0,8474.504196801188,4698.298130071636,32386.53732209772,973.695931963356,7719.067774371165,4565.974399138649,16066.38406433616,1487.3564859769656,0.0,0.0,0.0,0.0,0.0,0.0,0.0,0.0,5.903701189195382,1.263125766092927,14.426912206919164,3.4171481180555587,5.6863376543009645,0.916054070316451,7.259070779558306,4.305277396215629,-590.3701189195382,64004.0,20000.0,200.0,25.02837513210397,6.257446408999385,5.960977960123273,37.24679950122663,554.9106170431114,19.0
22.407787,22.203392,275.24722,-278.9479,161.54195,-38.532475,-570.15137,-278.161,161.00485,-39.741447,-572.93744,-277.5161,161.07957,-38.84357,-575.146,22.407787,34.62233,188.35611,0.0038900543,22.203392,59.66739,603.8187,6.7288056e-06,0.044622578,0.8268043,1.0,-1.0,-5.474168139184359,0.976683285296314,-3.7356116201601495,-10.431408010679029,-547.4168139184358,68.87505785098998,-399.8302420365623,-638.7402935547263,0.087778136,0.6896194,1.0,-1.0,10.0,-5.198537629206155,1.3128680873761298,-2.945429789970572,-12.35028932495148,-519.8537629206154,102.07968026307256,-359.97830191318246,-675.0820004873799,0.133721183129588,0.6008168506044812,1.0,-1.0,0.3885183342034474,0.0850899246135963,0.5281705474422247,0.1806300283279157,0.4158970311799086,0.0799624740937546,0.5023668790287604,0.2243516802618791,0.0,0.0,0.0,0.0,0.0,0.0,0.0,0.0,0.0,0.0,0.0,0.0,0.0,0.0,0.0,0.0,0.0,0.0,0.0,0.0,0.0,0.0,0.0,0.0,0.0,0.0,0.0,0.0,0.0,0.0,0.0,0.0,0.259557198571168,0.1239280568626306,0.5991843331537614,0.0856225033152518,0.2520988396447267,0.135762049158058,0.5991783133120903,0.1177732830418178,0.362986940741865,0.11541450952127,0.5965646634154023,0.2264459631731951,0.3629869314946176,0.1154145078489149,0.596563432648353,0.2264459631731951,0.622544139313033,0.1908918129006991,0.999749800907394,0.348180442902783,0.6150857711393442,0.2013920205214955,0.9997437810657228,0.3641915133029124,0.0,0.0,0.0,0.0,0.0,0.0,0.0,0.0,23.49694458571808,5.703087956012309,34.12807435878382,9.603674966209216,23.7461021334309,6.069301366352056,32.57709561617,15.054758438247587,-0.9990909090909093,0.0301374262804559,0.0,-1.0,-1.0,0.0,-1.0,-1.0,8262.262862410573,3634.401715651177,22271.141541439883,1961.2825376353285,7350.802706239232,3212.4947875188186,12837.146674156962,2137.96110703575,0.0,0.0,0.0,0.0,0.0,0.0,0.0,0.0,5.474168139184359,0.9766832852963138,10.431408010679029,3.735611620160149,5.310594268501007,0.7130263683066729,6.416048772739176,3.972675959042136,-547.4168139184358,68004.0,21000.0,210.0,26.192199017867097,6.58433719399909,6.0218866901122965,38.79842290197848,591.5150127480811,20.0
19.330873,18.178656,266.32684,-268.45016,165.3458,-28.987238,-575.288,-268.99985,166.23582,-28.582273,-578.6142,-269.8,166.43623,-30.250368,-579.0181,19.330875,30.97283,183.42853,4.3250853e-05,18.178658,31.94542,176.64542,0.0012912846,-0.025598513,0.8329775,1.0,-1.0,-6.062897120445933,1.695035313209421,-3.8111141675229834,-12.95881778680402,-606.2897120445934,144.9211906528422,-442.7434352943242,-995.3447879457192,0.11412037,0.71688634,1.0,-1.0,10.0,-5.435250818523103,1.7657215821306205,-2.9294303911957007,-15.543199689696673,-543.5250818523104,107.571824540635,-364.186607573376,-773.6850823938395,0.0609367336874176,0.6564591630504539,1.0,-1.0,0.4633653319937073,0.1072111469543136,0.6950918986091625,0.2360064006054406,0.4886407919566679,0.1102543741307028,0.662425578753397,0.2490561325633493,0.0,0.0,0.0,0.0,0.0,0.0,0.0,0.0,0.0,0.0,0.0,0.0,0.0,0.0,0.0,0.0,0.0,0.0,0.0,0.0,0.0,0.0,0.0,0.0,0.0,0.0,0.0,0.0,0.0,0.0,0.0,0.0,0.3089352960676716,0.105166090703237,0.5042072579913401,0.0837757865104047,0.3286245672275574,0.1073595339652814,0.4990259651409642,0.2104417324539484,0.2710055131502314,0.1574542973480649,0.552670093544137,0.0833395841155814,0.2710054960742781,0.157454296833075,0.5526684179264187,0.0833395841155814,0.579940809217903,0.1760841495948729,0.9730996019756636,0.2761594684434274,0.5996300633018357,0.1759901737013484,0.9659406616111204,0.3164268260060493,0.0,0.0,0.0,0.0,0.0,0.0,0.0,0.0,20.97875752712594,5.606815244087913,30.556137004708543,8.21092285513789,21.277021216035735,5.565440395572515,30.289173782771076,13.896772725899693,-0.9963636363636365,0.0601925285718067,0.0,-1.0,-1.0,0.0,-1.0,-1.0,7727.443279458033,3958.6179145315127,25912.93440041232,1072.0652504366844,6715.444918188249,3751.6912698934298,14460.368431305016,2882.2114454452712,0.0,0.0,0.0,0.0,0.0,0.0,0.0,0.0,6.062897120445933,1.695035313209421,12.95881778680402,3.8111141675229834,5.663447752768172,1.7381408378403314,10.157444363545814,4.111267278514642,-606.2897120445934,72004.0,22000.0,220.0,24.14735417092743,4.3870439300008,5.732344440868474,34.2667425417967,627.5767475668836,21.0
30.037167,24.793104,284.91833,-288.6388,171.73177,-41.129898,-590.1928,-288.8869,171.63666,-41.636032,-596.7421,-290.58838,171.94418,-41.54405,-593.9706,30.037167,62.47639,534.2929,0.010345959,24.793104,53.147137,453.27356,0.008461019,0.08301163,0.81572795,1.0,-1.0,-6.569673312093624,2.8350348463633086,-3.155263827144494,-18.16755860297592,-656.9673312093627,251.70875001106023,-342.4396313204382,-1347.254719211071,-0.0023454493,0.6973549,1.0,-1.0,10.0,-5.803799831560816,1.477843221134923,-2.3797910111468425,-19.457001199947086,-580.3799831560816,106.11412725999924,-327.5572784020449,-751.2118878421403,0.1103164543886687,0.6545573850387724,1.0,-1.0,0.4017643653412619,0.1031940718899077,0.6332083303082116,0.212107597860145,0.4131255722326996,0.1115978532177964,0.6325805214100914,0.2346222120317543,0.0027272727272727,0.0521520345791398,1.0,0.0,0.0,0.0,0.0,0.0,0.0,0.0,0.0,0.0,0.0,0.0,0.0,0.0,0.0,0.0,0.0,0.0,0.0,0.0,0.0,0.0,0.0,0.0,0.0,0.0,0.0,0.0,0.0,0.0,0.3085736238935694,0.1485673625208125,0.6151888228592862,0.0583273045525622,0.3437448025866803,0.1397625860352752,0.6151286660268206,0.1079378933798013,0.3792597439819976,0.0648469174971187,0.4828814122523018,0.2614178181404215,0.3792597350514418,0.0648469153914341,0.482879598059406,0.2614178181404215,0.687833367875567,0.1461615306213612,0.9669985813316628,0.3849560658648988,0.7230045376381221,0.1330403743094139,0.9669384244991972,0.5212707878599875,0.0,0.0,0.0,0.0,0.0,0.0,0.0,0.0,23.186969096227315,5.697529766967286,31.879510762542363,9.931891088412115,23.098504623085983,5.932099622195427,31.68494876861598,11.174707807321322,-0.9990909090909093,0.0301374262804559,0.0,-1.0,-1.0,0.0,-1.0,-1.0,7253.647460935644,4698.8151448889785,77829.41189532577,162.74850232313514,6491.289046954995,2926.3326041393693,10868.028136014493,1341.2498253225729,0.0,0.0,0.0,0.0,0.0,0.0,0.0,0.0,6.569673312093624,2.8350348463633086,18.167558602975912,3.155263827144494,6.067103873529091,2.9079996952726828,14.112132973528288,3.2665004501485,-656.9673312093627,76004.0,23000.0,230.0,19.416241985862143,6.1789740410022205,5.220449212916719,30.815665239781083,657.0701220956616,22.0
38.924507,33.661667,292.44034,-296.2826,171.97534,-12.754965,-570.25055,-296.12146,172.238,-15.303509,-572.4738,-295.88687,171.7131,-17.076815,-573.9807,38.924507,99.59071,716.99347,6.247405e-05,33.661667,91.68115,827.92847,0.00020224229,0.028352309,0.8421454,1.0,-1.0,-5.283167083095544,1.644152799134912,-2.575055189733464,-13.680053619415164,-528.3167083095544,114.28584757270276,-385.725552586963,-734.5905435470703,0.10241723,0.68830264,1.0,-1.0,10.0,-6.757772467363453,2.2780153251381003,-3.5439575878900027,-15.785443908848624,-675.7772467363454,186.89649643522563,-451.9618616640187,-1040.6955314000097,0.0339945878842124,0.6415178875200234,1.0,-1.0,0.3441367265629618,0.0884491589004397,0.5505222346667671,0.1834789246752143,0.3483070791657081,0.1100906611307116,0.5347762813579747,0.1834789246752143,0.0145454545454545,0.1197242009683951,1.0,0.0,0.0909090909090909,0.2874797872880344,1.0,0.0,0.0909090909090909,0.2874797872880344,1.0,0.0,0.0909090909090909,0.2874797872880344,1.0,0.0,0.0,0.0,0.0,0.0,0.0,0.0,0.0,0.0,0.0,0.0,0.0,0.0,0.0,0.0,0.0,0.0,0.2519180635752328,0.1238772064938532,0.5272881441015893,0.0471684123958967,0.2627599590878186,0.1406259481998307,0.526916522365539,0.0565421868162913,0.3000528985148414,0.1370238116029717,0.5119462547696648,0.0591885023523482,0.3000528862299081,0.1370238147918063,0.5119462546286971,0.0591885023523482,0.5519709620900742,0.1602794032391891,0.8927264487926114,0.255654624075679,0.5628128453177268,0.1580826184690682,0.7987865523108435,0.3099392244868536,0.0,0.0,0.0,0.0,0.0,0.0,0.0,0.0,20.950373813564976,4.755525126902218,30.148602096637774,12.037786847573775,21.04140469211474,4.7514011613774265,28.15053044749249,13.790016949737533,-1.0,0.0,-1.0,-1.0,-1.0,0.0,-1.0,-1.0,6942.179250787163,4563.04671513517,41002.41478018608,554.4367473584009,5589.875435409533,3019.285075537534,10477.468968606856,1105.8556215986202,0.0,0.0,0.0,0.0,0.0,0.0,0.0,0.0,5.283167083095544,1.644152799134912,13.680053619415164,2.575055189733464,4.816778241504286,1.7126795759310005,8.417514611396236,2.683523330501515,-528.3167083095544,80004.0,24000.0,240.0,22.888652149951668,4.8561337670034845,5.701355378871085,33.44614129582624,692.2655366274776,23.0
23.583218,27.861336,292.9538,-295.1903,176.19002,10.840131,-623.13995,-295.052,176.39845,12.530162,-620.01843,-295.83154,176.47531,10.866841,-620.23157,23.583218,44.07109,297.54883,0.00071345136,27.861338,83.288734,745.5585,0.00025231414,0.07926652,0.81304353,1.0,-1.0,-5.741724122114317,1.399453745052877,-3.535389035837302,-12.949463265121372,-574.1724122114316,109.46014512961032,-430.7548948672903,-875.9243953980157,0.24475367,0.71282727,1.0,-1.0,10.0,-5.446209011031689,1.4453331701694805,-1.7058906992367695,-11.758870417407042,-544.6209011031688,106.49127057439011,-318.2693848213476,-665.4850256257281,0.0715678828465383,0.6581276796537937,1.0,-1.0,0.3703213701266651,0.0718993114743175,0.5828305392214566,0.2034947274639399,0.3617480479612425,0.0793481992680349,0.5289727378483547,0.2327524447978654,0.0272727272727272,0.162877026065172,1.0,0.0,0.0,0.0,0.0,0.0,0.0,0.0,0.0,0.0,0.0,0.0,0.0,0.0,0.0,0.0,0.0,0.0,0.0,0.0,0.0,0.0,0.0,0.0,0.0,0.0,0.0,0.0,0.0,0.0,0.3036753483603282,0.1343906454447424,0.5847497725505784,0.0093518034720709,0.2897783083916425,0.132399549490327,0.5139998502002935,0.1069314830792148,0.2859961549097766,0.0769341927177179,0.4011080703097485,0.1450305450679616,0.2859961470397423,0.0769341908060861,0.4011064485150437,0.1450305450679616,0.5896715032701049,0.1914091367600547,0.985856221065622,0.2814441390564076,0.5757744554313848,0.1872665661482429,0.8791015330975029,0.3519801922660786,0.0,0.0,0.0,0.0,0.0,0.0,0.0,0.0,22.62050227940008,5.281439097183356,32.06004914608709,8.672953978832949,23.420932654520843,4.852711702715315,29.446463975775814,16.257287367249504,-0.9936363636363637,0.0795181771412534,0.0,-1.0,-1.0,0.0,-1.0,-1.0,7992.926170257083,3268.85114895945,27008.93637843487,2420.2922963351048,6505.707711204008,2019.0891594370892,9100.116666136002,2909.58801156905,0.0,0.0,0.0,0.0,0.0,0.0,0.0,0.0,5.741724122114317,1.399453745052877,12.949463265121372,3.5353890358373024,5.250328302409774,0.9808412693736912,7.343591071701375,3.893096500403348,-574.1724122114316,84004.0,25000.0,250.0,24.504399852048664,6.605350874997384,5.966632579977159,37.07638330702321,727.4366910184981,24.0
20.025043,21.695126,297.55792,-302.52832,176.15353,-39.100594,-586.8423,-303.4646,176.65826,-37.166996,-591.8031,-302.13977,175.83804,-38.651573,-579.61084,20.025042,54.79444,567.9148,0.0010543466,21.695126,42.723454,370.79987,0.000203982,0.09114538,0.8329752,1.0,-1.0,-5.214206778032184,1.3072520367462064,-2.712327994334755,-15.424886960148228,-521.4206778032184,91.70672511566876,-407.0202010054676,-696.0816571004318,0.10708088,0.6045536,1.0,-1.0,10.0,-5.676660667284403,1.951637304670972,-2.726473996917957,-17.88339451342962,-567.6660667284402,159.88791250279905,-384.20927026055,-938.4694980631364,0.1219000480077833,0.6775284724484888,1.0,-1.0,0.4040404591976508,0.0926180377602742,0.6008023488083293,0.229350775573491,0.4284033243323003,0.1062748423454536,0.6008023488083293,0.2701143839339744,0.0,0.0,0.0,0.0,0.0,0.0,0.0,0.0,0.0,0.0,0.0,0.0,0.0,0.0,0.0,0.0,0.0,0.0,0.0,0.0,0.0,0.0,0.0,0.0,0.0,0.0,0.0,0.0,0.0,0.0,0.0,0.0,0.2807993925196502,0.1016182223320951,0.5339502183621142,0.0718772336252103,0.3068442970726254,0.109429219213205,0.5242021540651927,0.1398193354618392,0.3509467545802081,0.1168649534317092,0.5198358550557062,0.1296228610254513,0.3509467382121328,0.1168649572820241,0.5198342265728102,0.1296228610254513,0.6317461470998583,0.1316899965986629,0.847004496515293,0.3386761010515191,0.6577910352847582,0.1376377160005986,0.847004496515293,0.4196423459410217,0.0,0.0,0.0,0.0,0.0,0.0,0.0,0.0,20.498384117313247,5.130813813575035,31.837062107624693,10.619653459513346,20.904975558201667,4.768769324355008,30.89380851957704,14.219088707091275,-1.0,0.0,-1.0,-1.0,-1.0,0.0,-1.0,-1.0,7456.404348472591,4360.88662264734,49608.416282108345,147.62244977019392,6862.5398493807015,3267.10726360509,10268.18819324666,252.07514175634455,0.0,0.0,0.0,0.0,0.0,0.0,0.0,0.0,5.214206778032184,1.3072520367462066,15.424886960148228,2.712327994334755,4.78991174412055,0.8689087569319982,6.184519345759087,3.311911689836994,-521.4206778032184,88004.0,26000.0,260.0,25.485928361864357,4.7036574319936335,6.007735832994513,36.1973216268525,763.7488510143448,25.0
28.99741,32.001965,305.82593,-306.91138,183.09625,-31.604305,-577.56116,-305.76508,182.69083,-30.552341,-579.12823,-308.54022,183.84929,-30.91561,-598.791,28.997408,74.06209,499.5132,4.9266964e-07,32.001965,75.03629,537.88947,0.001545012,0.020943021,0.8145879,1.0,-1.0,-5.337481535085386,1.1090134246933534,-2.814033996983905,-11.81655464731836,-533.7481535085387,97.14122564992182,-368.5713753361202,-712.6948807167755,0.19112363,0.70068055,1.0,-1.0,10.0,-6.748193166862859,2.633287346021789,-2.790308148734034,-17.37286146850633,-674.8193166862859,240.1248454163079,-345.09944938612307,-1270.8645628902182,0.0583222736310706,0.69920893626629,1.0,-1.0,0.4067586980933305,0.0812941176464681,0.5901760272589562,0.1861762974443679,0.4121592200489802,0.0819828192785481,0.5343930102130113,0.2796287239387378,0.0036363636363636,0.0601925285718067,1.0,0.0,0.0,0.0,0.0,0.0,0.0,0.0,0.0,0.0,0.0,0.0,0.0,0.0,0.0,0.0,0.0,0.0,0.0,0.0,0.0,0.0,0.0,0.0,0.0,0.0,0.0,0.0,0.0,0.0,0.2383070059333184,0.0632094565345564,0.4024530895187928,0.0394800378134637,0.2324037031294081,0.0727947269476723,0.3948436482899377,0.1174160333019747,0.3119935605266179,0.0560635272710003,0.4173325263844472,0.2243653109355399,0.3119935418506918,0.0560635321965294,0.4173310348471075,0.2243653109355399,0.5503005664599363,0.0798855202788923,0.7257617515211205,0.3672812258139952,0.5443972449801,0.0898505342582613,0.6948548193567659,0.3672812258139952,0.0,0.0,0.0,0.0,0.0,0.0,0.0,0.0,18.618635926676124,3.4815500458149797,26.22183130056126,11.52645286828178,19.02547043182397,3.841651495652544,25.619006965097988,12.129476426673843,-1.0,0.0,-1.0,-1.0,-1.0,0.0,-1.0,-1.0,6574.472908473036,3205.1979422902045,23989.50295800577,2394.398164651582,6935.099756765127,2770.826877483879,11244.064887536982,3859.411485961248,0.0,0.0,0.0,0.0,0.0,0.0,0.0,0.0,5.337481535085386,1.1090134246933534,11.81655464731836,2.814033996983905,5.263065871956505,0.7537883300316178,6.718576620711635,4.182704892914106,-533.7481535085387,92004.0,27000.0,270.0,24.261696093002683,4.8167386909990455,5.797964312041586,34.876399096043315,798.5364206703889,26.0
25.152033,20.397022,312.1787,-315.27634,186.88736,-31.00424,-666.87616,-315.12524,187.03792,-28.242666,-672.09796,-314.716,186.33907,-29.482716,-667.87695,25.152035,61.757957,555.61145,0.00055613235,20.397022,34.772808,200.00043,0.03901312,0.065238446,0.8540551,1.0,-1.0,-5.501946798764471,1.2262873348077423,-3.2849155603852136,-12.277484950497184,-550.194679876447,97.42751957273362,-374.83118304529006,-674.5357508662524,0.14132941,0.60358787,1.0,-1.0,10.0,-7.108848484689466,3.1881543067805715,-3.3415260780985903,-20.11446763755611,-710.8848484689468,273.7265760072809,-399.9731485983967,-1229.3649416252126,0.0414389161911522,0.7105939505271447,1.0,-1.0,0.3684856797694069,0.0635094365145673,0.5043677022893981,0.2027358547508275,0.3937100925879708,0.068195045814116,0.4741353562282566,0.2653438140341564,0.0,0.0,0.0,0.0,0.0,0.0,0.0,0.0,0.0,0.0,0.0,0.0,0.0,0.0,0.0,0.0,0.0,0.0,0.0,0.0,0.0,0.0,0.0,0.0,0.0,0.0,0.0,0.0,0.0,0.0,0.0,0.0,0.2397981364855075,0.106403367339807,0.4919558970627306,0.0613665921938883,0.2843163971908255,0.122826597876428,0.4919558970627306,0.0963921637827125,0.3252985518457331,0.1444919349699736,0.4946723295176917,0.0897796137940472,0.3252985416058953,0.1444919336380641,0.4946723281200941,0.0897796137940472,0.5650966883312406,0.1968689919200999,0.9604236961087788,0.170272577922944,0.6096149387967208,0.2155890814009398,0.9604236961087788,0.2577998257579322,0.0,0.0,0.0,0.0,0.0,0.0,0.0,0.0,20.859749883271363,3.543922597638121,27.811681485780625,13.661657731206304,20.804774921409447,3.7190417603001342,26.77720285707423,13.78181496332028,-1.0,0.0,-1.0,-1.0,-1.0,0.0,-1.0,-1.0,8041.708317372427,3717.467874652999,33518.555544740004,1440.375630076802,7334.293716552813,3249.8617215707645,12786.082841894844,1440.375630076802,0.0,0.0,0.0,0.0,0.0,0.0,0.0,0.0,5.501946798764471,1.2262873348077423,12.277484950497184,3.2849155603852136,5.16185014524623,0.9069525332263024,6.607818711327547,3.740360152333179,-550.194679876447,96004.0,28000.0,280.0,22.08318395488459,4.734495482000057,5.616576392909337,32.43425582979398,831.0611149912002,27.0
40.70045,27.860493,306.4016,-309.9566,189.37975,-37.026367,-697.3443,-310.23206,189.61452,-37.848705,-705.1255,-310.90186,190.13652,-37.363132,-700.23645,40.700455,129.48299,1251.3237,8.892361e-05,27.860493,78.837,579.73553,2.0676292e-05,0.06063222,0.8427244,1.0,-1.0,-5.528378158336444,1.1799667555459097,-3.25846261267392,-9.687372764177407,-552.8378158336445,96.20458384735667,-448.7209354602393,-790.8490546403971,0.20962542,0.65004045,1.0,-1.0,10.0,-6.469945265973421,2.238625439943735,-3.051050205345901,-17.81885403609545,-646.9945265973422,187.75112776378575,-378.8116377239261,-983.1419517083152,0.0640817060624586,0.6847318007664057,1.0,-1.0,0.3543455336263018,0.0732178316079499,0.5631771919141515,0.1940837212899183,0.3625716228154489,0.0825290059042816,0.5386256771633058,0.2744899398133219,0.0081818181818181,0.0900826067177113,1.0,0.0,0.0,0.0,0.0,0.0,0.0,0.0,0.0,0.0,0.0,0.0,0.0,0.0,0.0,0.0,0.0,0.0,0.0,0.0,0.0,0.0,0.0,0.0,0.0,0.0,0.0,0.0,0.0,0.0,0.2669115010047799,0.0906373220287253,0.5736812809709526,0.0411143040257563,0.2891153596154223,0.1125621322416867,0.5129881313118573,0.1122019024492825,0.3705566981609106,0.1287822190489043,0.5190773754153908,0.0713376342649476,0.3705566866205699,0.1287822154543011,0.5190773751422466,0.0713376342649476,0.6374681991656905,0.1644906323149432,1.0664385845544757,0.3518293031474042,0.6596720462359923,0.1765080613470069,0.958839157057176,0.3518293031474042,0.0,0.0,0.0,0.0,0.0,0.0,0.0,0.0,20.169163600417185,4.939512328702324,28.378280922970333,11.78166946940676,20.1427556740509,4.8037423939791255,26.487197403605727,13.351464028169412,-1.0,0.0,-1.0,-1.0,-1.0,0.0,-1.0,-1.0,7382.633735472639,2542.915931336456,21096.71702603843,2635.475379359835,7581.961646246912,3023.52801055434,13743.886749905296,4034.0101280550175,0.0,0.0,0.0,0.0,0.0,0.0,0.0,0.0,5.528378158336444,1.1799667555459092,9.687372764177407,3.25846261267392,5.229723977991256,1.0702975224794995,7.135222934554881,3.486476728820439,-552.8378158336445,100004.0,29000.0,290.0,22.49350468615012,4.8310605799997575,5.815899350018299,33.140464616168174,863.9183677673791,28.0
30.740883,35.515934,319.51294,-322.4397,198.283,10.827473,-701.0545,-322.56375,198.1166,8.422491,-708.19904,-324.05106,199.00287,15.1012945,-713.0187,30.74088,48.777325,225.17581,1.8030405e-06,35.515938,65.39309,444.0108,0.0011011813,0.12503956,0.8272777,1.0,-1.0,-5.5301366517937405,1.400027597003307,-2.6402943664393823,-10.869120809050823,-553.0136651793741,128.0193985584832,-364.0223302830099,-875.6242124411733,0.07231724,0.6064941,1.0,-1.0,10.0,-6.1696152226439,2.0415573693317004,-2.787088244753848,-19.946421291569013,-616.9615222643899,184.89937005876587,-372.8806188883661,-1114.6986921089565,0.1127346819415955,0.6663351373329167,1.0,-1.0,0.3960441279584346,0.084501195360081,0.5628769417081297,0.2097602189684045,0.4042020924312925,0.0814248603584101,0.5620478064592336,0.3040885214498338,0.0,0.0,0.0,0.0,0.0,0.0,0.0,0.0,0.0909090909090909,0.2874797872880344,1.0,0.0,0.0909090909090909,0.2874797872880344,1.0,0.0,0.0,0.0,0.0,0.0,0.0,0.0,0.0,0.0,0.0,0.0,0.0,0.0,0.0,0.0,0.0,0.0,0.2749846594306281,0.0961087605245372,0.5258868351277018,0.060498606413178,0.2920568328886694,0.1148479935931602,0.5255411436388234,0.1883157729123023,0.288140257835451,0.118162517504312,0.5030072008370021,0.0549700085197705,0.2881402399581865,0.1181625219013824,0.5030072005499922,0.0549700085197705,0.5631249172660792,0.1250459493991583,0.921925985978262,0.2416764238282151,0.580197072846856,0.1404283466685493,0.9217301679327536,0.4530164285541563,0.0,0.0,0.0,0.0,0.0,0.0,0.0,0.0,20.67135848182389,5.674427071078782,32.55311573564693,10.177686277456296,20.58649359947593,5.841630174670224,32.44633720706478,11.885864361765938,-1.0,0.0,-1.0,-1.0,-1.0,0.0,-1.0,-1.0,8376.13525519322,4032.236622364077,25332.862709344783,1601.923949053111,7713.587056427201,3467.998855207774,15661.86028279348,1771.271481245834,0.0,0.0,0.0,0.0,0.0,0.0,0.0,0.0,5.5301366517937405,1.400027597003307,10.869120809050823,2.6402943664393823,5.372471976528786,1.2012987268370994,8.631199196879663,3.915773364170903,-553.0136651793741,104004.0,30000.0,300.0,16.22841600402171,4.53529923500173,4.773345738954959,25.5370609779784,889.404343715345,29.0
27.631502,30.053722,314.98294,-317.88867,197.14305,24.864838,-657.72314,-316.86407,196.7975,25.647493,-655.71124,-318.64017,197.89801,21.184568,-656.5924,27.631502,83.179726,831.4796,0.00022727624,30.053722,81.94319,789.8934,0.0002645785,0.04381386,0.810339,1.0,-1.0,-5.743437842038889,1.526893089326207,-2.8621680435216024,-11.66271084219524,-574.3437842038888,129.6438010681843,-335.1518342465209,-757.0028070607752,0.085438326,0.68526673,1.0,-1.0,10.0,-4.837432439445515,1.1121464856180212,-2.178898450403428,-9.900261887317711,-483.7432439445515,85.99494156122627,-312.11262331136663,-621.709239762703,0.2029802043707339,0.620772678117853,1.0,-1.0,0.4247056163068597,0.0964279333739013,0.6106310003480592,0.1976008661070355,0.4379309155462444,0.0924587841072805,0.6078100548587171,0.3173517034407758,0.0,0.0,0.0,0.0,0.0,0.0,0.0,0.0,0.0,0.0,0.0,0.0,0.0,0.0,0.0,0.0,0.0,0.0,0.0,0.0,0.0,0.0,0.0,0.0,0.0,0.0,0.0,0.0,0.0,0.0,0.0,0.0,0.285465219312352,0.0981624435816135,0.5087652533410147,0.0689469636031319,0.2901514793879657,0.1156251233659555,0.4896511737244523,0.0927098987369233,0.3671221046607025,0.1550120774256294,0.5531068308672763,0.1242432941681629,0.3671220959522815,0.1550120798592773,0.5531054281584782,0.1242432941681629,0.6525873239730545,0.1596232884613242,1.0261909078894256,0.3950146856045464,0.6572735753402473,0.1775130742944491,1.0261909078894256,0.4436334424157739,0.0,0.0,0.0,0.0,0.0,0.0,0.0,0.0,21.017813576559067,6.693350140942605,32.285291363820015,6.409534900394059,21.36647840819833,7.035885840358302,31.56121968865104,6.783921557292783,-0.91,0.2861817604250837,0.0,-1.0,-0.9090909090909092,0.2874797872880344,0.0,-1.0,8287.3285782585,4092.817904234972,24148.36018292967,1300.6216874933232,8229.298865487584,4073.0737513617937,16415.62236283313,2400.0761772827486,0.0,0.0,0.0,0.0,0.0,0.0,0.0,0.0,5.743437842038889,1.526893089326207,11.66271084219524,2.8621680435216024,5.899703673953199,1.9501432999359187,9.475297119067651,2.9947916239431285,-574.3437842038888,108004.0,31000.0,310.0,20.186109260037483,4.482872903005045,5.2064987589619705,29.8754809220045,919.560814404358,30.0
22.603691,28.155453,316.28937,-319.58478,185.34601,5.940909,-637.04486,-319.83124,185.36986,1.3919295,-641.67816,-319.1582,185.19646,-0.52603054,-630.3738,22.603691,50.61528,464.29282,0.0369862,28.15545,82.676476,697.8462,7.3356205e-08,0.044481587,0.8228441,1.0,-1.0,-7.025484775159125,3.762025893885021,-3.995883563380034,-20.246525365332506,-702.5484775159125,367.56683887262926,-461.8932801490069,-1834.1588072011525,0.1167875,0.64017904,1.0,-1.0,10.0,-6.214941031282168,1.7955676915117975,-3.8702229927187,-19.218349486687444,-621.4941031282166,129.8777900533132,-466.9457750847573,-808.9464532794356,0.124813507408898,0.6265143995587711,1.0,-1.0,0.4353669684281657,0.0976713863015123,0.5983360926505077,0.2461638955713726,0.4838960556321,0.0960766791857284,0.5963634696484211,0.3054783801682423,0.02,0.1399999999999999,1.0,0.0,0.0,0.0,0.0,0.0,0.0909090909090909,0.2874797872880344,1.0,0.0,0.0909090909090909,0.2874797872880344,1.0,0.0,0.0,0.0,0.0,0.0,0.0,0.0,0.0,0.0,0.0,0.0,0.0,0.0,0.0,0.0,0.0,0.0,0.2662466710505538,0.1094701537037345,0.5583045017228915,0.0052579908269898,0.2781143173150328,0.1133512746219043,0.554815923584245,0.1391881179634726,0.3766638949388567,0.162403357119382,0.5762885274622291,0.0472314583717137,0.3766638834363462,0.1624033588761453,0.5762874927704074,0.0472314583717137,0.6429105659894105,0.1766926226371782,1.0425013472768558,0.3040185060049498,0.654778200751379,0.1856016689283699,1.0390127691382096,0.3210542953701222,0.0,0.0,0.0,0.0,0.0,0.0,0.0,0.0,21.03213285636476,4.930625010450494,31.287530635079865,5.798420816714214,21.26402761782581,4.698323680076975,28.938461002317,14.198571441806443,-0.99,0.0994987437106619,0.0,-1.0,-1.0,0.0,-1.0,-1.0,10016.722516224305,5108.896857739405,48022.68606397355,3958.1270960141096,8989.300922182998,1995.4512368292544,13406.689952504756,6448.929012774911,0.0,0.0,0.0,0.0,0.0,0.0,0.0,0.0,7.025484775159124,3.762025893885021,20.246525365332506,3.995883563380034,6.99399650692038,4.12156108149432,19.683213423395863,4.252206949626146,-702.5484775159125,112004.0,32000.0,320.0,17.488127301985514,4.762267701997189,5.0043720659959945,27.254767069978698,946.7192827293328,31.0
31.29126,25.977165,324.6531,-328.82434,198.0071,0.27508652,-676.4751,-327.86426,197.66196,-1.4802414,-668.95264,-328.20886,197.57765,-0.78953296,-672.46545,31.291262,95.446434,864.182,0.00022727624,25.977165,71.49748,515.81854,0.0003603138,0.09703058,0.80319786,1.0,-1.0,-5.667187044832922,1.17168431439098,-3.685581726972496,-8.841500359995552,-566.7187044832922,100.16119119910404,-470.9637595429349,-763.936153588274,0.12229649,0.6288533,1.0,-1.0,10.0,-6.015262221769749,2.1138856186474406,-1.2954702810583842,-20.601390572529567,-601.5262221769748,161.2518100694929,-322.8219226534406,-977.1487276480228,0.0557520800957763,0.6430389804088319,1.0,-1.0,0.3626857489767408,0.11209378711507,0.7166707488127206,0.2113144638209005,0.3860129414708926,0.1025066170101996,0.6376795640729023,0.2787983217278624,0.0345454545454545,0.1826254804667259,1.0,0.0,0.0,0.0,0.0,0.0,0.0,0.0,0.0,0.0,0.0,0.0,0.0,0.0,0.0,0.0,0.0,0.0,0.0,0.0,0.0,0.0,0.0,0.0,0.0,0.0,0.0,0.0,0.0,0.0,0.2510769012003915,0.1119590661097944,0.5293544225969249,0.031238701967053,0.2656552373135621,0.1109643485940132,0.529003494698815,0.1108564136037431,0.3102862886578328,0.1295240535601793,0.5287055675638769,0.0872770184329526,0.3102862744530302,0.1295240595720651,0.5287047706620861,0.0872770184329526,0.5613631898582244,0.2101339023518262,0.9806770139416118,0.180449987883017,0.5759415117665924,0.2121708391673899,0.980326086043502,0.2898459097107356,0.0,0.0,0.0,0.0,0.0,0.0,0.0,0.0,22.215196416505226,5.183990325432816,30.0609418180994,6.423163100953711,23.42526780887552,3.771243340945834,29.72197687344614,18.571764854934752,-0.9427272727272727,0.2323629961578888,0.0,-1.0,-1.0,0.0,-1.0,-1.0,9475.14217497292,4573.93627965218,24416.84760165331,2874.100508007844,8164.651086745094,2589.558952906132,14608.89377707859,4824.23350413264,0.0,0.0,0.0,0.0,0.0,0.0,0.0,0.0,5.667187044832922,1.17168431439098,8.84150035999555,3.685581726972496,5.511901999952176,1.2014439554628489,8.172713657508371,4.183902351598255,-566.7187044832922,116004.0,33000.0,330.0,26.23362759315205,4.66606783199677,6.135626231007336,37.03532165615616,985.5997818194884,32.0
28.006233,23.867657,330.15674,-332.14355,201.86574,-31.672733,-736.0754,-333.29547,202.4463,-31.878777,-737.0321,-332.30603,203.32607,-31.65114,-744.3815,28.006233,62.88759,504.71857,0.0004662617,23.867657,58.541683,569.48096,0.0013494994,0.098277345,0.8430642,1.0,-1.0,-5.022500278694455,1.2541968247705424,-1.678356723551023,-10.401255410453649,-502.2500278694454,99.08047874529323,-249.5804119593253,-613.4521503919611,0.10719333,0.60760397,1.0,-1.0,10.0,-5.3005471813419005,2.1539720141175445,-2.524614666657971,-14.339234018438605,-530.0547181341901,199.6246528571781,-348.61582548243865,-1075.730242111655,0.1124255591458634,0.6311133851737362,1.0,-1.0,0.3497252369813447,0.0877312682091269,0.5445154356071125,0.207402977780578,0.3680902444640967,0.1052368786042631,0.544407852955617,0.2140750818275415,0.0,0.0,0.0,0.0,0.0,0.0,0.0,0.0,0.0,0.0,0.0,0.0,0.0,0.0,0.0,0.0,0.0,0.0,0.0,0.0,0.0,0.0,0.0,0.0,0.0,0.0,0.0,0.0,0.0,0.0,0.0,0.0,0.3282907620181112,0.1264797818305676,0.5616858626108154,0.0793135435875401,0.3928951754549065,0.1083801836110712,0.5611403914222309,0.2248049989512189,0.3304984877046021,0.1038150275897747,0.4652165979414917,0.1581335051093542,0.3304984757995328,0.1038150247865782,0.4652159994166883,0.1581335051093542,0.6587892497227134,0.1719014464982427,0.9955078259346976,0.3538436810282707,0.7233936512544393,0.1456726394815788,0.992999311088004,0.4827987112490511,0.0,0.0,0.0,0.0,0.0,0.0,0.0,0.0,22.204335492728923,5.7865870220059445,32.50002265400092,11.911624464598477,22.470550176858712,5.592969867723584,32.2288305146164,16.901085460251288,-1.0,0.0,-1.0,-1.0,-1.0,0.0,-1.0,-1.0,7021.716829741643,2808.474063834673,19708.102823711382,1078.5333466378568,6714.825822827558,2781.2211591046075,13599.285066167526,1648.56019301231,0.0,0.0,0.0,0.0,0.0,0.0,0.0,0.0,5.022500278694455,1.2541968247705424,10.401255410453649,1.678356723551023,4.7774239428839484,1.1112235485722362,6.769645665724126,2.377412582286638,-502.2500278694454,120004.0,34000.0,340.0,25.675455626005714,6.512558661001094,6.153111279883888,38.341125566890696,1023.971906658364,33.0
37.846695,37.705467,323.69647,-327.33862,198.61345,-33.665062,-637.2676,-326.86722,198.43091,-33.26545,-631.9507,-326.23743,197.99304,-31.783218,-631.1158,37.846695,137.68462,1377.1102,0.0055322307,37.705463,161.91197,1775.7268,2.1235086e-05,0.10840974,0.81258565,1.0,-1.0,-5.704257240277809,1.7972541072116968,-1.8626230746715644,-11.00265800842063,-570.4257240277809,171.60741961169563,-260.9050150230012,-967.0178949759504,0.073671095,0.625579,1.0,-1.0,10.0,-5.036353610812364,1.23055053224913,-2.682346189513463,-10.818636049167653,-503.6353610812365,84.15603872977032,-399.153681232533,-702.0539176870889,0.0975230546313146,0.6476555722734907,1.0,-1.0,0.3591446609470348,0.079496229881512,0.5637248127313067,0.1865745535576387,0.3757940649315651,0.0790965849221239,0.5449437319718093,0.2794504639826964,0.0,0.0,0.0,0.0,0.0,0.0,0.0,0.0,0.0909090909090909,0.2874797872880344,1.0,0.0,0.0909090909090909,0.2874797872880344,1.0,0.0,0.0,0.0,0.0,0.0,0.0,0.0,0.0,0.0,0.0,0.0,0.0,0.0,0.0,0.0,0.0,0.0,0.2994137529829879,0.1373079682576528,0.5875096001018466,0.1008320260500773,0.3464873520505139,0.1038832842134147,0.5234488939621539,0.2013181494266645,0.265692804915103,0.117136288907244,0.3960379317326556,0.0372493192986398,0.2656927912884486,0.1171362858507306,0.3960379313828611,0.0372493192986398,0.565106557898091,0.194281015193333,0.9670201748057524,0.1479795778458079,0.6121801433389626,0.168725932983309,0.9029594686660596,0.2385674687253043,0.0,0.0,0.0,0.0,0.0,0.0,0.0,0.0,21.064049839433416,5.02028407250553,31.99970467952924,15.300204419759506,21.082424578482865,4.978167490704256,31.745519744319605,16.60110843378526,-1.0,0.0,-1.0,-1.0,-1.0,0.0,-1.0,-1.0,9208.444117412077,5369.2900354405565,32823.23353728649,1566.0440790739383,8384.46138753307,4394.728628956103,18563.680524646217,2363.1218283403173,0.0,0.0,0.0,0.0,0.0,0.0,0.0,0.0,5.704257240277809,1.7972541072116968,11.00265800842063,1.8626230746715644,5.361835896833613,1.516852448419988,8.91304721048245,2.872412955267135,-570.4257240277809,124004.0,35000.0,350.0,23.7196134669648,6.54521432799811,5.659127834980609,35.92395562994352,1059.6983924733067,34.0
19.350296,18.910477,324.05612,-327.26953,197.67607,-8.986021,-666.0034,-327.63947,197.50987,-11.442337,-664.4435,-326.281,197.18001,-4.312969,-667.1683,19.350296,33.197536,229.24593,0.0013028248,18.910477,36.03066,188.89972,0.00033304468,0.1009855,0.8226494,1.0,-1.0,-5.178015065273951,1.121603213850864,-3.150279888674953,-9.91730076187347,-517.8015065273951,92.36256632186976,-392.06463912187553,-721.9857782315742,0.07162323,0.5995616,1.0,-1.0,10.0,-4.69477694243897,1.1218090866013315,-2.651889895878384,-10.106313632965024,-469.47769424389696,88.07815414742046,-356.9314950178149,-587.9463088753811,0.115557279873054,0.6221172862315315,1.0,-1.0,0.3584490805338702,0.0898948884056081,0.5792820186196576,0.1913701727941855,0.3926248154700251,0.0915284135726985,0.5752501748234702,0.272371239320146,0.0018181818181818,0.0426013618685817,1.0,0.0,0.0,0.0,0.0,0.0,0.0,0.0,0.0,0.0,0.0,0.0,0.0,0.0,0.0,0.0,0.0,0.0,0.0,0.0,0.0,0.0,0.0,0.0,0.0,0.0,0.0,0.0,0.0,0.0,0.2626479927014912,0.096450237399582,0.4943391692631961,0.0236787774884116,0.2297631415945164,0.0990920874408354,0.4471039657109046,0.080232115839943,0.3411471305867462,0.1620983650343755,0.6652064834026745,0.0902935600701432,0.341147115745947,0.1620983657655049,0.6652051366752527,0.0902935600701432,0.6037951232882375,0.1651584688794537,1.0133495123423537,0.2066679722750656,0.5709102573404635,0.1797395289049462,0.8362119808103502,0.312076926122467,0.0,0.0,0.0,0.0,0.0,0.0,0.0,0.0,20.946315092364877,3.774833544899004,29.313661748242065,12.8942577875119,21.12617003292708,3.616324850021867,27.59799986066222,16.930071251240726,-1.0,0.0,-1.0,-1.0,-1.0,0.0,-1.0,-1.0,8388.465396651784,4491.51741504974,30824.94587821314,1185.2070286906871,7318.947778603918,3829.7491726297208,15479.637095984606,1735.1440626676074,0.0,0.0,0.0,0.0,0.0,0.0,0.0,0.0,5.178015065273951,1.121603213850864,9.91730076187347,3.150279888674953,4.757523439545933,0.9936878544602727,6.599312932895443,3.395296774916281,-517.8015065273951,128004.0,36000.0,360.0,23.17728143303248,6.346268971996324,5.826824471929285,35.350374876958085,1093.6620262902798,35.0
31.39608,25.630833,325.7522,-331.01355,202.16779,-33.144386,-685.167,-329.7686,201.96158,-31.054592,-688.01,-328.4391,201.74895,-31.596125,-683.589,31.396082,87.670204,718.76044,0.0012175239,25.630833,69.58478,597.9926,0.0025903713,0.18385455,0.8137115,1.0,-1.0,-5.875014280998875,2.047442416147717,-3.571216253327116,-15.085572363591096,-587.5014280998874,183.06563388386616,-431.5451256407242,-1094.2699085047138,0.13367765,0.694183,1.0,-1.0,10.0,-5.879542547492382,1.6305715926553843,-2.8714461588033213,-12.545864272367076,-587.9542547492384,137.94769896808924,-459.4704130619264,-916.5786454578684,0.1013161412535363,0.6503187651311885,1.0,-1.0,0.3698174215690873,0.0781419272110458,0.5314200192699431,0.2049613515184355,0.3793357023602036,0.0827316386476096,0.5187213057533778,0.2635690966828747,0.0,0.0,0.0,0.0,0.0,0.0,0.0,0.0,0.0,0.0,0.0,0.0,0.0,0.0,0.0,0.0,0.0,0.0,0.0,0.0,0.0,0.0,0.0,0.0,0.0,0.0,0.0,0.0,0.0,0.0,0.0,0.0,0.2648386103407528,0.1093362047725218,0.5550774169671288,0.0855848787823954,0.2738714510676034,0.1212867036616571,0.5550774169671288,0.1154160817694597,0.3104817154887876,0.1235799280771569,0.6095166691579238,0.1286495972013491,0.3104817078371181,0.123579929244743,0.6095166690062889,0.1286495972013491,0.5753203258295404,0.1664026355489865,0.9237491625678288,0.299929038484809,0.5843531589047215,0.1730135514160989,0.9237491625678288,0.3379577885297202,0.0,0.0,0.0,0.0,0.0,0.0,0.0,0.0,17.71457473073727,6.087879271710178,29.385774660589124,5.2169525220994,17.23813776719209,6.119824825486741,28.425691386417466,5.2169525220994,-0.9227272727272728,0.2670236935040821,0.0,-1.0,-0.9090909090909092,0.2874797872880344,0.0,-1.0,7445.389486593413,4472.801723395319,37713.9403757796,891.5661135673373,6486.86461943989,3583.578414078584,14188.876745761736,891.5661135673373,0.0,0.0,0.0,0.0,0.0,0.0,0.0,0.0,5.875014280998875,2.047442416147717,15.085572363591096,3.571216253327116,5.2292143397084025,1.88463145411532,10.686064650935345,3.6272836534615047,-587.5014280998874,132004.0,37000.0,370.0,20.601900791109077,4.95821473000251,5.442343752954912,31.002459274066496,1124.3270457763429,36.0
33.175285,26.88937,333.93384,-337.17404,199.7738,-4.1928606,-796.6235,-337.06006,199.38702,-1.4178338,-783.6255,-336.22284,200.00627,3.2705348,-792.03723,33.175285,76.466064,728.50323,8.316943e-06,26.88937,70.494415,693.43854,0.0005017556,0.07227085,0.8423083,1.0,-1.0,-5.38564882157012,1.6936953249288709,-3.406215235506408,-13.17688909793639,-538.564882157012,147.41092210398216,-384.3023297567033,-953.2787088125664,0.055203985,0.66880256,1.0,-1.0,10.0,-6.300606256095833,1.6368358273577828,-3.430111340883303,-15.136767243256523,-630.0606256095834,120.10915934660702,-485.1883564179876,-870.7186088781541,0.1164597716247288,0.6729151686595037,1.0,-1.0,0.3903136580830073,0.0662474617798459,0.5033788715677424,0.2029319005823842,0.4049567101550853,0.0646029810366454,0.4953394889398358,0.3071564084568177,0.0027272727272727,0.0521520345791398,1.0,0.0,0.0,0.0,0.0,0.0,0.0,0.0,0.0,0.0,0.0,0.0,0.0,0.0,0.0,0.0,0.0,0.0,0.0,0.0,0.0,0.0,0.0,0.0,0.0,0.0,0.0,0.0,0.0,0.0,0.2847531949181853,0.0907783007234229,0.4756077883104072,0.057536595418484,0.2885713896457347,0.0671778582999826,0.3760296550296386,0.1633360049799129,0.2821094360277799,0.0859336220421237,0.4667832653515679,0.1222258187843255,0.2821094217099543,0.085933624654761,0.4667832651196849,0.1222258187843258,0.5668626309459653,0.1256909914296081,0.9269279489343432,0.3451591124275821,0.5706808113556889,0.0856668137637649,0.7534862451519652,0.4576994572594245,0.0,0.0,0.0,0.0,0.0,0.0,0.0,0.0,22.954462412553124,5.737970918942278,32.41242683451173,10.696293917780489,22.480485193562103,6.204785534280452,29.63328318817496,10.76869314348099,-1.0,0.0,-1.0,-1.0,-1.0,0.0,-1.0,-1.0,7292.839626552703,4883.15490340082,41711.91351992392,1595.412837882189,5676.9737699773705,3393.4770923395954,13635.298191311518,1672.9302976893616,0.0,0.0,0.0,0.0,0.0,0.0,0.0,0.0,5.38564882157012,1.6936953249288709,13.176889097936389,3.406215235506408,4.717992669049843,0.8514982033150896,6.31004035896299,3.6179058638094856,-538.564882157012,136004.0,38000.0,380.0,22.38900866995391,4.626935634994879,5.56311219381314,32.57905649876193,1158.8923892011007,37.0
48.158348,37.695198,335.37766,-337.9031,195.27682,-42.647205,-678.78705,-336.66425,194.97398,-44.438618,-681.4062,-337.77698,194.96292,-43.432335,-677.81934,48.158348,175.22116,1883.2336,0.0005994039,37.695198,132.43315,1407.0352,0.0014227778,0.05895497,0.8527421,1.0,-1.0,-5.42552520908218,1.037147520626735,-3.830933738061297,-10.204962062591145,-542.5525209082181,67.63899881965794,-459.2022097796379,-706.6131122466848,0.12580411,0.69486237,1.0,-1.0,10.0,-6.004287783093391,1.2806915743840643,-3.212335277257451,-12.098893038204464,-600.428778309339,91.22226086246154,-455.8431973450994,-776.5022416186064,0.1029159103038891,0.6870999674402192,1.0,-1.0,0.3861875717973776,0.0829923399395921,0.5367300676375477,0.1943310212600298,0.4258804372721667,0.0674295523651587,0.5357487036719164,0.3193200895333903,0.0,0.0,0.0,0.0,0.0,0.0,0.0,0.0,0.0,0.0,0.0,0.0,0.0,0.0,0.0,0.0,0.0,0.0,0.0,0.0,0.0,0.0,0.0,0.0,0.0,0.0,0.0,0.0,0.0,0.0,0.0,0.0,0.2821351951312815,0.1174181784656285,0.5977802889923717,0.060590559746485,0.3081081029168182,0.1203212181876129,0.5404585313546935,0.0893311322529668,0.3257451252243483,0.1284885230261117,0.6017932070927816,0.1157243334912146,0.3257451150169193,0.1284885211834618,0.6017915730747232,0.1157243334912146,0.6078803203556298,0.1754655257156387,0.9697232923864192,0.2677908291222767,0.6338532179337375,0.1692837400279503,0.9124015347487408,0.4111568770132395,0.0,0.0,0.0,0.0,0.0,0.0,0.0,0.0,21.70087320256572,5.013585793312405,29.21425262964908,12.79919679813666,21.61198381849328,5.056743720462172,28.877618450391605,14.249675121248568,-1.0,0.0,-1.0,-1.0,-1.0,0.0,-1.0,-1.0,8510.05830535339,2594.1837307525366,20345.39276474413,3730.0251909877975,7936.510748398371,2371.6818169936464,12310.721400683087,4722.245746405316,0.0,0.0,0.0,0.0,0.0,0.0,0.0,0.0,5.42552520908218,1.037147520626735,10.204962062591145,3.830933738061297,4.947160642125393,0.7511832707997115,6.156316736618205,3.9108240625734414,-542.5525209082181,140004.0,39000.0,390.0,24.29844776589744,6.610419989003276,5.963524363054603,36.872392117955314,1194.095249382066,38.0
30.176853,24.883492,331.05573,-333.64856,198.2721,-51.234627,-671.2817,-332.62427,198.51234,-49.44243,-669.1401,-334.80826,199.4023,-49.89617,-674.3373,30.176851,59.202816,396.62247,0.001545012,24.883492,48.053997,335.11884,6.1035156e-05,0.12081914,0.83271974,1.0,-1.0,-5.679678072078034,1.7608236061237652,-3.6689907728147575,-12.655388119172487,-567.9678072078034,165.50815965369316,-432.2823818980411,-1020.3216313638212,0.032425143,0.71662116,1.0,-1.0,10.0,-5.828633529698415,1.6794707680940029,-3.287450938909409,-12.370088549770005,-582.8633529698415,147.11669640608255,-430.5592448250217,-946.2593102441284,0.102534137335855,0.6684202336701665,1.0,-1.0,0.385047495917187,0.092631838772913,0.620586528955201,0.1922351550346983,0.400930021874824,0.0907861287389131,0.6113727566517015,0.2962757633679868,0.0,0.0,0.0,0.0,0.0,0.0,0.0,0.0,0.0,0.0,0.0,0.0,0.0,0.0,0.0,0.0,0.0,0.0,0.0,0.0,0.0,0.0,0.0,0.0,0.0,0.0,0.0,0.0,0.0,0.0,0.0,0.0,0.2677374012843568,0.0825342587822712,0.4111890139061278,0.0855189024823577,0.2548816417027549,0.0932711029612285,0.3615096635391007,0.1047888498054987,0.2712140490762235,0.1575565402474523,0.5973101857335938,0.062799920902218,0.2712140327312339,0.1575565408123849,0.5973092688329638,0.0627999209022185,0.5389514503605805,0.1424424057886637,1.004344090798978,0.2711823253596137,0.5260956744339889,0.1092752384680082,0.7062639956536837,0.3362059745351365,0.0,0.0,0.0,0.0,0.0,0.0,0.0,0.0,20.401412604528865,4.262026095829178,28.74111520437369,12.825258023444809,20.73817824795631,3.989487024090336,26.80021748148658,13.92219330274841,-1.0,0.0,-1.0,-1.0,-1.0,0.0,-1.0,-1.0,7686.43928682501,4027.204802083955,25626.35070388991,1556.6214203477366,7481.978062815161,4600.801930023152,20065.761558679915,1658.825764055833,0.0,0.0,0.0,0.0,0.0,0.0,0.0,0.0,5.679678072078034,1.7608236061237652,12.655388119172487,3.6689907728147575,5.677397850320422,1.8566718911402045,10.498976086832696,4.035435767854207,-567.9678072078034,144004.0,40000.0,400.0,20.559101300968905,4.939403121003124,5.259384731987666,30.75788915395969,1224.545906701016,39.0
30.753773,28.787663,329.95886,-331.86276,190.56396,-51.362846,-621.68713,-332.05182,190.46242,-48.609512,-611.6317,-332.1945,190.73311,-42.583656,-632.21936,30.753773,61.87939,448.3129,0.0010622889,28.787664,69.32583,493.29593,0.00320125,0.12984602,0.83885664,1.0,-1.0,-5.248932583198842,1.4144061316105216,-2.3625118992209084,-14.054790568360437,-524.8932583198842,111.08536796992937,-384.365851099796,-802.8493933870045,0.10501947,0.7072684,1.0,-1.0,10.0,-5.214661257492701,1.1915627368707822,-2.734214369141206,-12.943526312160442,-521.4661257492701,96.18989868114367,-347.8042246804665,-638.661097480137,-0.0307059035114621,0.6751503353246217,1.0,-1.0,0.373067093438316,0.0800325568327634,0.5529489415271516,0.2060944066121552,0.4172436414343693,0.0739362971998146,0.5529489415271516,0.2696218924489676,0.0,0.0,0.0,0.0,0.0,0.0,0.0,0.0,0.0,0.0,0.0,0.0,0.0,0.0,0.0,0.0,0.0,0.0,0.0,0.0,0.0,0.0,0.0,0.0,0.0,0.0,0.0,0.0,0.0,0.0,0.0,0.0,0.2815840581719255,0.1218385890920931,0.5400947887133201,0.0690705204258453,0.3186851029027688,0.1321889194891133,0.5400947887133201,0.1487944100880835,0.3224679469646594,0.1230689293283732,0.5267616001213797,0.1544410839257955,0.3224679348373181,0.1230689284577018,0.5267607089991478,0.1544410839257955,0.6040520051365849,0.2002232411102217,1.0487185274857551,0.2979142700664902,0.6411530377400868,0.2090737350806631,1.0487185274857551,0.3557631915085486,0.0,0.0,0.0,0.0,0.0,0.0,0.0,0.0,21.288161453950917,3.792841928075167,29.75112635541064,11.151256043235293,21.7725816311752,3.57073751174765,28.62954706266686,16.89825262994389,-1.0,0.0,-1.0,-1.0,-1.0,0.0,-1.0,-1.0,7102.209847950635,3772.7876824748223,54642.16218994337,1128.1477101923952,6671.529256936488,2668.1447305590405,12027.894729714832,1974.4728167707824,0.0,0.0,0.0,0.0,0.0,0.0,0.0,0.0,5.248932583198842,1.4144061316105216,14.054790568360437,2.3625118992209084,5.164441584650034,0.8573867319404579,6.84791753863108,3.762193975460852,-524.8932583198842,148004.0,41000.0,410.0,22.39360224604025,4.632016845003818,5.51690773190785,32.54252682295191,1257.366646662973,40.0
46.858128,51.020065,332.43256,-335.01135,195.22757,-49.676636,-687.75183,-334.72943,194.73318,-52.917786,-682.4335,-335.68243,195.13988,-55.922768,-686.9463,46.858124,175.85191,1646.136,0.0023991102,51.020065,218.72534,2236.6797,0.0002876465,0.19286077,0.83072037,1.0,-1.0,-5.237480495383015,0.9673996742299384,-3.4597286321012515,-14.31816789836753,-523.7480495383015,62.13329405741078,-404.7857113311096,-660.104295390966,0.08585255,0.6980755,1.0,-1.0,10.0,-5.138193624530417,1.063935686816972,-3.05361154371558,-9.197973291784496,-513.8193624530418,72.42922989950513,-390.38770686162746,-644.362628786356,0.0968832281471528,0.6383233532734104,1.0,-1.0,0.397431245143146,0.1102995506712811,0.5905727926098926,0.2075480744921091,0.414697031592552,0.114856514271861,0.5779397044444768,0.266469540139546,0.0072727272727272,0.0849696105130758,1.0,0.0,0.0,0.0,0.0,0.0,0.0,0.0,0.0,0.0,0.0,0.0,0.0,0.0,0.0,0.0,0.0,0.0,0.0,0.0,0.0,0.0,0.0,0.0,0.0,0.0,0.0,0.0,0.0,0.0,0.3041690492061998,0.1196785769899133,0.5339034658551179,0.0387720771369314,0.2959701371973591,0.1355268217746784,0.5094078865006141,0.1118677841883204,0.414705734315541,0.1391643528202669,0.617773586010886,0.1034701938356355,0.4147057227659712,0.1391643601811655,0.6177721026418254,0.1034701938356355,0.7188747835217408,0.2110174752189874,1.028514327022257,0.2596270125152415,0.7106758599633303,0.2408822326255869,1.0040187476677531,0.2852553426511168,0.0,0.0,0.0,0.0,0.0,0.0,0.0,0.0,20.349297726581906,6.028549502569966,32.20188502963367,8.087026647662293,20.25019390982867,6.1671581872327055,32.02401588235573,11.206022849204164,-0.9918181818181818,0.0900826067177113,0.0,-1.0,-1.0,0.0,-1.0,-1.0,7442.253887518536,3382.704495158124,32455.375730152457,1289.169201898772,7244.446607500958,3645.275862376612,15489.755083944148,1828.523252250432,0.0,0.0,0.0,0.0,0.0,0.0,0.0,0.0,5.237480495383015,0.9673996742299384,14.31816789836753,3.4597286321012515,5.050843164668755,0.9831030029484488,7.353366237342035,3.4668507466968714,-523.7480495383015,152004.0,42000.0,420.0,25.60751076800807,4.909273557001143,6.152896989886358,36.66968131489557,1293.8398950068513,41.0
58.967163,62.287052,338.7249,-342.11224,199.51927,-53.034126,-743.76886,-340.31354,198.67706,-50.50582,-743.8047,-340.9491,199.39275,-48.456314,-766.1692,58.967155,386.14178,4351.9956,0.017254211,62.287056,401.01184,4486.0938,9.776652e-05,0.107143186,0.8290968,1.0,-1.0,-5.130736399743365,1.2811215104602405,-2.837549018277376,-9.536048774085954,-513.0736399743365,91.64454231663092,-348.3175237138482,-631.5203430352897,0.03616072,0.6890257,1.0,-1.0,10.0,-5.579951801034197,1.4974998248981168,-3.3408023167194054,-18.003935777334213,-557.9951801034196,107.0546087327747,-423.8058307079692,-808.902913482472,0.0842174043723685,0.6831003016705762,1.0,-1.0,0.4035697574144172,0.0906963705216591,0.6733560492344446,0.2019806662460391,0.3822525927831198,0.0609820955149827,0.4917497271849097,0.298804320028196,0.0018181818181818,0.0426013618685817,1.0,0.0,0.0,0.0,0.0,0.0,0.0,0.0,0.0,0.0,0.0,0.0,0.0,0.0,0.0,0.0,0.0,0.0,0.0,0.0,0.0,0.0,0.0,0.0,0.0,0.0,0.0,0.0,0.0,0.0,0.273762552160143,0.0820689457998344,0.4173777407292445,0.0565627585642405,0.2776213594824643,0.0899708499913388,0.3938365665720347,0.1467467959751017,0.268439318809804,0.1349811647421366,0.497661086457357,0.1141148770786034,0.2684393086157868,0.1349811656330951,0.4976597703522742,0.1141148770786034,0.5422018709699471,0.1455979826897542,0.8786878136246763,0.2790762525369636,0.546060668098251,0.1540669229059947,0.8786878136246763,0.3094580589713255,0.0,0.0,0.0,0.0,0.0,0.0,0.0,0.0,21.97647322451033,3.1259367250637227,29.391565351345,14.597703547675602,22.09832371116665,3.417806311217451,28.075066344532544,16.557849609734276,-1.0,0.0,-1.0,-1.0,-1.0,0.0,-1.0,-1.0,7016.717043995289,3269.643386949924,23756.865449649165,2121.731876493,6203.672913549377,2484.2950940593832,10201.14773351306,2997.31562652915,0.0,0.0,0.0,0.0,0.0,0.0,0.0,0.0,5.130736399743365,1.2811215104602405,9.536048774085954,2.837549018277376,4.606707218665365,1.0337601834155845,6.186379867892627,3.0235900429995435,-513.0736399743365,156004.0,43000.0,430.0,20.886510806034494,4.716892125994491,5.343713646005199,30.947116578034183,1324.8415389528964,42.0
33.06157,29.386875,343.46994,-347.2307,200.56982,-61.108307,-742.3513,-347.3908,200.53966,-58.915245,-743.24677,-346.43875,198.89937,-59.05696,-739.5642,33.06156,69.48417,434.78003,2.1305459e-05,29.386875,53.840588,242.3529,0.0012661852,0.047601365,0.84117854,1.0,-1.0,-5.125605028486802,1.0326074956811604,-3.153876414408204,-9.439069756816592,-512.5605028486802,67.01017667834323,-399.6703440828416,-631.8161174078338,0.0936207,0.69462174,1.0,-1.0,10.0,-5.391719016415575,1.2118413887496136,-3.22023003735263,-10.950074949025852,-539.1719016415575,93.77755725294152,-457.99310320349446,-785.5862332623052,0.0942179525630427,0.7009909726261887,1.0,-1.0,0.3948488491508661,0.0832370590577537,0.6552572835476115,0.2236020962364025,0.4323384699731659,0.058865408554957,0.5361585493700091,0.3503829095529793,0.0,0.0,0.0,0.0,0.0,0.0,0.0,0.0,0.0,0.0,0.0,0.0,0.0,0.0,0.0,0.0,0.0,0.0,0.0,0.0,0.0,0.0,0.0,0.0,0.0,0.0,0.0,0.0,0.0,0.0,0.0,0.0,0.2557293651446577,0.1067325843968261,0.5821927369104108,0.0612291377072489,0.2650320497382162,0.1037165764190441,0.4440730946752492,0.0876775003568341,0.3293929068261411,0.1071720693641041,0.5131826622156636,0.1537749607716849,0.3293928895090552,0.1071720784405241,0.5131814227619147,0.1537749607716849,0.5851222719707988,0.1455241919786213,0.8388938662340667,0.2212989270092095,0.5944249392472714,0.1417233829755856,0.8291014801093166,0.4270527463445052,0.0,0.0,0.0,0.0,0.0,0.0,0.0,0.0,19.5692798783222,4.722567744440518,28.88581718505276,7.461465275151228,18.978996804814525,4.5235465670393165,27.26445593584976,13.462036272698818,-0.9827272727272728,0.130285763478936,0.0,-1.0,-1.0,0.0,-1.0,-1.0,6052.948160799734,2903.553669066607,19176.734996159048,1224.662125770463,6022.968761328063,2816.127351185666,10391.33674351573,1748.104402346249,0.0,0.0,0.0,0.0,0.0,0.0,0.0,0.0,5.125605028486802,1.0326074956811604,9.439069756816592,3.153876414408204,4.656770330906891,0.8497380920010572,6.114287693709647,3.256363550932639,-512.5605028486802,160004.0,44000.0,440.0,20.32240408694633,4.801965704995382,5.429980310989777,30.55435010293149,1356.2769032458164,43.0
27.400051,27.073906,337.74658,-339.17096,207.05522,-46.634754,-708.542,-338.89423,206.99336,-47.498455,-716.64966,-336.99493,206.39192,-44.95439,-712.2728,27.400047,51.29916,340.3917,6.1035156e-05,27.073904,49.274147,310.16104,0.0032289363,0.13817786,0.8204417,1.0,-1.0,-5.986698086703284,1.868665900546012,-3.393863936184592,-14.955227482724942,-598.6698086703284,164.93816747821248,-396.1116913599155,-945.3068152066744,-0.008830289,0.69469965,1.0,-1.0,10.0,-5.002566816702318,1.162684653269158,-2.827308610250631,-11.030980024208189,-500.25668167023184,64.93952175823112,-410.682148403882,-599.7326426867311,0.0777449041122843,0.6657976546282324,1.0,-1.0,0.3937633454723247,0.0905619334815748,0.5925309121502926,0.1985371067646749,0.3846630968781076,0.0986183967232338,0.5877344902247686,0.1985371067646749,0.0009090909090909,0.0301374262804559,1.0,0.0,0.0,0.0,0.0,0.0,0.0,0.0,0.0,0.0,0.0,0.0,0.0,0.0,0.0,0.0,0.0,0.0,0.0,0.0,0.0,0.0,0.0,0.0,0.0,0.0,0.0,0.0,0.0,0.0,0.2427934812444767,0.1000185510686638,0.4373569013464386,0.0586496908562301,0.2561403935627059,0.101355919648906,0.3908224090156925,0.0811095306811121,0.355471860463084,0.0740005329460111,0.4908220927561607,0.222187435432359,0.3554718454086268,0.0740005341173101,0.4908212127045282,0.222187435432359,0.5982653417075607,0.1554899979958134,0.8885520038504904,0.3002935510418424,0.6116122389713329,0.1600377121939709,0.86142089886653,0.385521967988933,0.0,0.0,0.0,0.0,0.0,0.0,0.0,0.0,18.02202196245504,4.178529171275729,25.35286262365945,9.702023396060271,18.29213940519999,3.914364340836976,24.527397920498636,12.971664621203509,-0.9981818181818182,0.0426013618685817,0.0,-1.0,-1.0,0.0,-1.0,-1.0,7868.637048753695,3944.153884400234,32079.246447223293,2015.405099256725,6930.218094144043,2197.334485980523,10954.617642177656,4164.8906660155335,0.0,0.0,0.0,0.0,0.0,0.0,0.0,0.0,5.986698086703284,1.868665900546012,14.955227482724942,3.3938639361845917,5.466806567052308,1.4443971415858623,8.585428130870826,3.675849271553462,-598.6698086703284,164004.0,45000.0,450.0,16.597210435000306,5.64809450499888,4.778035152994562,27.02334009299375,1384.1592519928165,44.0
20.464727,25.780357,333.25275,-335.99503,195.38536,-31.067827,-651.70013,-335.33987,195.09544,-37.089348,-649.42975,-336.83124,196.2459,-31.747026,-656.4079,20.464725,68.0777,617.6684,0.0008055009,25.780357,58.346535,523.4611,0.00032529328,0.08726907,0.8374252,1.0,-1.0,-4.981235380544765,0.9276111576665396,-3.1986400395081365,-9.34194892158473,-498.12353805447657,62.677612607372055,-412.3051508764309,-592.8840519013373,0.07312446,0.7280329,1.0,-1.0,10.0,-5.6581055005142185,1.0614927029867294,-3.594989106085652,-12.279912483830357,-565.8105500514218,73.34679779160082,-449.9091028224589,-719.8841976603694,0.0465982799483139,0.6373452713182961,1.0,-1.0,0.393530520864192,0.1075742708264655,0.6031960519283868,0.1989061015846803,0.3979182315783192,0.1195004247297404,0.5904458992568808,0.2323401911679878,0.0,0.0,0.0,0.0,0.0,0.0,0.0,0.0,0.0,0.0,0.0,0.0,0.0,0.0,0.0,0.0,0.0,0.0,0.0,0.0,0.0,0.0,0.0,0.0,0.0,0.0,0.0,0.0,0.0,0.0,0.0,0.0,0.2540881187658036,0.0857880991583203,0.4385678115092113,0.0961908312064921,0.2457124168791927,0.0944301169322488,0.4385678115092113,0.1037299683749132,0.3524834714785176,0.1272378705404439,0.5572402305543176,0.1203086870300471,0.3524834610147511,0.1272378707957802,0.5572400824781392,0.1203086870300471,0.6065715902443212,0.1463400137038406,0.93788006933422,0.2844581819930943,0.5981958778939439,0.128284832532866,0.8004728000061992,0.3354860468736431,0.0,0.0,0.0,0.0,0.0,0.0,0.0,0.0,22.30145744082904,4.513587434768593,28.99894070636897,10.020445841937544,22.25230578143396,4.417103854526586,27.847502005303983,14.32981153589829,-1.0,0.0,-1.0,-1.0,-1.0,0.0,-1.0,-1.0,7409.627303864541,3115.60582423022,15968.88190997704,1386.6458789020332,6548.678033857146,3184.221514717223,11187.16996757018,1775.840661825091,0.0,0.0,0.0,0.0,0.0,0.0,0.0,0.0,4.981235380544765,0.9276111576665396,9.341948921584732,3.1986400395081365,4.552520519548442,0.7602689125436243,5.609239529195853,3.291649606533249,-498.12353805447657,168004.0,46000.0,460.0,20.47851550590713,6.510827583995706,5.473510475843796,32.46285356574663,1415.0243107815622,45.0
39.124847,31.308151,346.27008,-349.299,201.02908,-12.318904,-721.7336,-348.91748,200.77928,-10.6718025,-724.685,-348.02963,200.84349,-15.3594,-718.0119,39.124847,136.55649,1353.5541,4.434027e-06,31.30815,116.794685,1166.0033,0.0010248283,0.074891046,0.83130395,1.0,-1.0,-5.802918043388887,1.6692935529192483,-2.409312820216796,-18.88932799475315,-580.2918043388886,147.08121323561716,-323.6992183039241,-868.5669220095428,-0.058526445,0.70665234,1.0,-1.0,10.0,-5.576346658035535,1.5751807382376155,-3.3365310523531173,-14.315271962355116,-557.6346658035536,135.16176281011474,-382.86111140168833,-851.5539553669134,0.0624449527392207,0.7002703044136216,1.0,-1.0,0.4107873627664894,0.098722745921055,0.6663117345963977,0.2692010122306312,0.4128729801735367,0.1057063189168763,0.6534131251422562,0.2834008262860054,0.0527272727272727,0.2234884950909476,1.0,0.0,0.0,0.0,0.0,0.0,0.0,0.0,0.0,0.0,0.0,0.0,0.0,0.0,0.0,0.0,0.0,0.0,0.0,0.0,0.0,0.0,0.0,0.0,0.0,0.0,0.0,0.0,0.0,0.0,0.2789694510895146,0.1298542664781083,0.5743585811217988,0.0418453230480454,0.2671362517343852,0.1225544594937498,0.5123900050286638,0.1125276777163942,0.3592239265496544,0.1437527984539391,0.5280606006040803,0.1334994288852061,0.3592239142012949,0.1437528007740871,0.5280601807432571,0.1334994288852061,0.6381933776391691,0.2124545709047127,1.102418761865056,0.2494997226017229,0.6263601659356802,0.2038789258509174,0.932912495080528,0.2591648272526539,0.0,0.0,0.0,0.0,0.0,0.0,0.0,0.0,22.062520401004733,5.084099323676392,30.86903939602546,10.42604242416684,22.088159875755288,4.745354118671052,28.948005730196314,13.392283179147633,-1.0,0.0,-1.0,-1.0,-1.0,0.0,-1.0,-1.0,7680.468105987104,4496.652011575173,37041.45779280336,868.8382918012958,7647.162823143593,3943.9317129819433,14013.720793251534,1252.859846361274,0.0,0.0,0.0,0.0,0.0,0.0,0.0,0.0,5.802918043388887,1.6692935529192483,18.88932799475315,2.409312820216796,5.705933418587584,1.6746555728814487,9.420686987109216,2.748498230641624,-580.2918043388886,172004.0,47000.0,470.0,26.04910982097499,4.937557079996623,6.141988960829622,37.12865586180124,1453.668597587377,46.0
31.604845,35.576263,333.09985,-336.54163,196.33252,-54.72255,-737.20605,-337.46143,196.41301,-55.514584,-739.1678,-336.87027,196.10916,-53.577366,-739.92725,31.604843,75.79736,622.4361,0.009995118,35.576263,99.36391,698.3203,2.9206276e-06,0.10818211,0.834413,1.0,-1.0,-4.935294526915537,1.4002747190417502,-2.021355998693028,-9.68096405212281,-493.5294526915536,128.43923508767793,-241.84426696611055,-660.5977072973362,0.08673947,0.6392601,1.0,-1.0,10.0,-6.279668040326944,2.2250474460423493,-3.018511546198536,-22.51290155825844,-627.9668040326943,173.54400999518802,-391.9374133055874,-1046.0333487158289,0.0649398201891802,0.6896874796612649,1.0,-1.0,0.3807231199866898,0.0834067489243126,0.5526721163118407,0.2197208544622586,0.3660406975383307,0.0801348849484248,0.5183273495896834,0.2608897060641419,0.0136363636363636,0.1159759165652097,1.0,0.0,0.0,0.0,0.0,0.0,0.0,0.0,0.0,0.0,0.0,0.0,0.0,0.0,0.0,0.0,0.0,0.0,0.0,0.0,0.0,0.0,0.0,0.0,0.0,0.0,0.0,0.0,0.0,0.0,0.3261446087911975,0.1449701140516578,0.6674518128131596,0.0365941892413005,0.3242908864326435,0.1405833545157171,0.6650881033301452,0.1715415831003824,0.2402450322726996,0.1227484870777675,0.5717931642663333,0.1018113290807894,0.2402450168509564,0.1227484858360907,0.5717922232146881,0.1018113486673123,0.5663896410638972,0.2340242849407949,1.2392440360278476,0.2317755888915074,0.5645359032836,0.2386885712679757,1.2368803265448334,0.3422885764394987,0.0,0.0,0.0,0.0,0.0,0.0,0.0,0.0,21.72340348042432,4.348191533772603,32.301647038256164,12.248726287068264,21.462516056333325,4.237581469772968,31.10960766950059,15.927799418308885,-1.0,0.0,-1.0,-1.0,-1.0,0.0,-1.0,-1.0,7066.537651642387,3926.5896061565054,24972.74830880834,1475.3030543705102,7004.969689525708,4026.1256713169983,13496.03957457604,2036.3627366714052,0.0,0.0,0.0,0.0,0.0,0.0,0.0,0.0,4.935294526915537,1.4002747190417502,9.68096405212281,2.021355998693028,5.017494736563157,1.5081381432144447,6.986865560197306,2.250690064444799,-493.5294526915536,176004.0,48000.0,480.0,20.15823453799385,6.433223785999871,5.371569779927086,31.96302810392081,1484.8080091202864,47.0
25.646336,24.09282,349.63715,-353.6172,197.48201,-37.58705,-686.88055,-353.2906,197.82652,-37.786728,-689.7278,-351.73572,197.03069,-33.833603,-682.29083,25.646336,45.32688,346.56104,1.0073185e-05,24.09282,46.9461,385.9839,0.00031981245,0.052530915,0.86029553,1.0,-1.0,-5.565628930497646,1.7184823056368257,-2.520779769311233,-17.313215133229996,-556.5628930497646,149.98682058639335,-356.3455909927412,-880.0864480054181,-0.014051604,0.7067522,1.0,-1.0,10.0,-6.270740028942376,1.998242512737568,-3.511885751155279,-20.97642775766247,-627.0740028942375,151.5011895801842,-451.3018289918293,-941.0153895652492,0.0301617354301394,0.6893563573780744,1.0,-1.0,0.3767993478308495,0.09700301876119,0.6790332680297637,0.1780674266338898,0.3915491231730452,0.0804634024687961,0.5833413602289023,0.287769497291347,0.0,0.0,0.0,0.0,0.0,0.0,0.0,0.0,0.0,0.0,0.0,0.0,0.0,0.0,0.0,0.0,0.0,0.0,0.0,0.0,0.0,0.0,0.0,0.0,0.0,0.0,0.0,0.0,0.0,0.0,0.0,0.0,0.2798592473585647,0.1094899888644957,0.5608105137434665,0.0941298176098635,0.281231913700964,0.0938686069760632,0.4634725561932059,0.144170202746539,0.3309199857446824,0.0896610900966016,0.5343878012020723,0.1977577799431156,0.3309199696623977,0.0896610933946614,0.5343878009930648,0.1977577799431156,0.6107792331032471,0.1214186579458644,0.8977413508894978,0.4111250236307957,0.6121518833633618,0.1063377658704798,0.822341151681685,0.4795816347479477,0.0,0.0,0.0,0.0,0.0,0.0,0.0,0.0,19.47877827008943,4.557042342937386,30.76537221688069,13.18532207362844,19.41338849926979,4.544509286483505,29.03145068363992,13.85335788890746,-1.0,0.0,-1.0,-1.0,-1.0,0.0,-1.0,-1.0,9059.959689415527,4879.55878796137,32879.98594706453,1931.793300628404,8487.805055654333,4850.737397941411,20202.726805363865,2143.535615728236,0.0,0.0,0.0,0.0,0.0,0.0,0.0,0.0,5.565628930497646,1.7184823056368257,17.313215133229996,2.520779769311233,5.205087972119958,1.3952519087610395,7.496159334839643,2.9417062677178314,-556.5628930497646,180004.0,49000.0,490.0,25.79329780806438,5.600618930002383,6.190978570150037,37.5848953082168,1522.86105199749,48.0
25.51498,16.780203,356.5746,-359.41306,210.13193,-31.174135,-734.8018,-358.46228,209.43988,-35.067,-724.6424,-358.64838,209.47415,-30.287632,-725.13007,25.514978,68.09934,659.00757,0.00028070156,16.780205,28.753305,203.0077,0.006152489,0.058182176,0.8440768,1.0,-1.0,-5.382592207122729,1.180558032847195,-3.3134005141807097,-10.835521173975206,-538.2592207122728,78.4701625966894,-403.9117002520706,-668.9974170045783,0.08000917,0.72354627,1.0,-1.0,10.0,-5.679347638781033,1.6983239701912671,-2.925367447076608,-12.674515407601756,-567.9347638781035,128.06975372047688,-412.5022685452276,-889.6074167550485,0.0071009719711039,0.6865364613458211,1.0,-1.0,0.3596412558878695,0.0790691901221581,0.5488462356246204,0.2193347369652327,0.3667476498316171,0.0925181375765454,0.5324502552382483,0.2295714019870557,0.0,0.0,0.0,0.0,0.0,0.0,0.0,0.0,0.0909090909090909,0.2874797872880344,1.0,0.0,0.0909090909090909,0.2874797872880344,1.0,0.0,0.0,0.0,0.0,0.0,0.0,0.0,0.0,0.0,0.0,0.0,0.0,0.0,0.0,0.0,0.0,0.0,0.2726510528683184,0.1184499043858293,0.5893084795042921,0.0622057346628,0.3125816849072498,0.145274194677354,0.5878807079972648,0.1198714980146536,0.3389977279193084,0.1652279295238639,0.557701708530618,0.0474362486848827,0.3389977182440912,0.1652279258194634,0.5577001961911706,0.0474362486848827,0.6116487807876267,0.2168012257408214,1.0661470511704736,0.147792832378305,0.6515794031513411,0.2506020252345734,1.0647192796634464,0.176576894266235,0.0,0.0,0.0,0.0,0.0,0.0,0.0,0.0,19.48394442295005,3.9834521078766776,28.304697925333308,12.833571651047428,19.592201673804656,4.154968467240117,27.78678223913164,14.67509614112458,-1.0,0.0,-1.0,-1.0,-1.0,0.0,-1.0,-1.0,7587.22350853066,3759.921597482114,32891.07925319392,444.30617734643386,7223.941109179536,3348.073233139456,14180.016510543555,1861.738998631889,0.0,0.0,0.0,0.0,0.0,0.0,0.0,0.0,5.382592207122729,1.180558032847195,10.835521173975206,3.3134005141807097,5.100305063829977,1.0173381564134365,7.150014600053194,3.3134005141807097,-538.2592207122728,184004.0,50000.0,500.0,27.066349018081382,6.074268738993851,6.218174000903673,39.358791757978906,1560.8517908594804,49.0
26.873768,28.242304,355.8073,-358.6383,210.4846,4.718553,-744.5811,-359.04837,210.7839,8.206344,-748.1204,-358.42023,210.24452,5.0791664,-747.742,26.873768,60.93995,505.613,5.0999224e-06,28.242306,69.06328,561.56616,0.00027891487,0.11916184,0.8532671,1.0,-1.0,-5.627847635662175,2.070607949867002,-2.495297296146968,-11.804500789284704,-562.7847635662176,195.2860995218416,-303.1690285796477,-983.01119084849,0.12353255,0.69971997,1.0,-1.0,10.0,-5.56034045872382,1.8902472397980317,-2.027637611381885,-13.342419178643876,-556.0340458723821,166.83824483428592,-365.4892656043706,-964.2283873629592,0.0893577946160198,0.6834193317896299,1.0,-1.0,0.3631925502259268,0.0764203462133414,0.5078601429084036,0.1978615540951034,0.3906564363886483,0.0814140207676262,0.507859073165148,0.2253325078109884,0.0,0.0,0.0,0.0,0.0,0.0,0.0,0.0,0.0,0.0,0.0,0.0,0.0,0.0,0.0,0.0,0.0,0.0,0.0,0.0,0.0,0.0,0.0,0.0,0.0,0.0,0.0,0.0,0.0,0.0,0.0,0.0,0.2730527293355996,0.0705548721218583,0.3822922541767458,0.0933531033496327,0.2948064902440472,0.0658966391825923,0.3550136437362684,0.1563016742197097,0.3249498913462235,0.1410005557748106,0.5602942075501267,0.0604945579567541,0.32494988061441,0.1410005570788337,0.5602933452549099,0.0604945579567541,0.5980026206818231,0.1593223648567794,0.942585599431656,0.2661312553978446,0.6197563708584574,0.1573932573366702,0.9147724077299808,0.3653285229758629,0.0,0.0,0.0,0.0,0.0,0.0,0.0,0.0,20.677744673712663,4.167645488457608,27.235029855152952,6.145332027528369,20.64619741186023,4.210673915157384,26.102884304457973,13.57466543656694,-0.9881818181818182,0.1080671661361313,0.0,-1.0,-1.0,0.0,-1.0,-1.0,8704.647250808443,5743.789060151554,36891.94818294102,1705.2888994238676,7517.746359502806,2253.0824265088977,12351.293080376992,3572.5140261940514,0.0,0.0,0.0,0.0,0.0,0.0,0.0,0.0,5.627847635662175,2.070607949867002,11.804500789284704,2.495297296146968,5.896313298166387,2.113546174195548,9.66732547837421,3.2104542313183413,-562.7847635662176,188004.0,51000.0,510.0,23.413625242043054,4.700755776000733,5.720900997097488,33.835282015141274,1595.9137785476269,50.0
24.332878,25.538204,340.42325,-344.20416,196.08966,-46.23089,-652.50244,-344.53888,196.39264,-46.211754,-651.6582,-343.40277,195.80916,-47.07279,-648.5624,24.33288,65.02781,538.89215,0.005830083,25.538206,64.67604,595.4178,2.5973655e-05,0.14551678,0.8083122,1.0,-1.0,-5.4161144974276265,2.1154086559260463,-2.3146333395843603,-13.725633140985602,-541.6114497427627,202.17560347154117,-262.1211710703968,-1120.7472634676567,0.093956046,0.5902795,1.0,-1.0,10.0,-5.638140990902629,1.502257432234272,-3.28853097520536,-12.808268210209684,-563.814099090263,120.1708947738694,-369.9802335099682,-784.5385985442385,0.0564624431178108,0.6622936990363565,1.0,-1.0,0.3839325387727892,0.1144274401848323,0.6391591648673421,0.1765992818795811,0.374936383410707,0.1137518857404332,0.5907773162465925,0.2632989816064839,0.0,0.0,0.0,0.0,0.0,0.0,0.0,0.0,0.0,0.0,0.0,0.0,0.0,0.0,0.0,0.0,0.0,0.0,0.0,0.0,0.0,0.0,0.0,0.0,0.0,0.0,0.0,0.0,0.0,0.0,0.0,0.0,0.2673402711019293,0.0771278358112334,0.500132663085978,0.1341346015161904,0.2717073991561129,0.0612451551388571,0.4090144279264458,0.2021556176318977,0.3940670542813944,0.0719323327298456,0.595920791429141,0.3227742417291804,0.3940670445972443,0.0719323340821835,0.5959207913135941,0.3227742417291804,0.6614073253833237,0.0911844296444604,0.8537182078189621,0.4787305975508406,0.6657744437533574,0.0856033243902829,0.8121819625759507,0.5421601843997856,0.0,0.0,0.0,0.0,0.0,0.0,0.0,0.0,21.357110889752107,5.173792803259071,31.126423512454217,11.93740820802848,21.65779378524945,4.910884834510969,30.263638452437508,12.590711991408426,-1.0,0.0,-1.0,-1.0,-1.0,0.0,-1.0,-1.0,7536.427532583412,2823.747198659481,21224.02273020971,1804.8227621247452,7079.81320879551,2546.416169212129,10593.303891786509,2081.7320191160893,0.0,0.0,0.0,0.0,0.0,0.0,0.0,0.0,5.4161144974276265,2.1154086559260463,13.725633140985602,2.3146333395843603,5.152085479181434,2.102852950017697,11.20201609010931,2.3897149331853256,-541.6114497427627,192004.0,52000.0,520.0,24.520462679989578,5.94013436500245,5.9707011630089255,36.43129820800095,1655.0228043786192,51.0
47.175888,43.919518,352.7371,-356.6517,200.06665,-14.579159,-639.4988,-354.59137,199.01482,-17.703943,-635.71545,-354.66357,198.65863,-17.771856,-631.7592,47.175888,110.002556,1077.4253,0.00061406195,43.91952,149.85521,1573.5864,0.0016998509,0.049284242,0.8485734,1.0,-1.0,-5.692299234632838,2.040350912116109,-2.3860771017760736,-14.868656552334958,-569.2299234632839,188.328913173394,-318.57424688189565,-923.6202054368788,0.19832884,0.7066243,1.0,-1.0,10.0,-5.742471420306945,2.701422526797381,-3.7002661393195617,-22.276616642828124,-574.2471420306945,235.5794818180292,-408.1968989785387,-1263.3957270554592,0.0456171338682413,0.6675924391446552,1.0,-1.0,0.3572260939372713,0.0686813661926061,0.5966426263940461,0.2094025450217366,0.3582671579730526,0.0872122859265062,0.595665174270681,0.239279704146353,0.0,0.0,0.0,0.0,0.0,0.0,0.0,0.0,0.0,0.0,0.0,0.0,0.0,0.0,0.0,0.0,0.0,0.0,0.0,0.0,0.0,0.0,0.0,0.0,0.0,0.0,0.0,0.0,0.0,0.0,0.0,0.0,0.2794349878517533,0.0597401217874721,0.4729017009518991,0.064282061189507,0.3090626213180604,0.0630314671014345,0.4729017009518991,0.2060485793265973,0.4052070317086604,0.1069683325134829,0.6108526528023668,0.2249428185340934,0.405207023528653,0.1069683345636713,0.6108526526571331,0.2249428185340934,0.6846420195604137,0.1360318209967156,1.0090990133595237,0.4193140731892796,0.7142696448467135,0.1476753553850921,1.0090990133595237,0.4796220769730119,0.0,0.0,0.0,0.0,0.0,0.0,0.0,0.0,20.031671570806846,4.916755732860995,28.85356018604044,12.308627644641186,19.970471793761867,4.910264318351285,28.34489566645424,12.308627644641186,-1.0,0.0,-1.0,-1.0,-1.0,0.0,-1.0,-1.0,6063.167971520885,3212.612074555326,31735.031232907942,1431.99098530535,6041.000092769053,3022.502546676465,12296.520296879848,1746.7518178139458,0.0,0.0,0.0,0.0,0.0,0.0,0.0,0.0,5.692299234632838,2.040350912116109,14.868656552334958,2.3860771017760736,5.728712013851588,2.508972334907466,12.09847112008068,2.6384386055915043,-569.2299234632839,196004.0,53000.0,530.0,20.04177351188264,6.5096939609939,5.215151712021907,31.766619184898445,1685.717441049543,52.0
51.052525,87.556404,351.43353,-354.216,208.09077,-45.245533,-728.86743,-353.5998,207.64868,-44.592724,-734.2478,-354.24588,209.25352,-43.84965,-727.83185,51.052525,267.70425,2833.5542,0.005778932,87.55641,656.3418,7432.0835,0.0008436181,0.094081745,0.822629,1.0,-1.0,-5.3614673806894775,1.2003741958813965,-2.800147310296437,-10.109950355187458,-536.1467380689478,93.65114020616484,-348.0767197921092,-690.9891208266314,0.13006541,0.6451404,1.0,-1.0,10.0,-5.611829137570086,1.134976233830398,-3.56593843275348,-10.65703918965619,-561.1829137570087,90.38190692758884,-442.6452940120601,-781.5283230819543,0.0797488906814333,0.6788871857031614,1.0,-1.0,0.4314657404138747,0.0928381085902107,0.6063472646166299,0.2299939204512991,0.4600683340227058,0.0873790873185425,0.6053967033718022,0.2945530916076854,0.0009090909090909,0.0301374262804559,1.0,0.0,0.0,0.0,0.0,0.0,0.0909090909090909,0.2874797872880344,1.0,0.0,0.0909090909090909,0.2874797872880344,1.0,0.0,0.0,0.0,0.0,0.0,0.0,0.0,0.0,0.0,0.0,0.0,0.0,0.0,0.0,0.0,0.0,0.0,0.3209434495026609,0.1436154875518441,0.6314969817024454,0.0567560421649895,0.3223482130043398,0.1539475368477201,0.6314969817024454,0.1294046695971303,0.2784814934882276,0.1562162279988804,0.5856649516220395,0.0278562043362061,0.2784814783754789,0.1562162331679385,0.5856644147019239,0.0278562043362061,0.5994249429908887,0.221224259982048,1.164978981868365,0.2118188513739539,0.6008296913798188,0.2086869958769487,0.987378562032361,0.2844674788060947,0.0,0.0,0.0,0.0,0.0,0.0,0.0,0.0,23.64101538899547,3.4167239577892,29.78914003933259,15.528083226990525,23.76569945585005,3.4507051367168438,29.494812425499145,17.567607638468516,-1.0,0.0,-1.0,-1.0,-1.0,0.0,-1.0,-1.0,7809.806386437487,3037.478501560248,21734.37503210168,2628.771119243104,7039.133965776752,2740.976047980148,12931.269714475222,4051.141655099637,0.0,0.0,0.0,0.0,0.0,0.0,0.0,0.0,5.3614673806894775,1.2003741958813965,10.109950355187458,2.800147310296437,4.934263963702551,0.8570415831207868,6.060424901400259,3.3776950758012454,-536.1467380689478,200004.0,54000.0,540.0,24.03763984110265,5.429502712002432,5.787947045064357,35.255089598169434,1722.1134375417023,53.0
57.153862,51.421738,339.73364,-341.08405,203.56361,-17.380735,-731.8141,-341.80157,204.36893,-19.380632,-736.84296,-342.7494,204.01117,-23.799221,-730.81665,57.153862,299.59338,3308.4053,0.0013952851,51.42174,268.50974,2979.6445,0.0030334317,0.13084151,0.84105617,1.0,-1.0,-4.8675136994246895,1.173986960601802,-3.22906005208962,-10.95074797356015,-486.751369942469,77.19908114952402,-387.1050026518118,-634.9009547155608,0.12532535,0.64391637,1.0,-1.0,10.0,-5.764880789338405,1.750775560564957,-2.9830938457878844,-12.358986081483236,-576.4880789338406,140.83885690007222,-427.8773162018093,-879.8067263973762,0.1167665412286091,0.694320866249102,1.0,-1.0,0.3939510182114241,0.1086663493316156,0.6586168570876304,0.1971254129391907,0.4035615572101589,0.1033853548450003,0.6440152637370918,0.2951949187499413,0.0,0.0,0.0,0.0,0.0,0.0,0.0,0.0,0.0,0.0,0.0,0.0,0.0,0.0,0.0,0.0,0.0,0.0,0.0,0.0,0.0,0.0,0.0,0.0,0.0,0.0,0.0,0.0,0.0,0.0,0.0,0.0,0.2953806788747649,0.1187325429649297,0.5864257605185018,0.1068485291949076,0.3194166942948012,0.1218062118046012,0.5864257605185018,0.175874873708721,0.3585026686826524,0.111726185182766,0.5396287906370555,0.1795307035741493,0.3585026618079227,0.1117261855656033,0.5396282919964058,0.1795307035741493,0.6538833475574174,0.2012978089600478,1.077155174019777,0.3490992230319406,0.6779193561027239,0.2006320381848161,1.077155174019777,0.4271397249399383,0.0,0.0,0.0,0.0,0.0,0.0,0.0,0.0,23.960017178963323,4.674541149750131,30.307840283036807,12.834253475903342,23.594726262863297,4.94968718438942,29.32226198741221,15.627766867671168,-1.0,0.0,-1.0,-1.0,-1.0,0.0,-1.0,-1.0,6635.185942910838,2502.8507877531874,38010.1544615677,3068.307623105578,6186.26883743015,2077.738831653784,11375.555522596957,4110.456858343507,0.0,0.0,0.0,0.0,0.0,0.0,0.0,0.0,4.86751369942469,1.173986960601802,10.95074797356015,3.22906005208962,4.521018145901767,0.8081186733621326,5.992695946135398,3.3900350046230736,-486.751369942469,204004.0,55000.0,550.0,16.408862519929244,6.57307421900623,4.703082593907311,27.685019332842785,1747.6487934635588,54.0
30.217636,39.21245,352.66968,-355.31738,206.51962,-8.347186,-785.9847,-355.01654,206.10725,-9.008801,-792.2319,-356.05392,206.58907,-12.520977,-786.0915,30.217638,71.01695,659.6062,0.00050312374,39.21245,82.41575,633.78156,0.0059001977,0.124753654,0.81291455,1.0,-1.0,-5.369722953663826,1.9175966272196971,-3.1480704305299345,-14.050451260539557,-536.9722953663826,178.81771865097286,-386.8484530410858,-1007.4365612532616,0.064601585,0.6296325,1.0,-1.0,10.0,-5.661878290860362,1.3804972328937417,-3.504505510514772,-12.16447436509006,-566.1878290860363,94.07645726941674,-446.36620470438857,-779.8472490390681,0.0654732481270874,0.69816429676199,1.0,-1.0,0.3962603033948969,0.0811900387990182,0.5891633630336514,0.2234072033853975,0.4047458264010016,0.0761521502837935,0.5464472655023641,0.292329509848164,0.0018181818181818,0.0426013618685817,1.0,0.0,0.0,0.0,0.0,0.0,0.0,0.0,0.0,0.0,0.0,0.0,0.0,0.0,0.0,0.0,0.0,0.0,0.0,0.0,0.0,0.0,0.0,0.0,0.0,0.0,0.0,0.0,0.0,0.0,0.2990091570649982,0.1001885539425308,0.5540018362719376,0.0581696198795044,0.3032479708713515,0.0984958134973444,0.5121158161632122,0.2173871735967272,0.3109819406304004,0.1168696411332114,0.5215457714580383,0.1411090629969024,0.3109819245188001,0.1168696461003131,0.5215448714239348,0.1411090629969024,0.6099910976953986,0.1736356870838645,0.9755375681653116,0.2888484067177595,0.6142298953901516,0.1748708961526299,0.933651548056586,0.3793674324006312,0.0,0.0,0.0,0.0,0.0,0.0,0.0,0.0,21.406203382047824,4.425196422278952,30.18190729350772,12.513881565442038,21.218327077933115,4.467941075077068,28.209221349865462,13.705802687080878,-1.0,0.0,-1.0,-1.0,-1.0,0.0,-1.0,-1.0,8308.149509975618,4896.918781218267,29084.6596054686,2471.292799338416,8684.788128634056,5373.365296955875,21199.518016479076,2913.8606129219065,0.0,0.0,0.0,0.0,0.0,0.0,0.0,0.0,5.369722953663826,1.9175966272196976,14.050451260539557,3.148070430529934,5.139013425807205,1.9358951261106008,10.236095060238808,3.277949442332667,-536.9722953663826,208004.0,56000.0,560.0,20.52942589497252,4.421409594004217,5.389186322026944,30.34002181100368,1779.1571931225626,55.0
24.079346,32.623432,341.81335,-343.57852,201.34676,-48.211277,-716.0158,-343.97217,201.38168,-47.295933,-711.96857,-344.65854,201.22137,-46.396633,-733.60675,24.079346,60.419903,524.5677,8.95001e-07,32.62343,85.36925,688.76776,0.0016935656,0.096120246,0.84454525,1.0,-1.0,-5.1514991462579705,1.2159048196280628,-3.291151525116512,-10.244022471728432,-515.149914625797,94.7202425962928,-377.95188013298525,-715.4813486648122,0.20188498,0.6677808,1.0,-1.0,10.0,-5.510163759430328,1.647003292661938,-3.0985738778811585,-12.71188510354515,-551.0163759430328,143.95735222067287,-390.5288569407329,-832.1885805779239,0.0884449729364994,0.6864223319387208,1.0,-1.0,0.3873911967873694,0.0957075746107913,0.5804271677050087,0.2130367879280251,0.4020430908586692,0.1029498739914049,0.5696088424120794,0.2622324291242764,0.0,0.0,0.0,0.0,0.0,0.0,0.0,0.0,0.0,0.0,0.0,0.0,0.0,0.0,0.0,0.0,0.0,0.0,0.0,0.0,0.0,0.0,0.0,0.0,0.0,0.0,0.0,0.0,0.0,0.0,0.0,0.0,0.2957402601630742,0.1105699181665959,0.4916569594695085,0.0652835766975793,0.3209730470641925,0.104453260963129,0.4641078571088381,0.1629758844405124,0.4028274818325442,0.1374493611940692,0.6748410051724529,0.2058745754535036,0.4028274720995309,0.1374493592815966,0.6748398046726514,0.2058745754535036,0.6985677419956183,0.1801881524007609,0.9745444986086864,0.2910479149936831,0.7238005191637236,0.1469380553618033,0.9296105871520138,0.5110859344047831,0.0,0.0,0.0,0.0,0.0,0.0,0.0,0.0,22.01004686176624,4.9093642121355225,31.50837557922776,12.941945312871374,22.055591792331768,4.759463094587372,30.39576347986721,16.389872249087457,-1.0,0.0,-1.0,-1.0,-1.0,0.0,-1.0,-1.0,7372.631266680228,3396.174499664304,17867.439474743715,1836.3492339165305,7182.733123169352,3030.972947752171,14546.54058078277,3565.5096678866053,0.0,0.0,0.0,0.0,0.0,0.0,0.0,0.0,5.151499146257971,1.2159048196280628,10.244022471728432,3.291151525116512,4.694696185527072,0.6935270898469564,5.872178040235554,3.6101367617089686,-515.149914625797,212004.0,57000.0,570.0,19.49630804016488,5.593797256995458,5.195093267037009,30.285198564197344,1810.5519335727804,56.0
21.595572,28.48715,357.8578,-361.75793,204.81808,-30.048912,-677.0855,-361.1256,205.2892,-28.092121,-682.74036,-361.13812,204.71333,-30.086842,-681.42725,21.595572,38.96827,252.01273,3.861556e-05,28.487152,110.59489,1186.0969,3.2306707e-05,0.17270754,0.82048255,1.0,-1.0,-5.136180799326129,1.8311150183599836,-2.8530701600408315,-15.011151899434031,-513.6180799326129,130.940988442704,-329.4408613415101,-729.9038154598449,0.08649478,0.7152344,1.0,-1.0,10.0,-5.846451094974895,2.212280782703243,-2.0850580538630887,-16.02959155591163,-584.6451094974896,200.95556451237695,-282.58915685939525,-1075.6543975444265,0.055603474543313,0.6545908226201639,1.0,-1.0,0.3356699541440935,0.0714832898305085,0.5219101109505052,0.1792283020662285,0.3347432804357293,0.0892817806077056,0.5133509534315104,0.2087537618771257,0.0072727272727272,0.0849696105130757,1.0,0.0,0.0,0.0,0.0,0.0,0.0,0.0,0.0,0.0,0.0,0.0,0.0,0.0,0.0,0.0,0.0,0.0,0.0,0.0,0.0,0.0,0.0,0.0,0.0,0.0,0.0,0.0,0.0,0.0,0.2759801607576933,0.0984960827156108,0.5149742220729654,0.0490339014511924,0.3086038946779594,0.1092505430321979,0.5149742220729654,0.1486032927663129,0.3551249673829709,0.1439683020976194,0.6547958636690125,0.1566786295757142,0.3551249531880386,0.1439683050969277,0.6547946245301218,0.1566786295757142,0.6311051281406642,0.1895771924232282,1.1116688054950083,0.2670182965490502,0.6637288478659981,0.2135291528658282,1.1116688054950083,0.3665876878641707,0.0,0.0,0.0,0.0,0.0,0.0,0.0,0.0,18.14974790049748,4.350028946677665,31.560776761001705,8.979683164066985,17.705647575021125,4.065400079114059,28.71715331072065,11.73500957933097,-0.9963636363636365,0.0601925285718067,0.0,-1.0,-1.0,0.0,-1.0,-1.0,6363.313499924969,3726.7005064958903,29078.766773145653,1576.211170206088,6911.156519039513,3304.8615233652586,14739.902737341175,3326.0913393871747,0.0,0.0,0.0,0.0,0.0,0.0,0.0,0.0,5.136180799326129,1.8311150183599836,15.011151899434036,2.8530701600408315,4.86211083604143,1.4817858172589868,8.905451214083172,3.2598392433236447,-513.6180799326129,216004.0,58000.0,580.0,14.791401205970033,6.7089672700021765,4.449987273888837,25.95035574986105,1834.2876458646497,57.0
20.623634,22.77775,347.56366,-349.84546,204.80034,-17.910305,-711.3697,-349.54813,205.40865,-18.164932,-713.02313,-350.26562,204.95451,-20.423449,-716.6757,20.62363,42.340237,273.0835,1.858134e-05,22.777748,89.29952,974.96,8.405186e-08,0.078842185,0.83920085,1.0,-1.0,-6.021138637853356,3.2652107732192888,-2.892665237709892,-16.31621525144396,-602.1138637853355,312.72504924219527,-336.932249417986,-1329.3572379942716,0.04825094,0.7642322,1.0,-1.0,10.0,-5.27398896085637,1.1510867074116815,-3.200396942201844,-11.111341629317838,-527.3988960856368,75.0080960170383,-427.5714665848648,-692.7629092198449,0.0758849798709405,0.6854631657040393,1.0,-1.0,0.3488396535117125,0.1080492343518257,0.6035752353596935,0.2023088120517608,0.3606242223526892,0.1143071390821461,0.5654158757972032,0.2023088120517608,0.0,0.0,0.0,0.0,0.0,0.0,0.0,0.0,0.0,0.0,0.0,0.0,0.0,0.0,0.0,0.0,0.0,0.0,0.0,0.0,0.0,0.0,0.0,0.0,0.0,0.0,0.0,0.0,0.0,0.0,0.0,0.0,0.2779292258152775,0.0874076179059709,0.5022613829040158,0.0766963789053975,0.2756167031231942,0.0882405288465785,0.4551546232786445,0.1471262741068441,0.3948623035781644,0.0780879516764301,0.4953073400706247,0.2089363106757157,0.3948622906288874,0.0780879540543103,0.4953061671882094,0.2089363106757342,0.672791529393442,0.1038559396218305,0.8895632093578404,0.3966794383123243,0.6704789937520818,0.1029391429986232,0.8895632093578404,0.5275285475303317,0.0,0.0,0.0,0.0,0.0,0.0,0.0,0.0,22.916727307822526,4.373408125529948,30.83713889043692,15.410902535381156,22.814560216980485,4.780244238440306,30.18316454185779,17.34655870217925,-1.0,0.0,-1.0,-1.0,-1.0,0.0,-1.0,-1.0,7071.590387438306,4866.33984352457,43017.13662334821,2140.4562634928493,6613.369390946424,3374.0266414289267,12821.45770047512,2285.989771597908,0.0,0.0,0.0,0.0,0.0,0.0,0.0,0.0,6.021138637853356,3.2652107732192888,16.31621525144396,2.892665237709892,5.464140559465995,2.4998129539625067,11.525661832056118,2.9702663699883267,-602.1138637853355,220004.0,59000.0,590.0,23.35615580689773,4.486598515002697,5.761157982044097,33.603912303944526,1868.0631158525864,58.0
23.797727063527127,23.052420750024766,384.5716443931006,-323.8611974675893,201.201306984515,-17.910305,-711.3697,-324.17170532096577,183.2025931727396,-18.164932,-713.02313,-350.26562,204.95451,-20.423449,-716.6757,20.62363,42.340237,273.0835,1.858134e-05,22.777748,89.29952,974.96,8.405186e-08,0.078842185,0.83920085,1.0,-1.0,-6.021138637853356,3.2652107732192888,-2.892665237709892,-16.31621525144396,-617.7064182925052,319.04110073366127,-336.932249417986,-1329.3572379942716,0.04825094,0.7642322,1.0,-1.0,10.0,-5.27398896085637,1.1510867074116815,-3.200396942201844,-11.111341629317838,-516.1309082114473,74.61930464780583,-427.5714665848648,-692.7629092198449,0.0758849798709405,0.6854631657040393,1.0,-1.0,0.3488396535117125,0.1080492343518257,0.6035752353596935,0.2023088120517608,0.3606242223526892,0.1143071390821461,0.5654158757972032,0.2023088120517608,0.0,0.00998981709829717,0.0017961229532258824,0.00021488121748423146,0.012522602512872967,0.004052920318127006,0.0,0.0017861640537364673,0.013634081504596574,0.001835755400707081,0.0,0.0,0.0,0.02198906748385597,0.0,0.005048300443661084,0.016757664818604794,0.0,0.0,0.0,0.0,0.003778709092217972,0.0,0.0,0.00010602482618688746,0.0,0.0,0.0,0.012112812758190242,0.007747160127755368,0.006455071752122253,0.002066128635464512,0.28411263559313243,0.12394799058007856,0.47689244013599497,0.07630820042102018,0.2818001129010491,0.12478090152068616,0.42978568051062366,0.14673809562246676,0.3954738855352581,0.08817805025736196,0.501024849686879,0.22052581328684911,0.3954738725859811,0.08817805263524216,0.5010236768044637,0.22052581328686763,0.6790801846864472,0.13238326848715437,0.8681966782042668,0.4298064181306228,0.6767676490450869,0.13146647186394708,0.8681966782042668,0.5606555273486302,0.0,0.0,0.0,0.0,0.0,0.0,0.0,0.0,22.916727307822526,4.373408125529948,30.83713889043692,15.410902535381156,22.814560216980485,4.780244238440306,30.18316454185779,17.34655870217925,-1.0,0.0,-1.0,-1.0,-1.0,0.0,-1.0,-1.0,7071.590387438306,4866.33984352457,43017.13662334821,2140.4562634928493,6613.369390946424,3374.0266414289267,12821.45770047512,2285.989771597908,0.0,0.0,0.0,0.0,0.0,0.0,0.0,0.0,6.021138637853356,3.2652107732192888,16.31621525144396,2.892665237709892,5.464140559465995,2.4998129539625067,11.525661832056118,2.9702663699883267,-591.229796108744,224004.0,60000.0,600.0,28.812457265392382,4.355226702345673,5.600714152723812,30.24455538506156,1901.667028156531,59.0
25.55273801009839,22.374728218887366,296.9944385647981,-357.23625582185775,211.35965895584155,-17.910305,-711.3697,-340.55034062652527,205.41529438467535,-18.164932,-713.02313,-350.26562,204.95451,-20.423449,-716.6757,20.62363,42.340237,273.0835,1.858134e-05,22.777748,89.29952,974.96,8.405186e-08,0.078842185,0.83920085,1.0,-1.0,-6.021138637853356,3.2652107732192888,-2.892665237709892,-16.31621525144396,-595.0355642307717,319.6838276097223,-336.932249417986,-1329.3572379942716,0.04825094,0.7642322,1.0,-1.0,10.0,-5.27398896085637,1.1510867074116815,-3.200396942201844,-11.111341629317838,-532.1125702820659,73.35259342898334,-427.5714665848648,-692.7629092198449,0.0758849798709405,0.6854631657040393,1.0,-1.0,0.3488396535117125,0.1080492343518257,0.6035752353596935,0.2023088120517608,0.3606242223526892,0.1143071390821461,0.5654158757972032,0.2023088120517608,0.0,0.0038709355233522975,0.005403354373260279,0.0,0.0,0.003298608840272625,0.0,0.0,0.002508398004432766,0.0,0.008847317619286985,0.007613531129250048,0.0,0.01687871319232808,0.0,0.0035867220357237556,0.007275135016500417,0.013995891327580936,0.011553994995117318,0.024324152536279984,0.0,0.0,0.0,0.0024835191461656417,0.01787999038665623,0.016359124275794078,0.006888999237395489,0.0,0.0,0.00016283664226403763,0.01930121039756331,0.0,0.26742526031427744,0.09229021136755432,0.4520491208617321,0.1091645194213674,0.2651127376221941,0.09312312230816192,0.4049423612363608,0.179594414622814,0.38898061852625415,0.04130563891451375,0.4930902954377102,0.23146864285880217,0.38898060557697717,0.041305641292393946,0.4930891225552949,0.23146864285882068,0.6785773140212142,0.1123060164674439,0.8864462435741064,0.3672332867134077,0.676264778379854,0.11138921984423661,0.8864462435741064,0.4980823959314152,0.0,0.0,0.0,0.0,0.0,0.0,0.0,0.0,22.916727307822526,4.373408125529948,30.83713889043692,15.410902535381156,22.814560216980485,4.780244238440306,30.18316454185779,17.34655870217925,-1.0,0.0,-1.0,-1.0,-1.0,0.0,-1.0,-1.0,7071.590387438306,4866.33984352457,43017.13662334821,2140.4562634928493,6613.369390946424,3374.0266414289267,12821.45770047512,2285.989771597908,0.0,0.0,0.0,0.0,0.0,0.0,0.0,0.0,6.021138637853356,3.2652107732192888,16.31621525144396,2.892665237709892,5.464140559465995,2.4998129539625067,11.525661832056118,2.9702663699883267,-579.1520936675405,228004.0,61000.0,610.0,28.67043149439784,4.471428644797774,4.843310716352841,35.51041673312369,1935.2709404604755,60.0
20.02090632098619,22.859427373276418,333.330129425803,-361.8810602435248,211.85834697538957,-17.910305,-711.3697,-360.4769594479356,197.72993742840148,-18.164932,-713.02313,-350.26562,204.95451,-20.423449,-716.6757,20.62363,42.340237,273.0835,1.858134e-05,22.777748,89.29952,974.96,8.405186e-08,0.078842185,0.83920085,1.0,-1.0,-6.021138637853356,3.2652107732192888,-2.892665237709892,-16.31621525144396,-610.6570456625341,317.30626122357546,-336.932249417986,-1329.3572379942716,0.04825094,0.7642322,1.0,-1.0,10.0,-5.27398896085637,1.1510867074116815,-3.200396942201844,-11.111341629317838,-541.4947648036372,73.09419544664276,-427.5714665848648,-692.7629092198449,0.0758849798709405,0.6854631657040393,1.0,-1.0,0.3488396535117125,0.1080492343518257,0.6035752353596935,0.2023088120517608,0.3606242223526892,0.1143071390821461,0.5654158757972032,0.2023088120517608,0.0007495069201715393,0.0023816247755833776,0.0016642642731422512,0.006414578334908184,0.0008485623643372762,0.0,0.0,0.0,0.00730955328147014,0.0,0.021049021159925085,0.00824941996011955,0.004822742998335025,0.005744148538988817,0.004329134145479589,0.001215514390997732,4.6801886804500175e-05,0.0,0.0,0.0014733854363803266,0.007936284068193702,0.005659420309490586,0.0,0.0,0.0,0.0,0.0,0.0,0.0020425223616071563,0.028166375415267075,0.013596076873026431,0.0,0.3048284266546504,0.058474016218012306,0.48073407477871327,0.06870190263743269,0.30251590396256706,0.059306927158619904,0.43362731515334196,0.13913179783887927,0.37341474724198503,0.09445122166102086,0.5109869626313978,0.20320948322130145,0.37341473429270805,0.09445122403890106,0.5109857897489825,0.20320948322131996,0.6831377495468952,0.11482006884495971,0.8953882909179416,0.39218891218492397,0.680825213905535,0.11390327222175241,0.8953882909179416,0.5230380214029314,0.0,0.0,0.0,0.0,0.0,0.0,0.0,0.0,22.916727307822526,4.373408125529948,30.83713889043692,15.410902535381156,22.814560216980485,4.780244238440306,30.18316454185779,17.34655870217925,-1.0,0.0,-1.0,-1.0,-1.0,0.0,-1.0,-1.0,7071.590387438306,4866.33984352457,43017.13662334821,2140.4562634928493,6613.369390946424,3374.0266414289267,12821.45770047512,2285.989771597908,0.0,0.0,0.0,0.0,0.0,0.0,0.0,0.0,6.021138637853356,3.2652107732192888,16.31621525144396,2.892665237709892,5.464140559465995,2.4998129539625067,11.525661832056118,2.9702663699883267,-601.6835281650995,232004.0,62000.0,620.0,19.422448060922196,4.717989352845464,5.904852868080014,33.017789004420855,1968.87485276442,61.0
18.839001864999645,25.420212256907,329.32635354124676,-369.8907540911632,194.55702756231523,-17.910305,-711.3697,-344.7209235978683,214.12133630224162,-18.164932,-713.02313,-350.26562,204.95451,-20.423449,-716.6757,20.62363,42.340237,273.0835,1.858134e-05,22.777748,89.29952,974.96,8.405186e-08,0.078842185,0.83920085,1.0,-1.0,-6.021138637853356,3.2652107732192888,-2.892665237709892,-16.31621525144396,-585.7465542371704,315.21447867950513,-336.932249417986,-1329.3572379942716,0.04825094,0.7642322,1.0,-1.0,10.0,-5.27398896085637,1.1510867074116815,-3.200396942201844,-11.111341629317838,-529.6075780633637,76.38008399625484,-427.5714665848648,-692.7629092198449,0.0758849798709405,0.6854631657040393,1.0,-1.0,0.3488396535117125,0.1080492343518257,0.6035752353596935,0.2023088120517608,0.3606242223526892,0.1143071390821461,0.5654158757972032,0.2023088120517608,0.011459801598521084,0.0067037926181142665,0.0,0.0,0.003188117009068454,0.0003588729377949125,0.0,0.0,0.0,0.004894822173009113,0.0,0.0,0.0,0.0,0.006292092032574084,0.0040754941026978,0.0,0.0,0.0,0.016849565786658586,0.015067109219521747,0.006384373918256853,0.005192080054147058,0.018925773716093514,0.0,0.005713995220941063,0.0,0.0,0.0,0.006526270901267405,0.0,0.0,0.2648612468953379,0.10147254215101711,0.5148609483824623,0.07666432596842701,0.2625487242032546,0.1023054530916247,0.467754188757091,0.1470942211698736,0.3805336514414973,0.04161735555600419,0.4848062462440615,0.17671306163302813,0.3805336384922203,0.04161735793388439,0.4848050733616462,0.17671306163304665,0.664312742132873,0.08314236631702565,0.9006459854003904,0.3927276992241328,0.6620002064915127,0.08222556969381835,0.9006459854003904,0.5235768084421403,0.0,0.0,0.0,0.0,0.0,0.0,0.0,0.0,22.916727307822526,4.373408125529948,30.83713889043692,15.410902535381156,22.814560216980485,4.780244238440306,30.18316454185779,17.34655870217925,-1.0,0.0,-1.0,-1.0,-1.0,0.0,-1.0,-1.0,7071.590387438306,4866.33984352457,43017.13662334821,2140.4562634928493,6613.369390946424,3374.0266414289267,12821.45770047512,2285.989771597908,0.0,0.0,0.0,0.0,0.0,0.0,0.0,0.0,6.021138637853356,3.2652107732192888,16.31621525144396,2.892665237709892,5.464140559465995,2.4998129539625067,11.525661832056118,2.9702663699883267,-605.7821598653945,236004.0,63000.0,630.0,17.139318850467394,3.9807727156284742,5.816253101702196,36.76634401128662,2002.4787650683645,62.0
23.15059063223545,23.743303969111643,367.9975791739562,-357.13309346199094,212.0115272528739,-17.910305,-711.3697,-370.5887588677651,207.56639833526836,-18.164932,-713.02313,-350.26562,204.95451,-20.423449,-716.6757,20.62363,42.340237,273.0835,1.858134e-05,22.777748,89.29952,974.96,8.405186e-08,0.078842185,0.83920085,1.0,-1.0,-6.021138637853356,3.2652107732192888,-2.892665237709892,-16.31621525144396,-620.8810137201131,306.9789698549374,-336.932249417986,-1329.3572379942716,0.04825094,0.7642322,1.0,-1.0,10.0,-5.27398896085637,1.1510867074116815,-3.200396942201844,-11.111341629317838,-514.0456564775448,75.55881971294578,-427.5714665848648,-692.7629092198449,0.0758849798709405,0.6854631657040393,1.0,-1.0,0.3488396535117125,0.1080492343518257,0.6035752353596935,0.2023088120517608,0.3606242223526892,0.1143071390821461,0.5654158757972032,0.2023088120517608,0.019960633255601788,0.0017617471499566499,0.0,0.011249462438317146,0.0,0.001556595197411127,0.00569411680189075,0.004878238254624969,0.0,0.003621083776230523,0.013555824559180168,0.009165392074661266,0.007416969653411414,0.0,0.0,0.006852801992587332,0.0025054953171896174,0.0028063897014150648,0.0041010672282404004,0.0,0.0,0.0,0.01664115152571359,0.0059459927799950145,0.009006387348451213,0.004346219967265372,0.0,0.012298653367466614,0.0,0.010921304857622221,0.01873133639203107,0.019857859831388495,0.2815386938797604,0.0735821711009792,0.4860037447109276,0.09584207588288118,0.27922617118767706,0.0744150820415868,0.4388969850855563,0.16627197108432779,0.37955008422903347,0.09669736781164373,0.49151644964138086,0.21241520328264676,0.3795500712797565,0.09669737018952393,0.49151527675896556,0.21241520328266528,0.6727285273387189,0.11076468526660378,0.8701786535387285,0.3673498891274983,0.6704159916973587,0.10984788864339648,0.8701786535387285,0.49819899834550574,0.0,0.0,0.0,0.0,0.0,0.0,0.0,0.0,22.916727307822526,4.373408125529948,30.83713889043692,15.410902535381156,22.814560216980485,4.780244238440306,30.18316454185779,17.34655870217925,-1.0,0.0,-1.0,-1.0,-1.0,0.0,-1.0,-1.0,7071.590387438306,4866.33984352457,43017.13662334821,2140.4562634928493,6613.369390946424,3374.0266414289267,12821.45770047512,2285.989771597908,0.0,0.0,0.0,0.0,0.0,0.0,0.0,0.0,6.021138637853356,3.2652107732192888,16.31621525144396,2.892665237709892,5.464140559465995,2.4998129539625067,11.525661832056118,2.9702663699883267,-579.9955100570742,240004.0,64000.0,640.0,22.0723491399417,4.0027353177529434,5.783823246515376,36.88080743459074,2036.082677372309,63.0
16.406863579595203,21.649041213986642,339.030111894807,-367.9633018498714,195.23777595682373,-17.910305,-711.3697,-348.78965391115173,213.04931629625034,-18.164932,-713.02313,-350.26562,204.95451,-20.423449,-716.6757,20.62363,42.340237,273.0835,1.858134e-05,22.777748,89.29952,974.96,8.405186e-08,0.078842185,0.83920085,1.0,-1.0,-6.021138637853356,3.2652107732192888,-2.892665237709892,-16.31621525144396,-599.1405432848268,306.08748381519797,-336.932249417986,-1329.3572379942716,0.04825094,0.7642322,1.0,-1.0,10.0,-5.27398896085637,1.1510867074116815,-3.200396942201844,-11.111341629317838,-515.3254318072104,76.3303840415681,-427.5714665848648,-692.7629092198449,0.0758849798709405,0.6854631657040393,1.0,-1.0,0.3488396535117125,0.1080492343518257,0.6035752353596935,0.2023088120517608,0.3606242223526892,0.1143071390821461,0.5654158757972032,0.2023088120517608,0.001439439286903994,0.0,0.020788585926708174,0.006609581800617531,0.00608572948741266,0.0,0.009317985521306372,0.0,0.0008407410179402614,0.0,0.0069686308871384495,0.02093365716666392,0.00399610233527738,0.003966165003129591,0.0,0.0,0.0,0.0,0.006995831938747152,0.006069977694051607,0.0,0.0,0.0,0.0,0.015336703923686997,0.011877632410047698,0.0025061712357298898,0.016597163096958294,0.005840877909020112,0.0,0.0,0.0,0.2684620442234429,0.07266193040971634,0.49467513998186885,0.07853435317260955,0.26614952153135957,0.07349484135032394,0.44756838035649754,0.14896424837405614,0.3828088508019247,0.07079584708065893,0.5059894670614699,0.21388544248241192,0.38280883785264774,0.07079584945853913,0.5059882941790546,0.21388544248243044,0.6571902403030465,0.0955695138132969,0.8950857784179812,0.36374850414059867,0.6548777046616863,0.0946527171900896,0.8950857784179812,0.49459761335860614,0.0,0.0,0.0,0.0,0.0,0.0,0.0,0.0,22.916727307822526,4.373408125529948,30.83713889043692,15.410902535381156,22.814560216980485,4.780244238440306,30.18316454185779,17.34655870217925,-1.0,0.0,-1.0,-1.0,-1.0,0.0,-1.0,-1.0,7071.590387438306,4866.33984352457,43017.13662334821,2140.4562634928493,6613.369390946424,3374.0266414289267,12821.45770047512,2285.989771597908,0.0,0.0,0.0,0.0,0.0,0.0,0.0,0.0,6.021138637853356,3.2652107732192888,16.31621525144396,2.892665237709892,5.464140559465995,2.4998129539625067,11.525661832056118,2.9702663699883267,-616.3925957119253,244004.0,65000.0,650.0,19.984079850712103,4.225810357133832,5.4633277071224695,29.905700098189882,2069.686589676254,64.0
20.6831935286063,22.80756644209616,382.9190295912373,-353.5643104658611,229.22175466237974,-17.910305,-711.3697,-337.3183325497412,217.0018350879199,-18.164932,-713.02313,-350.26562,204.95451,-20.423449,-716.6757,20.62363,42.340237,273.0835,1.858134e-05,22.777748,89.29952,974.96,8.405186e-08,0.078842185,0.83920085,1.0,-1.0,-6.021138637853356,3.2652107732192888,-2.892665237709892,-16.31621525144396,-606.3240977875624,306.2730264801975,-336.932249417986,-1329.3572379942716,0.04825094,0.7642322,1.0,-1.0,10.0,-5.27398896085637,1.1510867074116815,-3.200396942201844,-11.111341629317838,-540.43897943785,75.68577422054355,-427.5714665848648,-692.7629092198449,0.0758849798709405,0.6854631657040393,1.0,-1.0,0.3488396535117125,0.1080492343518257,0.6035752353596935,0.2023088120517608,0.3606242223526892,0.1143071390821461,0.5654158757972032,0.2023088120517608,0.011790022694606914,0.0,0.0,0.010310473867010967,0.002530985807897825,0.003922347808604386,0.0,0.0,5.6158580461534965e-05,0.005596247918303829,0.005873522993139809,0.0,0.01836362944636117,0.0,0.009278809337820316,0.0,0.0,0.0,0.0,0.0173610344729769,0.019235027450057136,0.015963145919330606,0.0,0.00874264242546268,0.0,0.019222148260173818,0.0,0.0,0.013301566717008455,0.015880437382341336,0.00432206693629798,0.0,0.28422119257255435,0.11073591677327885,0.49660151762327664,0.10821512811776993,0.28190866988047103,0.11156882771388645,0.44949475799790534,0.17864502331921653,0.42319156297690214,0.0927669418259386,0.4706137413113395,0.23197312943110338,0.42319155002762515,0.0927669442038188,0.4706125684289242,0.2319731294311219,0.6672090888650885,0.09166099416420309,0.8794563499522852,0.39442060552855324,0.6648965532237282,0.0907441975409958,0.8794563499522852,0.5252697147465607,0.0,0.0,0.0,0.0,0.0,0.0,0.0,0.0,22.916727307822526,4.373408125529948,30.83713889043692,15.410902535381156,22.814560216980485,4.780244238440306,30.18316454185779,17.34655870217925,-1.0,0.0,-1.0,-1.0,-1.0,0.0,-1.0,-1.0,7071.590387438306,4866.33984352457,43017.13662334821,2140.4562634928493,6613.369390946424,3374.0266414289267,12821.45770047512,2285.989771597908,0.0,0.0,0.0,0.0,0.0,0.0,0.0,0.0,6.021138637853356,3.2652107732192888,16.31621525144396,2.892665237709892,5.464140559465995,2.4998129539625067,11.525661832056118,2.9702663699883267,-607.4805714838175,248004.0,66000.0,660.0,22.851097185895295,4.837398019893235,6.138408716319761,34.07154577869847,2103.2905019801983,65.0
21.073006701782415,23.98661706533488,405.58703961112565,-332.12133865523737,208.94413761069833,-17.910305,-711.3697,-385.3409861125982,204.2009223038466,-18.164932,-713.02313,-350.26562,204.95451,-20.423449,-716.6757,20.62363,42.340237,273.0835,1.858134e-05,22.777748,89.29952,974.96,8.405186e-08,0.078842185,0.83920085,1.0,-1.0,-6.021138637853356,3.2652107732192888,-2.892665237709892,-16.31621525144396,-584.9908183857565,311.4312144916804,-336.932249417986,-1329.3572379942716,0.04825094,0.7642322,1.0,-1.0,10.0,-5.27398896085637,1.1510867074116815,-3.200396942201844,-11.111341629317838,-521.8441330303875,75.30301169055701,-427.5714665848648,-692.7629092198449,0.0758849798709405,0.6854631657040393,1.0,-1.0,0.3488396535117125,0.1080492343518257,0.6035752353596935,0.2023088120517608,0.3606242223526892,0.1143071390821461,0.5654158757972032,0.2023088120517608,0.0,0.0,0.0,0.0,0.0,0.02647264406971329,0.0,0.0,0.01429483888513261,0.008355947570932198,0.006126976235656384,0.0,0.0,0.0,0.0,0.016091133040386344,0.011021908433328054,0.0,0.0,0.0,0.0,0.0,0.0,0.0,0.004095659088738113,0.007903212284575556,0.0,0.010124416162819259,0.006076349124564291,0.008189628249381267,0.005903793912092302,0.0014529728056067834,0.3128125144589779,0.08182934927268234,0.5287035253461319,0.06676432845027525,0.3104999917668946,0.08266226021328994,0.4815967657207605,0.13719422365172182,0.37866385860013785,0.08481211705009187,0.5018543015886434,0.21827556593998773,0.37866384565086086,0.08481211942797207,0.5018531287062281,0.21827556594000624,0.6452533367944886,0.08924947052846119,0.8898111735241677,0.4009767118980258,0.6429408011531283,0.08833267390525387,0.8898111735241677,0.5318258211160333,0.0,0.0,0.0,0.0,0.0,0.0,0.0,0.0,22.916727307822526,4.373408125529948,30.83713889043692,15.410902535381156,22.814560216980485,4.780244238440306,30.18316454185779,17.34655870217925,-1.0,0.0,-1.0,-1.0,-1.0,0.0,-1.0,-1.0,7071.590387438306,4866.33984352457,43017.13662334821,2140.4562634928493,6613.369390946424,3374.0266414289267,12821.45770047512,2285.989771597908,0.0,0.0,0.0,0.0,0.0,0.0,0.0,0.0,6.021138637853356,3.2652107732192888,16.31621525144396,2.892665237709892,5.464140559465995,2.4998129539625067,11.525661832056118,2.9702663699883267,-630.5657700213405,252004.0,67000.0,670.0,21.75624287385346,4.3198491263292045,5.030382989807896,30.344194479505166,2136.894414284143,66.0
19.739267758900652,22.840892832432257,349.79862233609333,-341.41947294066415,220.7687966786032,-17.910305,-711.3697,-317.4197369672991,182.27116099390156,-18.164932,-713.02313,-350.26562,204.95451,-20.423449,-716.6757,20.62363,42.340237,273.0835,1.858134e-05,22.777748,89.29952,974.96,8.405186e-08,0.078842185,0.83920085,1.0,-1.0,-6.021138637853356,3.2652107732192888,-2.892665237709892,-16.31621525144396,-576.9490209043807,315.43811153926373,-336.932249417986,-1329.3572379942716,0.04825094,0.7642322,1.0,-1.0,10.0,-5.27398896085637,1.1510867074116815,-3.200396942201844,-11.111341629317838,-516.9782724088349,76.85898829006767,-427.5714665848648,-692.7629092198449,0.0758849798709405,0.6854631657040393,1.0,-1.0,0.3488396535117125,0.1080492343518257,0.6035752353596935,0.2023088120517608,0.3606242223526892,0.1143071390821461,0.5654158757972032,0.2023088120517608,0.010306573826002497,0.0,0.0,0.0,0.003995504825941668,0.013004887771075665,0.0,0.0,0.0,0.0,0.0,0.0,0.005977909172591308,0.005341559481671088,0.00048582746355936687,0.0,0.018147337536302523,0.0,0.010897425021722711,0.0,0.0,0.0,0.0,0.015344310975606908,0.0,0.0,0.009660313592361336,0.003864522705608435,0.0,0.006696487790606228,0.0,0.0,0.2880477193538686,0.0956133834311335,0.49068398882967057,0.05952549087357073,0.28573519666178526,0.0964462943717411,0.44357722920429926,0.1299553860750173,0.3970923801299922,0.07826976177671002,0.5097587143105211,0.20974288957473178,0.3970923671807152,0.07826976415459022,0.5097575414281058,0.2097428895747503,0.6718054339869093,0.12578305723376368,0.8816289110481353,0.37944263328646183,0.669492898345549,0.12486626061055638,0.8816289110481353,0.5102917425044693,0.0,0.0,0.0,0.0,0.0,0.0,0.0,0.0,22.916727307822526,4.373408125529948,30.83713889043692,15.410902535381156,22.814560216980485,4.780244238440306,30.18316454185779,17.34655870217925,-1.0,0.0,-1.0,-1.0,-1.0,0.0,-1.0,-1.0,7071.590387438306,4866.33984352457,43017.13662334821,2140.4562634928493,6613.369390946424,3374.0266414289267,12821.45770047512,2285.989771597908,0.0,0.0,0.0,0.0,0.0,0.0,0.0,0.0,6.021138637853356,3.2652107732192888,16.31621525144396,2.892665237709892,5.464140559465995,2.4998129539625067,11.525661832056118,2.9702663699883267,-608.4500365230872,256004.0,68000.0,680.0,18.749317994064448,3.9245012177034306,5.333974097493836,31.436391042195307,2170.4983265880874,67.0
19.60494196883037,24.702884758925318,336.6275628135802,-351.7550482087167,208.6469389432188,-17.910305,-711.3697,-322.40371410774225,199.43101396259908,-18.164932,-713.02313,-350.26562,204.95451,-20.423449,-716.6757,20.62363,42.340237,273.0835,1.858134e-05,22.777748,89.29952,974.96,8.405186e-08,0.078842185,0.83920085,1.0,-1.0,-6.021138637853356,3.2652107732192888,-2.892665237709892,-16.31621525144396,-593.648683823563,310.26182904551774,-336.932249417986,-1329.3572379942716,0.04825094,0.7642322,1.0,-1.0,10.0,-5.27398896085637,1.1510867074116815,-3.200396942201844,-11.111341629317838,-543.0173215723834,75.47753966490534,-427.5714665848648,-692.7629092198449,0.0758849798709405,0.6854631657040393,1.0,-1.0,0.3488396535117125,0.1080492343518257,0.6035752353596935,0.2023088120517608,0.3606242223526892,0.1143071390821461,0.5654158757972032,0.2023088120517608,0.0019083738768591182,0.0,0.011090402955608114,0.0016367126847131712,0.015485052155731505,0.0,0.0,0.0,0.0,0.0,0.002766498230652454,0.0010638696110813574,0.0,0.0,0.0,0.0,0.0,0.0,0.0,0.0,0.0021446221356247433,0.000985826254421578,0.0,0.004544868450572455,0.0,0.01127250160405446,0.0,0.0,0.0,0.00840447053193062,0.0,0.0,0.29614906642982974,0.05318606374587934,0.5367985400644631,0.07698252495719182,0.2938365437377464,0.05401897468648694,0.4896917804390919,0.1474124201586384,0.3656456117816152,0.05906782474252059,0.4804331861612267,0.25061418430339244,0.3656455988323382,0.05906782712040079,0.4804320132788114,0.2506141843034109,0.7032489368567152,0.11951913781649251,0.8675820112495425,0.40947555391858986,0.7009364012153549,0.11860234119328521,0.8675820112495425,0.5403246631365973,0.0,0.0,0.0,0.0,0.0,0.0,0.0,0.0,22.916727307822526,4.373408125529948,30.83713889043692,15.410902535381156,22.814560216980485,4.780244238440306,30.18316454185779,17.34655870217925,-1.0,0.0,-1.0,-1.0,-1.0,0.0,-1.0,-1.0,7071.590387438306,4866.33984352457,43017.13662334821,2140.4562634928493,6613.369390946424,3374.0266414289267,12821.45770047512,2285.989771597908,0.0,0.0,0.0,0.0,0.0,0.0,0.0,0.0,6.021138637853356,3.2652107732192888,16.31621525144396,2.892665237709892,5.464140559465995,2.4998129539625067,11.525661832056118,2.9702663699883267,-576.8886232306156,260004.0,69000.0,690.0,23.15165848454359,4.18469232987072,5.988835406890232,35.415082319465625,2204.102238892032,68.0
19.19744446600333,24.317135442232804,382.3676583314035,-392.3164051114358,201.74566664277248,-17.910305,-711.3697,-331.1778887432138,203.78414703355847,-18.164932,-713.02313,-350.26562,204.95451,-20.423449,-716.6757,20.62363,42.340237,273.0835,1.858134e-05,22.777748,89.29952,974.96,8.405186e-08,0.078842185,0.83920085,1.0,-1.0,-6.021138637853356,3.2652107732192888,-2.892665237709892,-16.31621525144396,-599.379394484871,310.5641892058735,-336.932249417986,-1329.3572379942716,0.04825094,0.7642322,1.0,-1.0,10.0,-5.27398896085637,1.1510867074116815,-3.200396942201844,-11.111341629317838,-534.1157526162292,76.89883549960544,-427.5714665848648,-692.7629092198449,0.0758849798709405,0.6854631657040393,1.0,-1.0,0.3488396535117125,0.1080492343518257,0.6035752353596935,0.2023088120517608,0.3606242223526892,0.1143071390821461,0.5654158757972032,0.2023088120517608,0.0,0.0,0.0,0.015073295676917356,0.01194328107304998,0.0,0.0,0.0008378243343519855,0.009167501267893658,0.0,0.008931048480901142,0.0,0.0,0.00731543253254421,0.008338755693659522,0.011363620972075342,0.001551289328504497,0.0023113866921481044,0.007832329205392907,0.01048021889312157,0.0,0.00024251013475111452,0.0,0.0005581780633675342,0.02800038507238362,0.0,0.002951060652360347,0.009742503024490345,0.0,0.0,0.0,0.00887252897406272,0.3153604801155853,0.08703130920090565,0.5043486074455678,0.03409349621664576,0.313047957423502,0.08786422014151325,0.45724184782019645,0.10452339141809235,0.4038768706676505,0.06020399223686417,0.4663290640228553,0.1879234652639718,0.4038768577183735,0.06020399461474437,0.46632789114044,0.1879234652639903,0.6673960617986958,0.10125280116529149,0.9021787335326469,0.4327765784318589,0.6650835261573356,0.10033600454208419,0.9021787335326469,0.5636256876498664,0.0,0.0,0.0,0.0,0.0,0.0,0.0,0.0,22.916727307822526,4.373408125529948,30.83713889043692,15.410902535381156,22.814560216980485,4.780244238440306,30.18316454185779,17.34655870217925,-1.0,0.0,-1.0,-1.0,-1.0,0.0,-1.0,-1.0,7071.590387438306,4866.33984352457,43017.13662334821,2140.4562634928493,6613.369390946424,3374.0266414289267,12821.45770047512,2285.989771597908,0.0,0.0,0.0,0.0,0.0,0.0,0.0,0.0,6.021138637853356,3.2652107732192888,16.31621525144396,2.892665237709892,5.464140559465995,2.4998129539625067,11.525661832056118,2.9702663699883267,-610.4590587691965,264004.0,70000.0,700.0,24.182888791643737,3.994028394425688,6.800638113183976,33.98320657443737,2237.7061511959764,69.0
17.557151430185623,23.093067691290948,393.5460099506404,-358.22520541867743,196.26444736666457,-17.910305,-711.3697,-350.37552577187836,220.35292177862405,-18.164932,-713.02313,-350.26562,204.95451,-20.423449,-716.6757,20.62363,42.340237,273.0835,1.858134e-05,22.777748,89.29952,974.96,8.405186e-08,0.078842185,0.83920085,1.0,-1.0,-6.021138637853356,3.2652107732192888,-2.892665237709892,-16.31621525144396,-612.435313565251,312.19880747238244,-336.932249417986,-1329.3572379942716,0.04825094,0.7642322,1.0,-1.0,10.0,-5.27398896085637,1.1510867074116815,-3.200396942201844,-11.111341629317838,-530.6587255812126,73.98859682778546,-427.5714665848648,-692.7629092198449,0.0758849798709405,0.6854631657040393,1.0,-1.0,0.3488396535117125,0.1080492343518257,0.6035752353596935,0.2023088120517608,0.3606242223526892,0.1143071390821461,0.5654158757972032,0.2023088120517608,0.007225963509666061,0.0023002098150746494,0.002184697510328201,0.0,0.0003365544948228428,0.0,0.0,0.0,0.0016236159728440136,0.001151648694767969,0.0,0.014348939392302465,0.0,0.005789952960903149,0.004600101400982814,0.0,0.0,0.002482093443610643,0.005299856217430873,0.005788024980715904,0.0,0.012939362920212525,0.009105671229651996,0.005563889097031864,0.0060213182285048,0.005080456037986638,0.002471762500507532,0.009574399742027036,0.0008501903997069547,0.01020160743987609,0.016893536693616637,0.0036320793990055667,0.28108863649769256,0.063214375176563,0.5097358052060216,0.07390938719896567,0.27877611380560924,0.06404728611717062,0.46262904558065027,0.14433928240041224,0.4108339431704473,0.09445671735401258,0.5147474629696627,0.1965240299306231,0.4108339302211703,0.09445671973189278,0.5147462900872474,0.1965240299306416,0.6929322396933238,0.09109077549023865,0.8737226249605801,0.38842539498148076,0.6906197040519636,0.09017397886703135,0.8737226249605801,0.5192745041994882,0.0,0.0,0.0,0.0,0.0,0.0,0.0,0.0,22.916727307822526,4.373408125529948,30.83713889043692,15.410902535381156,22.814560216980485,4.780244238440306,30.18316454185779,17.34655870217925,-1.0,0.0,-1.0,-1.0,-1.0,0.0,-1.0,-1.0,7071.590387438306,4866.33984352457,43017.13662334821,2140.4562634928493,6613.369390946424,3374.0266414289267,12821.45770047512,2285.989771597908,0.0,0.0,0.0,0.0,0.0,0.0,0.0,0.0,6.021138637853356,3.2652107732192888,16.31621525144396,2.892665237709892,5.464140559465995,2.4998129539625067,11.525661832056118,2.9702663699883267,-601.4114860358035,268004.0,71000.0,710.0,22.716495329988604,4.792795995802472,5.181326194554723,32.99576301625894,2271.310063499921,70.0
18.35455409971431,23.605434230497444,357.964954370435,-349.47225099999076,203.132573610846,-17.910305,-711.3697,-350.7378879682596,200.2791038029767,-18.164932,-713.02313,-350.26562,204.95451,-20.423449,-716.6757,20.62363,42.340237,273.0835,1.858134e-05,22.777748,89.29952,974.96,8.405186e-08,0.078842185,0.83920085,1.0,-1.0,-6.021138637853356,3.2652107732192888,-2.892665237709892,-16.31621525144396,-588.0457424584802,311.6198014743052,-336.932249417986,-1329.3572379942716,0.04825094,0.7642322,1.0,-1.0,10.0,-5.27398896085637,1.1510867074116815,-3.200396942201844,-11.111341629317838,-536.5458924650546,71.85202463929502,-427.5714665848648,-692.7629092198449,0.0758849798709405,0.6854631657040393,1.0,-1.0,0.3488396535117125,0.1080492343518257,0.6035752353596935,0.2023088120517608,0.3606242223526892,0.1143071390821461,0.5654158757972032,0.2023088120517608,0.0,0.015831449310352567,0.0,0.0,0.0023359596429761444,0.0,0.002317650976087138,0.0,0.00862725299994428,0.0,0.002027016691109016,0.009059858233556399,0.0,0.0,0.0006306021286799464,0.0,0.0,0.014723496526098324,0.01328849675165638,0.006298020464014252,0.0,0.0,0.0005701120385999292,0.0,0.022479003302771205,0.0,0.0,0.0,0.005912740916863762,0.0,0.0,0.0,0.2849327062675405,0.09040408248999991,0.48199866507696054,0.0694644751213083,0.2826201835754572,0.09123699343060751,0.43489190545158923,0.1398943703227549,0.3660044486583231,0.07091748682612124,0.47359814846012976,0.2242178777104606,0.3660044357090461,0.07091748920400144,0.47359697557771446,0.2242178777104791,0.6635019039603476,0.12088755912496824,0.8895890044041848,0.3882891682786073,0.6611893683189873,0.11997076250176092,0.8895890044041848,0.5191382774966148,0.0,0.0,0.0,0.0,0.0,0.0,0.0,0.0,22.916727307822526,4.373408125529948,30.83713889043692,15.410902535381156,22.814560216980485,4.780244238440306,30.18316454185779,17.34655870217925,-1.0,0.0,-1.0,-1.0,-1.0,0.0,-1.0,-1.0,7071.590387438306,4866.33984352457,43017.13662334821,2140.4562634928493,6613.369390946424,3374.0266414289267,12821.45770047512,2285.989771597908,0.0,0.0,0.0,0.0,0.0,0.0,0.0,0.0,6.021138637853356,3.2652107732192888,16.31621525144396,2.892665237709892,5.464140559465995,2.4998129539625067,11.525661832056118,2.9702663699883267,-615.8760867962988,272004.0,72000.0,720.0,26.80436205796774,4.52929131791591,6.166343934865158,33.39390902330889,2304.9139758038655,71.0
16.65397823891005,25.814263904493586,327.81252135665534,-339.0993319783756,186.40968725755587,-17.910305,-711.3697,-358.73234519997095,194.39001131695343,-18.164932,-713.02313,-350.26562,204.95451,-20.423449,-716.6757,20.62363,42.340237,273.0835,1.858134e-05,22.777748,89.29952,974.96,8.405186e-08,0.078842185,0.83920085,1.0,-1.0,-6.021138637853356,3.2652107732192888,-2.892665237709892,-16.31621525144396,-621.5483114150994,314.80673155137606,-336.932249417986,-1329.3572379942716,0.04825094,0.7642322,1.0,-1.0,10.0,-5.27398896085637,1.1510867074116815,-3.200396942201844,-11.111341629317838,-539.1446459945322,76.42232660863205,-427.5714665848648,-692.7629092198449,0.0758849798709405,0.6854631657040393,1.0,-1.0,0.3488396535117125,0.1080492343518257,0.6035752353596935,0.2023088120517608,0.3606242223526892,0.1143071390821461,0.5654158757972032,0.2023088120517608,0.02524652485206111,0.0026220199354852446,0.0,0.005109834587787672,0.013107690843719716,0.0,0.0,0.003409005415690816,0.004213662576003836,0.008855404578506932,0.0,0.0,0.0024140936818360386,0.017326764786493427,0.0,0.02566893957894818,0.0,0.0,0.0050260999134639096,0.004553415939624882,0.0014811633865882453,0.005056983506484036,0.0,0.004770014192673058,0.0,0.0011156289120436212,0.0,0.0,0.0058361201231493685,0.007595035865674484,0.0,0.008436842209077415,0.26004585874575525,0.10197235481159249,0.49520742755198754,0.05750115032181238,0.25773333605367194,0.10280526575220009,0.44810066792661624,0.12793104552325896,0.3960114517081646,0.05892008457194897,0.5131327441553353,0.21238341538173056,0.3960114387588876,0.05892008694982917,0.51313157127292,0.21238341538174907,0.6557019819193449,0.12581559801414718,0.9197973626638191,0.4304299287871738,0.6533894462779847,0.12489880139093988,0.9197973626638191,0.5612790380051813,0.0,0.0,0.0,0.0,0.0,0.0,0.0,0.0,22.916727307822526,4.373408125529948,30.83713889043692,15.410902535381156,22.814560216980485,4.780244238440306,30.18316454185779,17.34655870217925,-1.0,0.0,-1.0,-1.0,-1.0,0.0,-1.0,-1.0,7071.590387438306,4866.33984352457,43017.13662334821,2140.4562634928493,6613.369390946424,3374.0266414289267,12821.45770047512,2285.989771597908,0.0,0.0,0.0,0.0,0.0,0.0,0.0,0.0,6.021138637853356,3.2652107732192888,16.31621525144396,2.892665237709892,5.464140559465995,2.4998129539625067,11.525661832056118,2.9702663699883267,-590.1133062626866,276004.0,73000.0,730.0,26.410186389552734,4.8566839212980835,5.543476782093378,32.519658338040294,2338.51788810781,72.0
22.67829475110561,22.070569425384782,268.8392422377021,-364.825934592091,198.6535154744631,-17.910305,-711.3697,-339.92154124611625,209.05954757863086,-18.164932,-713.02313,-350.26562,204.95451,-20.423449,-716.6757,20.62363,42.340237,273.0835,1.858134e-05,22.777748,89.29952,974.96,8.405186e-08,0.078842185,0.83920085,1.0,-1.0,-6.021138637853356,3.2652107732192888,-2.892665237709892,-16.31621525144396,-587.9069992559714,313.278278364885,-336.932249417986,-1329.3572379942716,0.04825094,0.7642322,1.0,-1.0,10.0,-5.27398896085637,1.1510867074116815,-3.200396942201844,-11.111341629317838,-535.557642990326,77.21857620814514,-427.5714665848648,-692.7629092198449,0.0758849798709405,0.6854631657040393,1.0,-1.0,0.3488396535117125,0.1080492343518257,0.6035752353596935,0.2023088120517608,0.3606242223526892,0.1143071390821461,0.5654158757972032,0.2023088120517608,0.0,0.009019469257196315,0.0,0.005871971269249151,0.0,0.016594631541230746,0.009226997982456013,0.0,0.0,0.008931011836697538,0.010736836861196888,0.021761758039714807,0.005774988746874708,0.002978027835582609,0.001787465197271417,0.0,0.0,0.0012176077592327005,0.0,0.0,0.002056792863870677,0.0,0.0,0.02212425337569129,0.0075507544321576775,0.0,0.004267863879210778,0.0,0.0,0.0019809141929812597,0.003922707134914659,0.0,0.2943881355429885,0.10978400962905191,0.5005566639040447,0.07134589732331102,0.29207561285090516,0.11061692056965951,0.45344990427867343,0.1417757925247576,0.4216415906045168,0.037326863857223426,0.49562861566278,0.24718057444192842,0.4216415776552398,0.037326866235103624,0.4956274427803647,0.24718057444194694,0.6586386345268608,0.1320192988386006,0.9200104461304874,0.3757491897643461,0.6563260988855005,0.1311025022153933,0.9200104461304874,0.5065982989823536,0.0,0.0,0.0,0.0,0.0,0.0,0.0,0.0,22.916727307822526,4.373408125529948,30.83713889043692,15.410902535381156,22.814560216980485,4.780244238440306,30.18316454185779,17.34655870217925,-1.0,0.0,-1.0,-1.0,-1.0,0.0,-1.0,-1.0,7071.590387438306,4866.33984352457,43017.13662334821,2140.4562634928493,6613.369390946424,3374.0266414289267,12821.45770047512,2285.989771597908,0.0,0.0,0.0,0.0,0.0,0.0,0.0,0.0,6.021138637853356,3.2652107732192888,16.31621525144396,2.892665237709892,5.464140559465995,2.4998129539625067,11.525661832056118,2.9702663699883267,-602.2015490843929,280004.0,74000.0,740.0,25.687255884755395,5.1956180369990275,5.828747703309654,37.976570802421634,2372.1218004117545,73.0
19.020162712228963,24.600560649196787,365.4174197816085,-383.0584921705956,211.4001295455144,-17.910305,-711.3697,-355.38324527757345,197.8482110670784,-18.164932,-713.02313,-350.26562,204.95451,-20.423449,-716.6757,20.62363,42.340237,273.0835,1.858134e-05,22.777748,89.29952,974.96,8.405186e-08,0.078842185,0.83920085,1.0,-1.0,-6.021138637853356,3.2652107732192888,-2.892665237709892,-16.31621525144396,-619.9824957487149,326.8005904272806,-336.932249417986,-1329.3572379942716,0.04825094,0.7642322,1.0,-1.0,10.0,-5.27398896085637,1.1510867074116815,-3.200396942201844,-11.111341629317838,-539.0097325032729,72.94867317841737,-427.5714665848648,-692.7629092198449,0.0758849798709405,0.6854631657040393,1.0,-1.0,0.3488396535117125,0.1080492343518257,0.6035752353596935,0.2023088120517608,0.3606242223526892,0.1143071390821461,0.5654158757972032,0.2023088120517608,0.0,0.0,0.011511653227964247,0.0,0.0,0.0,0.0,0.0,0.0068662250615239406,0.013681230019647384,0.005204045715300445,0.0,0.0,0.0,0.00798536508080514,0.002535118819291082,0.006660902140301136,0.0014603340632583603,0.0,0.0,0.009274466879761358,0.0,0.0,0.0,0.0,0.0,0.004901180689859249,0.015950350725402056,0.0,0.0,0.002016551205077168,0.0009134828325472152,0.28894706699161493,0.07561210474123312,0.5113305607034776,0.06489952597730991,0.2866345442995316,0.07644501568184071,0.4642238010781063,0.13532942117875651,0.3952272363175491,0.06090797747730005,0.4962708933778303,0.23374826130506254,0.3952272233682721,0.06090797985518025,0.496269720495415,0.23374826130508106,0.6481398863564292,0.1043494880147824,0.8624795926201693,0.3948281696748823,0.6458273507150689,0.1034326913915751,0.8624795926201693,0.5256772788928897,0.0,0.0,0.0,0.0,0.0,0.0,0.0,0.0,22.916727307822526,4.373408125529948,30.83713889043692,15.410902535381156,22.814560216980485,4.780244238440306,30.18316454185779,17.34655870217925,-1.0,0.0,-1.0,-1.0,-1.0,0.0,-1.0,-1.0,7071.590387438306,4866.33984352457,43017.13662334821,2140.4562634928493,6613.369390946424,3374.0266414289267,12821.45770047512,2285.989771597908,0.0,0.0,0.0,0.0,0.0,0.0,0.0,0.0,6.021138637853356,3.2652107732192888,16.31621525144396,2.892665237709892,5.464140559465995,2.4998129539625067,11.525661832056118,2.9702663699883267,-587.7705544967398,284004.0,75000.0,750.0,26.837341559088088,5.085038464699848,5.7999329326815,32.05276994597713,2405.725712715699,74.0
23.787804980857576,21.576912503508105,321.226771777235,-335.71789267439925,211.3767098005515,-17.910305,-711.3697,-322.76097706152507,208.21602592423943,-18.164932,-713.02313,-350.26562,204.95451,-20.423449,-716.6757,20.62363,42.340237,273.0835,1.858134e-05,22.777748,89.29952,974.96,8.405186e-08,0.078842185,0.83920085,1.0,-1.0,-6.021138637853356,3.2652107732192888,-2.892665237709892,-16.31621525144396,-602.2642630982128,314.4230452990619,-336.932249417986,-1329.3572379942716,0.04825094,0.7642322,1.0,-1.0,10.0,-5.27398896085637,1.1510867074116815,-3.200396942201844,-11.111341629317838,-539.771963501758,75.69228111692593,-427.5714665848648,-692.7629092198449,0.0758849798709405,0.6854631657040393,1.0,-1.0,0.3488396535117125,0.1080492343518257,0.6035752353596935,0.2023088120517608,0.3606242223526892,0.1143071390821461,0.5654158757972032,0.2023088120517608,0.0005293761922172973,0.0,0.014479795940737148,0.0,0.009756295597155625,0.0,0.0,0.009041618502619397,0.0,0.0,0.0,0.0,0.0003692417070096463,0.002525127738347952,0.0,0.003016747235074506,0.0,0.004606082763738916,0.007931836237670733,0.001584028660711121,0.0,0.004224987495535049,0.0,0.010213844365942424,0.0,0.005481208417072957,0.0,0.0,0.0,0.009108316452441808,0.019923247392413013,0.002436494281354788,0.28742294181727734,0.11990814569995244,0.5268861755432157,0.09762749206161347,0.285110419125194,0.12074105664056003,0.4797794159178444,0.16805738726306008,0.40249001531067047,0.046140832825836316,0.4828519090934697,0.20216232483119168,0.4024900023613935,0.046140835203716514,0.4828507362110544,0.2021623248312102,0.6988147321588349,0.12017062921624504,0.9136323869265113,0.37720167925436254,0.6965021965174747,0.11925383259303773,0.9136323869265113,0.50805078847237,0.0,0.0,0.0,0.0,0.0,0.0,0.0,0.0,22.916727307822526,4.373408125529948,30.83713889043692,15.410902535381156,22.814560216980485,4.780244238440306,30.18316454185779,17.34655870217925,-1.0,0.0,-1.0,-1.0,-1.0,0.0,-1.0,-1.0,7071.590387438306,4866.33984352457,43017.13662334821,2140.4562634928493,6613.369390946424,3374.0266414289267,12821.45770047512,2285.989771597908,0.0,0.0,0.0,0.0,0.0,0.0,0.0,0.0,6.021138637853356,3.2652107732192888,16.31621525144396,2.892665237709892,5.464140559465995,2.4998129539625067,11.525661832056118,2.9702663699883267,-623.3150818844837,288004.0,76000.0,760.0,21.989427709172055,4.419081000164949,5.399506933608578,37.046989083864354,2439.3296250196436,75.0
24.142356631554517,24.35923954500463,389.66250305363116,-337.3984733162914,217.69886113296832,-17.910305,-711.3697,-354.21975143705885,198.0981500357438,-18.164932,-713.02313,-350.26562,204.95451,-20.423449,-716.6757,20.62363,42.340237,273.0835,1.858134e-05,22.777748,89.29952,974.96,8.405186e-08,0.078842185,0.83920085,1.0,-1.0,-6.021138637853356,3.2652107732192888,-2.892665237709892,-16.31621525144396,-607.3263419273006,315.24828810484763,-336.932249417986,-1329.3572379942716,0.04825094,0.7642322,1.0,-1.0,10.0,-5.27398896085637,1.1510867074116815,-3.200396942201844,-11.111341629317838,-516.8291427808188,74.20237288878818,-427.5714665848648,-692.7629092198449,0.0758849798709405,0.6854631657040393,1.0,-1.0,0.3488396535117125,0.1080492343518257,0.6035752353596935,0.2023088120517608,0.3606242223526892,0.1143071390821461,0.5654158757972032,0.2023088120517608,0.0014845295429622824,0.0,0.0,0.0,0.0,0.007321860450564641,0.017073241629206284,0.0,0.0,0.0,0.007108064496545326,0.0,0.0,0.004016793560025209,0.009669529217949809,0.017121657536815993,0.0,0.0,0.0,0.0,0.0,0.012914587715420527,0.0,0.00565835877503233,0.017813474716194332,0.0,0.0,0.00556572833821261,0.0,0.01837173949732598,0.0,0.0,0.26539809496613936,0.09297546298950161,0.48864649590258485,0.048867111793715626,0.26308557227405605,0.09380837393010921,0.44153973627721355,0.11929700699516221,0.3520753979365763,0.08527585032087232,0.4831672048473323,0.23230149933581637,0.3520753849872993,0.08527585269875251,0.483166031964917,0.23230149933583488,0.6314144100838217,0.10635320433629346,0.9045065801418759,0.40886660547020093,0.6291018744424615,0.10543640771308616,0.9045065801418759,0.5397157146882084,0.0,0.0,0.0,0.0,0.0,0.0,0.0,0.0,22.916727307822526,4.373408125529948,30.83713889043692,15.410902535381156,22.814560216980485,4.780244238440306,30.18316454185779,17.34655870217925,-1.0,0.0,-1.0,-1.0,-1.0,0.0,-1.0,-1.0,7071.590387438306,4866.33984352457,43017.13662334821,2140.4562634928493,6613.369390946424,3374.0266414289267,12821.45770047512,2285.989771597908,0.0,0.0,0.0,0.0,0.0,0.0,0.0,0.0,6.021138637853356,3.2652107732192888,16.31621525144396,2.892665237709892,5.464140559465995,2.4998129539625067,11.525661832056118,2.9702663699883267,-619.393177418607,292004.0,77000.0,770.0,20.023506547359016,4.884008613095919,5.26711310652552,30.75304453758029,2472.933537323588,76.0
21.776184934495,21.726512033302676,355.6664924398137,-357.6891148359999,200.24904372336587,-17.910305,-711.3697,-354.56360938448836,218.9383923151365,-18.164932,-713.02313,-350.26562,204.95451,-20.423449,-716.6757,20.62363,42.340237,273.0835,1.858134e-05,22.777748,89.29952,974.96,8.405186e-08,0.078842185,0.83920085,1.0,-1.0,-6.021138637853356,3.2652107732192888,-2.892665237709892,-16.31621525144396,-598.5820479042977,321.56519651931785,-336.932249417986,-1329.3572379942716,0.04825094,0.7642322,1.0,-1.0,10.0,-5.27398896085637,1.1510867074116815,-3.200396942201844,-11.111341629317838,-521.3900472847099,73.25018387298556,-427.5714665848648,-692.7629092198449,0.0758849798709405,0.6854631657040393,1.0,-1.0,0.3488396535117125,0.1080492343518257,0.6035752353596935,0.2023088120517608,0.3606242223526892,0.1143071390821461,0.5654158757972032,0.2023088120517608,0.009668608767178627,0.002048976953814862,0.004199432778353287,0.01748365292788104,0.006789003152705753,0.015115046356510125,0.0,0.003815761145865313,0.0024246236774679874,0.0,0.00860639170721832,0.00813981661756439,0.0,0.003101439431302707,0.0036886597675345823,0.0,0.007489723804717793,0.0,0.0,0.0015140302466407872,0.0,0.0,0.010865819095974534,0.0,0.001812781796907827,0.0,0.004069908737234341,0.0,0.0,0.0013151740570726805,0.005228789473924256,0.0,0.2938330201586544,0.09679175054859741,0.5293772103266906,0.06342700638842405,0.2915204974665711,0.09762466148920501,0.48227045070131924,0.13385690158987065,0.38904528087168305,0.09980365195935818,0.5150108705362366,0.2368195403215919,0.38904526792240607,0.09980365433723838,0.5150096976538213,0.2368195403216104,0.6724535691723511,0.10627956734455833,0.9181359076872904,0.39473013918336525,0.6701410335309909,0.10536277072135103,0.9181359076872904,0.5255792484013727,0.0,0.0,0.0,0.0,0.0,0.0,0.0,0.0,22.916727307822526,4.373408125529948,30.83713889043692,15.410902535381156,22.814560216980485,4.780244238440306,30.18316454185779,17.34655870217925,-1.0,0.0,-1.0,-1.0,-1.0,0.0,-1.0,-1.0,7071.590387438306,4866.33984352457,43017.13662334821,2140.4562634928493,6613.369390946424,3374.0266414289267,12821.45770047512,2285.989771597908,0.0,0.0,0.0,0.0,0.0,0.0,0.0,0.0,6.021138637853356,3.2652107732192888,16.31621525144396,2.892665237709892,5.464140559465995,2.4998129539625067,11.525661832056118,2.9702663699883267,-611.3446896631668,296004.0,78000.0,780.0,22.17485001221534,4.351586058505263,6.744687787892445,34.68740725714911,2506.5374496275326,77.0
24.297795440403753,22.584759469052127,384.4269719513694,-360.25475092503666,210.26952938835737,-17.910305,-711.3697,-367.7338968020956,219.81963573585472,-18.164932,-713.02313,-350.26562,204.95451,-20.423449,-716.6757,20.62363,42.340237,273.0835,1.858134e-05,22.777748,89.29952,974.96,8.405186e-08,0.078842185,0.83920085,1.0,-1.0,-6.021138637853356,3.2652107732192888,-2.892665237709892,-16.31621525144396,-594.1763563080518,310.0689071039916,-336.932249417986,-1329.3572379942716,0.04825094,0.7642322,1.0,-1.0,10.0,-5.27398896085637,1.1510867074116815,-3.200396942201844,-11.111341629317838,-519.9707503310609,74.8654092643031,-427.5714665848648,-692.7629092198449,0.0758849798709405,0.6854631657040393,1.0,-1.0,0.3488396535117125,0.1080492343518257,0.6035752353596935,0.2023088120517608,0.3606242223526892,0.1143071390821461,0.5654158757972032,0.2023088120517608,0.009254438487273937,0.007639182753420291,0.0,0.0206392278340599,0.0,0.017707039608655845,0.0,0.0,0.003869742663778075,0.017087238279362336,0.010804536788005931,0.0,0.0,0.009267453650309582,0.0,0.0,0.0,0.0,0.0,0.0,0.020838976056504567,0.0,0.0,0.0,0.002209499999795632,0.011552403571495654,0.0,0.0,0.004638625245350817,0.013447015999018725,0.0007356060097653225,0.0,0.2628123520611649,0.07630507252652097,0.47424406069666164,0.09446347377343009,0.26049982936908156,0.07713798346712857,0.42713730107129033,0.16489336897487666,0.40486888064840015,0.03153458512519708,0.49100593501190415,0.2356745094995895,0.40486886769912317,0.03153458750307728,0.49100476212948885,0.23567450949960803,0.6621651984813105,0.09322465532548498,0.9061120796002964,0.36618488466389376,0.6598526628399503,0.09230785870227767,0.9061120796002964,0.4970339938819012,0.0,0.0,0.0,0.0,0.0,0.0,0.0,0.0,22.916727307822526,4.373408125529948,30.83713889043692,15.410902535381156,22.814560216980485,4.780244238440306,30.18316454185779,17.34655870217925,-1.0,0.0,-1.0,-1.0,-1.0,0.0,-1.0,-1.0,7071.590387438306,4866.33984352457,43017.13662334821,2140.4562634928493,6613.369390946424,3374.0266414289267,12821.45770047512,2285.989771597908,0.0,0.0,0.0,0.0,0.0,0.0,0.0,0.0,6.021138637853356,3.2652107732192888,16.31621525144396,2.892665237709892,5.464140559465995,2.4998129539625067,11.525661832056118,2.9702663699883267,-603.603323599313,300004.0,79000.0,790.0,24.467215749819033,5.030280773234848,5.252680468679832,31.52705099079866,2540.141361931477,78.0
23.87759740734656,20.68022692041771,393.1378582808837,-348.7066443793119,222.0032166242596,-17.910305,-711.3697,-326.1056184986346,207.8034179642117,-18.164932,-713.02313,-350.26562,204.95451,-20.423449,-716.6757,20.62363,42.340237,273.0835,1.858134e-05,22.777748,89.29952,974.96,8.405186e-08,0.078842185,0.83920085,1.0,-1.0,-6.021138637853356,3.2652107732192888,-2.892665237709892,-16.31621525144396,-584.730411884977,314.79239071659555,-336.932249417986,-1329.3572379942716,0.04825094,0.7642322,1.0,-1.0,10.0,-5.27398896085637,1.1510867074116815,-3.200396942201844,-11.111341629317838,-527.589219836278,74.18124204420094,-427.5714665848648,-692.7629092198449,0.0758849798709405,0.6854631657040393,1.0,-1.0,0.3488396535117125,0.1080492343518257,0.6035752353596935,0.2023088120517608,0.3606242223526892,0.1143071390821461,0.5654158757972032,0.2023088120517608,0.0,0.007215943113093196,0.0,0.004516475477395092,0.0,0.01811172544174763,0.0,0.0,0.00247292207637702,0.005889367128321232,0.010932301424244447,0.0,0.003550618405117857,0.0006286739043851211,0.0,0.0,0.006230559658499163,0.0,0.0,0.0,0.0,0.0019612166241213596,0.008330327559090585,0.0,0.0,0.0,0.010220886330397331,0.0,0.0,0.006655004130668073,0.0,0.0,0.2590260767941292,0.11388500762710489,0.5105783988662376,0.08398921837375493,0.2567135541020459,0.11471791856771249,0.46347163924086626,0.15441911357520152,0.39021941104201285,0.06889897890448891,0.4911377357964799,0.1870287281595245,0.39021939809273587,0.06889898128236911,0.4911365629140646,0.18702872815954302,0.6911414960163581,0.10996909130432087,0.8999929438814064,0.374099443641794,0.6888289603749979,0.10905229468111358,0.8999929438814064,0.5049485528598014,0.0,0.0,0.0,0.0,0.0,0.0,0.0,0.0,22.916727307822526,4.373408125529948,30.83713889043692,15.410902535381156,22.814560216980485,4.780244238440306,30.18316454185779,17.34655870217925,-1.0,0.0,-1.0,-1.0,-1.0,0.0,-1.0,-1.0,7071.590387438306,4866.33984352457,43017.13662334821,2140.4562634928493,6613.369390946424,3374.0266414289267,12821.45770047512,2285.989771597908,0.0,0.0,0.0,0.0,0.0,0.0,0.0,0.0,6.021138637853356,3.2652107732192888,16.31621525144396,2.892665237709892,5.464140559465995,2.4998129539625067,11.525661832056118,2.9702663699883267,-611.1042241576087,304004.0,80000.0,800.0,22.05855942364035,4.650790147996857,5.720859291272249,28.593256991623193,2573.7452742354217,79.0
22.509970015745775,23.678273025329,317.98632899488683,-339.5163650399226,204.67149565288537,-17.910305,-711.3697,-384.1987562799535,191.53802081579846,-18.164932,-713.02313,-350.26562,204.95451,-20.423449,-716.6757,20.62363,42.340237,273.0835,1.858134e-05,22.777748,89.29952,974.96,8.405186e-08,0.078842185,0.83920085,1.0,-1.0,-6.021138637853356,3.2652107732192888,-2.892665237709892,-16.31621525144396,-620.3759758447941,311.2238134367578,-336.932249417986,-1329.3572379942716,0.04825094,0.7642322,1.0,-1.0,10.0,-5.27398896085637,1.1510867074116815,-3.200396942201844,-11.111341629317838,-516.4272097746358,73.59443917996033,-427.5714665848648,-692.7629092198449,0.0758849798709405,0.6854631657040393,1.0,-1.0,0.3488396535117125,0.1080492343518257,0.6035752353596935,0.2023088120517608,0.3606242223526892,0.1143071390821461,0.5654158757972032,0.2023088120517608,0.01172945409004878,0.0,0.0,0.0,0.00889646069552077,0.01507371017760724,0.00779196838087621,0.0015209506490057826,0.0,0.010627540200686693,0.0,0.0,0.0,0.0,0.002623428244040463,0.006287738524800478,0.0,0.0,0.0,0.003836255998642511,0.0,0.0031476651164773876,0.00463532478365099,0.017265088903537455,0.0,0.0,0.0151198917669114,0.0059190830398281515,0.0,0.0,0.0,0.015061611632973333,0.32237566778926663,0.08356034655630615,0.4899644853439529,0.06951782524175473,0.3200631450971833,0.08439325749691375,0.4428577257185816,0.1399477204432013,0.3939422810740007,0.0940012556854836,0.4626175911031786,0.2142703972232076,0.3939422681247237,0.0940012580633638,0.4626164182207633,0.2142703972232261,0.6440243868395945,0.13402283153323197,0.8318869320268706,0.36061132982612376,0.6417118511982343,0.13310603491002468,0.8318869320268706,0.4914604390441312,0.0,0.0,0.0,0.0,0.0,0.0,0.0,0.0,22.916727307822526,4.373408125529948,30.83713889043692,15.410902535381156,22.814560216980485,4.780244238440306,30.18316454185779,17.34655870217925,-1.0,0.0,-1.0,-1.0,-1.0,0.0,-1.0,-1.0,7071.590387438306,4866.33984352457,43017.13662334821,2140.4562634928493,6613.369390946424,3374.0266414289267,12821.45770047512,2285.989771597908,0.0,0.0,0.0,0.0,0.0,0.0,0.0,0.0,6.021138637853356,3.2652107732192888,16.31621525144396,2.892665237709892,5.464140559465995,2.4998129539625067,11.525661832056118,2.9702663699883267,-598.7321553804602,308004.0,81000.0,810.0,23.296347627468485,4.649833572829129,5.30722640843761,35.30222627642749,2607.349186539366,80.0
17.582809070452196,23.939056340602036,376.9303540517134,-347.56674757202995,215.27558741048125,-17.910305,-711.3697,-353.0911675229853,212.95012358298885,-18.164932,-713.02313,-350.26562,204.95451,-20.423449,-716.6757,20.62363,42.340237,273.0835,1.858134e-05,22.777748,89.29952,974.96,8.405186e-08,0.078842185,0.83920085,1.0,-1.0,-6.021138637853356,3.2652107732192888,-2.892665237709892,-16.31621525144396,-606.1660304886174,307.3827738146693,-336.932249417986,-1329.3572379942716,0.04825094,0.7642322,1.0,-1.0,10.0,-5.27398896085637,1.1510867074116815,-3.200396942201844,-11.111341629317838,-519.418311188492,74.9052466630983,-427.5714665848648,-692.7629092198449,0.0758849798709405,0.6854631657040393,1.0,-1.0,0.3488396535117125,0.1080492343518257,0.6035752353596935,0.2023088120517608,0.3606242223526892,0.1143071390821461,0.5654158757972032,0.2023088120517608,0.0,0.01471336121366651,0.0075052258249649,0.0,0.011904850357865343,0.019024515066263088,0.0030318603614372798,0.0003154841339499362,0.014316545495713902,0.0,0.0,0.0267934196405816,0.002222175519260589,0.0,0.0,0.00773806164680548,0.012263312119774977,0.0,0.018293326312551143,0.0,0.011955289702019051,0.013724095713755888,0.012722021841005557,0.0,0.0,0.0029358391133174665,0.0,0.006373093447863453,0.0034684898846440025,0.0,0.017952874387289826,0.00897120465627174,0.25301568823501236,0.10567427995289602,0.5075143533610176,0.09841289922563953,0.25070316554292904,0.10650719089350362,0.4604075937356463,0.1688427944270861,0.38284068110991093,0.06261803874678468,0.5315581214679075,0.23570982765710402,0.38284066816063395,0.06261804112466487,0.5315569485854922,0.23570982765712253,0.644442596402637,0.10161912156919559,0.8776283134798161,0.38846843953712606,0.6421300607612768,0.10070232494598828,0.8776283134798161,0.5193175487551336,0.0,0.0,0.0,0.0,0.0,0.0,0.0,0.0,22.916727307822526,4.373408125529948,30.83713889043692,15.410902535381156,22.814560216980485,4.780244238440306,30.18316454185779,17.34655870217925,-1.0,0.0,-1.0,-1.0,-1.0,0.0,-1.0,-1.0,7071.590387438306,4866.33984352457,43017.13662334821,2140.4562634928493,6613.369390946424,3374.0266414289267,12821.45770047512,2285.989771597908,0.0,0.0,0.0,0.0,0.0,0.0,0.0,0.0,6.021138637853356,3.2652107732192888,16.31621525144396,2.892665237709892,5.464140559465995,2.4998129539625067,11.525661832056118,2.9702663699883267,-593.8864599682499,312004.0,82000.0,820.0,25.525738973577496,3.6832239986595847,5.378327856109379,36.36911178064291,2640.9530988433107,81.0
21.862795374239347,23.469848678724343,374.01184615628335,-398.95471509785915,221.13393179343277,-17.910305,-711.3697,-372.05755821191394,202.85651206104103,-18.164932,-713.02313,-350.26562,204.95451,-20.423449,-716.6757,20.62363,42.340237,273.0835,1.858134e-05,22.777748,89.29952,974.96,8.405186e-08,0.078842185,0.83920085,1.0,-1.0,-6.021138637853356,3.2652107732192888,-2.892665237709892,-16.31621525144396,-583.9742694212388,307.7694347817768,-336.932249417986,-1329.3572379942716,0.04825094,0.7642322,1.0,-1.0,10.0,-5.27398896085637,1.1510867074116815,-3.200396942201844,-11.111341629317838,-510.5111360171074,73.54784737372684,-427.5714665848648,-692.7629092198449,0.0758849798709405,0.6854631657040393,1.0,-1.0,0.3488396535117125,0.1080492343518257,0.6035752353596935,0.2023088120517608,0.3606242223526892,0.1143071390821461,0.5654158757972032,0.2023088120517608,0.0004541385286624124,0.023492045319617096,0.0,0.0,0.004794408468372804,0.007040340536364406,0.0,0.006730887166714528,0.009624420432161994,0.0,0.0,0.0,0.0,0.004661783819707141,0.001048210034449868,0.0,0.0,0.0,0.01369999532598957,0.004498979263195583,0.0,0.02065485570596036,0.0010450551740440726,0.0,0.0,0.00020470249444414626,0.016080895760891382,0.0,0.013092157285297485,0.0,0.0,0.0031380165768746873,0.28736266954709827,0.10910229638776239,0.5447240823293937,0.09180414927628062,0.28505014685501495,0.10993520732836998,0.4976173227040225,0.1622340444777272,0.36694303796287253,0.08948695753204396,0.4939254926816214,0.20805660181711785,0.36694302501359555,0.08948695990992415,0.4939243197992061,0.20805660181713637,0.6657757994270039,0.08384953553666354,0.8563481938776927,0.40155059950402494,0.6634632637856437,0.08293273891345623,0.8563481938776927,0.5323997087220323,0.0,0.0,0.0,0.0,0.0,0.0,0.0,0.0,22.916727307822526,4.373408125529948,30.83713889043692,15.410902535381156,22.814560216980485,4.780244238440306,30.18316454185779,17.34655870217925,-1.0,0.0,-1.0,-1.0,-1.0,0.0,-1.0,-1.0,7071.590387438306,4866.33984352457,43017.13662334821,2140.4562634928493,6613.369390946424,3374.0266414289267,12821.45770047512,2285.989771597908,0.0,0.0,0.0,0.0,0.0,0.0,0.0,0.0,6.021138637853356,3.2652107732192888,16.31621525144396,2.892665237709892,5.464140559465995,2.4998129539625067,11.525661832056118,2.9702663699883267,-619.7797707397827,316004.0,83000.0,830.0,21.579837114299938,4.43603832872809,6.014316819686812,38.06863874053552,2674.5570111472553,82.0
19.12861675323781,21.011812524238103,371.12532243775746,-329.45571186543816,208.27430038356488,-17.910305,-711.3697,-331.4939009021662,215.47247710980972,-18.164932,-713.02313,-350.26562,204.95451,-20.423449,-716.6757,20.62363,42.340237,273.0835,1.858134e-05,22.777748,89.29952,974.96,8.405186e-08,0.078842185,0.83920085,1.0,-1.0,-6.021138637853356,3.2652107732192888,-2.892665237709892,-16.31621525144396,-612.4745022586519,305.4368315665608,-336.932249417986,-1329.3572379942716,0.04825094,0.7642322,1.0,-1.0,10.0,-5.27398896085637,1.1510867074116815,-3.200396942201844,-11.111341629317838,-515.3252193466501,76.214811664745,-427.5714665848648,-692.7629092198449,0.0758849798709405,0.6854631657040393,1.0,-1.0,0.3488396535117125,0.1080492343518257,0.6035752353596935,0.2023088120517608,0.3606242223526892,0.1143071390821461,0.5654158757972032,0.2023088120517608,0.0,0.006049037731812605,0.005589025476350564,0.0,0.00454525358177149,0.006762712350026956,0.0,0.0,0.003596000161300375,0.006625654174758934,0.0052480841145480725,0.0,0.001893122442570758,0.0,0.0,0.0,0.0109601078084101,0.0,0.004587005625146382,0.00851629240377895,0.006176246394951402,0.0,0.0023004128546246006,0.0007474702808736794,0.0017664609829728534,0.0,0.01808407282478544,0.0,0.014236030849876015,0.0019118949071924988,0.0,0.0,0.2687809894979107,0.0970591112903852,0.508391480170884,0.06184630907382767,0.26646846680582736,0.0978920222309928,0.4612847205455126,0.13227620427527426,0.441311866900156,0.09803467782942743,0.5277214689112686,0.19986459342226975,0.441311853950879,0.09803468020730763,0.5277202960288533,0.1998645934222883,0.6769497801171722,0.11732017453671473,0.9066217146619047,0.4060802010745794,0.674637244475812,0.11640337791350742,0.9066217146619047,0.5369293102925868,0.0,0.0,0.0,0.0,0.0,0.0,0.0,0.0,22.916727307822526,4.373408125529948,30.83713889043692,15.410902535381156,22.814560216980485,4.780244238440306,30.18316454185779,17.34655870217925,-1.0,0.0,-1.0,-1.0,-1.0,0.0,-1.0,-1.0,7071.590387438306,4866.33984352457,43017.13662334821,2140.4562634928493,6613.369390946424,3374.0266414289267,12821.45770047512,2285.989771597908,0.0,0.0,0.0,0.0,0.0,0.0,0.0,0.0,6.021138637853356,3.2652107732192888,16.31621525144396,2.892665237709892,5.464140559465995,2.4998129539625067,11.525661832056118,2.9702663699883267,-619.6906657656319,320004.0,84000.0,840.0,21.989450412361613,4.3676170200640145,6.107895951206044,35.070980207325796,2708.1609234512,83.0
19.839053942195612,18.282698335518297,356.31136621291245,-361.33615326066064,219.17209729135874,-17.910305,-711.3697,-359.27117852523367,201.06143959215146,-18.164932,-713.02313,-350.26562,204.95451,-20.423449,-716.6757,20.62363,42.340237,273.0835,1.858134e-05,22.777748,89.29952,974.96,8.405186e-08,0.078842185,0.83920085,1.0,-1.0,-6.021138637853356,3.2652107732192888,-2.892665237709892,-16.31621525144396,-608.7548722435904,311.18474360069973,-336.932249417986,-1329.3572379942716,0.04825094,0.7642322,1.0,-1.0,10.0,-5.27398896085637,1.1510867074116815,-3.200396942201844,-11.111341629317838,-542.5098362225474,74.52662857631974,-427.5714665848648,-692.7629092198449,0.0758849798709405,0.6854631657040393,1.0,-1.0,0.3488396535117125,0.1080492343518257,0.6035752353596935,0.2023088120517608,0.3606242223526892,0.1143071390821461,0.5654158757972032,0.2023088120517608,0.008946619264675689,0.0,0.00027042965420481606,0.0,0.016629170284581402,0.011464597884924424,0.003971649539766518,0.0,0.0037103419142525836,0.00160076325648706,0.0,0.0,0.017307899602054273,0.0,0.009081723201360251,0.0,0.0,0.0,0.007721978485872046,0.006726948818186219,0.0,0.0,0.0,0.010054236452291513,0.007412418579267065,0.013212931101130832,0.007658281584759492,0.0,0.0,0.0,0.00642457421546613,0.009321177083234723,0.261288329424197,0.07125330185936517,0.492327840343609,0.09752919690943175,0.2589758067321137,0.07208621279997277,0.4452210807182377,0.16795909211087834,0.400833405267739,0.09743733456394721,0.4814407581088435,0.206734083048313,0.400833392318462,0.09743733694182741,0.4814395852264282,0.20673408304833152,0.6881264984102142,0.09732131997622373,0.8938437645899837,0.38177713575356437,0.685813962768854,0.09640452335301643,0.8938437645899837,0.5126262449715718,0.0,0.0,0.0,0.0,0.0,0.0,0.0,0.0,22.916727307822526,4.373408125529948,30.83713889043692,15.410902535381156,22.814560216980485,4.780244238440306,30.18316454185779,17.34655870217925,-1.0,0.0,-1.0,-1.0,-1.0,0.0,-1.0,-1.0,7071.590387438306,4866.33984352457,43017.13662334821,2140.4562634928493,6613.369390946424,3374.0266414289267,12821.45770047512,2285.989771597908,0.0,0.0,0.0,0.0,0.0,0.0,0.0,0.0,6.021138637853356,3.2652107732192888,16.31621525144396,2.892665237709892,5.464140559465995,2.4998129539625067,11.525661832056118,2.9702663699883267,-590.4853915578369,324004.0,85000.0,850.0,21.897018252595466,4.570737310524408,5.276665798169397,31.120502341647924,2741.7648357551443,84.0
18.279972440804777,24.319597946640016,320.36904417611316,-350.92643136646603,203.4280574920977,-17.910305,-711.3697,-331.2636715575018,219.03424431268857,-18.164932,-713.02313,-350.26562,204.95451,-20.423449,-716.6757,20.62363,42.340237,273.0835,1.858134e-05,22.777748,89.29952,974.96,8.405186e-08,0.078842185,0.83920085,1.0,-1.0,-6.021138637853356,3.2652107732192888,-2.892665237709892,-16.31621525144396,-603.71922068454,316.63377355437706,-336.932249417986,-1329.3572379942716,0.04825094,0.7642322,1.0,-1.0,10.0,-5.27398896085637,1.1510867074116815,-3.200396942201844,-11.111341629317838,-545.6907777088186,74.05306647758985,-427.5714665848648,-692.7629092198449,0.0758849798709405,0.6854631657040393,1.0,-1.0,0.3488396535117125,0.1080492343518257,0.6035752353596935,0.2023088120517608,0.3606242223526892,0.1143071390821461,0.5654158757972032,0.2023088120517608,0.0,0.0,0.0,0.0,0.0,0.004610808982059905,0.0,0.0,0.005422380030617266,0.0,0.0,0.0,0.0,0.0,0.0,0.013564225488202688,0.0,0.0,0.0,0.019174385213464262,0.0050561881256167545,0.0,0.0,0.0,0.0022371272653025627,0.0,0.01590310272637485,0.009244982424767982,0.0,0.0,0.0,0.0,0.31428887914186887,0.06959598086119947,0.5229748746768463,0.08150244790931271,0.31197635644978555,0.07042889180180707,0.47586811505147497,0.1519323431107593,0.4157638215101676,0.06594811909847759,0.48680015798934756,0.21201744378274348,0.4157638085608906,0.06594812147635778,0.48679898510693226,0.212017443782762,0.6343917681106207,0.06463622761534002,0.921864048905981,0.41413356088302034,0.6320792324692605,0.0637194309921327,0.921864048905981,0.5449826701010277,0.0,0.0,0.0,0.0,0.0,0.0,0.0,0.0,22.916727307822526,4.373408125529948,30.83713889043692,15.410902535381156,22.814560216980485,4.780244238440306,30.18316454185779,17.34655870217925,-1.0,0.0,-1.0,-1.0,-1.0,0.0,-1.0,-1.0,7071.590387438306,4866.33984352457,43017.13662334821,2140.4562634928493,6613.369390946424,3374.0266414289267,12821.45770047512,2285.989771597908,0.0,0.0,0.0,0.0,0.0,0.0,0.0,0.0,6.021138637853356,3.2652107732192888,16.31621525144396,2.892665237709892,5.464140559465995,2.4998129539625067,11.525661832056118,2.9702663699883267,-601.5383053646364,328004.0,86000.0,860.0,21.019850236299245,4.231202774744295,5.329265166028514,36.666810447739365,2775.368748059089,85.0
20.328340997295143,22.543731299454425,327.7134737866853,-322.02400135515654,202.83269512734813,-17.910305,-711.3697,-347.5069863004277,211.08972062202537,-18.164932,-713.02313,-350.26562,204.95451,-20.423449,-716.6757,20.62363,42.340237,273.0835,1.858134e-05,22.777748,89.29952,974.96,8.405186e-08,0.078842185,0.83920085,1.0,-1.0,-6.021138637853356,3.2652107732192888,-2.892665237709892,-16.31621525144396,-636.0278775664585,316.146660273335,-336.932249417986,-1329.3572379942716,0.04825094,0.7642322,1.0,-1.0,10.0,-5.27398896085637,1.1510867074116815,-3.200396942201844,-11.111341629317838,-527.5997341542216,75.8798766229771,-427.5714665848648,-692.7629092198449,0.0758849798709405,0.6854631657040393,1.0,-1.0,0.3488396535117125,0.1080492343518257,0.6035752353596935,0.2023088120517608,0.3606242223526892,0.1143071390821461,0.5654158757972032,0.2023088120517608,0.0,0.0,0.002646652092819542,0.0005484605049240597,0.0,0.0,0.008614519303027254,0.0,0.0,0.0,0.00694921294222547,0.0,0.009509771904788624,0.02201271798739925,0.0,0.0,0.0,0.0,0.0,0.0,0.006612131121085721,0.0,0.007938016237807006,0.01584508899382565,0.015462191508552062,0.014697472656091976,0.0,0.01301288067625125,0.008695072521846368,0.014166274727070058,0.0,0.0,0.27858115003455974,0.0780009046815181,0.4795273455848006,0.08223997349002965,0.2762686273424764,0.0788338156221257,0.4324205859594293,0.15266986869147625,0.34865497932181183,0.0848842354408919,0.4838310986565082,0.19462655003838808,0.34865496637253485,0.0848842378187721,0.4838299257740929,0.1946265500384066,0.6825950350280701,0.11814305897803266,0.9067233621668025,0.39160409609511637,0.6802824993867098,0.11722626235482536,0.9067233621668025,0.5224532053131239,0.0,0.0,0.0,0.0,0.0,0.0,0.0,0.0,22.916727307822526,4.373408125529948,30.83713889043692,15.410902535381156,22.814560216980485,4.780244238440306,30.18316454185779,17.34655870217925,-1.0,0.0,-1.0,-1.0,-1.0,0.0,-1.0,-1.0,7071.590387438306,4866.33984352457,43017.13662334821,2140.4562634928493,6613.369390946424,3374.0266414289267,12821.45770047512,2285.989771597908,0.0,0.0,0.0,0.0,0.0,0.0,0.0,0.0,6.021138637853356,3.2652107732192888,16.31621525144396,2.892665237709892,5.464140559465995,2.4998129539625067,11.525661832056118,2.9702663699883267,-591.2712494878102,332004.0,87000.0,870.0,20.56369529437373,4.0097260509751695,5.026432048571127,34.12971869850795,2808.9726603630334,86.0
21.429724038584865,24.929852601227264,346.431684931419,-328.86540457524535,213.52071196510497,-17.910305,-711.3697,-378.9583617319568,206.6849643286005,-18.164932,-713.02313,-350.26562,204.95451,-20.423449,-716.6757,20.62363,42.340237,273.0835,1.858134e-05,22.777748,89.29952,974.96,8.405186e-08,0.078842185,0.83920085,1.0,-1.0,-6.021138637853356,3.2652107732192888,-2.892665237709892,-16.31621525144396,-576.1357392548967,314.8373312781038,-336.932249417986,-1329.3572379942716,0.04825094,0.7642322,1.0,-1.0,10.0,-5.27398896085637,1.1510867074116815,-3.200396942201844,-11.111341629317838,-532.1281877563699,74.55241775199104,-427.5714665848648,-692.7629092198449,0.0758849798709405,0.6854631657040393,1.0,-1.0,0.3488396535117125,0.1080492343518257,0.6035752353596935,0.2023088120517608,0.3606242223526892,0.1143071390821461,0.5654158757972032,0.2023088120517608,0.0,0.0010282624695632822,0.0,0.0,0.0,0.0,0.0,0.0,0.0,0.0,0.0053628334447737205,0.001304415278819769,0.015150923104180234,0.014954566865850736,0.0031201412204050656,0.0,0.0,0.0,0.0,0.0,0.0,0.004521134362287457,0.0,0.0,0.0,0.0,0.005053634649604236,0.011878192190477595,0.0,0.009199701642292439,0.008157478025358628,0.010900041910464172,0.2744451540552307,0.10149820361088868,0.4855510978370424,0.06743849257734025,0.27213263136314736,0.10233111455149628,0.4384443382116711,0.13786838777878685,0.3966620994654357,0.061152871750095,0.49757762018402646,0.21595426209935883,0.3966620865161587,0.061152874127975196,0.49757644730161116,0.21595426209937735,0.6613285542884251,0.12232989782273548,0.9188295480447516,0.3871537178931584,0.6590160186470648,0.12141310119952818,0.9188295480447516,0.5180028271111659,0.0,0.0,0.0,0.0,0.0,0.0,0.0,0.0,22.916727307822526,4.373408125529948,30.83713889043692,15.410902535381156,22.814560216980485,4.780244238440306,30.18316454185779,17.34655870217925,-1.0,0.0,-1.0,-1.0,-1.0,0.0,-1.0,-1.0,7071.590387438306,4866.33984352457,43017.13662334821,2140.4562634928493,6613.369390946424,3374.0266414289267,12821.45770047512,2285.989771597908,0.0,0.0,0.0,0.0,0.0,0.0,0.0,0.0,6.021138637853356,3.2652107732192888,16.31621525144396,2.892665237709892,5.464140559465995,2.4998129539625067,11.525661832056118,2.9702663699883267,-586.5477381317064,336004.0,88000.0,880.0,23.828397393762273,4.372106978277712,5.856258455090045,40.45179285134448,2842.576572666978,87.0
18.61437405600666,23.191586769332137,284.360697474993,-343.0082378824086,202.7404763149626,-17.910305,-711.3697,-363.0565874286053,207.57289662916372,-18.164932,-713.02313,-350.26562,204.95451,-20.423449,-716.6757,20.62363,42.340237,273.0835,1.858134e-05,22.777748,89.29952,974.96,8.405186e-08,0.078842185,0.83920085,1.0,-1.0,-6.021138637853356,3.2652107732192888,-2.892665237709892,-16.31621525144396,-605.9310712316167,322.9536912389085,-336.932249417986,-1329.3572379942716,0.04825094,0.7642322,1.0,-1.0,10.0,-5.27398896085637,1.1510867074116815,-3.200396942201844,-11.111341629317838,-542.4317777215248,72.64257984836556,-427.5714665848648,-692.7629092198449,0.0758849798709405,0.6854631657040393,1.0,-1.0,0.3488396535117125,0.1080492343518257,0.6035752353596935,0.2023088120517608,0.3606242223526892,0.1143071390821461,0.5654158757972032,0.2023088120517608,0.0,0.0021790026989507703,0.00021054927515453157,0.011254208708457,0.004663327241513425,0.012810518040174277,0.0,0.011830292765428994,0.009454320830053861,0.0006539795194917798,0.004779535049095318,0.0,0.0,0.008591296080869363,0.0,0.0,0.0,0.02859637113647577,0.0,0.0,0.0,0.007300692901532721,0.0056714437829106295,0.0,0.007095195198766188,0.0,0.0061299775880690535,0.013101505032600373,0.006256382881542206,0.007078217788298059,0.00592811407149579,0.0017149641703035664,0.2834930130469849,0.07031105328167159,0.49862053257785927,0.0688317302738949,0.28118049035490156,0.07114396422227919,0.45151377295248796,0.1392616254753415,0.37424604301191555,0.06636187861584184,0.5008764077140923,0.2082333568385132,0.37424603006263857,0.06636188099372203,0.500875234831677,0.20823335683853172,0.685993832190394,0.11703742608628974,0.8645031933393135,0.42589000589637704,0.6836812965490338,0.11612062946308244,0.8645031933393135,0.5567391151143846,0.0,0.0,0.0,0.0,0.0,0.0,0.0,0.0,22.916727307822526,4.373408125529948,30.83713889043692,15.410902535381156,22.814560216980485,4.780244238440306,30.18316454185779,17.34655870217925,-1.0,0.0,-1.0,-1.0,-1.0,0.0,-1.0,-1.0,7071.590387438306,4866.33984352457,43017.13662334821,2140.4562634928493,6613.369390946424,3374.0266414289267,12821.45770047512,2285.989771597908,0.0,0.0,0.0,0.0,0.0,0.0,0.0,0.0,6.021138637853356,3.2652107732192888,16.31621525144396,2.892665237709892,5.464140559465995,2.4998129539625067,11.525661832056118,2.9702663699883267,-602.1651955858677,340004.0,89000.0,890.0,26.533974252168505,4.525726055823205,5.873246958355535,32.230229379123486,2876.1804849709224,88.0
18.427556528378958,23.27565208072948,393.308073783518,-375.4342818559132,186.59170739692047,-17.910305,-711.3697,-323.2153682070742,197.91303726871143,-18.164932,-713.02313,-350.26562,204.95451,-20.423449,-716.6757,20.62363,42.340237,273.0835,1.858134e-05,22.777748,89.29952,974.96,8.405186e-08,0.078842185,0.83920085,1.0,-1.0,-6.021138637853356,3.2652107732192888,-2.892665237709892,-16.31621525144396,-599.6526711931226,312.8790192876762,-336.932249417986,-1329.3572379942716,0.04825094,0.7642322,1.0,-1.0,10.0,-5.27398896085637,1.1510867074116815,-3.200396942201844,-11.111341629317838,-555.7475365320414,75.93323472007481,-427.5714665848648,-692.7629092198449,0.0758849798709405,0.6854631657040393,1.0,-1.0,0.3488396535117125,0.1080492343518257,0.6035752353596935,0.2023088120517608,0.3606242223526892,0.1143071390821461,0.5654158757972032,0.2023088120517608,0.0,0.011065415846585885,0.004303180977337047,0.006368883249454591,0.0,0.007067011217804109,0.0,0.009396537017106087,0.0,0.0030690982080700934,0.0,0.00584977893242162,0.002369430028095406,0.0,0.0,0.006086931739782662,0.0,0.0,0.00975371007049533,0.006515155044707157,0.0,0.0,0.0,0.0034252010280876118,0.0,0.0,0.0,0.0026917361303234123,0.008981314441439379,0.030869177157311387,0.013484253555259694,0.0,0.29769137735243917,0.11486440525924357,0.4892201651814581,0.061332117863815545,0.29537885466035585,0.11569731619985116,0.4421134055560868,0.13176201306526214,0.3962705391248073,0.07389943773534184,0.5230573304058853,0.20606177628418396,0.3962705261755303,0.07389944011322204,0.52305615752347,0.20606177628420247,0.6845896596179828,0.10887340240712227,0.8570267561924423,0.38845614343116286,0.6822771239766225,0.10795660578391497,0.8570267561924423,0.5193052526491704,0.0,0.0,0.0,0.0,0.0,0.0,0.0,0.0,22.916727307822526,4.373408125529948,30.83713889043692,15.410902535381156,22.814560216980485,4.780244238440306,30.18316454185779,17.34655870217925,-1.0,0.0,-1.0,-1.0,-1.0,0.0,-1.0,-1.0,7071.590387438306,4866.33984352457,43017.13662334821,2140.4562634928493,6613.369390946424,3374.0266414289267,12821.45770047512,2285.989771597908,0.0,0.0,0.0,0.0,0.0,0.0,0.0,0.0,6.021138637853356,3.2652107732192888,16.31621525144396,2.892665237709892,5.464140559465995,2.4998129539625067,11.525661832056118,2.9702663699883267,-605.9007712347579,344004.0,90000.0,900.0,19.60657265235779,4.185477627735349,4.77678586528528,36.820190411148445,2909.784397274867,89.0
21.333217103200667,26.69648550475859,358.17929203903003,-366.5172202523122,202.82329910663057,-17.910305,-711.3697,-347.1960659805423,218.97714579953367,-18.164932,-713.02313,-350.26562,204.95451,-20.423449,-716.6757,20.62363,42.340237,273.0835,1.858134e-05,22.777748,89.29952,974.96,8.405186e-08,0.078842185,0.83920085,1.0,-1.0,-6.021138637853356,3.2652107732192888,-2.892665237709892,-16.31621525144396,-591.9485953184748,313.1744605940738,-336.932249417986,-1329.3572379942716,0.04825094,0.7642322,1.0,-1.0,10.0,-5.27398896085637,1.1510867074116815,-3.200396942201844,-11.111341629317838,-523.2189817329584,76.91942580636074,-427.5714665848648,-692.7629092198449,0.0758849798709405,0.6854631657040393,1.0,-1.0,0.3488396535117125,0.1080492343518257,0.6035752353596935,0.2023088120517608,0.3606242223526892,0.1143071390821461,0.5654158757972032,0.2023088120517608,0.009986647653634679,0.0,0.0,0.0,0.005541193311060662,0.004653140760210151,0.0,0.0,0.0,0.02984369048296514,0.0,0.016786763254515454,0.0,0.0,0.0010719254362903268,0.012743954534216215,0.0,0.01538346918032596,0.0,0.009899003966975618,0.005327518773372584,0.0,0.0006349589697502942,0.0,0.0,0.0,0.0,0.003344888236632328,0.005880162353474916,0.0,0.0,0.0,0.2976676757756327,0.09412815575248729,0.4901773378429908,0.10701209499749571,0.29535515308354937,0.09496106669309488,0.44307057821761947,0.1774419901989423,0.37291019617440085,0.10133861979751217,0.5127637492686853,0.21125229450905955,0.37291018322512387,0.10133862217539237,0.51276257638627,0.21125229450907806,0.6589408198046062,0.09122591685699687,0.9086035915741878,0.3972164929977876,0.6566282841632459,0.09030912023378956,0.9086035915741878,0.528065602215795,0.0,0.0,0.0,0.0,0.0,0.0,0.0,0.0,22.916727307822526,4.373408125529948,30.83713889043692,15.410902535381156,22.814560216980485,4.780244238440306,30.18316454185779,17.34655870217925,-1.0,0.0,-1.0,-1.0,-1.0,0.0,-1.0,-1.0,7071.590387438306,4866.33984352457,43017.13662334821,2140.4562634928493,6613.369390946424,3374.0266414289267,12821.45770047512,2285.989771597908,0.0,0.0,0.0,0.0,0.0,0.0,0.0,0.0,6.021138637853356,3.2652107732192888,16.31621525144396,2.892665237709892,5.464140559465995,2.4998129539625067,11.525661832056118,2.9702663699883267,-597.6340700112717,348004.0,91000.0,910.0,24.184267004100764,4.738050518106421,5.892405318655744,30.891379795783095,2943.3883095788115,90.0
21.79940701700605,22.335266786023006,382.931250390305,-333.59842878325037,209.65532480838607,-17.910305,-711.3697,-363.08338575945686,205.23803708141648,-18.164932,-713.02313,-350.26562,204.95451,-20.423449,-716.6757,20.62363,42.340237,273.0835,1.858134e-05,22.777748,89.29952,974.96,8.405186e-08,0.078842185,0.83920085,1.0,-1.0,-6.021138637853356,3.2652107732192888,-2.892665237709892,-16.31621525144396,-596.5908363134621,325.0960813756805,-336.932249417986,-1329.3572379942716,0.04825094,0.7642322,1.0,-1.0,10.0,-5.27398896085637,1.1510867074116815,-3.200396942201844,-11.111341629317838,-539.9850093204664,73.2004422908725,-427.5714665848648,-692.7629092198449,0.0758849798709405,0.6854631657040393,1.0,-1.0,0.3488396535117125,0.1080492343518257,0.6035752353596935,0.2023088120517608,0.3606242223526892,0.1143071390821461,0.5654158757972032,0.2023088120517608,0.002992778098624619,0.007953220425627442,0.0,0.0,0.005267819611791207,0.011893822719219706,0.0,0.0008788362654200941,0.005233110682060306,0.0,0.0,0.0,0.0,0.0,0.008954378945556092,0.0,0.0,0.0,0.0,0.0,0.0,0.009883272777959327,0.0,0.0,0.0,0.0034895455774167643,0.019846834185647748,0.0,0.0,0.007780447421333634,0.003307843215151276,0.012186043823311633,0.23233390654722297,0.10341370673753467,0.5155302083349124,0.04194200688398351,0.23002138385513965,0.10424661767814228,0.46842344870954106,0.1123719020854301,0.3598293804027586,0.10056752368465956,0.44607823814902076,0.20583686107473498,0.3598293674534816,0.10056752606253976,0.44607706526660545,0.2058368610747535,0.6740200478376518,0.08882548262895648,0.8846919588886506,0.39059915845177373,0.6717075121962915,0.08790868600574916,0.8846919588886506,0.5214482676697813,0.0,0.0,0.0,0.0,0.0,0.0,0.0,0.0,22.916727307822526,4.373408125529948,30.83713889043692,15.410902535381156,22.814560216980485,4.780244238440306,30.18316454185779,17.34655870217925,-1.0,0.0,-1.0,-1.0,-1.0,0.0,-1.0,-1.0,7071.590387438306,4866.33984352457,43017.13662334821,2140.4562634928493,6613.369390946424,3374.0266414289267,12821.45770047512,2285.989771597908,0.0,0.0,0.0,0.0,0.0,0.0,0.0,0.0,6.021138637853356,3.2652107732192888,16.31621525144396,2.892665237709892,5.464140559465995,2.4998129539625067,11.525661832056118,2.9702663699883267,-617.6290511958513,352004.0,92000.0,920.0,22.83520189399552,4.605414049211973,5.33941187558653,30.2525640342981,2976.992221882756,91.0
17.942078294856106,27.04256125645812,392.7270228001951,-327.46789696663683,209.03392948412443,-17.910305,-711.3697,-359.0967488291495,217.31896850863248,-18.164932,-713.02313,-350.26562,204.95451,-20.423449,-716.6757,20.62363,42.340237,273.0835,1.858134e-05,22.777748,89.29952,974.96,8.405186e-08,0.078842185,0.83920085,1.0,-1.0,-6.021138637853356,3.2652107732192888,-2.892665237709892,-16.31621525144396,-616.1418543040036,316.7076361490996,-336.932249417986,-1329.3572379942716,0.04825094,0.7642322,1.0,-1.0,10.0,-5.27398896085637,1.1510867074116815,-3.200396942201844,-11.111341629317838,-522.8738251577432,72.31647531260798,-427.5714665848648,-692.7629092198449,0.0758849798709405,0.6854631657040393,1.0,-1.0,0.3488396535117125,0.1080492343518257,0.6035752353596935,0.2023088120517608,0.3606242223526892,0.1143071390821461,0.5654158757972032,0.2023088120517608,0.020190691472371715,0.0,0.0,0.0,0.0,0.006016634888743961,0.003513357068961222,0.015510927050084047,0.004075096980102182,0.0,0.0046438835511916285,0.0,0.0,0.0,0.007096627472752057,0.019399619551653532,0.0058873488907761765,0.010867674431113177,0.0,0.0,0.008350204566862567,0.011277888137390673,0.005348413586178791,0.0,0.0,0.010334106879403891,0.004431551928754439,0.006539908482879653,0.0030559732657918027,0.01733913499812684,0.010728850415199512,0.0068502489893378735,0.29200798107246584,0.10788208403160814,0.5338480234328536,0.10394843181198767,0.2896954583803825,0.10871499497221573,0.48674126380748234,0.17437832701343425,0.36489009087349633,0.11267371444789454,0.45833891094028745,0.2107357509606182,0.36489007792421935,0.11267371682577473,0.45833773805787215,0.2107357509606367,0.6868750197769221,0.11224600988284948,0.8681462134907891,0.35801864035575137,0.6845624841355619,0.11132921325964218,0.8681462134907891,0.48886774957375884,0.0,0.0,0.0,0.0,0.0,0.0,0.0,0.0,22.916727307822526,4.373408125529948,30.83713889043692,15.410902535381156,22.814560216980485,4.780244238440306,30.18316454185779,17.34655870217925,-1.0,0.0,-1.0,-1.0,-1.0,0.0,-1.0,-1.0,7071.590387438306,4866.33984352457,43017.13662334821,2140.4562634928493,6613.369390946424,3374.0266414289267,12821.45770047512,2285.989771597908,0.0,0.0,0.0,0.0,0.0,0.0,0.0,0.0,6.021138637853356,3.2652107732192888,16.31621525144396,2.892665237709892,5.464140559465995,2.4998129539625067,11.525661832056118,2.9702663699883267,-609.9187533631335,356004.0,93000.0,930.0,24.972904970020608,4.512187929208004,6.035126530998727,35.26905677538823,3010.5961341867005,92.0
18.773701439949676,21.727607957753317,300.4184324617543,-349.74061045231355,197.34783545578495,-17.910305,-711.3697,-333.0265132961867,206.4615364378309,-18.164932,-713.02313,-350.26562,204.95451,-20.423449,-716.6757,20.62363,42.340237,273.0835,1.858134e-05,22.777748,89.29952,974.96,8.405186e-08,0.078842185,0.83920085,1.0,-1.0,-6.021138637853356,3.2652107732192888,-2.892665237709892,-16.31621525144396,-577.0689569162965,307.00477786514483,-336.932249417986,-1329.3572379942716,0.04825094,0.7642322,1.0,-1.0,10.0,-5.27398896085637,1.1510867074116815,-3.200396942201844,-11.111341629317838,-525.4780611456312,74.62473651843531,-427.5714665848648,-692.7629092198449,0.0758849798709405,0.6854631657040393,1.0,-1.0,0.3488396535117125,0.1080492343518257,0.6035752353596935,0.2023088120517608,0.3606242223526892,0.1143071390821461,0.5654158757972032,0.2023088120517608,0.0,0.007032641648697994,0.006717636043194378,0.0,0.006018435298564566,0.01226192799082875,0.0,0.010267106194044664,0.0,0.00762378082241154,0.01528424039187263,0.0,0.0,0.0,0.0,0.0,0.013415523908356914,0.0,0.0,0.0,0.0,0.010399458078116016,0.0015810220734678445,0.003909666264888581,0.009714381589736965,0.011671147607050632,0.0,0.009648754759561467,0.0044460459454944415,0.0,0.004378405575465289,0.002121801888535559,0.27752319630236494,0.08755946107926506,0.4706124717991789,0.0843880051266026,0.2752106736102816,0.08839237201987266,0.4235057121738076,0.1548179003280492,0.4077434663219129,0.04926151722635852,0.4703042257114667,0.17048936936874384,0.4077434533726359,0.04926151960423872,0.4703030528290514,0.17048936936876236,0.6623153268690749,0.11253622049873074,0.9366877307280904,0.385428700286705,0.6600027912277147,0.11161942387552344,0.9366877307280904,0.5162778095047125,0.0,0.0,0.0,0.0,0.0,0.0,0.0,0.0,22.916727307822526,4.373408125529948,30.83713889043692,15.410902535381156,22.814560216980485,4.780244238440306,30.18316454185779,17.34655870217925,-1.0,0.0,-1.0,-1.0,-1.0,0.0,-1.0,-1.0,7071.590387438306,4866.33984352457,43017.13662334821,2140.4562634928493,6613.369390946424,3374.0266414289267,12821.45770047512,2285.989771597908,0.0,0.0,0.0,0.0,0.0,0.0,0.0,0.0,6.021138637853356,3.2652107732192888,16.31621525144396,2.892665237709892,5.464140559465995,2.4998129539625067,11.525661832056118,2.9702663699883267,-596.7520507001955,360004.0,94000.0,940.0,22.403722603200848,4.477204904329463,6.1194597668320725,36.01286011765252,3044.200046490645,93.0
22.3408951047992,21.75335592981252,325.30245900143177,-352.0856834079751,208.73738732512692,-17.910305,-711.3697,-330.32896025744503,195.07461375875604,-18.164932,-713.02313,-350.26562,204.95451,-20.423449,-716.6757,20.62363,42.340237,273.0835,1.858134e-05,22.777748,89.29952,974.96,8.405186e-08,0.078842185,0.83920085,1.0,-1.0,-6.021138637853356,3.2652107732192888,-2.892665237709892,-16.31621525144396,-588.1665595859328,319.2889606983653,-336.932249417986,-1329.3572379942716,0.04825094,0.7642322,1.0,-1.0,10.0,-5.27398896085637,1.1510867074116815,-3.200396942201844,-11.111341629317838,-520.984461597455,74.88227547622938,-427.5714665848648,-692.7629092198449,0.0758849798709405,0.6854631657040393,1.0,-1.0,0.3488396535117125,0.1080492343518257,0.6035752353596935,0.2023088120517608,0.3606242223526892,0.1143071390821461,0.5654158757972032,0.2023088120517608,0.0,0.0019352783563921416,0.0036307693427070986,0.005664355406963834,0.0,0.0,0.0,0.010161980442913658,0.0,0.008307665794568556,0.0,0.011797720528418579,0.0005607705785243782,0.0,0.0,0.0,0.0020610124830725577,0.00644519241697757,0.0,0.0,0.0,0.0020768633476939804,0.013780973804322999,0.0,0.0,0.008440644351661608,0.01955567679413513,0.0012748355710755883,0.0,0.008080052158313833,0.0,0.0,0.29818258151743443,0.10676413663740704,0.5099158583143945,0.07042199784371758,0.2958700588253511,0.10759704757801464,0.46280909868902315,0.14085189304516418,0.3800911130600335,0.09142586380196946,0.5053900019131228,0.2134211496386089,0.38009110011075653,0.09142586617984966,0.5053888290307076,0.2134211496386274,0.7149031813595339,0.10448897013763951,0.885110117449063,0.4073488710788524,0.7125906457181737,0.10357217351443221,0.885110117449063,0.53819798029686,0.0,0.0,0.0,0.0,0.0,0.0,0.0,0.0,22.916727307822526,4.373408125529948,30.83713889043692,15.410902535381156,22.814560216980485,4.780244238440306,30.18316454185779,17.34655870217925,-1.0,0.0,-1.0,-1.0,-1.0,0.0,-1.0,-1.0,7071.590387438306,4866.33984352457,43017.13662334821,2140.4562634928493,6613.369390946424,3374.0266414289267,12821.45770047512,2285.989771597908,0.0,0.0,0.0,0.0,0.0,0.0,0.0,0.0,6.021138637853356,3.2652107732192888,16.31621525144396,2.892665237709892,5.464140559465995,2.4998129539625067,11.525661832056118,2.9702663699883267,-614.8413465896615,364004.0,95000.0,950.0,16.494181149977592,4.439488552211462,5.755790437977404,37.54437837191454,3077.8039587945896,94.0
19.257825011512903,23.914864595903417,399.0276332430719,-366.6564313509498,198.0024642796535,-17.910305,-711.3697,-340.31046226736095,208.38812302266336,-18.164932,-713.02313,-350.26562,204.95451,-20.423449,-716.6757,20.62363,42.340237,273.0835,1.858134e-05,22.777748,89.29952,974.96,8.405186e-08,0.078842185,0.83920085,1.0,-1.0,-6.021138637853356,3.2652107732192888,-2.892665237709892,-16.31621525144396,-600.1151314850878,320.12032358078676,-336.932249417986,-1329.3572379942716,0.04825094,0.7642322,1.0,-1.0,10.0,-5.27398896085637,1.1510867074116815,-3.200396942201844,-11.111341629317838,-525.2274769531458,76.96470908098705,-427.5714665848648,-692.7629092198449,0.0758849798709405,0.6854631657040393,1.0,-1.0,0.3488396535117125,0.1080492343518257,0.6035752353596935,0.2023088120517608,0.3606242223526892,0.1143071390821461,0.5654158757972032,0.2023088120517608,0.0,0.0,0.00861854666040193,0.00010759677926603911,0.0,0.008049851137889705,0.0,0.0018522178838205048,0.008154282882900711,0.019666311649624374,0.007229431563848019,0.0007486286503082172,0.0,0.0,0.010795130020540295,0.0,0.0,0.0,0.0,0.0,0.0,0.0052344458379284045,0.0,0.0028863853239904425,0.0,0.0,0.014417452296932962,0.0,0.00023835662019346178,0.007718622645976706,0.0,0.006059117280509276,0.31282523819444413,0.0582799058356752,0.5154018540170054,0.06735811827316363,0.3105127155023608,0.0591128167762828,0.4682950943916341,0.1377880134746102,0.37732710680552434,0.0704388817699505,0.49102937393484974,0.21167871253277687,0.37732709385624735,0.0704388841478307,0.49102820105243444,0.21167871253279538,0.6942284078610746,0.10467242816238372,0.9063069755027198,0.3928822677449682,0.6919158722197144,0.10375563153917641,0.9063069755027198,0.5237313769629757,0.0,0.0,0.0,0.0,0.0,0.0,0.0,0.0,22.916727307822526,4.373408125529948,30.83713889043692,15.410902535381156,22.814560216980485,4.780244238440306,30.18316454185779,17.34655870217925,-1.0,0.0,-1.0,-1.0,-1.0,0.0,-1.0,-1.0,7071.590387438306,4866.33984352457,43017.13662334821,2140.4562634928493,6613.369390946424,3374.0266414289267,12821.45770047512,2285.989771597908,0.0,0.0,0.0,0.0,0.0,0.0,0.0,0.0,6.021138637853356,3.2652107732192888,16.31621525144396,2.892665237709892,5.464140559465995,2.4998129539625067,11.525661832056118,2.9702663699883267,-600.0205619692028,368004.0,96000.0,960.0,26.476270043493194,4.316988182298273,5.1283196335697925,38.39516901901055,3111.407871098534,95.0
20.463592512662768,22.896689879959006,338.9753368296961,-354.46532475041687,201.08986915303396,-17.910305,-711.3697,-351.2686737184486,202.62803646348067,-18.164932,-713.02313,-350.26562,204.95451,-20.423449,-716.6757,20.62363,42.340237,273.0835,1.858134e-05,22.777748,89.29952,974.96,8.405186e-08,0.078842185,0.83920085,1.0,-1.0,-6.021138637853356,3.2652107732192888,-2.892665237709892,-16.31621525144396,-588.7106007733436,310.8198218670957,-336.932249417986,-1329.3572379942716,0.04825094,0.7642322,1.0,-1.0,10.0,-5.27398896085637,1.1510867074116815,-3.200396942201844,-11.111341629317838,-531.039655278931,74.68297908939662,-427.5714665848648,-692.7629092198449,0.0758849798709405,0.6854631657040393,1.0,-1.0,0.3488396535117125,0.1080492343518257,0.6035752353596935,0.2023088120517608,0.3606242223526892,0.1143071390821461,0.5654158757972032,0.2023088120517608,0.009829751211343236,0.0,0.0,0.007046739985963401,0.01439025274843291,0.0,0.002520925827094107,0.0021145364391657894,0.00410102006168768,0.0,0.010998086104095178,0.019257028642542563,0.015282565691607563,0.0,0.0009097121154872426,0.0,0.006872676854283474,0.0,0.0,0.009911949716821326,0.008013319067599953,0.004188100836028434,0.0,0.0,0.004273997553308257,0.0,0.003497485414020893,0.0,0.0,0.0,0.01081976161859985,0.0,0.2667194824257015,0.11746205546424382,0.498725593157342,0.0798502337555945,0.26440695973361816,0.11829496640485143,0.4516188335319707,0.15028012895704107,0.33015411864579336,0.057659958844610185,0.5018269778649932,0.18975645523611645,0.3301541056965164,0.05765996122249038,0.5018258049825779,0.18975645523613496,0.6878015018450784,0.11421306860872843,0.8716636862856815,0.39903591785273307,0.6854889662037181,0.11329627198552113,0.8716636862856815,0.5298850270707405,0.0,0.0,0.0,0.0,0.0,0.0,0.0,0.0,22.916727307822526,4.373408125529948,30.83713889043692,15.410902535381156,22.814560216980485,4.780244238440306,30.18316454185779,17.34655870217925,-1.0,0.0,-1.0,-1.0,-1.0,0.0,-1.0,-1.0,7071.590387438306,4866.33984352457,43017.13662334821,2140.4562634928493,6613.369390946424,3374.0266414289267,12821.45770047512,2285.989771597908,0.0,0.0,0.0,0.0,0.0,0.0,0.0,0.0,6.021138637853356,3.2652107732192888,16.31621525144396,2.892665237709892,5.464140559465995,2.4998129539625067,11.525661832056118,2.9702663699883267,-608.858677199627,372004.0,97000.0,970.0,21.135370942916385,4.76531884875369,6.126803449863772,33.36509720713209,3145.0117834024786,96.0
17.9178222799246,20.91208451405008,369.54841308031615,-364.0455146570769,174.28288507096798,-17.910305,-711.3697,-342.6943839463518,207.55565169780732,-18.164932,-713.02313,-350.26562,204.95451,-20.423449,-716.6757,20.62363,42.340237,273.0835,1.858134e-05,22.777748,89.29952,974.96,8.405186e-08,0.078842185,0.83920085,1.0,-1.0,-6.021138637853356,3.2652107732192888,-2.892665237709892,-16.31621525144396,-603.9705748468873,312.3231234809554,-336.932249417986,-1329.3572379942716,0.04825094,0.7642322,1.0,-1.0,10.0,-5.27398896085637,1.1510867074116815,-3.200396942201844,-11.111341629317838,-524.3225931357189,74.11784425905938,-427.5714665848648,-692.7629092198449,0.0758849798709405,0.6854631657040393,1.0,-1.0,0.3488396535117125,0.1080492343518257,0.6035752353596935,0.2023088120517608,0.3606242223526892,0.1143071390821461,0.5654158757972032,0.2023088120517608,0.016798989311438514,0.0,0.0021385693525649346,0.010046500081719678,0.0,0.0,0.009097053666358022,0.01838339762819322,0.0009779923585150182,0.0077193603811613635,0.0,0.007491108879322182,0.0,0.01984404002307058,0.0,0.012347386852068747,0.004040941356541387,0.0065964284568391235,0.0,0.01292741769565163,0.0,0.0,0.0,0.0038955034335873945,0.0064688765022372155,0.0,0.0028198244997977824,0.02302017805179284,0.003074685132206902,0.0024932009152348446,0.0,0.0,0.2992945019857231,0.12766720062839326,0.4821740565174942,0.04809499927718873,0.2969819792936398,0.12850011156900087,0.43506729689212287,0.11852489447863532,0.4226697752393001,0.08141875012556654,0.5121837079104369,0.21946595396746163,0.4226697622900231,0.08141875250344674,0.5121825350280216,0.21946595396748014,0.6916573806419544,0.11534336368383577,0.885851511512838,0.4014322048529014,0.6893448450005941,0.11442656706062847,0.885851511512838,0.5322813140709088,0.0,0.0,0.0,0.0,0.0,0.0,0.0,0.0,22.916727307822526,4.373408125529948,30.83713889043692,15.410902535381156,22.814560216980485,4.780244238440306,30.18316454185779,17.34655870217925,-1.0,0.0,-1.0,-1.0,-1.0,0.0,-1.0,-1.0,7071.590387438306,4866.33984352457,43017.13662334821,2140.4562634928493,6613.369390946424,3374.0266414289267,12821.45770047512,2285.989771597908,0.0,0.0,0.0,0.0,0.0,0.0,0.0,0.0,6.021138637853356,3.2652107732192888,16.31621525144396,2.892665237709892,5.464140559465995,2.4998129539625067,11.525661832056118,2.9702663699883267,-602.2621118538036,376004.0,98000.0,980.0,24.954722652562292,4.814486952576139,5.089121166125994,30.056053774594,3178.615695706423,97.0
21.10816191836952,21.35173377298765,351.8233868828632,-333.70279048366484,194.64206397155664,-17.910305,-711.3697,-332.56533660658965,183.50928339391947,-18.164932,-713.02313,-350.26562,204.95451,-20.423449,-716.6757,20.62363,42.340237,273.0835,1.858134e-05,22.777748,89.29952,974.96,8.405186e-08,0.078842185,0.83920085,1.0,-1.0,-6.021138637853356,3.2652107732192888,-2.892665237709892,-16.31621525144396,-606.1387424685241,318.70505392372513,-336.932249417986,-1329.3572379942716,0.04825094,0.7642322,1.0,-1.0,10.0,-5.27398896085637,1.1510867074116815,-3.200396942201844,-11.111341629317838,-535.0741397030579,75.8118519112299,-427.5714665848648,-692.7629092198449,0.0758849798709405,0.6854631657040393,1.0,-1.0,0.3488396535117125,0.1080492343518257,0.6035752353596935,0.2023088120517608,0.3606242223526892,0.1143071390821461,0.5654158757972032,0.2023088120517608,0.006660830871227878,0.003270427539640876,0.0,0.0,0.0164845962501609,0.003335686451180035,0.012350736568083822,0.0,0.0,0.0008196642294839583,0.0,0.006910422232173059,0.008388960192455991,0.0,0.001844976087067079,0.0,0.011567190922914977,0.0,0.0,0.0,3.338888654838326e-05,0.0,0.014472693689439792,0.0,0.01844617003105413,0.0,0.019287249009968265,0.012249584083818774,0.0,0.005285889052657545,0.015704129982232102,0.0,0.2782343661908054,0.09796688723936312,0.5389389430939644,0.09257735965468998,0.27592184349872206,0.09879979817997071,0.49183218346859303,0.16300725485613657,0.39017301053039094,0.05888108392312372,0.5004663539666229,0.22070693363850635,0.39017299758111396,0.058881086301003915,0.5004651810842076,0.22070693363852487,0.6963350429055953,0.0978940682261381,0.8778757628126942,0.38593857672333837,0.6940225072642351,0.09697727160293079,0.8778757628126942,0.5167876859413458,0.0,0.0,0.0,0.0,0.0,0.0,0.0,0.0,22.916727307822526,4.373408125529948,30.83713889043692,15.410902535381156,22.814560216980485,4.780244238440306,30.18316454185779,17.34655870217925,-1.0,0.0,-1.0,-1.0,-1.0,0.0,-1.0,-1.0,7071.590387438306,4866.33984352457,43017.13662334821,2140.4562634928493,6613.369390946424,3374.0266414289267,12821.45770047512,2285.989771597908,0.0,0.0,0.0,0.0,0.0,0.0,0.0,0.0,6.021138637853356,3.2652107732192888,16.31621525144396,2.892665237709892,5.464140559465995,2.4998129539625067,11.525661832056118,2.9702663699883267,-591.4565243716244,380004.0,99000.0,990.0,26.03957223346556,4.902224631430576,5.537834857741119,36.71052730159919,3212.2196080103677,98.0
19.98107728573338,24.09828734339122,356.9742270002199,-325.9262906790833,222.95525145362504,-17.910305,-711.3697,-343.41078345254607,196.42070756083868,-18.164932,-713.02313,-350.26562,204.95451,-20.423449,-716.6757,20.62363,42.340237,273.0835,1.858134e-05,22.777748,89.29952,974.96,8.405186e-08,0.078842185,0.83920085,1.0,-1.0,-6.021138637853356,3.2652107732192888,-2.892665237709892,-16.31621525144396,-602.2510481966743,317.08806632391656,-336.932249417986,-1329.3572379942716,0.04825094,0.7642322,1.0,-1.0,10.0,-5.27398896085637,1.1510867074116815,-3.200396942201844,-11.111341629317838,-520.1230563679329,75.46036397295366,-427.5714665848648,-692.7629092198449,0.0758849798709405,0.6854631657040393,1.0,-1.0,0.3488396535117125,0.1080492343518257,0.6035752353596935,0.2023088120517608,0.3606242223526892,0.1143071390821461,0.5654158757972032,0.2023088120517608,0.0,0.0,0.0,0.006035845143116312,0.005205516413115909,0.0,0.001398268214650929,0.0,0.0,0.0,0.0,0.0,0.0,0.0,0.0,0.002945067187810863,0.0049380695551860315,0.0,0.001258803343069982,0.0,0.0,0.0,0.004032880067903786,0.0,0.014645235511200245,0.0,0.01883392036322354,0.0010910417524961963,0.0,0.0,0.005669596145365345,0.0,0.2883059145722384,0.09968637655685526,0.5060094053475582,0.04476446206405058,0.2859933918801551,0.10051928749746286,0.4589026457221869,0.11519435726549718,0.4140748323647494,0.06435091742628234,0.4867357144926012,0.2571090248918563,0.4140748194154724,0.06435091980416253,0.4867345416101859,0.2571090248918748,0.6507075264627505,0.137602526963245,0.8901190143791662,0.384051284206264,0.6483949908213903,0.1366857303400377,0.8901190143791662,0.5149003934242715,0.0,0.0,0.0,0.0,0.0,0.0,0.0,0.0,22.916727307822526,4.373408125529948,30.83713889043692,15.410902535381156,22.814560216980485,4.780244238440306,30.18316454185779,17.34655870217925,-1.0,0.0,-1.0,-1.0,-1.0,0.0,-1.0,-1.0,7071.590387438306,4866.33984352457,43017.13662334821,2140.4562634928493,6613.369390946424,3374.0266414289267,12821.45770047512,2285.989771597908,0.0,0.0,0.0,0.0,0.0,0.0,0.0,0.0,6.021138637853356,3.2652107732192888,16.31621525144396,2.892665237709892,5.464140559465995,2.4998129539625067,11.525661832056118,2.9702663699883267,-623.5882395699075,384004.0,100000.0,1000.0,20.181357476348925,4.501472938378253,5.587334107042955,31.120864722984212,3245.823520314312,99.0
20.484400127855906,22.625788025438688,389.1148651865758,-340.35739693447005,194.68930667199274,-17.910305,-711.3697,-349.4109682493602,206.84201569587515,-18.164932,-713.02313,-350.26562,204.95451,-20.423449,-716.6757,20.62363,42.340237,273.0835,1.858134e-05,22.777748,89.29952,974.96,8.405186e-08,0.078842185,0.83920085,1.0,-1.0,-6.021138637853356,3.2652107732192888,-2.892665237709892,-16.31621525144396,-613.4225268007357,307.1297069807381,-336.932249417986,-1329.3572379942716,0.04825094,0.7642322,1.0,-1.0,10.0,-5.27398896085637,1.1510867074116815,-3.200396942201844,-11.111341629317838,-514.8349456625374,76.51210900748482,-427.5714665848648,-692.7629092198449,0.0758849798709405,0.6854631657040393,1.0,-1.0,0.3488396535117125,0.1080492343518257,0.6035752353596935,0.2023088120517608,0.3606242223526892,0.1143071390821461,0.5654158757972032,0.2023088120517608,0.006402555825125765,0.0045841973725826695,0.0,0.0,0.0,0.0,0.0,0.0,0.0,0.006333601403850328,0.0,0.0110719948544372,0.009504496803410669,0.01000570730145194,0.007246587800146393,0.006204588711808044,0.0,0.0,0.0,0.0,0.005053735775905703,0.0,0.0,0.01845684026893473,0.002591557214893653,0.003900495827474686,0.0,0.007825810181715166,0.0003139015495533676,0.0,0.0,0.0,0.2890005096140943,0.07954668459839542,0.4736753693501265,0.0695075387779709,0.286687986922011,0.08037959553900302,0.4265686097247552,0.1399374339794175,0.39411413363657855,0.0653604601461189,0.49584759675109014,0.2231649770069599,0.39411412068730156,0.0653604625239991,0.49584642386867483,0.2231649770069784,0.6876049648071392,0.09142651688724171,0.898575991697785,0.3857760395782721,0.6852924291657789,0.09050972026403441,0.898575991697785,0.5166251487962795,0.0,0.0,0.0,0.0,0.0,0.0,0.0,0.0,22.916727307822526,4.373408125529948,30.83713889043692,15.410902535381156,22.814560216980485,4.780244238440306,30.18316454185779,17.34655870217925,-1.0,0.0,-1.0,-1.0,-1.0,0.0,-1.0,-1.0,7071.590387438306,4866.33984352457,43017.13662334821,2140.4562634928493,6613.369390946424,3374.0266414289267,12821.45770047512,2285.989771597908,0.0,0.0,0.0,0.0,0.0,0.0,0.0,0.0,6.021138637853356,3.2652107732192888,16.31621525144396,2.892665237709892,5.464140559465995,2.4998129539625067,11.525661832056118,2.9702663699883267,-582.4529106805065,388004.0,101000.0,1010.0,24.083331432000282,4.091506430861255,5.888078998160075,33.09062442801933,3279.4274326182567,100.0
21.17546413943493,22.40017310357717,287.7671823743326,-314.07605010062116,206.40810733829898,-17.910305,-711.3697,-350.4665075304221,203.93934477111966,-18.164932,-713.02313,-350.26562,204.95451,-20.423449,-716.6757,20.62363,42.340237,273.0835,1.858134e-05,22.777748,89.29952,974.96,8.405186e-08,0.078842185,0.83920085,1.0,-1.0,-6.021138637853356,3.2652107732192888,-2.892665237709892,-16.31621525144396,-586.0590086348586,309.9636381179567,-336.932249417986,-1329.3572379942716,0.04825094,0.7642322,1.0,-1.0,10.0,-5.27398896085637,1.1510867074116815,-3.200396942201844,-11.111341629317838,-502.29231482635447,72.24846612092945,-427.5714665848648,-692.7629092198449,0.0758849798709405,0.6854631657040393,1.0,-1.0,0.3488396535117125,0.1080492343518257,0.6035752353596935,0.2023088120517608,0.3606242223526892,0.1143071390821461,0.5654158757972032,0.2023088120517608,0.004758916548121542,0.0,0.013492529633353774,0.0,0.0,0.006697162519052803,0.007572015399672223,0.001592070540505576,0.027577011676000695,0.0,0.0,0.003595646084031613,0.0,0.0,0.0,0.014134075312282848,0.0053101841588289135,0.0,0.0017070342793397788,0.01231656152168783,0.012264940918627471,0.0,0.0,0.0,0.003330700869299322,0.006590847164424317,0.0010739304347638383,0.0019470663484657928,0.0,0.0,0.020196505035308347,0.00935339772730974,0.2847119397416572,0.10973060524815029,0.4929920056911784,0.1026053783307285,0.2823994170495739,0.11056351618875787,0.4458852460658071,0.1730352735321751,0.3870320531190466,0.05967886675034463,0.43141555451437896,0.16057375845931393,0.3870320401697696,0.05967886912822483,0.43141438163196366,0.16057375845933244,0.6884246430151619,0.13837208054592579,0.8688749109573172,0.4369834120016577,0.6861121073738017,0.1374552839227185,0.8688749109573172,0.5678325212196651,0.0,0.0,0.0,0.0,0.0,0.0,0.0,0.0,22.916727307822526,4.373408125529948,30.83713889043692,15.410902535381156,22.814560216980485,4.780244238440306,30.18316454185779,17.34655870217925,-1.0,0.0,-1.0,-1.0,-1.0,0.0,-1.0,-1.0,7071.590387438306,4866.33984352457,43017.13662334821,2140.4562634928493,6613.369390946424,3374.0266414289267,12821.45770047512,2285.989771597908,0.0,0.0,0.0,0.0,0.0,0.0,0.0,0.0,6.021138637853356,3.2652107732192888,16.31621525144396,2.892665237709892,5.464140559465995,2.4998129539625067,11.525661832056118,2.9702663699883267,-599.5457597967458,392004.0,102000.0,1020.0,22.54291976878234,3.8108691008782767,4.351663749834534,33.11303927865844,3313.0313449222012,101.0
19.249037938965483,27.023899090781548,336.7808682874713,-349.5806191646012,197.4838024692638,-17.910305,-711.3697,-360.96542524317715,222.61939961090275,-18.164932,-713.02313,-350.26562,204.95451,-20.423449,-716.6757,20.62363,42.340237,273.0835,1.858134e-05,22.777748,89.29952,974.96,8.405186e-08,0.078842185,0.83920085,1.0,-1.0,-6.021138637853356,3.2652107732192888,-2.892665237709892,-16.31621525144396,-610.7399310583903,306.3964673155954,-336.932249417986,-1329.3572379942716,0.04825094,0.7642322,1.0,-1.0,10.0,-5.27398896085637,1.1510867074116815,-3.200396942201844,-11.111341629317838,-538.6957337993754,73.42117751027719,-427.5714665848648,-692.7629092198449,0.0758849798709405,0.6854631657040393,1.0,-1.0,0.3488396535117125,0.1080492343518257,0.6035752353596935,0.2023088120517608,0.3606242223526892,0.1143071390821461,0.5654158757972032,0.2023088120517608,0.0044899419375584665,0.0,0.0,0.0,0.004249785086983806,0.0,0.009917602677857644,0.004680140223964623,0.007318000998808355,0.012605916535483735,0.007765619995787212,0.007298792443483585,0.011684604848307679,0.004213222816175784,0.0,0.0,0.0,0.010115236813227086,0.001372434887392956,0.011791874500245433,0.005038022471895766,0.0,0.0004994341105643934,0.0014048292251738598,0.0003117506211973901,0.0,0.0,0.0,0.00015792556495328143,0.0,0.0,0.0,0.24402104073895906,0.10553508978335575,0.5275737511103648,0.09929403712271843,0.24170851804687574,0.10636800072396335,0.4804669914849934,0.16972393232416502,0.3894434710623333,0.029237122937461772,0.5146184801585698,0.17453907161721383,0.3894434581130563,0.02923712531534197,0.5146173072761545,0.17453907161723237,0.6480130648483412,0.0853861958731085,0.8854948490305681,0.3927195947316405,0.645700529206981,0.0844693992499012,0.8854948490305681,0.5235687039496479,0.0,0.0,0.0,0.0,0.0,0.0,0.0,0.0,22.916727307822526,4.373408125529948,30.83713889043692,15.410902535381156,22.814560216980485,4.780244238440306,30.18316454185779,17.34655870217925,-1.0,0.0,-1.0,-1.0,-1.0,0.0,-1.0,-1.0,7071.590387438306,4866.33984352457,43017.13662334821,2140.4562634928493,6613.369390946424,3374.0266414289267,12821.45770047512,2285.989771597908,0.0,0.0,0.0,0.0,0.0,0.0,0.0,0.0,6.021138637853356,3.2652107732192888,16.31621525144396,2.892665237709892,5.464140559465995,2.4998129539625067,11.525661832056118,2.9702663699883267,-580.1699010960573,396004.0,103000.0,1030.0,23.81835870097855,5.407208435767359,5.0588800386095745,32.21689799892554,3346.6352572261458,102.0
16.411885451699387,24.190883888189394,379.75026714966543,-361.5625376414973,228.19360355248114,-17.910305,-711.3697,-326.41770268890014,211.8088775741317,-18.164932,-713.02313,-350.26562,204.95451,-20.423449,-716.6757,20.62363,42.340237,273.0835,1.858134e-05,22.777748,89.29952,974.96,8.405186e-08,0.078842185,0.83920085,1.0,-1.0,-6.021138637853356,3.2652107732192888,-2.892665237709892,-16.31621525144396,-597.1966071986408,318.56497510390005,-336.932249417986,-1329.3572379942716,0.04825094,0.7642322,1.0,-1.0,10.0,-5.27398896085637,1.1510867074116815,-3.200396942201844,-11.111341629317838,-527.4343291941566,74.07879375900306,-427.5714665848648,-692.7629092198449,0.0758849798709405,0.6854631657040393,1.0,-1.0,0.3488396535117125,0.1080492343518257,0.6035752353596935,0.2023088120517608,0.3606242223526892,0.1143071390821461,0.5654158757972032,0.2023088120517608,0.0,0.023810190916107032,0.0,0.01241652164068658,0.013865591604163757,0.009891969781365664,0.008803590274569046,0.008136190934888574,0.0,0.0014419080600436916,0.0,0.0,0.0,0.0009657748730874675,0.0,0.01128666565149323,0.0,0.005744775995955079,0.0,0.0,0.0,0.01312082823834764,0.0,0.003665201003126292,0.008548055507753827,0.017641461380061757,0.009587304013621914,0.006252389451210351,0.0,0.0,0.002767446489961808,0.001163026043869828,0.2645086746839371,0.08913733337340093,0.49547662233959716,0.09775177563771792,0.26219615199185375,0.08997024431400853,0.44836986271422585,0.16818167083916452,0.40277085926592854,0.096643707171077,0.47746981265502036,0.22206017498543584,0.40277084631665155,0.0966437095489572,0.47746863977260506,0.22206017498545436,0.6712626935213837,0.0887284293830329,0.9004049045177092,0.380803000232554,0.6689501578800234,0.08781163275982559,0.9004049045177092,0.5116521094505615,0.0,0.0,0.0,0.0,0.0,0.0,0.0,0.0,22.916727307822526,4.373408125529948,30.83713889043692,15.410902535381156,22.814560216980485,4.780244238440306,30.18316454185779,17.34655870217925,-1.0,0.0,-1.0,-1.0,-1.0,0.0,-1.0,-1.0,7071.590387438306,4866.33984352457,43017.13662334821,2140.4562634928493,6613.369390946424,3374.0266414289267,12821.45770047512,2285.989771597908,0.0,0.0,0.0,0.0,0.0,0.0,0.0,0.0,6.021138637853356,3.2652107732192888,16.31621525144396,2.892665237709892,5.464140559465995,2.4998129539625067,11.525661832056118,2.9702663699883267,-619.6144916960795,400004.0,104000.0,1040.0,21.736601878877007,4.338189561764585,5.898074554063954,30.743522458423627,3380.2391695300903,103.0
20.82007148605575,22.213777355897392,406.24053371444694,-354.90457621551815,217.27473744033148,-17.910305,-711.3697,-329.60812765430785,216.91175983745737,-18.164932,-713.02313,-350.26562,204.95451,-20.423449,-716.6757,20.62363,42.340237,273.0835,1.858134e-05,22.777748,89.29952,974.96,8.405186e-08,0.078842185,0.83920085,1.0,-1.0,-6.021138637853356,3.2652107732192888,-2.892665237709892,-16.31621525144396,-602.5538861357203,312.921207067445,-336.932249417986,-1329.3572379942716,0.04825094,0.7642322,1.0,-1.0,10.0,-5.27398896085637,1.1510867074116815,-3.200396942201844,-11.111341629317838,-515.2734746236242,75.4474250996844,-427.5714665848648,-692.7629092198449,0.0758849798709405,0.6854631657040393,1.0,-1.0,0.3488396535117125,0.1080492343518257,0.6035752353596935,0.2023088120517608,0.3606242223526892,0.1143071390821461,0.5654158757972032,0.2023088120517608,0.0,0.01864206195714747,0.0,0.0,0.011437271120952629,0.0,0.0,0.008954083398581125,0.007093504235818658,0.0,0.005092599066351481,0.0,0.0,0.0,0.019078462057070963,0.008445256686172032,0.0,0.0,0.0,0.007940412288280706,0.006674689951168349,0.010577951830529094,0.0,0.0,0.01286988673828891,0.0,0.0,0.00656793620686594,0.0,0.009415072685385014,0.0,0.0013613185273087958,0.30020198309453394,0.06874503551511094,0.5129846518756007,0.1145519142107865,0.2978894604024506,0.06957794645571852,0.46587789225022935,0.18498180941223308,0.3777080716311917,0.09530874060988817,0.500202235461705,0.2012941431249996,0.3777080586819147,0.09530874298776837,0.5002010625792896,0.20129414312501812,0.6824072479163856,0.0834167179069307,0.8888742323471741,0.4257469296666944,0.6800947122750254,0.0824999212837234,0.8888742323471741,0.5565960388847019,0.0,0.0,0.0,0.0,0.0,0.0,0.0,0.0,22.916727307822526,4.373408125529948,30.83713889043692,15.410902535381156,22.814560216980485,4.780244238440306,30.18316454185779,17.34655870217925,-1.0,0.0,-1.0,-1.0,-1.0,0.0,-1.0,-1.0,7071.590387438306,4866.33984352457,43017.13662334821,2140.4562634928493,6613.369390946424,3374.0266414289267,12821.45770047512,2285.989771597908,0.0,0.0,0.0,0.0,0.0,0.0,0.0,0.0,6.021138637853356,3.2652107732192888,16.31621525144396,2.892665237709892,5.464140559465995,2.4998129539625067,11.525661832056118,2.9702663699883267,-589.2388955967778,404004.0,105000.0,1050.0,21.538667018715344,5.45530098394225,5.248114650785295,36.883893028280205,3413.843081834035,104.0
22.314056627994717,25.328108258287557,327.0027020692811,-336.02163604097996,214.67497697294868,-17.910305,-711.3697,-338.9489327051855,209.09031650979452,-18.164932,-713.02313,-350.26562,204.95451,-20.423449,-716.6757,20.62363,42.340237,273.0835,1.858134e-05,22.777748,89.29952,974.96,8.405186e-08,0.078842185,0.83920085,1.0,-1.0,-6.021138637853356,3.2652107732192888,-2.892665237709892,-16.31621525144396,-596.6095612933037,306.4232100123598,-336.932249417986,-1329.3572379942716,0.04825094,0.7642322,1.0,-1.0,10.0,-5.27398896085637,1.1510867074116815,-3.200396942201844,-11.111341629317838,-526.4447294044268,75.59355885415852,-427.5714665848648,-692.7629092198449,0.0758849798709405,0.6854631657040393,1.0,-1.0,0.3488396535117125,0.1080492343518257,0.6035752353596935,0.2023088120517608,0.3606242223526892,0.1143071390821461,0.5654158757972032,0.2023088120517608,0.0,0.0,0.0,0.007818253536580113,0.0,0.020913214996774267,0.002168400104091202,0.0,0.004282696761608716,0.00013098100129428633,0.0,0.0,0.015819327773514632,0.003971441521212792,0.0038911189331106233,0.012101120508927615,0.0,0.028198862051961617,0.00029494494465613023,0.0006339782846763112,0.0,0.005276717107405785,0.003646338227930839,0.0006030059499360725,0.0,0.0,0.0,0.0,0.0,0.0,0.0,0.0,0.27901090027171727,0.11252904603921189,0.5136867781947022,0.08380674832292573,0.27669837757963395,0.11336195697981949,0.4665800185693309,0.1542366435243723,0.40542702333870495,0.08071036226276695,0.4967760161199723,0.2292278651297136,0.40542701038942797,0.08071036464064715,0.496774843237557,0.22922786512973212,0.6797299740025459,0.08856464194435082,0.8975285675131489,0.33829536743534905,0.6774174383611856,0.08764784532114352,0.8975285675131489,0.4691444766533565,0.0,0.0,0.0,0.0,0.0,0.0,0.0,0.0,22.916727307822526,4.373408125529948,30.83713889043692,15.410902535381156,22.814560216980485,4.780244238440306,30.18316454185779,17.34655870217925,-1.0,0.0,-1.0,-1.0,-1.0,0.0,-1.0,-1.0,7071.590387438306,4866.33984352457,43017.13662334821,2140.4562634928493,6613.369390946424,3374.0266414289267,12821.45770047512,2285.989771597908,0.0,0.0,0.0,0.0,0.0,0.0,0.0,0.0,6.021138637853356,3.2652107732192888,16.31621525144396,2.892665237709892,5.464140559465995,2.4998129539625067,11.525661832056118,2.9702663699883267,-616.2625172321963,408004.0,106000.0,1060.0,23.155315598140028,4.421943882630074,5.618098856436993,37.68508511349924,3447.4469941379793,105.0
19.663848434793948,18.770875918452912,305.21500119748066,-367.3734517998739,201.2350050447328,-17.910305,-711.3697,-322.5188611902643,203.66541882620797,-18.164932,-713.02313,-350.26562,204.95451,-20.423449,-716.6757,20.62363,42.340237,273.0835,1.858134e-05,22.777748,89.29952,974.96,8.405186e-08,0.078842185,0.83920085,1.0,-1.0,-6.021138637853356,3.2652107732192888,-2.892665237709892,-16.31621525144396,-584.9008042777486,324.0656075672506,-336.932249417986,-1329.3572379942716,0.04825094,0.7642322,1.0,-1.0,10.0,-5.27398896085637,1.1510867074116815,-3.200396942201844,-11.111341629317838,-514.2904589513736,76.26215415575051,-427.5714665848648,-692.7629092198449,0.0758849798709405,0.6854631657040393,1.0,-1.0,0.3488396535117125,0.1080492343518257,0.6035752353596935,0.2023088120517608,0.3606242223526892,0.1143071390821461,0.5654158757972032,0.2023088120517608,0.0,0.0,0.0,0.0,0.0014313230307043765,0.001548824098923694,6.392769140286564e-05,0.0,0.004906805730664728,0.0,0.0,0.0,0.0,0.002925318163577363,0.0029081911595797783,0.0009243380068194643,0.0031257117189513878,0.0014269144620512428,0.0,0.0,0.005045364343813172,0.002523790565328704,0.0015028932258854511,0.020423014088585413,0.006615628813212648,0.00520532431985686,0.0028225235565953826,0.0,0.007418992854211119,0.0162283768288716,0.0,0.003775479538806812,0.3038684255895563,0.09722820166599297,0.516725009739693,0.03563226130459271,0.30155590289747297,0.09806111260660057,0.4696182501143218,0.1060621565060393,0.4449405948153096,0.05626097198125754,0.45754820057265194,0.25669643249565743,0.44494058186603264,0.05626097435913774,0.45754702769023664,0.256696432495676,0.6894315810404958,0.10899242682185538,0.8920370293261884,0.37454796582976785,0.6871190453991356,0.10807563019864808,0.8920370293261884,0.5053970750477753,0.0,0.0,0.0,0.0,0.0,0.0,0.0,0.0,22.916727307822526,4.373408125529948,30.83713889043692,15.410902535381156,22.814560216980485,4.780244238440306,30.18316454185779,17.34655870217925,-1.0,0.0,-1.0,-1.0,-1.0,0.0,-1.0,-1.0,7071.590387438306,4866.33984352457,43017.13662334821,2140.4562634928493,6613.369390946424,3374.0266414289267,12821.45770047512,2285.989771597908,0.0,0.0,0.0,0.0,0.0,0.0,0.0,0.0,6.021138637853356,3.2652107732192888,16.31621525144396,2.892665237709892,5.464140559465995,2.4998129539625067,11.525661832056118,2.9702663699883267,-609.2334630344252,412004.0,107000.0,1070.0,21.131079183724125,4.245865217894785,6.014174238621619,36.473623835788935,3481.050906441924,106.0
20.057441910359188,24.74084390333132,392.2497588608861,-368.0784055655258,185.46699456981156,-17.910305,-711.3697,-361.96982384714676,189.9327459057527,-18.164932,-713.02313,-350.26562,204.95451,-20.423449,-716.6757,20.62363,42.340237,273.0835,1.858134e-05,22.777748,89.29952,974.96,8.405186e-08,0.078842185,0.83920085,1.0,-1.0,-6.021138637853356,3.2652107732192888,-2.892665237709892,-16.31621525144396,-608.4789033817706,321.2591215490646,-336.932249417986,-1329.3572379942716,0.04825094,0.7642322,1.0,-1.0,10.0,-5.27398896085637,1.1510867074116815,-3.200396942201844,-11.111341629317838,-527.0427260718694,75.89783105690238,-427.5714665848648,-692.7629092198449,0.0758849798709405,0.6854631657040393,1.0,-1.0,0.3488396535117125,0.1080492343518257,0.6035752353596935,0.2023088120517608,0.3606242223526892,0.1143071390821461,0.5654158757972032,0.2023088120517608,0.023095923013913083,0.0,0.01033008588724597,0.0,0.003557503284059409,0.00507622095621948,0.009462371690191958,0.0,0.00034598454938191385,0.003659459400633474,0.0026685195914437475,0.010094920816634587,0.0,0.02173418803843433,0.0,0.0,0.0033571119039936914,0.0,0.006811717383451595,0.0,0.008371000284723264,0.0,0.0,0.012996226261722713,0.0,0.010754199153546154,0.01274053889913347,0.005408178498471945,0.0,0.0,0.0,0.0,0.3055191685167803,0.07830789861989551,0.49749142427131643,0.09038577606553591,0.303206645824697,0.07914080956050311,0.4503846646459451,0.16081567126698249,0.37958414458986683,0.08340895927808163,0.5032049314219904,0.20390650247793993,0.37958413164058985,0.08340896165596183,0.5032037585395751,0.20390650247795844,0.6680946086791706,0.06772697904958459,0.9344665765261159,0.4115011562810942,0.6657820730378103,0.06681018242637729,0.9344665765261159,0.5423502654991017,0.0,0.0,0.0,0.0,0.0,0.0,0.0,0.0,22.916727307822526,4.373408125529948,30.83713889043692,15.410902535381156,22.814560216980485,4.780244238440306,30.18316454185779,17.34655870217925,-1.0,0.0,-1.0,-1.0,-1.0,0.0,-1.0,-1.0,7071.590387438306,4866.33984352457,43017.13662334821,2140.4562634928493,6613.369390946424,3374.0266414289267,12821.45770047512,2285.989771597908,0.0,0.0,0.0,0.0,0.0,0.0,0.0,0.0,6.021138637853356,3.2652107732192888,16.31621525144396,2.892665237709892,5.464140559465995,2.4998129539625067,11.525661832056118,2.9702663699883267,-599.0369746168038,416004.0,108000.0,1080.0,24.164557120292095,5.0170868196379725,6.3218575715165395,31.13965624456668,3514.6548187458684,107.0
18.891941023220053,22.484157650684867,381.80526758936315,-338.1311600593076,196.97888727379438,-17.910305,-711.3697,-332.44043628493347,210.86803104819916,-18.164932,-713.02313,-350.26562,204.95451,-20.423449,-716.6757,20.62363,42.340237,273.0835,1.858134e-05,22.777748,89.29952,974.96,8.405186e-08,0.078842185,0.83920085,1.0,-1.0,-6.021138637853356,3.2652107732192888,-2.892665237709892,-16.31621525144396,-612.50455260771,308.89607320313,-336.932249417986,-1329.3572379942716,0.04825094,0.7642322,1.0,-1.0,10.0,-5.27398896085637,1.1510867074116815,-3.200396942201844,-11.111341629317838,-530.25004030462,75.83873673003335,-427.5714665848648,-692.7629092198449,0.0758849798709405,0.6854631657040393,1.0,-1.0,0.3488396535117125,0.1080492343518257,0.6035752353596935,0.2023088120517608,0.3606242223526892,0.1143071390821461,0.5654158757972032,0.2023088120517608,0.0,0.005520174954957404,0.014959801984531408,0.007036666927754596,0.009650801945277612,0.004455182108355051,0.004420056517003111,0.0,0.0,0.0031195806804004147,0.0,0.0,0.01475298600227678,0.005880572729186391,0.005245465480139301,0.002212917577810192,0.0,0.0,0.0,0.0,0.02334986518155695,0.0033689190919580754,0.00570412986525701,0.0,0.0,5.695783419701317e-05,0.0009288538546738551,0.00818854412939904,0.0,0.023850461780741475,0.0,0.0,0.2666613219191481,0.10468763512931345,0.530785522700232,0.06958989075561695,0.2643487992270648,0.10552054606992105,0.4836787630748608,0.14001978595706355,0.4407168968471489,0.08091160201895378,0.49666111137040386,0.1938340478846878,0.4407168838978719,0.08091160439683398,0.49665993848798856,0.19383404788470632,0.6456299020944747,0.09409328552071689,0.8822302638878446,0.3822836579334628,0.6433173664531144,0.09317648889750958,0.8822302638878446,0.5131327671514703,0.0,0.0,0.0,0.0,0.0,0.0,0.0,0.0,22.916727307822526,4.373408125529948,30.83713889043692,15.410902535381156,22.814560216980485,4.780244238440306,30.18316454185779,17.34655870217925,-1.0,0.0,-1.0,-1.0,-1.0,0.0,-1.0,-1.0,7071.590387438306,4866.33984352457,43017.13662334821,2140.4562634928493,6613.369390946424,3374.0266414289267,12821.45770047512,2285.989771597908,0.0,0.0,0.0,0.0,0.0,0.0,0.0,0.0,6.021138637853356,3.2652107732192888,16.31621525144396,2.892665237709892,5.464140559465995,2.4998129539625067,11.525661832056118,2.9702663699883267,-596.0585809836768,420004.0,109000.0,1090.0,23.722963480209632,4.304191282063887,4.912013205867805,29.090152148991816,3548.258731049813,108.0
22.29597919807765,21.487708410088306,363.2994463387841,-364.83176591124226,220.98832178043796,-17.910305,-711.3697,-366.97226267790046,209.1033623528558,-18.164932,-713.02313,-350.26562,204.95451,-20.423449,-716.6757,20.62363,42.340237,273.0835,1.858134e-05,22.777748,89.29952,974.96,8.405186e-08,0.078842185,0.83920085,1.0,-1.0,-6.021138637853356,3.2652107732192888,-2.892665237709892,-16.31621525144396,-610.0611037252667,317.409328938493,-336.932249417986,-1329.3572379942716,0.04825094,0.7642322,1.0,-1.0,10.0,-5.27398896085637,1.1510867074116815,-3.200396942201844,-11.111341629317838,-542.3096714283568,72.81275678338308,-427.5714665848648,-692.7629092198449,0.0758849798709405,0.6854631657040393,1.0,-1.0,0.3488396535117125,0.1080492343518257,0.6035752353596935,0.2023088120517608,0.3606242223526892,0.1143071390821461,0.5654158757972032,0.2023088120517608,0.003787935876572784,0.0,0.0,0.0,0.0,0.001583773653030325,0.0,0.000487191464564472,0.0,0.0,0.0,0.010079023422450872,0.005983369810002144,0.007022073705417935,0.0016585069745683068,0.0,0.0,0.009822220803043081,0.0,0.0,0.002546440294882232,0.022454255320576894,0.003195807527096386,0.014138762520125699,0.013713100078343816,0.013018954521257736,0.0017746522318310997,0.0,0.0,0.0167865995856469,0.004495636261726081,0.0038999448025333083,0.2798561676836056,0.12152082436087233,0.4749110371243612,0.06571045259325706,0.2775436449915223,0.12235373530147993,0.4278042774989899,0.13614034779470363,0.42071081248559594,0.05975181720677056,0.5160290520538494,0.18392524554276463,0.42071079953631896,0.059751819584650756,0.5160278791714341,0.18392524554278317,0.663498565206854,0.10322256373764038,0.9010249306498654,0.37813122762319007,0.6611860295654938,0.10230576711443308,0.9010249306498654,0.5089803368411976,0.0,0.0,0.0,0.0,0.0,0.0,0.0,0.0,22.916727307822526,4.373408125529948,30.83713889043692,15.410902535381156,22.814560216980485,4.780244238440306,30.18316454185779,17.34655870217925,-1.0,0.0,-1.0,-1.0,-1.0,0.0,-1.0,-1.0,7071.590387438306,4866.33984352457,43017.13662334821,2140.4562634928493,6613.369390946424,3374.0266414289267,12821.45770047512,2285.989771597908,0.0,0.0,0.0,0.0,0.0,0.0,0.0,0.0,6.021138637853356,3.2652107732192888,16.31621525144396,2.892665237709892,5.464140559465995,2.4998129539625067,11.525661832056118,2.9702663699883267,-603.7631628964231,424004.0,110000.0,1100.0,23.795954581131095,4.35449221691109,4.992509661050158,31.33285817658848,3581.8626433537574,109.0
23.16297812125411,23.714250091684637,408.1877527365154,-346.57046918477147,222.79094838788026,-17.910305,-711.3697,-313.47625888063067,207.49700145538895,-18.164932,-713.02313,-350.26562,204.95451,-20.423449,-716.6757,20.62363,42.340237,273.0835,1.858134e-05,22.777748,89.29952,974.96,8.405186e-08,0.078842185,0.83920085,1.0,-1.0,-6.021138637853356,3.2652107732192888,-2.892665237709892,-16.31621525144396,-597.6134200553477,315.3961453262987,-336.932249417986,-1329.3572379942716,0.04825094,0.7642322,1.0,-1.0,10.0,-5.27398896085637,1.1510867074116815,-3.200396942201844,-11.111341629317838,-530.8985334710145,72.07265082033355,-427.5714665848648,-692.7629092198449,0.0758849798709405,0.6854631657040393,1.0,-1.0,0.3488396535117125,0.1080492343518257,0.6035752353596935,0.2023088120517608,0.3606242223526892,0.1143071390821461,0.5654158757972032,0.2023088120517608,0.009184970959647992,0.009974287732614868,0.0,0.010162877104435432,0.0,0.0,0.010030539598190094,0.0,0.00638697136100881,0.02463763397436328,0.0,8.305176613763267e-05,0.019684605267274596,0.0,0.0,0.002855583691960495,0.0,0.008610949647982839,0.0,0.002482537940640898,0.0034284506562127686,0.002381470576364893,0.0,0.004186698499875614,0.0004877549693842269,0.0,0.0,0.0,0.0,0.0,0.0011110202739667214,0.0,0.2581232888225935,0.073392576311783,0.5256870209653397,0.08987876232551521,0.2558107661305102,0.0742254872523906,0.4785802613399684,0.1603086575269618,0.4198781515934473,0.11354938024443502,0.48401611585271753,0.23963992860712952,0.41987813864417034,0.11354938262231522,0.48401494297030223,0.23963992860714803,0.6962590704006404,0.11637783119443912,0.8886736062352698,0.40154847162054647,0.6939465347592801,0.11546103457123182,0.8886736062352698,0.5323975808385539,0.0,0.0,0.0,0.0,0.0,0.0,0.0,0.0,22.916727307822526,4.373408125529948,30.83713889043692,15.410902535381156,22.814560216980485,4.780244238440306,30.18316454185779,17.34655870217925,-1.0,0.0,-1.0,-1.0,-1.0,0.0,-1.0,-1.0,7071.590387438306,4866.33984352457,43017.13662334821,2140.4562634928493,6613.369390946424,3374.0266414289267,12821.45770047512,2285.989771597908,0.0,0.0,0.0,0.0,0.0,0.0,0.0,0.0,6.021138637853356,3.2652107732192888,16.31621525144396,2.892665237709892,5.464140559465995,2.4998129539625067,11.525661832056118,2.9702663699883267,-597.1967508726583,428004.0,111000.0,1110.0,19.93886010723892,4.607094832736328,5.326470578213658,29.54889202330279,3615.466555657702,110.0
20.14079824161731,25.981892607816228,366.7436016577187,-378.2714400696889,200.1297549546519,-17.910305,-711.3697,-376.034514701922,215.13565182403715,-18.164932,-713.02313,-350.26562,204.95451,-20.423449,-716.6757,20.62363,42.340237,273.0835,1.858134e-05,22.777748,89.29952,974.96,8.405186e-08,0.078842185,0.83920085,1.0,-1.0,-6.021138637853356,3.2652107732192888,-2.892665237709892,-16.31621525144396,-599.9586481670206,314.5157738000438,-336.932249417986,-1329.3572379942716,0.04825094,0.7642322,1.0,-1.0,10.0,-5.27398896085637,1.1510867074116815,-3.200396942201844,-11.111341629317838,-548.2124347854451,75.09477575730384,-427.5714665848648,-692.7629092198449,0.0758849798709405,0.6854631657040393,1.0,-1.0,0.3488396535117125,0.1080492343518257,0.6035752353596935,0.2023088120517608,0.3606242223526892,0.1143071390821461,0.5654158757972032,0.2023088120517608,0.004346209850093666,0.001485535522598853,0.0,0.0,0.0,0.0,0.0,0.0,0.0,0.003401959276003194,0.009545719456666976,0.010877610274972705,0.0,0.00690666881826146,0.0,0.001994496253409164,0.0,0.009805223906772327,0.0006515373080314124,0.014266358746488352,0.024575746182421837,0.0,0.0,0.0,0.0,0.018143400514913657,0.004068934041051811,0.0,0.0,0.0,0.012958147644243252,0.010696009057258347,0.2553962621905133,0.06387533641665444,0.5093807113315578,0.10415246426671294,0.25308373949843,0.06470824735726204,0.4622739517061865,0.17458235946815953,0.38752222904314976,0.07383861065767847,0.5149191741857175,0.2307004031278871,0.3875222160938728,0.07383861303555866,0.5149180013033022,0.23070040312790563,0.6731498313617532,0.07973288494388908,0.9204759380974553,0.4167314270743139,0.670837295720393,0.07881608832068178,0.9204759380974553,0.5475805362923213,0.0,0.0,0.0,0.0,0.0,0.0,0.0,0.0,22.916727307822526,4.373408125529948,30.83713889043692,15.410902535381156,22.814560216980485,4.780244238440306,30.18316454185779,17.34655870217925,-1.0,0.0,-1.0,-1.0,-1.0,0.0,-1.0,-1.0,7071.590387438306,4866.33984352457,43017.13662334821,2140.4562634928493,6613.369390946424,3374.0266414289267,12821.45770047512,2285.989771597908,0.0,0.0,0.0,0.0,0.0,0.0,0.0,0.0,6.021138637853356,3.2652107732192888,16.31621525144396,2.892665237709892,5.464140559465995,2.4998129539625067,11.525661832056118,2.9702663699883267,-597.2716844591296,432004.0,112000.0,1120.0,22.586422635010848,4.790868269267416,5.083399779211172,33.761530122330285,3649.0704679616465,111.0
19.72343525259227,26.255769819247668,354.97973221991396,-319.2140304980706,206.9338487010543,-17.910305,-711.3697,-320.810009172636,199.88823055083273,-18.164932,-713.02313,-350.26562,204.95451,-20.423449,-716.6757,20.62363,42.340237,273.0835,1.858134e-05,22.777748,89.29952,974.96,8.405186e-08,0.078842185,0.83920085,1.0,-1.0,-6.021138637853356,3.2652107732192888,-2.892665237709892,-16.31621525144396,-619.8121718539531,308.0095066096594,-336.932249417986,-1329.3572379942716,0.04825094,0.7642322,1.0,-1.0,10.0,-5.27398896085637,1.1510867074116815,-3.200396942201844,-11.111341629317838,-525.9973732958929,75.12785386403016,-427.5714665848648,-692.7629092198449,0.0758849798709405,0.6854631657040393,1.0,-1.0,0.3488396535117125,0.1080492343518257,0.6035752353596935,0.2023088120517608,0.3606242223526892,0.1143071390821461,0.5654158757972032,0.2023088120517608,0.010186728937365153,0.0,0.0,0.0,0.0035077989781154913,0.0,0.005439178818867156,0.0,0.02078940520182138,0.0010959214916118432,0.005751131949247971,0.0076299586210222085,0.012893831567766923,0.0,0.0,0.0009185512091478617,0.0,0.0,0.0,0.022638096833803863,0.0,0.0,0.006715336669077749,0.0036862863226271116,0.0,0.0,0.0,0.0,0.01478716855931568,0.0,0.0005540889433210832,0.0,0.27689587545902666,0.1343793827460918,0.5067152640155491,0.07630992983116655,0.27458335276694334,0.13521229368669938,0.45960850439017775,0.14673982503261315,0.4056078829417046,0.09878726773207636,0.5225571720582746,0.1930795968831437,0.4056078699924276,0.09878727010995655,0.5225559991758593,0.1930795968831622,0.6677671754272109,0.12122950522764211,0.8912711382706778,0.4067868111693195,0.6654546397858506,0.12031270860443481,0.8912711382706778,0.5376359203873269,0.0,0.0,0.0,0.0,0.0,0.0,0.0,0.0,22.916727307822526,4.373408125529948,30.83713889043692,15.410902535381156,22.814560216980485,4.780244238440306,30.18316454185779,17.34655870217925,-1.0,0.0,-1.0,-1.0,-1.0,0.0,-1.0,-1.0,7071.590387438306,4866.33984352457,43017.13662334821,2140.4562634928493,6613.369390946424,3374.0266414289267,12821.45770047512,2285.989771597908,0.0,0.0,0.0,0.0,0.0,0.0,0.0,0.0,6.021138637853356,3.2652107732192888,16.31621525144396,2.892665237709892,5.464140559465995,2.4998129539625067,11.525661832056118,2.9702663699883267,-617.8183148274978,436004.0,113000.0,1130.0,22.709743835638484,3.881482424572384,5.857536799101086,38.569658176292336,3682.674380265591,112.0
18.443444951518835,23.270419994436708,358.812043474926,-333.4029637330006,214.72312429698377,-17.910305,-711.3697,-362.87561142736564,210.784030642221,-18.164932,-713.02313,-350.26562,204.95451,-20.423449,-716.6757,20.62363,42.340237,273.0835,1.858134e-05,22.777748,89.29952,974.96,8.405186e-08,0.078842185,0.83920085,1.0,-1.0,-6.021138637853356,3.2652107732192888,-2.892665237709892,-16.31621525144396,-616.0645847919449,312.3970013817413,-336.932249417986,-1329.3572379942716,0.04825094,0.7642322,1.0,-1.0,10.0,-5.27398896085637,1.1510867074116815,-3.200396942201844,-11.111341629317838,-530.2001962272083,74.67977148373602,-427.5714665848648,-692.7629092198449,0.0758849798709405,0.6854631657040393,1.0,-1.0,0.3488396535117125,0.1080492343518257,0.6035752353596935,0.2023088120517608,0.3606242223526892,0.1143071390821461,0.5654158757972032,0.2023088120517608,0.0,0.0,0.0,0.004508203958097748,0.0,0.003302292426943782,0.017975705825353284,0.0,0.0,0.0,0.012668789044640777,0.006999731467305865,0.0,0.0,0.006239796233212509,0.0,0.0,0.007372731575291676,0.0,0.0,0.006514187702152559,0.013112985810014768,0.002886232892773137,0.0,0.0,0.0,0.018936776795206677,0.0,0.0,0.0,0.0,0.0056225775418142125,0.2909685368597207,0.07053446109695219,0.5080631425132699,0.07600980902194349,0.28865601416763736,0.07136737203755979,0.4609563828878986,0.14643970422339006,0.3849681150850878,0.1192904116128582,0.5252130602726295,0.22700328657012467,0.38496810213581084,0.11929041399073839,0.5252118873902142,0.22700328657014318,0.618914040755824,0.1014914972142437,0.8708859454869018,0.39090423238640326,0.6166015051144638,0.1005747005910364,0.8708859454869018,0.5217533416044108,0.0,0.0,0.0,0.0,0.0,0.0,0.0,0.0,22.916727307822526,4.373408125529948,30.83713889043692,15.410902535381156,22.814560216980485,4.780244238440306,30.18316454185779,17.34655870217925,-1.0,0.0,-1.0,-1.0,-1.0,0.0,-1.0,-1.0,7071.590387438306,4866.33984352457,43017.13662334821,2140.4562634928493,6613.369390946424,3374.0266414289267,12821.45770047512,2285.989771597908,0.0,0.0,0.0,0.0,0.0,0.0,0.0,0.0,6.021138637853356,3.2652107732192888,16.31621525144396,2.892665237709892,5.464140559465995,2.4998129539625067,11.525661832056118,2.9702663699883267,-620.978350278872,440004.0,114000.0,1140.0,21.376117996064735,4.654067942854957,5.515737144413247,32.83510063079282,3716.2782925695356,113.0
20.17029560952746,20.586035726750396,349.7482833080636,-349.76593202117397,201.74252789057036,-17.910305,-711.3697,-354.5965932357356,184.34431942138605,-18.164932,-713.02313,-350.26562,204.95451,-20.423449,-716.6757,20.62363,42.340237,273.0835,1.858134e-05,22.777748,89.29952,974.96,8.405186e-08,0.078842185,0.83920085,1.0,-1.0,-6.021138637853356,3.2652107732192888,-2.892665237709892,-16.31621525144396,-608.2817367101686,320.37553175326013,-336.932249417986,-1329.3572379942716,0.04825094,0.7642322,1.0,-1.0,10.0,-5.27398896085637,1.1510867074116815,-3.200396942201844,-11.111341629317838,-550.9856877899225,74.35589718188561,-427.5714665848648,-692.7629092198449,0.0758849798709405,0.6854631657040393,1.0,-1.0,0.3488396535117125,0.1080492343518257,0.6035752353596935,0.2023088120517608,0.3606242223526892,0.1143071390821461,0.5654158757972032,0.2023088120517608,0.005163874845324047,0.0037718911941843764,0.0,0.00997621020032393,0.0025988686981931407,0.008156344361281318,0.0,0.0052642929691737355,0.0,0.005961995064741322,0.0,0.02089215444012221,0.004688709817229222,0.0008148205572463574,0.001768837244159261,0.0,0.011919413985531962,0.004612963996938962,0.007652548500231016,0.0,0.0072422566375420685,0.0,0.0,0.001178262221834097,0.0045481575591845465,0.0,0.014446322140411487,0.0,0.0,0.0030802883509548217,0.0,0.0,0.2748913979077619,0.11425931124214625,0.5038589020098465,0.06502806810878538,0.2725788752156786,0.11509222218275385,0.4567521423844752,0.13545796331023197,0.3909062849614901,0.06692249344694105,0.4355818248854334,0.18049615371105926,0.3909062720122131,0.06692249582482125,0.4355806520030181,0.18049615371107777,0.6520729991783597,0.11928081559679618,0.8829047346517456,0.4098899467149205,0.6497604635369995,0.11836401897358888,0.8829047346517456,0.540739055932928,0.0,0.0,0.0,0.0,0.0,0.0,0.0,0.0,22.916727307822526,4.373408125529948,30.83713889043692,15.410902535381156,22.814560216980485,4.780244238440306,30.18316454185779,17.34655870217925,-1.0,0.0,-1.0,-1.0,-1.0,0.0,-1.0,-1.0,7071.590387438306,4866.33984352457,43017.13662334821,2140.4562634928493,6613.369390946424,3374.0266414289267,12821.45770047512,2285.989771597908,0.0,0.0,0.0,0.0,0.0,0.0,0.0,0.0,6.021138637853356,3.2652107732192888,16.31621525144396,2.892665237709892,5.464140559465995,2.4998129539625067,11.525661832056118,2.9702663699883267,-585.8356388048675,444004.0,115000.0,1150.0,22.489432452763506,4.306940931236053,4.769415973294009,35.499068232601495,3749.88220487348,114.0
19.00393307994602,24.764295348216855,333.6623317812199,-343.0406001988136,217.76837054399076,-17.910305,-711.3697,-358.91338809505555,203.63017847927293,-18.164932,-713.02313,-350.26562,204.95451,-20.423449,-716.6757,20.62363,42.340237,273.0835,1.858134e-05,22.777748,89.29952,974.96,8.405186e-08,0.078842185,0.83920085,1.0,-1.0,-6.021138637853356,3.2652107732192888,-2.892665237709892,-16.31621525144396,-587.1503039628218,303.2313189139641,-336.932249417986,-1329.3572379942716,0.04825094,0.7642322,1.0,-1.0,10.0,-5.27398896085637,1.1510867074116815,-3.200396942201844,-11.111341629317838,-509.0750929060997,73.0037790619248,-427.5714665848648,-692.7629092198449,0.0758849798709405,0.6854631657040393,1.0,-1.0,0.3488396535117125,0.1080492343518257,0.6035752353596935,0.2023088120517608,0.3606242223526892,0.1143071390821461,0.5654158757972032,0.2023088120517608,0.004633115020661897,0.01459009437351787,0.0,0.0,0.0,0.010474023132218332,0.003784263222664078,0.0,0.0068991802283227145,0.010122339436720813,0.0,0.0,0.0,0.0004535910703937117,0.0,0.0,0.00021023457280688106,0.0,0.0018512837914022233,0.0,0.01289175252377994,8.163876527996476e-05,0.0,0.0,0.0033399746080548503,0.006264459026945655,0.0,0.0,0.010177969317154274,0.010220400640550065,0.0,0.016483570291848756,0.2931968051268154,0.12115066868972832,0.5001243622935124,0.04657875353302321,0.2908842824347321,0.12198357963033593,0.4530176026681411,0.1170086487344698,0.40402141151844634,0.04118012427224725,0.48888191449739593,0.19292711095533452,0.40402139856916935,0.04118012665012745,0.48888074161498063,0.19292711095535303,0.6800542835796907,0.10036631153821529,0.8830803535775661,0.35871867461306056,0.6777417479383304,0.09944951491500799,0.8830803535775661,0.489567783831068,0.0,0.0,0.0,0.0,0.0,0.0,0.0,0.0,22.916727307822526,4.373408125529948,30.83713889043692,15.410902535381156,22.814560216980485,4.780244238440306,30.18316454185779,17.34655870217925,-1.0,0.0,-1.0,-1.0,-1.0,0.0,-1.0,-1.0,7071.590387438306,4866.33984352457,43017.13662334821,2140.4562634928493,6613.369390946424,3374.0266414289267,12821.45770047512,2285.989771597908,0.0,0.0,0.0,0.0,0.0,0.0,0.0,0.0,6.021138637853356,3.2652107732192888,16.31621525144396,2.892665237709892,5.464140559465995,2.4998129539625067,11.525661832056118,2.9702663699883267,-607.020749065524,448004.0,116000.0,1160.0,24.48977717307088,4.541862433027492,5.627541144654368,35.563461630831824,3783.4861171774246,115.0
20.56474256699553,20.226909390272823,383.84991769462783,-365.34536791218727,203.73390940784938,-17.910305,-711.3697,-337.27520206593664,191.49599440437117,-18.164932,-713.02313,-350.26562,204.95451,-20.423449,-716.6757,20.62363,42.340237,273.0835,1.858134e-05,22.777748,89.29952,974.96,8.405186e-08,0.078842185,0.83920085,1.0,-1.0,-6.021138637853356,3.2652107732192888,-2.892665237709892,-16.31621525144396,-592.4095566896148,311.48128379019937,-336.932249417986,-1329.3572379942716,0.04825094,0.7642322,1.0,-1.0,10.0,-5.27398896085637,1.1510867074116815,-3.200396942201844,-11.111341629317838,-529.150412845282,74.053521989107,-427.5714665848648,-692.7629092198449,0.0758849798709405,0.6854631657040393,1.0,-1.0,0.3488396535117125,0.1080492343518257,0.6035752353596935,0.2023088120517608,0.3606242223526892,0.1143071390821461,0.5654158757972032,0.2023088120517608,0.0018885165583176838,0.0,0.0,0.0035956233205942235,0.0006732197597912979,0.0,0.0,0.0,0.0,0.011912263487627478,0.0,0.007788556141117492,0.0,0.008917282626532196,0.008902746884652243,0.0035866070014193958,0.010403413508667506,0.0,0.0,0.0,0.0,0.0,0.0,0.0,0.0,0.010142377538037905,0.01822328569538961,0.0,0.0,0.0,0.0,0.003889809384352623,0.26943174343222215,0.056752138111593575,0.5123992998685639,0.10774235587782936,0.26711922074013883,0.05758504905220117,0.4652925402431926,0.17817225107927595,0.3911501970190878,0.0754863231913493,0.46698472650346573,0.22977743803943898,0.39115018406981084,0.0754863255692295,0.46698355362105043,0.2297774380394575,0.6989449677852247,0.12656341909068092,0.8977969645420268,0.432149962937706,0.6966324321438645,0.12564662246747363,0.8977969645420268,0.5629990721557134,0.0,0.0,0.0,0.0,0.0,0.0,0.0,0.0,22.916727307822526,4.373408125529948,30.83713889043692,15.410902535381156,22.814560216980485,4.780244238440306,30.18316454185779,17.34655870217925,-1.0,0.0,-1.0,-1.0,-1.0,0.0,-1.0,-1.0,7071.590387438306,4866.33984352457,43017.13662334821,2140.4562634928493,6613.369390946424,3374.0266414289267,12821.45770047512,2285.989771597908,0.0,0.0,0.0,0.0,0.0,0.0,0.0,0.0,6.021138637853356,3.2652107732192888,16.31621525144396,2.892665237709892,5.464140559465995,2.4998129539625067,11.525661832056118,2.9702663699883267,-601.005250291131,452004.0,117000.0,1170.0,24.573531659916057,4.813560182204198,6.1732458298584945,33.03962868926829,3817.090029481369,116.0
15.963117745752974,25.55200157610905,376.70805410505346,-367.62815776346423,187.50536760034257,-17.910305,-711.3697,-314.0648976801186,194.55417995540301,-18.164932,-713.02313,-350.26562,204.95451,-20.423449,-716.6757,20.62363,42.340237,273.0835,1.858134e-05,22.777748,89.29952,974.96,8.405186e-08,0.078842185,0.83920085,1.0,-1.0,-6.021138637853356,3.2652107732192888,-2.892665237709892,-16.31621525144396,-618.1667257984082,302.99915583177915,-336.932249417986,-1329.3572379942716,0.04825094,0.7642322,1.0,-1.0,10.0,-5.27398896085637,1.1510867074116815,-3.200396942201844,-11.111341629317838,-531.6841994358565,73.5591040871496,-427.5714665848648,-692.7629092198449,0.0758849798709405,0.6854631657040393,1.0,-1.0,0.3488396535117125,0.1080492343518257,0.6035752353596935,0.2023088120517608,0.3606242223526892,0.1143071390821461,0.5654158757972032,0.2023088120517608,0.0,0.0,0.00740413462910395,0.0,0.0,0.00510049456504146,0.0,0.0,0.0,0.0217275144361496,0.0,0.013984951684536381,0.010127433631661754,0.00872988439313295,0.0,0.013680495746613189,0.012145229901163542,0.0,0.0011245556826984255,0.0,0.0,0.004660503403110165,0.0,0.020805767332009516,0.00938751008714943,0.008637633871832653,7.153174890064648e-05,0.0,0.0,0.002574916641020433,0.0,0.0,0.2704700882590072,0.07510965861824145,0.5201600735576866,0.04853208252646186,0.2681575655669239,0.07594256955884907,0.4730533139323152,0.11896197772790845,0.38828434934147393,0.09416420065248504,0.4775119151767941,0.22074007826091768,0.38828433639219695,0.09416420303036524,0.4775107422943788,0.2207400782609362,0.6761298487834583,0.09820612455948316,0.8986441676570581,0.40470619112193407,0.673817313142098,0.09728932793627586,0.8986441676570581,0.5355553003399416,0.0,0.0,0.0,0.0,0.0,0.0,0.0,0.0,22.916727307822526,4.373408125529948,30.83713889043692,15.410902535381156,22.814560216980485,4.780244238440306,30.18316454185779,17.34655870217925,-1.0,0.0,-1.0,-1.0,-1.0,0.0,-1.0,-1.0,7071.590387438306,4866.33984352457,43017.13662334821,2140.4562634928493,6613.369390946424,3374.0266414289267,12821.45770047512,2285.989771597908,0.0,0.0,0.0,0.0,0.0,0.0,0.0,0.0,6.021138637853356,3.2652107732192888,16.31621525144396,2.892665237709892,5.464140559465995,2.4998129539625067,11.525661832056118,2.9702663699883267,-589.8338837702122,456004.0,118000.0,1180.0,22.40238623183855,4.345619934958824,5.08895418067933,34.341607071613794,3850.6939417853137,117.0
20.668922097645552,22.004607580036765,381.26792884222533,-337.05344047851827,199.07915915255464,-17.910305,-711.3697,-368.242499414899,205.91698885424665,-18.164932,-713.02313,-350.26562,204.95451,-20.423449,-716.6757,20.62363,42.340237,273.0835,1.858134e-05,22.777748,89.29952,974.96,8.405186e-08,0.078842185,0.83920085,1.0,-1.0,-6.021138637853356,3.2652107732192888,-2.892665237709892,-16.31621525144396,-612.7799533038325,307.2518634768409,-336.932249417986,-1329.3572379942716,0.04825094,0.7642322,1.0,-1.0,10.0,-5.27398896085637,1.1510867074116815,-3.200396942201844,-11.111341629317838,-544.3062666758789,77.70869317143394,-427.5714665848648,-692.7629092198449,0.0758849798709405,0.6854631657040393,1.0,-1.0,0.3488396535117125,0.1080492343518257,0.6035752353596935,0.2023088120517608,0.3606242223526892,0.1143071390821461,0.5654158757972032,0.2023088120517608,0.0,0.0,0.0,0.00306657222600505,0.011681119680343586,0.0,0.0,0.0,0.008544197142505415,0.0,0.0,0.0,0.006690895816958392,0.0073309844342656924,0.0,0.007738730558504034,0.003666545539040792,0.0,0.0008820605685221708,0.0,0.0,0.0,0.0,0.0052415406002177724,0.015293821165406117,0.0032451354401897355,0.023988491528615385,0.0,0.013423086491656784,0.0,0.014064565872611918,0.0,0.2621142706225877,0.11014216464550831,0.4686968137058225,0.09182193461338557,0.25980174793050437,0.11097507558611591,0.4215900540804512,0.16225182981483216,0.3806216038349859,0.0967224550931495,0.5066807715874314,0.22182245537833667,0.3806215908857089,0.0967224574710297,0.5066795987050161,0.2218224553783552,0.6956275330129316,0.09975670329903821,0.9090370243156691,0.4174872089818743,0.6933149973715713,0.09883990667583091,0.9090370243156691,0.5483363181998818,0.0,0.0,0.0,0.0,0.0,0.0,0.0,0.0,22.916727307822526,4.373408125529948,30.83713889043692,15.410902535381156,22.814560216980485,4.780244238440306,30.18316454185779,17.34655870217925,-1.0,0.0,-1.0,-1.0,-1.0,0.0,-1.0,-1.0,7071.590387438306,4866.33984352457,43017.13662334821,2140.4562634928493,6613.369390946424,3374.0266414289267,12821.45770047512,2285.989771597908,0.0,0.0,0.0,0.0,0.0,0.0,0.0,0.0,6.021138637853356,3.2652107732192888,16.31621525144396,2.892665237709892,5.464140559465995,2.4998129539625067,11.525661832056118,2.9702663699883267,-589.1144483443959,460004.0,119000.0,1190.0,24.82777607054795,5.396107321688998,5.877456096446005,35.17108676545101,3884.297854089258,118.0
20.796572690943435,21.37515878178169,319.5811683522861,-369.4516971963267,196.25603318316766,-17.910305,-711.3697,-333.0174075333607,199.38617029528248,-18.164932,-713.02313,-350.26562,204.95451,-20.423449,-716.6757,20.62363,42.340237,273.0835,1.858134e-05,22.777748,89.29952,974.96,8.405186e-08,0.078842185,0.83920085,1.0,-1.0,-6.021138637853356,3.2652107732192888,-2.892665237709892,-16.31621525144396,-594.8686560283428,299.32131636268934,-336.932249417986,-1329.3572379942716,0.04825094,0.7642322,1.0,-1.0,10.0,-5.27398896085637,1.1510867074116815,-3.200396942201844,-11.111341629317838,-527.898711255339,77.08502844344089,-427.5714665848648,-692.7629092198449,0.0758849798709405,0.6854631657040393,1.0,-1.0,0.3488396535117125,0.1080492343518257,0.6035752353596935,0.2023088120517608,0.3606242223526892,0.1143071390821461,0.5654158757972032,0.2023088120517608,0.0028549525588803353,0.0,0.02594321119420781,0.0,0.010802748996767449,0.0017661248631451792,0.0,0.0012049046607731566,0.0021957265133763664,0.0007934441257757083,0.014107580816168102,0.007551752309413897,0.006973003579094594,0.0017486662840263023,0.0,0.007580657818787196,0.0009495676400288328,0.009572987817909346,0.0015338937702056845,0.005833019159048785,0.004691888571042703,0.0,0.0055244148998508805,0.0,0.013529295393467467,0.0,0.0,0.0016485980777097764,0.0,0.0,0.0,0.001113044289556059,0.3001722087516109,0.0588144194016606,0.5264768121997592,0.07828182574510122,0.29785968605952756,0.0596473303422682,0.4793700525743878,0.1487117209465478,0.4005714656217556,0.1042488347226562,0.5398618466134429,0.21068955869816997,0.4005714526724786,0.1042488371005364,0.5398606737310276,0.21068955869818848,0.6641801485732287,0.14500561714653046,0.8582351993992324,0.4151081806354628,0.6618676129318685,0.14408882052332317,0.8582351993992324,0.5459572898534703,0.0,0.0,0.0,0.0,0.0,0.0,0.0,0.0,22.916727307822526,4.373408125529948,30.83713889043692,15.410902535381156,22.814560216980485,4.780244238440306,30.18316454185779,17.34655870217925,-1.0,0.0,-1.0,-1.0,-1.0,0.0,-1.0,-1.0,7071.590387438306,4866.33984352457,43017.13662334821,2140.4562634928493,6613.369390946424,3374.0266414289267,12821.45770047512,2285.989771597908,0.0,0.0,0.0,0.0,0.0,0.0,0.0,0.0,6.021138637853356,3.2652107732192888,16.31621525144396,2.892665237709892,5.464140559465995,2.4998129539625067,11.525661832056118,2.9702663699883267,-598.428628328808,464004.0,120000.0,1200.0,21.592155240304713,3.836942986925981,6.515342492219209,31.678234660567533,3917.9017663932027,119.0
20.221898887949045,24.321952355182088,373.76807777078443,-350.9293601742737,220.6063458327908,-17.910305,-711.3697,-344.0281469284415,204.2163335894438,-18.164932,-713.02313,-350.26562,204.95451,-20.423449,-716.6757,20.62363,42.340237,273.0835,1.858134e-05,22.777748,89.29952,974.96,8.405186e-08,0.078842185,0.83920085,1.0,-1.0,-6.021138637853356,3.2652107732192888,-2.892665237709892,-16.31621525144396,-623.5187288113581,305.7687911460185,-336.932249417986,-1329.3572379942716,0.04825094,0.7642322,1.0,-1.0,10.0,-5.27398896085637,1.1510867074116815,-3.200396942201844,-11.111341629317838,-532.1989323178431,77.51136792480627,-427.5714665848648,-692.7629092198449,0.0758849798709405,0.6854631657040393,1.0,-1.0,0.3488396535117125,0.1080492343518257,0.6035752353596935,0.2023088120517608,0.3606242223526892,0.1143071390821461,0.5654158757972032,0.2023088120517608,0.0015275681771915745,0.006488589041193616,0.01399878691353535,0.02810392966239979,0.007655845567116738,0.0,0.0,0.008406948320547735,0.0009394942426905032,0.0,0.005426040552185592,0.0,0.013232418723976956,0.017692983977533466,0.0,0.006102241337798023,0.006385201184089146,0.021881192193324784,0.0,0.0,0.008253931267552002,0.0033564986133856624,0.0,0.02267948402159919,0.015516025295005348,0.0002988115247077158,0.0,0.007746168997970968,0.0,0.0004870644311431109,0.0,0.0,0.2779054970889449,0.07327347204822389,0.5068592157220158,0.06470417607658552,0.2755929743968616,0.07410638298883149,0.45975245609664445,0.1351340712780321,0.4215536389910482,0.07691828575482346,0.5077762377226362,0.22278917354349723,0.4215536260417712,0.07691828813270365,0.507775064840221,0.22278917354351574,0.6592310320036027,0.11020579604558411,0.8723733156676606,0.4231385706925762,0.6569184963622424,0.10928899942237681,0.8723733156676606,0.5539876799105836,0.0,0.0,0.0,0.0,0.0,0.0,0.0,0.0,22.916727307822526,4.373408125529948,30.83713889043692,15.410902535381156,22.814560216980485,4.780244238440306,30.18316454185779,17.34655870217925,-1.0,0.0,-1.0,-1.0,-1.0,0.0,-1.0,-1.0,7071.590387438306,4866.33984352457,43017.13662334821,2140.4562634928493,6613.369390946424,3374.0266414289267,12821.45770047512,2285.989771597908,0.0,0.0,0.0,0.0,0.0,0.0,0.0,0.0,6.021138637853356,3.2652107732192888,16.31621525144396,2.892665237709892,5.464140559465995,2.4998129539625067,11.525661832056118,2.9702663699883267,-623.9544602486601,468004.0,121000.0,1210.0,20.82146605372132,4.368762819184719,6.642530265713834,23.557024192360785,3951.5056786971472,120.0
22.075457715430034,22.314809066232677,322.8108167307288,-329.71716971733366,205.75693590239882,-17.910305,-711.3697,-330.81862986127965,214.78810664875482,-18.164932,-713.02313,-350.26562,204.95451,-20.423449,-716.6757,20.62363,42.340237,273.0835,1.858134e-05,22.777748,89.29952,974.96,8.405186e-08,0.078842185,0.83920085,1.0,-1.0,-6.021138637853356,3.2652107732192888,-2.892665237709892,-16.31621525144396,-598.5129773042634,306.49551413044753,-336.932249417986,-1329.3572379942716,0.04825094,0.7642322,1.0,-1.0,10.0,-5.27398896085637,1.1510867074116815,-3.200396942201844,-11.111341629317838,-523.7001496281155,72.87126957702479,-427.5714665848648,-692.7629092198449,0.0758849798709405,0.6854631657040393,1.0,-1.0,0.3488396535117125,0.1080492343518257,0.6035752353596935,0.2023088120517608,0.3606242223526892,0.1143071390821461,0.5654158757972032,0.2023088120517608,0.0,0.005248627720868656,0.006986138840879316,0.0025520382140561244,0.0,0.0,0.0,0.0030709820349829127,0.0,0.0,0.0,0.0025710124643112124,0.0005292008423990747,0.0,0.005397535007130988,0.02768750189134543,0.013081241076905198,0.0,0.006724850124989095,0.0,0.0,0.0,0.004577777998550678,0.0,0.011322458227284192,0.013528075278198444,0.0,0.0,0.008445234480896584,0.005980167264683148,0.014362147175936328,0.0036572785591917163,0.28267387196697913,0.09910785034569546,0.45701736476847277,0.05208405579514032,0.2803613492748958,0.09994076128630305,0.40991060514310146,0.1225139509965869,0.4214024796834279,0.08744200579583919,0.5140889062680832,0.24885439328743453,0.42140246673415094,0.08744200817371939,0.5140877333856679,0.24885439328745304,0.7016017980044291,0.11658118483963004,0.8900266920020203,0.3946607067678396,0.6992892623630689,0.11566438821642273,0.8900266920020203,0.5255098159858471,0.0,0.0,0.0,0.0,0.0,0.0,0.0,0.0,22.916727307822526,4.373408125529948,30.83713889043692,15.410902535381156,22.814560216980485,4.780244238440306,30.18316454185779,17.34655870217925,-1.0,0.0,-1.0,-1.0,-1.0,0.0,-1.0,-1.0,7071.590387438306,4866.33984352457,43017.13662334821,2140.4562634928493,6613.369390946424,3374.0266414289267,12821.45770047512,2285.989771597908,0.0,0.0,0.0,0.0,0.0,0.0,0.0,0.0,6.021138637853356,3.2652107732192888,16.31621525144396,2.892665237709892,5.464140559465995,2.4998129539625067,11.525661832056118,2.9702663699883267,-602.9201161329481,472004.0,122000.0,1220.0,18.21072962286563,3.7891274725634196,6.019855015334094,27.43885458327476,3985.1095910010918,121.0
19.959165403577394,22.04333839048244,295.7817216857014,-397.2845836779824,212.22669247750935,-17.910305,-711.3697,-352.38649646018314,202.44715636825333,-18.164932,-713.02313,-350.26562,204.95451,-20.423449,-716.6757,20.62363,42.340237,273.0835,1.858134e-05,22.777748,89.29952,974.96,8.405186e-08,0.078842185,0.83920085,1.0,-1.0,-6.021138637853356,3.2652107732192888,-2.892665237709892,-16.31621525144396,-600.8765631568859,302.15109127248365,-336.932249417986,-1329.3572379942716,0.04825094,0.7642322,1.0,-1.0,10.0,-5.27398896085637,1.1510867074116815,-3.200396942201844,-11.111341629317838,-524.0320337898868,73.95526541134232,-427.5714665848648,-692.7629092198449,0.0758849798709405,0.6854631657040393,1.0,-1.0,0.3488396535117125,0.1080492343518257,0.6035752353596935,0.2023088120517608,0.3606242223526892,0.1143071390821461,0.5654158757972032,0.2023088120517608,0.014631963161589248,0.0,0.01888501646721621,0.00832674257585747,0.0,0.008311462270011984,0.008976319367413667,0.0005444892671147976,0.0044814047683320694,0.0008800947664596427,0.0,0.020796550620302647,0.0,0.01445232260198915,0.01369493031503974,0.0,0.0,0.0,0.0,0.014168471835377379,0.005390866967848292,0.012056189434381952,0.0,0.002994448295498941,0.005690197768503048,0.0,0.007228728852374913,0.0,0.005563656738840833,0.0,0.0,0.0,0.2922957797004889,0.07337880581746772,0.49097317657243433,0.08437098801917606,0.2899832570084056,0.07421171675807532,0.443866416947063,0.15480088322062266,0.38498296876454535,0.05976227878296049,0.4688969664541953,0.19272001931127142,0.38498295581526837,0.05976228116084069,0.46889579357178,0.19272001931128993,0.6511602017563066,0.08963734074818679,0.8742228148469485,0.3676328203041077,0.6488476661149464,0.08872054412497948,0.8742228148469485,0.4984819295221152,0.0,0.0,0.0,0.0,0.0,0.0,0.0,0.0,22.916727307822526,4.373408125529948,30.83713889043692,15.410902535381156,22.814560216980485,4.780244238440306,30.18316454185779,17.34655870217925,-1.0,0.0,-1.0,-1.0,-1.0,0.0,-1.0,-1.0,7071.590387438306,4866.33984352457,43017.13662334821,2140.4562634928493,6613.369390946424,3374.0266414289267,12821.45770047512,2285.989771597908,0.0,0.0,0.0,0.0,0.0,0.0,0.0,0.0,6.021138637853356,3.2652107732192888,16.31621525144396,2.892665237709892,5.464140559465995,2.4998129539625067,11.525661832056118,2.9702663699883267,-622.7100206225564,476004.0,123000.0,1230.0,24.449806876991865,3.669466640002591,4.976020626184483,34.40909465796677,4018.7135033050363,122.0
18.10415848413013,24.01090593410278,435.2906328182299,-379.66396903974754,199.48565999272466,-17.910305,-711.3697,-342.2383681215341,196.0818724193876,-18.164932,-713.02313,-350.26562,204.95451,-20.423449,-716.6757,20.62363,42.340237,273.0835,1.858134e-05,22.777748,89.29952,974.96,8.405186e-08,0.078842185,0.83920085,1.0,-1.0,-6.021138637853356,3.2652107732192888,-2.892665237709892,-16.31621525144396,-615.6010486080974,305.0643351940029,-336.932249417986,-1329.3572379942716,0.04825094,0.7642322,1.0,-1.0,10.0,-5.27398896085637,1.1510867074116815,-3.200396942201844,-11.111341629317838,-546.3776007863564,74.65005823376893,-427.5714665848648,-692.7629092198449,0.0758849798709405,0.6854631657040393,1.0,-1.0,0.3488396535117125,0.1080492343518257,0.6035752353596935,0.2023088120517608,0.3606242223526892,0.1143071390821461,0.5654158757972032,0.2023088120517608,0.0,0.0,0.0,0.0,0.010258913940380197,0.006452108251773781,0.011797747920529915,0.0,0.0005157865570448671,0.005339579616150705,0.006964271894142433,0.0,0.0,0.0,0.004458473509415398,0.006836102240419315,0.0,0.0,0.0,0.007285695443118287,0.0,0.0,0.0,0.0,0.0,0.0,0.005190388188995794,0.00032593194895960264,0.0,0.0,0.009549691464215493,0.0,0.24232922596715395,0.09349049149018601,0.4741050033861259,0.05979016626813867,0.24001670327507063,0.09432340243079361,0.42699824376075457,0.13022006146958526,0.416367999686003,0.07989161017913685,0.5011102488244312,0.2107636045288737,0.41636798673672604,0.07989161255701704,0.5011090759420159,0.2107636045288922,0.6781789176163019,0.11824286629793757,0.8916366329238803,0.396685782731744,0.6758663819749416,0.11732606967473026,0.8916366329238803,0.5275348919497514,0.0,0.0,0.0,0.0,0.0,0.0,0.0,0.0,22.916727307822526,4.373408125529948,30.83713889043692,15.410902535381156,22.814560216980485,4.780244238440306,30.18316454185779,17.34655870217925,-1.0,0.0,-1.0,-1.0,-1.0,0.0,-1.0,-1.0,7071.590387438306,4866.33984352457,43017.13662334821,2140.4562634928493,6613.369390946424,3374.0266414289267,12821.45770047512,2285.989771597908,0.0,0.0,0.0,0.0,0.0,0.0,0.0,0.0,6.021138637853356,3.2652107732192888,16.31621525144396,2.892665237709892,5.464140559465995,2.4998129539625067,11.525661832056118,2.9702663699883267,-603.0275407712644,480004.0,124000.0,1240.0,28.533663913242314,4.255025696774821,5.870337582888932,37.04635567287603,4052.317415608981,123.0
22.9917522934904,23.22557993763466,286.701785432477,-372.54504655770927,215.50537970667517,-17.910305,-711.3697,-309.89541452892416,204.68218686442148,-18.164932,-713.02313,-350.26562,204.95451,-20.423449,-716.6757,20.62363,42.340237,273.0835,1.858134e-05,22.777748,89.29952,974.96,8.405186e-08,0.078842185,0.83920085,1.0,-1.0,-6.021138637853356,3.2652107732192888,-2.892665237709892,-16.31621525144396,-608.6435211773424,295.59575286633697,-336.932249417986,-1329.3572379942716,0.04825094,0.7642322,1.0,-1.0,10.0,-5.27398896085637,1.1510867074116815,-3.200396942201844,-11.111341629317838,-520.0436189615187,75.33307432737938,-427.5714665848648,-692.7629092198449,0.0758849798709405,0.6854631657040393,1.0,-1.0,0.3488396535117125,0.1080492343518257,0.6035752353596935,0.2023088120517608,0.3606242223526892,0.1143071390821461,0.5654158757972032,0.2023088120517608,0.0020510441621163036,0.0,0.0,0.0,0.005458002130985893,0.0,0.005767972070149342,0.0,0.0,0.0068801202888259996,0.002054568828124669,0.0,0.0034961458194996894,0.0,0.01168815615664682,0.0,0.0,0.0,0.005727932393227537,0.0011193642619453266,0.0,0.003965794222077939,0.0,0.003772836151340394,0.014272320548256579,0.0020117401917976634,0.012617124145785853,0.0037468918163633654,0.0006686235127926428,0.0,0.0,0.006950045112035324,0.28105150686475255,0.08736873196402506,0.5094432344825123,0.09832396291708863,0.27873898417266924,0.08820164290463266,0.46233647485714097,0.16875385811853522,0.3952100881442239,0.08968120674008853,0.5000307671130176,0.20983907824286388,0.39521007519494694,0.08968120911796873,0.5000295942306023,0.2098390782428824,0.6861044448432122,0.10691236849513089,0.9060868822230309,0.38623135533757225,0.683791909201852,0.10599557187192359,0.9060868822230309,0.5170804645555798,0.0,0.0,0.0,0.0,0.0,0.0,0.0,0.0,22.916727307822526,4.373408125529948,30.83713889043692,15.410902535381156,22.814560216980485,4.780244238440306,30.18316454185779,17.34655870217925,-1.0,0.0,-1.0,-1.0,-1.0,0.0,-1.0,-1.0,7071.590387438306,4866.33984352457,43017.13662334821,2140.4562634928493,6613.369390946424,3374.0266414289267,12821.45770047512,2285.989771597908,0.0,0.0,0.0,0.0,0.0,0.0,0.0,0.0,6.021138637853356,3.2652107732192888,16.31621525144396,2.892665237709892,5.464140559465995,2.4998129539625067,11.525661832056118,2.9702663699883267,-603.9478785056374,484004.0,125000.0,1250.0,21.720577930221932,4.9455025215139194,5.671520618332459,33.986317266076895,4085.9213279129253,124.0
21.453861137591005,23.872333615088685,342.6729095139822,-370.4135589821218,198.42632366004372,-17.910305,-711.3697,-370.87582120993886,209.83572907107435,-18.164932,-713.02313,-350.26562,204.95451,-20.423449,-716.6757,20.62363,42.340237,273.0835,1.858134e-05,22.777748,89.29952,974.96,8.405186e-08,0.078842185,0.83920085,1.0,-1.0,-6.021138637853356,3.2652107732192888,-2.892665237709892,-16.31621525144396,-595.8763297382376,310.92505941708896,-336.932249417986,-1329.3572379942716,0.04825094,0.7642322,1.0,-1.0,10.0,-5.27398896085637,1.1510867074116815,-3.200396942201844,-11.111341629317838,-545.6776005627356,75.35893137059402,-427.5714665848648,-692.7629092198449,0.0758849798709405,0.6854631657040393,1.0,-1.0,0.3488396535117125,0.1080492343518257,0.6035752353596935,0.2023088120517608,0.3606242223526892,0.1143071390821461,0.5654158757972032,0.2023088120517608,0.0007109585161031042,0.003546560745637612,0.0,0.0,0.0020781372443340377,0.008284833423708268,0.0,0.0,0.0,0.004712430101303844,0.0,0.0008572779326860368,0.0,0.004033127742582406,0.0,0.0052961968007997975,0.018624862369774602,0.019352064676666572,0.0024950660281755845,0.0013225914151454286,0.004597371865486487,0.0,0.0,0.0,0.0,0.0,0.0012710531717588808,0.0,0.0,0.004930930272097912,0.0,0.0029717727399477074,0.24272583731607858,0.09767488344253476,0.5143198806635403,0.0634018081915595,0.24041331462399526,0.09850779438314236,0.467213121038169,0.1338317033930061,0.419324648474139,0.08994967941241006,0.5075658920196161,0.23787486248904352,0.419324635524862,0.08994968179029025,0.5075647191372008,0.23787486248906203,0.6910174743970398,0.09359599458622975,0.8895715801895057,0.3983282497343025,0.6887049387556795,0.09267919796302244,0.8895715801895057,0.5291773589523099,0.0,0.0,0.0,0.0,0.0,0.0,0.0,0.0,22.916727307822526,4.373408125529948,30.83713889043692,15.410902535381156,22.814560216980485,4.780244238440306,30.18316454185779,17.34655870217925,-1.0,0.0,-1.0,-1.0,-1.0,0.0,-1.0,-1.0,7071.590387438306,4866.33984352457,43017.13662334821,2140.4562634928493,6613.369390946424,3374.0266414289267,12821.45770047512,2285.989771597908,0.0,0.0,0.0,0.0,0.0,0.0,0.0,0.0,6.021138637853356,3.2652107732192888,16.31621525144396,2.892665237709892,5.464140559465995,2.4998129539625067,11.525661832056118,2.9702663699883267,-596.312641201126,488004.0,126000.0,1260.0,22.609422325586312,3.860205088973968,6.1718519102483995,33.60991459101886,4119.52524021687,125.0
21.35579276259899,20.921399935374982,345.2469348126824,-364.0268569244963,210.52742620119938,-17.910305,-711.3697,-349.3919206860664,210.62474712069033,-18.164932,-713.02313,-350.26562,204.95451,-20.423449,-716.6757,20.62363,42.340237,273.0835,1.858134e-05,22.777748,89.29952,974.96,8.405186e-08,0.078842185,0.83920085,1.0,-1.0,-6.021138637853356,3.2652107732192888,-2.892665237709892,-16.31621525144396,-594.8703159222811,319.85043283117267,-336.932249417986,-1329.3572379942716,0.04825094,0.7642322,1.0,-1.0,10.0,-5.27398896085637,1.1510867074116815,-3.200396942201844,-11.111341629317838,-511.42669045979824,73.58579865682763,-427.5714665848648,-692.7629092198449,0.0758849798709405,0.6854631657040393,1.0,-1.0,0.3488396535117125,0.1080492343518257,0.6035752353596935,0.2023088120517608,0.3606242223526892,0.1143071390821461,0.5654158757972032,0.2023088120517608,0.0035265650439958622,0.0,0.0,0.017126715346293352,0.0,0.0009036112510283817,0.0,0.0,0.0,0.01976831166241956,0.005370597983359516,0.0,0.0041590261843441655,0.0,0.0,0.0,0.009143449813205966,0.021560307895728662,0.0,0.0,0.0,0.02495359216460565,0.0,0.0,0.006901809852246586,0.026453428779577026,0.0,0.01026115648418332,0.018917100026193772,0.0,0.001555201420072718,0.004975569089010859,0.27201611619021354,0.0627093725047759,0.4880953330502729,0.05181444854812865,0.2697035934981302,0.06354228344538349,0.4409885734249016,0.12224434374957524,0.37658952752297203,0.1175841666817941,0.4501416213882884,0.20881423695521792,0.37658951457369505,0.1175841690596743,0.4501404485058731,0.20881423695523643,0.6682143728312144,0.09741304493565722,0.8854235412375113,0.42858505421070187,0.6659018371898542,0.0964962483124499,0.8854235412375113,0.5594341634287093,0.0,0.0,0.0,0.0,0.0,0.0,0.0,0.0,22.916727307822526,4.373408125529948,30.83713889043692,15.410902535381156,22.814560216980485,4.780244238440306,30.18316454185779,17.34655870217925,-1.0,0.0,-1.0,-1.0,-1.0,0.0,-1.0,-1.0,7071.590387438306,4866.33984352457,43017.13662334821,2140.4562634928493,6613.369390946424,3374.0266414289267,12821.45770047512,2285.989771597908,0.0,0.0,0.0,0.0,0.0,0.0,0.0,0.0,6.021138637853356,3.2652107732192888,16.31621525144396,2.892665237709892,5.464140559465995,2.4998129539625067,11.525661832056118,2.9702663699883267,-596.5919999777238,492004.0,127000.0,1270.0,26.063592969401316,4.921883281488125,5.879792730846775,38.21130593306521,4153.129152520814,126.0
20.068380801387125,19.218409228013876,301.5043692872589,-361.21020633947035,213.31179611971706,-17.910305,-711.3697,-359.9687108776682,205.7572923789994,-18.164932,-713.02313,-350.26562,204.95451,-20.423449,-716.6757,20.62363,42.340237,273.0835,1.858134e-05,22.777748,89.29952,974.96,8.405186e-08,0.078842185,0.83920085,1.0,-1.0,-6.021138637853356,3.2652107732192888,-2.892665237709892,-16.31621525144396,-598.4665090465107,318.9497916509862,-336.932249417986,-1329.3572379942716,0.04825094,0.7642322,1.0,-1.0,10.0,-5.27398896085637,1.1510867074116815,-3.200396942201844,-11.111341629317838,-517.8081756395717,75.36888154106641,-427.5714665848648,-692.7629092198449,0.0758849798709405,0.6854631657040393,1.0,-1.0,0.3488396535117125,0.1080492343518257,0.6035752353596935,0.2023088120517608,0.3606242223526892,0.1143071390821461,0.5654158757972032,0.2023088120517608,0.011324124144937053,0.01624009422247119,0.005604885042284516,0.0,0.0,0.005682155209807403,0.0,0.008439599638478415,0.006318399300626615,0.008242793332244355,0.006224969623692265,0.0,0.0,0.0,0.007169774891941797,0.0,0.0,0.003931677427416506,0.007914187369520402,0.0,0.0,0.0,0.0,0.0,0.0044311131760138185,0.0,0.0,0.018612360104578826,0.0064986160303501204,0.012565593107876957,0.0,0.010451102110362225,0.26646492738827054,0.07783247655239689,0.47929884343352186,0.08451620203059051,0.2641524046961872,0.0786653874930045,0.43219208380815055,0.15494609723203712,0.38264257957109205,0.0813887211790841,0.5142189492672006,0.21140272377330188,0.38264256662181506,0.0813887235569643,0.5142177763847853,0.2114027237733204,0.6900951840034124,0.09860793068255903,0.8966479302960275,0.36912046073728666,0.6877826483620522,0.09769113405935173,0.8966479302960275,0.4999695699552941,0.0,0.0,0.0,0.0,0.0,0.0,0.0,0.0,22.916727307822526,4.373408125529948,30.83713889043692,15.410902535381156,22.814560216980485,4.780244238440306,30.18316454185779,17.34655870217925,-1.0,0.0,-1.0,-1.0,-1.0,0.0,-1.0,-1.0,7071.590387438306,4866.33984352457,43017.13662334821,2140.4562634928493,6613.369390946424,3374.0266414289267,12821.45770047512,2285.989771597908,0.0,0.0,0.0,0.0,0.0,0.0,0.0,0.0,6.021138637853356,3.2652107732192888,16.31621525144396,2.892665237709892,5.464140559465995,2.4998129539625067,11.525661832056118,2.9702663699883267,-603.3093511193867,496004.0,128000.0,1280.0,24.66997508885278,4.411082285758517,4.634205185179206,35.15239504824432,4186.733064824759,127.0
22.64224189843521,22.70337741705851,402.707766817428,-351.8065257478364,205.74271637820289,-17.910305,-711.3697,-339.1528566670055,209.37027242384275,-18.164932,-713.02313,-350.26562,204.95451,-20.423449,-716.6757,20.62363,42.340237,273.0835,1.858134e-05,22.777748,89.29952,974.96,8.405186e-08,0.078842185,0.83920085,1.0,-1.0,-6.021138637853356,3.2652107732192888,-2.892665237709892,-16.31621525144396,-588.8175985706426,325.9184106218993,-336.932249417986,-1329.3572379942716,0.04825094,0.7642322,1.0,-1.0,10.0,-5.27398896085637,1.1510867074116815,-3.200396942201844,-11.111341629317838,-542.633020277643,74.73233306385502,-427.5714665848648,-692.7629092198449,0.0758849798709405,0.6854631657040393,1.0,-1.0,0.3488396535117125,0.1080492343518257,0.6035752353596935,0.2023088120517608,0.3606242223526892,0.1143071390821461,0.5654158757972032,0.2023088120517608,0.003167564981524928,0.0,0.0,0.0,0.003011251734455434,0.008980359766299004,0.0037430513694053993,0.0,0.0,0.0,0.003337630392121607,0.0,0.02291106739706429,0.0,0.0,0.007697551088558289,0.0019401550651702635,0.003762614960643867,0.0018779104550352321,0.012992767339290778,0.007418830960230722,0.019600053935234424,0.0,0.0,0.020711653793028736,0.00809351727095083,0.0018913554235345101,0.015633379233713957,0.0,0.0,0.001246348967594133,0.008149663938357898,0.24394176266168519,0.11787806073446247,0.5120523946385016,0.045656961991030295,0.24162923996960187,0.11871097167507007,0.46494563501313035,0.11608685719247688,0.3856990111020838,0.113689293767073,0.4755577783228318,0.2176597784244833,0.38569899815280684,0.1136892961449532,0.4755566054404165,0.21765977842450182,0.6451676670980329,0.1359044465839032,0.9157501785395766,0.3857432292277672,0.6428551314566726,0.1349876499606959,0.9157501785395766,0.5165923384457747,0.0,0.0,0.0,0.0,0.0,0.0,0.0,0.0,22.916727307822526,4.373408125529948,30.83713889043692,15.410902535381156,22.814560216980485,4.780244238440306,30.18316454185779,17.34655870217925,-1.0,0.0,-1.0,-1.0,-1.0,0.0,-1.0,-1.0,7071.590387438306,4866.33984352457,43017.13662334821,2140.4562634928493,6613.369390946424,3374.0266414289267,12821.45770047512,2285.989771597908,0.0,0.0,0.0,0.0,0.0,0.0,0.0,0.0,6.021138637853356,3.2652107732192888,16.31621525144396,2.892665237709892,5.464140559465995,2.4998129539625067,11.525661832056118,2.9702663699883267,-606.4680981674195,500004.0,129000.0,1290.0,25.212567823248506,4.777767284968766,5.736253924792312,32.75116368022879,4220.336977128703,128.0
21.350050246324514,24.175464731029745,306.8827602426683,-346.11977489376017,198.9847950051703,-17.910305,-711.3697,-349.0857776052707,209.8475584560244,-18.164932,-713.02313,-350.26562,204.95451,-20.423449,-716.6757,20.62363,42.340237,273.0835,1.858134e-05,22.777748,89.29952,974.96,8.405186e-08,0.078842185,0.83920085,1.0,-1.0,-6.021138637853356,3.2652107732192888,-2.892665237709892,-16.31621525144396,-597.4575109441571,311.2769922553448,-336.932249417986,-1329.3572379942716,0.04825094,0.7642322,1.0,-1.0,10.0,-5.27398896085637,1.1510867074116815,-3.200396942201844,-11.111341629317838,-530.5148670392304,76.25424795365963,-427.5714665848648,-692.7629092198449,0.0758849798709405,0.6854631657040393,1.0,-1.0,0.3488396535117125,0.1080492343518257,0.6035752353596935,0.2023088120517608,0.3606242223526892,0.1143071390821461,0.5654158757972032,0.2023088120517608,0.0,0.0,0.0,0.01640854807862089,0.0,0.0,0.014282866062556694,0.0,0.0024253393673463867,0.008746585826146808,0.011231491847709387,0.0,0.0,0.0,0.0,0.0,0.0,0.0037680308644351956,0.0022358676029940027,0.002292720721264342,0.0,0.0,0.0,0.005458294486046603,0.0,0.001713111383354171,0.0,0.004971611267087074,0.021308364577548082,0.006736010678702641,0.0,0.0,0.24618249645167414,0.06063027558728894,0.47817481740388806,0.09159593400861037,0.24386997375959082,0.061463186527896535,0.43106805777851676,0.16202582921005695,0.3853698581260572,0.07611753751110645,0.4949875245185519,0.18434612066397832,0.3853698451767802,0.07611753988898665,0.4949863516361366,0.18434612066399683,0.6690875041655059,0.06714130870298587,0.8935549538122276,0.41215042100440286,0.6667749685241456,0.06622451207977857,0.8935549538122276,0.5429995302224103,0.0,0.0,0.0,0.0,0.0,0.0,0.0,0.0,22.916727307822526,4.373408125529948,30.83713889043692,15.410902535381156,22.814560216980485,4.780244238440306,30.18316454185779,17.34655870217925,-1.0,0.0,-1.0,-1.0,-1.0,0.0,-1.0,-1.0,7071.590387438306,4866.33984352457,43017.13662334821,2140.4562634928493,6613.369390946424,3374.0266414289267,12821.45770047512,2285.989771597908,0.0,0.0,0.0,0.0,0.0,0.0,0.0,0.0,6.021138637853356,3.2652107732192888,16.31621525144396,2.892665237709892,5.464140559465995,2.4998129539625067,11.525661832056118,2.9702663699883267,-601.6181301955465,504004.0,130000.0,1300.0,25.830242861889577,4.858356932587668,6.058535757945406,34.62918228927545,4253.940889432648,129.0
18.807771706972435,22.802295914010546,404.22059019064295,-337.15981748566685,189.17181108254144,-17.910305,-711.3697,-326.7826130787462,205.18963698301548,-18.164932,-713.02313,-350.26562,204.95451,-20.423449,-716.6757,20.62363,42.340237,273.0835,1.858134e-05,22.777748,89.29952,974.96,8.405186e-08,0.078842185,0.83920085,1.0,-1.0,-6.021138637853356,3.2652107732192888,-2.892665237709892,-16.31621525144396,-616.4339066705764,304.33548751600557,-336.932249417986,-1329.3572379942716,0.04825094,0.7642322,1.0,-1.0,10.0,-5.27398896085637,1.1510867074116815,-3.200396942201844,-11.111341629317838,-541.2376069301025,75.71574632458136,-427.5714665848648,-692.7629092198449,0.0758849798709405,0.6854631657040393,1.0,-1.0,0.3488396535117125,0.1080492343518257,0.6035752353596935,0.2023088120517608,0.3606242223526892,0.1143071390821461,0.5654158757972032,0.2023088120517608,0.00451435445919542,0.015214104453566116,0.0,0.0059713415731583175,0.0034425120096316566,0.0,0.0,0.01833472643449801,0.011293232019402783,0.00027292568726667844,0.0,0.0,0.004086411382677055,0.0,0.009527443264212645,0.0,0.010197244293807504,0.0,0.005452427045692924,0.010832281887577247,0.0,0.004803007119022614,0.0,0.0,0.0,0.0005342345096792609,0.0,0.0,0.0,0.0,0.0,0.0,0.2763520801039803,0.08996572543028765,0.5007889654098109,0.10249024627831184,0.274039557411897,0.09079863637089525,0.4536822057844396,0.17292014147975843,0.4225854042325199,0.08342397826699108,0.49341723725757497,0.20568950431652394,0.4225853912832429,0.08342398064487128,0.49341606437515967,0.20568950431654245,0.6782077618337703,0.10546645855211564,0.9267754490364029,0.3790302863324939,0.67589522619241,0.10454966192890834,0.9267754490364029,0.5098793955505013,0.0,0.0,0.0,0.0,0.0,0.0,0.0,0.0,22.916727307822526,4.373408125529948,30.83713889043692,15.410902535381156,22.814560216980485,4.780244238440306,30.18316454185779,17.34655870217925,-1.0,0.0,-1.0,-1.0,-1.0,0.0,-1.0,-1.0,7071.590387438306,4866.33984352457,43017.13662334821,2140.4562634928493,6613.369390946424,3374.0266414289267,12821.45770047512,2285.989771597908,0.0,0.0,0.0,0.0,0.0,0.0,0.0,0.0,6.021138637853356,3.2652107732192888,16.31621525144396,2.892665237709892,5.464140559465995,2.4998129539625067,11.525661832056118,2.9702663699883267,-589.967727075253,508004.0,131000.0,1310.0,22.98497187836694,4.478977812923989,5.9021429130143686,29.44705511881625,4287.5448017365925,130.0
21.797425511864773,21.358505418065597,404.97266864395243,-338.2498753203806,191.16016423145106,-17.910305,-711.3697,-380.6295267842316,208.57267398165135,-18.164932,-713.02313,-350.26562,204.95451,-20.423449,-716.6757,20.62363,42.340237,273.0835,1.858134e-05,22.777748,89.29952,974.96,8.405186e-08,0.078842185,0.83920085,1.0,-1.0,-6.021138637853356,3.2652107732192888,-2.892665237709892,-16.31621525144396,-610.8252707853009,311.5700141702112,-336.932249417986,-1329.3572379942716,0.04825094,0.7642322,1.0,-1.0,10.0,-5.27398896085637,1.1510867074116815,-3.200396942201844,-11.111341629317838,-523.1215551776373,75.95715607402269,-427.5714665848648,-692.7629092198449,0.0758849798709405,0.6854631657040393,1.0,-1.0,0.3488396535117125,0.1080492343518257,0.6035752353596935,0.2023088120517608,0.3606242223526892,0.1143071390821461,0.5654158757972032,0.2023088120517608,0.0013051744514759325,0.0,0.0068160115709354485,0.01853369304660417,0.007603134779737876,0.011340919921893343,0.006646469008255641,0.0,0.0,0.0,0.0021200853382836397,0.0,0.013383811764594713,0.0,0.0036616371014710214,0.0,0.0,0.0061473921803491885,0.009714806268097174,0.0112566322595904,0.0,0.0,0.0,0.0,0.013089944125656242,0.0,0.0,0.008160576812359314,0.0,0.0,0.0069719170234430255,0.0,0.28481926737931523,0.09449444469785351,0.5153880885911707,0.0918458191322673,0.2825067446872319,0.0953273556384611,0.4682813289657994,0.16227571433371388,0.3938029435906624,0.0727104231069321,0.4858021404820311,0.21170298706224178,0.39380293064138544,0.0727104254848123,0.4858009675996158,0.2117029870622603,0.6823963780390636,0.10573667002670013,0.8842957220048887,0.42758688195135236,0.6800838423977034,0.10481987340349283,0.8842957220048887,0.5584359911693598,0.0,0.0,0.0,0.0,0.0,0.0,0.0,0.0,22.916727307822526,4.373408125529948,30.83713889043692,15.410902535381156,22.814560216980485,4.780244238440306,30.18316454185779,17.34655870217925,-1.0,0.0,-1.0,-1.0,-1.0,0.0,-1.0,-1.0,7071.590387438306,4866.33984352457,43017.13662334821,2140.4562634928493,6613.369390946424,3374.0266414289267,12821.45770047512,2285.989771597908,0.0,0.0,0.0,0.0,0.0,0.0,0.0,0.0,6.021138637853356,3.2652107732192888,16.31621525144396,2.892665237709892,5.464140559465995,2.4998129539625067,11.525661832056118,2.9702663699883267,-602.2791573181963,512004.0,132000.0,1320.0,26.362929888440167,4.977264170024513,5.10841281916235,34.890814326970556,4321.148714040537,131.0
23.00785210565008,22.493494370131888,361.9776243745992,-348.2196929866201,195.27020870018083,-17.910305,-711.3697,-369.9748838643087,209.14094353751844,-18.164932,-713.02313,-350.26562,204.95451,-20.423449,-716.6757,20.62363,42.340237,273.0835,1.858134e-05,22.777748,89.29952,974.96,8.405186e-08,0.078842185,0.83920085,1.0,-1.0,-6.021138637853356,3.2652107732192888,-2.892665237709892,-16.31621525144396,-597.0050026770282,319.0496440383298,-336.932249417986,-1329.3572379942716,0.04825094,0.7642322,1.0,-1.0,10.0,-5.27398896085637,1.1510867074116815,-3.200396942201844,-11.111341629317838,-538.5923813182728,75.06866577645255,-427.5714665848648,-692.7629092198449,0.0758849798709405,0.6854631657040393,1.0,-1.0,0.3488396535117125,0.1080492343518257,0.6035752353596935,0.2023088120517608,0.3606242223526892,0.1143071390821461,0.5654158757972032,0.2023088120517608,0.0,0.0,0.0,0.02955378538495924,0.0,0.0,0.0,0.0013584428038090185,0.006434582196978508,0.0,0.0,0.0,0.0013952258505763176,0.0,0.0015431874367674975,0.017124970855188545,0.0,0.012472574286719655,0.0,0.0032231266455547067,0.0,0.0,0.0,0.003210622516084576,0.007325872512919637,0.0,0.008446481456485527,0.0,0.01339017327356687,0.0,0.0,0.017819911749644705,0.2697174283455362,0.07538756718126546,0.5297615295289806,0.07717699151925114,0.2674049056534529,0.07622047812187306,0.48265476990360934,0.14760688672069772,0.40847736873014756,0.09089416498362211,0.5340101109859337,0.20033125923357645,0.4084773557808706,0.09089416736150231,0.5340089381035183,0.20033125923359496,0.6371121492682419,0.09465255583034177,0.9311669799626804,0.3947077923197911,0.6347996136268816,0.09373575920713448,0.9311669799626804,0.5255569015377985,0.0,0.0,0.0,0.0,0.0,0.0,0.0,0.0,22.916727307822526,4.373408125529948,30.83713889043692,15.410902535381156,22.814560216980485,4.780244238440306,30.18316454185779,17.34655870217925,-1.0,0.0,-1.0,-1.0,-1.0,0.0,-1.0,-1.0,7071.590387438306,4866.33984352457,43017.13662334821,2140.4562634928493,6613.369390946424,3374.0266414289267,12821.45770047512,2285.989771597908,0.0,0.0,0.0,0.0,0.0,0.0,0.0,0.0,6.021138637853356,3.2652107732192888,16.31621525144396,2.892665237709892,5.464140559465995,2.4998129539625067,11.525661832056118,2.9702663699883267,-577.21292855148,516004.0,133000.0,1330.0,26.75647777175695,5.050039377870329,5.1667341819765635,34.83129535940971,4354.7526263444815,132.0
18.084550625483523,21.58235665930967,332.33518952961236,-368.30373841212395,200.6223413579814,-17.910305,-711.3697,-354.71316319939757,195.9432208573844,-18.164932,-713.02313,-350.26562,204.95451,-20.423449,-716.6757,20.62363,42.340237,273.0835,1.858134e-05,22.777748,89.29952,974.96,8.405186e-08,0.078842185,0.83920085,1.0,-1.0,-6.021138637853356,3.2652107732192888,-2.892665237709892,-16.31621525144396,-603.4548365192846,302.8864452376084,-336.932249417986,-1329.3572379942716,0.04825094,0.7642322,1.0,-1.0,10.0,-5.27398896085637,1.1510867074116815,-3.200396942201844,-11.111341629317838,-550.5362937774182,76.33297100250732,-427.5714665848648,-692.7629092198449,0.0758849798709405,0.6854631657040393,1.0,-1.0,0.3488396535117125,0.1080492343518257,0.6035752353596935,0.2023088120517608,0.3606242223526892,0.1143071390821461,0.5654158757972032,0.2023088120517608,0.0,0.0,0.004007253649268773,0.0,0.0,0.0,0.0006566054372789887,0.0,0.0015133175602953261,0.005502931024247717,0.0,0.0,0.007895333812513835,0.010345754028616608,0.0,0.007103464144385092,0.0,0.000686901776432511,0.0,0.012031695199505135,0.007681680676388996,0.010990675541294976,0.002073408616794088,0.0,0.004479357453582197,0.001124924792354841,0.0,0.0,0.0,0.0,0.0,0.0,0.28497929774661507,0.10668378088802638,0.5102944308117981,0.06813365606575192,0.28266677505453175,0.10751669182863396,0.4631876711864269,0.13856355126719852,0.3787271707780245,0.029899976528651208,0.5046908993896186,0.21836627077204238,0.3787271578287475,0.029899978906531406,0.5046897265072033,0.2183662707720609,0.6517209437687792,0.13693155000390878,0.923592339100527,0.40734006600992895,0.649408408127419,0.13601475338070146,0.923592339100527,0.5381891752279364,0.0,0.0,0.0,0.0,0.0,0.0,0.0,0.0,22.916727307822526,4.373408125529948,30.83713889043692,15.410902535381156,22.814560216980485,4.780244238440306,30.18316454185779,17.34655870217925,-1.0,0.0,-1.0,-1.0,-1.0,0.0,-1.0,-1.0,7071.590387438306,4866.33984352457,43017.13662334821,2140.4562634928493,6613.369390946424,3374.0266414289267,12821.45770047512,2285.989771597908,0.0,0.0,0.0,0.0,0.0,0.0,0.0,0.0,6.021138637853356,3.2652107732192888,16.31621525144396,2.892665237709892,5.464140559465995,2.4998129539625067,11.525661832056118,2.9702663699883267,-603.035673480248,520004.0,134000.0,1340.0,24.5825332151555,4.108242015520911,5.600369085092673,28.306509467581026,4388.356538648426,133.0
18.082060324063686,23.008434021366067,400.26991777100426,-353.8052499213505,208.20271638226603,-17.910305,-711.3697,-348.5406311836125,193.86450129017302,-18.164932,-713.02313,-350.26562,204.95451,-20.423449,-716.6757,20.62363,42.340237,273.0835,1.858134e-05,22.777748,89.29952,974.96,8.405186e-08,0.078842185,0.83920085,1.0,-1.0,-6.021138637853356,3.2652107732192888,-2.892665237709892,-16.31621525144396,-580.1245746364228,305.1633765618476,-336.932249417986,-1329.3572379942716,0.04825094,0.7642322,1.0,-1.0,10.0,-5.27398896085637,1.1510867074116815,-3.200396942201844,-11.111341629317838,-516.9537085234955,74.07273181385862,-427.5714665848648,-692.7629092198449,0.0758849798709405,0.6854631657040393,1.0,-1.0,0.3488396535117125,0.1080492343518257,0.6035752353596935,0.2023088120517608,0.3606242223526892,0.1143071390821461,0.5654158757972032,0.2023088120517608,0.0,0.0,0.0030301525817429454,0.0,0.0,0.0019880291674752677,0.005668159752451146,0.010067258169915869,0.0,0.004924812117966006,0.003533792181016073,0.0029731842985615277,0.012147441800975257,0.0020833621359073167,0.0025564421446372548,0.01017143869625643,0.006565767463921409,0.01585463078369795,0.015426487032666244,0.007125699404338812,0.0,0.0,0.0,0.014466488974853836,0.014892209998216902,0.0,0.0,0.0,0.0,0.0,0.003387990496360783,0.0,0.25819034239324096,0.08777591709686251,0.4984081801607027,0.06195583996339211,0.25587781970115764,0.08860882803747011,0.4513014205353314,0.1323857351648387,0.41130139752308,0.057044500381543566,0.4725706827836259,0.2171800466654127,0.411301384573803,0.057044502759423764,0.4725695099012106,0.21718004666543123,0.6540224100701716,0.1270330977996557,0.8827633118146523,0.4103660439395543,0.6517098744288113,0.12611630117644837,0.8827633118146523,0.5412151531575617,0.0,0.0,0.0,0.0,0.0,0.0,0.0,0.0,22.916727307822526,4.373408125529948,30.83713889043692,15.410902535381156,22.814560216980485,4.780244238440306,30.18316454185779,17.34655870217925,-1.0,0.0,-1.0,-1.0,-1.0,0.0,-1.0,-1.0,7071.590387438306,4866.33984352457,43017.13662334821,2140.4562634928493,6613.369390946424,3374.0266414289267,12821.45770047512,2285.989771597908,0.0,0.0,0.0,0.0,0.0,0.0,0.0,0.0,6.021138637853356,3.2652107732192888,16.31621525144396,2.892665237709892,5.464140559465995,2.4998129539625067,11.525661832056118,2.9702663699883267,-608.5873019165178,524004.0,135000.0,1350.0,23.428785410267096,5.048369102283625,5.686661150585425,32.59220965999598,4421.960450952371,134.0
17.35201248238357,24.011022101533563,381.94107218951734,-342.0712408942338,228.03469310517997,-17.910305,-711.3697,-304.3655122121336,197.57124882500847,-18.164932,-713.02313,-350.26562,204.95451,-20.423449,-716.6757,20.62363,42.340237,273.0835,1.858134e-05,22.777748,89.29952,974.96,8.405186e-08,0.078842185,0.83920085,1.0,-1.0,-6.021138637853356,3.2652107732192888,-2.892665237709892,-16.31621525144396,-568.2392069317227,315.08619864755025,-336.932249417986,-1329.3572379942716,0.04825094,0.7642322,1.0,-1.0,10.0,-5.27398896085637,1.1510867074116815,-3.200396942201844,-11.111341629317838,-523.9330896246752,75.40897888485804,-427.5714665848648,-692.7629092198449,0.0758849798709405,0.6854631657040393,1.0,-1.0,0.3488396535117125,0.1080492343518257,0.6035752353596935,0.2023088120517608,0.3606242223526892,0.1143071390821461,0.5654158757972032,0.2023088120517608,0.0006802096447342032,0.0,0.0,0.0,0.004941753877654282,0.0028181041439922527,0.0,0.006894577548790442,0.0,0.0,0.0,0.0,0.0,0.0010629324000083096,0.008412488687415585,0.0015347870454897154,0.0,0.0,0.0,0.0,0.014110246320987604,0.0,0.0,0.005007490739578698,0.0003528215725787753,0.000501776917908571,0.011455670894124121,0.0028500468880838866,0.0,0.008519668118302572,0.01164328862922513,0.0,0.2729842654854866,0.08083011616009336,0.5144026241881793,0.08704127233555327,0.2706717427934033,0.08166302710070096,0.4672958645628079,0.15747116753699986,0.42205726165184504,0.040383118779036144,0.5172735395394216,0.18350440387368036,0.42205724870256806,0.04038312115691634,0.5172723666570063,0.18350440387369887,0.6617132668347023,0.12571625136835857,0.8796213781985569,0.39105573171196906,0.6594007311933421,0.12479945474515128,0.8796213781985569,0.5219048409299766,0.0,0.0,0.0,0.0,0.0,0.0,0.0,0.0,22.916727307822526,4.373408125529948,30.83713889043692,15.410902535381156,22.814560216980485,4.780244238440306,30.18316454185779,17.34655870217925,-1.0,0.0,-1.0,-1.0,-1.0,0.0,-1.0,-1.0,7071.590387438306,4866.33984352457,43017.13662334821,2140.4562634928493,6613.369390946424,3374.0266414289267,12821.45770047512,2285.989771597908,0.0,0.0,0.0,0.0,0.0,0.0,0.0,0.0,6.021138637853356,3.2652107732192888,16.31621525144396,2.892665237709892,5.464140559465995,2.4998129539625067,11.525661832056118,2.9702663699883267,-629.325284249996,528004.0,136000.0,1360.0,21.098887228650433,4.365577771647514,6.03211780750247,31.769787268259037,4455.564363256315,135.0
22.515041287415762,22.373395923179178,354.9401442223914,-300.8879304890849,219.1023296987084,-17.910305,-711.3697,-370.9009940704089,210.95974636442008,-18.164932,-713.02313,-350.26562,204.95451,-20.423449,-716.6757,20.62363,42.340237,273.0835,1.858134e-05,22.777748,89.29952,974.96,8.405186e-08,0.078842185,0.83920085,1.0,-1.0,-6.021138637853356,3.2652107732192888,-2.892665237709892,-16.31621525144396,-591.9611827956704,319.2386550828121,-336.932249417986,-1329.3572379942716,0.04825094,0.7642322,1.0,-1.0,10.0,-5.27398896085637,1.1510867074116815,-3.200396942201844,-11.111341629317838,-520.7117281700782,74.86539051195533,-427.5714665848648,-692.7629092198449,0.0758849798709405,0.6854631657040393,1.0,-1.0,0.3488396535117125,0.1080492343518257,0.6035752353596935,0.2023088120517608,0.3606242223526892,0.1143071390821461,0.5654158757972032,0.2023088120517608,0.0013511075159332478,0.00021860773721113275,0.0,0.0,0.017697712859024863,0.0,0.0034043430538131278,0.0019285746332669577,0.004676407199036971,0.0,0.0,0.010733648715956098,0.0,0.0053246720252976745,0.028095836429942147,0.0,0.0,0.010780091982482679,0.002697069161052746,0.004639103105979264,0.006426727501656344,0.011646757791144638,0.0005662181987627414,3.456903371390516e-05,0.006876487692979538,0.0006897213582461299,0.0039132806209125235,0.012305015435228819,0.015725414365394305,0.01257649990014469,0.0,0.0013914772782043059,0.3107582507549183,0.07629993057207551,0.5025197141382344,0.0428462976739963,0.308445728062835,0.07713284151268311,0.45541295451286307,0.11327619287544288,0.36768825709396064,0.1351635675014441,0.5268968587145768,0.22092339031141625,0.36768824414468365,0.13516356987932426,0.5268956858321615,0.22092339031143476,0.6643876294989962,0.0898240054258227,0.9097126966777374,0.3778090582749842,0.662075093857636,0.08890720880261539,0.9097126966777374,0.5086581674929916,0.0,0.0,0.0,0.0,0.0,0.0,0.0,0.0,22.916727307822526,4.373408125529948,30.83713889043692,15.410902535381156,22.814560216980485,4.780244238440306,30.18316454185779,17.34655870217925,-1.0,0.0,-1.0,-1.0,-1.0,0.0,-1.0,-1.0,7071.590387438306,4866.33984352457,43017.13662334821,2140.4562634928493,6613.369390946424,3374.0266414289267,12821.45770047512,2285.989771597908,0.0,0.0,0.0,0.0,0.0,0.0,0.0,0.0,6.021138637853356,3.2652107732192888,16.31621525144396,2.892665237709892,5.464140559465995,2.4998129539625067,11.525661832056118,2.9702663699883267,-634.5234469540961,532004.0,137000.0,1370.0,24.57072857709158,4.864799540560708,5.874678439344286,36.38160628506595,4489.16827556026,136.0
20.632980987827374,21.71949018418934,334.2446431540568,-320.24376770981024,193.48057790416232,-17.910305,-711.3697,-337.94613612152506,185.78538641276285,-18.164932,-713.02313,-350.26562,204.95451,-20.423449,-716.6757,20.62363,42.340237,273.0835,1.858134e-05,22.777748,89.29952,974.96,8.405186e-08,0.078842185,0.83920085,1.0,-1.0,-6.021138637853356,3.2652107732192888,-2.892665237709892,-16.31621525144396,-607.2850420939476,312.28552173654873,-336.932249417986,-1329.3572379942716,0.04825094,0.7642322,1.0,-1.0,10.0,-5.27398896085637,1.1510867074116815,-3.200396942201844,-11.111341629317838,-527.6731749820116,75.47136710299736,-427.5714665848648,-692.7629092198449,0.0758849798709405,0.6854631657040393,1.0,-1.0,0.3488396535117125,0.1080492343518257,0.6035752353596935,0.2023088120517608,0.3606242223526892,0.1143071390821461,0.5654158757972032,0.2023088120517608,0.0,0.0,0.0,0.01607823101283969,0.0,0.0,0.00255468300957902,0.0,0.013475631519422755,0.008106349662230262,0.006281113141164364,0.0,0.0,0.0,0.020274484388517734,0.0,0.0,0.0,0.0,0.0,0.0026914255185124564,0.0,0.00028061502705191795,0.005775910992973952,0.0056963638888937115,0.0,0.0,0.0063135909890549525,0.002875106899609354,0.0,0.0027198637673988106,0.015894395936802478,0.28616485140723885,0.02967764232478902,0.5257719570389159,0.04896504174857428,0.28385232871515553,0.030510553265396617,0.4786651974135446,0.11939493695002087,0.38827050080819653,0.11692808879720969,0.48937812108504014,0.22022900768967016,0.38827048785891954,0.11692809117508988,0.48937694820262484,0.22022900768968867,0.6803613254663102,0.09889864007658977,0.883401061955198,0.4023968094687469,0.67804878982495,0.09798184345338247,0.883401061955198,0.5332459186867544,0.0,0.0,0.0,0.0,0.0,0.0,0.0,0.0,22.916727307822526,4.373408125529948,30.83713889043692,15.410902535381156,22.814560216980485,4.780244238440306,30.18316454185779,17.34655870217925,-1.0,0.0,-1.0,-1.0,-1.0,0.0,-1.0,-1.0,7071.590387438306,4866.33984352457,43017.13662334821,2140.4562634928493,6613.369390946424,3374.0266414289267,12821.45770047512,2285.989771597908,0.0,0.0,0.0,0.0,0.0,0.0,0.0,0.0,6.021138637853356,3.2652107732192888,16.31621525144396,2.892665237709892,5.464140559465995,2.4998129539625067,11.525661832056118,2.9702663699883267,-586.9340901753445,536004.0,138000.0,1380.0,18.610023821908676,4.295923390507964,5.598596652732428,36.13864688176679,4522.772187864204,137.0
21.51896954028898,23.06163225135504,397.09403472876306,-331.05005189840637,181.38364470468272,-17.910305,-711.3697,-346.25101546245634,197.62346988545752,-18.164932,-713.02313,-350.26562,204.95451,-20.423449,-716.6757,20.62363,42.340237,273.0835,1.858134e-05,22.777748,89.29952,974.96,8.405186e-08,0.078842185,0.83920085,1.0,-1.0,-6.021138637853356,3.2652107732192888,-2.892665237709892,-16.31621525144396,-588.2757220087736,310.98341448911657,-336.932249417986,-1329.3572379942716,0.04825094,0.7642322,1.0,-1.0,10.0,-5.27398896085637,1.1510867074116815,-3.200396942201844,-11.111341629317838,-526.4253063931899,74.00529986161258,-427.5714665848648,-692.7629092198449,0.0758849798709405,0.6854631657040393,1.0,-1.0,0.3488396535117125,0.1080492343518257,0.6035752353596935,0.2023088120517608,0.3606242223526892,0.1143071390821461,0.5654158757972032,0.2023088120517608,0.007009122794779384,0.0,0.0,0.00339446263176206,0.01832344121540473,0.004607757680956236,0.01242607611363291,0.007033421536417206,0.0,0.005547795593581237,0.0024889225627282444,0.0,0.03325890406335296,0.0,0.004424405603870787,0.0,0.0,0.0016524003966480896,0.0014558031471025113,0.017613750723188406,0.0,0.0,0.0,0.0,0.0,0.004839352337795248,0.0,0.01849643181282642,0.0,0.0005696749260934866,0.0,0.00019881804675195476,0.27738548295054927,0.10874125311604117,0.4948916510798707,0.07712116009368956,0.27507296025846595,0.10957416405664877,0.4477848914544994,0.14755105529513615,0.38527161805383064,0.09260709218454631,0.4931341672457866,0.20779449294583768,0.38527160510455366,0.09260709456242651,0.4931329943633713,0.2077944929458562,0.6783738893991186,0.10660737054786347,0.8947311610118439,0.39260999531782803,0.6760613537577583,0.10569057392465617,0.8947311610118439,0.5234591045358354,0.0,0.0,0.0,0.0,0.0,0.0,0.0,0.0,22.916727307822526,4.373408125529948,30.83713889043692,15.410902535381156,22.814560216980485,4.780244238440306,30.18316454185779,17.34655870217925,-1.0,0.0,-1.0,-1.0,-1.0,0.0,-1.0,-1.0,7071.590387438306,4866.33984352457,43017.13662334821,2140.4562634928493,6613.369390946424,3374.0266414289267,12821.45770047512,2285.989771597908,0.0,0.0,0.0,0.0,0.0,0.0,0.0,0.0,6.021138637853356,3.2652107732192888,16.31621525144396,2.892665237709892,5.464140559465995,2.4998129539625067,11.525661832056118,2.9702663699883267,-626.4424098930515,540004.0,139000.0,1390.0,23.00505089281025,4.402660021304258,7.187604034085881,33.78086668587201,4556.376100168149,138.0
23.409701486109768,18.34647312127255,325.1148482178258,-347.8821567959679,198.2723748312556,-17.910305,-711.3697,-334.7508677612109,181.45005871620063,-18.164932,-713.02313,-350.26562,204.95451,-20.423449,-716.6757,20.62363,42.340237,273.0835,1.858134e-05,22.777748,89.29952,974.96,8.405186e-08,0.078842185,0.83920085,1.0,-1.0,-6.021138637853356,3.2652107732192888,-2.892665237709892,-16.31621525144396,-628.6557658633583,312.08373332983297,-336.932249417986,-1329.3572379942716,0.04825094,0.7642322,1.0,-1.0,10.0,-5.27398896085637,1.1510867074116815,-3.200396942201844,-11.111341629317838,-532.2856173928664,75.11367419150469,-427.5714665848648,-692.7629092198449,0.0758849798709405,0.6854631657040393,1.0,-1.0,0.3488396535117125,0.1080492343518257,0.6035752353596935,0.2023088120517608,0.3606242223526892,0.1143071390821461,0.5654158757972032,0.2023088120517608,0.0,0.0,0.00018618437290784408,0.0,0.0,0.0,0.0037470371766018845,0.0111218291827854,0.012058207883296779,0.008770611922547798,0.00516539718827737,0.0,0.0051936978920094036,0.004957902674921362,0.0130335369815488,0.0,0.0,0.0,0.010993174506295673,0.005928893473958633,0.0,0.006478068650735458,0.011183551196260076,0.0,0.020052962820169076,0.0,0.0,0.0,0.0,0.0,0.0,0.0,0.2896676715076233,0.08968240351232747,0.5044060200002075,0.06283515696181453,0.28735514881554,0.09051531445293506,0.45729926037483615,0.13326505216326112,0.40945366519884296,0.10115916411855383,0.5438061372386046,0.23674741177019346,0.409453652249566,0.10115916649643403,0.5438049643561893,0.23674741177021197,0.6644116964981683,0.11996875602046694,0.883277491418744,0.3705012156255857,0.6620991608568081,0.11905195939725964,0.883277491418744,0.5013503248435931,0.0,0.0,0.0,0.0,0.0,0.0,0.0,0.0,22.916727307822526,4.373408125529948,30.83713889043692,15.410902535381156,22.814560216980485,4.780244238440306,30.18316454185779,17.34655870217925,-1.0,0.0,-1.0,-1.0,-1.0,0.0,-1.0,-1.0,7071.590387438306,4866.33984352457,43017.13662334821,2140.4562634928493,6613.369390946424,3374.0266414289267,12821.45770047512,2285.989771597908,0.0,0.0,0.0,0.0,0.0,0.0,0.0,0.0,6.021138637853356,3.2652107732192888,16.31621525144396,2.892665237709892,5.464140559465995,2.4998129539625067,11.525661832056118,2.9702663699883267,-571.1848615544051,544004.0,140000.0,1400.0,24.47107534883901,4.3583328862625175,5.808309174078686,28.923454132499124,4589.980012472093,139.0
20.7204204691434,23.107200942738327,319.9882910094627,-383.23266263839673,203.59282495141974,-17.910305,-711.3697,-317.6511757421579,188.2714524319768,-18.164932,-713.02313,-350.26562,204.95451,-20.423449,-716.6757,20.62363,42.340237,273.0835,1.858134e-05,22.777748,89.29952,974.96,8.405186e-08,0.078842185,0.83920085,1.0,-1.0,-6.021138637853356,3.2652107732192888,-2.892665237709892,-16.31621525144396,-578.1645125473958,318.85668260912615,-336.932249417986,-1329.3572379942716,0.04825094,0.7642322,1.0,-1.0,10.0,-5.27398896085637,1.1510867074116815,-3.200396942201844,-11.111341629317838,-540.8292466987434,75.2868055477341,-427.5714665848648,-692.7629092198449,0.0758849798709405,0.6854631657040393,1.0,-1.0,0.3488396535117125,0.1080492343518257,0.6035752353596935,0.2023088120517608,0.3606242223526892,0.1143071390821461,0.5654158757972032,0.2023088120517608,0.015377407468029972,0.018480115382120483,0.0,0.015885434441013712,0.0,0.0,0.007441643395377187,0.014968815270811425,0.005293995252342701,0.009595475446634017,0.009850013564138128,0.0,0.008391303005009166,6.265967732286485e-05,0.0,0.017408154119995963,0.0,0.007166215830413651,0.0005703869184604959,0.0026611059205298437,0.009725372320792496,0.0,0.0,0.0,0.01697023006039202,0.0,0.011842173886459981,0.0,0.014452511255220098,0.0,0.0,0.00467442589609051,0.258142111112698,0.1019775578857843,0.5479586075812072,0.05072142085472231,0.2558295884206147,0.1028104688263919,0.5008518479558359,0.1211513160561689,0.3848581214083947,0.09134729755398824,0.5038667559017854,0.21002335695094224,0.3848581084591177,0.09134729993186844,0.5038655830193701,0.21002335695096075,0.665866433896278,0.1068741616657578,0.8860529743009812,0.39231397978239924,0.6635538982549177,0.1059573650425505,0.8860529743009812,0.5231630890004066,0.0,0.0,0.0,0.0,0.0,0.0,0.0,0.0,22.916727307822526,4.373408125529948,30.83713889043692,15.410902535381156,22.814560216980485,4.780244238440306,30.18316454185779,17.34655870217925,-1.0,0.0,-1.0,-1.0,-1.0,0.0,-1.0,-1.0,7071.590387438306,4866.33984352457,43017.13662334821,2140.4562634928493,6613.369390946424,3374.0266414289267,12821.45770047512,2285.989771597908,0.0,0.0,0.0,0.0,0.0,0.0,0.0,0.0,6.021138637853356,3.2652107732192888,16.31621525144396,2.892665237709892,5.464140559465995,2.4998129539625067,11.525661832056118,2.9702663699883267,-586.9260090647709,548004.0,141000.0,1410.0,21.76021641959677,4.465154056985597,4.499330427413352,35.32797228629793,4623.583924776038,140.0
22.662592626536963,21.43686618242402,327.95526856907696,-364.35826058867593,217.81108056623023,-17.910305,-711.3697,-373.42862375076874,197.66616593235938,-18.164932,-713.02313,-350.26562,204.95451,-20.423449,-716.6757,20.62363,42.340237,273.0835,1.858134e-05,22.777748,89.29952,974.96,8.405186e-08,0.078842185,0.83920085,1.0,-1.0,-6.021138637853356,3.2652107732192888,-2.892665237709892,-16.31621525144396,-618.2612834446514,320.17311520958384,-336.932249417986,-1329.3572379942716,0.04825094,0.7642322,1.0,-1.0,10.0,-5.27398896085637,1.1510867074116815,-3.200396942201844,-11.111341629317838,-532.4705373375689,76.90787287227366,-427.5714665848648,-692.7629092198449,0.0758849798709405,0.6854631657040393,1.0,-1.0,0.3488396535117125,0.1080492343518257,0.6035752353596935,0.2023088120517608,0.3606242223526892,0.1143071390821461,0.5654158757972032,0.2023088120517608,0.0,0.0,0.0,0.0,0.0,0.0,0.014628322104197677,0.0,0.0017135365199239536,0.015729797685508518,0.0,0.0,0.012843293867533918,0.0,0.011415025722801035,0.0,0.0,0.0,0.0,0.0,0.0,0.0,0.0,0.004629955214726751,0.0,0.0,0.0,0.0,0.0,0.0,0.0,0.005746333526258214,0.3046190367961487,0.07656770201940706,0.5050047749479123,0.09759074785889772,0.3023065141040654,0.07740061296001466,0.457898015322541,0.1680206430603443,0.37767340520799053,0.08464077246939578,0.5006061167171285,0.1819043891899776,0.37767339225871355,0.08464077484727597,0.5006049438347132,0.1819043891899961,0.695508892171586,0.12995561390391244,0.8996411081003027,0.4196597865727246,0.6931963565302257,0.12903881728070515,0.8996411081003027,0.550508895790732,0.0,0.0,0.0,0.0,0.0,0.0,0.0,0.0,22.916727307822526,4.373408125529948,30.83713889043692,15.410902535381156,22.814560216980485,4.780244238440306,30.18316454185779,17.34655870217925,-1.0,0.0,-1.0,-1.0,-1.0,0.0,-1.0,-1.0,7071.590387438306,4866.33984352457,43017.13662334821,2140.4562634928493,6613.369390946424,3374.0266414289267,12821.45770047512,2285.989771597908,0.0,0.0,0.0,0.0,0.0,0.0,0.0,0.0,6.021138637853356,3.2652107732192888,16.31621525144396,2.892665237709892,5.464140559465995,2.4998129539625067,11.525661832056118,2.9702663699883267,-606.5887264841326,552004.0,142000.0,1420.0,25.640994881638708,3.8460634864318735,5.837085850108122,32.87424353225227,4657.187837079982,141.0
19.47913764324722,21.97603366104133,359.77764414163545,-351.7861378178909,220.91937767815088,-17.910305,-711.3697,-337.5255845303786,211.84331639049677,-18.164932,-713.02313,-350.26562,204.95451,-20.423449,-716.6757,20.62363,42.340237,273.0835,1.858134e-05,22.777748,89.29952,974.96,8.405186e-08,0.078842185,0.83920085,1.0,-1.0,-6.021138637853356,3.2652107732192888,-2.892665237709892,-16.31621525144396,-600.6744030609738,318.93062132834126,-336.932249417986,-1329.3572379942716,0.04825094,0.7642322,1.0,-1.0,10.0,-5.27398896085637,1.1510867074116815,-3.200396942201844,-11.111341629317838,-512.199707397565,76.1586095145845,-427.5714665848648,-692.7629092198449,0.0758849798709405,0.6854631657040393,1.0,-1.0,0.3488396535117125,0.1080492343518257,0.6035752353596935,0.2023088120517608,0.3606242223526892,0.1143071390821461,0.5654158757972032,0.2023088120517608,0.0032200375827405054,0.006538230092269674,0.016888101774621432,0.0,0.0,0.0,0.0017718782959396352,0.0030135854623718895,0.0,0.014962767215289012,0.0,0.0063098527697374104,0.0,0.006972700344841654,0.0,0.0,0.0008923459134351599,0.006658572270456925,0.0017998850741723596,0.0061844086691590265,0.008357617080919337,0.0022245953572313892,0.0,0.011818650043971275,0.0,0.0,0.0,0.00595323306967124,0.007686044773198123,0.0,0.0,0.0,0.27032153732850056,0.07621552548506734,0.5107547885191942,0.07417151324397957,0.26800901463641724,0.07704843642567494,0.46364802889382295,0.14460140844542616,0.4298905137166009,0.0790264286472802,0.4985866924705097,0.2374184358532903,0.42989050076732394,0.0790264310251604,0.4985855195880944,0.23741843585330882,0.6977182839280583,0.07227169178839671,0.8881475689466158,0.40867482413067,0.6954057482866981,0.0713548951651894,0.8881475689466158,0.5395239333486774,0.0,0.0,0.0,0.0,0.0,0.0,0.0,0.0,22.916727307822526,4.373408125529948,30.83713889043692,15.410902535381156,22.814560216980485,4.780244238440306,30.18316454185779,17.34655870217925,-1.0,0.0,-1.0,-1.0,-1.0,0.0,-1.0,-1.0,7071.590387438306,4866.33984352457,43017.13662334821,2140.4562634928493,6613.369390946424,3374.0266414289267,12821.45770047512,2285.989771597908,0.0,0.0,0.0,0.0,0.0,0.0,0.0,0.0,6.021138637853356,3.2652107732192888,16.31621525144396,2.892665237709892,5.464140559465995,2.4998129539625067,11.525661832056118,2.9702663699883267,-600.8263713280652,556004.0,143000.0,1430.0,24.450471650378205,4.724384229689964,5.435137973586279,27.209097337638294,4690.791749383927,142.0
21.38849958325325,22.495866476520913,330.4688524831159,-322.84312417286236,210.81355392284803,-17.910305,-711.3697,-323.3405478394581,206.54376954435884,-18.164932,-713.02313,-350.26562,204.95451,-20.423449,-716.6757,20.62363,42.340237,273.0835,1.858134e-05,22.777748,89.29952,974.96,8.405186e-08,0.078842185,0.83920085,1.0,-1.0,-6.021138637853356,3.2652107732192888,-2.892665237709892,-16.31621525144396,-589.8417106432528,307.54179750447423,-336.932249417986,-1329.3572379942716,0.04825094,0.7642322,1.0,-1.0,10.0,-5.27398896085637,1.1510867074116815,-3.200396942201844,-11.111341629317838,-508.03516571173446,75.62925895706692,-427.5714665848648,-692.7629092198449,0.0758849798709405,0.6854631657040393,1.0,-1.0,0.3488396535117125,0.1080492343518257,0.6035752353596935,0.2023088120517608,0.3606242223526892,0.1143071390821461,0.5654158757972032,0.2023088120517608,0.009293838739930045,0.0,0.0,0.0,0.004205983341543634,0.00425467376312356,0.00829512613616487,0.014224390322475685,0.002999638965871199,0.0,0.0,0.0,0.0,0.010957882227112895,0.0012559418795815807,0.0,0.014923991790867702,0.0,0.004145579343232388,0.0,0.013306427963299665,0.0,0.01195289473412212,0.0,0.0,0.015292495172763904,0.0021046802168113972,0.0,0.0,0.012822429978669283,0.0,0.0,0.3095192839117179,0.09738760973065211,0.5243438308800918,0.07827712599572466,0.30720676121963464,0.0982205206712597,0.4772370712547205,0.14870702119717125,0.39415733649051254,0.08867426295541753,0.518953704702655,0.22020715959138504,0.39415732354123556,0.08867426533329772,0.5189525318202397,0.22020715959140355,0.6704317451777545,0.09778806163716172,0.9069956184031674,0.40847373964251626,0.6681192095363943,0.09687126501395442,0.9069956184031674,0.5393228488605237,0.0,0.0,0.0,0.0,0.0,0.0,0.0,0.0,22.916727307822526,4.373408125529948,30.83713889043692,15.410902535381156,22.814560216980485,4.780244238440306,30.18316454185779,17.34655870217925,-1.0,0.0,-1.0,-1.0,-1.0,0.0,-1.0,-1.0,7071.590387438306,4866.33984352457,43017.13662334821,2140.4562634928493,6613.369390946424,3374.0266414289267,12821.45770047512,2285.989771597908,0.0,0.0,0.0,0.0,0.0,0.0,0.0,0.0,6.021138637853356,3.2652107732192888,16.31621525144396,2.892665237709892,5.464140559465995,2.4998129539625067,11.525661832056118,2.9702663699883267,-604.3054823960023,560004.0,144000.0,1440.0,24.085399687239217,4.398476418928475,6.690163436444354,33.57279064554328,4724.395661687871,143.0
19.405911666045423,22.75997935621164,354.04822598443855,-334.9169349143601,196.9692904640352,-17.910305,-711.3697,-361.73889917006426,188.02383466476465,-18.164932,-713.02313,-350.26562,204.95451,-20.423449,-716.6757,20.62363,42.340237,273.0835,1.858134e-05,22.777748,89.29952,974.96,8.405186e-08,0.078842185,0.83920085,1.0,-1.0,-6.021138637853356,3.2652107732192888,-2.892665237709892,-16.31621525144396,-591.9344422664689,312.13002077744176,-336.932249417986,-1329.3572379942716,0.04825094,0.7642322,1.0,-1.0,10.0,-5.27398896085637,1.1510867074116815,-3.200396942201844,-11.111341629317838,-537.0318174828532,76.2152595269649,-427.5714665848648,-692.7629092198449,0.0758849798709405,0.6854631657040393,1.0,-1.0,0.3488396535117125,0.1080492343518257,0.6035752353596935,0.2023088120517608,0.3606242223526892,0.1143071390821461,0.5654158757972032,0.2023088120517608,0.0,0.0,0.027322166623549183,0.010021876214779816,0.0,0.007508378589879587,0.0024354132388595133,0.0,0.0,0.017781312478868765,0.014515421741413426,0.0,0.0065686205038395975,0.0,0.006123283560758707,0.0,0.0,0.0,0.0,0.0,0.002700798621527618,0.010772075602470675,0.0,0.0,0.008280973790658331,0.0008683111167468895,0.0,0.0004660023711460066,0.0,0.0053913830145990264,0.011396474684393441,0.0,0.2539726176077618,0.0998572430677013,0.5074722158292988,0.11856677647611367,0.2516600949156785,0.10069015400830889,0.46036545620392755,0.18899667167756026,0.39596083999293685,0.07172702634135357,0.47107185734904444,0.16701469952982367,0.39596082704365987,0.07172702871923377,0.47107068446662914,0.1670146995298422,0.6582452621036852,0.12923662975945777,0.9335069134129038,0.38486382955953885,0.6559327264623249,0.12831983313625045,0.9335069134129038,0.5157129387775463,0.0,0.0,0.0,0.0,0.0,0.0,0.0,0.0,22.916727307822526,4.373408125529948,30.83713889043692,15.410902535381156,22.814560216980485,4.780244238440306,30.18316454185779,17.34655870217925,-1.0,0.0,-1.0,-1.0,-1.0,0.0,-1.0,-1.0,7071.590387438306,4866.33984352457,43017.13662334821,2140.4562634928493,6613.369390946424,3374.0266414289267,12821.45770047512,2285.989771597908,0.0,0.0,0.0,0.0,0.0,0.0,0.0,0.0,6.021138637853356,3.2652107732192888,16.31621525144396,2.892665237709892,5.464140559465995,2.4998129539625067,11.525661832056118,2.9702663699883267,-587.6977691636683,564004.0,145000.0,1450.0,20.962379278239183,2.5185540995304394,5.518846738965726,37.60460991083505,4757.999573991816,144.0
23.528965844164496,21.079336430472413,340.7660244342375,-335.6523225175279,210.0350407535178,-17.910305,-711.3697,-326.0064864991916,194.06982923185535,-18.164932,-713.02313,-350.26562,204.95451,-20.423449,-716.6757,20.62363,42.340237,273.0835,1.858134e-05,22.777748,89.29952,974.96,8.405186e-08,0.078842185,0.83920085,1.0,-1.0,-6.021138637853356,3.2652107732192888,-2.892665237709892,-16.31621525144396,-596.1177385615464,311.42352144854715,-336.932249417986,-1329.3572379942716,0.04825094,0.7642322,1.0,-1.0,10.0,-5.27398896085637,1.1510867074116815,-3.200396942201844,-11.111341629317838,-539.0164283329376,74.57387017237369,-427.5714665848648,-692.7629092198449,0.0758849798709405,0.6854631657040393,1.0,-1.0,0.3488396535117125,0.1080492343518257,0.6035752353596935,0.2023088120517608,0.3606242223526892,0.1143071390821461,0.5654158757972032,0.2023088120517608,0.009200821728241387,0.0010294460077313672,0.0,0.0,0.00885456231427094,0.014471935300150996,0.0,0.005801295834357865,0.014377113966145,0.002666045971893219,0.003838597832301705,0.0,0.0,0.003337681571608424,0.0,0.0,0.0,0.0,0.004982108240698558,0.0,0.002827928331186236,0.0035127380185650758,0.0,0.0024858371349689417,0.0,0.0012797452089879854,0.0,0.00722728322030163,0.002090631094442168,0.0,0.00520571319014251,0.0019368369884818608,0.2674201259696372,0.06564103160529719,0.5107752450942843,0.09088954565312221,0.2651076032775539,0.06647394254590477,0.463668485468913,0.1613194408545688,0.4188352006178329,0.0720623766502527,0.4956009039403394,0.19510713898669205,0.41883518766855593,0.0720623790281329,0.4955997310579241,0.19510713898671056,0.6794932520334316,0.11673355006258644,0.9064485338443801,0.38911089972335744,0.6771807163920713,0.11581675343937914,0.9064485338443801,0.519960008941365,0.0,0.0,0.0,0.0,0.0,0.0,0.0,0.0,22.916727307822526,4.373408125529948,30.83713889043692,15.410902535381156,22.814560216980485,4.780244238440306,30.18316454185779,17.34655870217925,-1.0,0.0,-1.0,-1.0,-1.0,0.0,-1.0,-1.0,7071.590387438306,4866.33984352457,43017.13662334821,2140.4562634928493,6613.369390946424,3374.0266414289267,12821.45770047512,2285.989771597908,0.0,0.0,0.0,0.0,0.0,0.0,0.0,0.0,6.021138637853356,3.2652107732192888,16.31621525144396,2.892665237709892,5.464140559465995,2.4998129539625067,11.525661832056118,2.9702663699883267,-584.3577371067457,568004.0,146000.0,1460.0,26.900389505763762,4.862636973261025,6.115099016714335,34.732842813504774,4791.60348629576,145.0
18.869881954329138,25.75354343733951,332.48097652488804,-351.6704496167216,208.32386637635588,-17.910305,-711.3697,-345.3613774316744,216.0847951583692,-18.164932,-713.02313,-350.26562,204.95451,-20.423449,-716.6757,20.62363,42.340237,273.0835,1.858134e-05,22.777748,89.29952,974.96,8.405186e-08,0.078842185,0.83920085,1.0,-1.0,-6.021138637853356,3.2652107732192888,-2.892665237709892,-16.31621525144396,-614.4973130985985,322.90121248043823,-336.932249417986,-1329.3572379942716,0.04825094,0.7642322,1.0,-1.0,10.0,-5.27398896085637,1.1510867074116815,-3.200396942201844,-11.111341629317838,-514.4127856274729,75.21698084962796,-427.5714665848648,-692.7629092198449,0.0758849798709405,0.6854631657040393,1.0,-1.0,0.3488396535117125,0.1080492343518257,0.6035752353596935,0.2023088120517608,0.3606242223526892,0.1143071390821461,0.5654158757972032,0.2023088120517608,0.00472292598896983,0.0009030408795390872,0.0005251458642965943,0.0,0.004973623140861518,0.0,0.0031655843433659047,0.0,0.01054395917197258,0.007187501192640639,0.0,0.0,0.00949212928824213,0.0047894103754937915,0.0,0.02316036777457482,0.0,0.017018078166059682,0.011185231333542676,0.007002987294294767,0.0013300452043889489,0.007124919385910016,0.008864644331936924,0.007769390625203746,0.0,0.0,0.0,0.0,0.0,0.0,0.02852223561591283,0.003894970667523902,0.2762197517429636,0.12451284161010451,0.501756189438683,0.05895797465215075,0.2739072290508803,0.12534575255071212,0.4546494298133117,0.12938786985359735,0.4111897974393888,0.11594587274531679,0.49898185730990846,0.21904751024204655,0.41118978449011184,0.11594587512319698,0.49898068442749316,0.21904751024206506,0.6800628226579254,0.10841901335042298,0.9090382416737905,0.40013977298999204,0.6777502870165651,0.10750221672721567,0.9090382416737905,0.5309888822079994,0.0,0.0,0.0,0.0,0.0,0.0,0.0,0.0,22.916727307822526,4.373408125529948,30.83713889043692,15.410902535381156,22.814560216980485,4.780244238440306,30.18316454185779,17.34655870217925,-1.0,0.0,-1.0,-1.0,-1.0,0.0,-1.0,-1.0,7071.590387438306,4866.33984352457,43017.13662334821,2140.4562634928493,6613.369390946424,3374.0266414289267,12821.45770047512,2285.989771597908,0.0,0.0,0.0,0.0,0.0,0.0,0.0,0.0,6.021138637853356,3.2652107732192888,16.31621525144396,2.892665237709892,5.464140559465995,2.4998129539625067,11.525661832056118,2.9702663699883267,-602.1164562680231,572004.0,147000.0,1470.0,22.509352011523493,4.203113105346739,6.181672270548946,29.929984781807324,4825.207398599705,146.0
23.008846018667985,20.680338980979364,299.8642835860455,-324.6154421958609,197.8525263552723,-17.910305,-711.3697,-345.07334480566124,192.74603376537846,-18.164932,-713.02313,-350.26562,204.95451,-20.423449,-716.6757,20.62363,42.340237,273.0835,1.858134e-05,22.777748,89.29952,974.96,8.405186e-08,0.078842185,0.83920085,1.0,-1.0,-6.021138637853356,3.2652107732192888,-2.892665237709892,-16.31621525144396,-620.709376839327,312.4854209899592,-336.932249417986,-1329.3572379942716,0.04825094,0.7642322,1.0,-1.0,10.0,-5.27398896085637,1.1510867074116815,-3.200396942201844,-11.111341629317838,-533.24442689077,78.72187147632067,-427.5714665848648,-692.7629092198449,0.0758849798709405,0.6854631657040393,1.0,-1.0,0.3488396535117125,0.1080492343518257,0.6035752353596935,0.2023088120517608,0.3606242223526892,0.1143071390821461,0.5654158757972032,0.2023088120517608,0.014636792824319948,0.0,0.02511366081720584,0.009583018758507741,0.0,0.006952022014030407,0.0042029587203257,0.013676314911092832,0.0,0.0,0.0010013102134389426,0.0,0.0,9.455783883743809e-05,0.0,0.0,0.0015805959849632945,0.0013858584486254055,0.003287716000622323,0.0,0.021731940239053442,0.0,0.0029319254381657534,0.0,0.010026975781383262,0.0,0.006260184828615821,0.0,0.0,0.0027801614697533284,0.003858930966247707,0.0017625407407337364,0.2603851812941954,0.09194845787084191,0.48156993798073605,0.09810244158973457,0.2580726586021121,0.09278136881144951,0.43446317835536474,0.16853233679118115,0.3644133812618148,0.06659226474565502,0.4994748462236669,0.2543147119465318,0.3644133683125378,0.06659226712353522,0.4994736733412516,0.25431471194655036,0.6579719103096995,0.11005775635604725,0.9115536112995829,0.41416628372934744,0.6556593746683392,0.10914095973283995,0.9115536112995829,0.5450153929473549,0.0,0.0,0.0,0.0,0.0,0.0,0.0,0.0,22.916727307822526,4.373408125529948,30.83713889043692,15.410902535381156,22.814560216980485,4.780244238440306,30.18316454185779,17.34655870217925,-1.0,0.0,-1.0,-1.0,-1.0,0.0,-1.0,-1.0,7071.590387438306,4866.33984352457,43017.13662334821,2140.4562634928493,6613.369390946424,3374.0266414289267,12821.45770047512,2285.989771597908,0.0,0.0,0.0,0.0,0.0,0.0,0.0,0.0,6.021138637853356,3.2652107732192888,16.31621525144396,2.892665237709892,5.464140559465995,2.4998129539625067,11.525661832056118,2.9702663699883267,-602.3805275578197,576004.0,148000.0,1480.0,21.99629705570939,4.608222102396369,5.558078266466247,35.38130552863439,4858.811310903649,147.0
22.023654961849708,23.608403333715792,398.75882212931975,-334.974995817496,217.81050024364305,-17.910305,-711.3697,-355.77660510752327,203.10767838620012,-18.164932,-713.02313,-350.26562,204.95451,-20.423449,-716.6757,20.62363,42.340237,273.0835,1.858134e-05,22.777748,89.29952,974.96,8.405186e-08,0.078842185,0.83920085,1.0,-1.0,-6.021138637853356,3.2652107732192888,-2.892665237709892,-16.31621525144396,-602.2226142233117,307.06989916582563,-336.932249417986,-1329.3572379942716,0.04825094,0.7642322,1.0,-1.0,10.0,-5.27398896085637,1.1510867074116815,-3.200396942201844,-11.111341629317838,-528.41294778977,73.1978853924417,-427.5714665848648,-692.7629092198449,0.0758849798709405,0.6854631657040393,1.0,-1.0,0.3488396535117125,0.1080492343518257,0.6035752353596935,0.2023088120517608,0.3606242223526892,0.1143071390821461,0.5654158757972032,0.2023088120517608,0.0,0.0,0.0,0.0,0.0,0.010663008602376017,0.0,0.0,0.0,0.0,0.0,0.017873895139798427,0.0,0.0,0.0,0.0,0.0,0.0,0.03307436916558965,0.0,0.00016505285273842233,0.0,0.0021100979390849396,0.0,0.0,0.006414255611265018,0.0,0.0,0.0,0.002173705833630506,0.009289724417008555,0.01879706252652584,0.279646992824548,0.09311033337728168,0.49728557582533384,0.05725949622368776,0.2773344701324647,0.09394324431788928,0.45017881619996253,0.12768939142513436,0.39215732690355315,0.05804563624894568,0.49373091312059675,0.2023291191218692,0.39215731395427617,0.05804563862682588,0.49372974023818145,0.20232911912188772,0.6669611658539121,0.11255627170132758,0.9048859508853785,0.3811408509377169,0.6646486302125518,0.11163947507812028,0.9048859508853785,0.5119899601557243,0.0,0.0,0.0,0.0,0.0,0.0,0.0,0.0,22.916727307822526,4.373408125529948,30.83713889043692,15.410902535381156,22.814560216980485,4.780244238440306,30.18316454185779,17.34655870217925,-1.0,0.0,-1.0,-1.0,-1.0,0.0,-1.0,-1.0,7071.590387438306,4866.33984352457,43017.13662334821,2140.4562634928493,6613.369390946424,3374.0266414289267,12821.45770047512,2285.989771597908,0.0,0.0,0.0,0.0,0.0,0.0,0.0,0.0,6.021138637853356,3.2652107732192888,16.31621525144396,2.892665237709892,5.464140559465995,2.4998129539625067,11.525661832056118,2.9702663699883267,-597.9316109671147,580004.0,149000.0,1490.0,23.02005121339133,4.243202270878927,5.2989904773094345,33.29802997459622,4892.415223207594,148.0
24.589868975509525,24.342164084053667,389.1222720749139,-346.54387751346707,195.5348943530077,-17.910305,-711.3697,-369.6605643676719,197.7402621256418,-18.164932,-713.02313,-350.26562,204.95451,-20.423449,-716.6757,20.62363,42.340237,273.0835,1.858134e-05,22.777748,89.29952,974.96,8.405186e-08,0.078842185,0.83920085,1.0,-1.0,-6.021138637853356,3.2652107732192888,-2.892665237709892,-16.31621525144396,-613.5484626393602,309.1033180924171,-336.932249417986,-1329.3572379942716,0.04825094,0.7642322,1.0,-1.0,10.0,-5.27398896085637,1.1510867074116815,-3.200396942201844,-11.111341629317838,-536.8371408121577,72.43695085086694,-427.5714665848648,-692.7629092198449,0.0758849798709405,0.6854631657040393,1.0,-1.0,0.3488396535117125,0.1080492343518257,0.6035752353596935,0.2023088120517608,0.3606242223526892,0.1143071390821461,0.5654158757972032,0.2023088120517608,0.0,0.010131999636366145,0.0,0.006770520496956314,0.0,0.0,0.013359097840248834,0.0,0.016156016794401713,0.0003031682653463871,0.0,0.0,0.0,0.0,0.0006598247869224959,0.0,0.016643128722555182,0.0,0.0,0.0,0.0,0.0,0.010789487092859398,0.0,0.003159823445064923,0.01027433192684776,0.011930798085284891,0.008519370733081004,0.015132060263258203,0.00031959513463987476,0.0,0.0009710162362419664,0.23361620816642636,0.08669588610535084,0.49389061643784204,0.10168439485579485,0.23130368547434305,0.08752879704595844,0.44678385681247074,0.17211429005724144,0.3858590778851909,0.07716805656246438,0.49481760325625956,0.2111183038929333,0.38585906493591393,0.07716805894034458,0.49481643037384426,0.2111183038929518,0.6930554801852539,0.0942852646529479,0.8888374402156872,0.40535427962883575,0.6907429445438936,0.0933684680297406,0.8888374402156872,0.5362033888468432,0.0,0.0,0.0,0.0,0.0,0.0,0.0,0.0,22.916727307822526,4.373408125529948,30.83713889043692,15.410902535381156,22.814560216980485,4.780244238440306,30.18316454185779,17.34655870217925,-1.0,0.0,-1.0,-1.0,-1.0,0.0,-1.0,-1.0,7071.590387438306,4866.33984352457,43017.13662334821,2140.4562634928493,6613.369390946424,3374.0266414289267,12821.45770047512,2285.989771597908,0.0,0.0,0.0,0.0,0.0,0.0,0.0,0.0,6.021138637853356,3.2652107732192888,16.31621525144396,2.892665237709892,5.464140559465995,2.4998129539625067,11.525661832056118,2.9702663699883267,-624.5030964832056,584004.0,150000.0,1500.0,28.075947633176163,4.509019154071611,5.920754473825303,33.93985877655308,4926.0191355115385,149.0
22.175976662615007,19.895818058669022,346.8333524516258,-361.4826901983799,199.47736761407373,-17.910305,-711.3697,-357.24956005561194,219.0401893190058,-18.164932,-713.02313,-350.26562,204.95451,-20.423449,-716.6757,20.62363,42.340237,273.0835,1.858134e-05,22.777748,89.29952,974.96,8.405186e-08,0.078842185,0.83920085,1.0,-1.0,-6.021138637853356,3.2652107732192888,-2.892665237709892,-16.31621525144396,-587.6566909510343,315.22690960157746,-336.932249417986,-1329.3572379942716,0.04825094,0.7642322,1.0,-1.0,10.0,-5.27398896085637,1.1510867074116815,-3.200396942201844,-11.111341629317838,-525.5508851511661,77.38371062445545,-427.5714665848648,-692.7629092198449,0.0758849798709405,0.6854631657040393,1.0,-1.0,0.3488396535117125,0.1080492343518257,0.6035752353596935,0.2023088120517608,0.3606242223526892,0.1143071390821461,0.5654158757972032,0.2023088120517608,0.002579794147493068,0.0,0.008213678503140791,0.010303384242465366,0.002886637799278821,0.0,0.007737983440739887,0.011630322306830128,0.0,0.016071428770515223,0.0,0.002516219458532174,0.005792004866619358,0.008615399577873143,0.002478210785457447,0.006568875767965307,0.0,0.0,0.0076886805720129915,0.0,0.0,0.0,0.0026500174044316862,0.0,0.0001776860116249631,0.0,0.0,0.0,0.0016156119586471563,0.0,0.003145114380265377,0.0,0.26687548874241795,0.08001793973326612,0.487444962920429,0.04257281494601156,0.26456296605033464,0.08085085067387372,0.4403382032950577,0.11300271014745815,0.3649526107013764,0.07378295267820936,0.504585836023241,0.19842378084816967,0.36495259775209943,0.07378295505608956,0.5045846631408257,0.19842378084818818,0.6825187465941592,0.1051810150537852,0.8827082508687085,0.3559701141930626,0.680206210952799,0.1042642184305779,0.8827082508687085,0.4868192234110701,0.0,0.0,0.0,0.0,0.0,0.0,0.0,0.0,22.916727307822526,4.373408125529948,30.83713889043692,15.410902535381156,22.814560216980485,4.780244238440306,30.18316454185779,17.34655870217925,-1.0,0.0,-1.0,-1.0,-1.0,0.0,-1.0,-1.0,7071.590387438306,4866.33984352457,43017.13662334821,2140.4562634928493,6613.369390946424,3374.0266414289267,12821.45770047512,2285.989771597908,0.0,0.0,0.0,0.0,0.0,0.0,0.0,0.0,6.021138637853356,3.2652107732192888,16.31621525144396,2.892665237709892,5.464140559465995,2.4998129539625067,11.525661832056118,2.9702663699883267,-598.4667753384471,588004.0,151000.0,1510.0,23.23851645362751,3.825771882868068,5.787711025859431,28.15172863971179,4959.623047815483,150.0
21.89441207447616,24.001256194631303,270.24836306747807,-342.3625002583598,206.438632439775,-17.910305,-711.3697,-354.0015494976012,190.78631704430822,-18.164932,-713.02313,-350.26562,204.95451,-20.423449,-716.6757,20.62363,42.340237,273.0835,1.858134e-05,22.777748,89.29952,974.96,8.405186e-08,0.078842185,0.83920085,1.0,-1.0,-6.021138637853356,3.2652107732192888,-2.892665237709892,-16.31621525144396,-604.1827213934806,317.2365021068796,-336.932249417986,-1329.3572379942716,0.04825094,0.7642322,1.0,-1.0,10.0,-5.27398896085637,1.1510867074116815,-3.200396942201844,-11.111341629317838,-515.503187509952,73.2398129951994,-427.5714665848648,-692.7629092198449,0.0758849798709405,0.6854631657040393,1.0,-1.0,0.3488396535117125,0.1080492343518257,0.6035752353596935,0.2023088120517608,0.3606242223526892,0.1143071390821461,0.5654158757972032,0.2023088120517608,0.015401453417193376,0.0014708859673223033,0.00778305228522109,0.0,0.00013595056063783173,0.0,0.008329028186897031,0.0,0.0,0.00277091365248645,0.0,0.0,0.0,0.007157279906096914,0.0,0.0020605144125825214,0.009484276438034662,0.011730102047039231,0.013582513708490826,0.016516256471269152,0.006561664514816236,0.003952021316849868,0.0,0.0,0.0043473552508877565,0.017707385653621427,0.0,0.0,0.0,0.013352130894002811,0.0,0.0034690115932581944,0.29366904405643784,0.09307130367413416,0.47814647449396425,0.0769419961728868,0.2913565213643545,0.09390421461474177,0.43103971486859294,0.1473718913743334,0.4130700720623801,0.10583259794067125,0.5086042581591737,0.2079588834839599,0.4130700591131031,0.10583260031855145,0.5086030852767583,0.20795888348397842,0.6561175086437491,0.11601885275265754,0.9180885508097,0.43198180289125654,0.6538049730023888,0.11510205612945024,0.9180885508097,0.5628309121092641,0.0,0.0,0.0,0.0,0.0,0.0,0.0,0.0,22.916727307822526,4.373408125529948,30.83713889043692,15.410902535381156,22.814560216980485,4.780244238440306,30.18316454185779,17.34655870217925,-1.0,0.0,-1.0,-1.0,-1.0,0.0,-1.0,-1.0,7071.590387438306,4866.33984352457,43017.13662334821,2140.4562634928493,6613.369390946424,3374.0266414289267,12821.45770047512,2285.989771597908,0.0,0.0,0.0,0.0,0.0,0.0,0.0,0.0,6.021138637853356,3.2652107732192888,16.31621525144396,2.892665237709892,5.464140559465995,2.4998129539625067,11.525661832056118,2.9702663699883267,-610.3022205123044,592004.0,152000.0,1520.0,21.313417461542215,4.660837238209963,6.448172830347526,37.94075326470093,4993.2269601194275,151.0
17.070673672733616,22.491912895332977,332.55626634584553,-343.80448661326403,208.57277696516374,-17.910305,-711.3697,-329.8975887760442,213.31065779088365,-18.164932,-713.02313,-350.26562,204.95451,-20.423449,-716.6757,20.62363,42.340237,273.0835,1.858134e-05,22.777748,89.29952,974.96,8.405186e-08,0.078842185,0.83920085,1.0,-1.0,-6.021138637853356,3.2652107732192888,-2.892665237709892,-16.31621525144396,-623.1709788679431,309.71183313654683,-336.932249417986,-1329.3572379942716,0.04825094,0.7642322,1.0,-1.0,10.0,-5.27398896085637,1.1510867074116815,-3.200396942201844,-11.111341629317838,-540.876128286999,75.5867129959787,-427.5714665848648,-692.7629092198449,0.0758849798709405,0.6854631657040393,1.0,-1.0,0.3488396535117125,0.1080492343518257,0.6035752353596935,0.2023088120517608,0.3606242223526892,0.1143071390821461,0.5654158757972032,0.2023088120517608,0.00037158191333352183,0.010778336706963178,0.002341234298219088,0.0,0.013976825939435722,0.0,0.0,0.0,0.0036912515855935793,0.0,0.0034757966071061477,0.0,0.007841445212580919,0.0,0.02040839916370249,0.0025400782779648285,0.0104418822291401,0.009020872023527384,0.0,0.014735560789072255,0.0,0.005599062289292672,0.0,0.01870948670639599,0.022360552302727994,0.0,0.004625495179860665,0.0,0.0005735370998887702,0.005039044058656497,0.0,0.0,0.2786016025279011,0.0732087058522129,0.475315363901891,0.06357577115682726,0.2762890798358178,0.07404161679282048,0.4282086042765197,0.13400566635827385,0.3856506805379351,0.04981715822385534,0.47325568554066544,0.2138930390575175,0.3856506675886581,0.049817160601735536,0.47325451265825014,0.213893039057536,0.6667332037096043,0.11041848894054299,0.8788738510547817,0.4159784289141797,0.6644206680682441,0.10950169231733568,0.8788738510547817,0.5468275381321871,0.0,0.0,0.0,0.0,0.0,0.0,0.0,0.0,22.916727307822526,4.373408125529948,30.83713889043692,15.410902535381156,22.814560216980485,4.780244238440306,30.18316454185779,17.34655870217925,-1.0,0.0,-1.0,-1.0,-1.0,0.0,-1.0,-1.0,7071.590387438306,4866.33984352457,43017.13662334821,2140.4562634928493,6613.369390946424,3374.0266414289267,12821.45770047512,2285.989771597908,0.0,0.0,0.0,0.0,0.0,0.0,0.0,0.0,6.021138637853356,3.2652107732192888,16.31621525144396,2.892665237709892,5.464140559465995,2.4998129539625067,11.525661832056118,2.9702663699883267,-614.2709268414267,596004.0,153000.0,1530.0,24.822135611065832,4.5366145255043175,5.868400187536804,35.69040444079369,5026.830872423372,152.0
24.507189924310772,24.023469786561993,393.99334562874657,-339.750516023601,207.63880764645978,-17.910305,-711.3697,-352.9425000616027,198.14135353355596,-18.164932,-713.02313,-350.26562,204.95451,-20.423449,-716.6757,20.62363,42.340237,273.0835,1.858134e-05,22.777748,89.29952,974.96,8.405186e-08,0.078842185,0.83920085,1.0,-1.0,-6.021138637853356,3.2652107732192888,-2.892665237709892,-16.31621525144396,-605.1635840473831,320.14488265264697,-336.932249417986,-1329.3572379942716,0.04825094,0.7642322,1.0,-1.0,10.0,-5.27398896085637,1.1510867074116815,-3.200396942201844,-11.111341629317838,-522.8204598520603,73.82813427442038,-427.5714665848648,-692.7629092198449,0.0758849798709405,0.6854631657040393,1.0,-1.0,0.3488396535117125,0.1080492343518257,0.6035752353596935,0.2023088120517608,0.3606242223526892,0.1143071390821461,0.5654158757972032,0.2023088120517608,0.0,0.01247681568429497,0.0,0.0,0.01778721243059682,0.017776531604239046,0.007457144897421119,0.0,0.00788949359191615,0.0,0.01342516284185346,0.0,0.008986374507385183,0.0,0.008146369119991729,0.0,0.0044126345084432176,0.009936898001927489,0.011425379482209405,0.003990827282469479,0.0046680456197423035,0.010187289870822642,0.004976702967596536,0.009798375986576919,0.01552921599822943,0.0,0.005374403893328728,0.0,0.007099723089782128,0.010459112801276827,0.0038417017835660006,0.012237348804287179,0.2917669754374197,0.06218372596977185,0.49173270480968556,0.09779700853429511,0.2894544527453364,0.06301663691037945,0.44462594518431425,0.1682269037357417,0.3904726621400923,0.08189178441690524,0.4783480650101631,0.1769133167659627,0.3904726491908153,0.08189178679478544,0.4783468921277478,0.1769133167659812,0.6737429446350436,0.09846726796471225,0.9146915918406535,0.4061150719540188,0.6714304089936833,0.09755047134150495,0.9146915918406535,0.5369641811720263,0.0,0.0,0.0,0.0,0.0,0.0,0.0,0.0,22.916727307822526,4.373408125529948,30.83713889043692,15.410902535381156,22.814560216980485,4.780244238440306,30.18316454185779,17.34655870217925,-1.0,0.0,-1.0,-1.0,-1.0,0.0,-1.0,-1.0,7071.590387438306,4866.33984352457,43017.13662334821,2140.4562634928493,6613.369390946424,3374.0266414289267,12821.45770047512,2285.989771597908,0.0,0.0,0.0,0.0,0.0,0.0,0.0,0.0,6.021138637853356,3.2652107732192888,16.31621525144396,2.892665237709892,5.464140559465995,2.4998129539625067,11.525661832056118,2.9702663699883267,-589.9061886883234,600004.0,154000.0,1540.0,21.57264524632552,4.820827029872141,5.708544303199869,35.592262879506166,5060.434784727317,153.0
17.909897088295466,23.848631176383456,323.3434797517071,-354.68211222593874,201.16878049062487,-17.910305,-711.3697,-335.2135002276741,212.67778833514188,-18.164932,-713.02313,-350.26562,204.95451,-20.423449,-716.6757,20.62363,42.340237,273.0835,1.858134e-05,22.777748,89.29952,974.96,8.405186e-08,0.078842185,0.83920085,1.0,-1.0,-6.021138637853356,3.2652107732192888,-2.892665237709892,-16.31621525144396,-567.5827123118379,316.26221362309315,-336.932249417986,-1329.3572379942716,0.04825094,0.7642322,1.0,-1.0,10.0,-5.27398896085637,1.1510867074116815,-3.200396942201844,-11.111341629317838,-515.0472204627788,77.16182626853323,-427.5714665848648,-692.7629092198449,0.0758849798709405,0.6854631657040393,1.0,-1.0,0.3488396535117125,0.1080492343518257,0.6035752353596935,0.2023088120517608,0.3606242223526892,0.1143071390821461,0.5654158757972032,0.2023088120517608,0.0,0.0,0.0,0.0,0.0,0.0,0.0,0.0012826468869294376,0.0005281211906684451,0.011666855877589748,0.0,0.0,0.0,0.009883657308692622,0.006638569608866808,0.014022393997586861,0.0,0.0,0.0,0.0,0.0,0.0,0.0059571879835683215,0.0028875111107297775,0.011555759520853772,0.011988259520010513,0.0,0.0018273344657904523,0.0,0.008107225657765456,0.0040148795259357705,0.0,0.28334112973503683,0.10349828963912713,0.4848719174144315,0.084831388942374,0.2810286070429535,0.10433120057973475,0.43776515778906017,0.1552612841438206,0.37846652439950074,0.09031166630830287,0.504505718132335,0.189055125559156,0.37846651145022375,0.09031166868618307,0.5045045452499197,0.18905512555917453,0.6815622277387804,0.11446039466107781,0.9117511072049467,0.3937280090437987,0.6792496920974201,0.11354359803787051,0.9117511072049467,0.5245771182618061,0.0,0.0,0.0,0.0,0.0,0.0,0.0,0.0,22.916727307822526,4.373408125529948,30.83713889043692,15.410902535381156,22.814560216980485,4.780244238440306,30.18316454185779,17.34655870217925,-1.0,0.0,-1.0,-1.0,-1.0,0.0,-1.0,-1.0,7071.590387438306,4866.33984352457,43017.13662334821,2140.4562634928493,6613.369390946424,3374.0266414289267,12821.45770047512,2285.989771597908,0.0,0.0,0.0,0.0,0.0,0.0,0.0,0.0,6.021138637853356,3.2652107732192888,16.31621525144396,2.892665237709892,5.464140559465995,2.4998129539625067,11.525661832056118,2.9702663699883267,-598.8446682497506,604004.0,155000.0,1550.0,22.279021758837285,4.311820682447111,5.599824674135146,27.64674729458212,5094.038697031261,154.0
22.35950312012206,22.39458060998704,398.65308445481537,-377.69827550016294,210.45353320551186,-17.910305,-711.3697,-371.22994677912567,202.09412325982507,-18.164932,-713.02313,-350.26562,204.95451,-20.423449,-716.6757,20.62363,42.340237,273.0835,1.858134e-05,22.777748,89.29952,974.96,8.405186e-08,0.078842185,0.83920085,1.0,-1.0,-6.021138637853356,3.2652107732192888,-2.892665237709892,-16.31621525144396,-609.1395529913236,309.85711182091944,-336.932249417986,-1329.3572379942716,0.04825094,0.7642322,1.0,-1.0,10.0,-5.27398896085637,1.1510867074116815,-3.200396942201844,-11.111341629317838,-537.9323878870808,76.64647684121132,-427.5714665848648,-692.7629092198449,0.0758849798709405,0.6854631657040393,1.0,-1.0,0.3488396535117125,0.1080492343518257,0.6035752353596935,0.2023088120517608,0.3606242223526892,0.1143071390821461,0.5654158757972032,0.2023088120517608,0.0010423138252031736,0.001357644569798294,0.0,0.012920477771228287,0.004928396153113859,0.002785390253157042,0.010500082476326033,0.0,0.010712933065595467,0.010331034820533625,0.009075756120134004,0.00364031046669659,0.0,0.0,0.0020461583888502,0.012739184981696326,0.025859150255658183,0.0018105846158495958,0.000496648276235011,0.0,0.01737904247228113,0.012686570742825079,0.006642154490210571,0.0005967369693073689,0.0005779588710559583,0.00646868407228079,0.0,0.0,0.0,0.003062480016426842,0.0014951833837672226,0.0,0.28812882427902486,0.10183129078817618,0.45066682460621943,0.08262435076087428,0.28581630158694155,0.10266420172878378,0.4035600649808481,0.15305424596232087,0.3816387645503904,0.10635569798862211,0.4708039342586623,0.18500076682097977,0.38163875160111344,0.10635570036650231,0.470802761376247,0.18500076682099828,0.7062248938839122,0.1630649912385898,0.8844504943828768,0.36732043004533477,0.7039123582425519,0.16214819461538252,0.8844504943828768,0.49816953926334223,0.0,0.0,0.0,0.0,0.0,0.0,0.0,0.0,22.916727307822526,4.373408125529948,30.83713889043692,15.410902535381156,22.814560216980485,4.780244238440306,30.18316454185779,17.34655870217925,-1.0,0.0,-1.0,-1.0,-1.0,0.0,-1.0,-1.0,7071.590387438306,4866.33984352457,43017.13662334821,2140.4562634928493,6613.369390946424,3374.0266414289267,12821.45770047512,2285.989771597908,0.0,0.0,0.0,0.0,0.0,0.0,0.0,0.0,6.021138637853356,3.2652107732192888,16.31621525144396,2.892665237709892,5.464140559465995,2.4998129539625067,11.525661832056118,2.9702663699883267,-603.1497264410472,608004.0,156000.0,1560.0,19.993540924864156,4.36843379961104,5.091805663887941,31.678775130573353,5127.642609335206,155.0
25.72426858528552,22.20543477564758,280.15341763341826,-337.35723424607636,198.12707526852626,-17.910305,-711.3697,-357.66598549778087,208.6861592988894,-18.164932,-713.02313,-350.26562,204.95451,-20.423449,-716.6757,20.62363,42.340237,273.0835,1.858134e-05,22.777748,89.29952,974.96,8.405186e-08,0.078842185,0.83920085,1.0,-1.0,-6.021138637853356,3.2652107732192888,-2.892665237709892,-16.31621525144396,-591.1955925420091,313.01470077837587,-336.932249417986,-1329.3572379942716,0.04825094,0.7642322,1.0,-1.0,10.0,-5.27398896085637,1.1510867074116815,-3.200396942201844,-11.111341629317838,-538.1911547312106,74.85469410713034,-427.5714665848648,-692.7629092198449,0.0758849798709405,0.6854631657040393,1.0,-1.0,0.3488396535117125,0.1080492343518257,0.6035752353596935,0.2023088120517608,0.3606242223526892,0.1143071390821461,0.5654158757972032,0.2023088120517608,0.0034499980381749694,0.004101964444747292,0.006214991692063882,0.0,0.0,0.003020555451947019,0.0,0.004408000012570543,0.004245726199534881,0.0,0.007677894211069544,0.0,0.014131054393113638,0.013332373612245506,0.0,0.0,0.0039654456922070536,0.002534068007941152,0.003344795844763552,0.0,0.0076327137112558955,0.0,0.002004754216158137,0.0,0.0,0.0052464438133468985,0.0,0.013133616910666763,0.0,0.0,0.0,0.00030445110796777975,0.26067819982402296,0.06322805642375989,0.47395461257638993,0.0543694896997224,0.25836567713193964,0.06406096736436749,0.4268478529510186,0.12479938490116899,0.4127892764012052,0.11208222923359762,0.49951146831118487,0.22476867938347025,0.41278926345192823,0.11208223161147782,0.49951029542876957,0.22476867938348877,0.6414591609669468,0.10982554801426404,0.8910787176929171,0.4295020274455008,0.6391466253255865,0.10890875139105674,0.8910787176929171,0.5603511366635083,0.0,0.0,0.0,0.0,0.0,0.0,0.0,0.0,22.916727307822526,4.373408125529948,30.83713889043692,15.410902535381156,22.814560216980485,4.780244238440306,30.18316454185779,17.34655870217925,-1.0,0.0,-1.0,-1.0,-1.0,0.0,-1.0,-1.0,7071.590387438306,4866.33984352457,43017.13662334821,2140.4562634928493,6613.369390946424,3374.0266414289267,12821.45770047512,2285.989771597908,0.0,0.0,0.0,0.0,0.0,0.0,0.0,0.0,6.021138637853356,3.2652107732192888,16.31621525144396,2.892665237709892,5.464140559465995,2.4998129539625067,11.525661832056118,2.9702663699883267,-602.2462718513525,612004.0,157000.0,1570.0,26.0808629480253,4.794245343098862,4.80577115524979,32.57815359515564,5161.24652163915,156.0
25.053519094798077,21.8788167428007,372.0365140419799,-360.59408169206307,207.1352776065381,-17.910305,-711.3697,-338.03417295256395,218.2078757416486,-18.164932,-713.02313,-350.26562,204.95451,-20.423449,-716.6757,20.62363,42.340237,273.0835,1.858134e-05,22.777748,89.29952,974.96,8.405186e-08,0.078842185,0.83920085,1.0,-1.0,-6.021138637853356,3.2652107732192888,-2.892665237709892,-16.31621525144396,-608.5954942863265,310.2325102008596,-336.932249417986,-1329.3572379942716,0.04825094,0.7642322,1.0,-1.0,10.0,-5.27398896085637,1.1510867074116815,-3.200396942201844,-11.111341629317838,-498.2663624206103,74.94704252421654,-427.5714665848648,-692.7629092198449,0.0758849798709405,0.6854631657040393,1.0,-1.0,0.3488396535117125,0.1080492343518257,0.6035752353596935,0.2023088120517608,0.3606242223526892,0.1143071390821461,0.5654158757972032,0.2023088120517608,0.009318842383175844,0.005268979705977435,0.0,0.0,0.004838319444464227,0.017964925860617386,0.0,0.023557551248357976,0.0,0.0,0.0,0.0,0.0,0.0,0.0028945769211508572,0.012345929484448244,0.017158251080637434,0.009564876058830439,0.01848219344559503,0.009958360990024182,0.006448796407879206,0.002269645548634805,0.025721229199291113,0.0,0.0,0.0,0.006457341965916196,0.0017326253125169524,0.004191795478991825,0.0,0.0027777625127245824,0.0,0.28844105601205505,0.08882798937791618,0.4872337813428616,0.07268094885196721,0.28612853331997173,0.08966090031852378,0.4401270217174903,0.14311084405341382,0.40073867039544253,0.07304098139872725,0.4851077037469422,0.16998362426739955,0.40073865744616555,0.07304098377660745,0.4851065308645269,0.1699836242674181,0.6729740880037447,0.10705411938115152,0.9310907847946566,0.4032666213082731,0.6706615523623844,0.10613732275794421,0.9310907847946566,0.5341157305262806,0.0,0.0,0.0,0.0,0.0,0.0,0.0,0.0,22.916727307822526,4.373408125529948,30.83713889043692,15.410902535381156,22.814560216980485,4.780244238440306,30.18316454185779,17.34655870217925,-1.0,0.0,-1.0,-1.0,-1.0,0.0,-1.0,-1.0,7071.590387438306,4866.33984352457,43017.13662334821,2140.4562634928493,6613.369390946424,3374.0266414289267,12821.45770047512,2285.989771597908,0.0,0.0,0.0,0.0,0.0,0.0,0.0,0.0,6.021138637853356,3.2652107732192888,16.31621525144396,2.892665237709892,5.464140559465995,2.4998129539625067,11.525661832056118,2.9702663699883267,-595.6001210180253,616004.0,158000.0,1580.0,20.99553367127021,4.4835845208164,6.504435111588713,31.241311272879432,5194.850433943095,157.0
18.3197559671604,19.107817487099613,301.54274914169594,-387.74802207626664,213.10980947666962,-17.910305,-711.3697,-338.81223335000084,204.09885137252184,-18.164932,-713.02313,-350.26562,204.95451,-20.423449,-716.6757,20.62363,42.340237,273.0835,1.858134e-05,22.777748,89.29952,974.96,8.405186e-08,0.078842185,0.83920085,1.0,-1.0,-6.021138637853356,3.2652107732192888,-2.892665237709892,-16.31621525144396,-624.0258889986674,312.8088728882521,-336.932249417986,-1329.3572379942716,0.04825094,0.7642322,1.0,-1.0,10.0,-5.27398896085637,1.1510867074116815,-3.200396942201844,-11.111341629317838,-519.4738107358472,75.03937799788909,-427.5714665848648,-692.7629092198449,0.0758849798709405,0.6854631657040393,1.0,-1.0,0.3488396535117125,0.1080492343518257,0.6035752353596935,0.2023088120517608,0.3606242223526892,0.1143071390821461,0.5654158757972032,0.2023088120517608,0.002924245372072941,0.0008061524333740675,0.0,0.0,0.0,0.0,0.0,0.0,0.01021550853135589,0.0,0.02726196681056955,0.0,0.0,0.004678323666783675,0.0,0.010652909426118747,0.0,0.005100240330342936,0.017353297589949437,0.0,0.0,0.01166736093265619,0.01619197024957894,0.0,0.006497241536459828,3.7187021687972464e-05,0.0,0.0001116687693497732,0.0,0.0,0.002062110600522606,0.0025049257099394174,0.22891073474085238,0.0765964916468479,0.510857291670511,0.06122514179851679,0.22659821204876907,0.0774294025874555,0.4637505320451397,0.1316550369999634,0.3729480509028917,0.10102707467218512,0.4871003242045317,0.19842318390233366,0.3729480379536147,0.10102707705006532,0.4870991513221164,0.1984231839023522,0.6614033968189306,0.11423468278019583,0.8730144447209941,0.4002042340109269,0.6590908611775703,0.11331788615698853,0.8730144447209941,0.5310533432289344,0.0,0.0,0.0,0.0,0.0,0.0,0.0,0.0,22.916727307822526,4.373408125529948,30.83713889043692,15.410902535381156,22.814560216980485,4.780244238440306,30.18316454185779,17.34655870217925,-1.0,0.0,-1.0,-1.0,-1.0,0.0,-1.0,-1.0,7071.590387438306,4866.33984352457,43017.13662334821,2140.4562634928493,6613.369390946424,3374.0266414289267,12821.45770047512,2285.989771597908,0.0,0.0,0.0,0.0,0.0,0.0,0.0,0.0,6.021138637853356,3.2652107732192888,16.31621525144396,2.892665237709892,5.464140559465995,2.4998129539625067,11.525661832056118,2.9702663699883267,-609.5146527789835,620004.0,159000.0,1590.0,21.522706077410376,4.574365755959135,5.961328868488461,33.3091314872491,5228.454346247039,158.0
18.495762995884498,22.432001267887713,389.1231937235982,-332.1067737668575,206.37214918516145,-17.910305,-711.3697,-389.84704996311615,183.46323835433492,-18.164932,-713.02313,-350.26562,204.95451,-20.423449,-716.6757,20.62363,42.340237,273.0835,1.858134e-05,22.777748,89.29952,974.96,8.405186e-08,0.078842185,0.83920085,1.0,-1.0,-6.021138637853356,3.2652107732192888,-2.892665237709892,-16.31621525144396,-600.824289139629,309.59491496798125,-336.932249417986,-1329.3572379942716,0.04825094,0.7642322,1.0,-1.0,10.0,-5.27398896085637,1.1510867074116815,-3.200396942201844,-11.111341629317838,-529.6860330836297,73.50305633426564,-427.5714665848648,-692.7629092198449,0.0758849798709405,0.6854631657040393,1.0,-1.0,0.3488396535117125,0.1080492343518257,0.6035752353596935,0.2023088120517608,0.3606242223526892,0.1143071390821461,0.5654158757972032,0.2023088120517608,0.0,0.007522649977332821,0.018063654830152123,0.019998668277708062,0.002721860335569025,0.0,0.0,0.01636489383586266,0.0,0.0,0.01871287361806888,0.005544378032155703,0.0,0.008733292522534434,0.003006878452666984,0.0,0.0,0.0,0.008729380570629199,0.0,0.0,0.0,0.005700264372563453,0.0,0.0,0.001443788007573282,0.0,0.00767678606162252,0.0009747774410314047,0.012771953910382288,0.0,0.004302636822310074,0.25765616851602224,0.06748781943761041,0.5076850020631827,0.07023800565161017,0.2553436458239389,0.06832073037821801,0.46057824243781137,0.14066790085305678,0.3862524175719515,0.06859279354257572,0.48135816765344736,0.18870305153312208,0.3862524046226745,0.06859279592045592,0.48135699477103205,0.1887030515331406,0.6534352853199699,0.10141824742449104,0.8667470171676444,0.4030809153474249,0.6511227496786096,0.10050145080128374,0.8667470171676444,0.5339300245654324,0.0,0.0,0.0,0.0,0.0,0.0,0.0,0.0,22.916727307822526,4.373408125529948,30.83713889043692,15.410902535381156,22.814560216980485,4.780244238440306,30.18316454185779,17.34655870217925,-1.0,0.0,-1.0,-1.0,-1.0,0.0,-1.0,-1.0,7071.590387438306,4866.33984352457,43017.13662334821,2140.4562634928493,6613.369390946424,3374.0266414289267,12821.45770047512,2285.989771597908,0.0,0.0,0.0,0.0,0.0,0.0,0.0,0.0,6.021138637853356,3.2652107732192888,16.31621525144396,2.892665237709892,5.464140559465995,2.4998129539625067,11.525661832056118,2.9702663699883267,-615.7209688690108,624004.0,160000.0,1600.0,20.56756536092103,3.8262088488637627,5.408656018103116,35.57515957884249,5262.058258550984,159.0
20.627316167546233,21.853623692248576,335.3672918400539,-331.53266837605815,194.36159664427558,-17.910305,-711.3697,-355.5364161734747,210.7020611788137,-18.164932,-713.02313,-350.26562,204.95451,-20.423449,-716.6757,20.62363,42.340237,273.0835,1.858134e-05,22.777748,89.29952,974.96,8.405186e-08,0.078842185,0.83920085,1.0,-1.0,-6.021138637853356,3.2652107732192888,-2.892665237709892,-16.31621525144396,-633.8776832229631,310.57176112971285,-336.932249417986,-1329.3572379942716,0.04825094,0.7642322,1.0,-1.0,10.0,-5.27398896085637,1.1510867074116815,-3.200396942201844,-11.111341629317838,-519.7442732247962,71.57195502924007,-427.5714665848648,-692.7629092198449,0.0758849798709405,0.6854631657040393,1.0,-1.0,0.3488396535117125,0.1080492343518257,0.6035752353596935,0.2023088120517608,0.3606242223526892,0.1143071390821461,0.5654158757972032,0.2023088120517608,0.0,0.0,0.01937472674832591,0.00520355003546504,0.0,0.0,0.003854069491834967,0.0,0.004843902568359543,0.0,0.0,0.012004937210963329,0.0,0.0,0.0,0.0,0.014657645211898215,0.0,0.0,0.0034839219210476015,0.0,0.02010181474143234,0.0,0.0,0.0,0.006557411583044387,0.00981098056096051,0.00868964538561848,0.0,0.0,0.0,0.0,0.2944529496426379,0.11677970662876909,0.5295099832019938,0.07730958781722361,0.2921404269505546,0.11761261756937669,0.4824032235766225,0.1477394830186702,0.3869696626153829,0.08254581833586616,0.4907793355070265,0.2276348312076658,0.3869696496661059,0.08254582071374636,0.4907781626246112,0.2276348312076843,0.6468819618845739,0.0966303198059767,0.8971663869228753,0.3788025536435695,0.6445694262432137,0.09571352318276939,0.8971663869228753,0.509651662861577,0.0,0.0,0.0,0.0,0.0,0.0,0.0,0.0,22.916727307822526,4.373408125529948,30.83713889043692,15.410902535381156,22.814560216980485,4.780244238440306,30.18316454185779,17.34655870217925,-1.0,0.0,-1.0,-1.0,-1.0,0.0,-1.0,-1.0,7071.590387438306,4866.33984352457,43017.13662334821,2140.4562634928493,6613.369390946424,3374.0266414289267,12821.45770047512,2285.989771597908,0.0,0.0,0.0,0.0,0.0,0.0,0.0,0.0,6.021138637853356,3.2652107732192888,16.31621525144396,2.892665237709892,5.464140559465995,2.4998129539625067,11.525661832056118,2.9702663699883267,-604.3206096154576,628004.0,161000.0,1610.0,20.74305399511813,4.738769733983057,4.636757774455653,37.43271021677571,5295.662170854928,160.0
23.04409175478718,18.360355388564898,358.5677364886213,-342.452310633695,205.2089669451738,-17.910305,-711.3697,-359.3796939661571,187.15602219659823,-18.164932,-713.02313,-350.26562,204.95451,-20.423449,-716.6757,20.62363,42.340237,273.0835,1.858134e-05,22.777748,89.29952,974.96,8.405186e-08,0.078842185,0.83920085,1.0,-1.0,-6.021138637853356,3.2652107732192888,-2.892665237709892,-16.31621525144396,-607.9070307454457,314.8858136663857,-336.932249417986,-1329.3572379942716,0.04825094,0.7642322,1.0,-1.0,10.0,-5.27398896085637,1.1510867074116815,-3.200396942201844,-11.111341629317838,-527.7436177193525,74.80481313886303,-427.5714665848648,-692.7629092198449,0.0758849798709405,0.6854631657040393,1.0,-1.0,0.3488396535117125,0.1080492343518257,0.6035752353596935,0.2023088120517608,0.3606242223526892,0.1143071390821461,0.5654158757972032,0.2023088120517608,0.0,0.0,0.011056296843145503,0.012389341972862431,0.0,0.0014666846563227993,0.010185000038106929,0.0084236515933484,0.010755577794100538,0.0,0.0,0.014663803439643455,0.0021094101209661238,0.0,0.004861555262124047,0.0,0.0,0.00125418492919885,0.0,0.0,0.014988803845715253,0.0027598736420392416,0.0,0.0,0.0,0.011216545456204468,4.525308346265581e-05,0.0,0.0,0.0,0.017279422864464482,0.0,0.284876829450388,0.07143363392518506,0.4965468398445423,0.06457666475006368,0.2825643067583047,0.07226654486579266,0.449440080219171,0.13500655995151029,0.40491133146248975,0.058668606320038556,0.4942133341416081,0.22116793124776732,0.40491131851321277,0.058668608697918755,0.4942121612591928,0.22116793124778583,0.7108907834374546,0.08507565548068025,0.8649578678441311,0.41169759937576395,0.7085782477960944,0.08415885885747294,0.8649578678441311,0.5425467085937714,0.0,0.0,0.0,0.0,0.0,0.0,0.0,0.0,22.916727307822526,4.373408125529948,30.83713889043692,15.410902535381156,22.814560216980485,4.780244238440306,30.18316454185779,17.34655870217925,-1.0,0.0,-1.0,-1.0,-1.0,0.0,-1.0,-1.0,7071.590387438306,4866.33984352457,43017.13662334821,2140.4562634928493,6613.369390946424,3374.0266414289267,12821.45770047512,2285.989771597908,0.0,0.0,0.0,0.0,0.0,0.0,0.0,0.0,6.021138637853356,3.2652107732192888,16.31621525144396,2.892665237709892,5.464140559465995,2.4998129539625067,11.525661832056118,2.9702663699883267,-604.8678123153833,632004.0,162000.0,1620.0,23.08606577687736,4.8811978642873415,5.285205893730379,35.876355743394086,5329.266083158873,161.0
22.52556913042258,21.92718192434168,303.4427024683236,-351.6639296588757,206.25946970989864,-17.910305,-711.3697,-322.4818595878158,213.2883861220782,-18.164932,-713.02313,-350.26562,204.95451,-20.423449,-716.6757,20.62363,42.340237,273.0835,1.858134e-05,22.777748,89.29952,974.96,8.405186e-08,0.078842185,0.83920085,1.0,-1.0,-6.021138637853356,3.2652107732192888,-2.892665237709892,-16.31621525144396,-577.0767689255115,310.73017405014247,-336.932249417986,-1329.3572379942716,0.04825094,0.7642322,1.0,-1.0,10.0,-5.27398896085637,1.1510867074116815,-3.200396942201844,-11.111341629317838,-520.5172227074876,75.8445694460565,-427.5714665848648,-692.7629092198449,0.0758849798709405,0.6854631657040393,1.0,-1.0,0.3488396535117125,0.1080492343518257,0.6035752353596935,0.2023088120517608,0.3606242223526892,0.1143071390821461,0.5654158757972032,0.2023088120517608,0.0013971432694932198,0.01847684233130888,0.013837664057075722,0.02382130151537747,0.016294007523713176,0.0,0.019388287098523756,0.0,0.0041565404075084135,0.008091488629055704,0.0,0.009804061735888606,0.0,0.004493642870648956,0.0,0.0,0.027701580991826708,0.0,0.0,0.0,0.0,0.0,0.0,0.0,0.0070330888892247015,0.0034889091060382204,0.0,0.0,0.0,0.0,0.010033749057179324,0.0005639358653463223,0.3036931828052477,0.09454885152581453,0.5101722171387568,0.08635016378708976,0.30138066011316444,0.09538176246642213,0.46306545751338546,0.15678005898853636,0.38862878953677743,0.06742736320471596,0.5145256825803071,0.20448606790899945,0.38862877658750045,0.06742736558259615,0.5145245096978918,0.20448606790901797,0.6493939165303438,0.10752901256800503,0.9012095219816879,0.3978073063152391,0.6470813808889836,0.10661221594479772,0.9012095219816879,0.5286564155332465,0.0,0.0,0.0,0.0,0.0,0.0,0.0,0.0,22.916727307822526,4.373408125529948,30.83713889043692,15.410902535381156,22.814560216980485,4.780244238440306,30.18316454185779,17.34655870217925,-1.0,0.0,-1.0,-1.0,-1.0,0.0,-1.0,-1.0,7071.590387438306,4866.33984352457,43017.13662334821,2140.4562634928493,6613.369390946424,3374.0266414289267,12821.45770047512,2285.989771597908,0.0,0.0,0.0,0.0,0.0,0.0,0.0,0.0,6.021138637853356,3.2652107732192888,16.31621525144396,2.892665237709892,5.464140559465995,2.4998129539625067,11.525661832056118,2.9702663699883267,-621.2629257274776,636004.0,163000.0,1630.0,17.28491691902888,4.071856331516525,5.753447176950129,32.310794990166585,5362.869995462817,162.0
19.98508015913809,22.51499432651993,334.23556938058886,-331.01144439085374,207.55722184325816,-17.910305,-711.3697,-348.6834269333993,204.61864962814397,-18.164932,-713.02313,-350.26562,204.95451,-20.423449,-716.6757,20.62363,42.340237,273.0835,1.858134e-05,22.777748,89.29952,974.96,8.405186e-08,0.078842185,0.83920085,1.0,-1.0,-6.021138637853356,3.2652107732192888,-2.892665237709892,-16.31621525144396,-617.5270693818616,322.3637382386558,-336.932249417986,-1329.3572379942716,0.04825094,0.7642322,1.0,-1.0,10.0,-5.27398896085637,1.1510867074116815,-3.200396942201844,-11.111341629317838,-543.2913670671281,74.64641457446287,-427.5714665848648,-692.7629092198449,0.0758849798709405,0.6854631657040393,1.0,-1.0,0.3488396535117125,0.1080492343518257,0.6035752353596935,0.2023088120517608,0.3606242223526892,0.1143071390821461,0.5654158757972032,0.2023088120517608,0.0,0.0,0.0,0.0,0.0006309480446886918,0.0,0.024524521805255564,0.0,0.0,0.01134096478697018,0.0,0.0,0.0,0.011576566720730744,0.002092868185236768,0.0,0.0,0.0,0.00841322188676068,0.004637677314901162,0.0,0.007196636877771124,0.0,0.0026892030399459288,0.0,0.015082707672411115,0.006407230317702256,0.0,0.01307594483442394,0.011025011014460257,0.00899034585625544,0.0,0.2851197402565902,0.10779092007061324,0.5250402355732893,0.0958603785059094,0.2828072175645069,0.10862383101122083,0.47793347594791796,0.166290273707356,0.38940039170184504,0.09030877894694272,0.4995762251828971,0.22107012417953759,0.38940037875256805,0.09030878132482292,0.4995750523004818,0.2210701241795561,0.6595051349624359,0.08306120950002367,0.8951642075181699,0.41072970892485217,0.6571925993210757,0.08214441287681637,0.8951642075181699,0.5415788181428596,0.0,0.0,0.0,0.0,0.0,0.0,0.0,0.0,22.916727307822526,4.373408125529948,30.83713889043692,15.410902535381156,22.814560216980485,4.780244238440306,30.18316454185779,17.34655870217925,-1.0,0.0,-1.0,-1.0,-1.0,0.0,-1.0,-1.0,7071.590387438306,4866.33984352457,43017.13662334821,2140.4562634928493,6613.369390946424,3374.0266414289267,12821.45770047512,2285.989771597908,0.0,0.0,0.0,0.0,0.0,0.0,0.0,0.0,6.021138637853356,3.2652107732192888,16.31621525144396,2.892665237709892,5.464140559465995,2.4998129539625067,11.525661832056118,2.9702663699883267,-603.6134601643461,640004.0,164000.0,1640.0,21.710238540884543,4.258172938369866,6.095199952540402,38.37428899384049,5396.473907766762,163.0
18.654609487688656,19.138177413196164,351.17776275971704,-337.61103947732704,217.95404723789323,-17.910305,-711.3697,-371.739580731786,202.8811509954916,-18.164932,-713.02313,-350.26562,204.95451,-20.423449,-716.6757,20.62363,42.340237,273.0835,1.858134e-05,22.777748,89.29952,974.96,8.405186e-08,0.078842185,0.83920085,1.0,-1.0,-6.021138637853356,3.2652107732192888,-2.892665237709892,-16.31621525144396,-600.7994592114072,313.25710393309964,-336.932249417986,-1329.3572379942716,0.04825094,0.7642322,1.0,-1.0,10.0,-5.27398896085637,1.1510867074116815,-3.200396942201844,-11.111341629317838,-528.1371104925921,78.86984612269023,-427.5714665848648,-692.7629092198449,0.0758849798709405,0.6854631657040393,1.0,-1.0,0.3488396535117125,0.1080492343518257,0.6035752353596935,0.2023088120517608,0.3606242223526892,0.1143071390821461,0.5654158757972032,0.2023088120517608,0.0,0.0034482369236526647,0.013183913364695486,0.02391351509095434,0.0,0.0,0.0,0.0016836483930118959,0.0,0.01404231577725149,0.01041442082560994,0.036881230667982094,0.013594523711209132,0.0020332005787681053,0.0,0.0,0.013497065742670662,0.0,0.006011297276202873,0.013977773354413614,0.012942822423893495,0.0025053976457309795,0.00040695432041002946,0.0,0.0,0.006287910852838271,0.0,0.008331519728687295,0.0,0.0006269283667476231,0.0,0.014942585597111743,0.2423305349912955,0.06601758816460565,0.5111168886277309,0.05141510670171544,0.24001801229921219,0.06685049910521325,0.46401012900235955,0.12184500190316203,0.4342437248154139,0.08277656269066763,0.4696435765618611,0.21377287035797876,0.4342437118661369,0.08277656506854783,0.4696424036794458,0.21377287035799727,0.665427487004488,0.07895496052776656,0.8948696633318894,0.3835910839691687,0.6631149513631277,0.07803816390455925,0.8948696633318894,0.5144401931871762,0.0,0.0,0.0,0.0,0.0,0.0,0.0,0.0,22.916727307822526,4.373408125529948,30.83713889043692,15.410902535381156,22.814560216980485,4.780244238440306,30.18316454185779,17.34655870217925,-1.0,0.0,-1.0,-1.0,-1.0,0.0,-1.0,-1.0,7071.590387438306,4866.33984352457,43017.13662334821,2140.4562634928493,6613.369390946424,3374.0266414289267,12821.45770047512,2285.989771597908,0.0,0.0,0.0,0.0,0.0,0.0,0.0,0.0,6.021138637853356,3.2652107732192888,16.31621525144396,2.892665237709892,5.464140559465995,2.4998129539625067,11.525661832056118,2.9702663699883267,-601.4341720336803,644004.0,165000.0,1650.0,23.246663451128864,5.148752973973024,5.136140521898814,37.64130937402671,5430.077820070706,164.0
19.935125017450588,20.312593244026164,327.6286129220199,-366.54228625673636,201.64669588439696,-17.910305,-711.3697,-335.43518291008394,215.53152683871437,-18.164932,-713.02313,-350.26562,204.95451,-20.423449,-716.6757,20.62363,42.340237,273.0835,1.858134e-05,22.777748,89.29952,974.96,8.405186e-08,0.078842185,0.83920085,1.0,-1.0,-6.021138637853356,3.2652107732192888,-2.892665237709892,-16.31621525144396,-595.6427977651825,312.42970558571426,-336.932249417986,-1329.3572379942716,0.04825094,0.7642322,1.0,-1.0,10.0,-5.27398896085637,1.1510867074116815,-3.200396942201844,-11.111341629317838,-524.777937088128,73.24047459253984,-427.5714665848648,-692.7629092198449,0.0758849798709405,0.6854631657040393,1.0,-1.0,0.3488396535117125,0.1080492343518257,0.6035752353596935,0.2023088120517608,0.3606242223526892,0.1143071390821461,0.5654158757972032,0.2023088120517608,0.0,0.00518234908242089,0.0,0.004761587081448449,0.0038558281615470374,0.005800484569722184,0.0,0.0,0.0026998667835532,0.0026080488499902422,0.0,0.018938516533768317,0.0,0.0,0.01325204567028968,0.020035498718009498,0.005762036141900608,0.0,0.0071520554951224335,0.011144016008633484,0.005210249900868753,0.0,0.0,0.0,0.0042557152490780145,0.0,0.0,0.0,0.00660733639909773,0.00015156086297120336,0.0,0.01205406511652007,0.2930764170383183,0.08277374493657691,0.5052965175250229,0.10811067046800135,0.290763894346235,0.08360665587718451,0.45818975789965155,0.17854056566944793,0.421213309336964,0.08659256390707944,0.48708107713983817,0.22713582243198713,0.421213296387687,0.08659256628495964,0.48707990425742287,0.22713582243200564,0.6551764963030796,0.09782972842379264,0.8965162297306517,0.39780281197255274,0.6528639606617194,0.09691293180058534,0.8965162297306517,0.5286519211905603,0.0,0.0,0.0,0.0,0.0,0.0,0.0,0.0,22.916727307822526,4.373408125529948,30.83713889043692,15.410902535381156,22.814560216980485,4.780244238440306,30.18316454185779,17.34655870217925,-1.0,0.0,-1.0,-1.0,-1.0,0.0,-1.0,-1.0,7071.590387438306,4866.33984352457,43017.13662334821,2140.4562634928493,6613.369390946424,3374.0266414289267,12821.45770047512,2285.989771597908,0.0,0.0,0.0,0.0,0.0,0.0,0.0,0.0,6.021138637853356,3.2652107732192888,16.31621525144396,2.892665237709892,5.464140559465995,2.4998129539625067,11.525661832056118,2.9702663699883267,-577.80591221023,648004.0,166000.0,1660.0,26.17041128683112,4.451078564572687,5.254319270600302,27.796440382493284,5463.681732374651,165.0
18.717588984865124,18.15745595876759,386.4194874255793,-335.28110876746047,218.55026578947425,-17.910305,-711.3697,-343.6803850941804,197.1819255051961,-18.164932,-713.02313,-350.26562,204.95451,-20.423449,-716.6757,20.62363,42.340237,273.0835,1.858134e-05,22.777748,89.29952,974.96,8.405186e-08,0.078842185,0.83920085,1.0,-1.0,-6.021138637853356,3.2652107732192888,-2.892665237709892,-16.31621525144396,-611.3123964538484,303.5231503948339,-336.932249417986,-1329.3572379942716,0.04825094,0.7642322,1.0,-1.0,10.0,-5.27398896085637,1.1510867074116815,-3.200396942201844,-11.111341629317838,-542.6744945827086,77.04907066903525,-427.5714665848648,-692.7629092198449,0.0758849798709405,0.6854631657040393,1.0,-1.0,0.3488396535117125,0.1080492343518257,0.6035752353596935,0.2023088120517608,0.3606242223526892,0.1143071390821461,0.5654158757972032,0.2023088120517608,0.0,0.0,0.0,0.01122152905754771,0.0,0.010094483265277702,0.01899052097627962,0.0025551157904056395,0.00946970292565687,0.0258459255244678,0.0,0.011669590685317033,0.0,0.0,0.0,0.01469059895650325,0.021218690307637893,0.0,0.014308241754669547,0.004489806093286434,0.0,0.0,0.0,0.0,0.016679529035890883,0.0,0.0,0.0,0.0,0.005629037503229593,0.012427556636012384,0.002494603909579062,0.27731839891710014,0.08593591175545903,0.48607002186630144,0.0702711953299369,0.2750058762250168,0.08676882269606663,0.43896326224093013,0.1407010905313835,0.36502610671195895,0.05863506158734239,0.49762799071186853,0.20247073491405182,0.36502609376268197,0.05863506396522259,0.4976268178294532,0.20247073491407033,0.6868449444501151,0.08807152631123502,0.8934844140285267,0.41571516495906713,0.6845324088087549,0.08715472968802772,0.8934844140285267,0.5465642741770745,0.0,0.0,0.0,0.0,0.0,0.0,0.0,0.0,22.916727307822526,4.373408125529948,30.83713889043692,15.410902535381156,22.814560216980485,4.780244238440306,30.18316454185779,17.34655870217925,-1.0,0.0,-1.0,-1.0,-1.0,0.0,-1.0,-1.0,7071.590387438306,4866.33984352457,43017.13662334821,2140.4562634928493,6613.369390946424,3374.0266414289267,12821.45770047512,2285.989771597908,0.0,0.0,0.0,0.0,0.0,0.0,0.0,0.0,6.021138637853356,3.2652107732192888,16.31621525144396,2.892665237709892,5.464140559465995,2.4998129539625067,11.525661832056118,2.9702663699883267,-591.0474816237297,652004.0,167000.0,1670.0,21.81897298601585,3.908884422024884,6.039727259221168,34.77332987919175,5497.285644678595,166.0
21.178146700672684,19.368265655323757,366.4915446303322,-358.0704661664826,205.6504003857102,-17.910305,-711.3697,-352.06755751128594,214.57347558296522,-18.164932,-713.02313,-350.26562,204.95451,-20.423449,-716.6757,20.62363,42.340237,273.0835,1.858134e-05,22.777748,89.29952,974.96,8.405186e-08,0.078842185,0.83920085,1.0,-1.0,-6.021138637853356,3.2652107732192888,-2.892665237709892,-16.31621525144396,-603.8287782386678,315.0750135019043,-336.932249417986,-1329.3572379942716,0.04825094,0.7642322,1.0,-1.0,10.0,-5.27398896085637,1.1510867074116815,-3.200396942201844,-11.111341629317838,-528.9442143365925,71.98432792388142,-427.5714665848648,-692.7629092198449,0.0758849798709405,0.6854631657040393,1.0,-1.0,0.3488396535117125,0.1080492343518257,0.6035752353596935,0.2023088120517608,0.3606242223526892,0.1143071390821461,0.5654158757972032,0.2023088120517608,0.00037934561209235316,0.007989473774161657,0.007671084344246947,0.003114115144123435,0.0,0.012183368567197624,0.0,0.0138883450138821,0.0065637368997768335,0.0,0.0,0.0005976091856945471,0.0,0.0,0.0030699967701215405,0.013626878901236338,0.0015760190658661302,0.0,0.0,0.0,0.012049538689554818,0.01782835274860802,0.008641606176821694,0.0,0.005945515178856034,0.0,0.006146992734867066,0.0019349864019761582,0.013359555960369692,0.0030487463848140168,0.0,0.0,0.3116835771738704,0.07166724946696865,0.49144243303171764,0.06001350387698973,0.3093710544817871,0.07250016040757624,0.44433567340634633,0.1304433990784363,0.39793849271011733,0.10797420317932707,0.4854623451141384,0.24644638246015815,0.39793847976084035,0.10797420555720727,0.4854611722317231,0.24644638246017664,0.6961457880445256,0.07191918459864119,0.9104711161705209,0.4270046858113149,0.6938332524031654,0.07100238797543389,0.9104711161705209,0.5578537950293223,0.0,0.0,0.0,0.0,0.0,0.0,0.0,0.0,22.916727307822526,4.373408125529948,30.83713889043692,15.410902535381156,22.814560216980485,4.780244238440306,30.18316454185779,17.34655870217925,-1.0,0.0,-1.0,-1.0,-1.0,0.0,-1.0,-1.0,7071.590387438306,4866.33984352457,43017.13662334821,2140.4562634928493,6613.369390946424,3374.0266414289267,12821.45770047512,2285.989771597908,0.0,0.0,0.0,0.0,0.0,0.0,0.0,0.0,6.021138637853356,3.2652107732192888,16.31621525144396,2.892665237709892,5.464140559465995,2.4998129539625067,11.525661832056118,2.9702663699883267,-614.8359852473833,656004.0,168000.0,1680.0,20.998992463157627,4.3086560744894,5.380977395932968,27.371604585664866,5530.88955698254,167.0
24.303819147993636,22.302868257097636,377.4392874431502,-360.46364068318746,198.55568778245407,-17.910305,-711.3697,-358.7749741711278,186.06412505640762,-18.164932,-713.02313,-350.26562,204.95451,-20.423449,-716.6757,20.62363,42.340237,273.0835,1.858134e-05,22.777748,89.29952,974.96,8.405186e-08,0.078842185,0.83920085,1.0,-1.0,-6.021138637853356,3.2652107732192888,-2.892665237709892,-16.31621525144396,-611.0631070927375,308.1801184930944,-336.932249417986,-1329.3572379942716,0.04825094,0.7642322,1.0,-1.0,10.0,-5.27398896085637,1.1510867074116815,-3.200396942201844,-11.111341629317838,-525.0004310034711,72.39311216903033,-427.5714665848648,-692.7629092198449,0.0758849798709405,0.6854631657040393,1.0,-1.0,0.3488396535117125,0.1080492343518257,0.6035752353596935,0.2023088120517608,0.3606242223526892,0.1143071390821461,0.5654158757972032,0.2023088120517608,0.0074341561284588156,0.0,0.020591888686531754,0.003207520425309943,0.0,0.0,0.02068536753197839,0.0,0.005760475589713357,0.004849827648633947,0.004509548178391456,0.0,0.006327185759673599,0.0007431086317206416,0.0,0.0,0.00956619425116912,0.019212123670491757,0.0,0.0,0.0,0.01657488241591676,0.0,0.0,0.0035635123525629155,0.0,0.0,0.0,0.0,0.0,0.0,0.00965511685099853,0.2597184756504017,0.081796327235481,0.48764757736980574,0.08169855563202512,0.25740595295831836,0.0826292381760886,0.44054081774443443,0.1521284508334717,0.402170692700556,0.10525493914733124,0.5009821938606225,0.22993711560155167,0.402170679751279,0.10525494152521143,0.5009810209782072,0.22993711560157018,0.6915716336260558,0.08828273723461053,0.9010930171078012,0.39852246064048263,0.6892590979846955,0.08736594061140322,0.9010930171078012,0.5293715698584901,0.0,0.0,0.0,0.0,0.0,0.0,0.0,0.0,22.916727307822526,4.373408125529948,30.83713889043692,15.410902535381156,22.814560216980485,4.780244238440306,30.18316454185779,17.34655870217925,-1.0,0.0,-1.0,-1.0,-1.0,0.0,-1.0,-1.0,7071.590387438306,4866.33984352457,43017.13662334821,2140.4562634928493,6613.369390946424,3374.0266414289267,12821.45770047512,2285.989771597908,0.0,0.0,0.0,0.0,0.0,0.0,0.0,0.0,6.021138637853356,3.2652107732192888,16.31621525144396,2.892665237709892,5.464140559465995,2.4998129539625067,11.525661832056118,2.9702663699883267,-594.5193983881938,660004.0,169000.0,1690.0,24.8532175234287,4.564255977730429,5.294024673458145,35.95784466870895,5564.4934692864845,168.0
23.17230277563525,25.66615062621247,389.33980173386396,-339.7611579715017,217.12387852985268,-17.910305,-711.3697,-343.38945369809454,200.52927117729232,-18.164932,-713.02313,-350.26562,204.95451,-20.423449,-716.6757,20.62363,42.340237,273.0835,1.858134e-05,22.777748,89.29952,974.96,8.405186e-08,0.078842185,0.83920085,1.0,-1.0,-6.021138637853356,3.2652107732192888,-2.892665237709892,-16.31621525144396,-599.9907931478086,319.2558609191633,-336.932249417986,-1329.3572379942716,0.04825094,0.7642322,1.0,-1.0,10.0,-5.27398896085637,1.1510867074116815,-3.200396942201844,-11.111341629317838,-527.6693004720948,75.25750134173931,-427.5714665848648,-692.7629092198449,0.0758849798709405,0.6854631657040393,1.0,-1.0,0.3488396535117125,0.1080492343518257,0.6035752353596935,0.2023088120517608,0.3606242223526892,0.1143071390821461,0.5654158757972032,0.2023088120517608,0.0,0.0,0.0,0.011926435536521608,0.0,0.0,0.0,0.00935603222337701,0.002106878182778925,0.0004612944991297075,0.0,0.002269165224788308,0.007556819589815303,0.004860414807988033,0.0,0.012902588102027076,0.0030779690798115257,0.0,0.007051547781222023,0.0,0.00404723296190315,0.00940450039690525,0.017825974930304796,0.0038411151021280343,0.0,0.003106790865578415,0.0,0.0,0.0015223257725561993,0.010960685301953791,0.0,0.0017022870955825762,0.28652648723082474,0.07062005806426716,0.48790628525874224,0.07719126930122217,0.2842139645387414,0.07145296900487477,0.4407995256333709,0.14762116450266877,0.4043208651481593,0.05251235895621366,0.4960691624396521,0.22360556831518758,0.4043208521988823,0.05251236133409386,0.4960679895572368,0.2236055683152061,0.6811261178059144,0.10713922348477392,0.8700953899780262,0.43000472480114255,0.6788135821645541,0.10622242686156662,0.8700953899780262,0.56085383401915,0.0,0.0,0.0,0.0,0.0,0.0,0.0,0.0,22.916727307822526,4.373408125529948,30.83713889043692,15.410902535381156,22.814560216980485,4.780244238440306,30.18316454185779,17.34655870217925,-1.0,0.0,-1.0,-1.0,-1.0,0.0,-1.0,-1.0,7071.590387438306,4866.33984352457,43017.13662334821,2140.4562634928493,6613.369390946424,3374.0266414289267,12821.45770047512,2285.989771597908,0.0,0.0,0.0,0.0,0.0,0.0,0.0,0.0,6.021138637853356,3.2652107732192888,16.31621525144396,2.892665237709892,5.464140559465995,2.4998129539625067,11.525661832056118,2.9702663699883267,-608.0821817210195,664004.0,170000.0,1700.0,24.135207266104633,4.245583641084206,4.985139928322167,29.54758663995312,5598.097381590429,169.0
21.172924684810706,20.179140305853604,315.44284619136744,-340.4145610003785,199.95632547999537,-17.910305,-711.3697,-327.2059919068487,198.16670554027075,-18.164932,-713.02313,-350.26562,204.95451,-20.423449,-716.6757,20.62363,42.340237,273.0835,1.858134e-05,22.777748,89.29952,974.96,8.405186e-08,0.078842185,0.83920085,1.0,-1.0,-6.021138637853356,3.2652107732192888,-2.892665237709892,-16.31621525144396,-589.9145815175127,313.4724755842069,-336.932249417986,-1329.3572379942716,0.04825094,0.7642322,1.0,-1.0,10.0,-5.27398896085637,1.1510867074116815,-3.200396942201844,-11.111341629317838,-524.4263399905592,77.73675836828784,-427.5714665848648,-692.7629092198449,0.0758849798709405,0.6854631657040393,1.0,-1.0,0.3488396535117125,0.1080492343518257,0.6035752353596935,0.2023088120517608,0.3606242223526892,0.1143071390821461,0.5654158757972032,0.2023088120517608,0.004027819938651961,0.029070871289905695,0.018544489929639526,0.0,0.010540040091122669,0.006203232595025231,0.00919217085325328,0.0,0.0,0.0,0.0,0.0,0.0,0.0035512099661390963,0.0,0.008172674079294773,0.012318781127494849,0.0018497291627006774,0.006002958252829783,0.004581025569438331,0.0,0.0,0.004376859395521274,0.007785909551582765,0.013176586847025263,0.004948287598927182,0.0,0.0,0.0,0.0,0.0,0.0,0.28779570958781064,0.08737535058210448,0.4649211169200955,0.09248629997862855,0.2854831868957273,0.08820826152271208,0.4178143572947242,0.16291619518007514,0.39369529247802576,0.04797786475538873,0.524003426969957,0.21056849961977744,0.3936952795287488,0.04797786713326893,0.5240022540875418,0.21056849961979596,0.6615939639151753,0.09227999915899594,0.8257311837948281,0.36166072804735533,0.6592814282738151,0.09136320253578864,0.8257311837948281,0.4925098372653628,0.0,0.0,0.0,0.0,0.0,0.0,0.0,0.0,22.916727307822526,4.373408125529948,30.83713889043692,15.410902535381156,22.814560216980485,4.780244238440306,30.18316454185779,17.34655870217925,-1.0,0.0,-1.0,-1.0,-1.0,0.0,-1.0,-1.0,7071.590387438306,4866.33984352457,43017.13662334821,2140.4562634928493,6613.369390946424,3374.0266414289267,12821.45770047512,2285.989771597908,0.0,0.0,0.0,0.0,0.0,0.0,0.0,0.0,6.021138637853356,3.2652107732192888,16.31621525144396,2.892665237709892,5.464140559465995,2.4998129539625067,11.525661832056118,2.9702663699883267,-615.3870166512369,668004.0,171000.0,1710.0,27.275752252863565,4.308460587002962,6.722675209892142,33.69031885648813,5631.7012938943735,170.0
17.65582193389637,25.507628838208287,316.7349613185374,-334.9910640895032,182.8693467595169,-17.910305,-711.3697,-357.92484869231595,207.4279177746807,-18.164932,-713.02313,-350.26562,204.95451,-20.423449,-716.6757,20.62363,42.340237,273.0835,1.858134e-05,22.777748,89.29952,974.96,8.405186e-08,0.078842185,0.83920085,1.0,-1.0,-6.021138637853356,3.2652107732192888,-2.892665237709892,-16.31621525144396,-578.8535508251654,309.3368905300772,-336.932249417986,-1329.3572379942716,0.04825094,0.7642322,1.0,-1.0,10.0,-5.27398896085637,1.1510867074116815,-3.200396942201844,-11.111341629317838,-550.6440464015512,73.9696689646715,-427.5714665848648,-692.7629092198449,0.0758849798709405,0.6854631657040393,1.0,-1.0,0.3488396535117125,0.1080492343518257,0.6035752353596935,0.2023088120517608,0.3606242223526892,0.1143071390821461,0.5654158757972032,0.2023088120517608,0.0,0.0,0.0037979351194014385,0.0059873938082239,0.0,0.02171511536787371,0.0,0.0,0.0,0.004566829495123013,0.0,0.0027955292059063026,0.01150157418524704,0.0042241086219637946,0.01460673874486313,0.015671340073898678,0.0021336620497600573,0.006159126068835208,0.0,0.007872078116477754,0.01521861676121658,0.0042004892988631555,0.014493580450867825,0.0,0.012674462648643019,0.0,0.003927317985938598,0.012075164400947478,0.0,0.0,0.0011917815510368275,0.0,0.2886727831230734,0.07768555628146373,0.4899149534194114,0.08730766609815602,0.28636026043099005,0.07851846722207133,0.44280819379404013,0.15773756129960262,0.4047335714600985,0.0992094165073005,0.5115479941601063,0.19561560972331,0.4047335585108215,0.0992094188851807,0.511546821277691,0.1956156097233285,0.7127761188298581,0.09800740243317944,0.8628069743839948,0.4209398395890773,0.7104635831884979,0.09709060580997214,0.8628069743839948,0.5517889488070848,0.0,0.0,0.0,0.0,0.0,0.0,0.0,0.0,22.916727307822526,4.373408125529948,30.83713889043692,15.410902535381156,22.814560216980485,4.780244238440306,30.18316454185779,17.34655870217925,-1.0,0.0,-1.0,-1.0,-1.0,0.0,-1.0,-1.0,7071.590387438306,4866.33984352457,43017.13662334821,2140.4562634928493,6613.369390946424,3374.0266414289267,12821.45770047512,2285.989771597908,0.0,0.0,0.0,0.0,0.0,0.0,0.0,0.0,6.021138637853356,3.2652107732192888,16.31621525144396,2.892665237709892,5.464140559465995,2.4998129539625067,11.525661832056118,2.9702663699883267,-577.2379597234882,672004.0,172000.0,1720.0,20.454023126878084,4.90734488926359,5.832444664796829,36.00149376766503,5665.305206198318,171.0
19.242249377670962,21.85319587050441,320.0138379803018,-341.35466958608066,210.69866096549674,-17.910305,-711.3697,-360.5082929550037,187.99601882484316,-18.164932,-713.02313,-350.26562,204.95451,-20.423449,-716.6757,20.62363,42.340237,273.0835,1.858134e-05,22.777748,89.29952,974.96,8.405186e-08,0.078842185,0.83920085,1.0,-1.0,-6.021138637853356,3.2652107732192888,-2.892665237709892,-16.31621525144396,-586.4096787612339,309.3554665283775,-336.932249417986,-1329.3572379942716,0.04825094,0.7642322,1.0,-1.0,10.0,-5.27398896085637,1.1510867074116815,-3.200396942201844,-11.111341629317838,-516.3473077904499,74.95742569336136,-427.5714665848648,-692.7629092198449,0.0758849798709405,0.6854631657040393,1.0,-1.0,0.3488396535117125,0.1080492343518257,0.6035752353596935,0.2023088120517608,0.3606242223526892,0.1143071390821461,0.5654158757972032,0.2023088120517608,0.004540819400515335,0.0,0.0016342354994057478,0.004410229146689789,0.007199832645861575,0.0014532488081483463,0.00045608154598502054,0.021533157889678908,0.00230262935649922,0.0,0.005849182733932505,0.0,0.014093015136068903,0.0036077850368357164,0.026430025987680367,0.0,0.0,0.010248071916700963,0.0,0.0,0.013299814198194149,0.0,0.0,0.0012307922775996651,0.004313820146449602,0.0,0.0,0.0,0.0,0.006404571463975839,0.0,0.003655242660928529,0.3105103719319552,0.0687953698843855,0.49480483545826126,0.039924625729419,0.3081978492398718,0.0696282808249931,0.44769807583288995,0.11035452093086559,0.35411658753925274,0.0732936192047458,0.5030837182562886,0.20393610265956813,0.35411657458997575,0.07329362158262599,0.5030825453738733,0.20393610265958664,0.6965951871893125,0.14517047233108032,0.8733880878606048,0.38323698968419034,0.6942826515479522,0.144253675707873,0.8733880878606048,0.5140860989021978,0.0,0.0,0.0,0.0,0.0,0.0,0.0,0.0,22.916727307822526,4.373408125529948,30.83713889043692,15.410902535381156,22.814560216980485,4.780244238440306,30.18316454185779,17.34655870217925,-1.0,0.0,-1.0,-1.0,-1.0,0.0,-1.0,-1.0,7071.590387438306,4866.33984352457,43017.13662334821,2140.4562634928493,6613.369390946424,3374.0266414289267,12821.45770047512,2285.989771597908,0.0,0.0,0.0,0.0,0.0,0.0,0.0,0.0,6.021138637853356,3.2652107732192888,16.31621525144396,2.892665237709892,5.464140559465995,2.4998129539625067,11.525661832056118,2.9702663699883267,-603.5840725419152,676004.0,173000.0,1730.0,20.869955889570395,4.925793144227528,5.265836820053763,33.24657531251434,5698.909118502263,172.0
25.628062876974234,18.77199430189565,326.8148224928975,-325.3446113882081,193.3249970118596,-17.910305,-711.3697,-346.34301169634864,195.2493888508981,-18.164932,-713.02313,-350.26562,204.95451,-20.423449,-716.6757,20.62363,42.340237,273.0835,1.858134e-05,22.777748,89.29952,974.96,8.405186e-08,0.078842185,0.83920085,1.0,-1.0,-6.021138637853356,3.2652107732192888,-2.892665237709892,-16.31621525144396,-588.4587255674458,313.676757949276,-336.932249417986,-1329.3572379942716,0.04825094,0.7642322,1.0,-1.0,10.0,-5.27398896085637,1.1510867074116815,-3.200396942201844,-11.111341629317838,-545.0896389670215,76.80133016592602,-427.5714665848648,-692.7629092198449,0.0758849798709405,0.6854631657040393,1.0,-1.0,0.3488396535117125,0.1080492343518257,0.6035752353596935,0.2023088120517608,0.3606242223526892,0.1143071390821461,0.5654158757972032,0.2023088120517608,0.009948055226310839,0.0,0.005318784666994666,0.0,0.0,0.007438726516564702,0.0,0.011585343914178852,0.0,0.009716248543520298,0.0,0.002144003445766262,0.0,0.0,0.0,0.0,0.014287657602427619,0.0,0.0,0.0008080286262285152,0.0021018073870809994,0.013717243752215239,0.00169825649939392,0.0,0.0,0.0,0.0,0.003602608648154311,0.006097362702443518,0.0024376158508568357,0.020523698180624335,0.0,0.2771433469999423,0.06469200228957515,0.49116280821897984,0.07222147119202138,0.274830824307859,0.06552491323018275,0.44405604859360853,0.14265136639346798,0.3993747809624205,0.08915912941937092,0.4629524708717874,0.23369174721633876,0.39937476801314353,0.08915913179725111,0.4629512979893721,0.23369174721635727,0.6502888391332468,0.10325407798385314,0.8500793192187299,0.38347355751610795,0.6479763034918865,0.10233728136064582,0.8500793192187299,0.5143226667341154,0.0,0.0,0.0,0.0,0.0,0.0,0.0,0.0,22.916727307822526,4.373408125529948,30.83713889043692,15.410902535381156,22.814560216980485,4.780244238440306,30.18316454185779,17.34655870217925,-1.0,0.0,-1.0,-1.0,-1.0,0.0,-1.0,-1.0,7071.590387438306,4866.33984352457,43017.13662334821,2140.4562634928493,6613.369390946424,3374.0266414289267,12821.45770047512,2285.989771597908,0.0,0.0,0.0,0.0,0.0,0.0,0.0,0.0,6.021138637853356,3.2652107732192888,16.31621525144396,2.892665237709892,5.464140559465995,2.4998129539625067,11.525661832056118,2.9702663699883267,-577.8328527685967,680004.0,174000.0,1740.0,22.849310311811827,3.9965837423252832,6.261468903910917,32.05744253872915,5732.513030806207,173.0
19.401385830238816,28.216080083529246,368.514645812822,-356.6080523073025,196.84971032809742,-17.910305,-711.3697,-375.56007791524956,185.32838377792444,-18.164932,-713.02313,-350.26562,204.95451,-20.423449,-716.6757,20.62363,42.340237,273.0835,1.858134e-05,22.777748,89.29952,974.96,8.405186e-08,0.078842185,0.83920085,1.0,-1.0,-6.021138637853356,3.2652107732192888,-2.892665237709892,-16.31621525144396,-596.3561263383501,314.0833992889014,-336.932249417986,-1329.3572379942716,0.04825094,0.7642322,1.0,-1.0,10.0,-5.27398896085637,1.1510867074116815,-3.200396942201844,-11.111341629317838,-526.2943823647925,77.92997083402899,-427.5714665848648,-692.7629092198449,0.0758849798709405,0.6854631657040393,1.0,-1.0,0.3488396535117125,0.1080492343518257,0.6035752353596935,0.2023088120517608,0.3606242223526892,0.1143071390821461,0.5654158757972032,0.2023088120517608,0.0,0.0,0.003206062475414313,0.006572367808185639,0.0008582804054978744,0.007013607581510765,0.006236299636261166,1.2607815955356602e-05,0.00014429023105233375,0.003228330921449564,0.0,0.011049760840080502,0.009420296210162337,0.013629054572488331,0.0,0.0,0.0030805155670978646,0.00968328079533979,0.011951477412763372,0.0,0.0,0.0003075359750950301,0.0,0.012877637461658748,0.0,0.0,0.003356940721685487,0.0,0.0,0.0,0.001677163638902907,0.0,0.25216169301829594,0.08582616452535914,0.5194529317609181,0.0760706696709166,0.2498491703262126,0.08665907546596674,0.47234617213554686,0.14650056487236318,0.38597790267687987,0.0950248444363039,0.5007721189977988,0.1772548786554961,0.3859778897276029,0.0950248468141841,0.5007709461153835,0.17725487865551462,0.6728446556050599,0.08667457002123252,0.8829517884846632,0.3862153135381052,0.6705321199636997,0.08575777339802523,0.8829517884846632,0.5170644227561126,0.0,0.0,0.0,0.0,0.0,0.0,0.0,0.0,22.916727307822526,4.373408125529948,30.83713889043692,15.410902535381156,22.814560216980485,4.780244238440306,30.18316454185779,17.34655870217925,-1.0,0.0,-1.0,-1.0,-1.0,0.0,-1.0,-1.0,7071.590387438306,4866.33984352457,43017.13662334821,2140.4562634928493,6613.369390946424,3374.0266414289267,12821.45770047512,2285.989771597908,0.0,0.0,0.0,0.0,0.0,0.0,0.0,0.0,6.021138637853356,3.2652107732192888,16.31621525144396,2.892665237709892,5.464140559465995,2.4998129539625067,11.525661832056118,2.9702663699883267,-604.5553521720586,684004.0,175000.0,1750.0,28.2018242665759,3.8757719171248883,5.728952496710926,34.0407697223696,5766.116943110152,174.0
18.430903528097467,20.767259802338025,352.0570087227272,-339.22547979908103,198.44220288911845,-17.910305,-711.3697,-355.02824831967035,189.79359191713166,-18.164932,-713.02313,-350.26562,204.95451,-20.423449,-716.6757,20.62363,42.340237,273.0835,1.858134e-05,22.777748,89.29952,974.96,8.405186e-08,0.078842185,0.83920085,1.0,-1.0,-6.021138637853356,3.2652107732192888,-2.892665237709892,-16.31621525144396,-596.1481025639622,316.0363720576286,-336.932249417986,-1329.3572379942716,0.04825094,0.7642322,1.0,-1.0,10.0,-5.27398896085637,1.1510867074116815,-3.200396942201844,-11.111341629317838,-532.2490045162604,73.13993156329808,-427.5714665848648,-692.7629092198449,0.0758849798709405,0.6854631657040393,1.0,-1.0,0.3488396535117125,0.1080492343518257,0.6035752353596935,0.2023088120517608,0.3606242223526892,0.1143071390821461,0.5654158757972032,0.2023088120517608,0.0026642781647253397,0.0,0.0,0.0,0.007796271974045473,0.008265462393806254,0.0,0.0,0.0,0.004733104605973514,0.0,0.00116037819078452,0.009255367553643985,0.0,0.0007450519737271733,0.0,0.007028005769651484,0.0,0.0,0.0,0.001304121882275117,0.0,0.003076993026852706,0.008179837522080643,0.0009191532015241113,0.0,0.0,0.0,0.004586922909515501,0.004031832992542811,0.006497003858990553,0.013083040997183618,0.29436314082859333,0.08058000934714822,0.4700329512598007,0.02902846099802417,0.29205061813651,0.08141292028775582,0.4229261916344294,0.09945835619947076,0.38952166992334947,0.0797661378765874,0.46354269462075376,0.20988885076808095,0.3895216569740725,0.0797661402544676,0.46354152173833846,0.20988885076809946,0.7180508239264136,0.11051025309691168,0.9156628606730395,0.4220532348974322,0.7157382882850534,0.10959345647370437,0.9156628606730395,0.5529023441154396,0.0,0.0,0.0,0.0,0.0,0.0,0.0,0.0,22.916727307822526,4.373408125529948,30.83713889043692,15.410902535381156,22.814560216980485,4.780244238440306,30.18316454185779,17.34655870217925,-1.0,0.0,-1.0,-1.0,-1.0,0.0,-1.0,-1.0,7071.590387438306,4866.33984352457,43017.13662334821,2140.4562634928493,6613.369390946424,3374.0266414289267,12821.45770047512,2285.989771597908,0.0,0.0,0.0,0.0,0.0,0.0,0.0,0.0,6.021138637853356,3.2652107732192888,16.31621525144396,2.892665237709892,5.464140559465995,2.4998129539625067,11.525661832056118,2.9702663699883267,-625.1808947054114,688004.0,176000.0,1760.0,25.96337111797594,4.327307694237026,5.365887352705481,31.393312501937135,5799.720855414096,175.0
22.44092388462023,21.913091047463244,236.21318137892075,-342.14809877233324,195.88842043691426,-17.910305,-711.3697,-345.25831353937235,182.09808772841544,-18.164932,-713.02313,-350.26562,204.95451,-20.423449,-716.6757,20.62363,42.340237,273.0835,1.858134e-05,22.777748,89.29952,974.96,8.405186e-08,0.078842185,0.83920085,1.0,-1.0,-6.021138637853356,3.2652107732192888,-2.892665237709892,-16.31621525144396,-631.2039705427834,313.0128676829003,-336.932249417986,-1329.3572379942716,0.04825094,0.7642322,1.0,-1.0,10.0,-5.27398896085637,1.1510867074116815,-3.200396942201844,-11.111341629317838,-535.3575935174133,74.67849443966088,-427.5714665848648,-692.7629092198449,0.0758849798709405,0.6854631657040393,1.0,-1.0,0.3488396535117125,0.1080492343518257,0.6035752353596935,0.2023088120517608,0.3606242223526892,0.1143071390821461,0.5654158757972032,0.2023088120517608,0.0,0.0,0.007873180474831199,0.014840133609474409,0.0,0.0,0.0,0.0,0.004228566132015147,0.014345680711912579,0.009913071290225017,0.011412201498481404,0.0,0.0,0.0017794388014548948,0.011794803947124587,0.01447155556698815,0.0,0.0012362934877799302,0.0,0.0,0.0,0.0,0.0,0.0,0.0,0.0,0.0,0.011073337987812694,0.016679642821267913,0.0,0.0007563764208526043,0.26875187918704146,0.08499256507052434,0.5190731835442585,0.09407512123704379,0.26643935649495815,0.08582547601113194,0.47196642391888716,0.16450501643849036,0.37189506636378417,0.1181571935755861,0.48825316454370815,0.16804750564081655,0.3718950534145072,0.1181571959534663,0.48825199166129285,0.16804750564083507,0.6597951843808981,0.13242993571612457,0.9023362315833349,0.39036354625497266,0.6574826487395379,0.13151313909291726,0.9023362315833349,0.5212126554729801,0.0,0.0,0.0,0.0,0.0,0.0,0.0,0.0,22.916727307822526,4.373408125529948,30.83713889043692,15.410902535381156,22.814560216980485,4.780244238440306,30.18316454185779,17.34655870217925,-1.0,0.0,-1.0,-1.0,-1.0,0.0,-1.0,-1.0,7071.590387438306,4866.33984352457,43017.13662334821,2140.4562634928493,6613.369390946424,3374.0266414289267,12821.45770047512,2285.989771597908,0.0,0.0,0.0,0.0,0.0,0.0,0.0,0.0,6.021138637853356,3.2652107732192888,16.31621525144396,2.892665237709892,5.464140559465995,2.4998129539625067,11.525661832056118,2.9702663699883267,-621.6643706554775,692004.0,177000.0,1770.0,24.027624119992254,4.112911110795598,5.7336023470680555,25.137264089251126,5833.324767718041,176.0
20.10436852601587,25.16543620400427,303.5799846763875,-334.75678256017517,204.21855990181416,-17.910305,-711.3697,-318.8291187041152,207.64010333792584,-18.164932,-713.02313,-350.26562,204.95451,-20.423449,-716.6757,20.62363,42.340237,273.0835,1.858134e-05,22.777748,89.29952,974.96,8.405186e-08,0.078842185,0.83920085,1.0,-1.0,-6.021138637853356,3.2652107732192888,-2.892665237709892,-16.31621525144396,-593.6888849154883,300.11046573940337,-336.932249417986,-1329.3572379942716,0.04825094,0.7642322,1.0,-1.0,10.0,-5.27398896085637,1.1510867074116815,-3.200396942201844,-11.111341629317838,-509.45908197384557,75.17865072923357,-427.5714665848648,-692.7629092198449,0.0758849798709405,0.6854631657040393,1.0,-1.0,0.3488396535117125,0.1080492343518257,0.6035752353596935,0.2023088120517608,0.3606242223526892,0.1143071390821461,0.5654158757972032,0.2023088120517608,0.0,0.0,0.0,0.01762065692437651,0.0004698631506360056,0.005833760936817629,0.0,0.002793152881983804,0.005845495692995314,0.01928741435382033,0.00048351796387460485,0.0,0.0,0.00612842678981345,0.0,0.015701297714868827,0.0,0.010853063610399298,0.008189387928279666,0.021364201559063652,0.0,0.004421075475746652,0.0,0.0,0.0,0.02082144627765199,0.003773376297911014,0.0,0.01581641947555555,0.006373838246224334,0.0,0.002028616979325355,0.2995403143009368,0.10296078297634143,0.4972588787290294,0.07846000259350212,0.2972277916088535,0.10379369391694902,0.4501521191036581,0.1488898977949487,0.42643302207784495,0.10930269420615989,0.5056809601889208,0.1868636368092135,0.42643300912856796,0.10930269658404008,0.5056797873065055,0.18686363680923201,0.657838150516069,0.12743845699110165,0.9081801594059764,0.38640647368730224,0.6555256148747087,0.12652166036789436,0.9081801594059764,0.5172555829053097,0.0,0.0,0.0,0.0,0.0,0.0,0.0,0.0,22.916727307822526,4.373408125529948,30.83713889043692,15.410902535381156,22.814560216980485,4.780244238440306,30.18316454185779,17.34655870217925,-1.0,0.0,-1.0,-1.0,-1.0,0.0,-1.0,-1.0,7071.590387438306,4866.33984352457,43017.13662334821,2140.4562634928493,6613.369390946424,3374.0266414289267,12821.45770047512,2285.989771597908,0.0,0.0,0.0,0.0,0.0,0.0,0.0,0.0,6.021138637853356,3.2652107732192888,16.31621525144396,2.892665237709892,5.464140559465995,2.4998129539625067,11.525661832056118,2.9702663699883267,-620.1372227813326,696004.0,178000.0,1780.0,24.613307647229753,4.1045197926715185,6.818855012800308,27.86406144618106,5866.928680021985,177.0
19.240309965434186,23.438212324497187,388.5198066096029,-374.3024197111179,203.65396385229,-17.910305,-711.3697,-373.36661999721446,200.86204234081717,-18.164932,-713.02313,-350.26562,204.95451,-20.423449,-716.6757,20.62363,42.340237,273.0835,1.858134e-05,22.777748,89.29952,974.96,8.405186e-08,0.078842185,0.83920085,1.0,-1.0,-6.021138637853356,3.2652107732192888,-2.892665237709892,-16.31621525144396,-588.091389201099,302.49791393841696,-336.932249417986,-1329.3572379942716,0.04825094,0.7642322,1.0,-1.0,10.0,-5.27398896085637,1.1510867074116815,-3.200396942201844,-11.111341629317838,-538.5651446369218,74.6768580824376,-427.5714665848648,-692.7629092198449,0.0758849798709405,0.6854631657040393,1.0,-1.0,0.3488396535117125,0.1080492343518257,0.6035752353596935,0.2023088120517608,0.3606242223526892,0.1143071390821461,0.5654158757972032,0.2023088120517608,0.010622357840920988,0.0,0.0,0.0069979918373543094,0.0,0.0,0.0120927320737183,0.0074552981092040164,0.013205047867214714,0.0,0.013317762330698566,0.0034170812923989134,0.0,0.0007730140776688785,0.001239279123526771,0.008096847695976177,0.010810838180446909,0.003447532537574665,0.0,0.013455178748591269,0.006248943170100864,0.0,0.014896083447296376,0.0,0.003853360090789858,0.0,0.0,0.0,0.0,0.004660777344081756,0.0,0.0,0.2753199326485563,0.12182183944747653,0.5234706959282188,0.0809599430266678,0.273007409956473,0.12265475038808413,0.47636393630284757,0.1513898382281144,0.4056171003559934,0.06551055132115338,0.5402651095070609,0.20788795841447755,0.4056170874067164,0.06551055369903358,0.5402639366246456,0.20788795841449606,0.6810147954950803,0.08917507055215394,0.9093900146275289,0.3877684478184239,0.67870225985372,0.08825827392894664,0.9093900146275289,0.5186175570364313,0.0,0.0,0.0,0.0,0.0,0.0,0.0,0.0,22.916727307822526,4.373408125529948,30.83713889043692,15.410902535381156,22.814560216980485,4.780244238440306,30.18316454185779,17.34655870217925,-1.0,0.0,-1.0,-1.0,-1.0,0.0,-1.0,-1.0,7071.590387438306,4866.33984352457,43017.13662334821,2140.4562634928493,6613.369390946424,3374.0266414289267,12821.45770047512,2285.989771597908,0.0,0.0,0.0,0.0,0.0,0.0,0.0,0.0,6.021138637853356,3.2652107732192888,16.31621525144396,2.892665237709892,5.464140559465995,2.4998129539625067,11.525661832056118,2.9702663699883267,-605.9743876960093,700004.0,179000.0,1790.0,23.444224615469743,4.921292362307205,6.757756841567006,38.47132008335393,5900.53259232593,178.0
19.450130837064307,19.222018512513866,363.51272129276975,-347.54650259757864,192.97737095675953,-17.910305,-711.3697,-340.171691886781,188.52024403371263,-18.164932,-713.02313,-350.26562,204.95451,-20.423449,-716.6757,20.62363,42.340237,273.0835,1.858134e-05,22.777748,89.29952,974.96,8.405186e-08,0.078842185,0.83920085,1.0,-1.0,-6.021138637853356,3.2652107732192888,-2.892665237709892,-16.31621525144396,-595.828620238539,319.97953219922545,-336.932249417986,-1329.3572379942716,0.04825094,0.7642322,1.0,-1.0,10.0,-5.27398896085637,1.1510867074116815,-3.200396942201844,-11.111341629317838,-528.0383333544969,75.52392310815334,-427.5714665848648,-692.7629092198449,0.0758849798709405,0.6854631657040393,1.0,-1.0,0.3488396535117125,0.1080492343518257,0.6035752353596935,0.2023088120517608,0.3606242223526892,0.1143071390821461,0.5654158757972032,0.2023088120517608,0.011369061597571783,0.0,0.0,0.0037599379687800784,0.013026357273524925,0.0036406987596831987,0.013442289296749597,0.0,0.017714434231653666,0.0,0.0,0.0025013603445240874,0.0,0.014930712920785913,0.0,0.0,0.00507873119185913,0.006333657471826404,0.009717561321085666,0.0,0.005425495223636562,0.011888569480880387,0.0,0.0,0.0,0.0,0.008627677912693544,0.0,0.005087225143950356,0.01440671165632659,0.0,0.0,0.2784976863138178,0.07212547050080272,0.5074414595552985,0.07386425023489471,0.2761851636217345,0.07295838144141031,0.4603346999299272,0.1442941454363413,0.42580892286442285,0.0884879177331281,0.48672934117109035,0.23169946587062398,0.42580890991514586,0.0884879201110083,0.48672816828867504,0.2316994658706425,0.6874206251874854,0.11585775705581003,0.8587363751076957,0.414786767444854,0.6851080895461251,0.11494096043260273,0.8587363751076957,0.5456358766628615,0.0,0.0,0.0,0.0,0.0,0.0,0.0,0.0,22.916727307822526,4.373408125529948,30.83713889043692,15.410902535381156,22.814560216980485,4.780244238440306,30.18316454185779,17.34655870217925,-1.0,0.0,-1.0,-1.0,-1.0,0.0,-1.0,-1.0,7071.590387438306,4866.33984352457,43017.13662334821,2140.4562634928493,6613.369390946424,3374.0266414289267,12821.45770047512,2285.989771597908,0.0,0.0,0.0,0.0,0.0,0.0,0.0,0.0,6.021138637853356,3.2652107732192888,16.31621525144396,2.892665237709892,5.464140559465995,2.4998129539625067,11.525661832056118,2.9702663699883267,-595.7639721116547,704004.0,180000.0,1800.0,25.756253161361084,3.9759537691012836,4.896491182602008,42.65476843481184,5934.136504629874,179.0
21.15322686807758,23.24745827497064,298.7447770848412,-382.29175125266715,195.8979618193397,-17.910305,-711.3697,-359.34324668307613,206.40298511892564,-18.164932,-713.02313,-350.26562,204.95451,-20.423449,-716.6757,20.62363,42.340237,273.0835,1.858134e-05,22.777748,89.29952,974.96,8.405186e-08,0.078842185,0.83920085,1.0,-1.0,-6.021138637853356,3.2652107732192888,-2.892665237709892,-16.31621525144396,-603.5500907258231,323.244619701287,-336.932249417986,-1329.3572379942716,0.04825094,0.7642322,1.0,-1.0,10.0,-5.27398896085637,1.1510867074116815,-3.200396942201844,-11.111341629317838,-528.0342275419208,74.28464396369691,-427.5714665848648,-692.7629092198449,0.0758849798709405,0.6854631657040393,1.0,-1.0,0.3488396535117125,0.1080492343518257,0.6035752353596935,0.2023088120517608,0.3606242223526892,0.1143071390821461,0.5654158757972032,0.2023088120517608,0.0020785048043577064,0.012909320081547927,0.0,0.0,0.0,0.0,0.0,0.0223799091637223,0.008896764952020464,0.0,0.0,0.0,0.0,0.005445667839080674,0.013971580466743174,0.0026761391049743796,0.0,0.0,0.0,0.009503540320764049,0.0,0.0,0.01273387273499268,0.0,0.00906866629200138,0.027761630756112998,0.0025900876822941973,0.009300434721200925,0.0,0.0,0.0,0.0,0.2657390435984744,0.07252398861934811,0.5074725220950426,0.08997083524281022,0.26342652090639107,0.07335689955995571,0.46036576246967126,0.16040073044425682,0.4039794905651911,0.08636350839058367,0.45470843479932244,0.2190205591227591,0.40397947761591413,0.08636351076846387,0.45470726191690714,0.21902055912277762,0.6662350295792908,0.11025754178228589,0.8704102123105679,0.41546390957728424,0.6639224939379306,0.10934074515907859,0.8704102123105679,0.5463130187952917,0.0,0.0,0.0,0.0,0.0,0.0,0.0,0.0,22.916727307822526,4.373408125529948,30.83713889043692,15.410902535381156,22.814560216980485,4.780244238440306,30.18316454185779,17.34655870217925,-1.0,0.0,-1.0,-1.0,-1.0,0.0,-1.0,-1.0,7071.590387438306,4866.33984352457,43017.13662334821,2140.4562634928493,6613.369390946424,3374.0266414289267,12821.45770047512,2285.989771597908,0.0,0.0,0.0,0.0,0.0,0.0,0.0,0.0,6.021138637853356,3.2652107732192888,16.31621525144396,2.892665237709892,5.464140559465995,2.4998129539625067,11.525661832056118,2.9702663699883267,-598.2272327122938,708004.0,181000.0,1810.0,24.925915837334642,4.346624456946348,6.093476192931459,41.07062366530825,5967.740416933819,180.0
20.009311854612598,22.772402368762,358.2353374424088,-336.13839002700325,210.76615680634933,-17.910305,-711.3697,-336.3538834194665,201.09716710059385,-18.164932,-713.02313,-350.26562,204.95451,-20.423449,-716.6757,20.62363,42.340237,273.0835,1.858134e-05,22.777748,89.29952,974.96,8.405186e-08,0.078842185,0.83920085,1.0,-1.0,-6.021138637853356,3.2652107732192888,-2.892665237709892,-16.31621525144396,-622.5924846695625,316.2073769723011,-336.932249417986,-1329.3572379942716,0.04825094,0.7642322,1.0,-1.0,10.0,-5.27398896085637,1.1510867074116815,-3.200396942201844,-11.111341629317838,-532.3844400384751,74.99846563702606,-427.5714665848648,-692.7629092198449,0.0758849798709405,0.6854631657040393,1.0,-1.0,0.3488396535117125,0.1080492343518257,0.6035752353596935,0.2023088120517608,0.3606242223526892,0.1143071390821461,0.5654158757972032,0.2023088120517608,0.0,0.0,0.0,0.008060372750469986,0.0,0.0,0.020902040226360774,0.00450246895113641,0.0,0.0,0.0,0.0,0.010994056818250554,0.0,0.0,0.0,0.0,0.002186743237324026,0.005818757085436368,0.0,0.0,0.0,0.0,0.011106294806771284,0.018383917206536714,0.0,0.006971822803954123,0.0013729122023724012,0.0,0.002759696686457439,0.006530449203389072,0.0,0.29204746220532307,0.06981702183687818,0.5255178323232597,0.05787555393762682,0.28973493951323975,0.07064993277748578,0.4784110726978884,0.1283054491390734,0.37777572675037047,0.0800366635978374,0.500547156640994,0.20584734385677889,0.3777757138010935,0.0800366659757176,0.5005459837585787,0.2058473438567974,0.6807408633067088,0.08885944931085314,0.8832199850192303,0.3929708932230109,0.6784283276653486,0.08794265268764584,0.8832199850192303,0.5238200024410183,0.0,0.0,0.0,0.0,0.0,0.0,0.0,0.0,22.916727307822526,4.373408125529948,30.83713889043692,15.410902535381156,22.814560216980485,4.780244238440306,30.18316454185779,17.34655870217925,-1.0,0.0,-1.0,-1.0,-1.0,0.0,-1.0,-1.0,7071.590387438306,4866.33984352457,43017.13662334821,2140.4562634928493,6613.369390946424,3374.0266414289267,12821.45770047512,2285.989771597908,0.0,0.0,0.0,0.0,0.0,0.0,0.0,0.0,6.021138637853356,3.2652107732192888,16.31621525144396,2.892665237709892,5.464140559465995,2.4998129539625067,11.525661832056118,2.9702663699883267,-599.3855612081818,712004.0,182000.0,1820.0,23.138747058937764,4.657687450134701,5.1566713764477345,34.97399995341681,6001.344329237763,181.0
22.258085355210632,24.7580386726303,316.3223864555171,-328.57077622304405,199.8277665523248,-17.910305,-711.3697,-356.6403669876791,203.3430550453752,-18.164932,-713.02313,-350.26562,204.95451,-20.423449,-716.6757,20.62363,42.340237,273.0835,1.858134e-05,22.777748,89.29952,974.96,8.405186e-08,0.078842185,0.83920085,1.0,-1.0,-6.021138637853356,3.2652107732192888,-2.892665237709892,-16.31621525144396,-601.9833807865996,316.1746293769846,-336.932249417986,-1329.3572379942716,0.04825094,0.7642322,1.0,-1.0,10.0,-5.27398896085637,1.1510867074116815,-3.200396942201844,-11.111341629317838,-516.3628312588248,78.84344451702445,-427.5714665848648,-692.7629092198449,0.0758849798709405,0.6854631657040393,1.0,-1.0,0.3488396535117125,0.1080492343518257,0.6035752353596935,0.2023088120517608,0.3606242223526892,0.1143071390821461,0.5654158757972032,0.2023088120517608,0.011497313853414997,0.024928580438840664,0.0,0.0,0.0016427817112029588,0.0013084137503503119,0.013674658140564256,0.012781740630694554,0.0,0.01382654990176581,0.011162294916146807,0.012036486239093664,0.0,0.0,0.0,0.0,0.002741192277344457,0.0,0.007779039404809859,0.009829457214684995,0.0007228142608576277,0.0,0.011580687828849806,0.013143295982984048,0.0,0.0,0.0,0.0,0.012062679386099603,0.012193908295225927,0.0,0.0,0.3011235506164969,0.09473933693137955,0.5084177032185685,0.0697741131298912,0.2988110279244136,0.09557224787198715,0.46131094359319713,0.14020400833133778,0.3811264471642764,0.058252070146048246,0.507880205607752,0.1769496034496978,0.3811264342149994,0.058252072523928444,0.5078790327253367,0.17694960344971628,0.6706956784157688,0.08137493474987764,0.9091567025327417,0.4138487684214791,0.6683831427744086,0.08045813812667034,0.9091567025327417,0.5446978776394865,0.0,0.0,0.0,0.0,0.0,0.0,0.0,0.0,22.916727307822526,4.373408125529948,30.83713889043692,15.410902535381156,22.814560216980485,4.780244238440306,30.18316454185779,17.34655870217925,-1.0,0.0,-1.0,-1.0,-1.0,0.0,-1.0,-1.0,7071.590387438306,4866.33984352457,43017.13662334821,2140.4562634928493,6613.369390946424,3374.0266414289267,12821.45770047512,2285.989771597908,0.0,0.0,0.0,0.0,0.0,0.0,0.0,0.0,6.021138637853356,3.2652107732192888,16.31621525144396,2.892665237709892,5.464140559465995,2.4998129539625067,11.525661832056118,2.9702663699883267,-608.569487900022,716004.0,183000.0,1830.0,22.956411906578207,4.673380094408009,5.351973347496798,35.11682604648613,6034.948241541708,182.0
24.639159818919005,20.816322335569552,349.62899746058963,-335.8379070784829,210.02109795129343,-17.910305,-711.3697,-326.71067991636426,207.62455783450602,-18.164932,-713.02313,-350.26562,204.95451,-20.423449,-716.6757,20.62363,42.340237,273.0835,1.858134e-05,22.777748,89.29952,974.96,8.405186e-08,0.078842185,0.83920085,1.0,-1.0,-6.021138637853356,3.2652107732192888,-2.892665237709892,-16.31621525144396,-596.7197740740164,322.63888101502,-336.932249417986,-1329.3572379942716,0.04825094,0.7642322,1.0,-1.0,10.0,-5.27398896085637,1.1510867074116815,-3.200396942201844,-11.111341629317838,-530.4657423921178,77.30079822887811,-427.5714665848648,-692.7629092198449,0.0758849798709405,0.6854631657040393,1.0,-1.0,0.3488396535117125,0.1080492343518257,0.6035752353596935,0.2023088120517608,0.3606242223526892,0.1143071390821461,0.5654158757972032,0.2023088120517608,0.0034080732988171474,0.0,0.012740980615312678,0.02095759771099361,0.01716092146712052,0.0,0.00980955723741259,0.0,0.0,0.0,0.0,0.006859813660909967,0.0,0.0,0.0,0.0,0.002532402699970005,0.008069925619090623,0.019184842162141134,0.0,0.0066849582435361855,0.0023492081762616157,0.007482396302915792,0.027801420272779792,0.004102367135612717,0.0026272369233010964,0.00019251839614833555,0.0,0.0,0.0,0.0,0.022479637010870503,0.24416758245255082,0.08612668205139824,0.514538274100523,0.07449647194537987,0.2418550597604675,0.08695959299200584,0.46743151447515163,0.14492636714682647,0.3852029098906625,0.0850583943934602,0.4955444914485388,0.22752255601835442,0.38520289694138554,0.0850583967713404,0.4955433185661235,0.22752255601837293,0.663879329657706,0.10209975187616271,0.8475171598200273,0.3994147620877215,0.6615667940163458,0.1011829552529554,0.8475171598200273,0.5302638713057289,0.0,0.0,0.0,0.0,0.0,0.0,0.0,0.0,22.916727307822526,4.373408125529948,30.83713889043692,15.410902535381156,22.814560216980485,4.780244238440306,30.18316454185779,17.34655870217925,-1.0,0.0,-1.0,-1.0,-1.0,0.0,-1.0,-1.0,7071.590387438306,4866.33984352457,43017.13662334821,2140.4562634928493,6613.369390946424,3374.0266414289267,12821.45770047512,2285.989771597908,0.0,0.0,0.0,0.0,0.0,0.0,0.0,0.0,6.021138637853356,3.2652107732192888,16.31621525144396,2.892665237709892,5.464140559465995,2.4998129539625067,11.525661832056118,2.9702663699883267,-586.2022965544688,720004.0,184000.0,1840.0,26.04725456961117,4.6737825834063385,5.259201094933188,35.4974980141312,6068.552153845652,183.0
18.30134838216792,24.198491551473026,345.929815743004,-352.7444012697562,190.03194660762853,-17.910305,-711.3697,-311.5937664785972,201.76805636380817,-18.164932,-713.02313,-350.26562,204.95451,-20.423449,-716.6757,20.62363,42.340237,273.0835,1.858134e-05,22.777748,89.29952,974.96,8.405186e-08,0.078842185,0.83920085,1.0,-1.0,-6.021138637853356,3.2652107732192888,-2.892665237709892,-16.31621525144396,-590.3785207828681,310.5296960667182,-336.932249417986,-1329.3572379942716,0.04825094,0.7642322,1.0,-1.0,10.0,-5.27398896085637,1.1510867074116815,-3.200396942201844,-11.111341629317838,-525.3279117015257,72.52229431604117,-427.5714665848648,-692.7629092198449,0.0758849798709405,0.6854631657040393,1.0,-1.0,0.3488396535117125,0.1080492343518257,0.6035752353596935,0.2023088120517608,0.3606242223526892,0.1143071390821461,0.5654158757972032,0.2023088120517608,0.0,0.004025087715096289,0.0,0.007598908800417084,0.0,0.0,0.0,0.0,0.002925927175269524,0.0,0.006061303354141048,0.018911382678708,0.0,0.001611151455678043,0.0,0.0,0.0,0.0034549817970621183,0.014489665226753741,0.0,0.02350974303441673,0.0,0.005251045698286465,0.014100466120662679,0.010345373220297273,0.0008948196098603967,0.0,0.011372709550384306,0.0,0.016409030783173982,0.013678411049177797,0.0,0.25739168968767934,0.09401837817938023,0.5181615277670741,0.07418213152478777,0.255079166995596,0.09485128911998783,0.4710547681417029,0.14461202672623436,0.3557724419529035,0.0862676312358704,0.515577572042345,0.2015424456071815,0.3557724290036265,0.0862676336137506,0.5155763991599297,0.2015424456072,0.6703154614046555,0.10717065451742258,0.8894199173648473,0.4404012067489515,0.6680029257632952,0.10625385789421528,0.8894199173648473,0.571250315966959,0.0,0.0,0.0,0.0,0.0,0.0,0.0,0.0,22.916727307822526,4.373408125529948,30.83713889043692,15.410902535381156,22.814560216980485,4.780244238440306,30.18316454185779,17.34655870217925,-1.0,0.0,-1.0,-1.0,-1.0,0.0,-1.0,-1.0,7071.590387438306,4866.33984352457,43017.13662334821,2140.4562634928493,6613.369390946424,3374.0266414289267,12821.45770047512,2285.989771597908,0.0,0.0,0.0,0.0,0.0,0.0,0.0,0.0,6.021138637853356,3.2652107732192888,16.31621525144396,2.892665237709892,5.464140559465995,2.4998129539625067,11.525661832056118,2.9702663699883267,-600.6240241535523,724004.0,185000.0,1850.0,22.620073915366238,4.361508604813511,5.785625667846765,32.0566847531465,6102.156066149597,184.0
20.110581177870568,18.683137944736885,363.7951710797469,-344.29158780743205,185.27341013247053,-17.910305,-711.3697,-343.41537725397075,204.16055790712787,-18.164932,-713.02313,-350.26562,204.95451,-20.423449,-716.6757,20.62363,42.340237,273.0835,1.858134e-05,22.777748,89.29952,974.96,8.405186e-08,0.078842185,0.83920085,1.0,-1.0,-6.021138637853356,3.2652107732192888,-2.892665237709892,-16.31621525144396,-601.295251731427,316.9737799383753,-336.932249417986,-1329.3572379942716,0.04825094,0.7642322,1.0,-1.0,10.0,-5.27398896085637,1.1510867074116815,-3.200396942201844,-11.111341629317838,-519.0504632344391,75.45227131450315,-427.5714665848648,-692.7629092198449,0.0758849798709405,0.6854631657040393,1.0,-1.0,0.3488396535117125,0.1080492343518257,0.6035752353596935,0.2023088120517608,0.3606242223526892,0.1143071390821461,0.5654158757972032,0.2023088120517608,0.010000393751659849,0.0,0.0,0.005054771665496195,0.0033143140770419285,0.0,0.007370869142176764,0.0,0.005695364743303146,0.008412691269306879,0.0,0.0,0.008102877131410492,0.015206709126149218,0.0123803571986379,0.010992247004296803,0.0,0.015787747755651692,0.0,0.012560768792050423,0.0,0.0,0.005645009261841881,0.003074654564170451,0.0,0.012632226738658528,0.0031903977066643037,0.009837605278741264,0.0,0.0,0.0073380394318783,0.0,0.269093759616927,0.07672929994487583,0.5188201634096681,0.08981196698675156,0.2667812369248437,0.07756221088548343,0.4717134037842968,0.16024186218819814,0.4094408396149134,0.0990045974045865,0.4793872579901988,0.18400692542055122,0.4094408266656364,0.0990045997824667,0.4793860851077835,0.18400692542056973,0.6683387617454073,0.0918948508052096,0.8779289157547289,0.3923062001950929,0.666026226104047,0.09097805418200229,0.8779289157547289,0.5231553094131004,0.0,0.0,0.0,0.0,0.0,0.0,0.0,0.0,22.916727307822526,4.373408125529948,30.83713889043692,15.410902535381156,22.814560216980485,4.780244238440306,30.18316454185779,17.34655870217925,-1.0,0.0,-1.0,-1.0,-1.0,0.0,-1.0,-1.0,7071.590387438306,4866.33984352457,43017.13662334821,2140.4562634928493,6613.369390946424,3374.0266414289267,12821.45770047512,2285.989771597908,0.0,0.0,0.0,0.0,0.0,0.0,0.0,0.0,6.021138637853356,3.2652107732192888,16.31621525144396,2.892665237709892,5.464140559465995,2.4998129539625067,11.525661832056118,2.9702663699883267,-611.7220442194334,728004.0,186000.0,1860.0,24.892871255474077,4.577576885123096,5.90003015891077,38.01144472486053,6135.759978453541,185.0
20.251792358129688,22.111795726072874,353.20114010242287,-347.2196383145898,216.75212289211046,-17.910305,-711.3697,-329.4323083574286,222.8128851307855,-18.164932,-713.02313,-350.26562,204.95451,-20.423449,-716.6757,20.62363,42.340237,273.0835,1.858134e-05,22.777748,89.29952,974.96,8.405186e-08,0.078842185,0.83920085,1.0,-1.0,-6.021138637853356,3.2652107732192888,-2.892665237709892,-16.31621525144396,-637.736661668716,320.09199398478694,-336.932249417986,-1329.3572379942716,0.04825094,0.7642322,1.0,-1.0,10.0,-5.27398896085637,1.1510867074116815,-3.200396942201844,-11.111341629317838,-512.2568993346159,71.57172113883992,-427.5714665848648,-692.7629092198449,0.0758849798709405,0.6854631657040393,1.0,-1.0,0.3488396535117125,0.1080492343518257,0.6035752353596935,0.2023088120517608,0.3606242223526892,0.1143071390821461,0.5654158757972032,0.2023088120517608,0.010684978307467648,0.0,0.005945105048062806,0.0,0.019562756013646574,0.0,0.0,0.007350348861039507,0.004801125903580254,0.0,0.014006279524653978,0.01215619300292577,0.0,0.0,0.0,0.005057110762731825,0.011693925117636188,0.0,0.02698558803155103,0.0,0.0,0.016947706796984693,0.0,0.0,0.0,0.00482584340976119,0.005163350091482556,0.0,0.0,0.005027456869439191,0.0,0.0,0.3098746373218175,0.07351658654065772,0.49989056201343557,0.0953048080557957,0.30756211462973415,0.07434949748126532,0.45278380238806426,0.1657347032572423,0.4221151636527229,0.05483733814827213,0.46949857970374154,0.19170401512942406,0.4221151507034459,0.05483734052615233,0.46949740682132624,0.19170401512944257,0.6860368987071396,0.08999918872134316,0.8814033740184816,0.3942915433585466,0.6837243630657793,0.08908239209813587,0.8814033740184816,0.5251406525765541,0.0,0.0,0.0,0.0,0.0,0.0,0.0,0.0,22.916727307822526,4.373408125529948,30.83713889043692,15.410902535381156,22.814560216980485,4.780244238440306,30.18316454185779,17.34655870217925,-1.0,0.0,-1.0,-1.0,-1.0,0.0,-1.0,-1.0,7071.590387438306,4866.33984352457,43017.13662334821,2140.4562634928493,6613.369390946424,3374.0266414289267,12821.45770047512,2285.989771597908,0.0,0.0,0.0,0.0,0.0,0.0,0.0,0.0,6.021138637853356,3.2652107732192888,16.31621525144396,2.892665237709892,5.464140559465995,2.4998129539625067,11.525661832056118,2.9702663699883267,-613.1376567873981,732004.0,187000.0,1870.0,23.474172891342445,3.9440319533269874,5.304452098897341,35.65816215108431,6169.363890757486,186.0
15.012810348637956,24.002922388967267,336.9306551050483,-338.3107033121402,208.4982668903348,-17.910305,-711.3697,-311.70794306398943,203.44258175441973,-18.164932,-713.02313,-350.26562,204.95451,-20.423449,-716.6757,20.62363,42.340237,273.0835,1.858134e-05,22.777748,89.29952,974.96,8.405186e-08,0.078842185,0.83920085,1.0,-1.0,-6.021138637853356,3.2652107732192888,-2.892665237709892,-16.31621525144396,-602.7753378239972,307.7120821265998,-336.932249417986,-1329.3572379942716,0.04825094,0.7642322,1.0,-1.0,10.0,-5.27398896085637,1.1510867074116815,-3.200396942201844,-11.111341629317838,-530.2856457592172,76.03472478594655,-427.5714665848648,-692.7629092198449,0.0758849798709405,0.6854631657040393,1.0,-1.0,0.3488396535117125,0.1080492343518257,0.6035752353596935,0.2023088120517608,0.3606242223526892,0.1143071390821461,0.5654158757972032,0.2023088120517608,0.01419406650820964,0.01427958472610774,0.0,0.008347343727771737,0.0,0.021190600495652835,0.005539534632884945,0.002355520845044513,0.010099799760824734,0.0,0.01025101562887409,0.004309289572378397,0.0003123857133816691,0.0,0.0,0.0,0.0,0.0,0.0,0.0,0.0,0.012876163633742674,0.020806120776889744,0.0101704227045349,0.0,0.0,0.0,0.0,0.015921947245817684,0.010249020824934514,5.1967394048336034e-05,0.001120471529306614,0.26318077272612933,0.09769645224903716,0.5483463450094992,0.07343612114447727,0.260868250034046,0.09852936318964475,0.5012395853841279,0.14386601634592386,0.41580554757358634,0.10542147921289366,0.5007947520589537,0.21295460474432767,0.41580553462430936,0.10542148159077386,0.5007935791765384,0.2129546047443462,0.6809719995263089,0.10147807930397283,0.9035420485637835,0.42262808434619026,0.6786594638849487,0.10056128268076553,0.9035420485637835,0.5534771935641978,0.0,0.0,0.0,0.0,0.0,0.0,0.0,0.0,22.916727307822526,4.373408125529948,30.83713889043692,15.410902535381156,22.814560216980485,4.780244238440306,30.18316454185779,17.34655870217925,-1.0,0.0,-1.0,-1.0,-1.0,0.0,-1.0,-1.0,7071.590387438306,4866.33984352457,43017.13662334821,2140.4562634928493,6613.369390946424,3374.0266414289267,12821.45770047512,2285.989771597908,0.0,0.0,0.0,0.0,0.0,0.0,0.0,0.0,6.021138637853356,3.2652107732192888,16.31621525144396,2.892665237709892,5.464140559465995,2.4998129539625067,11.525661832056118,2.9702663699883267,-580.4987966523943,736004.0,188000.0,1880.0,25.860441946958407,4.1857589973242675,5.27440528983349,35.38563528982359,6202.9678030614305,187.0
22.713752782520796,23.431078160916154,348.41229039564877,-377.2730614851909,189.82355411086905,-17.910305,-711.3697,-343.09498859774817,212.8607199824429,-18.164932,-713.02313,-350.26562,204.95451,-20.423449,-716.6757,20.62363,42.340237,273.0835,1.858134e-05,22.777748,89.29952,974.96,8.405186e-08,0.078842185,0.83920085,1.0,-1.0,-6.021138637853356,3.2652107732192888,-2.892665237709892,-16.31621525144396,-602.5022476789884,315.25424224418794,-336.932249417986,-1329.3572379942716,0.04825094,0.7642322,1.0,-1.0,10.0,-5.27398896085637,1.1510867074116815,-3.200396942201844,-11.111341629317838,-518.5502274237057,75.84628215000268,-427.5714665848648,-692.7629092198449,0.0758849798709405,0.6854631657040393,1.0,-1.0,0.3488396535117125,0.1080492343518257,0.6035752353596935,0.2023088120517608,0.3606242223526892,0.1143071390821461,0.5654158757972032,0.2023088120517608,0.005780950958251141,0.010466152353977725,0.0,0.0,0.002979342779924836,0.0,0.0,0.0,0.004755449115447692,0.006889414698710271,0.0,0.014496565788398221,0.008515551517439698,0.0,0.0,0.012746264268576914,0.0,0.007058094816292864,0.0,0.0032830354505615153,0.00604955260886482,0.0,0.004369106639648828,0.0034825878502375692,0.0,0.0,0.0,0.006309864807531957,0.00916266164646578,0.019046112956747886,0.0,0.0003196787129800441,0.26022575646568175,0.07390092270379903,0.5498482646726075,0.0709274971815337,0.2579132337735984,0.07473383364440662,0.5027415050472362,0.14135739238298028,0.3605560088998191,0.06849850561669293,0.5072831164927881,0.2059028210784091,0.3605559959505421,0.06849850799457313,0.5072819436103728,0.2059028210784276,0.71677478136018,0.07837225363905666,0.8723223962920148,0.40512942396488355,0.7144622457188198,0.07745545701584935,0.8723223962920148,0.535978533182891,0.0,0.0,0.0,0.0,0.0,0.0,0.0,0.0,22.916727307822526,4.373408125529948,30.83713889043692,15.410902535381156,22.814560216980485,4.780244238440306,30.18316454185779,17.34655870217925,-1.0,0.0,-1.0,-1.0,-1.0,0.0,-1.0,-1.0,7071.590387438306,4866.33984352457,43017.13662334821,2140.4562634928493,6613.369390946424,3374.0266414289267,12821.45770047512,2285.989771597908,0.0,0.0,0.0,0.0,0.0,0.0,0.0,0.0,6.021138637853356,3.2652107732192888,16.31621525144396,2.892665237709892,5.464140559465995,2.4998129539625067,11.525661832056118,2.9702663699883267,-593.1900018424253,740004.0,189000.0,1890.0,23.352311494640063,3.8571601819731547,5.9350718156133695,29.488637771767294,6236.571715365375,188.0
21.432811966469558,22.596100606251156,351.4087904023926,-356.2528395702561,201.46401165817832,-17.910305,-711.3697,-348.2188521179522,185.0942182558346,-18.164932,-713.02313,-350.26562,204.95451,-20.423449,-716.6757,20.62363,42.340237,273.0835,1.858134e-05,22.777748,89.29952,974.96,8.405186e-08,0.078842185,0.83920085,1.0,-1.0,-6.021138637853356,3.2652107732192888,-2.892665237709892,-16.31621525144396,-608.0990342588065,312.2914499975878,-336.932249417986,-1329.3572379942716,0.04825094,0.7642322,1.0,-1.0,10.0,-5.27398896085637,1.1510867074116815,-3.200396942201844,-11.111341629317838,-532.2156927837023,75.152596777498,-427.5714665848648,-692.7629092198449,0.0758849798709405,0.6854631657040393,1.0,-1.0,0.3488396535117125,0.1080492343518257,0.6035752353596935,0.2023088120517608,0.3606242223526892,0.1143071390821461,0.5654158757972032,0.2023088120517608,0.0,0.0,0.0,0.0,0.0,0.007876898305968588,0.0,0.0,0.0,0.011229610294993258,0.0,0.0,0.015180603677471934,0.0,0.0,0.0,0.005698851436393025,0.0,0.0,0.0,0.0003223294596899494,0.002986733386584755,0.0,0.0,0.0,0.0,0.0,0.0,0.0,0.0,0.03777821731027834,0.0,0.31209789439077995,0.10898599727543654,0.4823898632404011,0.06931807173983288,0.30978537169869663,0.10981890821604413,0.4352831036150298,0.13974796694127947,0.43400106491156293,0.08887397199797718,0.47655297394774854,0.202167528027817,0.43400105196228594,0.08887397437585738,0.47655180106533324,0.20216752802783555,0.7128329483857828,0.11972553249520075,0.9318694338883872,0.40571870054279807,0.7105204127444226,0.11880873587199345,0.9318694338883872,0.5365678097608055,0.0,0.0,0.0,0.0,0.0,0.0,0.0,0.0,22.916727307822526,4.373408125529948,30.83713889043692,15.410902535381156,22.814560216980485,4.780244238440306,30.18316454185779,17.34655870217925,-1.0,0.0,-1.0,-1.0,-1.0,0.0,-1.0,-1.0,7071.590387438306,4866.33984352457,43017.13662334821,2140.4562634928493,6613.369390946424,3374.0266414289267,12821.45770047512,2285.989771597908,0.0,0.0,0.0,0.0,0.0,0.0,0.0,0.0,6.021138637853356,3.2652107732192888,16.31621525144396,2.892665237709892,5.464140559465995,2.4998129539625067,11.525661832056118,2.9702663699883267,-629.4675568835572,744004.0,190000.0,1900.0,27.760856463570413,4.63312921899576,6.06857786779912,32.22892504210503,6270.1756276693195,189.0
23.43713673717031,27.007797067063468,306.0135385913084,-334.1249162067122,214.48683999470725,-17.910305,-711.3697,-333.08840185179264,209.01549159644784,-18.164932,-713.02313,-350.26562,204.95451,-20.423449,-716.6757,20.62363,42.340237,273.0835,1.858134e-05,22.777748,89.29952,974.96,8.405186e-08,0.078842185,0.83920085,1.0,-1.0,-6.021138637853356,3.2652107732192888,-2.892665237709892,-16.31621525144396,-615.3322944754135,304.87672070952414,-336.932249417986,-1329.3572379942716,0.04825094,0.7642322,1.0,-1.0,10.0,-5.27398896085637,1.1510867074116815,-3.200396942201844,-11.111341629317838,-521.5892503603291,75.92504514137923,-427.5714665848648,-692.7629092198449,0.0758849798709405,0.6854631657040393,1.0,-1.0,0.3488396535117125,0.1080492343518257,0.6035752353596935,0.2023088120517608,0.3606242223526892,0.1143071390821461,0.5654158757972032,0.2023088120517608,0.0,0.00425351335933891,0.011630903807960174,0.015614097400111793,0.0,0.0,0.0,0.0,0.01661364929995924,0.0,0.0,0.0,0.0,0.005451113126378683,0.0,0.0001644977335013215,0.0,0.0,0.0012514194981282148,0.018433621969010765,0.00043350893877993854,0.014870822864242707,0.0,0.0004451811360765531,0.005769877853509237,0.0003558976394125825,0.0037096284102952617,0.008006252335133966,0.0,0.0,0.013484317042024541,0.0158072722083733,0.27578810190616165,0.08353497638789008,0.46834117845633727,0.07341635614040888,0.27347557921407833,0.08436788732849768,0.42123441883096596,0.14384625134185547,0.39559679314509755,0.10556915586935045,0.49787135731511645,0.2322171679574308,0.39559678019582056,0.10556915824723065,0.49787018443270115,0.23221716795744932,0.6473991323296715,0.11693909411491901,0.9249438205700599,0.3905819524244088,0.6450865966883113,0.11602229749171171,0.9249438205700599,0.5214310616424163,0.0,0.0,0.0,0.0,0.0,0.0,0.0,0.0,22.916727307822526,4.373408125529948,30.83713889043692,15.410902535381156,22.814560216980485,4.780244238440306,30.18316454185779,17.34655870217925,-1.0,0.0,-1.0,-1.0,-1.0,0.0,-1.0,-1.0,7071.590387438306,4866.33984352457,43017.13662334821,2140.4562634928493,6613.369390946424,3374.0266414289267,12821.45770047512,2285.989771597908,0.0,0.0,0.0,0.0,0.0,0.0,0.0,0.0,6.021138637853356,3.2652107732192888,16.31621525144396,2.892665237709892,5.464140559465995,2.4998129539625067,11.525661832056118,2.9702663699883267,-590.428139112997,748004.0,191000.0,1910.0,21.889979062006688,4.057798233747934,6.08033630511411,30.48932337975204,6303.779539973264,190.0
23.83528673500554,24.750286423014956,323.71709054829535,-317.58545683436796,214.92372876718477,-17.910305,-711.3697,-346.4931869831773,202.0449607867427,-18.164932,-713.02313,-350.26562,204.95451,-20.423449,-716.6757,20.62363,42.340237,273.0835,1.858134e-05,22.777748,89.29952,974.96,8.405186e-08,0.078842185,0.83920085,1.0,-1.0,-6.021138637853356,3.2652107732192888,-2.892665237709892,-16.31621525144396,-596.2223406608668,319.7851474601193,-336.932249417986,-1329.3572379942716,0.04825094,0.7642322,1.0,-1.0,10.0,-5.27398896085637,1.1510867074116815,-3.200396942201844,-11.111341629317838,-531.3867313011416,76.5209297746777,-427.5714665848648,-692.7629092198449,0.0758849798709405,0.6854631657040393,1.0,-1.0,0.3488396535117125,0.1080492343518257,0.6035752353596935,0.2023088120517608,0.3606242223526892,0.1143071390821461,0.5654158757972032,0.2023088120517608,0.0,0.005268328392852637,0.0,0.012195915351253347,0.0,0.0,0.013873000990343973,0.003129009441915015,0.01802305807870121,0.0,0.0,0.0030012269565291966,0.004645614322722206,0.0,0.0,0.0012312829019154815,0.0,0.0,0.0,0.0,0.0,0.01719520075771282,0.017123570760214386,0.0,0.010147193938522758,0.016880642648214567,0.0,0.021349980235813623,0.0,0.0,0.0,0.0,0.26834928428010585,0.10160939367888064,0.5232461223029258,0.07291368555656653,0.26603676158802253,0.10244230461948824,0.4761393626775545,0.14334358075801312,0.42641101651816804,0.09473889285923963,0.4950262829608992,0.16994414301325478,0.42641100356889106,0.09473889523711983,0.4950251100784839,0.1699441430132733,0.6738705189979407,0.12085983209856074,0.9191860871002168,0.3915628384788671,0.6715579833565805,0.11994303547535345,0.9191860871002168,0.5224119476968746,0.0,0.0,0.0,0.0,0.0,0.0,0.0,0.0,22.916727307822526,4.373408125529948,30.83713889043692,15.410902535381156,22.814560216980485,4.780244238440306,30.18316454185779,17.34655870217925,-1.0,0.0,-1.0,-1.0,-1.0,0.0,-1.0,-1.0,7071.590387438306,4866.33984352457,43017.13662334821,2140.4562634928493,6613.369390946424,3374.0266414289267,12821.45770047512,2285.989771597908,0.0,0.0,0.0,0.0,0.0,0.0,0.0,0.0,6.021138637853356,3.2652107732192888,16.31621525144396,2.892665237709892,5.464140559465995,2.4998129539625067,11.525661832056118,2.9702663699883267,-591.4394755691349,752004.0,192000.0,1920.0,20.99755232681391,5.320489154359555,5.405285370214845,36.247204576816365,6337.383452277209,191.0
20.88092291354853,23.440117615350378,407.2452124187873,-342.6976880742347,220.0148243670439,-17.910305,-711.3697,-371.087929625502,204.3590034752327,-18.164932,-713.02313,-350.26562,204.95451,-20.423449,-716.6757,20.62363,42.340237,273.0835,1.858134e-05,22.777748,89.29952,974.96,8.405186e-08,0.078842185,0.83920085,1.0,-1.0,-6.021138637853356,3.2652107732192888,-2.892665237709892,-16.31621525144396,-615.3794915295551,317.2533533530328,-336.932249417986,-1329.3572379942716,0.04825094,0.7642322,1.0,-1.0,10.0,-5.27398896085637,1.1510867074116815,-3.200396942201844,-11.111341629317838,-532.3987979508302,74.74162634909705,-427.5714665848648,-692.7629092198449,0.0758849798709405,0.6854631657040393,1.0,-1.0,0.3488396535117125,0.1080492343518257,0.6035752353596935,0.2023088120517608,0.3606242223526892,0.1143071390821461,0.5654158757972032,0.2023088120517608,0.01116219045043933,0.009761082150341523,0.01144230988005237,0.0,0.008920030265501155,0.004524784178306773,0.0,0.0007729388671455044,0.006172898997341734,0.0,0.0,0.0032416869716894053,0.000498288156531658,0.0,0.0,0.0,0.0,0.0,0.015697529932176303,0.0,0.0018519185540949942,0.0,0.0,0.0,0.0,0.0,0.0,0.003037667332676363,0.003312139467726551,0.0033434618480990127,0.0,0.003958798917854116,0.2834129279391844,0.07558591438387188,0.5036029149394621,0.08294176107023155,0.28110040524710106,0.07641882532447948,0.45649615531409077,0.15337165627167815,0.37845059035668577,0.0942030386514833,0.48803500951534073,0.2250918533068477,0.3784505774074088,0.0942030410293635,0.48803383663292543,0.2250918533068662,0.7063316277718703,0.08574292420105122,0.8876475984108336,0.42865721171847393,0.7040190921305101,0.08482612757784391,0.8876475984108336,0.5595063209364814,0.0,0.0,0.0,0.0,0.0,0.0,0.0,0.0,22.916727307822526,4.373408125529948,30.83713889043692,15.410902535381156,22.814560216980485,4.780244238440306,30.18316454185779,17.34655870217925,-1.0,0.0,-1.0,-1.0,-1.0,0.0,-1.0,-1.0,7071.590387438306,4866.33984352457,43017.13662334821,2140.4562634928493,6613.369390946424,3374.0266414289267,12821.45770047512,2285.989771597908,0.0,0.0,0.0,0.0,0.0,0.0,0.0,0.0,6.021138637853356,3.2652107732192888,16.31621525144396,2.892665237709892,5.464140559465995,2.4998129539625067,11.525661832056118,2.9702663699883267,-571.6412667063186,756004.0,193000.0,1930.0,24.64543911571669,4.49470239213485,5.0219061151736835,28.175561904172397,6370.987364581153,192.0
22.634720314310414,20.026836940253865,336.27810501585355,-349.88958411118483,185.58299657802237,-17.910305,-711.3697,-369.66776501757323,198.03406978517626,-18.164932,-713.02313,-350.26562,204.95451,-20.423449,-716.6757,20.62363,42.340237,273.0835,1.858134e-05,22.777748,89.29952,974.96,8.405186e-08,0.078842185,0.83920085,1.0,-1.0,-6.021138637853356,3.2652107732192888,-2.892665237709892,-16.31621525144396,-592.8774470838481,320.1755582893426,-336.932249417986,-1329.3572379942716,0.04825094,0.7642322,1.0,-1.0,10.0,-5.27398896085637,1.1510867074116815,-3.200396942201844,-11.111341629317838,-523.3778625151389,77.21715343959906,-427.5714665848648,-692.7629092198449,0.0758849798709405,0.6854631657040393,1.0,-1.0,0.3488396535117125,0.1080492343518257,0.6035752353596935,0.2023088120517608,0.3606242223526892,0.1143071390821461,0.5654158757972032,0.2023088120517608,0.00572470965107484,0.004171177255437203,0.009856575357903795,0.0,0.0,0.0061363563711458215,0.012013301640690071,0.0,0.0,0.0,0.0,0.005155091445840492,0.002014413738890311,0.009569250949673761,0.00915503042034601,0.002419877270472045,0.0072018904209660605,0.013334513553962772,0.002820066378781465,7.191525406861262e-05,0.0,0.008488623546560395,0.0,0.01669063134625488,0.00012495470949191103,0.013893713446048856,0.010711949811856284,0.014654169334566782,0.010419979308751786,0.0,0.0,0.028036980363642744,0.2614387598122186,0.06432737745904643,0.5016710286493086,0.07377450149625117,0.25912623712013527,0.06516028839965404,0.4545642690239372,0.14420439669769775,0.4079856461726321,0.07666622630599028,0.4931405150019563,0.21187110964673594,0.4079856332233551,0.07666622868387048,0.493139342119541,0.21187110964675446,0.6721910767860932,0.09501256614196205,0.8854002943139954,0.43266966738454354,0.669878541144733,0.09409576951875474,0.8854002943139954,0.563518776602551,0.0,0.0,0.0,0.0,0.0,0.0,0.0,0.0,22.916727307822526,4.373408125529948,30.83713889043692,15.410902535381156,22.814560216980485,4.780244238440306,30.18316454185779,17.34655870217925,-1.0,0.0,-1.0,-1.0,-1.0,0.0,-1.0,-1.0,7071.590387438306,4866.33984352457,43017.13662334821,2140.4562634928493,6613.369390946424,3374.0266414289267,12821.45770047512,2285.989771597908,0.0,0.0,0.0,0.0,0.0,0.0,0.0,0.0,6.021138637853356,3.2652107732192888,16.31621525144396,2.892665237709892,5.464140559465995,2.4998129539625067,11.525661832056118,2.9702663699883267,-589.428309449616,760004.0,194000.0,1940.0,21.785453942731863,5.406971892120916,5.073721008368222,29.92394486194178,6404.591276885098,193.0
22.46451295409323,22.3519699795377,367.03462422286066,-335.87833306597895,204.232264503356,-17.910305,-711.3697,-358.923093835449,211.7865588725848,-18.164932,-713.02313,-350.26562,204.95451,-20.423449,-716.6757,20.62363,42.340237,273.0835,1.858134e-05,22.777748,89.29952,974.96,8.405186e-08,0.078842185,0.83920085,1.0,-1.0,-6.021138637853356,3.2652107732192888,-2.892665237709892,-16.31621525144396,-603.1751038124665,319.89859982031385,-336.932249417986,-1329.3572379942716,0.04825094,0.7642322,1.0,-1.0,10.0,-5.27398896085637,1.1510867074116815,-3.200396942201844,-11.111341629317838,-518.7889925543121,73.5329370449741,-427.5714665848648,-692.7629092198449,0.0758849798709405,0.6854631657040393,1.0,-1.0,0.3488396535117125,0.1080492343518257,0.6035752353596935,0.2023088120517608,0.3606242223526892,0.1143071390821461,0.5654158757972032,0.2023088120517608,0.0,0.0,0.02043889795254351,0.0,0.0,0.0,0.0,0.0,0.02817143281897803,0.0,0.002896398110037228,0.0,0.00925574005397704,0.0,0.0,0.0021289405383246715,0.007671764784153105,0.011255411008077407,0.0036982442265780504,0.0,0.00810440951540815,0.0,0.0,0.0,0.0073240855337501415,0.0,0.0,0.014743178875824062,0.010933668343408155,0.00029113741636236057,0.0,0.0012059682796346377,0.27208057163516697,0.08260672639202636,0.45787483651545735,0.05813058107398122,0.26976804894308365,0.08343963733263396,0.41076807689008604,0.1285604762754278,0.3900959880418401,0.10079446826536145,0.5144465447010589,0.19633506458078037,0.3900959750925631,0.10079447064324165,0.5144453718186436,0.19633506458079888,0.6995491352349983,0.11371671219185756,0.8620080698036716,0.3864879847511659,0.697236599593638,0.11279991556865025,0.8620080698036716,0.5173370939691734,0.0,0.0,0.0,0.0,0.0,0.0,0.0,0.0,22.916727307822526,4.373408125529948,30.83713889043692,15.410902535381156,22.814560216980485,4.780244238440306,30.18316454185779,17.34655870217925,-1.0,0.0,-1.0,-1.0,-1.0,0.0,-1.0,-1.0,7071.590387438306,4866.33984352457,43017.13662334821,2140.4562634928493,6613.369390946424,3374.0266414289267,12821.45770047512,2285.989771597908,0.0,0.0,0.0,0.0,0.0,0.0,0.0,0.0,6.021138637853356,3.2652107732192888,16.31621525144396,2.892665237709892,5.464140559465995,2.4998129539625067,11.525661832056118,2.9702663699883267,-583.1586241504799,764004.0,195000.0,1950.0,21.45041860982628,5.318363305166488,5.609551456915929,35.63312791679214,6438.195189189042,194.0
18.243811664718336,25.851259857823624,353.30289941913225,-376.66505196611985,217.00853675534745,-17.910305,-711.3697,-384.1552677432879,189.18680970416955,-18.164932,-713.02313,-350.26562,204.95451,-20.423449,-716.6757,20.62363,42.340237,273.0835,1.858134e-05,22.777748,89.29952,974.96,8.405186e-08,0.078842185,0.83920085,1.0,-1.0,-6.021138637853356,3.2652107732192888,-2.892665237709892,-16.31621525144396,-597.4363039186165,320.62658006284767,-336.932249417986,-1329.3572379942716,0.04825094,0.7642322,1.0,-1.0,10.0,-5.27398896085637,1.1510867074116815,-3.200396942201844,-11.111341629317838,-533.0320683610307,74.5899970544544,-427.5714665848648,-692.7629092198449,0.0758849798709405,0.6854631657040393,1.0,-1.0,0.3488396535117125,0.1080492343518257,0.6035752353596935,0.2023088120517608,0.3606242223526892,0.1143071390821461,0.5654158757972032,0.2023088120517608,0.005602130596940639,0.0,0.006720593312531517,0.012381301488824277,0.0,0.0,0.0023990190554179533,0.0,0.00247669813442108,0.0,0.0011393846709808956,0.0,0.018633265862348383,0.013397732961563453,0.0,0.0,0.010686438800349888,0.0,0.0,0.0,0.0,0.0,0.0,0.0,0.0,0.013970817852758633,0.0,0.0,0.0,0.00910437936587378,0.0,0.006064880289039808,0.2658657138537533,0.08535189359597835,0.49747725328174747,0.09455508091799344,0.26355319116167,0.08618480453658595,0.45037049365637616,0.16498497611944002,0.4047212977039597,0.06897376217228417,0.47740642508452324,0.196663715269341,0.4047212847546827,0.06897376455016437,0.47740525220210794,0.1966637152693595,0.6552746895775154,0.09974775506509115,0.906815177532965,0.34450081463980964,0.6529621539361552,0.09883095844188385,0.906815177532965,0.4753499238578171,0.0,0.0,0.0,0.0,0.0,0.0,0.0,0.0,22.916727307822526,4.373408125529948,30.83713889043692,15.410902535381156,22.814560216980485,4.780244238440306,30.18316454185779,17.34655870217925,-1.0,0.0,-1.0,-1.0,-1.0,0.0,-1.0,-1.0,7071.590387438306,4866.33984352457,43017.13662334821,2140.4562634928493,6613.369390946424,3374.0266414289267,12821.45770047512,2285.989771597908,0.0,0.0,0.0,0.0,0.0,0.0,0.0,0.0,6.021138637853356,3.2652107732192888,16.31621525144396,2.892665237709892,5.464140559465995,2.4998129539625067,11.525661832056118,2.9702663699883267,-600.4163856512449,768004.0,196000.0,1960.0,27.79381509108752,3.9719063604500686,5.7987086100184735,30.458025119015442,6471.799101492987,195.0
20.552419081929195,26.519399010307563,319.82477151726914,-318.6983991814225,196.22146566525424,-17.910305,-711.3697,-310.58487366446815,208.86823957992732,-18.164932,-713.02313,-350.26562,204.95451,-20.423449,-716.6757,20.62363,42.340237,273.0835,1.858134e-05,22.777748,89.29952,974.96,8.405186e-08,0.078842185,0.83920085,1.0,-1.0,-6.021138637853356,3.2652107732192888,-2.892665237709892,-16.31621525144396,-614.0803320640618,314.22864133898213,-336.932249417986,-1329.3572379942716,0.04825094,0.7642322,1.0,-1.0,10.0,-5.27398896085637,1.1510867074116815,-3.200396942201844,-11.111341629317838,-529.6843925129489,74.83877580912784,-427.5714665848648,-692.7629092198449,0.0758849798709405,0.6854631657040393,1.0,-1.0,0.3488396535117125,0.1080492343518257,0.6035752353596935,0.2023088120517608,0.3606242223526892,0.1143071390821461,0.5654158757972032,0.2023088120517608,0.022028872043467176,0.0,0.0029468456176434074,0.0,0.0,0.005220104561223922,0.0,0.0,0.004795904810324058,0.0,0.013277762779730192,0.0,0.0,0.00277351871679186,0.014480691278655955,0.007435591434948965,0.0,0.0,0.0,0.0,0.009703694863960598,0.013687232262350042,0.004492937940634922,0.0,0.011435294958704559,0.008086892747788326,0.0,0.025696407572193446,0.020490931186017598,0.016544159056940507,0.0,0.0,0.25056716110592203,0.11021720923052103,0.4923833236190838,0.07844673938372666,0.24825463841383869,0.11105012017112863,0.4452765639937125,0.14887663458517325,0.4015454788492025,0.11825296692452571,0.48949491643486537,0.19865412736865393,0.4015454658999255,0.1182529693024059,0.48949374355245007,0.19865412736867244,0.7009148980060008,0.12072516625710322,0.918624773927706,0.4109608981576537,0.6986023623646406,0.1198083696338959,0.918624773927706,0.5418100073756612,0.0,0.0,0.0,0.0,0.0,0.0,0.0,0.0,22.916727307822526,4.373408125529948,30.83713889043692,15.410902535381156,22.814560216980485,4.780244238440306,30.18316454185779,17.34655870217925,-1.0,0.0,-1.0,-1.0,-1.0,0.0,-1.0,-1.0,7071.590387438306,4866.33984352457,43017.13662334821,2140.4562634928493,6613.369390946424,3374.0266414289267,12821.45770047512,2285.989771597908,0.0,0.0,0.0,0.0,0.0,0.0,0.0,0.0,6.021138637853356,3.2652107732192888,16.31621525144396,2.892665237709892,5.464140559465995,2.4998129539625067,11.525661832056118,2.9702663699883267,-627.340036775792,772004.0,197000.0,1970.0,26.772859047835254,3.883697802039207,6.365644121309735,32.09081162107906,6505.403013796931,196.0
21.451875615369676,20.193999827139766,356.1662670081895,-358.6623644345246,205.76354449877937,-17.910305,-711.3697,-337.3169250620459,200.69153635892397,-18.164932,-713.02313,-350.26562,204.95451,-20.423449,-716.6757,20.62363,42.340237,273.0835,1.858134e-05,22.777748,89.29952,974.96,8.405186e-08,0.078842185,0.83920085,1.0,-1.0,-6.021138637853356,3.2652107732192888,-2.892665237709892,-16.31621525144396,-604.9397436244561,325.5591096404762,-336.932249417986,-1329.3572379942716,0.04825094,0.7642322,1.0,-1.0,10.0,-5.27398896085637,1.1510867074116815,-3.200396942201844,-11.111341629317838,-508.92472322264746,75.7412835268004,-427.5714665848648,-692.7629092198449,0.0758849798709405,0.6854631657040393,1.0,-1.0,0.3488396535117125,0.1080492343518257,0.6035752353596935,0.2023088120517608,0.3606242223526892,0.1143071390821461,0.5654158757972032,0.2023088120517608,0.012829768615091275,0.008110964591419818,0.005593909270941178,0.004786604411928563,0.0,0.005499316502023038,0.015011797585769367,0.012973354059236566,0.0,0.004879025239130474,0.0,0.0,0.0,0.006333285154055298,0.015230585206579429,0.0,0.0,0.0,0.0,0.0,0.0,0.0,0.0,0.011427475004859987,0.0,0.0027783035700166023,0.0,0.005099443240401903,0.0,0.004997603756225826,0.0019754451253775505,0.0,0.26157930603609186,0.10886275096010722,0.49908677742754054,0.054752717800406754,0.25926678334400854,0.10969566190071482,0.45198001780216923,0.12518261300185335,0.3941724010307754,0.07981569040610964,0.47947771338505774,0.19683609598464263,0.3941723880814984,0.07981569278398984,0.47947654050264243,0.19683609598466115,0.685750946174524,0.11356207557007686,0.8610915112421553,0.3946118294698266,0.6834384105331638,0.11264527894686956,0.8610915112421553,0.5254609386878341,0.0,0.0,0.0,0.0,0.0,0.0,0.0,0.0,22.916727307822526,4.373408125529948,30.83713889043692,15.410902535381156,22.814560216980485,4.780244238440306,30.18316454185779,17.34655870217925,-1.0,0.0,-1.0,-1.0,-1.0,0.0,-1.0,-1.0,7071.590387438306,4866.33984352457,43017.13662334821,2140.4562634928493,6613.369390946424,3374.0266414289267,12821.45770047512,2285.989771597908,0.0,0.0,0.0,0.0,0.0,0.0,0.0,0.0,6.021138637853356,3.2652107732192888,16.31621525144396,2.892665237709892,5.464140559465995,2.4998129539625067,11.525661832056118,2.9702663699883267,-609.6531270989179,776004.0,198000.0,1980.0,24.007671032202513,4.301861032076747,5.939736377915195,34.611309265543305,6539.006926100876,197.0
20.496751220126406,25.389699432557947,414.10825175913874,-339.8407968372292,197.416539351998,-17.910305,-711.3697,-370.575516640641,204.03740446341317,-18.164932,-713.02313,-350.26562,204.95451,-20.423449,-716.6757,20.62363,42.340237,273.0835,1.858134e-05,22.777748,89.29952,974.96,8.405186e-08,0.078842185,0.83920085,1.0,-1.0,-6.021138637853356,3.2652107732192888,-2.892665237709892,-16.31621525144396,-595.562910958002,312.755364457002,-336.932249417986,-1329.3572379942716,0.04825094,0.7642322,1.0,-1.0,10.0,-5.27398896085637,1.1510867074116815,-3.200396942201844,-11.111341629317838,-525.6191376822075,75.9275426201428,-427.5714665848648,-692.7629092198449,0.0758849798709405,0.6854631657040393,1.0,-1.0,0.3488396535117125,0.1080492343518257,0.6035752353596935,0.2023088120517608,0.3606242223526892,0.1143071390821461,0.5654158757972032,0.2023088120517608,0.0,0.010697379803343716,0.009789512086625395,0.0076185370591060255,0.0,0.004016623254740455,0.0,0.016267940825618353,0.02055975821411035,0.005485255422066348,0.0020013501003902125,0.0,0.0,0.002411802626861021,0.0,0.003191805120941117,0.0,0.0,0.014436168949519464,0.009152154384474316,8.438945606056303e-06,0.0,0.0008599812313206435,0.0,0.0041884830843478904,0.007196077390986571,0.007738676936213312,0.0,0.0050196951335100895,0.005851355773951547,0.0,0.0025836862758655396,0.29444794746784514,0.12041263694108643,0.5388787052776569,0.06642009167934611,0.2921354247757618,0.12124554788169403,0.4917719456522856,0.1368499868807927,0.3824895717359314,0.08056848204794612,0.5343107241187706,0.20207227022519664,0.3824895587866544,0.08056848442582631,0.5343095512363552,0.20207227022521515,0.6936452493053625,0.11399719897209354,0.8778879089666799,0.4080579022490074,0.6913327136640023,0.11308040234888625,0.8778879089666799,0.5389070114670148,0.0,0.0,0.0,0.0,0.0,0.0,0.0,0.0,22.916727307822526,4.373408125529948,30.83713889043692,15.410902535381156,22.814560216980485,4.780244238440306,30.18316454185779,17.34655870217925,-1.0,0.0,-1.0,-1.0,-1.0,0.0,-1.0,-1.0,7071.590387438306,4866.33984352457,43017.13662334821,2140.4562634928493,6613.369390946424,3374.0266414289267,12821.45770047512,2285.989771597908,0.0,0.0,0.0,0.0,0.0,0.0,0.0,0.0,6.021138637853356,3.2652107732192888,16.31621525144396,2.892665237709892,5.464140559465995,2.4998129539625067,11.525661832056118,2.9702663699883267,-619.3230987466237,780004.0,199000.0,1990.0,22.512803192640455,5.424061096414978,5.794619006787084,33.12060261740219,6572.61083840482,198.0
22.436029212071077,23.39565313882849,329.5452788706323,-375.11111667572135,199.6139138238152,-17.910305,-711.3697,-358.4559936447999,203.99523785010894,-18.164932,-713.02313,-350.26562,204.95451,-20.423449,-716.6757,20.62363,42.340237,273.0835,1.858134e-05,22.777748,89.29952,974.96,8.405186e-08,0.078842185,0.83920085,1.0,-1.0,-6.021138637853356,3.2652107732192888,-2.892665237709892,-16.31621525144396,-587.9485340400647,310.21323342017365,-336.932249417986,-1329.3572379942716,0.04825094,0.7642322,1.0,-1.0,10.0,-5.27398896085637,1.1510867074116815,-3.200396942201844,-11.111341629317838,-543.6585883899347,71.38116496232578,-427.5714665848648,-692.7629092198449,0.0758849798709405,0.6854631657040393,1.0,-1.0,0.3488396535117125,0.1080492343518257,0.6035752353596935,0.2023088120517608,0.3606242223526892,0.1143071390821461,0.5654158757972032,0.2023088120517608,0.0015434147558133215,0.0,0.0,0.0021665043499196008,0.0036749327435066253,0.0,0.008461984082924484,0.0034664395498019557,0.0,0.0,0.0,0.0,0.007470485784867768,0.0157641280519719,0.011471835851619799,0.0,0.00880140636318467,0.0,0.0013942290629317133,0.0,0.0,0.0,0.0,0.001961349563338757,0.0,0.0,0.0,0.0,0.023106528981518944,0.0,0.003913713351833107,0.0,0.255515249070731,0.08503198426017208,0.5201434917483941,0.061557941831099305,0.25320272637864766,0.08586489520077968,0.4730367321230228,0.1319878370325459,0.4154061743083621,0.06652262408845991,0.5231095214917494,0.2169939632186466,0.4154061613590851,0.0665226264663401,0.5231083486093341,0.21699396321866513,0.6307063583935995,0.09827642467058748,0.8493065920593549,0.4254729452789985,0.6283938227522392,0.09735962804738017,0.8493065920593549,0.5563220544970059,0.0,0.0,0.0,0.0,0.0,0.0,0.0,0.0,22.916727307822526,4.373408125529948,30.83713889043692,15.410902535381156,22.814560216980485,4.780244238440306,30.18316454185779,17.34655870217925,-1.0,0.0,-1.0,-1.0,-1.0,0.0,-1.0,-1.0,7071.590387438306,4866.33984352457,43017.13662334821,2140.4562634928493,6613.369390946424,3374.0266414289267,12821.45770047512,2285.989771597908,0.0,0.0,0.0,0.0,0.0,0.0,0.0,0.0,6.021138637853356,3.2652107732192888,16.31621525144396,2.892665237709892,5.464140559465995,2.4998129539625067,11.525661832056118,2.9702663699883267,-609.1455517275893,784004.0,200000.0,2000.0,24.9023387378234,4.182164627794381,5.757152537153627,34.152944192636724,6606.214750708765,199.0
19.045629955145994,19.814099262168984,338.369765702564,-350.0600003732418,211.27755649269363,-17.910305,-711.3697,-322.48186810036185,202.62799092452815,-18.164932,-713.02313,-350.26562,204.95451,-20.423449,-716.6757,20.62363,42.340237,273.0835,1.858134e-05,22.777748,89.29952,974.96,8.405186e-08,0.078842185,0.83920085,1.0,-1.0,-6.021138637853356,3.2652107732192888,-2.892665237709892,-16.31621525144396,-600.0788848047634,311.9127265795036,-336.932249417986,-1329.3572379942716,0.04825094,0.7642322,1.0,-1.0,10.0,-5.27398896085637,1.1510867074116815,-3.200396942201844,-11.111341629317838,-537.3297162589946,77.17309598874608,-427.5714665848648,-692.7629092198449,0.0758849798709405,0.6854631657040393,1.0,-1.0,0.3488396535117125,0.1080492343518257,0.6035752353596935,0.2023088120517608,0.3606242223526892,0.1143071390821461,0.5654158757972032,0.2023088120517608,0.00788096069129314,0.0,0.0,0.0,0.0030057895851054194,0.011222825343344121,0.004814451365235849,0.004046574610296032,0.0007868258631347028,0.0,0.02452066498320677,0.014203576030549444,0.00423404197313852,0.0,0.0,0.005553216560244359,0.0,0.011056664425871773,0.0,0.0073643404490210855,0.0006284775498786132,0.002232351612918134,0.0,0.0,0.009540970828946883,0.0,0.0035461645201348476,0.0027098601587070676,0.0,0.0,0.0014953295563352167,0.018949223433280156,0.28530035182947583,0.08586104224970631,0.5109813975815904,0.08110923083363177,0.2829878291373925,0.08669395319031391,0.46387463795621914,0.15153912603507835,0.40014064368090074,0.0604633949414153,0.5071851327234869,0.23068003889392577,0.40014063073162376,0.060463397319295495,0.5071839598410716,0.23068003889394428,0.6858091775007837,0.10524134197301453,0.8867602138440002,0.39696442722800324,0.6834966418594235,0.10432454534980723,0.8867602138440002,0.5278135364460107,0.0,0.0,0.0,0.0,0.0,0.0,0.0,0.0,22.916727307822526,4.373408125529948,30.83713889043692,15.410902535381156,22.814560216980485,4.780244238440306,30.18316454185779,17.34655870217925,-1.0,0.0,-1.0,-1.0,-1.0,0.0,-1.0,-1.0,7071.590387438306,4866.33984352457,43017.13662334821,2140.4562634928493,6613.369390946424,3374.0266414289267,12821.45770047512,2285.989771597908,0.0,0.0,0.0,0.0,0.0,0.0,0.0,0.0,6.021138637853356,3.2652107732192888,16.31621525144396,2.892665237709892,5.464140559465995,2.4998129539625067,11.525661832056118,2.9702663699883267,-619.7888480460058,788004.0,201000.0,2010.0,23.840374467014676,4.590440483558658,6.273362880063637,32.01000253881313,6639.818663012709,200.0
23.595764792566523,19.70887196400178,409.63806359917857,-374.46226880308313,215.2335800147345,-17.910305,-711.3697,-367.712579448441,205.54484296536842,-18.164932,-713.02313,-350.26562,204.95451,-20.423449,-716.6757,20.62363,42.340237,273.0835,1.858134e-05,22.777748,89.29952,974.96,8.405186e-08,0.078842185,0.83920085,1.0,-1.0,-6.021138637853356,3.2652107732192888,-2.892665237709892,-16.31621525144396,-596.1129366357434,309.09515234573104,-336.932249417986,-1329.3572379942716,0.04825094,0.7642322,1.0,-1.0,10.0,-5.27398896085637,1.1510867074116815,-3.200396942201844,-11.111341629317838,-545.9310545676664,75.40836701744658,-427.5714665848648,-692.7629092198449,0.0758849798709405,0.6854631657040393,1.0,-1.0,0.3488396535117125,0.1080492343518257,0.6035752353596935,0.2023088120517608,0.3606242223526892,0.1143071390821461,0.5654158757972032,0.2023088120517608,0.0,0.008943759588464582,0.0,0.0030451926271393833,0.0,0.0007215427955819492,0.0,0.011705705373155238,0.0,0.009122300128716836,0.0068486861131616,0.013855123678239153,0.0,0.0,0.0,0.0,0.0,0.0,0.00741305636696904,0.0033021852556431577,0.005163662041594864,0.0004027836216140688,0.003492053184103321,0.003365312373488596,0.0138243896650501,0.008107688375637287,0.010698688847382077,0.010698911278517553,0.0,0.0,0.0,0.0033194802534938497,0.24078751023324088,0.10004771096947267,0.5026404635916205,0.046274373323688354,0.23847498754115756,0.10088062191008026,0.45553370396624915,0.11670426852513494,0.3963818291007838,0.07177847835564215,0.4735032020366836,0.2141008902202974,0.3963818161515068,0.07177848073352235,0.4735020291542683,0.21410089022031592,0.6701994741977899,0.07337410178619828,0.8819838235780593,0.38708869070216256,0.6678869385564297,0.07245730516299098,0.8819838235780593,0.5179377999201701,0.0,0.0,0.0,0.0,0.0,0.0,0.0,0.0,22.916727307822526,4.373408125529948,30.83713889043692,15.410902535381156,22.814560216980485,4.780244238440306,30.18316454185779,17.34655870217925,-1.0,0.0,-1.0,-1.0,-1.0,0.0,-1.0,-1.0,7071.590387438306,4866.33984352457,43017.13662334821,2140.4562634928493,6613.369390946424,3374.0266414289267,12821.45770047512,2285.989771597908,0.0,0.0,0.0,0.0,0.0,0.0,0.0,0.0,6.021138637853356,3.2652107732192888,16.31621525144396,2.892665237709892,5.464140559465995,2.4998129539625067,11.525661832056118,2.9702663699883267,-585.659661422917,792004.0,202000.0,2020.0,23.11214126180917,3.791346702549297,4.3676083733797,29.914741667443245,6673.422575316654,201.0
19.002533028367278,24.02733000168417,367.3945311107373,-356.96311296528836,226.82068990635622,-17.910305,-711.3697,-351.0322283291062,204.2124953329463,-18.164932,-713.02313,-350.26562,204.95451,-20.423449,-716.6757,20.62363,42.340237,273.0835,1.858134e-05,22.777748,89.29952,974.96,8.405186e-08,0.078842185,0.83920085,1.0,-1.0,-6.021138637853356,3.2652107732192888,-2.892665237709892,-16.31621525144396,-606.8626069673589,307.4259503487978,-336.932249417986,-1329.3572379942716,0.04825094,0.7642322,1.0,-1.0,10.0,-5.27398896085637,1.1510867074116815,-3.200396942201844,-11.111341629317838,-524.5753634075953,72.17619583230895,-427.5714665848648,-692.7629092198449,0.0758849798709405,0.6854631657040393,1.0,-1.0,0.3488396535117125,0.1080492343518257,0.6035752353596935,0.2023088120517608,0.3606242223526892,0.1143071390821461,0.5654158757972032,0.2023088120517608,0.0,0.0,0.0056140098137769335,0.0002335077835686034,0.0,0.0,0.008762784036510122,0.0032005086074319866,0.0,0.012509998468293053,0.00027391745627510644,0.0,0.0,0.0,8.529114959740503e-05,0.0,0.0017063657576897567,0.0,0.02228981524881309,0.007131718555072539,0.0,0.010117997282164953,0.003899002289816998,0.0017659022671510341,0.01083616990450502,0.003441048441016376,0.003268160021528174,0.005166970986120015,0.0012119090828564692,0.0,0.0,0.0,0.2927700707664816,0.09835441555179193,0.5302272467120822,0.07045378258390302,0.2904575480743983,0.09918732649239953,0.48312048708671096,0.1408836777853496,0.43237001489882093,0.0662610137445713,0.4709721500446976,0.20848471642550606,0.43237000194954395,0.0662610161224515,0.4709709771622823,0.20848471642552457,0.6841717004915514,0.08722291141979019,0.8839597732036665,0.39165969509717313,0.6818591648501912,0.08630611479658289,0.8839597732036665,0.5225088043151805,0.0,0.0,0.0,0.0,0.0,0.0,0.0,0.0,22.916727307822526,4.373408125529948,30.83713889043692,15.410902535381156,22.814560216980485,4.780244238440306,30.18316454185779,17.34655870217925,-1.0,0.0,-1.0,-1.0,-1.0,0.0,-1.0,-1.0,7071.590387438306,4866.33984352457,43017.13662334821,2140.4562634928493,6613.369390946424,3374.0266414289267,12821.45770047512,2285.989771597908,0.0,0.0,0.0,0.0,0.0,0.0,0.0,0.0,6.021138637853356,3.2652107732192888,16.31621525144396,2.892665237709892,5.464140559465995,2.4998129539625067,11.525661832056118,2.9702663699883267,-612.9100740541469,796004.0,203000.0,2030.0,23.350306113935375,4.241841736493641,4.9877607841616225,33.391843413190536,6707.026487620598,202.0
17.715485301410812,21.057323323949266,395.1044377559224,-335.94587542250906,206.99157561919304,-17.910305,-711.3697,-318.9975410839445,213.30751177325453,-18.164932,-713.02313,-350.26562,204.95451,-20.423449,-716.6757,20.62363,42.340237,273.0835,1.858134e-05,22.777748,89.29952,974.96,8.405186e-08,0.078842185,0.83920085,1.0,-1.0,-6.021138637853356,3.2652107732192888,-2.892665237709892,-16.31621525144396,-597.9952119840281,317.1356991024968,-336.932249417986,-1329.3572379942716,0.04825094,0.7642322,1.0,-1.0,10.0,-5.27398896085637,1.1510867074116815,-3.200396942201844,-11.111341629317838,-534.5063167887645,74.71790406752466,-427.5714665848648,-692.7629092198449,0.0758849798709405,0.6854631657040393,1.0,-1.0,0.3488396535117125,0.1080492343518257,0.6035752353596935,0.2023088120517608,0.3606242223526892,0.1143071390821461,0.5654158757972032,0.2023088120517608,0.0015585140817289407,0.0018115148533150876,0.0,0.0028092895258256746,0.0034562157775482874,0.0,0.004857777403082422,0.0,0.0,0.0,0.0,0.0,0.0,0.0,0.0,0.006628931953199217,0.0,0.019697420258937955,0.0,0.011929906945822074,0.004430598315492468,0.00359997967389315,0.0,0.0,0.0,0.0001530910819491569,0.013937998538089592,0.0,0.01368584681894373,0.0,4.710558164873881e-05,0.0,0.28360325174392376,0.08344735989980721,0.503010210322039,0.07175683185434717,0.28129072905184044,0.08428027084041481,0.4559034506966676,0.14218672705579377,0.39934836219040537,0.09051591234039279,0.5021704315378602,0.17304654492768112,0.3993483492411284,0.09051591471827299,0.5021692586554449,0.17304654492769964,0.6555759104147991,0.11592424028015749,0.8872429219198318,0.38245549824212327,0.6532633747734389,0.11500744365695019,0.8872429219198318,0.5133046074601307,0.0,0.0,0.0,0.0,0.0,0.0,0.0,0.0,22.916727307822526,4.373408125529948,30.83713889043692,15.410902535381156,22.814560216980485,4.780244238440306,30.18316454185779,17.34655870217925,-1.0,0.0,-1.0,-1.0,-1.0,0.0,-1.0,-1.0,7071.590387438306,4866.33984352457,43017.13662334821,2140.4562634928493,6613.369390946424,3374.0266414289267,12821.45770047512,2285.989771597908,0.0,0.0,0.0,0.0,0.0,0.0,0.0,0.0,6.021138637853356,3.2652107732192888,16.31621525144396,2.892665237709892,5.464140559465995,2.4998129539625067,11.525661832056118,2.9702663699883267,-586.0873271395751,800004.0,204000.0,2040.0,23.862979711554544,4.437284749434718,5.359910305608672,33.19379924865238,6740.630399924543,203.0
22.87114862842903,22.825605161869547,399.2839798247285,-336.22942720594017,175.82196591131654,-17.910305,-711.3697,-359.05294699941965,199.2758356750162,-18.164932,-713.02313,-350.26562,204.95451,-20.423449,-716.6757,20.62363,42.340237,273.0835,1.858134e-05,22.777748,89.29952,974.96,8.405186e-08,0.078842185,0.83920085,1.0,-1.0,-6.021138637853356,3.2652107732192888,-2.892665237709892,-16.31621525144396,-591.9863034852893,304.35577778967837,-336.932249417986,-1329.3572379942716,0.04825094,0.7642322,1.0,-1.0,10.0,-5.27398896085637,1.1510867074116815,-3.200396942201844,-11.111341629317838,-550.9872173150353,73.46591654319106,-427.5714665848648,-692.7629092198449,0.0758849798709405,0.6854631657040393,1.0,-1.0,0.3488396535117125,0.1080492343518257,0.6035752353596935,0.2023088120517608,0.3606242223526892,0.1143071390821461,0.5654158757972032,0.2023088120517608,0.021209460860841692,0.01959487789667735,0.0,0.0042010801013056594,0.0,0.0,0.013846654164840076,0.0,0.0,0.0,0.0,0.0033299968786172284,0.016756768270942184,0.0009297354590747771,0.012932639255641521,0.0,3.2318376476933644e-05,0.0,0.0005909439690163397,0.0,0.0,0.0,0.0,0.0015593802727137149,0.0,0.0,0.0,0.0,0.005629079861340294,0.0,0.012247165150380821,0.0021749594918125314,0.2555018297747072,0.0528578983284563,0.5116644358593888,0.08115512482531158,0.2531893070826239,0.053690809269063895,0.46455767623401756,0.15158502002675817,0.3764786149627099,0.12495449983042578,0.5162530786964595,0.21982571624365477,0.3764786020134329,0.12495450220830598,0.5162519058140442,0.21982571624367325,0.6637816589508599,0.12272132775354169,0.8721972731558052,0.37984108463843447,0.6614691233094997,0.12180453113033439,0.8721972731558052,0.510690193856442,0.0,0.0,0.0,0.0,0.0,0.0,0.0,0.0,22.916727307822526,4.373408125529948,30.83713889043692,15.410902535381156,22.814560216980485,4.780244238440306,30.18316454185779,17.34655870217925,-1.0,0.0,-1.0,-1.0,-1.0,0.0,-1.0,-1.0,7071.590387438306,4866.33984352457,43017.13662334821,2140.4562634928493,6613.369390946424,3374.0266414289267,12821.45770047512,2285.989771597908,0.0,0.0,0.0,0.0,0.0,0.0,0.0,0.0,6.021138637853356,3.2652107732192888,16.31621525144396,2.892665237709892,5.464140559465995,2.4998129539625067,11.525661832056118,2.9702663699883267,-614.1567604974911,804004.0,205000.0,2050.0,25.10584477042194,5.337621666235821,5.082188332443744,34.46157405778304,6774.234312228487,204.0
18.49085353941484,18.601049766992354,327.48750546416625,-343.77791069750907,207.2908306917468,-17.910305,-711.3697,-347.0269204992114,225.73664871111094,-18.164932,-713.02313,-350.26562,204.95451,-20.423449,-716.6757,20.62363,42.340237,273.0835,1.858134e-05,22.777748,89.29952,974.96,8.405186e-08,0.078842185,0.83920085,1.0,-1.0,-6.021138637853356,3.2652107732192888,-2.892665237709892,-16.31621525144396,-600.0055132408768,309.3339840004981,-336.932249417986,-1329.3572379942716,0.04825094,0.7642322,1.0,-1.0,10.0,-5.27398896085637,1.1510867074116815,-3.200396942201844,-11.111341629317838,-514.2626289910467,74.30708151722811,-427.5714665848648,-692.7629092198449,0.0758849798709405,0.6854631657040393,1.0,-1.0,0.3488396535117125,0.1080492343518257,0.6035752353596935,0.2023088120517608,0.3606242223526892,0.1143071390821461,0.5654158757972032,0.2023088120517608,0.0,0.004697957378059056,0.0,0.007263573082720587,0.0015282699083300616,0.007323018532965064,0.006609113053229738,0.00040522418657768736,0.0,0.019870461363251945,0.0016120740431642437,0.006072757892066935,0.008545604472987514,0.0,0.0,0.0027595605796800387,0.012577566617518568,0.0,0.029570340779603983,4.5878904450312445e-05,0.0,0.0012374565804781042,0.0,0.0,0.0,0.0,0.0,0.0,0.01312093051800493,0.0023130267117604246,0.003998762149674843,0.0015537682161934064,0.2925287689044708,0.07942147395978688,0.48544391892709965,0.0766568179148591,0.2902162462123875,0.08025438490039448,0.43833715930172834,0.1470867131163057,0.39846775259524275,0.08417995770562173,0.5196904966395709,0.20727015272466762,0.39846773964596577,0.08417996008350193,0.5196893237571556,0.20727015272468613,0.6886130368281747,0.10674500899525273,0.8934736088829206,0.3750254958267596,0.6863005011868144,0.10582821237204543,0.8934736088829206,0.5058746050447671,0.0,0.0,0.0,0.0,0.0,0.0,0.0,0.0,22.916727307822526,4.373408125529948,30.83713889043692,15.410902535381156,22.814560216980485,4.780244238440306,30.18316454185779,17.34655870217925,-1.0,0.0,-1.0,-1.0,-1.0,0.0,-1.0,-1.0,7071.590387438306,4866.33984352457,43017.13662334821,2140.4562634928493,6613.369390946424,3374.0266414289267,12821.45770047512,2285.989771597908,0.0,0.0,0.0,0.0,0.0,0.0,0.0,0.0,6.021138637853356,3.2652107732192888,16.31621525144396,2.892665237709892,5.464140559465995,2.4998129539625067,11.525661832056118,2.9702663699883267,-576.5573273606046,808004.0,206000.0,2060.0,23.52498820027329,4.9967344727291705,6.482140414261133,38.6858027652562,6807.838224532432,205.0
24.342760790252953,17.26590486338849,380.8528780632524,-315.74545031797595,207.02061572245833,-17.910305,-711.3697,-347.5268371797115,212.2778355998497,-18.164932,-713.02313,-350.26562,204.95451,-20.423449,-716.6757,20.62363,42.340237,273.0835,1.858134e-05,22.777748,89.29952,974.96,8.405186e-08,0.078842185,0.83920085,1.0,-1.0,-6.021138637853356,3.2652107732192888,-2.892665237709892,-16.31621525144396,-596.080686668148,299.92442566359,-336.932249417986,-1329.3572379942716,0.04825094,0.7642322,1.0,-1.0,10.0,-5.27398896085637,1.1510867074116815,-3.200396942201844,-11.111341629317838,-527.2235535364846,75.51353842705835,-427.5714665848648,-692.7629092198449,0.0758849798709405,0.6854631657040393,1.0,-1.0,0.3488396535117125,0.1080492343518257,0.6035752353596935,0.2023088120517608,0.3606242223526892,0.1143071390821461,0.5654158757972032,0.2023088120517608,0.014330613976467168,0.010249210369803778,0.0,0.0028668934225046924,0.0006092470965303988,0.0038636221291095773,0.0,0.0,0.006605286051493069,0.005361984494568492,0.01413442056067739,0.00022631341464953683,0.00044197332589966193,0.021797875326088317,0.0,0.0,0.0,0.0,0.0029864829115824323,0.0,0.0,0.010322010894433577,0.0031696106407813635,0.013836573658012632,0.0,0.0,0.0,0.004688321809729785,0.0014897038500346843,0.0,0.00841432251794825,0.011402642703658452,0.2785110998341097,0.0750217066383565,0.5228634255727261,0.09346389541949546,0.2761985771420264,0.07585461757896411,0.4757566659473548,0.16389379062094203,0.3538189821693169,0.10859528917486659,0.4876858092518922,0.20117494651259304,0.3538189692200399,0.10859529155274679,0.4876846363694769,0.20117494651261156,0.6774791536068535,0.0678877412984932,0.8840000950359448,0.38589523362253303,0.6751666179654933,0.06697094467528589,0.8840000950359448,0.5167443428405405,0.0,0.0,0.0,0.0,0.0,0.0,0.0,0.0,22.916727307822526,4.373408125529948,30.83713889043692,15.410902535381156,22.814560216980485,4.780244238440306,30.18316454185779,17.34655870217925,-1.0,0.0,-1.0,-1.0,-1.0,0.0,-1.0,-1.0,7071.590387438306,4866.33984352457,43017.13662334821,2140.4562634928493,6613.369390946424,3374.0266414289267,12821.45770047512,2285.989771597908,0.0,0.0,0.0,0.0,0.0,0.0,0.0,0.0,6.021138637853356,3.2652107732192888,16.31621525144396,2.892665237709892,5.464140559465995,2.4998129539625067,11.525661832056118,2.9702663699883267,-600.828316153013,812004.0,207000.0,2070.0,21.645093218944332,4.417538325864185,5.333098020612787,29.78501596885025,6841.442136836376,206.0
18.215125044085553,21.761489756070148,336.927648431919,-370.9999676298833,194.68274365342333,-17.910305,-711.3697,-354.2262498271837,205.3688724906996,-18.164932,-713.02313,-350.26562,204.95451,-20.423449,-716.6757,20.62363,42.340237,273.0835,1.858134e-05,22.777748,89.29952,974.96,8.405186e-08,0.078842185,0.83920085,1.0,-1.0,-6.021138637853356,3.2652107732192888,-2.892665237709892,-16.31621525144396,-595.5597705491444,307.4403880462913,-336.932249417986,-1329.3572379942716,0.04825094,0.7642322,1.0,-1.0,10.0,-5.27398896085637,1.1510867074116815,-3.200396942201844,-11.111341629317838,-521.6134564361647,76.67965622574606,-427.5714665848648,-692.7629092198449,0.0758849798709405,0.6854631657040393,1.0,-1.0,0.3488396535117125,0.1080492343518257,0.6035752353596935,0.2023088120517608,0.3606242223526892,0.1143071390821461,0.5654158757972032,0.2023088120517608,0.0,0.005531671428694049,0.01998239220768511,0.0,0.0,0.005879551658771043,0.0,0.0,0.0027392889883504495,0.0006484183724772568,0.0,0.005720623912713092,0.0,0.0076174252930167165,0.0,0.004219921576376108,0.0007698189551881194,0.0018919445279589947,0.0,0.0034999319830241,0.0,0.0,0.0,0.0,0.005882587891392354,0.0,0.0,0.006518508401791048,0.01862352503890734,0.0,0.004006295655083597,0.012793584325104015,0.28204208087285393,0.10387938878340189,0.48734145498037784,0.06427958740544835,0.2797295581807706,0.10471229972400949,0.44023469535500653,0.13470948260689494,0.39421334385733486,0.09334629751214704,0.4764267469023909,0.21302969878773084,0.3942133309080579,0.09334629989002724,0.4764255740199756,0.21302969878774936,0.6964974773483528,0.0855120766097734,0.8613877863043509,0.39570627963926513,0.6941849417069925,0.0845952799865661,0.8613877863043509,0.5265553888572726,0.0,0.0,0.0,0.0,0.0,0.0,0.0,0.0,22.916727307822526,4.373408125529948,30.83713889043692,15.410902535381156,22.814560216980485,4.780244238440306,30.18316454185779,17.34655870217925,-1.0,0.0,-1.0,-1.0,-1.0,0.0,-1.0,-1.0,7071.590387438306,4866.33984352457,43017.13662334821,2140.4562634928493,6613.369390946424,3374.0266414289267,12821.45770047512,2285.989771597908,0.0,0.0,0.0,0.0,0.0,0.0,0.0,0.0,6.021138637853356,3.2652107732192888,16.31621525144396,2.892665237709892,5.464140559465995,2.4998129539625067,11.525661832056118,2.9702663699883267,-604.6882930914963,816004.0,208000.0,2080.0,23.214195763133336,4.670296706666387,5.146434108720314,32.23864837264302,6875.046049140321,207.0
24.534883032742446,17.983452570526435,300.40014951012637,-336.2890138993095,195.455220926834,-17.910305,-711.3697,-389.68344832760863,186.11228577101753,-18.164932,-713.02313,-350.26562,204.95451,-20.423449,-716.6757,20.62363,42.340237,273.0835,1.858134e-05,22.777748,89.29952,974.96,8.405186e-08,0.078842185,0.83920085,1.0,-1.0,-6.021138637853356,3.2652107732192888,-2.892665237709892,-16.31621525144396,-599.7453841293274,319.6381972100879,-336.932249417986,-1329.3572379942716,0.04825094,0.7642322,1.0,-1.0,10.0,-5.27398896085637,1.1510867074116815,-3.200396942201844,-11.111341629317838,-542.6717894817726,75.24374151270413,-427.5714665848648,-692.7629092198449,0.0758849798709405,0.6854631657040393,1.0,-1.0,0.3488396535117125,0.1080492343518257,0.6035752353596935,0.2023088120517608,0.3606242223526892,0.1143071390821461,0.5654158757972032,0.2023088120517608,0.0016505874222449174,0.0,0.002523246086711133,0.0,0.0,0.02384718096957191,0.007776356486773003,0.0,0.008621227930195999,0.0,0.0,0.0,0.0,0.00646853274836981,0.0027076676602424566,0.004766992454412177,0.014873048916564569,0.023834526374569107,0.0,0.0010826573938643722,0.0,0.007082544096845348,0.0,0.008877801546426254,0.01684227971536975,0.0015409608267113557,0.0,0.0,0.0,0.0,0.006373261404903637,0.007229239033925967,0.3330758446296314,0.07102336108227263,0.5332943064771143,0.08005943900076609,0.3307633219375481,0.07185627202288022,0.4861875468517429,0.1504893342022127,0.4069251300973939,0.10868318607234027,0.5164703000233822,0.2229421374516403,0.4069251171481169,0.10868318845022047,0.5164691271409669,0.2229421374516588,0.6705497440676711,0.10968295470790773,0.9151810481213624,0.41128204105847244,0.6682372084263108,0.10876615808470043,0.9151810481213624,0.54213115027648,0.0,0.0,0.0,0.0,0.0,0.0,0.0,0.0,22.916727307822526,4.373408125529948,30.83713889043692,15.410902535381156,22.814560216980485,4.780244238440306,30.18316454185779,17.34655870217925,-1.0,0.0,-1.0,-1.0,-1.0,0.0,-1.0,-1.0,7071.590387438306,4866.33984352457,43017.13662334821,2140.4562634928493,6613.369390946424,3374.0266414289267,12821.45770047512,2285.989771597908,0.0,0.0,0.0,0.0,0.0,0.0,0.0,0.0,6.021138637853356,3.2652107732192888,16.31621525144396,2.892665237709892,5.464140559465995,2.4998129539625067,11.525661832056118,2.9702663699883267,-611.1859519246001,820004.0,209000.0,2090.0,22.981445682561976,4.987927088380955,5.237460507318255,34.468904621742674,6908.6499614442655,208.0
23.00365666858254,22.09824044742526,367.76262877124867,-362.9889770452858,216.773483422822,-17.910305,-711.3697,-345.44212737148155,219.06243923134846,-18.164932,-713.02313,-350.26562,204.95451,-20.423449,-716.6757,20.62363,42.340237,273.0835,1.858134e-05,22.777748,89.29952,974.96,8.405186e-08,0.078842185,0.83920085,1.0,-1.0,-6.021138637853356,3.2652107732192888,-2.892665237709892,-16.31621525144396,-585.4830126346429,319.056632440464,-336.932249417986,-1329.3572379942716,0.04825094,0.7642322,1.0,-1.0,10.0,-5.27398896085637,1.1510867074116815,-3.200396942201844,-11.111341629317838,-535.0177683188235,74.62115528821032,-427.5714665848648,-692.7629092198449,0.0758849798709405,0.6854631657040393,1.0,-1.0,0.3488396535117125,0.1080492343518257,0.6035752353596935,0.2023088120517608,0.3606242223526892,0.1143071390821461,0.5654158757972032,0.2023088120517608,0.015809142609087383,0.0,0.008442777521466384,0.0015680686090538138,0.0,0.0,0.0,0.0,0.004372101740847996,0.0,0.0,0.001492667694558394,0.008430275701472796,0.0,0.0,0.0,0.0010092004364979279,0.010451963811196207,0.0,0.0,0.0,0.005156648346046907,0.0054040579718014035,0.0,0.0,0.0,0.0,0.0,0.0,0.0,0.0,0.00768564169660454,0.25770046496273963,0.09890433290334284,0.49506524214493314,0.05902811027752296,0.2553879422706563,0.09973724384395044,0.44795848251956183,0.12945800547896955,0.3760241166697429,0.05450687047410524,0.48620794337724277,0.1478162380084182,0.3760241037204659,0.05450687285198544,0.48620677049482747,0.1478162380084367,0.6659842211367667,0.10399883821041042,0.9053606547414789,0.40432298350280127,0.6636716854954064,0.10308204158720312,0.9053606547414789,0.5351720927208088,0.0,0.0,0.0,0.0,0.0,0.0,0.0,0.0,22.916727307822526,4.373408125529948,30.83713889043692,15.410902535381156,22.814560216980485,4.780244238440306,30.18316454185779,17.34655870217925,-1.0,0.0,-1.0,-1.0,-1.0,0.0,-1.0,-1.0,7071.590387438306,4866.33984352457,43017.13662334821,2140.4562634928493,6613.369390946424,3374.0266414289267,12821.45770047512,2285.989771597908,0.0,0.0,0.0,0.0,0.0,0.0,0.0,0.0,6.021138637853356,3.2652107732192888,16.31621525144396,2.892665237709892,5.464140559465995,2.4998129539625067,11.525661832056118,2.9702663699883267,-587.5812432630753,824004.0,210000.0,2100.0,23.741107731770008,4.865892395584387,5.555126788566057,34.32160526820986,6942.25387374821,209.0
22.162957915861064,21.31319804053833,327.76213204130045,-324.0005523442846,213.06882442884276,-17.910305,-711.3697,-295.3003999510473,192.43167473581457,-18.164932,-713.02313,-350.26562,204.95451,-20.423449,-716.6757,20.62363,42.340237,273.0835,1.858134e-05,22.777748,89.29952,974.96,8.405186e-08,0.078842185,0.83920085,1.0,-1.0,-6.021138637853356,3.2652107732192888,-2.892665237709892,-16.31621525144396,-606.019880547387,314.7271597289913,-336.932249417986,-1329.3572379942716,0.04825094,0.7642322,1.0,-1.0,10.0,-5.27398896085637,1.1510867074116815,-3.200396942201844,-11.111341629317838,-530.2977591313831,75.31709245056102,-427.5714665848648,-692.7629092198449,0.0758849798709405,0.6854631657040393,1.0,-1.0,0.3488396535117125,0.1080492343518257,0.6035752353596935,0.2023088120517608,0.3606242223526892,0.1143071390821461,0.5654158757972032,0.2023088120517608,0.003727175792439002,0.0,0.012469490308195321,0.0,0.019370050173934446,0.0,0.005740433637270173,0.017078502395400895,0.0,0.007426899730574026,0.0030527097336502007,0.0,0.0,0.0021592524313379263,0.0,0.0001073501666933396,0.0,0.0,0.011386446710891876,0.00536433525741826,0.0,0.0,0.0,0.0,0.004991853803219506,0.014087277240814149,0.0,0.007466476645892645,0.0,0.0,0.0,0.0,0.2640939084193095,0.09510831596879843,0.4914278245017497,0.10289385358275137,0.2617813857272262,0.09594122690940603,0.4443210648763784,0.17332374878419796,0.37491493997822856,0.09439326021184738,0.5024316062216302,0.20893793056638243,0.3749149270289516,0.09439326258972758,0.5024304333392149,0.20893793056640095,0.6808583614945173,0.11572942226704998,0.8978250666019522,0.3963223584227827,0.678545825853157,0.11481262564384268,0.8978250666019522,0.5271714676407901,0.0,0.0,0.0,0.0,0.0,0.0,0.0,0.0,22.916727307822526,4.373408125529948,30.83713889043692,15.410902535381156,22.814560216980485,4.780244238440306,30.18316454185779,17.34655870217925,-1.0,0.0,-1.0,-1.0,-1.0,0.0,-1.0,-1.0,7071.590387438306,4866.33984352457,43017.13662334821,2140.4562634928493,6613.369390946424,3374.0266414289267,12821.45770047512,2285.989771597908,0.0,0.0,0.0,0.0,0.0,0.0,0.0,0.0,6.021138637853356,3.2652107732192888,16.31621525144396,2.892665237709892,5.464140559465995,2.4998129539625067,11.525661832056118,2.9702663699883267,-589.0333708130952,828004.0,211000.0,2110.0,22.557258040459548,3.9750859269055776,5.24737306068192,33.008253447910135,6975.857786052155,210.0
22.58994071961057,22.48810632743074,329.75463801496414,-361.1618611843182,210.84238323103617,-17.910305,-711.3697,-341.6563120041406,202.80557123960367,-18.164932,-713.02313,-350.26562,204.95451,-20.423449,-716.6757,20.62363,42.340237,273.0835,1.858134e-05,22.777748,89.29952,974.96,8.405186e-08,0.078842185,0.83920085,1.0,-1.0,-6.021138637853356,3.2652107732192888,-2.892665237709892,-16.31621525144396,-606.3109870116135,309.9472297566499,-336.932249417986,-1329.3572379942716,0.04825094,0.7642322,1.0,-1.0,10.0,-5.27398896085637,1.1510867074116815,-3.200396942201844,-11.111341629317838,-533.1571977915411,76.24549549400348,-427.5714665848648,-692.7629092198449,0.0758849798709405,0.6854631657040393,1.0,-1.0,0.3488396535117125,0.1080492343518257,0.6035752353596935,0.2023088120517608,0.3606242223526892,0.1143071390821461,0.5654158757972032,0.2023088120517608,0.024273376358438323,0.0,0.012819201514531078,0.010610487265286406,0.009528196390867537,0.0,0.008449626016280761,0.0,0.00809246206674707,0.003412802805216737,0.0,0.0,0.0,0.002717960231864707,0.0,0.009901853348929332,0.018095496517800135,0.0,0.00024004195715372146,0.0,0.015865322946808365,0.0,0.012571826285436228,0.0030522606310568424,0.008087142581486491,0.008967872845127027,0.0,0.008457726581957882,0.0,0.004432860433817472,0.0,0.005142523041737771,0.2741522955015272,0.10588926238253474,0.5023465924834294,0.0879062053677029,0.2718397728094439,0.10672217332314234,0.45523983285805814,0.15833610056914948,0.38861134555903226,0.07111134957815214,0.5033167512806204,0.19939111838378937,0.3886113326097553,0.07111135195603234,0.5033155783982051,0.19939111838380788,0.6855518640533654,0.0852889539035069,0.9019428725612781,0.4324336131013508,0.6832393284120052,0.08437215728029959,0.9019428725612781,0.5632827223193583,0.0,0.0,0.0,0.0,0.0,0.0,0.0,0.0,22.916727307822526,4.373408125529948,30.83713889043692,15.410902535381156,22.814560216980485,4.780244238440306,30.18316454185779,17.34655870217925,-1.0,0.0,-1.0,-1.0,-1.0,0.0,-1.0,-1.0,7071.590387438306,4866.33984352457,43017.13662334821,2140.4562634928493,6613.369390946424,3374.0266414289267,12821.45770047512,2285.989771597908,0.0,0.0,0.0,0.0,0.0,0.0,0.0,0.0,6.021138637853356,3.2652107732192888,16.31621525144396,2.892665237709892,5.464140559465995,2.4998129539625067,11.525661832056118,2.9702663699883267,-598.6748325118452,832004.0,212000.0,2120.0,24.456037775196645,4.401453379894894,5.563730981149619,29.65643251618656,7009.461698356099,211.0
18.708010121566733,19.40196675838491,348.56585516363015,-329.11585600747685,216.5874865463583,-17.910305,-711.3697,-396.60658274313033,197.0699558944229,-18.164932,-713.02313,-350.26562,204.95451,-20.423449,-716.6757,20.62363,42.340237,273.0835,1.858134e-05,22.777748,89.29952,974.96,8.405186e-08,0.078842185,0.83920085,1.0,-1.0,-6.021138637853356,3.2652107732192888,-2.892665237709892,-16.31621525144396,-590.435083285464,311.68052491368417,-336.932249417986,-1329.3572379942716,0.04825094,0.7642322,1.0,-1.0,10.0,-5.27398896085637,1.1510867074116815,-3.200396942201844,-11.111341629317838,-507.97894566430716,78.86879707895652,-427.5714665848648,-692.7629092198449,0.0758849798709405,0.6854631657040393,1.0,-1.0,0.3488396535117125,0.1080492343518257,0.6035752353596935,0.2023088120517608,0.3606242223526892,0.1143071390821461,0.5654158757972032,0.2023088120517608,0.01545680206252473,0.0006633280410929817,0.010792184755392753,0.010584586659369217,0.0,0.0,0.01116881943729923,0.014218610408098513,0.0,0.0034207552774420114,0.0,0.005889158489978799,0.0,0.0,0.0,0.0,0.0,0.02231919088060995,0.0011257732947818164,0.0,0.016053703850485566,0.005413145124282663,0.009381047229647135,0.006796237214304124,0.0,0.004611900988455861,0.004349445000116043,0.0009307618138688347,0.0014545558269301992,0.0012317958866090181,0.0,0.01088155217852641,0.3198124717879368,0.07324419516133879,0.5108400363993536,0.052586728934865316,0.3174999490958535,0.07407710610194637,0.4637332767739823,0.1230166241363119,0.4075599976833897,0.08992181588071738,0.47620687671536155,0.2046988730285783,0.4075599847341127,0.08992181825859757,0.47620570383294625,0.20469887302859682,0.6632555915082968,0.1128250320689144,0.8653679393062098,0.4038043183653646,0.6609430558669366,0.11190823544570709,0.8653679393062098,0.5346534275833721,0.0,0.0,0.0,0.0,0.0,0.0,0.0,0.0,22.916727307822526,4.373408125529948,30.83713889043692,15.410902535381156,22.814560216980485,4.780244238440306,30.18316454185779,17.34655870217925,-1.0,0.0,-1.0,-1.0,-1.0,0.0,-1.0,-1.0,7071.590387438306,4866.33984352457,43017.13662334821,2140.4562634928493,6613.369390946424,3374.0266414289267,12821.45770047512,2285.989771597908,0.0,0.0,0.0,0.0,0.0,0.0,0.0,0.0,6.021138637853356,3.2652107732192888,16.31621525144396,2.892665237709892,5.464140559465995,2.4998129539625067,11.525661832056118,2.9702663699883267,-606.4903893548968,836004.0,213000.0,2130.0,25.21337027081472,4.566721067045837,5.767472219762804,28.626544911624894,7043.065610660044,212.0
17.81135036516978,22.08374764285507,349.41354488225085,-321.97576225097856,220.9811990889289,-17.910305,-711.3697,-349.69705173392526,212.01167715005914,-18.164932,-713.02313,-350.26562,204.95451,-20.423449,-716.6757,20.62363,42.340237,273.0835,1.858134e-05,22.777748,89.29952,974.96,8.405186e-08,0.078842185,0.83920085,1.0,-1.0,-6.021138637853356,3.2652107732192888,-2.892665237709892,-16.31621525144396,-596.592071951082,306.34767383787994,-336.932249417986,-1329.3572379942716,0.04825094,0.7642322,1.0,-1.0,10.0,-5.27398896085637,1.1510867074116815,-3.200396942201844,-11.111341629317838,-532.2956239897883,73.06965157444684,-427.5714665848648,-692.7629092198449,0.0758849798709405,0.6854631657040393,1.0,-1.0,0.3488396535117125,0.1080492343518257,0.6035752353596935,0.2023088120517608,0.3606242223526892,0.1143071390821461,0.5654158757972032,0.2023088120517608,0.0016920458218278595,0.0027895324672504948,0.0,0.0,0.0,0.0,0.0,0.0,0.0,0.0,0.0,0.0,0.00047506410481039634,0.008363233768205981,0.01258432357124551,0.0,0.014757496887227444,0.0,0.009345148350865076,0.0027881623341458545,0.013001566402627531,0.0,0.002669970091036163,0.0011118671613567584,0.0005385816054178509,0.014166088463779659,0.0,0.0,0.0034590081445064523,0.0,0.010349829366763605,0.0,0.2616386263090632,0.08748286629047854,0.5172285100286347,0.07917028115368195,0.25932610361697994,0.08831577723108613,0.47012175040326337,0.14960017635512854,0.3854530476785002,0.07724315993174277,0.49573081895638443,0.1975927974754999,0.3854530347292232,0.07724316230962297,0.49572964607396913,0.19759279747551842,0.6819252024817093,0.12007523564915928,0.8795330329697694,0.38408953188071837,0.679612666840349,0.11915843902595198,0.8795330329697694,0.5149386410987258,0.0,0.0,0.0,0.0,0.0,0.0,0.0,0.0,22.916727307822526,4.373408125529948,30.83713889043692,15.410902535381156,22.814560216980485,4.780244238440306,30.18316454185779,17.34655870217925,-1.0,0.0,-1.0,-1.0,-1.0,0.0,-1.0,-1.0,7071.590387438306,4866.33984352457,43017.13662334821,2140.4562634928493,6613.369390946424,3374.0266414289267,12821.45770047512,2285.989771597908,0.0,0.0,0.0,0.0,0.0,0.0,0.0,0.0,6.021138637853356,3.2652107732192888,16.31621525144396,2.892665237709892,5.464140559465995,2.4998129539625067,11.525661832056118,2.9702663699883267,-595.8013534100041,840004.0,214000.0,2140.0,23.486315459475026,4.051566419837583,5.711288593097854,34.75043948698836,7076.669522963988,213.0
21.07047213569379,24.883691442229825,360.87466867002803,-346.457402385945,205.48203495554915,-17.910305,-711.3697,-353.8013644749928,204.54809764314874,-18.164932,-713.02313,-350.26562,204.95451,-20.423449,-716.6757,20.62363,42.340237,273.0835,1.858134e-05,22.777748,89.29952,974.96,8.405186e-08,0.078842185,0.83920085,1.0,-1.0,-6.021138637853356,3.2652107732192888,-2.892665237709892,-16.31621525144396,-585.4209409747089,311.9455731177915,-336.932249417986,-1329.3572379942716,0.04825094,0.7642322,1.0,-1.0,10.0,-5.27398896085637,1.1510867074116815,-3.200396942201844,-11.111341629317838,-516.754191164766,74.4528134554835,-427.5714665848648,-692.7629092198449,0.0758849798709405,0.6854631657040393,1.0,-1.0,0.3488396535117125,0.1080492343518257,0.6035752353596935,0.2023088120517608,0.3606242223526892,0.1143071390821461,0.5654158757972032,0.2023088120517608,0.0,0.0,0.0,0.0,0.0,0.001899050374076834,0.0,0.008744602180211638,0.0,0.0,0.010084679938000267,0.0,0.0,0.012803709174621779,0.0041425087406726634,0.0026520318557056695,0.005166248387003678,0.0,0.012732940203210264,0.0046822648050052285,0.0005345662343497315,0.0095368647547363,0.0,0.0,0.0,0.0021385251855136995,0.0,0.0,0.0,0.0,0.0,0.0,0.27579971462973296,0.07094741052879902,0.5071293557382628,0.06823711888423276,0.27348719193764964,0.07178032146940662,0.4600225961128915,0.13866701408567936,0.40128956820201034,0.1267373965008302,0.44988355081874043,0.21706758507741866,0.40128955525273335,0.1267373988787104,0.44988237793632513,0.21706758507743718,0.6588399507880105,0.11442113346129716,0.8752300006578546,0.3997017038988857,0.6565274151466503,0.11350433683808986,0.8752300006578546,0.5305508131168932,0.0,0.0,0.0,0.0,0.0,0.0,0.0,0.0,22.916727307822526,4.373408125529948,30.83713889043692,15.410902535381156,22.814560216980485,4.780244238440306,30.18316454185779,17.34655870217925,-1.0,0.0,-1.0,-1.0,-1.0,0.0,-1.0,-1.0,7071.590387438306,4866.33984352457,43017.13662334821,2140.4562634928493,6613.369390946424,3374.0266414289267,12821.45770047512,2285.989771597908,0.0,0.0,0.0,0.0,0.0,0.0,0.0,0.0,6.021138637853356,3.2652107732192888,16.31621525144396,2.892665237709892,5.464140559465995,2.4998129539625067,11.525661832056118,2.9702663699883267,-616.3581931739385,844004.0,215000.0,2150.0,24.233950598536534,4.89796931826005,6.944419004309676,36.07417235077189,7110.273435267933,214.0
18.91936079205429,23.12946771038198,273.20016381762053,-333.187021383706,199.78834230580955,-17.910305,-711.3697,-345.8638696803441,210.78543282638182,-18.164932,-713.02313,-350.26562,204.95451,-20.423449,-716.6757,20.62363,42.340237,273.0835,1.858134e-05,22.777748,89.29952,974.96,8.405186e-08,0.078842185,0.83920085,1.0,-1.0,-6.021138637853356,3.2652107732192888,-2.892665237709892,-16.31621525144396,-586.8920501987353,308.9654030312559,-336.932249417986,-1329.3572379942716,0.04825094,0.7642322,1.0,-1.0,10.0,-5.27398896085637,1.1510867074116815,-3.200396942201844,-11.111341629317838,-539.7322908854926,75.66622845185213,-427.5714665848648,-692.7629092198449,0.0758849798709405,0.6854631657040393,1.0,-1.0,0.3488396535117125,0.1080492343518257,0.6035752353596935,0.2023088120517608,0.3606242223526892,0.1143071390821461,0.5654158757972032,0.2023088120517608,0.021159637876898528,0.018534440131236663,0.00026884756061776007,0.0,0.0,0.012392972231680024,0.0,0.0,0.0015386688642697304,0.00670209456696637,0.008738316143690326,0.0026068411072669856,0.0021898482953485584,0.0,0.005897154943732023,0.0020710537197396726,0.0,0.003979072350241512,0.016790156377914225,0.0,0.012821000427090352,0.025115389724471995,0.010002312620968502,0.0,0.0,0.0,0.0023447934111209983,0.008618403273679269,0.01020558010370093,0.0,0.0,0.0014111556157006722,0.3279809503427427,0.10482424186088504,0.486371473325644,0.08647123718035585,0.3256684276506594,0.10565715280149265,0.4392647137002727,0.15690113238180242,0.4097408321247499,0.09686291182194717,0.5033008909903945,0.23384578482801277,0.4097408191754729,0.09686291419982737,0.5032997181079792,0.23384578482803128,0.6909828621059921,0.10473484284343668,0.858218244322833,0.36829768088800163,0.6886703264646319,0.10381804622022937,0.858218244322833,0.4991467901060091,0.0,0.0,0.0,0.0,0.0,0.0,0.0,0.0,22.916727307822526,4.373408125529948,30.83713889043692,15.410902535381156,22.814560216980485,4.780244238440306,30.18316454185779,17.34655870217925,-1.0,0.0,-1.0,-1.0,-1.0,0.0,-1.0,-1.0,7071.590387438306,4866.33984352457,43017.13662334821,2140.4562634928493,6613.369390946424,3374.0266414289267,12821.45770047512,2285.989771597908,0.0,0.0,0.0,0.0,0.0,0.0,0.0,0.0,6.021138637853356,3.2652107732192888,16.31621525144396,2.892665237709892,5.464140559465995,2.4998129539625067,11.525661832056118,2.9702663699883267,-621.3975614729854,848004.0,216000.0,2160.0,25.567576687900466,5.135405734022498,6.211245773662547,32.12068618521793,7143.877347571877,215.0
19.82552059647344,21.98778284877319,398.4234043857589,-327.26235761516375,215.00225767771664,-17.910305,-711.3697,-356.165618416386,220.35588215210566,-18.164932,-713.02313,-350.26562,204.95451,-20.423449,-716.6757,20.62363,42.340237,273.0835,1.858134e-05,22.777748,89.29952,974.96,8.405186e-08,0.078842185,0.83920085,1.0,-1.0,-6.021138637853356,3.2652107732192888,-2.892665237709892,-16.31621525144396,-583.7203600731891,308.9648312375742,-336.932249417986,-1329.3572379942716,0.04825094,0.7642322,1.0,-1.0,10.0,-5.27398896085637,1.1510867074116815,-3.200396942201844,-11.111341629317838,-519.6673006676654,74.76918502264479,-427.5714665848648,-692.7629092198449,0.0758849798709405,0.6854631657040393,1.0,-1.0,0.3488396535117125,0.1080492343518257,0.6035752353596935,0.2023088120517608,0.3606242223526892,0.1143071390821461,0.5654158757972032,0.2023088120517608,0.022080581583827145,0.0,0.011378093684107984,0.0,0.0,0.024779812338606672,0.0,0.0,0.006714210461786691,0.0,0.01175034911327098,0.003776845736983063,0.009552775226558731,0.0,0.0,0.0,0.0027646798145513365,0.011936491571166347,0.0,0.0,0.010064279384668424,0.00251454176034488,0.0185075861130465,0.01409450142968893,0.01893719037327148,0.0038589113074292865,0.0,0.007388578827154001,0.0,0.0,0.0,0.0,0.3041008051368418,0.1012986790028965,0.5093595626568433,0.13035003957833702,0.30178828244475847,0.1021315899435041,0.462252803031472,0.2007799347797836,0.4288490726054588,0.05854964133849794,0.47010982612908475,0.19138333257571366,0.4288490596561818,0.058549643716378136,0.47010865324666945,0.19138333257573217,0.6700735811540077,0.13171921347848864,0.905486315178791,0.4032153813506821,0.6677610455126475,0.13080241685528135,0.905486315178791,0.5340644905686895,0.0,0.0,0.0,0.0,0.0,0.0,0.0,0.0,22.916727307822526,4.373408125529948,30.83713889043692,15.410902535381156,22.814560216980485,4.780244238440306,30.18316454185779,17.34655870217925,-1.0,0.0,-1.0,-1.0,-1.0,0.0,-1.0,-1.0,7071.590387438306,4866.33984352457,43017.13662334821,2140.4562634928493,6613.369390946424,3374.0266414289267,12821.45770047512,2285.989771597908,0.0,0.0,0.0,0.0,0.0,0.0,0.0,0.0,6.021138637853356,3.2652107732192888,16.31621525144396,2.892665237709892,5.464140559465995,2.4998129539625067,11.525661832056118,2.9702663699883267,-604.8130900673553,852004.0,217000.0,2170.0,23.074301908525953,4.900605768261852,6.400209981656944,29.533809005479007,7177.481259875822,216.0
20.997124259711445,22.696271004693,359.20784886109794,-352.80515240410534,223.2906106186381,-17.910305,-711.3697,-345.6209816441743,180.5293361387823,-18.164932,-713.02313,-350.26562,204.95451,-20.423449,-716.6757,20.62363,42.340237,273.0835,1.858134e-05,22.777748,89.29952,974.96,8.405186e-08,0.078842185,0.83920085,1.0,-1.0,-6.021138637853356,3.2652107732192888,-2.892665237709892,-16.31621525144396,-612.7044778219959,311.2160612594639,-336.932249417986,-1329.3572379942716,0.04825094,0.7642322,1.0,-1.0,10.0,-5.27398896085637,1.1510867074116815,-3.200396942201844,-11.111341629317838,-525.7897940202282,76.60719878377823,-427.5714665848648,-692.7629092198449,0.0758849798709405,0.6854631657040393,1.0,-1.0,0.3488396535117125,0.1080492343518257,0.6035752353596935,0.2023088120517608,0.3606242223526892,0.1143071390821461,0.5654158757972032,0.2023088120517608,0.0,0.009880543461814488,0.0,0.0012745529879256052,0.0067465426554879585,0.026260944472566612,0.007573250731898419,0.005070313544007408,0.0,0.0,0.00299339951349909,0.0,0.0,0.02421296377624038,0.0,0.0,0.0,0.0,0.007547578900868149,0.016428987783592728,0.012152919596610932,0.0028986746249877716,0.006320548100169983,0.0006512294436793421,0.0005729434029290475,0.012517611358359243,0.003170465485136716,0.0,0.0004067330981272686,0.006329804160036838,0.019968089629022207,0.003461246882073162,0.2572401424733431,0.10794045001641428,0.5413760294012362,0.07800126865016216,0.2549276197812598,0.10877336095702188,0.4942692697758649,0.14843116385160873,0.38034539492588454,0.10048536444559555,0.5399123089153669,0.20194649918827073,0.38034538197660755,0.10048536682347575,0.5399111360329516,0.20194649918828925,0.6839505215090741,0.0935754077915145,0.9119214087265994,0.3969015362887622,0.6816379858677138,0.0926586111683072,0.9119214087265994,0.5277506455067696,0.0,0.0,0.0,0.0,0.0,0.0,0.0,0.0,22.916727307822526,4.373408125529948,30.83713889043692,15.410902535381156,22.814560216980485,4.780244238440306,30.18316454185779,17.34655870217925,-1.0,0.0,-1.0,-1.0,-1.0,0.0,-1.0,-1.0,7071.590387438306,4866.33984352457,43017.13662334821,2140.4562634928493,6613.369390946424,3374.0266414289267,12821.45770047512,2285.989771597908,0.0,0.0,0.0,0.0,0.0,0.0,0.0,0.0,6.021138637853356,3.2652107732192888,16.31621525144396,2.892665237709892,5.464140559465995,2.4998129539625067,11.525661832056118,2.9702663699883267,-585.6179167411739,856004.0,218000.0,2180.0,20.100902931246633,4.223450272979786,5.290281581330364,32.391411349212156,7211.085172179766,217.0
22.980231238698117,24.02125881814203,342.97856594998376,-348.2369691267796,213.93457133261782,-17.910305,-711.3697,-384.3476093483171,202.8882235755759,-18.164932,-713.02313,-350.26562,204.95451,-20.423449,-716.6757,20.62363,42.340237,273.0835,1.858134e-05,22.777748,89.29952,974.96,8.405186e-08,0.078842185,0.83920085,1.0,-1.0,-6.021138637853356,3.2652107732192888,-2.892665237709892,-16.31621525144396,-585.596248303587,316.58249728418167,-336.932249417986,-1329.3572379942716,0.04825094,0.7642322,1.0,-1.0,10.0,-5.27398896085637,1.1510867074116815,-3.200396942201844,-11.111341629317838,-538.7185623650523,75.5652057783312,-427.5714665848648,-692.7629092198449,0.0758849798709405,0.6854631657040393,1.0,-1.0,0.3488396535117125,0.1080492343518257,0.6035752353596935,0.2023088120517608,0.3606242223526892,0.1143071390821461,0.5654158757972032,0.2023088120517608,0.001992887539666308,0.007367539174757362,0.0,0.0,0.005701366087557397,0.0,0.0,0.01768265811348721,0.0,0.0,0.0001061815336702143,0.0,0.011800600399375596,0.0,0.0,0.0,0.004112191249444687,0.00035811667218174886,0.017945739315863282,0.005177620078926822,0.005925028645873009,0.0,0.0,0.0014312819721396513,0.0,0.0,0.0010142435250751736,0.0,0.022073914197614477,0.011709436532688388,0.0,0.0,0.26461999609025905,0.07326473381989572,0.5012333921986973,0.08764181223482201,0.26230747339817573,0.07409764476050332,0.45412663257332603,0.15807170743626858,0.34168461162481834,0.10361501023197328,0.4884262345087048,0.21607950553875596,0.34168459867554135,0.10361501260985348,0.4884250616262895,0.21607950553877447,0.6691059449031719,0.09438077953303801,0.8939857647980252,0.42815021672821924,0.6667934092618116,0.09346398290983071,0.8939857647980252,0.5589993259462267,0.0,0.0,0.0,0.0,0.0,0.0,0.0,0.0,22.916727307822526,4.373408125529948,30.83713889043692,15.410902535381156,22.814560216980485,4.780244238440306,30.18316454185779,17.34655870217925,-1.0,0.0,-1.0,-1.0,-1.0,0.0,-1.0,-1.0,7071.590387438306,4866.33984352457,43017.13662334821,2140.4562634928493,6613.369390946424,3374.0266414289267,12821.45770047512,2285.989771597908,0.0,0.0,0.0,0.0,0.0,0.0,0.0,0.0,6.021138637853356,3.2652107732192888,16.31621525144396,2.892665237709892,5.464140559465995,2.4998129539625067,11.525661832056118,2.9702663699883267,-597.7129662737148,860004.0,219000.0,2190.0,24.77685928970837,4.934513782301626,5.766379077665321,33.1418176237266,7244.689084483711,218.0
19.920664097796212,25.146419536364917,318.587136691527,-353.53890262470577,223.00443240547673,-17.910305,-711.3697,-358.4559603922043,197.8257651236839,-18.164932,-713.02313,-350.26562,204.95451,-20.423449,-716.6757,20.62363,42.340237,273.0835,1.858134e-05,22.777748,89.29952,974.96,8.405186e-08,0.078842185,0.83920085,1.0,-1.0,-6.021138637853356,3.2652107732192888,-2.892665237709892,-16.31621525144396,-634.8028242455209,309.89355084811547,-336.932249417986,-1329.3572379942716,0.04825094,0.7642322,1.0,-1.0,10.0,-5.27398896085637,1.1510867074116815,-3.200396942201844,-11.111341629317838,-522.1325749503532,73.53366107045616,-427.5714665848648,-692.7629092198449,0.0758849798709405,0.6854631657040393,1.0,-1.0,0.3488396535117125,0.1080492343518257,0.6035752353596935,0.2023088120517608,0.3606242223526892,0.1143071390821461,0.5654158757972032,0.2023088120517608,0.0,0.0,0.002822450847972064,0.0008784977149414583,0.011322772961120007,0.0,0.005160635490025051,0.007166379515624678,0.007538353120150205,0.01825986889326309,0.0036617534129080604,0.0015223948996379484,0.007551494355436583,0.006266990433859114,0.0,0.00647879101727526,0.0,0.0,0.0,0.0,0.0,0.0,0.0,0.0,0.010420451651715837,0.0,0.0,0.007603654888211412,0.0,0.007524224495155227,0.0,0.0,0.2666948499349062,0.11065295791999126,0.4928623743688865,0.09106200322407539,0.2643823272428229,0.11148586886059886,0.4457556147435152,0.16149189842552197,0.41730089947764865,0.06731656403670212,0.47133755740361866,0.22414385561298186,0.41730088652837166,0.06731656641458232,0.47133638452120336,0.22414385561300038,0.6593577812334986,0.09417347065118348,0.8909920165399381,0.39355841571314243,0.6570452455921384,0.09325667402797617,0.8909920165399381,0.52440752493115,0.0,0.0,0.0,0.0,0.0,0.0,0.0,0.0,22.916727307822526,4.373408125529948,30.83713889043692,15.410902535381156,22.814560216980485,4.780244238440306,30.18316454185779,17.34655870217925,-1.0,0.0,-1.0,-1.0,-1.0,0.0,-1.0,-1.0,7071.590387438306,4866.33984352457,43017.13662334821,2140.4562634928493,6613.369390946424,3374.0266414289267,12821.45770047512,2285.989771597908,0.0,0.0,0.0,0.0,0.0,0.0,0.0,0.0,6.021138637853356,3.2652107732192888,16.31621525144396,2.892665237709892,5.464140559465995,2.4998129539625067,11.525661832056118,2.9702663699883267,-592.4963650971096,864004.0,220000.0,2200.0,23.15850070142926,4.463445429269676,5.831971479756843,31.919184925647272,7278.292996787655,219.0
18.51280125901453,22.36401217171959,359.2863344964538,-346.96555910814374,178.00209228427474,-17.910305,-711.3697,-329.62537816940016,196.27580645063364,-18.164932,-713.02313,-350.26562,204.95451,-20.423449,-716.6757,20.62363,42.340237,273.0835,1.858134e-05,22.777748,89.29952,974.96,8.405186e-08,0.078842185,0.83920085,1.0,-1.0,-6.021138637853356,3.2652107732192888,-2.892665237709892,-16.31621525144396,-595.6444577179367,307.0502560844082,-336.932249417986,-1329.3572379942716,0.04825094,0.7642322,1.0,-1.0,10.0,-5.27398896085637,1.1510867074116815,-3.200396942201844,-11.111341629317838,-542.0219071239922,75.93290529521701,-427.5714665848648,-692.7629092198449,0.0758849798709405,0.6854631657040393,1.0,-1.0,0.3488396535117125,0.1080492343518257,0.6035752353596935,0.2023088120517608,0.3606242223526892,0.1143071390821461,0.5654158757972032,0.2023088120517608,0.021937524135834698,0.0,0.0,0.0,0.0,0.009896291631740984,0.0,0.011684294167256193,0.0,0.0,0.012746418464269691,0.005517470569566109,0.0,0.0035133617956950814,0.0020340090271135872,0.0050383330857304565,0.0,0.0,0.0,0.01673160985808652,0.0,0.004543421357564337,0.0,0.0,0.004960124125663298,0.0,0.019921935292023955,0.00274779632404153,0.0,0.001905566525476634,0.009097734227786685,0.003091062123474876,0.2745109769413849,0.09758910674055422,0.4969796979299385,0.05767203104546106,0.27219845424930156,0.09842201768116182,0.4498729383045672,0.12810192624690764,0.39035689513281147,0.08531976290469125,0.4737091586428571,0.23588747792071774,0.3903568821835345,0.08531976528257144,0.4737079857604418,0.23588747792073625,0.6777777614199763,0.1121195771898479,0.9002228554803452,0.4146130802883022,0.675465225778616,0.1112027805666406,0.9002228554803452,0.5454621895063096,0.0,0.0,0.0,0.0,0.0,0.0,0.0,0.0,22.916727307822526,4.373408125529948,30.83713889043692,15.410902535381156,22.814560216980485,4.780244238440306,30.18316454185779,17.34655870217925,-1.0,0.0,-1.0,-1.0,-1.0,0.0,-1.0,-1.0,7071.590387438306,4866.33984352457,43017.13662334821,2140.4562634928493,6613.369390946424,3374.0266414289267,12821.45770047512,2285.989771597908,0.0,0.0,0.0,0.0,0.0,0.0,0.0,0.0,6.021138637853356,3.2652107732192888,16.31621525144396,2.892665237709892,5.464140559465995,2.4998129539625067,11.525661832056118,2.9702663699883267,-613.2547621802587,868004.0,221000.0,2210.0,23.32212775324061,4.22739983831764,5.645208772669873,30.054016256501992,7311.8969090916,220.0
17.017447321488135,25.564044108140735,338.97027159439887,-362.04086640386896,208.35623129859286,-17.910305,-711.3697,-339.18181310798184,216.23928408593326,-18.164932,-713.02313,-350.26562,204.95451,-20.423449,-716.6757,20.62363,42.340237,273.0835,1.858134e-05,22.777748,89.29952,974.96,8.405186e-08,0.078842185,0.83920085,1.0,-1.0,-6.021138637853356,3.2652107732192888,-2.892665237709892,-16.31621525144396,-590.0601475484002,308.3334173121186,-336.932249417986,-1329.3572379942716,0.04825094,0.7642322,1.0,-1.0,10.0,-5.27398896085637,1.1510867074116815,-3.200396942201844,-11.111341629317838,-540.1174389942078,76.07797171685472,-427.5714665848648,-692.7629092198449,0.0758849798709405,0.6854631657040393,1.0,-1.0,0.3488396535117125,0.1080492343518257,0.6035752353596935,0.2023088120517608,0.3606242223526892,0.1143071390821461,0.5654158757972032,0.2023088120517608,0.011538113589555957,0.0,0.01818991140425211,0.0037608605101402477,0.0,0.007804042781123094,0.0,0.0,0.0,0.0016530256629150814,0.01772066593127339,0.0025345632736333713,0.005957933873589549,0.0,0.0,0.0006503214944724296,0.0035405470730561273,0.004682302176275102,0.0,0.0074328811228532785,0.00039817827415803157,0.01086595326871467,0.0,0.0,0.0,0.0,0.0,0.00603115430450287,0.0,0.005035723915669896,0.0,0.0,0.29210839341600875,0.08156419401504902,0.5066197456845424,0.08080516403681086,0.28979587072392543,0.08239710495565662,0.45951298605917107,0.15123505923825745,0.38181773889588905,0.06489654092050014,0.49746773665630334,0.21167331035923848,0.38181772594661206,0.06489654329838034,0.49746656377388804,0.211673310359257,0.7035538511300014,0.10775358684724803,0.8639309716878463,0.4065262329876579,0.7012413154886411,0.10683679022404073,0.8639309716878463,0.5373753422056654,0.0,0.0,0.0,0.0,0.0,0.0,0.0,0.0,22.916727307822526,4.373408125529948,30.83713889043692,15.410902535381156,22.814560216980485,4.780244238440306,30.18316454185779,17.34655870217925,-1.0,0.0,-1.0,-1.0,-1.0,0.0,-1.0,-1.0,7071.590387438306,4866.33984352457,43017.13662334821,2140.4562634928493,6613.369390946424,3374.0266414289267,12821.45770047512,2285.989771597908,0.0,0.0,0.0,0.0,0.0,0.0,0.0,0.0,6.021138637853356,3.2652107732192888,16.31621525144396,2.892665237709892,5.464140559465995,2.4998129539625067,11.525661832056118,2.9702663699883267,-598.4234705505858,872004.0,222000.0,2220.0,22.923467694992343,5.02593894044382,6.398303679338963,39.36283978370353,7345.500821395544,221.0
19.490125298337382,19.271841975227886,263.5273555911145,-371.91977213689506,211.4276840815258,-17.910305,-711.3697,-341.5649660981323,198.03158536381332,-18.164932,-713.02313,-350.26562,204.95451,-20.423449,-716.6757,20.62363,42.340237,273.0835,1.858134e-05,22.777748,89.29952,974.96,8.405186e-08,0.078842185,0.83920085,1.0,-1.0,-6.021138637853356,3.2652107732192888,-2.892665237709892,-16.31621525144396,-607.425714975082,310.5579664597106,-336.932249417986,-1329.3572379942716,0.04825094,0.7642322,1.0,-1.0,10.0,-5.27398896085637,1.1510867074116815,-3.200396942201844,-11.111341629317838,-549.9960547171285,76.35770563765358,-427.5714665848648,-692.7629092198449,0.0758849798709405,0.6854631657040393,1.0,-1.0,0.3488396535117125,0.1080492343518257,0.6035752353596935,0.2023088120517608,0.3606242223526892,0.1143071390821461,0.5654158757972032,0.2023088120517608,0.0,0.0,0.0,0.002691212964204298,0.0032258750228941345,0.0,0.0,0.0,0.0,0.0062704459545352646,0.0,0.013266973720974098,0.00078689385059747,0.0,0.0,0.013279159275294784,0.0,0.002323123287842844,0.0017591579587127688,0.0007576590980727677,0.019502887210860024,0.0,0.0,0.0,0.0,0.016648736205642757,0.0,0.0,0.0,0.0,0.0,0.006717923128672525,0.283595345071692,0.09227359404569391,0.502379367170122,0.05764619552118457,0.28128282237960867,0.0931065049863015,0.45527260754475074,0.12807609072263115,0.4121665969895969,0.09152222889139577,0.4600991672380665,0.21703274384647672,0.4121665840403199,0.09152223126927597,0.4600979943556512,0.21703274384649524,0.674223562574636,0.1024397518412803,0.912152479190514,0.3684564063162505,0.6719110269332758,0.101522955218073,0.912152479190514,0.49930551553425795,0.0,0.0,0.0,0.0,0.0,0.0,0.0,0.0,22.916727307822526,4.373408125529948,30.83713889043692,15.410902535381156,22.814560216980485,4.780244238440306,30.18316454185779,17.34655870217925,-1.0,0.0,-1.0,-1.0,-1.0,0.0,-1.0,-1.0,7071.590387438306,4866.33984352457,43017.13662334821,2140.4562634928493,6613.369390946424,3374.0266414289267,12821.45770047512,2285.989771597908,0.0,0.0,0.0,0.0,0.0,0.0,0.0,0.0,6.021138637853356,3.2652107732192888,16.31621525144396,2.892665237709892,5.464140559465995,2.4998129539625067,11.525661832056118,2.9702663699883267,-578.0857991319025,876004.0,223000.0,2230.0,25.497835901788818,5.396525653230478,5.4638866605419745,27.6035990960668,7379.104733699489,222.0
21.782373184128954,22.483387275515284,295.3072713452339,-355.1979842994956,212.91136299719844,-17.910305,-711.3697,-359.361004400936,201.55657162513705,-18.164932,-713.02313,-350.26562,204.95451,-20.423449,-716.6757,20.62363,42.340237,273.0835,1.858134e-05,22.777748,89.29952,974.96,8.405186e-08,0.078842185,0.83920085,1.0,-1.0,-6.021138637853356,3.2652107732192888,-2.892665237709892,-16.31621525144396,-598.7005265898717,320.5503052351142,-336.932249417986,-1329.3572379942716,0.04825094,0.7642322,1.0,-1.0,10.0,-5.27398896085637,1.1510867074116815,-3.200396942201844,-11.111341629317838,-520.9344595815344,72.47234019800311,-427.5714665848648,-692.7629092198449,0.0758849798709405,0.6854631657040393,1.0,-1.0,0.3488396535117125,0.1080492343518257,0.6035752353596935,0.2023088120517608,0.3606242223526892,0.1143071390821461,0.5654158757972032,0.2023088120517608,0.0036291139413288875,0.0,0.016845959233009616,0.0,0.0,0.0,0.0,0.0,0.0,0.01122904076396298,0.005869402893126819,0.0,0.006996549819889207,0.008773093854790878,0.0,0.007741211302323152,0.020632473310662175,0.005766187078089889,0.0,0.0,0.0,0.0,0.0,0.0,0.0006196970652075086,0.0010197652376726812,0.0,0.007298911901739842,0.0019116577762854905,0.0005218648820897179,0.0,0.0,0.2878486427575673,0.09652163453658691,0.49826750778287215,0.06090688102305235,0.2855361200654839,0.0973545454771945,0.45116074815750085,0.13133677622449894,0.39195563199437633,0.1001789221320735,0.5128512614330182,0.2561701948456968,0.39195561904509935,0.10017892450995369,0.5128500885506029,0.25617019484571535,0.6703390414230697,0.09372269629874339,0.8922825555565436,0.40195708692623394,0.6680265057817094,0.09280589967553608,0.8922825555565436,0.5328061961442414,0.0,0.0,0.0,0.0,0.0,0.0,0.0,0.0,22.916727307822526,4.373408125529948,30.83713889043692,15.410902535381156,22.814560216980485,4.780244238440306,30.18316454185779,17.34655870217925,-1.0,0.0,-1.0,-1.0,-1.0,0.0,-1.0,-1.0,7071.590387438306,4866.33984352457,43017.13662334821,2140.4562634928493,6613.369390946424,3374.0266414289267,12821.45770047512,2285.989771597908,0.0,0.0,0.0,0.0,0.0,0.0,0.0,0.0,6.021138637853356,3.2652107732192888,16.31621525144396,2.892665237709892,5.464140559465995,2.4998129539625067,11.525661832056118,2.9702663699883267,-599.571171978121,880004.0,224000.0,2240.0,21.045460656536243,3.695632762985194,5.552423834144454,39.36837021266054,7412.708646003433,223.0
19.595282918574977,23.96108722953252,363.10409176450673,-366.087475146567,217.3193308129698,-17.910305,-711.3697,-345.130777467038,199.57177658628166,-18.164932,-713.02313,-350.26562,204.95451,-20.423449,-716.6757,20.62363,42.340237,273.0835,1.858134e-05,22.777748,89.29952,974.96,8.405186e-08,0.078842185,0.83920085,1.0,-1.0,-6.021138637853356,3.2652107732192888,-2.892665237709892,-16.31621525144396,-599.437099350585,309.29687037154446,-336.932249417986,-1329.3572379942716,0.04825094,0.7642322,1.0,-1.0,10.0,-5.27398896085637,1.1510867074116815,-3.200396942201844,-11.111341629317838,-533.2521381467103,76.37607518095805,-427.5714665848648,-692.7629092198449,0.0758849798709405,0.6854631657040393,1.0,-1.0,0.3488396535117125,0.1080492343518257,0.6035752353596935,0.2023088120517608,0.3606242223526892,0.1143071390821461,0.5654158757972032,0.2023088120517608,0.0,0.024658059950947442,0.004199598278810067,0.0,0.0,0.0,0.0003423859916196422,0.006620936943474344,0.0,0.0,0.0,0.0,0.0,0.009563662961370237,0.0012416276332167413,0.01048617796869113,0.013398945147903914,0.0,0.009675637307699247,0.00987401436264433,0.003484859891232554,0.0,0.012381868633722204,0.01552176169009267,0.0037028968620422065,0.0,0.008040959891511898,0.0,0.0,0.0,0.0,0.01735747095978132,0.3039880143322219,0.1082711974616365,0.5290560112826299,0.07868765998211559,0.30167549164013857,0.1091041084022441,0.4819492516572586,0.14911755518356218,0.4051930321712317,0.05431029118896068,0.4820246281560428,0.20923119453073824,0.4051930192219547,0.054310293566840875,0.4820234552736275,0.20923119453075675,0.663297962584142,0.08615532117958616,0.9069480353002662,0.37946937414948156,0.6609854269427817,0.08523852455637884,0.9069480353002662,0.5103184833674891,0.0,0.0,0.0,0.0,0.0,0.0,0.0,0.0,22.916727307822526,4.373408125529948,30.83713889043692,15.410902535381156,22.814560216980485,4.780244238440306,30.18316454185779,17.34655870217925,-1.0,0.0,-1.0,-1.0,-1.0,0.0,-1.0,-1.0,7071.590387438306,4866.33984352457,43017.13662334821,2140.4562634928493,6613.369390946424,3374.0266414289267,12821.45770047512,2285.989771597908,0.0,0.0,0.0,0.0,0.0,0.0,0.0,0.0,6.021138637853356,3.2652107732192888,16.31621525144396,2.892665237709892,5.464140559465995,2.4998129539625067,11.525661832056118,2.9702663699883267,-608.3809027710297,884004.0,225000.0,2250.0,23.22119354413503,4.5067224123201015,6.230039503988449,33.43974879900628,7446.312558307378,224.0
18.502666600042613,25.525488107768908,422.40289056129285,-360.317263006078,208.4165532077647,-17.910305,-711.3697,-352.3850372211631,196.12594818987392,-18.164932,-713.02313,-350.26562,204.95451,-20.423449,-716.6757,20.62363,42.340237,273.0835,1.858134e-05,22.777748,89.29952,974.96,8.405186e-08,0.078842185,0.83920085,1.0,-1.0,-6.021138637853356,3.2652107732192888,-2.892665237709892,-16.31621525144396,-587.9018258187979,304.3023404318741,-336.932249417986,-1329.3572379942716,0.04825094,0.7642322,1.0,-1.0,10.0,-5.27398896085637,1.1510867074116815,-3.200396942201844,-11.111341629317838,-522.2453993404332,75.24345481075387,-427.5714665848648,-692.7629092198449,0.0758849798709405,0.6854631657040393,1.0,-1.0,0.3488396535117125,0.1080492343518257,0.6035752353596935,0.2023088120517608,0.3606242223526892,0.1143071390821461,0.5654158757972032,0.2023088120517608,0.0,0.011761248959552502,0.0,0.009209248524775641,0.0,0.0,0.0,0.0,0.0,0.01367254381905721,0.006633111013723313,0.017833034005774923,0.003805895040601365,0.004350489045697947,0.0026397031439157775,0.006191344552314698,0.0,0.003149320046269683,0.008842699493196129,0.0,0.008476360420329912,0.0,0.0,0.005620295423624618,0.0013900213815679439,0.020772937156877162,0.006401460832195265,0.0,0.006048572664757851,0.0,0.0,0.003528682314618194,0.2719791960495608,0.05659815615419665,0.5123510118527878,0.03199716108171493,0.26966667335747746,0.05743106709480425,0.46524425222741644,0.10242705628316151,0.3817201486776667,0.08168221931136109,0.5026151682995876,0.20360115833508882,0.3817201357283897,0.08168222168924129,0.5026139954171723,0.20360115833510734,0.6595453501712806,0.09914756669817451,0.8685042653606275,0.4037637528893516,0.6572328145299203,0.09823077007496721,0.8685042653606275,0.534612862107359,0.0,0.0,0.0,0.0,0.0,0.0,0.0,0.0,22.916727307822526,4.373408125529948,30.83713889043692,15.410902535381156,22.814560216980485,4.780244238440306,30.18316454185779,17.34655870217925,-1.0,0.0,-1.0,-1.0,-1.0,0.0,-1.0,-1.0,7071.590387438306,4866.33984352457,43017.13662334821,2140.4562634928493,6613.369390946424,3374.0266414289267,12821.45770047512,2285.989771597908,0.0,0.0,0.0,0.0,0.0,0.0,0.0,0.0,6.021138637853356,3.2652107732192888,16.31621525144396,2.892665237709892,5.464140559465995,2.4998129539625067,11.525661832056118,2.9702663699883267,-591.3370713187719,888004.0,226000.0,2260.0,18.092087297876475,4.941272406871235,5.729727756464518,33.513006048183584,7479.916470611322,225.0
22.033686061212535,20.867513512767268,390.2495825504893,-371.2369362668155,203.41540531014476,-17.910305,-711.3697,-355.56537861728174,212.62735253541086,-18.164932,-713.02313,-350.26562,204.95451,-20.423449,-716.6757,20.62363,42.340237,273.0835,1.858134e-05,22.777748,89.29952,974.96,8.405186e-08,0.078842185,0.83920085,1.0,-1.0,-6.021138637853356,3.2652107732192888,-2.892665237709892,-16.31621525144396,-618.1072348032523,308.345560247534,-336.932249417986,-1329.3572379942716,0.04825094,0.7642322,1.0,-1.0,10.0,-5.27398896085637,1.1510867074116815,-3.200396942201844,-11.111341629317838,-531.5802486051319,74.86972351765027,-427.5714665848648,-692.7629092198449,0.0758849798709405,0.6854631657040393,1.0,-1.0,0.3488396535117125,0.1080492343518257,0.6035752353596935,0.2023088120517608,0.3606242223526892,0.1143071390821461,0.5654158757972032,0.2023088120517608,0.0,0.0,0.014156395086663623,0.004639501344178066,0.0,0.009674866854272697,0.0,0.0,0.0,0.0,0.004268492712681655,0.0,0.00959451038401466,0.0,0.0,0.0,0.0,0.0,0.008015597694991139,0.0,0.01734791577085735,0.0,0.015403903478513422,0.0,0.0,6.89454006228422e-05,0.003473779330553022,0.005045380038374148,0.005564098417404469,0.0076574405482981965,0.0,0.0,0.2759310729722324,0.07715207444617028,0.4830702437844578,0.05666265804452092,0.2736185502801491,0.07798498538677788,0.4359634841590865,0.12709255324596752,0.3841101185025871,0.08029129087180786,0.49643385799890866,0.21004753935500733,0.3841101055533101,0.08029129324968806,0.49643268511649336,0.21004753935502585,0.6838760547838603,0.11748513779855142,0.9123239060422077,0.4047878630834283,0.6815635191425,0.11656834117534412,0.9123239060422077,0.5356369723014357,0.0,0.0,0.0,0.0,0.0,0.0,0.0,0.0,22.916727307822526,4.373408125529948,30.83713889043692,15.410902535381156,22.814560216980485,4.780244238440306,30.18316454185779,17.34655870217925,-1.0,0.0,-1.0,-1.0,-1.0,0.0,-1.0,-1.0,7071.590387438306,4866.33984352457,43017.13662334821,2140.4562634928493,6613.369390946424,3374.0266414289267,12821.45770047512,2285.989771597908,0.0,0.0,0.0,0.0,0.0,0.0,0.0,0.0,6.021138637853356,3.2652107732192888,16.31621525144396,2.892665237709892,5.464140559465995,2.4998129539625067,11.525661832056118,2.9702663699883267,-599.3360608386944,892004.0,227000.0,2270.0,24.701549904641094,4.009783928326333,6.316769409962574,34.93173069202971,7513.520382915267,226.0
18.80163546406645,22.63589200991135,317.9102728172757,-360.28579896794236,194.2236921618612,-17.910305,-711.3697,-331.4159709695185,210.60465937147276,-18.164932,-713.02313,-350.26562,204.95451,-20.423449,-716.6757,20.62363,42.340237,273.0835,1.858134e-05,22.777748,89.29952,974.96,8.405186e-08,0.078842185,0.83920085,1.0,-1.0,-6.021138637853356,3.2652107732192888,-2.892665237709892,-16.31621525144396,-619.7810717233738,308.185548020091,-336.932249417986,-1329.3572379942716,0.04825094,0.7642322,1.0,-1.0,10.0,-5.27398896085637,1.1510867074116815,-3.200396942201844,-11.111341629317838,-510.6270381882384,75.21918734930503,-427.5714665848648,-692.7629092198449,0.0758849798709405,0.6854631657040393,1.0,-1.0,0.3488396535117125,0.1080492343518257,0.6035752353596935,0.2023088120517608,0.3606242223526892,0.1143071390821461,0.5654158757972032,0.2023088120517608,0.0026377863593431638,0.0,0.017328589527922458,0.0,0.0,0.016799480421831416,0.0,0.0009522356058911109,0.0001304351444913398,0.007147075762877413,0.001165351585209765,0.0,0.0005152429422211005,0.0,0.0,0.019628617366965494,0.0,0.016974674126045804,0.0,0.0019930882561142423,0.0,0.0,0.0,0.0027680047784896062,0.0,0.0,0.0,0.0,0.000713230280082347,0.00022397364993708495,0.012415719729296122,0.018341513840501835,0.31511418244421335,0.11706548691290415,0.47383444633021565,0.05828422489157904,0.31280165975213003,0.11789839785351175,0.42672768670484434,0.12871412009302563,0.4097550709837656,0.08032729000708679,0.5058981431753289,0.217294461342786,0.40975505803448864,0.08032729238496698,0.5058969702929136,0.2172944613428045,0.6477263207284145,0.08630616252671573,0.887805874543548,0.40084659414633,0.6454137850870543,0.08538936590350843,0.887805874543548,0.5316957033643375,0.0,0.0,0.0,0.0,0.0,0.0,0.0,0.0,22.916727307822526,4.373408125529948,30.83713889043692,15.410902535381156,22.814560216980485,4.780244238440306,30.18316454185779,17.34655870217925,-1.0,0.0,-1.0,-1.0,-1.0,0.0,-1.0,-1.0,7071.590387438306,4866.33984352457,43017.13662334821,2140.4562634928493,6613.369390946424,3374.0266414289267,12821.45770047512,2285.989771597908,0.0,0.0,0.0,0.0,0.0,0.0,0.0,0.0,6.021138637853356,3.2652107732192888,16.31621525144396,2.892665237709892,5.464140559465995,2.4998129539625067,11.525661832056118,2.9702663699883267,-597.6607907742575,896004.0,228000.0,2280.0,19.726478940943142,5.057252876888113,5.6213508788601985,32.83502605136196,7547.1242952192115,227.0
21.371193020470976,27.385734693959396,348.40306169519056,-365.1515057673691,190.30707947582482,-17.910305,-711.3697,-364.2553080184148,205.7192992192445,-18.164932,-713.02313,-350.26562,204.95451,-20.423449,-716.6757,20.62363,42.340237,273.0835,1.858134e-05,22.777748,89.29952,974.96,8.405186e-08,0.078842185,0.83920085,1.0,-1.0,-6.021138637853356,3.2652107732192888,-2.892665237709892,-16.31621525144396,-598.6878199198703,311.4603446147025,-336.932249417986,-1329.3572379942716,0.04825094,0.7642322,1.0,-1.0,10.0,-5.27398896085637,1.1510867074116815,-3.200396942201844,-11.111341629317838,-509.94136661070337,73.31495959347487,-427.5714665848648,-692.7629092198449,0.0758849798709405,0.6854631657040393,1.0,-1.0,0.3488396535117125,0.1080492343518257,0.6035752353596935,0.2023088120517608,0.3606242223526892,0.1143071390821461,0.5654158757972032,0.2023088120517608,0.0,0.01014744420718552,0.009935445397948706,0.012038150284280328,0.00912524239430202,0.0,0.0,6.0971051089127276e-05,0.0,0.01691720842516715,0.0030656631441958655,0.004121252029193582,0.0,0.0038496704551184762,0.0007047938862847915,0.013248034662458826,0.0,0.015404855953094742,0.0,0.0,0.0,0.0,0.0,0.003426191932022666,0.0,0.0,0.007460715712284606,0.015679674562903863,0.005572266667550784,0.006518451754465122,0.0,0.027489525582766867,0.2629428438415825,0.07428845760534096,0.5052434478372155,0.11238026750898611,0.26063032114949924,0.07512136854594856,0.45813668821184417,0.1828101627104327,0.40323561411007625,0.06782627821279884,0.49518281492414085,0.19093847110564016,0.40323560116079926,0.06782628059067904,0.49518164204172554,0.19093847110565865,0.6467793403182258,0.11160735136152383,0.8966053879181995,0.3852946774608941,0.6444668046768656,0.11069055473831653,0.8966053879181995,0.5161437866789015,0.0,0.0,0.0,0.0,0.0,0.0,0.0,0.0,22.916727307822526,4.373408125529948,30.83713889043692,15.410902535381156,22.814560216980485,4.780244238440306,30.18316454185779,17.34655870217925,-1.0,0.0,-1.0,-1.0,-1.0,0.0,-1.0,-1.0,7071.590387438306,4866.33984352457,43017.13662334821,2140.4562634928493,6613.369390946424,3374.0266414289267,12821.45770047512,2285.989771597908,0.0,0.0,0.0,0.0,0.0,0.0,0.0,0.0,6.021138637853356,3.2652107732192888,16.31621525144396,2.892665237709892,5.464140559465995,2.4998129539625067,11.525661832056118,2.9702663699883267,-608.4354771146438,900004.0,229000.0,2290.0,21.158290675562686,4.963962881044637,6.088776183906223,31.758982998642114,7580.728207523156,228.0
18.55686056133005,25.23016813934081,346.48139950689347,-379.25773101921163,200.23308753898016,-17.910305,-711.3697,-339.79564156960464,206.87312561615624,-18.164932,-713.02313,-350.26562,204.95451,-20.423449,-716.6757,20.62363,42.340237,273.0835,1.858134e-05,22.777748,89.29952,974.96,8.405186e-08,0.078842185,0.83920085,1.0,-1.0,-6.021138637853356,3.2652107732192888,-2.892665237709892,-16.31621525144396,-579.0577937708691,308.63703820101426,-336.932249417986,-1329.3572379942716,0.04825094,0.7642322,1.0,-1.0,10.0,-5.27398896085637,1.1510867074116815,-3.200396942201844,-11.111341629317838,-533.0859941764644,73.84848190670424,-427.5714665848648,-692.7629092198449,0.0758849798709405,0.6854631657040393,1.0,-1.0,0.3488396535117125,0.1080492343518257,0.6035752353596935,0.2023088120517608,0.3606242223526892,0.1143071390821461,0.5654158757972032,0.2023088120517608,0.019170483885137146,0.0003738624336424957,0.0,0.010674680152858471,0.0,0.0,0.0,0.0012176069462159793,0.0,0.0,0.00034924443806154555,0.013245771491629445,0.011886065545578915,0.014106929856912755,0.016342734728117973,0.006329977928282908,0.0015855102738154437,0.00020284095728380057,0.004068741441311386,0.0,0.004337998857354776,0.00028436560897818225,0.0,0.0,0.016519675885844912,0.0,0.0,0.0,0.0,0.0,0.003873154199263067,0.010555671429057053,0.2688593222010155,0.08355359506057329,0.5414709161098074,0.06766289677462527,0.2665467995089322,0.08438650600118089,0.4943641564844361,0.13809279197607185,0.3712096085875033,0.059546142411603456,0.5285758985361735,0.20519222597568604,0.3712095956382263,0.059546144789483654,0.5285747256537582,0.20519222597570455,0.6695742634475371,0.08874116165274602,0.9033582072225754,0.3855955739557926,0.6672617278061769,0.08782436502953872,0.9033582072225754,0.5164446831738,0.0,0.0,0.0,0.0,0.0,0.0,0.0,0.0,22.916727307822526,4.373408125529948,30.83713889043692,15.410902535381156,22.814560216980485,4.780244238440306,30.18316454185779,17.34655870217925,-1.0,0.0,-1.0,-1.0,-1.0,0.0,-1.0,-1.0,7071.590387438306,4866.33984352457,43017.13662334821,2140.4562634928493,6613.369390946424,3374.0266414289267,12821.45770047512,2285.989771597908,0.0,0.0,0.0,0.0,0.0,0.0,0.0,0.0,6.021138637853356,3.2652107732192888,16.31621525144396,2.892665237709892,5.464140559465995,2.4998129539625067,11.525661832056118,2.9702663699883267,-598.4431534064373,904004.0,230000.0,2300.0,22.069145613152195,4.723628914849268,5.84414077886137,33.99782205072529,7614.3321198271005,229.0
19.421473536209085,24.916788384336364,312.6108010384286,-337.53482549035533,187.52156449789388,-17.910305,-711.3697,-325.6454368987599,183.23842841322642,-18.164932,-713.02313,-350.26562,204.95451,-20.423449,-716.6757,20.62363,42.340237,273.0835,1.858134e-05,22.777748,89.29952,974.96,8.405186e-08,0.078842185,0.83920085,1.0,-1.0,-6.021138637853356,3.2652107732192888,-2.892665237709892,-16.31621525144396,-587.9323721210811,307.5052544685648,-336.932249417986,-1329.3572379942716,0.04825094,0.7642322,1.0,-1.0,10.0,-5.27398896085637,1.1510867074116815,-3.200396942201844,-11.111341629317838,-554.5460446960761,76.35316932657956,-427.5714665848648,-692.7629092198449,0.0758849798709405,0.6854631657040393,1.0,-1.0,0.3488396535117125,0.1080492343518257,0.6035752353596935,0.2023088120517608,0.3606242223526892,0.1143071390821461,0.5654158757972032,0.2023088120517608,0.0,0.0,0.0,0.0019148423526297571,0.0,0.004385265948080114,0.0075855739388760845,0.012294165637518222,0.0,0.006481671085771393,0.007057798230738932,0.018484694980154686,0.0,0.0166711383585027,0.0,0.016718313202235487,0.0007958190506573189,0.0,0.0,0.005097575168646918,0.0,0.0,0.0,0.0,0.0,0.008376017228046794,0.0,0.017383519392382914,0.0,0.0003342420976712995,0.0025513854306022077,0.0014926996541719509,0.2683036293477499,0.07977418667261994,0.5453443230183623,0.06395102847450808,0.26599110665566655,0.08060709761322754,0.49823756339299097,0.13438092367595467,0.3601910146852138,0.07729081483406715,0.5264312893438341,0.20891629643233242,0.3601910017359368,0.07729081721194735,0.5264301164614188,0.20891629643235093,0.6618027444506293,0.09612289308780343,0.8736000535774467,0.39535528730282404,0.659490208809269,0.09520609646459613,0.8736000535774467,0.5262043965208315,0.0,0.0,0.0,0.0,0.0,0.0,0.0,0.0,22.916727307822526,4.373408125529948,30.83713889043692,15.410902535381156,22.814560216980485,4.780244238440306,30.18316454185779,17.34655870217925,-1.0,0.0,-1.0,-1.0,-1.0,0.0,-1.0,-1.0,7071.590387438306,4866.33984352457,43017.13662334821,2140.4562634928493,6613.369390946424,3374.0266414289267,12821.45770047512,2285.989771597908,0.0,0.0,0.0,0.0,0.0,0.0,0.0,0.0,6.021138637853356,3.2652107732192888,16.31621525144396,2.892665237709892,5.464140559465995,2.4998129539625067,11.525661832056118,2.9702663699883267,-587.9565498640275,908004.0,231000.0,2310.0,22.536046364987318,4.2322278988394215,6.777125661380857,33.042015986124284,7647.936032131045,230.0
21.747385746023557,21.120695211413558,327.4725160222727,-361.8500808469775,215.80113320770323,-17.910305,-711.3697,-344.4656376762923,202.92966327989083,-18.164932,-713.02313,-350.26562,204.95451,-20.423449,-716.6757,20.62363,42.340237,273.0835,1.858134e-05,22.777748,89.29952,974.96,8.405186e-08,0.078842185,0.83920085,1.0,-1.0,-6.021138637853356,3.2652107732192888,-2.892665237709892,-16.31621525144396,-592.8449772797553,311.0635896287849,-336.932249417986,-1329.3572379942716,0.04825094,0.7642322,1.0,-1.0,10.0,-5.27398896085637,1.1510867074116815,-3.200396942201844,-11.111341629317838,-517.1851800058477,72.9851956813844,-427.5714665848648,-692.7629092198449,0.0758849798709405,0.6854631657040393,1.0,-1.0,0.3488396535117125,0.1080492343518257,0.6035752353596935,0.2023088120517608,0.3606242223526892,0.1143071390821461,0.5654158757972032,0.2023088120517608,0.008492959087572588,0.0,0.0018763793566558083,0.0,0.0,0.019706190082562722,0.0,0.0,0.0,0.00013847209060695567,0.010639693779677755,0.0,0.0,0.0007460547178203021,0.0,0.002279093418135161,0.0,0.0,0.0,0.003204597680326913,0.011654038055510756,0.001057557786478003,0.0,0.0017858551857012229,0.0,0.007384385412566562,0.0,0.0,0.010498130747385273,0.0,0.015365275302155817,0.013358206092948756,0.28687728594515816,0.10076040026492676,0.505648273719095,0.06139117566588971,0.28456476325307484,0.10159331120553436,0.4585415140937238,0.1318210708673363,0.39155760428470865,0.07825438399936667,0.4914016033006027,0.2397988667232731,0.39155759133543167,0.07825438637724687,0.4914004304181874,0.2397988667232916,0.688204295816305,0.13064951703771066,0.8772894558269337,0.36098992357349335,0.6858917601749448,0.12973272041450337,0.8772894558269337,0.4918390327915008,0.0,0.0,0.0,0.0,0.0,0.0,0.0,0.0,22.916727307822526,4.373408125529948,30.83713889043692,15.410902535381156,22.814560216980485,4.780244238440306,30.18316454185779,17.34655870217925,-1.0,0.0,-1.0,-1.0,-1.0,0.0,-1.0,-1.0,7071.590387438306,4866.33984352457,43017.13662334821,2140.4562634928493,6613.369390946424,3374.0266414289267,12821.45770047512,2285.989771597908,0.0,0.0,0.0,0.0,0.0,0.0,0.0,0.0,6.021138637853356,3.2652107732192888,16.31621525144396,2.892665237709892,5.464140559465995,2.4998129539625067,11.525661832056118,2.9702663699883267,-598.3490530408717,912004.0,232000.0,2320.0,20.597023413588012,3.1415696646139937,5.509876992369133,30.81708633201944,7681.53994443499,231.0
16.049924761694072,18.906915921361705,299.35811177450614,-390.2224078321885,192.19585284528327,-17.910305,-711.3697,-352.7226931548032,195.79536260913176,-18.164932,-713.02313,-350.26562,204.95451,-20.423449,-716.6757,20.62363,42.340237,273.0835,1.858134e-05,22.777748,89.29952,974.96,8.405186e-08,0.078842185,0.83920085,1.0,-1.0,-6.021138637853356,3.2652107732192888,-2.892665237709892,-16.31621525144396,-592.3796197943288,316.4702725195272,-336.932249417986,-1329.3572379942716,0.04825094,0.7642322,1.0,-1.0,10.0,-5.27398896085637,1.1510867074116815,-3.200396942201844,-11.111341629317838,-516.6668225748291,76.76057703558394,-427.5714665848648,-692.7629092198449,0.0758849798709405,0.6854631657040393,1.0,-1.0,0.3488396535117125,0.1080492343518257,0.6035752353596935,0.2023088120517608,0.3606242223526892,0.1143071390821461,0.5654158757972032,0.2023088120517608,0.0,0.0,0.008736561600166,0.011613839329372561,0.005346285688763286,0.0,0.0063882016413164405,0.015647994352166825,0.015688691863494628,0.002183794928648566,0.003767239431940251,0.0001655872170140481,0.004241522961300448,0.0,0.0,0.0,0.01143104354421151,0.021540953562626905,0.0,0.010429620364964951,0.007082496002297377,0.0043534403707051915,0.0,0.0,0.0025354251028372895,0.007582438658690871,0.001447203814003334,0.009257505150011681,0.011927653107429957,0.003971235886705373,0.0007795220447654496,0.0,0.2745441521972609,0.06995992340608423,0.5120616330008686,0.0922982116049281,0.2722316295051776,0.07079283434669183,0.4649548733754973,0.1627281068063747,0.38565050611401763,0.10766207701495835,0.481484795183547,0.22553224642009367,0.38565049316474065,0.10766207939283855,0.4814836223011317,0.2255322464201122,0.6420870733453045,0.09826090040009741,0.8840639452718524,0.37223562909713187,0.6397745377039442,0.09734410377689011,0.8840639452718524,0.5030847383151393,0.0,0.0,0.0,0.0,0.0,0.0,0.0,0.0,22.916727307822526,4.373408125529948,30.83713889043692,15.410902535381156,22.814560216980485,4.780244238440306,30.18316454185779,17.34655870217925,-1.0,0.0,-1.0,-1.0,-1.0,0.0,-1.0,-1.0,7071.590387438306,4866.33984352457,43017.13662334821,2140.4562634928493,6613.369390946424,3374.0266414289267,12821.45770047512,2285.989771597908,0.0,0.0,0.0,0.0,0.0,0.0,0.0,0.0,6.021138637853356,3.2652107732192888,16.31621525144396,2.892665237709892,5.464140559465995,2.4998129539625067,11.525661832056118,2.9702663699883267,-605.755728666055,916004.0,233000.0,2330.0,27.267074003846165,3.9543992174586986,5.15189383542507,31.774814723484983,7715.143856738934,232.0
16.473627201254654,26.28962262124494,298.854426541921,-361.3469910260597,201.2385841967214,-17.910305,-711.3697,-328.1222932161089,209.99865996511272,-18.164932,-713.02313,-350.26562,204.95451,-20.423449,-716.6757,20.62363,42.340237,273.0835,1.858134e-05,22.777748,89.29952,974.96,8.405186e-08,0.078842185,0.83920085,1.0,-1.0,-6.021138637853356,3.2652107732192888,-2.892665237709892,-16.31621525144396,-592.4506137487682,319.42738096171917,-336.932249417986,-1329.3572379942716,0.04825094,0.7642322,1.0,-1.0,10.0,-5.27398896085637,1.1510867074116815,-3.200396942201844,-11.111341629317838,-530.2446528311922,75.45237318665217,-427.5714665848648,-692.7629092198449,0.0758849798709405,0.6854631657040393,1.0,-1.0,0.3488396535117125,0.1080492343518257,0.6035752353596935,0.2023088120517608,0.3606242223526892,0.1143071390821461,0.5654158757972032,0.2023088120517608,0.0,0.0,0.0007832370688168946,0.0024366246679286704,0.0,0.014022855109096214,0.0,0.0,0.0,0.008290957573694333,0.007262090771980336,0.0,0.0018646840019480807,0.006457629479495214,0.01953933376319538,0.0,0.006753801548747807,0.0,0.0,0.013636321864931043,0.0,0.0013942248095418753,0.0,0.0,0.0,0.009815045439486421,0.0,0.0,0.0,0.0,0.0,0.0,0.2834035981021911,0.08946778699474611,0.5137431838082075,0.049217973618718734,0.2810910754101078,0.09030069793535371,0.46663642418283624,0.11964786882016532,0.39019124456151155,0.11195851785706053,0.4744024473670803,0.24240196549991114,0.39019123161223457,0.11195852023494073,0.474401274484665,0.24240196549992965,0.6911773023157208,0.1384867835174841,0.8995409149151766,0.3670390892378321,0.6888647666743606,0.1375699868942768,0.8995409149151766,0.49788819845583954,0.0,0.0,0.0,0.0,0.0,0.0,0.0,0.0,22.916727307822526,4.373408125529948,30.83713889043692,15.410902535381156,22.814560216980485,4.780244238440306,30.18316454185779,17.34655870217925,-1.0,0.0,-1.0,-1.0,-1.0,0.0,-1.0,-1.0,7071.590387438306,4866.33984352457,43017.13662334821,2140.4562634928493,6613.369390946424,3374.0266414289267,12821.45770047512,2285.989771597908,0.0,0.0,0.0,0.0,0.0,0.0,0.0,0.0,6.021138637853356,3.2652107732192888,16.31621525144396,2.892665237709892,5.464140559465995,2.4998129539625067,11.525661832056118,2.9702663699883267,-602.9730632335327,920004.0,234000.0,2340.0,22.839636848656752,4.9665687975090345,4.79911669204048,26.96989316112007,7748.747769042879,233.0
21.69178132963947,21.4772072720314,306.58995012569176,-347.40826538976194,224.08541315868862,-17.910305,-711.3697,-369.37259143180603,204.13259794493166,-18.164932,-713.02313,-350.26562,204.95451,-20.423449,-716.6757,20.62363,42.340237,273.0835,1.858134e-05,22.777748,89.29952,974.96,8.405186e-08,0.078842185,0.83920085,1.0,-1.0,-6.021138637853356,3.2652107732192888,-2.892665237709892,-16.31621525144396,-602.670047401642,306.55173422053866,-336.932249417986,-1329.3572379942716,0.04825094,0.7642322,1.0,-1.0,10.0,-5.27398896085637,1.1510867074116815,-3.200396942201844,-11.111341629317838,-521.6218266913412,76.16834257319348,-427.5714665848648,-692.7629092198449,0.0758849798709405,0.6854631657040393,1.0,-1.0,0.3488396535117125,0.1080492343518257,0.6035752353596935,0.2023088120517608,0.3606242223526892,0.1143071390821461,0.5654158757972032,0.2023088120517608,0.007702162852788071,0.002249262869324756,0.010407148393707657,0.013872607035309919,0.0,0.0,0.0,0.0,0.0,0.0,0.008039657717655573,9.853713713347491e-05,0.0,0.0,0.0022400135086789435,0.0023317378902975375,0.008308281184980164,0.0,0.010726605983404398,0.008772882869364835,0.0,0.0,0.0,0.017613386684920004,0.0027793535763951287,0.0,0.012012254332220869,0.0010486348523621504,0.0,0.007220373442038194,0.01439410143719442,0.0,0.2552693994650435,0.10536761220379715,0.4839703028729966,0.06711598383586606,0.2529568767729602,0.10620052314440473,0.4368635432476253,0.13754587903731266,0.3860203677760066,0.08496577162621248,0.5045304295770304,0.23923026214708965,0.38602035482672964,0.08496577400409268,0.5045292566946151,0.23923026214710813,0.6577120833455511,0.10472614434388683,0.8656548452795837,0.40396512058825396,0.6553995477041908,0.10380934772067953,0.8656548452795837,0.5348142298062614,0.0,0.0,0.0,0.0,0.0,0.0,0.0,0.0,22.916727307822526,4.373408125529948,30.83713889043692,15.410902535381156,22.814560216980485,4.780244238440306,30.18316454185779,17.34655870217925,-1.0,0.0,-1.0,-1.0,-1.0,0.0,-1.0,-1.0,7071.590387438306,4866.33984352457,43017.13662334821,2140.4562634928493,6613.369390946424,3374.0266414289267,12821.45770047512,2285.989771597908,0.0,0.0,0.0,0.0,0.0,0.0,0.0,0.0,6.021138637853356,3.2652107732192888,16.31621525144396,2.892665237709892,5.464140559465995,2.4998129539625067,11.525661832056118,2.9702663699883267,-609.8983042717853,924004.0,235000.0,2350.0,20.49550954893737,4.909272621961238,5.03662374636892,33.73383367228218,7782.351681346823,234.0
18.508534721352042,23.197266091796834,343.5717673035616,-320.5217098129067,210.5876899605552,-17.910305,-711.3697,-347.8910487601282,222.23931028489068,-18.164932,-713.02313,-350.26562,204.95451,-20.423449,-716.6757,20.62363,42.340237,273.0835,1.858134e-05,22.777748,89.29952,974.96,8.405186e-08,0.078842185,0.83920085,1.0,-1.0,-6.021138637853356,3.2652107732192888,-2.892665237709892,-16.31621525144396,-611.6620920985483,309.20537333648787,-336.932249417986,-1329.3572379942716,0.04825094,0.7642322,1.0,-1.0,10.0,-5.27398896085637,1.1510867074116815,-3.200396942201844,-11.111341629317838,-532.1962225539276,73.30472187417601,-427.5714665848648,-692.7629092198449,0.0758849798709405,0.6854631657040393,1.0,-1.0,0.3488396535117125,0.1080492343518257,0.6035752353596935,0.2023088120517608,0.3606242223526892,0.1143071390821461,0.5654158757972032,0.2023088120517608,0.0,0.006414623327436204,0.007240360462158958,0.0,0.0,0.0,0.0,0.0,0.002933809463711352,0.0,0.00991138248084086,0.0,0.0,0.0007989844071597708,0.008274224011874226,0.0,0.01644924291262062,0.0,0.0,0.0003933375379137104,0.006276975452119105,0.0,0.0028079140888469588,0.014256235142065423,0.0005036543213790242,0.012130145348321067,0.010427258792936597,0.00030940094285478246,0.00494756680523478,0.0,0.0,0.006612417908635259,0.2523460810975346,0.09238687973842459,0.5174673667157067,0.08931113190583789,0.2500335584054513,0.09321979067903219,0.4703606070903354,0.1597410271072845,0.41174819709027033,0.10708640903712117,0.48212211552924167,0.18319214211064344,0.41174818414099335,0.10708641141500137,0.48212094264682637,0.18319214211066198,0.6671222768420391,0.09083598628909446,0.8918635370826478,0.3915849370289898,0.6648097412006788,0.08991918966588716,0.8918635370826478,0.5224340462469972,0.0,0.0,0.0,0.0,0.0,0.0,0.0,0.0,22.916727307822526,4.373408125529948,30.83713889043692,15.410902535381156,22.814560216980485,4.780244238440306,30.18316454185779,17.34655870217925,-1.0,0.0,-1.0,-1.0,-1.0,0.0,-1.0,-1.0,7071.590387438306,4866.33984352457,43017.13662334821,2140.4562634928493,6613.369390946424,3374.0266414289267,12821.45770047512,2285.989771597908,0.0,0.0,0.0,0.0,0.0,0.0,0.0,0.0,6.021138637853356,3.2652107732192888,16.31621525144396,2.892665237709892,5.464140559465995,2.4998129539625067,11.525661832056118,2.9702663699883267,-590.7214584132183,928004.0,236000.0,2360.0,23.242520836561358,4.6432512187028205,6.3373868678116825,36.01367338878916,7815.955593650768,235.0
20.440561359563148,19.40700888769238,360.5643464430028,-365.2394527147102,197.98207610910254,-17.910305,-711.3697,-318.3651222112373,220.2567537400467,-18.164932,-713.02313,-350.26562,204.95451,-20.423449,-716.6757,20.62363,42.340237,273.0835,1.858134e-05,22.777748,89.29952,974.96,8.405186e-08,0.078842185,0.83920085,1.0,-1.0,-6.021138637853356,3.2652107732192888,-2.892665237709892,-16.31621525144396,-595.9164547805115,319.78672414696615,-336.932249417986,-1329.3572379942716,0.04825094,0.7642322,1.0,-1.0,10.0,-5.27398896085637,1.1510867074116815,-3.200396942201844,-11.111341629317838,-528.1888009858875,75.70583709364493,-427.5714665848648,-692.7629092198449,0.0758849798709405,0.6854631657040393,1.0,-1.0,0.3488396535117125,0.1080492343518257,0.6035752353596935,0.2023088120517608,0.3606242223526892,0.1143071390821461,0.5654158757972032,0.2023088120517608,0.0,0.0,0.0199024746149828,0.0,0.009645054764312525,0.0,0.0,0.005192604779957083,0.0,0.0,0.004497414244807941,0.0,0.004042450069945313,0.0063899509338064845,0.024787497673113636,0.0,0.00865217335669653,0.002797130329518796,0.0,0.0,0.0,0.001390201378752072,0.0,0.0,0.0,0.006743337522134521,0.0,0.0,0.0023689839607008117,0.0,0.004477275202878267,0.009396185420659507,0.23929779310699367,0.10201816517152831,0.4793660288597734,0.10462184548315359,0.23698527041491035,0.10285107611213591,0.4322592692344021,0.1750517406846002,0.3773974485664469,0.068530329474674,0.5330201600468202,0.16912244733747323,0.37739743561716993,0.0685303318525542,0.5330189871644049,0.16912244733749174,0.6922581593367196,0.10270504760422458,0.8987392182749044,0.41292380203015755,0.6899456236953594,0.10178825098101728,0.8987392182749044,0.543772911248165,0.0,0.0,0.0,0.0,0.0,0.0,0.0,0.0,22.916727307822526,4.373408125529948,30.83713889043692,15.410902535381156,22.814560216980485,4.780244238440306,30.18316454185779,17.34655870217925,-1.0,0.0,-1.0,-1.0,-1.0,0.0,-1.0,-1.0,7071.590387438306,4866.33984352457,43017.13662334821,2140.4562634928493,6613.369390946424,3374.0266414289267,12821.45770047512,2285.989771597908,0.0,0.0,0.0,0.0,0.0,0.0,0.0,0.0,6.021138637853356,3.2652107732192888,16.31621525144396,2.892665237709892,5.464140559465995,2.4998129539625067,11.525661832056118,2.9702663699883267,-595.1006556814561,932004.0,237000.0,2370.0,25.607990938980414,4.001274675920583,4.862667025785574,40.55981015118586,7849.559505954712,236.0
19.517032831145364,25.348411160534813,325.12812968855167,-337.1305140398441,207.2825157468012,-17.910305,-711.3697,-330.99361880438636,166.70799011196635,-18.164932,-713.02313,-350.26562,204.95451,-20.423449,-716.6757,20.62363,42.340237,273.0835,1.858134e-05,22.777748,89.29952,974.96,8.405186e-08,0.078842185,0.83920085,1.0,-1.0,-6.021138637853356,3.2652107732192888,-2.892665237709892,-16.31621525144396,-591.0336855125307,321.18930485834244,-336.932249417986,-1329.3572379942716,0.04825094,0.7642322,1.0,-1.0,10.0,-5.27398896085637,1.1510867074116815,-3.200396942201844,-11.111341629317838,-521.8641895627751,74.70803652431921,-427.5714665848648,-692.7629092198449,0.0758849798709405,0.6854631657040393,1.0,-1.0,0.3488396535117125,0.1080492343518257,0.6035752353596935,0.2023088120517608,0.3606242223526892,0.1143071390821461,0.5654158757972032,0.2023088120517608,0.0,0.018906347201600587,0.0,0.0,0.0,0.0,0.0,0.005418103065297349,0.0,0.0,0.0,0.005804147355188114,0.010307280544778285,0.0,0.0,0.0038724509372669233,0.02228099682402448,0.00499153346646273,0.0032592883226104617,0.009662503578054546,0.020789426230882427,0.0,0.002063131521886207,0.0,0.007647029450788465,0.0,0.005233897773325557,0.0007958652195862513,0.0,0.0,0.0,0.0,0.26968111138499967,0.07380945827365516,0.5033074676465563,0.0815581562769693,0.26736858869291635,0.07464236921426276,0.45620070802118495,0.15198805147841588,0.3546256111308357,0.06875633560009936,0.529030411573664,0.20248777980425173,0.3546255981815587,0.06875633797797956,0.5290292386912487,0.20248777980427024,0.6547089237727688,0.10347066456955527,0.8677744815774685,0.3461922045361221,0.6523963881314085,0.10255386794634797,0.8677744815774685,0.47704131375412956,0.0,0.0,0.0,0.0,0.0,0.0,0.0,0.0,22.916727307822526,4.373408125529948,30.83713889043692,15.410902535381156,22.814560216980485,4.780244238440306,30.18316454185779,17.34655870217925,-1.0,0.0,-1.0,-1.0,-1.0,0.0,-1.0,-1.0,7071.590387438306,4866.33984352457,43017.13662334821,2140.4562634928493,6613.369390946424,3374.0266414289267,12821.45770047512,2285.989771597908,0.0,0.0,0.0,0.0,0.0,0.0,0.0,0.0,6.021138637853356,3.2652107732192888,16.31621525144396,2.892665237709892,5.464140559465995,2.4998129539625067,11.525661832056118,2.9702663699883267,-623.9646825517578,936004.0,238000.0,2380.0,21.381637983408865,4.145650266719,5.94231954942,37.00162339568422,7883.163418258657,237.0
19.078903097974692,25.36785277301218,358.17799396852234,-352.75868862712025,214.69206885408752,-17.910305,-711.3697,-343.7885555646679,210.49290020021957,-18.164932,-713.02313,-350.26562,204.95451,-20.423449,-716.6757,20.62363,42.340237,273.0835,1.858134e-05,22.777748,89.29952,974.96,8.405186e-08,0.078842185,0.83920085,1.0,-1.0,-6.021138637853356,3.2652107732192888,-2.892665237709892,-16.31621525144396,-598.8040046284099,306.7679785709716,-336.932249417986,-1329.3572379942716,0.04825094,0.7642322,1.0,-1.0,10.0,-5.27398896085637,1.1510867074116815,-3.200396942201844,-11.111341629317838,-531.2836544751702,74.33516130764811,-427.5714665848648,-692.7629092198449,0.0758849798709405,0.6854631657040393,1.0,-1.0,0.3488396535117125,0.1080492343518257,0.6035752353596935,0.2023088120517608,0.3606242223526892,0.1143071390821461,0.5654158757972032,0.2023088120517608,0.005914155106741825,0.012060452108689109,0.0,0.0010562830571938452,0.00819589631514195,0.0,0.0,0.0,0.017522344531494573,0.0,0.017254940698039168,0.0,0.0,0.014784067665476283,0.009831571820562131,0.0,0.0,0.0022813910127487897,0.0,0.0042494613114319344,0.0,0.0,0.004387765214022077,0.0,0.0064322390853524935,0.01329232338489871,0.0,0.015407956424362558,0.0,0.0,0.0,0.011299833030418283,0.2678003523928298,0.07709544427281947,0.4840716338277843,0.07377158263135049,0.26548782970074647,0.07792835521342707,0.436964874202413,0.14420147783279708,0.3875564349571496,0.0778290603995855,0.46570494717102473,0.20916353650365438,0.3875564220078726,0.0778290627774657,0.46570377428860943,0.2091635365036729,0.6813657229237355,0.08248004728215717,0.848058964933481,0.37929935890745503,0.6790531872823753,0.08156325065894987,0.848058964933481,0.5101484681254626,0.0,0.0,0.0,0.0,0.0,0.0,0.0,0.0,22.916727307822526,4.373408125529948,30.83713889043692,15.410902535381156,22.814560216980485,4.780244238440306,30.18316454185779,17.34655870217925,-1.0,0.0,-1.0,-1.0,-1.0,0.0,-1.0,-1.0,7071.590387438306,4866.33984352457,43017.13662334821,2140.4562634928493,6613.369390946424,3374.0266414289267,12821.45770047512,2285.989771597908,0.0,0.0,0.0,0.0,0.0,0.0,0.0,0.0,6.021138637853356,3.2652107732192888,16.31621525144396,2.892665237709892,5.464140559465995,2.4998129539625067,11.525661832056118,2.9702663699883267,-602.5779846805646,940004.0,239000.0,2390.0,24.590435139275716,3.7644242589184214,5.091549449065984,34.15132798500177,7916.767330562601,238.0
19.36923747158222,22.430553507419585,369.4454000906106,-360.78770805203675,191.8568964280504,-17.910305,-711.3697,-369.50860522539125,218.11163940962706,-18.164932,-713.02313,-350.26562,204.95451,-20.423449,-716.6757,20.62363,42.340237,273.0835,1.858134e-05,22.777748,89.29952,974.96,8.405186e-08,0.078842185,0.83920085,1.0,-1.0,-6.021138637853356,3.2652107732192888,-2.892665237709892,-16.31621525144396,-601.0302116577773,311.05427588323727,-336.932249417986,-1329.3572379942716,0.04825094,0.7642322,1.0,-1.0,10.0,-5.27398896085637,1.1510867074116815,-3.200396942201844,-11.111341629317838,-515.6569937217683,76.0562526384577,-427.5714665848648,-692.7629092198449,0.0758849798709405,0.6854631657040393,1.0,-1.0,0.3488396535117125,0.1080492343518257,0.6035752353596935,0.2023088120517608,0.3606242223526892,0.1143071390821461,0.5654158757972032,0.2023088120517608,0.0,0.0,0.0,0.020802648476384817,0.0,0.0,0.0,0.011739875903555684,0.0,0.015430629915915792,0.01833101295607353,0.0,0.002976920213498847,0.0,0.0,0.0036128756527822772,0.009664833098237157,0.0,0.002113961441068605,0.0,0.0,0.0,0.00031278436433460657,5.91040144005069e-05,0.0,0.0,0.0,0.009158053813655627,0.009084895757547725,0.0,0.003251655814018581,0.0,0.32973734249142694,0.0627507050169401,0.49842324814807465,0.06304115490495778,0.3274248197993436,0.06358361595754769,0.45131648852270334,0.13347105010640437,0.3860280063635797,0.06578919331879969,0.49992883392050474,0.21579237382462443,0.3860279934143027,0.06578919569667989,0.49992766103808944,0.21579237382464295,0.672127696726068,0.09962484580591248,0.8772167395147812,0.4032028842493765,0.6698151610847077,0.09870804918270518,0.8772167395147812,0.534051993467384,0.0,0.0,0.0,0.0,0.0,0.0,0.0,0.0,22.916727307822526,4.373408125529948,30.83713889043692,15.410902535381156,22.814560216980485,4.780244238440306,30.18316454185779,17.34655870217925,-1.0,0.0,-1.0,-1.0,-1.0,0.0,-1.0,-1.0,7071.590387438306,4866.33984352457,43017.13662334821,2140.4562634928493,6613.369390946424,3374.0266414289267,12821.45770047512,2285.989771597908,0.0,0.0,0.0,0.0,0.0,0.0,0.0,0.0,6.021138637853356,3.2652107732192888,16.31621525144396,2.892665237709892,5.464140559465995,2.4998129539625067,11.525661832056118,2.9702663699883267,-580.744936661501,944004.0,240000.0,2400.0,22.345793939059277,4.445815111470607,5.726824143071389,34.67719715322214,7950.371242866546,239.0
18.87792936882544,24.82943566833765,311.7086110739849,-357.1782685253154,212.38208396134317,-17.910305,-711.3697,-352.4342584895838,201.50993206518683,-18.164932,-713.02313,-350.26562,204.95451,-20.423449,-716.6757,20.62363,42.340237,273.0835,1.858134e-05,22.777748,89.29952,974.96,8.405186e-08,0.078842185,0.83920085,1.0,-1.0,-6.021138637853356,3.2652107732192888,-2.892665237709892,-16.31621525144396,-597.6862162197299,311.945354379175,-336.932249417986,-1329.3572379942716,0.04825094,0.7642322,1.0,-1.0,10.0,-5.27398896085637,1.1510867074116815,-3.200396942201844,-11.111341629317838,-517.9743156720347,75.4422533852069,-427.5714665848648,-692.7629092198449,0.0758849798709405,0.6854631657040393,1.0,-1.0,0.3488396535117125,0.1080492343518257,0.6035752353596935,0.2023088120517608,0.3606242223526892,0.1143071390821461,0.5654158757972032,0.2023088120517608,0.0,0.0,0.0033976430109142804,0.000186801429311696,0.0,0.01263463278917059,0.007983167470963419,0.010279679402759676,0.0,0.0,0.0,0.0,0.0,0.0,0.0,0.0,0.0,0.0,0.0,0.007437998922770148,0.0,0.0,0.0,0.0031929063549335722,0.0,0.0,0.0,0.006199923064563258,0.008217059787464233,0.007585306468588988,0.0,0.0010972599324932375,0.3065519392587067,0.0824413556371746,0.5053462358722434,0.09942685908689405,0.3042394165666234,0.0832742665777822,0.45823947624687206,0.16985675428834063,0.40334497259095586,0.04153907637310025,0.493972408709593,0.2142221108896688,0.4033449596416789,0.04153907875098045,0.4939712358271777,0.21422211088968732,0.65516785973161,0.08929081571624098,0.8952979614866078,0.36958642922201596,0.6528553240902497,0.08837401909303368,0.8952979614866078,0.5004355384400234,0.0,0.0,0.0,0.0,0.0,0.0,0.0,0.0,22.916727307822526,4.373408125529948,30.83713889043692,15.410902535381156,22.814560216980485,4.780244238440306,30.18316454185779,17.34655870217925,-1.0,0.0,-1.0,-1.0,-1.0,0.0,-1.0,-1.0,7071.590387438306,4866.33984352457,43017.13662334821,2140.4562634928493,6613.369390946424,3374.0266414289267,12821.45770047512,2285.989771597908,0.0,0.0,0.0,0.0,0.0,0.0,0.0,0.0,6.021138637853356,3.2652107732192888,16.31621525144396,2.892665237709892,5.464140559465995,2.4998129539625067,11.525661832056118,2.9702663699883267,-592.3790285381721,948004.0,241000.0,2410.0,18.892873755977167,5.327235068567488,5.884698616264653,37.143153184499276,7983.97515517049,240.0
17.97688904091001,23.15745861622554,301.19723842902437,-355.8067728341792,199.47204764578868,-17.910305,-711.3697,-359.1777979087891,211.9746108027803,-18.164932,-713.02313,-350.26562,204.95451,-20.423449,-716.6757,20.62363,42.340237,273.0835,1.858134e-05,22.777748,89.29952,974.96,8.405186e-08,0.078842185,0.83920085,1.0,-1.0,-6.021138637853356,3.2652107732192888,-2.892665237709892,-16.31621525144396,-595.9090587869242,311.725136946034,-336.932249417986,-1329.3572379942716,0.04825094,0.7642322,1.0,-1.0,10.0,-5.27398896085637,1.1510867074116815,-3.200396942201844,-11.111341629317838,-538.3530285559325,74.79370230482614,-427.5714665848648,-692.7629092198449,0.0758849798709405,0.6854631657040393,1.0,-1.0,0.3488396535117125,0.1080492343518257,0.6035752353596935,0.2023088120517608,0.3606242223526892,0.1143071390821461,0.5654158757972032,0.2023088120517608,0.005140125735076506,0.008381363478907096,0.0,0.009957661454759242,0.004881444340740915,0.015134140803526682,0.0,0.018213251848612895,0.012706905091185857,0.004738022861131884,0.0,0.004028691524505934,0.0,0.0,0.0,0.002359797777639432,0.015659116248601154,0.0,0.0031122834107624436,0.0,0.0,0.0,0.012938588452744273,0.0,0.001087560870785989,0.010984990730509283,0.0,0.0036537123619185164,0.01774003585616494,0.001590271994834723,0.0014555883511023692,0.007010124146781721,0.2818815520423468,0.10944687262940485,0.493311158983885,0.07372396269434799,0.27956902935026345,0.11027978357001245,0.4462043993585137,0.14415385789579457,0.4111242689162501,0.07991289823280065,0.49687426118437267,0.20323951744010121,0.4111242559669731,0.07991290061068085,0.49687308830195737,0.20323951744011973,0.646336354445176,0.06835895485454141,0.8729872127051245,0.39240059144781914,0.6440238188038158,0.06744215823133409,0.8729872127051245,0.5232497006658267,0.0,0.0,0.0,0.0,0.0,0.0,0.0,0.0,22.916727307822526,4.373408125529948,30.83713889043692,15.410902535381156,22.814560216980485,4.780244238440306,30.18316454185779,17.34655870217925,-1.0,0.0,-1.0,-1.0,-1.0,0.0,-1.0,-1.0,7071.590387438306,4866.33984352457,43017.13662334821,2140.4562634928493,6613.369390946424,3374.0266414289267,12821.45770047512,2285.989771597908,0.0,0.0,0.0,0.0,0.0,0.0,0.0,0.0,6.021138637853356,3.2652107732192888,16.31621525144396,2.892665237709892,5.464140559465995,2.4998129539625067,11.525661832056118,2.9702663699883267,-588.1467731211962,952004.0,242000.0,2420.0,23.71979912495766,4.0899750961316395,4.472452519691926,36.928657082817224,8017.579067474435,241.0
20.667879657642075,21.694788273833968,384.0024364013964,-327.4031825622438,195.58231830071995,-17.910305,-711.3697,-369.06459040300706,216.39366968100853,-18.164932,-713.02313,-350.26562,204.95451,-20.423449,-716.6757,20.62363,42.340237,273.0835,1.858134e-05,22.777748,89.29952,974.96,8.405186e-08,0.078842185,0.83920085,1.0,-1.0,-6.021138637853356,3.2652107732192888,-2.892665237709892,-16.31621525144396,-585.6026141222358,303.99027051452293,-336.932249417986,-1329.3572379942716,0.04825094,0.7642322,1.0,-1.0,10.0,-5.27398896085637,1.1510867074116815,-3.200396942201844,-11.111341629317838,-524.1030485194945,77.31491830286154,-427.5714665848648,-692.7629092198449,0.0758849798709405,0.6854631657040393,1.0,-1.0,0.3488396535117125,0.1080492343518257,0.6035752353596935,0.2023088120517608,0.3606242223526892,0.1143071390821461,0.5654158757972032,0.2023088120517608,0.0015672914937586192,0.0005690911462304703,0.0,0.009108476608810492,0.010195615104086227,0.00016712031237143445,0.000314798937894945,0.007069962558344542,0.007319348228425251,0.011671903930111296,0.007215287650576796,0.01930816150065332,0.00872350268948448,0.0015225089267746153,0.0,0.0,0.0,0.002528388208891898,0.0,0.014002739229085617,0.0,0.0,0.002435137323111135,0.011111646066473406,0.0029761939788391437,0.0,0.0,0.0,0.0,0.0,0.0,0.0,0.2647781839714363,0.11818156189028603,0.49015808949499046,0.08370736491311902,0.262465661279353,0.11901447283089363,0.44305132986961915,0.1541372601145656,0.40109889407218074,0.07080670991968434,0.5120417784671389,0.1982472542129319,0.40109888112290376,0.07080671229756454,0.5120406055847236,0.19824725421295042,0.6594650761119176,0.12736792624295068,0.8887968991218989,0.4093879562322877,0.6571525404705574,0.12645112961974336,0.8887968991218989,0.5402370654502952,0.0,0.0,0.0,0.0,0.0,0.0,0.0,0.0,22.916727307822526,4.373408125529948,30.83713889043692,15.410902535381156,22.814560216980485,4.780244238440306,30.18316454185779,17.34655870217925,-1.0,0.0,-1.0,-1.0,-1.0,0.0,-1.0,-1.0,7071.590387438306,4866.33984352457,43017.13662334821,2140.4562634928493,6613.369390946424,3374.0266414289267,12821.45770047512,2285.989771597908,0.0,0.0,0.0,0.0,0.0,0.0,0.0,0.0,6.021138637853356,3.2652107732192888,16.31621525144396,2.892665237709892,5.464140559465995,2.4998129539625067,11.525661832056118,2.9702663699883267,-601.4145227186893,956004.0,243000.0,2430.0,22.28851270563477,4.133168818363824,5.036801913801822,35.391129104004776,8051.182979778379,242.0
19.935273008109032,19.351654889582363,303.3016939743497,-370.98440469275016,216.51396885129063,-17.910305,-711.3697,-330.7066335306481,212.62826621817325,-18.164932,-713.02313,-350.26562,204.95451,-20.423449,-716.6757,20.62363,42.340237,273.0835,1.858134e-05,22.777748,89.29952,974.96,8.405186e-08,0.078842185,0.83920085,1.0,-1.0,-6.021138637853356,3.2652107732192888,-2.892665237709892,-16.31621525144396,-579.982514063521,310.6676755332544,-336.932249417986,-1329.3572379942716,0.04825094,0.7642322,1.0,-1.0,10.0,-5.27398896085637,1.1510867074116815,-3.200396942201844,-11.111341629317838,-534.5842722253999,72.85308475115642,-427.5714665848648,-692.7629092198449,0.0758849798709405,0.6854631657040393,1.0,-1.0,0.3488396535117125,0.1080492343518257,0.6035752353596935,0.2023088120517608,0.3606242223526892,0.1143071390821461,0.5654158757972032,0.2023088120517608,0.0,0.013583046389989969,0.0,0.0,0.0,0.0,0.016224822974721068,0.011035953157815541,0.02686071060901128,0.012125747836458534,0.0037782064425644062,0.004866349985191493,0.018202320487211807,0.0,0.0014524653562558848,0.005776575216825453,0.0,0.012983478193572422,0.009240726897150458,0.015818857712415535,0.0,0.006137095063192296,0.0,0.006514078846046112,0.010306342218869998,0.0,0.012307560876855613,0.01427945230813094,0.0023692203254895186,0.001071820539215965,0.0,0.0,0.2647316755487066,0.06904764825379754,0.4798013672542097,0.0706749042734332,0.26241915285662326,0.06988055919440514,0.4326946076288384,0.14110479947487978,0.4160596758046357,0.08827025902145973,0.5138714966453273,0.2149648334715667,0.4160596628553587,0.08827026139933992,0.513870323762912,0.2149648334715852,0.6814240650568641,0.1187511766185861,0.8768067023439486,0.36986825096417375,0.6791115294155039,0.1178343799953788,0.8768067023439486,0.5007173601821812,0.0,0.0,0.0,0.0,0.0,0.0,0.0,0.0,22.916727307822526,4.373408125529948,30.83713889043692,15.410902535381156,22.814560216980485,4.780244238440306,30.18316454185779,17.34655870217925,-1.0,0.0,-1.0,-1.0,-1.0,0.0,-1.0,-1.0,7071.590387438306,4866.33984352457,43017.13662334821,2140.4562634928493,6613.369390946424,3374.0266414289267,12821.45770047512,2285.989771597908,0.0,0.0,0.0,0.0,0.0,0.0,0.0,0.0,6.021138637853356,3.2652107732192888,16.31621525144396,2.892665237709892,5.464140559465995,2.4998129539625067,11.525661832056118,2.9702663699883267,-612.2945886852677,960004.0,244000.0,2440.0,24.88659132655281,4.552867030760846,5.023017723873583,41.30202986218337,8084.786892082324,243.0
23.177922023104134,19.84204037326243,392.20259003239784,-359.2059057217416,229.76219736051362,-17.910305,-711.3697,-338.24611972523536,202.59661675232627,-18.164932,-713.02313,-350.26562,204.95451,-20.423449,-716.6757,20.62363,42.340237,273.0835,1.858134e-05,22.777748,89.29952,974.96,8.405186e-08,0.078842185,0.83920085,1.0,-1.0,-6.021138637853356,3.2652107732192888,-2.892665237709892,-16.31621525144396,-614.8438430064848,294.4945444914137,-336.932249417986,-1329.3572379942716,0.04825094,0.7642322,1.0,-1.0,10.0,-5.27398896085637,1.1510867074116815,-3.200396942201844,-11.111341629317838,-534.1463778048493,75.85932022895769,-427.5714665848648,-692.7629092198449,0.0758849798709405,0.6854631657040393,1.0,-1.0,0.3488396535117125,0.1080492343518257,0.6035752353596935,0.2023088120517608,0.3606242223526892,0.1143071390821461,0.5654158757972032,0.2023088120517608,0.003231153707218031,0.007704117177400661,0.0,0.0,0.0,0.0008646073809860976,0.0,0.0,0.0,0.0,0.005380252581221508,0.0012669365495374411,0.021171600533219554,0.0,0.0,0.0,0.0,0.0014005249231463439,0.006437653833201039,0.01479329543345788,0.0051748651313536,0.0,0.0,0.020160860661575467,0.010846109288755358,0.0,0.0,0.009788741250285648,0.0,0.002106767226444014,0.005458054146841865,0.0017640233915624146,0.2958264239732179,0.11642001742459918,0.5378304860828,0.06953146560221647,0.2935139012811346,0.11725292836520679,0.49072372645742873,0.13996136080366306,0.36610439466623534,0.04106375217161447,0.4557814320728075,0.27022106914245564,0.36610438171695836,0.041063754549494666,0.4557802591903922,0.2702210691424742,0.682909894866547,0.11996062388163747,0.8630220388195893,0.41963340793578735,0.6805973592251867,0.11904382725843018,0.8630220388195893,0.5504825171537948,0.0,0.0,0.0,0.0,0.0,0.0,0.0,0.0,22.916727307822526,4.373408125529948,30.83713889043692,15.410902535381156,22.814560216980485,4.780244238440306,30.18316454185779,17.34655870217925,-1.0,0.0,-1.0,-1.0,-1.0,0.0,-1.0,-1.0,7071.590387438306,4866.33984352457,43017.13662334821,2140.4562634928493,6613.369390946424,3374.0266414289267,12821.45770047512,2285.989771597908,0.0,0.0,0.0,0.0,0.0,0.0,0.0,0.0,6.021138637853356,3.2652107732192888,16.31621525144396,2.892665237709892,5.464140559465995,2.4998129539625067,11.525661832056118,2.9702663699883267,-619.842184068011,964004.0,245000.0,2450.0,22.665980401785355,4.1465333324386995,4.272122032718395,27.718000449680815,8118.390804386268,244.0
22.357995501635,23.49509839604898,323.59561092704234,-361.6770655967554,209.8359826127922,-17.910305,-711.3697,-369.2694980904359,207.82581795962892,-18.164932,-713.02313,-350.26562,204.95451,-20.423449,-716.6757,20.62363,42.340237,273.0835,1.858134e-05,22.777748,89.29952,974.96,8.405186e-08,0.078842185,0.83920085,1.0,-1.0,-6.021138637853356,3.2652107732192888,-2.892665237709892,-16.31621525144396,-605.5302284546032,302.32353145839505,-336.932249417986,-1329.3572379942716,0.04825094,0.7642322,1.0,-1.0,10.0,-5.27398896085637,1.1510867074116815,-3.200396942201844,-11.111341629317838,-520.2244721822565,74.24321626672172,-427.5714665848648,-692.7629092198449,0.0758849798709405,0.6854631657040393,1.0,-1.0,0.3488396535117125,0.1080492343518257,0.6035752353596935,0.2023088120517608,0.3606242223526892,0.1143071390821461,0.5654158757972032,0.2023088120517608,0.0017268858898355627,0.0,0.006444800236967986,0.008650383378142853,0.0,0.0,0.0,0.012285043437105809,0.007871106523013077,0.020195493994875257,0.0,0.0,0.0035459304663705555,0.013746275014370899,0.017318371528774596,0.0,0.0,0.016835995673493122,0.01023527795018633,0.009601260102863272,0.011365055207406863,0.0,0.0,0.0,0.008936110524661568,0.007453253258414741,0.002575493303972077,0.0,0.0,0.0,0.0018487001949717172,0.0,0.26710754636204154,0.10953405545942276,0.5161929999176326,0.058499660307994465,0.2647950236699582,0.11036696640003035,0.46908624029226126,0.12892955550944105,0.37321928384779446,0.06861101919505348,0.5133857709183882,0.21618072483259118,0.3732192708985175,0.06861102157293368,0.5133845980359729,0.2161807248326097,0.7064672053640322,0.10392938503471023,0.9022267156936357,0.3895588968235365,0.7041546697226719,0.10301258841150293,0.9022267156936357,0.5204080060415439,0.0,0.0,0.0,0.0,0.0,0.0,0.0,0.0,22.916727307822526,4.373408125529948,30.83713889043692,15.410902535381156,22.814560216980485,4.780244238440306,30.18316454185779,17.34655870217925,-1.0,0.0,-1.0,-1.0,-1.0,0.0,-1.0,-1.0,7071.590387438306,4866.33984352457,43017.13662334821,2140.4562634928493,6613.369390946424,3374.0266414289267,12821.45770047512,2285.989771597908,0.0,0.0,0.0,0.0,0.0,0.0,0.0,0.0,6.021138637853356,3.2652107732192888,16.31621525144396,2.892665237709892,5.464140559465995,2.4998129539625067,11.525661832056118,2.9702663699883267,-622.6267062835507,968004.0,246000.0,2460.0,24.56043231205703,3.9251841439056685,6.328459708982422,30.93321205615609,8151.994716690213,245.0
21.433309523941112,19.953901114578578,363.7693384870829,-342.1138865835455,205.19470173058744,-17.910305,-711.3697,-325.32733102426124,207.95741761080748,-18.164932,-713.02313,-350.26562,204.95451,-20.423449,-716.6757,20.62363,42.340237,273.0835,1.858134e-05,22.777748,89.29952,974.96,8.405186e-08,0.078842185,0.83920085,1.0,-1.0,-6.021138637853356,3.2652107732192888,-2.892665237709892,-16.31621525144396,-600.4020068236994,307.61717841938224,-336.932249417986,-1329.3572379942716,0.04825094,0.7642322,1.0,-1.0,10.0,-5.27398896085637,1.1510867074116815,-3.200396942201844,-11.111341629317838,-519.6832547963173,76.5497946336449,-427.5714665848648,-692.7629092198449,0.0758849798709405,0.6854631657040393,1.0,-1.0,0.3488396535117125,0.1080492343518257,0.6035752353596935,0.2023088120517608,0.3606242223526892,0.1143071390821461,0.5654158757972032,0.2023088120517608,0.016662284877797733,0.0,0.015651251019218732,0.0,0.0004958937292412206,0.012367427361956989,0.0,0.0,0.0,0.0,0.0,0.0037991464454762607,0.0,0.01345255961646452,0.00985272128863662,0.0,0.0,0.0,0.008600895267609501,0.0,0.020007909307330634,0.0001819397816280175,0.011032282022204052,0.006135913777391985,0.0,0.0,0.0,0.0,0.0,0.001178326021771647,0.0,0.0,0.28797806320297936,0.10945469487148535,0.49835610427615606,0.10830371366768562,0.28566554051089604,0.11028760581209295,0.45124934465078476,0.1787336088691322,0.3953515806756196,0.07673220638815316,0.5084649983154399,0.21338766406327558,0.3953515677263426,0.07673220876603336,0.5084638254330246,0.2133876640632941,0.6828085934371538,0.10981601790928229,0.8775684989073244,0.37940421430844395,0.6804960577957936,0.10889922128607499,0.8775684989073244,0.5102533235264514,0.0,0.0,0.0,0.0,0.0,0.0,0.0,0.0,22.916727307822526,4.373408125529948,30.83713889043692,15.410902535381156,22.814560216980485,4.780244238440306,30.18316454185779,17.34655870217925,-1.0,0.0,-1.0,-1.0,-1.0,0.0,-1.0,-1.0,7071.590387438306,4866.33984352457,43017.13662334821,2140.4562634928493,6613.369390946424,3374.0266414289267,12821.45770047512,2285.989771597908,0.0,0.0,0.0,0.0,0.0,0.0,0.0,0.0,6.021138637853356,3.2652107732192888,16.31621525144396,2.892665237709892,5.464140559465995,2.4998129539625067,11.525661832056118,2.9702663699883267,-621.8820751742428,972004.0,247000.0,2470.0,20.25815955365085,4.324109128934384,4.753004415387952,31.23166431317479,8185.5986289941575,246.0
22.140847500585075,22.854192429043618,331.31822109165347,-332.2090870198987,208.8791481291225,-17.910305,-711.3697,-348.03878039744774,192.2562923245562,-18.164932,-713.02313,-350.26562,204.95451,-20.423449,-716.6757,20.62363,42.340237,273.0835,1.858134e-05,22.777748,89.29952,974.96,8.405186e-08,0.078842185,0.83920085,1.0,-1.0,-6.021138637853356,3.2652107732192888,-2.892665237709892,-16.31621525144396,-603.6701008716615,314.0329478038495,-336.932249417986,-1329.3572379942716,0.04825094,0.7642322,1.0,-1.0,10.0,-5.27398896085637,1.1510867074116815,-3.200396942201844,-11.111341629317838,-529.2621877211476,78.35834102773885,-427.5714665848648,-692.7629092198449,0.0758849798709405,0.6854631657040393,1.0,-1.0,0.3488396535117125,0.1080492343518257,0.6035752353596935,0.2023088120517608,0.3606242223526892,0.1143071390821461,0.5654158757972032,0.2023088120517608,0.013042684981895633,0.0,0.008653466206070125,0.0,0.014658512575745287,0.0,0.007374713045993931,0.006222830793517205,0.0,0.0,0.0,0.0,0.0,0.013702974596417486,0.011134306840455457,0.009856240711662152,0.011263313472677734,0.003144933896663006,0.00894910779380854,0.0018182970944621677,0.014526569890227705,0.0014394492579824687,0.0031646474086993227,0.0,0.005034951950036486,0.021488078904907813,0.0,0.014046770450790263,0.0,0.0,0.0,0.004252458798374793,0.29390999535299644,0.1095289830558033,0.46282070515368046,0.062185075415838606,0.2915974726609131,0.1103618939964109,0.41571394552830915,0.1326149706172852,0.39642819129430734,0.07965206818101671,0.5087023946317876,0.23999718804596534,0.39642817834503036,0.0796520705588969,0.5087012217493723,0.23999718804598386,0.6542842009978387,0.08618367350651454,0.8972485524243876,0.36459039027562323,0.6519716653564784,0.08526687688330725,0.8972485524243876,0.49543949949363075,0.0,0.0,0.0,0.0,0.0,0.0,0.0,0.0,22.916727307822526,4.373408125529948,30.83713889043692,15.410902535381156,22.814560216980485,4.780244238440306,30.18316454185779,17.34655870217925,-1.0,0.0,-1.0,-1.0,-1.0,0.0,-1.0,-1.0,7071.590387438306,4866.33984352457,43017.13662334821,2140.4562634928493,6613.369390946424,3374.0266414289267,12821.45770047512,2285.989771597908,0.0,0.0,0.0,0.0,0.0,0.0,0.0,0.0,6.021138637853356,3.2652107732192888,16.31621525144396,2.892665237709892,5.464140559465995,2.4998129539625067,11.525661832056118,2.9702663699883267,-596.0132797218752,976004.0,248000.0,2480.0,21.749009973176115,4.104415593512907,5.960000125730893,32.10738244794222,8219.202541298102,247.0
21.719316797938557,21.603136564917733,393.90970119318337,-333.0498553564504,200.4908422476251,-17.910305,-711.3697,-357.48998596359866,219.98830717167374,-18.164932,-713.02313,-350.26562,204.95451,-20.423449,-716.6757,20.62363,42.340237,273.0835,1.858134e-05,22.777748,89.29952,974.96,8.405186e-08,0.078842185,0.83920085,1.0,-1.0,-6.021138637853356,3.2652107732192888,-2.892665237709892,-16.31621525144396,-603.3279152794671,319.03062782016104,-336.932249417986,-1329.3572379942716,0.04825094,0.7642322,1.0,-1.0,10.0,-5.27398896085637,1.1510867074116815,-3.200396942201844,-11.111341629317838,-522.528322433281,75.15775837173089,-427.5714665848648,-692.7629092198449,0.0758849798709405,0.6854631657040393,1.0,-1.0,0.3488396535117125,0.1080492343518257,0.6035752353596935,0.2023088120517608,0.3606242223526892,0.1143071390821461,0.5654158757972032,0.2023088120517608,0.002617207181152942,0.0,0.005134526596222465,0.008469298458029732,0.0,0.007828650598023863,0.0,0.0,0.0,0.013212632560052147,0.0,0.0,0.0,0.0,0.0,0.0,0.0,0.0,0.0,0.0098942638260142,0.0,0.0,0.0,0.0,0.0,0.0,0.0,0.008660064322616332,0.017365327923269044,0.0,0.006559841208703489,0.0,0.31832703192284795,0.06842800264217194,0.47960478940506707,0.07577381741669514,0.31601450923076463,0.06926091358277955,0.43249802977969576,0.14620371261814175,0.35904562693212927,0.08878544867325593,0.4725770142718306,0.1974065842573583,0.3590456139828523,0.08878545105113612,0.4725758413894153,0.1974065842573768,0.6555755729182506,0.09456294840132502,0.8563952211308885,0.3899030157719311,0.6532630372768904,0.09364615177811772,0.8563952211308885,0.5207521249899385,0.0,0.0,0.0,0.0,0.0,0.0,0.0,0.0,22.916727307822526,4.373408125529948,30.83713889043692,15.410902535381156,22.814560216980485,4.780244238440306,30.18316454185779,17.34655870217925,-1.0,0.0,-1.0,-1.0,-1.0,0.0,-1.0,-1.0,7071.590387438306,4866.33984352457,43017.13662334821,2140.4562634928493,6613.369390946424,3374.0266414289267,12821.45770047512,2285.989771597908,0.0,0.0,0.0,0.0,0.0,0.0,0.0,0.0,6.021138637853356,3.2652107732192888,16.31621525144396,2.892665237709892,5.464140559465995,2.4998129539625067,11.525661832056118,2.9702663699883267,-619.5381267230525,980004.0,249000.0,2490.0,28.56209372398228,5.320228863509383,5.5760031615273915,32.19530488084173,8252.806453602047,248.0
25.927606875903763,24.422871138494568,349.8811289872358,-368.37366032222786,204.51747884408454,-17.910305,-711.3697,-356.09186806624524,201.79085664969034,-18.164932,-713.02313,-350.26562,204.95451,-20.423449,-716.6757,20.62363,42.340237,273.0835,1.858134e-05,22.777748,89.29952,974.96,8.405186e-08,0.078842185,0.83920085,1.0,-1.0,-6.021138637853356,3.2652107732192888,-2.892665237709892,-16.31621525144396,-599.58012528192,313.198300173379,-336.932249417986,-1329.3572379942716,0.04825094,0.7642322,1.0,-1.0,10.0,-5.27398896085637,1.1510867074116815,-3.200396942201844,-11.111341629317838,-532.1890217803377,75.44399145055367,-427.5714665848648,-692.7629092198449,0.0758849798709405,0.6854631657040393,1.0,-1.0,0.3488396535117125,0.1080492343518257,0.6035752353596935,0.2023088120517608,0.3606242223526892,0.1143071390821461,0.5654158757972032,0.2023088120517608,0.004102961820503824,0.004138440037876836,0.0,0.0,0.0,0.005795268184035576,0.005149153455168707,0.007836071907483573,0.0,0.008581473414429299,0.003937125469692815,0.0017668451535929487,0.0,0.0,0.0023481692000933215,0.006899347600300464,0.0,0.00254025243540075,0.0,0.006148996005977633,0.01831618636939611,0.005188417796870823,0.0020798967460567666,0.012454957011669788,0.019457036484285883,0.0,0.0,0.004146938583198247,0.0,0.0,0.0,0.010937251205861549,0.2939661450114436,0.08348456242815992,0.4868354682201467,0.0674381800299648,0.29165362231936026,0.08431747336876752,0.4397287085947754,0.1378680752314114,0.380901186071721,0.05695175164488423,0.4735334203139915,0.19559407848665053,0.38090117312244404,0.05695175402276443,0.4735322474315762,0.19559407848666904,0.6580320321757251,0.10980790289108455,0.8926552765171303,0.429260295676599,0.6557194965343649,0.10889110626787725,0.8926552765171303,0.5601094048946065,0.0,0.0,0.0,0.0,0.0,0.0,0.0,0.0,22.916727307822526,4.373408125529948,30.83713889043692,15.410902535381156,22.814560216980485,4.780244238440306,30.18316454185779,17.34655870217925,-1.0,0.0,-1.0,-1.0,-1.0,0.0,-1.0,-1.0,7071.590387438306,4866.33984352457,43017.13662334821,2140.4562634928493,6613.369390946424,3374.0266414289267,12821.45770047512,2285.989771597908,0.0,0.0,0.0,0.0,0.0,0.0,0.0,0.0,6.021138637853356,3.2652107732192888,16.31621525144396,2.892665237709892,5.464140559465995,2.4998129539625067,11.525661832056118,2.9702663699883267,-596.4352811516698,984004.0,250000.0,2500.0,21.854223778231066,3.647005093267397,5.606072035475796,37.1504538679065,8286.410365905991,249.0
21.774892711264673,18.648516712357484,295.7267483436918,-345.90718040158305,215.78827076265907,-17.910305,-711.3697,-343.2367789048966,193.8231895781279,-18.164932,-713.02313,-350.26562,204.95451,-20.423449,-716.6757,20.62363,42.340237,273.0835,1.858134e-05,22.777748,89.29952,974.96,8.405186e-08,0.078842185,0.83920085,1.0,-1.0,-6.021138637853356,3.2652107732192888,-2.892665237709892,-16.31621525144396,-608.5313495869511,321.4506573740422,-336.932249417986,-1329.3572379942716,0.04825094,0.7642322,1.0,-1.0,10.0,-5.27398896085637,1.1510867074116815,-3.200396942201844,-11.111341629317838,-522.163986919022,75.47707716200937,-427.5714665848648,-692.7629092198449,0.0758849798709405,0.6854631657040393,1.0,-1.0,0.3488396535117125,0.1080492343518257,0.6035752353596935,0.2023088120517608,0.3606242223526892,0.1143071390821461,0.5654158757972032,0.2023088120517608,0.0020378548648601787,0.004575846634124147,0.005427200312491215,0.005672395802240668,0.008455419442118117,0.0,0.0031332302788827718,0.010806792061963628,0.012410485039112606,0.0035570588936161465,0.0,0.0,0.0010620897972151008,0.011070073888454584,0.001616329094148868,0.0012507595401276056,0.0,0.003215943898263608,0.007889163957372294,0.015368781652305577,0.0,0.0,0.0,0.0,0.0,0.0,0.015196021707012465,0.00345979317617924,0.0,0.0032255746529900775,0.008707025859641433,0.02274378438178009,0.2544499983671666,0.09094458846258749,0.5039503279201866,0.04241424363594839,0.25213747567508327,0.09177749940319509,0.45684356829481526,0.11284413883739497,0.3898131322136823,0.09016753799322265,0.5121113233425928,0.19507442528248173,0.3898131192644053,0.09016754037110285,0.5121101504601775,0.19507442528250024,0.7185695597173558,0.10600363047480361,0.9109240621857263,0.3762712985612005,0.7162570240759956,0.10508683385159631,0.9109240621857263,0.507120407779208,0.0,0.0,0.0,0.0,0.0,0.0,0.0,0.0,22.916727307822526,4.373408125529948,30.83713889043692,15.410902535381156,22.814560216980485,4.780244238440306,30.18316454185779,17.34655870217925,-1.0,0.0,-1.0,-1.0,-1.0,0.0,-1.0,-1.0,7071.590387438306,4866.33984352457,43017.13662334821,2140.4562634928493,6613.369390946424,3374.0266414289267,12821.45770047512,2285.989771597908,0.0,0.0,0.0,0.0,0.0,0.0,0.0,0.0,6.021138637853356,3.2652107732192888,16.31621525144396,2.892665237709892,5.464140559465995,2.4998129539625067,11.525661832056118,2.9702663699883267,-587.294947079216,988004.0,251000.0,2510.0,23.37265958230339,5.703040625236502,5.703874083334312,33.253308829702455,8320.014278209936,250.0
19.656557161202326,22.02932700426962,315.5555745502392,-341.06990249243427,183.10212686756196,-17.910305,-711.3697,-345.56664800467297,193.7787984445614,-18.164932,-713.02313,-350.26562,204.95451,-20.423449,-716.6757,20.62363,42.340237,273.0835,1.858134e-05,22.777748,89.29952,974.96,8.405186e-08,0.078842185,0.83920085,1.0,-1.0,-6.021138637853356,3.2652107732192888,-2.892665237709892,-16.31621525144396,-596.4673547861146,317.9731277416431,-336.932249417986,-1329.3572379942716,0.04825094,0.7642322,1.0,-1.0,10.0,-5.27398896085637,1.1510867074116815,-3.200396942201844,-11.111341629317838,-532.5216673379208,75.72911880444977,-427.5714665848648,-692.7629092198449,0.0758849798709405,0.6854631657040393,1.0,-1.0,0.3488396535117125,0.1080492343518257,0.6035752353596935,0.2023088120517608,0.3606242223526892,0.1143071390821461,0.5654158757972032,0.2023088120517608,0.0,0.0,0.014367553401174214,0.0,0.009095211954568484,0.00037338857528225613,0.0,0.0,0.007467954570221559,0.0,0.0,0.013749997630731097,0.016876915111340075,0.0,0.0,0.01355256642335428,0.0,0.0,0.010584507856097262,0.0,0.0,0.014288754716581063,0.0031880724272083595,0.013295684542878121,0.0,0.004266784643832418,0.0,0.011441304194631434,0.006862625588221644,0.0029264878426286055,0.0038636224848631385,0.0,0.30969004296498653,0.10404941304809716,0.5096097786034227,0.08017343535269633,0.3073775202729032,0.10488232398870476,0.46250301897805135,0.15060333055414293,0.4070128872928292,0.08340861878292723,0.48381738461471785,0.1882190155181241,0.4070128743435522,0.08340862116080743,0.48381621173230255,0.18821901551814263,0.64206132055796,0.09627183787575579,0.8966055090137036,0.4234628252798197,0.6397487849165997,0.09535504125254848,0.8966055090137036,0.5543119344978271,0.0,0.0,0.0,0.0,0.0,0.0,0.0,0.0,22.916727307822526,4.373408125529948,30.83713889043692,15.410902535381156,22.814560216980485,4.780244238440306,30.18316454185779,17.34655870217925,-1.0,0.0,-1.0,-1.0,-1.0,0.0,-1.0,-1.0,7071.590387438306,4866.33984352457,43017.13662334821,2140.4562634928493,6613.369390946424,3374.0266414289267,12821.45770047512,2285.989771597908,0.0,0.0,0.0,0.0,0.0,0.0,0.0,0.0,6.021138637853356,3.2652107732192888,16.31621525144396,2.892665237709892,5.464140559465995,2.4998129539625067,11.525661832056118,2.9702663699883267,-598.1844453514838,992004.0,252000.0,2520.0,21.979844173584848,4.450254091101828,5.285066171812572,35.89014964793698,8353.61819051388,251.0
17.811169869790117,25.916115631497426,318.01745745484243,-370.56801990772163,195.52163109334316,-17.910305,-711.3697,-362.932591796256,217.00609510967627,-18.164932,-713.02313,-350.26562,204.95451,-20.423449,-716.6757,20.62363,42.340237,273.0835,1.858134e-05,22.777748,89.29952,974.96,8.405186e-08,0.078842185,0.83920085,1.0,-1.0,-6.021138637853356,3.2652107732192888,-2.892665237709892,-16.31621525144396,-605.5805245113487,301.80750328382067,-336.932249417986,-1329.3572379942716,0.04825094,0.7642322,1.0,-1.0,10.0,-5.27398896085637,1.1510867074116815,-3.200396942201844,-11.111341629317838,-521.4273079662837,75.58117945377167,-427.5714665848648,-692.7629092198449,0.0758849798709405,0.6854631657040393,1.0,-1.0,0.3488396535117125,0.1080492343518257,0.6035752353596935,0.2023088120517608,0.3606242223526892,0.1143071390821461,0.5654158757972032,0.2023088120517608,0.016399854748729233,0.0,0.0,0.0,0.01132244651977699,0.0,0.0002994823830537945,0.0,0.0,0.03083487599678304,0.016602749074529986,0.003187894206866144,0.021435672861801435,0.005655609065552164,0.01347155365413546,0.005842410325593671,0.00951723786790022,0.0,0.0,0.008580467166055577,0.0072749914519421675,0.0,0.0014013699332551927,0.007733196438619925,0.0,0.005326927119256052,0.0017803025534898454,0.01399112549550188,0.005469220455301625,0.009820379495931559,0.0,0.004161298205519027,0.258745352228406,0.06333928155459366,0.5528577502980647,0.06387812390626531,0.2564328295363227,0.06417219249520126,0.5057509906726934,0.1343080191077119,0.37044264604945226,0.0839171142503083,0.4604750878038798,0.18074231488082534,0.3704426331001753,0.0839171166281885,0.4604739149214645,0.18074231488084386,0.6640933272471942,0.0890461180592059,0.9191863375121613,0.40689126286521393,0.6617807916058339,0.0881293214359986,0.9191863375121613,0.5377403720832215,0.0,0.0,0.0,0.0,0.0,0.0,0.0,0.0,22.916727307822526,4.373408125529948,30.83713889043692,15.410902535381156,22.814560216980485,4.780244238440306,30.18316454185779,17.34655870217925,-1.0,0.0,-1.0,-1.0,-1.0,0.0,-1.0,-1.0,7071.590387438306,4866.33984352457,43017.13662334821,2140.4562634928493,6613.369390946424,3374.0266414289267,12821.45770047512,2285.989771597908,0.0,0.0,0.0,0.0,0.0,0.0,0.0,0.0,6.021138637853356,3.2652107732192888,16.31621525144396,2.892665237709892,5.464140559465995,2.4998129539625067,11.525661832056118,2.9702663699883267,-605.7521518861494,996004.0,253000.0,2530.0,21.166901062878452,4.414364906963262,5.953858891122765,30.32465548596342,8387.222102817825,252.0
23.270312590520646,22.102901929953234,313.23352628049025,-359.61462054736455,197.02624100575514,-17.910305,-711.3697,-362.21200935924077,201.77719936191298,-18.164932,-713.02313,-350.26562,204.95451,-20.423449,-716.6757,20.62363,42.340237,273.0835,1.858134e-05,22.777748,89.29952,974.96,8.405186e-08,0.078842185,0.83920085,1.0,-1.0,-6.021138637853356,3.2652107732192888,-2.892665237709892,-16.31621525144396,-613.379059581755,310.9243324875994,-336.932249417986,-1329.3572379942716,0.04825094,0.7642322,1.0,-1.0,10.0,-5.27398896085637,1.1510867074116815,-3.200396942201844,-11.111341629317838,-499.35326213877215,71.3766149010707,-427.5714665848648,-692.7629092198449,0.0758849798709405,0.6854631657040393,1.0,-1.0,0.3488396535117125,0.1080492343518257,0.6035752353596935,0.2023088120517608,0.3606242223526892,0.1143071390821461,0.5654158757972032,0.2023088120517608,0.0020258299403703157,0.0,0.012522154007101945,0.0,0.0056362726701604735,0.01572097277111549,0.003957652174810017,0.008594990586704305,0.0,0.0,0.005421413778221964,0.0,0.014897501855697751,0.0,0.005557812117142676,0.006809846706214914,0.0,0.0,0.008828364501972231,0.0,0.0036294334017348303,0.0,0.0,0.0,0.012881345031502069,0.002460595805250465,0.0,0.0029536578074390108,0.0,0.011046774149967796,0.018905757890217086,0.0,0.3150049790858586,0.062280114297526834,0.5242139232865537,0.08765250546555266,0.3126924563937753,0.06311302523813443,0.4771071636611824,0.15808240066699925,0.4010487612944373,0.03608698587909125,0.478449879234729,0.2212839492222608,0.4010487483451603,0.03608698825697145,0.4784487063523137,0.2212839492222793,0.6513581579619572,0.08931598487911924,0.8927733356108671,0.3949226507664918,0.6490456223205969,0.08839918825591193,0.8927733356108671,0.5257717599844993,0.0,0.0,0.0,0.0,0.0,0.0,0.0,0.0,22.916727307822526,4.373408125529948,30.83713889043692,15.410902535381156,22.814560216980485,4.780244238440306,30.18316454185779,17.34655870217925,-1.0,0.0,-1.0,-1.0,-1.0,0.0,-1.0,-1.0,7071.590387438306,4866.33984352457,43017.13662334821,2140.4562634928493,6613.369390946424,3374.0266414289267,12821.45770047512,2285.989771597908,0.0,0.0,0.0,0.0,0.0,0.0,0.0,0.0,6.021138637853356,3.2652107732192888,16.31621525144396,2.892665237709892,5.464140559465995,2.4998129539625067,11.525661832056118,2.9702663699883267,-606.0580599840465,1000004.0,254000.0,2540.0,20.705425535437588,4.155840342460197,5.36363844653812,37.11718669529228,8420.82601512177,253.0
17.292081415580487,21.200321964682256,412.7523809802881,-340.23736423943546,192.6294554637812,-17.910305,-711.3697,-315.06624576480135,206.54482927065982,-18.164932,-713.02313,-350.26562,204.95451,-20.423449,-716.6757,20.62363,42.340237,273.0835,1.858134e-05,22.777748,89.29952,974.96,8.405186e-08,0.078842185,0.83920085,1.0,-1.0,-6.021138637853356,3.2652107732192888,-2.892665237709892,-16.31621525144396,-598.3847936243833,310.70561124561226,-336.932249417986,-1329.3572379942716,0.04825094,0.7642322,1.0,-1.0,10.0,-5.27398896085637,1.1510867074116815,-3.200396942201844,-11.111341629317838,-528.8734461143127,75.55201604498846,-427.5714665848648,-692.7629092198449,0.0758849798709405,0.6854631657040393,1.0,-1.0,0.3488396535117125,0.1080492343518257,0.6035752353596935,0.2023088120517608,0.3606242223526892,0.1143071390821461,0.5654158757972032,0.2023088120517608,0.0,0.0074864158230423476,0.0,0.010354313183819519,0.0,0.000750112804671772,0.008291187693606523,0.0,0.004383695157794825,0.010233594731604378,0.00937327759149944,0.0038194165535560863,0.016364650385738224,0.0,0.0,0.0017971950862959,0.003166982389714876,0.0,0.0012209814507078388,0.0,0.0,0.009574508152439471,0.0,0.00866521067968383,0.0,0.002387754650554823,0.0,0.0,0.02288188107603771,0.0,0.011358686515513828,0.0006117703131179925,0.2803991147613069,0.07975463785811877,0.5227189684529678,0.1257195810283299,0.2780865920692236,0.08058754879872637,0.4756122088275965,0.1961494762297765,0.41972167255386184,0.1240622592195493,0.518033897678291,0.18003562509894666,0.41972165960458485,0.1240622615974295,0.5180327247958757,0.18003562509896517,0.6752953400636438,0.11061265163315068,0.9330090650114768,0.39464273670782035,0.6729828044222835,0.10969585500994337,0.9330090650114768,0.5254918459258279,0.0,0.0,0.0,0.0,0.0,0.0,0.0,0.0,22.916727307822526,4.373408125529948,30.83713889043692,15.410902535381156,22.814560216980485,4.780244238440306,30.18316454185779,17.34655870217925,-1.0,0.0,-1.0,-1.0,-1.0,0.0,-1.0,-1.0,7071.590387438306,4866.33984352457,43017.13662334821,2140.4562634928493,6613.369390946424,3374.0266414289267,12821.45770047512,2285.989771597908,0.0,0.0,0.0,0.0,0.0,0.0,0.0,0.0,6.021138637853356,3.2652107732192888,16.31621525144396,2.892665237709892,5.464140559465995,2.4998129539625067,11.525661832056118,2.9702663699883267,-621.5983638069998,1004004.0,255000.0,2550.0,21.364706249076672,4.79611559039699,6.833444215274776,35.90195792942172,8454.429927425714,254.0
22.12435532850387,22.649304645523472,301.25433627998154,-343.06203041157914,199.62687349920049,-17.910305,-711.3697,-351.9906956713185,219.322716604542,-18.164932,-713.02313,-350.26562,204.95451,-20.423449,-716.6757,20.62363,42.340237,273.0835,1.858134e-05,22.777748,89.29952,974.96,8.405186e-08,0.078842185,0.83920085,1.0,-1.0,-6.021138637853356,3.2652107732192888,-2.892665237709892,-16.31621525144396,-599.2420805848416,311.9207107298247,-336.932249417986,-1329.3572379942716,0.04825094,0.7642322,1.0,-1.0,10.0,-5.27398896085637,1.1510867074116815,-3.200396942201844,-11.111341629317838,-538.8320672656595,77.03948150425425,-427.5714665848648,-692.7629092198449,0.0758849798709405,0.6854631657040393,1.0,-1.0,0.3488396535117125,0.1080492343518257,0.6035752353596935,0.2023088120517608,0.3606242223526892,0.1143071390821461,0.5654158757972032,0.2023088120517608,0.0,0.017377850692259084,0.002790230207647907,0.0,0.007239763966426955,0.021212557115081927,0.0,0.0,0.005268061210753651,0.009643882048504178,0.0,0.0,0.001851706148429273,0.010219969404409706,0.003789939336198148,0.01763362788072576,0.008835009056218231,0.006738801308380717,0.0025606913087583157,0.021560223288250753,0.0008433391808989573,0.0,0.0,0.0,0.0,0.0,0.004623404779627893,0.0,0.0,0.0,0.014681184014305603,0.0,0.3124627480854894,0.12169077795173774,0.5013252331925132,0.06374197957971461,0.3101502253934061,0.12252368889234533,0.4542184735671419,0.13417187478116122,0.41510796518966125,0.05922214026652621,0.48963628280180715,0.2262211211382021,0.41510795224038427,0.05922214264440641,0.48963510991939185,0.22622112113822063,0.7482981820448475,0.09912821560979435,0.8700739758750142,0.3954288415746654,0.7459856464034873,0.09821141898658704,0.8700739758750142,0.5262779507926729,0.0,0.0,0.0,0.0,0.0,0.0,0.0,0.0,22.916727307822526,4.373408125529948,30.83713889043692,15.410902535381156,22.814560216980485,4.780244238440306,30.18316454185779,17.34655870217925,-1.0,0.0,-1.0,-1.0,-1.0,0.0,-1.0,-1.0,7071.590387438306,4866.33984352457,43017.13662334821,2140.4562634928493,6613.369390946424,3374.0266414289267,12821.45770047512,2285.989771597908,0.0,0.0,0.0,0.0,0.0,0.0,0.0,0.0,6.021138637853356,3.2652107732192888,16.31621525144396,2.892665237709892,5.464140559465995,2.4998129539625067,11.525661832056118,2.9702663699883267,-577.0262188077135,1008004.0,256000.0,2560.0,24.31053494895101,4.157005267941964,5.929827917183126,31.48431639584164,8488.033839729658,255.0
19.41158391171021,22.512382511050593,357.06367968737385,-342.92179490455806,186.98940193786777,-17.910305,-711.3697,-348.7513764096515,197.82681631854052,-18.164932,-713.02313,-350.26562,204.95451,-20.423449,-716.6757,20.62363,42.340237,273.0835,1.858134e-05,22.777748,89.29952,974.96,8.405186e-08,0.078842185,0.83920085,1.0,-1.0,-6.021138637853356,3.2652107732192888,-2.892665237709892,-16.31621525144396,-586.4702459192802,310.8630856109981,-336.932249417986,-1329.3572379942716,0.04825094,0.7642322,1.0,-1.0,10.0,-5.27398896085637,1.1510867074116815,-3.200396942201844,-11.111341629317838,-510.71565484673806,75.14856927105758,-427.5714665848648,-692.7629092198449,0.0758849798709405,0.6854631657040393,1.0,-1.0,0.3488396535117125,0.1080492343518257,0.6035752353596935,0.2023088120517608,0.3606242223526892,0.1143071390821461,0.5654158757972032,0.2023088120517608,0.0,0.007887154391704477,0.02475463463349495,0.007927022849536862,0.0,0.00895058344269767,0.0,0.0,0.0053075310675152945,0.0,0.014588657871514183,0.009201914350782046,0.0,0.010525011912921815,0.004700479263852956,0.01028472598291364,0.0,0.0,0.002340994646777103,0.0,0.01017205528701169,0.005336627688063324,0.009484774781506486,0.015965044071170963,0.0,0.010589028129036879,0.0014366065554726397,0.014828001981633714,0.0,0.002395420254288118,0.01162092203573648,0.002659223605542429,0.29845613083884365,0.06540542880835941,0.5072874228195741,0.09071677661051623,0.29614360814676033,0.066238339748967,0.4601806631942027,0.16114667181196282,0.40246680593571554,0.0800368029999444,0.4954051103012456,0.21255164323802278,0.40246679298643856,0.0800368053778246,0.4954039374188303,0.2125516432380413,0.6881150641970348,0.08235992284107554,0.8942037925123286,0.377270437423653,0.6858025285556746,0.08144312621786823,0.8942037925123286,0.5081195466416605,0.0,0.0,0.0,0.0,0.0,0.0,0.0,0.0,22.916727307822526,4.373408125529948,30.83713889043692,15.410902535381156,22.814560216980485,4.780244238440306,30.18316454185779,17.34655870217925,-1.0,0.0,-1.0,-1.0,-1.0,0.0,-1.0,-1.0,7071.590387438306,4866.33984352457,43017.13662334821,2140.4562634928493,6613.369390946424,3374.0266414289267,12821.45770047512,2285.989771597908,0.0,0.0,0.0,0.0,0.0,0.0,0.0,0.0,6.021138637853356,3.2652107732192888,16.31621525144396,2.892665237709892,5.464140559465995,2.4998129539625067,11.525661832056118,2.9702663699883267,-601.6009852081182,1012004.0,257000.0,2570.0,23.72130131920559,5.152446945550559,6.676355188520301,30.24107253890478,8521.637752033603,256.0
20.588321573365057,21.02094649955474,397.0048890341504,-352.77807701864907,202.57059659791727,-17.910305,-711.3697,-392.3036203144426,212.6494273687238,-18.164932,-713.02313,-350.26562,204.95451,-20.423449,-716.6757,20.62363,42.340237,273.0835,1.858134e-05,22.777748,89.29952,974.96,8.405186e-08,0.078842185,0.83920085,1.0,-1.0,-6.021138637853356,3.2652107732192888,-2.892665237709892,-16.31621525144396,-585.8847194237239,309.1521069242105,-336.932249417986,-1329.3572379942716,0.04825094,0.7642322,1.0,-1.0,10.0,-5.27398896085637,1.1510867074116815,-3.200396942201844,-11.111341629317838,-539.1183906604982,74.4144056632796,-427.5714665848648,-692.7629092198449,0.0758849798709405,0.6854631657040393,1.0,-1.0,0.3488396535117125,0.1080492343518257,0.6035752353596935,0.2023088120517608,0.3606242223526892,0.1143071390821461,0.5654158757972032,0.2023088120517608,0.0,0.00896500357505811,0.0040537992372852,0.0,0.0,0.000840585045597969,0.0,0.0,0.0,0.0,0.0,0.0,0.0,0.0,0.005045710927122078,0.0,0.0,0.013253728729458658,0.01773339041229151,0.0,0.0013998628761806076,0.012843412382568349,0.008195871433012952,0.01024039817102847,0.0,0.022559949254470097,0.013976909503635868,0.0,0.0,0.004223566500089286,0.0,0.0060200098455592405,0.2742924878132365,0.11206436700649296,0.49309016375321096,0.061959284981206404,0.2719799651211532,0.11289727794710055,0.44598340412783966,0.132389180182653,0.41346037619287995,0.0851299910021409,0.49915574124570905,0.22283812392473448,0.41346036324360297,0.0851299933800211,0.49915456836329375,0.222838123924753,0.6737533218831534,0.10065810302534019,0.8708170377453441,0.42615789279602945,0.6714407862417932,0.09974130640213288,0.8708170377453441,0.557007002014037,0.0,0.0,0.0,0.0,0.0,0.0,0.0,0.0,22.916727307822526,4.373408125529948,30.83713889043692,15.410902535381156,22.814560216980485,4.780244238440306,30.18316454185779,17.34655870217925,-1.0,0.0,-1.0,-1.0,-1.0,0.0,-1.0,-1.0,7071.590387438306,4866.33984352457,43017.13662334821,2140.4562634928493,6613.369390946424,3374.0266414289267,12821.45770047512,2285.989771597908,0.0,0.0,0.0,0.0,0.0,0.0,0.0,0.0,6.021138637853356,3.2652107732192888,16.31621525144396,2.892665237709892,5.464140559465995,2.4998129539625067,11.525661832056118,2.9702663699883267,-609.9085149271309,1016004.0,258000.0,2580.0,22.47104748530694,4.721151284282136,6.996172529792629,37.12127135392049,8555.241664337547,257.0
23.040436512374328,22.606706771099645,443.8111127149986,-383.92001169517664,205.70909667254622,-17.910305,-711.3697,-358.799394293985,192.73514823392009,-18.164932,-713.02313,-350.26562,204.95451,-20.423449,-716.6757,20.62363,42.340237,273.0835,1.858134e-05,22.777748,89.29952,974.96,8.405186e-08,0.078842185,0.83920085,1.0,-1.0,-6.021138637853356,3.2652107732192888,-2.892665237709892,-16.31621525144396,-606.4336582505812,318.1843441332727,-336.932249417986,-1329.3572379942716,0.04825094,0.7642322,1.0,-1.0,10.0,-5.27398896085637,1.1510867074116815,-3.200396942201844,-11.111341629317838,-517.6129220420354,73.67376818293593,-427.5714665848648,-692.7629092198449,0.0758849798709405,0.6854631657040393,1.0,-1.0,0.3488396535117125,0.1080492343518257,0.6035752353596935,0.2023088120517608,0.3606242223526892,0.1143071390821461,0.5654158757972032,0.2023088120517608,0.015805764238297403,0.01655996863390075,0.0,0.009187217627446134,0.006201598795774697,0.011593132880984333,0.008218564225838611,0.00535613142766423,0.0,0.002990118521258812,0.0,0.008376242463604237,0.011908683448691101,0.0004022255049241073,0.019238334344587976,0.011101325006575105,0.0,0.008408524760630948,0.013559114311621507,0.0019861920961478804,4.9028563446632286e-05,0.0,0.012429135546098358,0.0,0.005731720922743776,0.015042606998115746,0.0,0.0,0.014552416454474144,0.005095533749604684,0.0,0.015196499232389742,0.2945755719463858,0.08424960154523022,0.49145665720850634,0.043856919548228616,0.29226304925430246,0.08508251248583781,0.44434989758313503,0.1142868147496752,0.42225271187156205,0.09721716659601787,0.4805195378362099,0.22861163461875206,0.42225269892228506,0.09721716897389807,0.4805183649537946,0.2286116346187706,0.7197600827445564,0.1000055657134496,0.8514762369253036,0.43079928215736285,0.7174475471031961,0.09908876909024229,0.8514762369253036,0.5616483913753704,0.0,0.0,0.0,0.0,0.0,0.0,0.0,0.0,22.916727307822526,4.373408125529948,30.83713889043692,15.410902535381156,22.814560216980485,4.780244238440306,30.18316454185779,17.34655870217925,-1.0,0.0,-1.0,-1.0,-1.0,0.0,-1.0,-1.0,7071.590387438306,4866.33984352457,43017.13662334821,2140.4562634928493,6613.369390946424,3374.0266414289267,12821.45770047512,2285.989771597908,0.0,0.0,0.0,0.0,0.0,0.0,0.0,0.0,6.021138637853356,3.2652107732192888,16.31621525144396,2.892665237709892,5.464140559465995,2.4998129539625067,11.525661832056118,2.9702663699883267,-599.8508416295367,1020004.0,259000.0,2590.0,23.251711998724762,3.7606756016653478,5.193236239468442,29.03115292834301,8588.845576641492,258.0
22.27212105667536,21.988783695910726,302.2332949381989,-341.88188323497434,201.41967588487466,-17.910305,-711.3697,-376.2920195245925,205.3550145627908,-18.164932,-713.02313,-350.26562,204.95451,-20.423449,-716.6757,20.62363,42.340237,273.0835,1.858134e-05,22.777748,89.29952,974.96,8.405186e-08,0.078842185,0.83920085,1.0,-1.0,-6.021138637853356,3.2652107732192888,-2.892665237709892,-16.31621525144396,-608.2488350531341,318.1830540168311,-336.932249417986,-1329.3572379942716,0.04825094,0.7642322,1.0,-1.0,10.0,-5.27398896085637,1.1510867074116815,-3.200396942201844,-11.111341629317838,-526.8851812328694,77.24435736097251,-427.5714665848648,-692.7629092198449,0.0758849798709405,0.6854631657040393,1.0,-1.0,0.3488396535117125,0.1080492343518257,0.6035752353596935,0.2023088120517608,0.3606242223526892,0.1143071390821461,0.5654158757972032,0.2023088120517608,0.0,0.0011261148339757835,0.0,0.009356062187594756,0.008753188152368602,0.0,0.0,0.010435208257509924,0.0014162350952207576,0.0,0.002253958326368869,0.0036966620230457466,0.0,0.009812621555727518,0.0,0.003812704844186079,0.0,0.0,0.0076739477357506075,0.011192953478758807,0.0,0.0,0.0,0.00010246469449287322,0.0,0.016528597332358227,0.0,0.0033711259803759926,0.009602506071300383,0.0,0.0,0.0,0.287342423502637,0.10104847838593468,0.5063318494274338,0.10179052955236893,0.2850299008105537,0.10188138932654228,0.4592250898020625,0.17222042475381552,0.400869721009002,0.09910663907186343,0.48732021630326955,0.2164174483279998,0.400869708059725,0.09910664144974363,0.48731904342085425,0.21641744832801832,0.6777725757322213,0.12149490507741895,0.9098663006254417,0.38190063000423086,0.675460040090861,0.12057810845421164,0.9098663006254417,0.5127497392222383,0.0,0.0,0.0,0.0,0.0,0.0,0.0,0.0,22.916727307822526,4.373408125529948,30.83713889043692,15.410902535381156,22.814560216980485,4.780244238440306,30.18316454185779,17.34655870217925,-1.0,0.0,-1.0,-1.0,-1.0,0.0,-1.0,-1.0,7071.590387438306,4866.33984352457,43017.13662334821,2140.4562634928493,6613.369390946424,3374.0266414289267,12821.45770047512,2285.989771597908,0.0,0.0,0.0,0.0,0.0,0.0,0.0,0.0,6.021138637853356,3.2652107732192888,16.31621525144396,2.892665237709892,5.464140559465995,2.4998129539625067,11.525661832056118,2.9702663699883267,-587.857985183618,1024004.0,260000.0,2600.0,27.131926140651913,4.065845311625267,6.05793832017081,35.75802508726685,8622.449488945436,259.0
21.00059585389108,25.749160360922083,351.1905805489375,-346.036246472419,210.289036979531,-17.910305,-711.3697,-358.09339669823004,202.08417619920493,-18.164932,-713.02313,-350.26562,204.95451,-20.423449,-716.6757,20.62363,42.340237,273.0835,1.858134e-05,22.777748,89.29952,974.96,8.405186e-08,0.078842185,0.83920085,1.0,-1.0,-6.021138637853356,3.2652107732192888,-2.892665237709892,-16.31621525144396,-598.5085484077756,306.2284165603563,-336.932249417986,-1329.3572379942716,0.04825094,0.7642322,1.0,-1.0,10.0,-5.27398896085637,1.1510867074116815,-3.200396942201844,-11.111341629317838,-529.8359887693317,73.0177615136399,-427.5714665848648,-692.7629092198449,0.0758849798709405,0.6854631657040393,1.0,-1.0,0.3488396535117125,0.1080492343518257,0.6035752353596935,0.2023088120517608,0.3606242223526892,0.1143071390821461,0.5654158757972032,0.2023088120517608,0.0,0.009539374287399226,0.0,0.006595296654547328,0.008109760164371245,0.0,0.0,0.009588095347517925,0.0,0.0024811803894322234,0.004068674926805881,0.0,0.001374779648790197,0.00345067305612945,0.010112272308275364,0.008172251215587536,0.02431307527752476,0.009611347421023505,0.0,0.010146322444357701,0.0010498078743674689,0.0007337139385362223,0.014471370499738057,0.0,0.0005342731596084409,0.01289827236359791,0.006732042997318595,0.0,0.0,0.0,0.002126913466380856,0.003872932835585826,0.28967810218093204,0.07757943275147969,0.5100460782914507,0.08755770323443117,0.2873655794888487,0.07841234369208729,0.4629393186660793,0.15798759843587776,0.428262655114939,0.08256172161529654,0.48832553630049313,0.19108013558287612,0.428262642165662,0.08256172399317674,0.48832436341807783,0.19108013558289463,0.6507864984106538,0.09198892070620604,0.8765123583124729,0.41163484032509573,0.6484739627692936,0.09107212408299874,0.8765123583124729,0.5424839495431032,0.0,0.0,0.0,0.0,0.0,0.0,0.0,0.0,22.916727307822526,4.373408125529948,30.83713889043692,15.410902535381156,22.814560216980485,4.780244238440306,30.18316454185779,17.34655870217925,-1.0,0.0,-1.0,-1.0,-1.0,0.0,-1.0,-1.0,7071.590387438306,4866.33984352457,43017.13662334821,2140.4562634928493,6613.369390946424,3374.0266414289267,12821.45770047512,2285.989771597908,0.0,0.0,0.0,0.0,0.0,0.0,0.0,0.0,6.021138637853356,3.2652107732192888,16.31621525144396,2.892665237709892,5.464140559465995,2.4998129539625067,11.525661832056118,2.9702663699883267,-612.313746490273,1028004.0,261000.0,2610.0,20.90002934408985,4.829344195111075,6.280009698327584,31.041806292891415,8656.05340124938,260.0
21.449524589603705,23.013001787372442,319.07404856777123,-332.19564421103337,214.3471117911278,-17.910305,-711.3697,-341.96215147081205,207.71696357742027,-18.164932,-713.02313,-350.26562,204.95451,-20.423449,-716.6757,20.62363,42.340237,273.0835,1.858134e-05,22.777748,89.29952,974.96,8.405186e-08,0.078842185,0.83920085,1.0,-1.0,-6.021138637853356,3.2652107732192888,-2.892665237709892,-16.31621525144396,-595.1134945983476,315.0142912375296,-336.932249417986,-1329.3572379942716,0.04825094,0.7642322,1.0,-1.0,10.0,-5.27398896085637,1.1510867074116815,-3.200396942201844,-11.111341629317838,-515.8746913858138,75.44933589034672,-427.5714665848648,-692.7629092198449,0.0758849798709405,0.6854631657040393,1.0,-1.0,0.3488396535117125,0.1080492343518257,0.6035752353596935,0.2023088120517608,0.3606242223526892,0.1143071390821461,0.5654158757972032,0.2023088120517608,0.00020534010333539486,0.0063367368689797345,0.0,0.0,0.0,0.0,0.0,0.0028389405449163506,0.021873463548158636,0.0034100861709792907,0.00844539175427087,0.0071103351534162855,0.011804515812913488,0.0036347968001506064,0.0109954640565183,0.0,0.0,0.0,0.003347539908142311,0.0,0.0,0.020553136943823207,0.0,0.0022173593260711713,0.0,0.019037575369746342,0.0,0.013775112118605482,0.0,0.0,0.0,0.0,0.24409577477212874,0.06522515734344844,0.48214774443368025,0.045174422265979876,0.24178325208004542,0.06605806828405605,0.43504098480830894,0.11560431746742647,0.346315191547269,0.07880328077628113,0.49578276136041977,0.21765009119572085,0.346315178597992,0.07880328315416132,0.49578158847800446,0.21765009119573936,0.6673360296427144,0.11877256147898807,0.9332851058488845,0.40598305496682496,0.6650234940013542,0.11785576485578077,0.9332851058488845,0.5368321641848325,0.0,0.0,0.0,0.0,0.0,0.0,0.0,0.0,22.916727307822526,4.373408125529948,30.83713889043692,15.410902535381156,22.814560216980485,4.780244238440306,30.18316454185779,17.34655870217925,-1.0,0.0,-1.0,-1.0,-1.0,0.0,-1.0,-1.0,7071.590387438306,4866.33984352457,43017.13662334821,2140.4562634928493,6613.369390946424,3374.0266414289267,12821.45770047512,2285.989771597908,0.0,0.0,0.0,0.0,0.0,0.0,0.0,0.0,6.021138637853356,3.2652107732192888,16.31621525144396,2.892665237709892,5.464140559465995,2.4998129539625067,11.525661832056118,2.9702663699883267,-598.1006043947106,1032004.0,262000.0,2620.0,24.113164045740906,4.372992295072741,5.728709563642692,37.98046069658416,8689.657313553325,261.0
21.787282376418574,23.106480835803616,394.1232807832428,-366.05264696618485,215.5471277641759,-17.910305,-711.3697,-321.44648792125633,213.18693190602033,-18.164932,-713.02313,-350.26562,204.95451,-20.423449,-716.6757,20.62363,42.340237,273.0835,1.858134e-05,22.777748,89.29952,974.96,8.405186e-08,0.078842185,0.83920085,1.0,-1.0,-6.021138637853356,3.2652107732192888,-2.892665237709892,-16.31621525144396,-595.7546025777434,315.41465340915903,-336.932249417986,-1329.3572379942716,0.04825094,0.7642322,1.0,-1.0,10.0,-5.27398896085637,1.1510867074116815,-3.200396942201844,-11.111341629317838,-538.5053017617028,73.1151230526458,-427.5714665848648,-692.7629092198449,0.0758849798709405,0.6854631657040393,1.0,-1.0,0.3488396535117125,0.1080492343518257,0.6035752353596935,0.2023088120517608,0.3606242223526892,0.1143071390821461,0.5654158757972032,0.2023088120517608,0.0005845639254119358,0.0,0.0,0.0,0.0,0.004700772167529021,0.02288479475988979,0.0,0.0,0.0,0.012969229907211735,0.0010859842972167906,0.007733893086012937,0.009910280584329103,0.0,0.0,0.018740631257142353,0.005961549351136179,0.0,0.0,0.0,0.0,0.0,0.0,0.010973062073044437,0.0,0.0037744242350034912,0.011609441572342578,0.002200904355753333,0.0,0.0,0.009351899498988334,0.2992129553059066,0.09697040591850495,0.5079877747831169,0.07184581804847544,0.29690043261382326,0.09780331685911255,0.46088101515774554,0.14227571324992203,0.3747563230867208,0.044347562177082404,0.5049406416608861,0.2373721861059686,0.3747563101374438,0.0443475645549626,0.5049394687784708,0.23737218610598712,0.6706864770730949,0.09058729792059199,0.9067966893651591,0.3891738639936009,0.6683739414317347,0.08967050129738469,0.9067966893651591,0.5200229732116084,0.0,0.0,0.0,0.0,0.0,0.0,0.0,0.0,22.916727307822526,4.373408125529948,30.83713889043692,15.410902535381156,22.814560216980485,4.780244238440306,30.18316454185779,17.34655870217925,-1.0,0.0,-1.0,-1.0,-1.0,0.0,-1.0,-1.0,7071.590387438306,4866.33984352457,43017.13662334821,2140.4562634928493,6613.369390946424,3374.0266414289267,12821.45770047512,2285.989771597908,0.0,0.0,0.0,0.0,0.0,0.0,0.0,0.0,6.021138637853356,3.2652107732192888,16.31621525144396,2.892665237709892,5.464140559465995,2.4998129539625067,11.525661832056118,2.9702663699883267,-617.5453951107337,1036004.0,263000.0,2630.0,22.855225412513462,4.559950199394007,5.275568161684283,31.149130071968102,8723.26122585727,262.0
17.31920974879299,19.48518140993919,312.36206870122186,-379.19222610628657,196.78804274500862,-17.910305,-711.3697,-353.9154549539134,214.94808553315698,-18.164932,-713.02313,-350.26562,204.95451,-20.423449,-716.6757,20.62363,42.340237,273.0835,1.858134e-05,22.777748,89.29952,974.96,8.405186e-08,0.078842185,0.83920085,1.0,-1.0,-6.021138637853356,3.2652107732192888,-2.892665237709892,-16.31621525144396,-592.797825968928,309.9480779389367,-336.932249417986,-1329.3572379942716,0.04825094,0.7642322,1.0,-1.0,10.0,-5.27398896085637,1.1510867074116815,-3.200396942201844,-11.111341629317838,-517.2177309450425,73.20203759643056,-427.5714665848648,-692.7629092198449,0.0758849798709405,0.6854631657040393,1.0,-1.0,0.3488396535117125,0.1080492343518257,0.6035752353596935,0.2023088120517608,0.3606242223526892,0.1143071390821461,0.5654158757972032,0.2023088120517608,0.006098482744106432,0.0,0.02912083974844688,0.0,0.0,0.010351937786620172,0.0034286514248806827,0.0,0.0013264219290820495,0.01739633877699746,0.0,0.023368377638851197,0.0,0.008395137106448583,0.0019060608490330672,0.0014636032631604368,0.0,0.017371966610712823,0.0021522368860819522,0.0,0.0,0.0,0.0,0.0046527865700287645,0.0,0.0,0.0060502991467533285,0.0,0.0,0.0,0.0,0.0,0.2934070688051215,0.09340185933327469,0.4833340017170816,0.0734713409397477,0.2910945461130382,0.09423477027388229,0.43622724209171027,0.1439012361411943,0.35794679589812545,0.04035217566884022,0.462263825957299,0.23906368790834526,0.35794678294884846,0.04035217804672042,0.4622626530748837,0.23906368790836377,0.6370942382657606,0.12703615276690708,0.8950667725871374,0.3820330315787161,0.6347817026244004,0.1261193561436998,0.8950667725871374,0.5128821407967236,0.0,0.0,0.0,0.0,0.0,0.0,0.0,0.0,22.916727307822526,4.373408125529948,30.83713889043692,15.410902535381156,22.814560216980485,4.780244238440306,30.18316454185779,17.34655870217925,-1.0,0.0,-1.0,-1.0,-1.0,0.0,-1.0,-1.0,7071.590387438306,4866.33984352457,43017.13662334821,2140.4562634928493,6613.369390946424,3374.0266414289267,12821.45770047512,2285.989771597908,0.0,0.0,0.0,0.0,0.0,0.0,0.0,0.0,6.021138637853356,3.2652107732192888,16.31621525144396,2.892665237709892,5.464140559465995,2.4998129539625067,11.525661832056118,2.9702663699883267,-589.4875650341894,1040004.0,264000.0,2640.0,21.72728533330016,4.710366373234919,6.80162306733649,37.89665214306761,8756.865138161214,263.0
17.64522297029889,22.069047124441788,353.9015932332854,-330.86445580112377,186.21724105767237,-17.910305,-711.3697,-352.638938545618,205.45840798244922,-18.164932,-713.02313,-350.26562,204.95451,-20.423449,-716.6757,20.62363,42.340237,273.0835,1.858134e-05,22.777748,89.29952,974.96,8.405186e-08,0.078842185,0.83920085,1.0,-1.0,-6.021138637853356,3.2652107732192888,-2.892665237709892,-16.31621525144396,-589.4933089946667,319.73864997272835,-336.932249417986,-1329.3572379942716,0.04825094,0.7642322,1.0,-1.0,10.0,-5.27398896085637,1.1510867074116815,-3.200396942201844,-11.111341629317838,-517.9184787774191,77.53520849961717,-427.5714665848648,-692.7629092198449,0.0758849798709405,0.6854631657040393,1.0,-1.0,0.3488396535117125,0.1080492343518257,0.6035752353596935,0.2023088120517608,0.3606242223526892,0.1143071390821461,0.5654158757972032,0.2023088120517608,0.015552579204004777,0.011827030848576899,0.0005404982479670047,0.015651745211926187,0.0,0.0,0.0,0.0,0.0,0.019127888122501074,0.010978232995170352,0.002676740045975188,0.006968837852591672,0.003982127754132497,0.0,0.011965932102140902,0.0,0.0033098639273891756,0.020333707153672474,0.019164738305025,0.004958418027976196,0.0053020521593702885,0.009129042657997417,0.0,0.0,0.0027477823586861527,0.0,0.015351543060816358,0.0,0.01302301417762541,0.0,0.0,0.27890460668043865,0.10130687858655071,0.50272916329425,0.07074576606117353,0.27659208398835533,0.10213978952715831,0.4556224036688787,0.14117566126262013,0.4058219525474283,0.08992444453801492,0.4980821380003275,0.23897805321436413,0.4058219395981513,0.08992444691589511,0.4980809651179122,0.23897805321438265,0.7043928173432688,0.12724257080985035,0.8894805481447579,0.38969678376211014,0.7020802817019085,0.12632577418664306,0.8894805481447579,0.5205458929801177,0.0,0.0,0.0,0.0,0.0,0.0,0.0,0.0,22.916727307822526,4.373408125529948,30.83713889043692,15.410902535381156,22.814560216980485,4.780244238440306,30.18316454185779,17.34655870217925,-1.0,0.0,-1.0,-1.0,-1.0,0.0,-1.0,-1.0,7071.590387438306,4866.33984352457,43017.13662334821,2140.4562634928493,6613.369390946424,3374.0266414289267,12821.45770047512,2285.989771597908,0.0,0.0,0.0,0.0,0.0,0.0,0.0,0.0,6.021138637853356,3.2652107732192888,16.31621525144396,2.892665237709892,5.464140559465995,2.4998129539625067,11.525661832056118,2.9702663699883267,-581.9579481825907,1044004.0,265000.0,2650.0,25.053140367085295,4.803839401655087,5.859430474142756,36.34749137464194,8790.469050465159,264.0
21.753379416240506,20.443633293586114,337.6417570821018,-341.64054791354624,200.99797460305308,-17.910305,-711.3697,-364.75534884586017,213.04821158342952,-18.164932,-713.02313,-350.26562,204.95451,-20.423449,-716.6757,20.62363,42.340237,273.0835,1.858134e-05,22.777748,89.29952,974.96,8.405186e-08,0.078842185,0.83920085,1.0,-1.0,-6.021138637853356,3.2652107732192888,-2.892665237709892,-16.31621525144396,-607.2992864559587,314.196959367874,-336.932249417986,-1329.3572379942716,0.04825094,0.7642322,1.0,-1.0,10.0,-5.27398896085637,1.1510867074116815,-3.200396942201844,-11.111341629317838,-529.3448864025075,74.5468963362727,-427.5714665848648,-692.7629092198449,0.0758849798709405,0.6854631657040393,1.0,-1.0,0.3488396535117125,0.1080492343518257,0.6035752353596935,0.2023088120517608,0.3606242223526892,0.1143071390821461,0.5654158757972032,0.2023088120517608,0.005594050945180325,0.0,0.00749356776289592,0.004937783661681187,0.0,0.005250276866151835,0.0,0.004673325295371314,0.007663141330064496,0.0,0.011425363997511545,0.0,0.0,0.020443521621027364,0.0037870317955385137,0.014945059326292405,0.0,0.0,0.00440454536971778,0.0,0.01634004245671163,0.0,0.0,0.0,0.0001275578857815676,0.0,0.0,0.0,0.017773420389206675,0.022534926814608162,0.0,0.0,0.2467643190223165,0.025624247416211964,0.49348253234574413,0.0805449898152408,0.24445179633023317,0.02645715835681956,0.4463757727203728,0.1509748850166874,0.38891672068319944,0.07519124294586722,0.4983055289334199,0.1995278746921671,0.38891670773392245,0.07519124532374742,0.4983043560510046,0.1995278746921856,0.6675717264837544,0.10516374795036386,0.9061611940313411,0.3814790207553066,0.6652591908423942,0.10424695132715656,0.9061611940313411,0.512328129973314,0.0,0.0,0.0,0.0,0.0,0.0,0.0,0.0,22.916727307822526,4.373408125529948,30.83713889043692,15.410902535381156,22.814560216980485,4.780244238440306,30.18316454185779,17.34655870217925,-1.0,0.0,-1.0,-1.0,-1.0,0.0,-1.0,-1.0,7071.590387438306,4866.33984352457,43017.13662334821,2140.4562634928493,6613.369390946424,3374.0266414289267,12821.45770047512,2285.989771597908,0.0,0.0,0.0,0.0,0.0,0.0,0.0,0.0,6.021138637853356,3.2652107732192888,16.31621525144396,2.892665237709892,5.464140559465995,2.4998129539625067,11.525661832056118,2.9702663699883267,-596.6583322434997,1048004.0,266000.0,2660.0,21.643806003144096,4.272177998191542,5.070843828178943,37.93255668624247,8824.072962769103,265.0
20.17083275046912,24.790360397116903,329.6415641303756,-348.8466912835655,194.01598424491775,-17.910305,-711.3697,-340.2359194662112,213.24721608258855,-18.164932,-713.02313,-350.26562,204.95451,-20.423449,-716.6757,20.62363,42.340237,273.0835,1.858134e-05,22.777748,89.29952,974.96,8.405186e-08,0.078842185,0.83920085,1.0,-1.0,-6.021138637853356,3.2652107732192888,-2.892665237709892,-16.31621525144396,-606.6772052249588,315.43704278875646,-336.932249417986,-1329.3572379942716,0.04825094,0.7642322,1.0,-1.0,10.0,-5.27398896085637,1.1510867074116815,-3.200396942201844,-11.111341629317838,-524.5058995047308,73.67384683542284,-427.5714665848648,-692.7629092198449,0.0758849798709405,0.6854631657040393,1.0,-1.0,0.3488396535117125,0.1080492343518257,0.6035752353596935,0.2023088120517608,0.3606242223526892,0.1143071390821461,0.5654158757972032,0.2023088120517608,0.012936513137969537,0.0,0.0,0.0,0.0,0.01706301635913237,0.0,0.012956648410364072,0.0,0.0,0.0038243133721483735,0.0,0.013241663141821727,0.006162224349605335,0.0,0.006161930946652004,0.0,0.0,0.0,0.0,0.0024455414331890288,0.0036114688814369543,0.005264652471333093,0.0,0.0016266659262631625,0.0,0.0,0.0,0.0,0.0023619669337923395,0.007536009965415042,0.0,0.29775066376388437,0.08569878944866093,0.5006920529508894,0.06617755187785629,0.29543814107180105,0.08653170038926852,0.45358529332551806,0.1366074470793029,0.4339723365872899,0.05052740598078488,0.5320982204136189,0.18369734574720223,0.4339723236380129,0.05052740835866508,0.5320970475312035,0.18369734574722074,0.660967649734115,0.08112421044630143,0.8575060181008147,0.4047538314427521,0.6586551140927548,0.08020741382309413,0.8575060181008147,0.5356029406607595,0.0,0.0,0.0,0.0,0.0,0.0,0.0,0.0,22.916727307822526,4.373408125529948,30.83713889043692,15.410902535381156,22.814560216980485,4.780244238440306,30.18316454185779,17.34655870217925,-1.0,0.0,-1.0,-1.0,-1.0,0.0,-1.0,-1.0,7071.590387438306,4866.33984352457,43017.13662334821,2140.4562634928493,6613.369390946424,3374.0266414289267,12821.45770047512,2285.989771597908,0.0,0.0,0.0,0.0,0.0,0.0,0.0,0.0,6.021138637853356,3.2652107732192888,16.31621525144396,2.892665237709892,5.464140559465995,2.4998129539625067,11.525661832056118,2.9702663699883267,-612.7503360226345,1052004.0,267000.0,2670.0,24.230616807504113,3.6744040073318063,6.766290576221324,29.410579219826474,8857.676875073048,266.0
18.997956092180956,23.984065802511413,418.7567605304737,-340.77847570389656,209.3703793966642,-17.910305,-711.3697,-347.8039331093518,204.06131341999793,-18.164932,-713.02313,-350.26562,204.95451,-20.423449,-716.6757,20.62363,42.340237,273.0835,1.858134e-05,22.777748,89.29952,974.96,8.405186e-08,0.078842185,0.83920085,1.0,-1.0,-6.021138637853356,3.2652107732192888,-2.892665237709892,-16.31621525144396,-593.4109271780854,315.60229519882193,-336.932249417986,-1329.3572379942716,0.04825094,0.7642322,1.0,-1.0,10.0,-5.27398896085637,1.1510867074116815,-3.200396942201844,-11.111341629317838,-526.6137806904356,75.23220519733145,-427.5714665848648,-692.7629092198449,0.0758849798709405,0.6854631657040393,1.0,-1.0,0.3488396535117125,0.1080492343518257,0.6035752353596935,0.2023088120517608,0.3606242223526892,0.1143071390821461,0.5654158757972032,0.2023088120517608,0.005833224632152582,0.0,0.013591160211363171,0.0,0.0,0.0,0.0,0.0,0.0,0.0,0.022582271063433353,0.001102064672323139,0.0,0.005091597414283248,0.0,0.006270112800222908,0.005866269263822871,0.012391808887246116,0.0,0.0022962780369901277,0.0,0.0,0.0,0.0,0.0,0.0016902045684580164,0.004148710526863,0.0,0.010247761413766925,0.0022891948171872636,0.00431982816489365,0.007146639949461165,0.2943586854788574,0.06892290261176112,0.4866172091769091,0.0593827577391222,0.2920461627867741,0.0697558135523687,0.4395104495515378,0.1298126529405688,0.38872338383708316,0.09169595834183737,0.4758969200335203,0.20727139695356311,0.3887233708878062,0.09169596071971757,0.475895747151105,0.20727139695358163,0.6439715173647821,0.09498999217151324,0.9208233552676668,0.38462700263612654,0.6416589817234218,0.09407319554830594,0.9208233552676668,0.515476111854134,0.0,0.0,0.0,0.0,0.0,0.0,0.0,0.0,22.916727307822526,4.373408125529948,30.83713889043692,15.410902535381156,22.814560216980485,4.780244238440306,30.18316454185779,17.34655870217925,-1.0,0.0,-1.0,-1.0,-1.0,0.0,-1.0,-1.0,7071.590387438306,4866.33984352457,43017.13662334821,2140.4562634928493,6613.369390946424,3374.0266414289267,12821.45770047512,2285.989771597908,0.0,0.0,0.0,0.0,0.0,0.0,0.0,0.0,6.021138637853356,3.2652107732192888,16.31621525144396,2.892665237709892,5.464140559465995,2.4998129539625067,11.525661832056118,2.9702663699883267,-607.684802367583,1056004.0,268000.0,2680.0,23.937012272716913,4.16285949864882,5.875669462523546,30.274779279900862,8891.280787376993,267.0
18.446139244853175,17.780101971470145,374.6563189914852,-335.8616576474495,224.32046684324177,-17.910305,-711.3697,-327.94460344120887,206.81152004749433,-18.164932,-713.02313,-350.26562,204.95451,-20.423449,-716.6757,20.62363,42.340237,273.0835,1.858134e-05,22.777748,89.29952,974.96,8.405186e-08,0.078842185,0.83920085,1.0,-1.0,-6.021138637853356,3.2652107732192888,-2.892665237709892,-16.31621525144396,-612.1580323730103,316.8027858865918,-336.932249417986,-1329.3572379942716,0.04825094,0.7642322,1.0,-1.0,10.0,-5.27398896085637,1.1510867074116815,-3.200396942201844,-11.111341629317838,-513.9875633438967,75.60662662805252,-427.5714665848648,-692.7629092198449,0.0758849798709405,0.6854631657040393,1.0,-1.0,0.3488396535117125,0.1080492343518257,0.6035752353596935,0.2023088120517608,0.3606242223526892,0.1143071390821461,0.5654158757972032,0.2023088120517608,0.001454010317813515,0.016157410078318297,0.0,0.0,0.008448235515455661,0.0,0.0,0.00019458843571509583,0.0,0.007171480844675895,0.019633629342330487,0.0,0.0,0.0,0.0,0.004477356622820266,0.0005185660396424014,0.0,0.0039889684825489624,0.0,0.0,0.0,0.006850550855382235,0.006530691706547028,0.0,0.0,0.018799710007576197,0.0,0.00405090897361305,0.016364493475497864,0.0030213237722778114,0.019177666836253708,0.26224857440100674,0.09609647268801556,0.5273659187270736,0.07408663353785935,0.2599360517089234,0.09692938362862316,0.4802591591017023,0.14451652873930595,0.3934990744010213,0.06334252384851098,0.5240951566268526,0.23722673654685422,0.3934990614517443,0.06334252622639118,0.5240939837444373,0.23722673654687274,0.6647604036874885,0.1032581062888677,0.8796246712730524,0.41678496657906394,0.6624478680461282,0.1023413096656604,0.8796246712730524,0.5476340757970714,0.0,0.0,0.0,0.0,0.0,0.0,0.0,0.0,22.916727307822526,4.373408125529948,30.83713889043692,15.410902535381156,22.814560216980485,4.780244238440306,30.18316454185779,17.34655870217925,-1.0,0.0,-1.0,-1.0,-1.0,0.0,-1.0,-1.0,7071.590387438306,4866.33984352457,43017.13662334821,2140.4562634928493,6613.369390946424,3374.0266414289267,12821.45770047512,2285.989771597908,0.0,0.0,0.0,0.0,0.0,0.0,0.0,0.0,6.021138637853356,3.2652107732192888,16.31621525144396,2.892665237709892,5.464140559465995,2.4998129539625067,11.525661832056118,2.9702663699883267,-593.2354460600876,1060004.0,269000.0,2690.0,26.34478514307866,4.485935807122036,5.97139144035363,31.43477126171759,8924.884699680937,268.0
22.25000426134943,25.030136361398746,311.4846291474003,-378.28254992974564,194.67896453660282,-17.910305,-711.3697,-349.7983395679569,198.0390599913413,-18.164932,-713.02313,-350.26562,204.95451,-20.423449,-716.6757,20.62363,42.340237,273.0835,1.858134e-05,22.777748,89.29952,974.96,8.405186e-08,0.078842185,0.83920085,1.0,-1.0,-6.021138637853356,3.2652107732192888,-2.892665237709892,-16.31621525144396,-607.827027665998,319.9852510813661,-336.932249417986,-1329.3572379942716,0.04825094,0.7642322,1.0,-1.0,10.0,-5.27398896085637,1.1510867074116815,-3.200396942201844,-11.111341629317838,-525.8847190701623,75.41880629330817,-427.5714665848648,-692.7629092198449,0.0758849798709405,0.6854631657040393,1.0,-1.0,0.3488396535117125,0.1080492343518257,0.6035752353596935,0.2023088120517608,0.3606242223526892,0.1143071390821461,0.5654158757972032,0.2023088120517608,0.0,0.0,0.0,0.0,0.0,0.011324170593557456,0.0,0.012175478145009947,0.007286428130684228,0.0,0.0,0.0,0.005206802318606291,0.0,0.004711419849093872,0.0060398491328089825,0.0,0.0037063792285672802,0.002615155003719719,0.0010273321155303357,0.001282778842312127,0.0,0.015698767441735654,0.0,0.003387341015286714,0.0013399367764595415,0.00834794518150612,0.0,0.0,0.0,0.003806174469393474,0.003526185969897962,0.28215082340287545,0.10020444764951074,0.47900860307195403,0.1277076215780288,0.27983830071079213,0.10103735859011834,0.4319018434465827,0.1981375167794754,0.35677907051145735,0.10731817277997058,0.46688166556043054,0.22279788071957574,0.35677905756218037,0.10731817515785078,0.46688049267801524,0.22279788071959425,0.6446373448875738,0.11605846500915089,0.8705619913209416,0.40050178604705994,0.6423248092462136,0.11514166838594359,0.8705619913209416,0.5313508952650674,0.0,0.0,0.0,0.0,0.0,0.0,0.0,0.0,22.916727307822526,4.373408125529948,30.83713889043692,15.410902535381156,22.814560216980485,4.780244238440306,30.18316454185779,17.34655870217925,-1.0,0.0,-1.0,-1.0,-1.0,0.0,-1.0,-1.0,7071.590387438306,4866.33984352457,43017.13662334821,2140.4562634928493,6613.369390946424,3374.0266414289267,12821.45770047512,2285.989771597908,0.0,0.0,0.0,0.0,0.0,0.0,0.0,0.0,6.021138637853356,3.2652107732192888,16.31621525144396,2.892665237709892,5.464140559465995,2.4998129539625067,11.525661832056118,2.9702663699883267,-579.6144179687456,1064004.0,270000.0,2700.0,25.11409933086948,4.861044761926518,5.2877217120728925,34.64274382223551,8958.488611984882,269.0
21.07329271489735,22.10916262747642,367.48827515167307,-330.880400448816,190.64580300935395,-17.910305,-711.3697,-353.4770974352143,221.39543203677619,-18.164932,-713.02313,-350.26562,204.95451,-20.423449,-716.6757,20.62363,42.340237,273.0835,1.858134e-05,22.777748,89.29952,974.96,8.405186e-08,0.078842185,0.83920085,1.0,-1.0,-6.021138637853356,3.2652107732192888,-2.892665237709892,-16.31621525144396,-619.3942832685673,316.3152146984492,-336.932249417986,-1329.3572379942716,0.04825094,0.7642322,1.0,-1.0,10.0,-5.27398896085637,1.1510867074116815,-3.200396942201844,-11.111341629317838,-529.5249817892247,73.01270620162595,-427.5714665848648,-692.7629092198449,0.0758849798709405,0.6854631657040393,1.0,-1.0,0.3488396535117125,0.1080492343518257,0.6035752353596935,0.2023088120517608,0.3606242223526892,0.1143071390821461,0.5654158757972032,0.2023088120517608,0.002225816490590107,0.0,0.0,0.0127379933663058,0.0,0.0,0.0,0.007216270652620134,0.008463801685195586,0.0043635581300262615,0.0,0.0,0.0062128209581493515,0.005966729650757832,0.0,0.0,0.0037436962909548903,0.005115272456351693,0.015393422297999072,0.0088811776893892,0.001512939917718078,0.0,0.0,0.0,0.0,0.0074432773786031895,0.0,0.0,0.014841909651348977,0.015498890832746769,0.0,0.001058314828715477,0.27942547202434337,0.03564848626808106,0.4670427173268237,0.08125015340804104,0.27711294933226005,0.036481397208688655,0.41993595770145237,0.1516800486094876,0.4241280758993603,0.06728611448825046,0.5096705133114666,0.20427378910810792,0.4241280629500833,0.06728611686613066,0.5096693404290513,0.20427378910812644,0.6688002914629299,0.12392907412189766,0.8981940378697267,0.38510830726444806,0.6664877558215696,0.12301227749869034,0.8981940378697267,0.5159574164824555,0.0,0.0,0.0,0.0,0.0,0.0,0.0,0.0,22.916727307822526,4.373408125529948,30.83713889043692,15.410902535381156,22.814560216980485,4.780244238440306,30.18316454185779,17.34655870217925,-1.0,0.0,-1.0,-1.0,-1.0,0.0,-1.0,-1.0,7071.590387438306,4866.33984352457,43017.13662334821,2140.4562634928493,6613.369390946424,3374.0266414289267,12821.45770047512,2285.989771597908,0.0,0.0,0.0,0.0,0.0,0.0,0.0,0.0,6.021138637853356,3.2652107732192888,16.31621525144396,2.892665237709892,5.464140559465995,2.4998129539625067,11.525661832056118,2.9702663699883267,-592.6184354584241,1068004.0,271000.0,2710.0,19.817506693558805,4.867394921227687,4.974240430599393,35.44389786846202,8992.092524288826,270.0
19.148155897328092,21.262841408045027,275.68645316657904,-371.1034175685912,205.11565215256925,-17.910305,-711.3697,-325.648840047888,210.06281385704867,-18.164932,-713.02313,-350.26562,204.95451,-20.423449,-716.6757,20.62363,42.340237,273.0835,1.858134e-05,22.777748,89.29952,974.96,8.405186e-08,0.078842185,0.83920085,1.0,-1.0,-6.021138637853356,3.2652107732192888,-2.892665237709892,-16.31621525144396,-602.4050828436611,318.9269081331177,-336.932249417986,-1329.3572379942716,0.04825094,0.7642322,1.0,-1.0,10.0,-5.27398896085637,1.1510867074116815,-3.200396942201844,-11.111341629317838,-507.9781646080582,75.50667392218601,-427.5714665848648,-692.7629092198449,0.0758849798709405,0.6854631657040393,1.0,-1.0,0.3488396535117125,0.1080492343518257,0.6035752353596935,0.2023088120517608,0.3606242223526892,0.1143071390821461,0.5654158757972032,0.2023088120517608,0.0,0.0,0.0,0.008250388392473764,0.0,0.0,0.011220623588253901,0.0,0.006181269547243866,0.0,0.009334885663779893,0.0,0.0,0.023124862655909583,0.011245597866051497,0.0,0.0,0.0018594114174936133,0.004725253241140848,0.0,0.01337600080413786,0.0,0.005582524955925903,0.003529294808706171,0.004260368878851903,0.014536250619592609,0.00835786532876143,0.0,0.0,0.006347981134525829,0.008917946806442683,0.0,0.2964026881692533,0.09195230776208849,0.5173874998167215,0.056963345108708485,0.29409016547717,0.09278521870269608,0.47028074019135024,0.1273932403101551,0.4089425301956682,0.09458920696233714,0.5079953149587826,0.21452261970844558,0.4089425172463912,0.09458920934021733,0.5079941420763673,0.2145226197084641,0.6643806030630576,0.11795579155447418,0.9105185332126888,0.39863079499928955,0.6620680674216973,0.11703899493126688,0.9105185332126888,0.529479904217297,0.0,0.0,0.0,0.0,0.0,0.0,0.0,0.0,22.916727307822526,4.373408125529948,30.83713889043692,15.410902535381156,22.814560216980485,4.780244238440306,30.18316454185779,17.34655870217925,-1.0,0.0,-1.0,-1.0,-1.0,0.0,-1.0,-1.0,7071.590387438306,4866.33984352457,43017.13662334821,2140.4562634928493,6613.369390946424,3374.0266414289267,12821.45770047512,2285.989771597908,0.0,0.0,0.0,0.0,0.0,0.0,0.0,0.0,6.021138637853356,3.2652107732192888,16.31621525144396,2.892665237709892,5.464140559465995,2.4998129539625067,11.525661832056118,2.9702663699883267,-577.0723510714336,1072004.0,272000.0,2720.0,27.05363088400332,3.580980716063677,6.189927874232456,33.488975083503405,9025.69643659277,271.0
18.166619825442137,21.716331359772,342.80895558158056,-335.88596685928303,202.33150881959432,-17.910305,-711.3697,-339.46424382325796,212.7454940562485,-18.164932,-713.02313,-350.26562,204.95451,-20.423449,-716.6757,20.62363,42.340237,273.0835,1.858134e-05,22.777748,89.29952,974.96,8.405186e-08,0.078842185,0.83920085,1.0,-1.0,-6.021138637853356,3.2652107732192888,-2.892665237709892,-16.31621525144396,-593.1408813265234,317.4337311833493,-336.932249417986,-1329.3572379942716,0.04825094,0.7642322,1.0,-1.0,10.0,-5.27398896085637,1.1510867074116815,-3.200396942201844,-11.111341629317838,-528.2914174641352,74.43402484740513,-427.5714665848648,-692.7629092198449,0.0758849798709405,0.6854631657040393,1.0,-1.0,0.3488396535117125,0.1080492343518257,0.6035752353596935,0.2023088120517608,0.3606242223526892,0.1143071390821461,0.5654158757972032,0.2023088120517608,0.0,0.0,0.0,0.006293652003258342,0.002741308555111274,0.023059739622472705,0.0,0.0,0.0,0.0,0.0,0.0,0.0,0.0,0.0020270567733084773,0.008699572049034111,0.0,0.009157417814408967,0.000391831918440075,0.002974022306908179,0.01104400834697776,0.0,0.0,0.006901194681185558,0.007501936878398462,0.0,0.0021620056033274594,0.008584969557148762,0.0,0.00037707308917416465,0.0,0.0,0.28209759662016143,0.07975016999079272,0.48097629867170455,0.08763220860167861,0.2797850739280781,0.08058308093140032,0.43386953904633324,0.1580621038031252,0.3768453316795793,0.08652496068246951,0.45355759371295484,0.2077065868880535,0.3768453187303023,0.08652496306034971,0.45355642083053954,0.207706586888072,0.6908119706519603,0.09811970497855194,0.8937712232417704,0.4076068564389444,0.6884994350106001,0.09720290835534463,0.8937712232417704,0.5384559656569519,0.0,0.0,0.0,0.0,0.0,0.0,0.0,0.0,22.916727307822526,4.373408125529948,30.83713889043692,15.410902535381156,22.814560216980485,4.780244238440306,30.18316454185779,17.34655870217925,-1.0,0.0,-1.0,-1.0,-1.0,0.0,-1.0,-1.0,7071.590387438306,4866.33984352457,43017.13662334821,2140.4562634928493,6613.369390946424,3374.0266414289267,12821.45770047512,2285.989771597908,0.0,0.0,0.0,0.0,0.0,0.0,0.0,0.0,6.021138637853356,3.2652107732192888,16.31621525144396,2.892665237709892,5.464140559465995,2.4998129539625067,11.525661832056118,2.9702663699883267,-588.0453667503357,1076004.0,273000.0,2730.0,22.799968302469793,4.143100294870589,5.394705559354475,29.409917327985383,9059.300348896715,272.0
16.800427927673606,22.458747330861833,366.32905812737346,-359.8803471436562,231.7014354493162,-17.910305,-711.3697,-336.09213231399076,212.4072333236487,-18.164932,-713.02313,-350.26562,204.95451,-20.423449,-716.6757,20.62363,42.340237,273.0835,1.858134e-05,22.777748,89.29952,974.96,8.405186e-08,0.078842185,0.83920085,1.0,-1.0,-6.021138637853356,3.2652107732192888,-2.892665237709892,-16.31621525144396,-610.2958732622046,311.6612811283459,-336.932249417986,-1329.3572379942716,0.04825094,0.7642322,1.0,-1.0,10.0,-5.27398896085637,1.1510867074116815,-3.200396942201844,-11.111341629317838,-529.07173306269,76.53066286180413,-427.5714665848648,-692.7629092198449,0.0758849798709405,0.6854631657040393,1.0,-1.0,0.3488396535117125,0.1080492343518257,0.6035752353596935,0.2023088120517608,0.3606242223526892,0.1143071390821461,0.5654158757972032,0.2023088120517608,0.0,0.0,0.0,0.0,0.0,0.010719075749717604,0.0,0.008171669389245784,0.006060311684247196,0.0,0.0,0.0032803194371828427,0.006425643850351489,0.001523688547555939,0.0,0.0072566199961804955,0.0,0.005657231439800244,0.003281644477201496,0.0014468634045347903,0.007805683734507197,0.0,0.0020613211963801804,0.0,0.006651908195894554,0.01338688824316782,0.0,0.0,0.00011462136541617047,0.006775811802260714,0.0,0.024617483801174792,0.25017415329066334,0.09948841793962404,0.48093599137171905,0.06405204144336824,0.24786163059858002,0.10032132888023164,0.43382923174634774,0.13448193664481484,0.349791478438564,0.07325475681470045,0.4775114191212495,0.1996017588778155,0.349791465489287,0.07325475919258065,0.4775102462388342,0.19960175887783402,0.6661047525011784,0.09707036266608315,0.8890571517422226,0.3727362300705015,0.6637922168598182,0.09615356604287584,0.8890571517422226,0.503585339288509,0.0,0.0,0.0,0.0,0.0,0.0,0.0,0.0,22.916727307822526,4.373408125529948,30.83713889043692,15.410902535381156,22.814560216980485,4.780244238440306,30.18316454185779,17.34655870217925,-1.0,0.0,-1.0,-1.0,-1.0,0.0,-1.0,-1.0,7071.590387438306,4866.33984352457,43017.13662334821,2140.4562634928493,6613.369390946424,3374.0266414289267,12821.45770047512,2285.989771597908,0.0,0.0,0.0,0.0,0.0,0.0,0.0,0.0,6.021138637853356,3.2652107732192888,16.31621525144396,2.892665237709892,5.464140559465995,2.4998129539625067,11.525661832056118,2.9702663699883267,-616.498004229346,1080004.0,274000.0,2740.0,22.417372550164636,4.654988193406281,6.537173590295799,37.897274933429195,9092.90426120066,273.0
20.978628181003483,20.236359143960048,324.5616280307921,-357.50567847826056,204.0475853004568,-17.910305,-711.3697,-351.2370926988029,209.49034813899857,-18.164932,-713.02313,-350.26562,204.95451,-20.423449,-716.6757,20.62363,42.340237,273.0835,1.858134e-05,22.777748,89.29952,974.96,8.405186e-08,0.078842185,0.83920085,1.0,-1.0,-6.021138637853356,3.2652107732192888,-2.892665237709892,-16.31621525144396,-591.1336931389665,325.74119336654087,-336.932249417986,-1329.3572379942716,0.04825094,0.7642322,1.0,-1.0,10.0,-5.27398896085637,1.1510867074116815,-3.200396942201844,-11.111341629317838,-528.9743269528877,76.81698510783619,-427.5714665848648,-692.7629092198449,0.0758849798709405,0.6854631657040393,1.0,-1.0,0.3488396535117125,0.1080492343518257,0.6035752353596935,0.2023088120517608,0.3606242223526892,0.1143071390821461,0.5654158757972032,0.2023088120517608,0.0,0.0,0.0,0.010467514343264967,0.0,0.0,0.0,0.0,0.0,0.009177148659807496,0.0024933490866989906,0.004056888425252113,0.0,0.006347103852941753,0.017634179423724593,0.0,0.0009044806484881284,0.0,0.0,0.0,0.007450261067945112,0.0015030115276966369,0.004633576581463277,0.0,0.0011939940683937387,0.010319586703437926,0.0,0.0,0.0,0.0,0.0187978032180563,0.0,0.3139095860271221,0.1010983785875274,0.4838273415900481,0.10863845226966345,0.3115970633350388,0.101931289528135,0.4367205819646768,0.17906834747111006,0.3932981196106835,0.055314051564183356,0.5238553329331814,0.21397113612459376,0.3932981066614065,0.055314053942063554,0.5238541600507661,0.21397113612461227,0.665132643216573,0.10277731884376352,0.9064251014680246,0.3998722456081244,0.6628201075752127,0.10186052222055622,0.9064251014680246,0.5307213548261319,0.0,0.0,0.0,0.0,0.0,0.0,0.0,0.0,22.916727307822526,4.373408125529948,30.83713889043692,15.410902535381156,22.814560216980485,4.780244238440306,30.18316454185779,17.34655870217925,-1.0,0.0,-1.0,-1.0,-1.0,0.0,-1.0,-1.0,7071.590387438306,4866.33984352457,43017.13662334821,2140.4562634928493,6613.369390946424,3374.0266414289267,12821.45770047512,2285.989771597908,0.0,0.0,0.0,0.0,0.0,0.0,0.0,0.0,6.021138637853356,3.2652107732192888,16.31621525144396,2.892665237709892,5.464140559465995,2.4998129539625067,11.525661832056118,2.9702663699883267,-612.9952431429455,1084004.0,275000.0,2750.0,24.027152176119777,4.713436490331395,6.531910317291092,29.02123852999774,9126.508173504604,274.0
21.64842336420697,19.8908238462664,333.83688147620524,-386.7583673615072,201.61871274980706,-17.910305,-711.3697,-332.7984394057907,214.78266548858375,-18.164932,-713.02313,-350.26562,204.95451,-20.423449,-716.6757,20.62363,42.340237,273.0835,1.858134e-05,22.777748,89.29952,974.96,8.405186e-08,0.078842185,0.83920085,1.0,-1.0,-6.021138637853356,3.2652107732192888,-2.892665237709892,-16.31621525144396,-606.1872654121015,313.58400790963253,-336.932249417986,-1329.3572379942716,0.04825094,0.7642322,1.0,-1.0,10.0,-5.27398896085637,1.1510867074116815,-3.200396942201844,-11.111341629317838,-527.1770667950354,72.58624570311936,-427.5714665848648,-692.7629092198449,0.0758849798709405,0.6854631657040393,1.0,-1.0,0.3488396535117125,0.1080492343518257,0.6035752353596935,0.2023088120517608,0.3606242223526892,0.1143071390821461,0.5654158757972032,0.2023088120517608,0.0,0.0,0.015170919640782645,0.0,0.016469161852165123,0.0,0.0,0.0,0.0,0.0005393871477481184,0.023272015549056568,0.017733017967216814,0.0100659862511423,0.001559627355823665,0.0,0.0,0.004082953673424775,0.0008743292293199019,0.01268101066436669,0.0,0.0,0.0,0.018691400147884254,0.0,0.0,0.0026351771797475036,0.0,0.0,0.0035808458866325196,0.010525823680043537,0.0,0.0031020546012664645,0.27853693536454327,0.09750470839012174,0.497300164181486,0.07665450788119707,0.27622441267245995,0.09833761933072933,0.4501934045561147,0.14708440308264367,0.37304362425286175,0.051520738796893784,0.5097607259965088,0.18307937826988754,0.37304361130358477,0.05152074117477398,0.5097595531140935,0.18307937826990606,0.6417616573193057,0.12287502366146687,0.903130910884244,0.3989195756039433,0.6394491216779454,0.12195822703825956,0.903130910884244,0.5297686848219507,0.0,0.0,0.0,0.0,0.0,0.0,0.0,0.0,22.916727307822526,4.373408125529948,30.83713889043692,15.410902535381156,22.814560216980485,4.780244238440306,30.18316454185779,17.34655870217925,-1.0,0.0,-1.0,-1.0,-1.0,0.0,-1.0,-1.0,7071.590387438306,4866.33984352457,43017.13662334821,2140.4562634928493,6613.369390946424,3374.0266414289267,12821.45770047512,2285.989771597908,0.0,0.0,0.0,0.0,0.0,0.0,0.0,0.0,6.021138637853356,3.2652107732192888,16.31621525144396,2.892665237709892,5.464140559465995,2.4998129539625067,11.525661832056118,2.9702663699883267,-612.8616611718926,1088004.0,276000.0,2760.0,28.261487145304326,5.069039243525702,5.628527554708157,34.12333272523542,9160.112085808549,275.0
22.079010102723224,24.31073586667601,358.92626936448056,-354.365176886817,211.13495917335086,-17.910305,-711.3697,-347.22066138366944,196.87314073121135,-18.164932,-713.02313,-350.26562,204.95451,-20.423449,-716.6757,20.62363,42.340237,273.0835,1.858134e-05,22.777748,89.29952,974.96,8.405186e-08,0.078842185,0.83920085,1.0,-1.0,-6.021138637853356,3.2652107732192888,-2.892665237709892,-16.31621525144396,-617.2931097294755,308.8169461675425,-336.932249417986,-1329.3572379942716,0.04825094,0.7642322,1.0,-1.0,10.0,-5.27398896085637,1.1510867074116815,-3.200396942201844,-11.111341629317838,-528.2790041669791,73.99358965694077,-427.5714665848648,-692.7629092198449,0.0758849798709405,0.6854631657040393,1.0,-1.0,0.3488396535117125,0.1080492343518257,0.6035752353596935,0.2023088120517608,0.3606242223526892,0.1143071390821461,0.5654158757972032,0.2023088120517608,0.0,0.0,0.0,0.014142233073472852,0.0,0.0,0.0006173888695882127,0.01361702944433576,0.0,0.0,0.0,0.0,0.0005250386591972621,0.010486224442530175,0.0,0.007507103916560802,0.003895765840076037,0.0038376148003346983,0.0,0.0,0.0,0.01300153100953693,0.0,0.017788538732789058,0.006389043159566212,0.0,0.0,0.01112688497292187,0.0,0.0,0.0,0.0,0.2963562379458498,0.0851042304622814,0.5049007134204901,0.06286508965717663,0.2940437152537665,0.085937141402889,0.4577939537951189,0.1332949848586232,0.3978529540901783,0.06800096384372527,0.47966771209864495,0.22945869867748298,0.3978529411409013,0.06800096622160547,0.47966653921622965,0.2294586986775015,0.685923350701658,0.10800540956114853,0.8647819939375142,0.36365977518551384,0.6836108150602977,0.10708861293794122,0.8647819939375142,0.4945088844035213,0.0,0.0,0.0,0.0,0.0,0.0,0.0,0.0,22.916727307822526,4.373408125529948,30.83713889043692,15.410902535381156,22.814560216980485,4.780244238440306,30.18316454185779,17.34655870217925,-1.0,0.0,-1.0,-1.0,-1.0,0.0,-1.0,-1.0,7071.590387438306,4866.33984352457,43017.13662334821,2140.4562634928493,6613.369390946424,3374.0266414289267,12821.45770047512,2285.989771597908,0.0,0.0,0.0,0.0,0.0,0.0,0.0,0.0,6.021138637853356,3.2652107732192888,16.31621525144396,2.892665237709892,5.464140559465995,2.4998129539625067,11.525661832056118,2.9702663699883267,-607.1924445840484,1092004.0,277000.0,2770.0,24.714509669707308,3.9983362696417344,5.703662662700977,33.566285426359364,9193.715998112493,276.0
22.012914091034766,18.728156301182892,351.29012212406366,-358.0248614727031,195.1833282373311,-17.910305,-711.3697,-341.2856344509402,212.49030259980435,-18.164932,-713.02313,-350.26562,204.95451,-20.423449,-716.6757,20.62363,42.340237,273.0835,1.858134e-05,22.777748,89.29952,974.96,8.405186e-08,0.078842185,0.83920085,1.0,-1.0,-6.021138637853356,3.2652107732192888,-2.892665237709892,-16.31621525144396,-593.963805184603,318.2057521111597,-336.932249417986,-1329.3572379942716,0.04825094,0.7642322,1.0,-1.0,10.0,-5.27398896085637,1.1510867074116815,-3.200396942201844,-11.111341629317838,-530.2970910719661,75.97308796903386,-427.5714665848648,-692.7629092198449,0.0758849798709405,0.6854631657040393,1.0,-1.0,0.3488396535117125,0.1080492343518257,0.6035752353596935,0.2023088120517608,0.3606242223526892,0.1143071390821461,0.5654158757972032,0.2023088120517608,0.0027756503380920706,0.0,0.000799361479241761,0.0,0.0,0.0,0.0,0.0,0.010838539281719675,0.0,0.0,0.0,0.0,0.011407027811551425,0.002382474852660778,0.006973634753333286,0.01101622121685534,0.0,0.001442850701644557,0.012184887380041753,0.004234155708584284,0.00047324949859100233,0.0,0.00522278856781839,0.004067274994608494,0.0,0.003935462463859109,0.005444486927521081,0.0,0.0027358994824983602,0.0,0.0,0.28760871561181806,0.06559608637706013,0.5074893907460699,0.09551364589696162,0.28529619291973474,0.06642899731766772,0.4603826311206986,0.1659435410984082,0.43084160949662326,0.05203378235047468,0.5139312858863007,0.1924885196076283,0.4308415965473463,0.052033784728354876,0.5139301130038854,0.1924885196076468,0.6929360707860168,0.12268231687729131,0.9296520118884853,0.3694547846737833,0.6906235351446566,0.121765520254084,0.9296520118884853,0.5003038938917908,0.0,0.0,0.0,0.0,0.0,0.0,0.0,0.0,22.916727307822526,4.373408125529948,30.83713889043692,15.410902535381156,22.814560216980485,4.780244238440306,30.18316454185779,17.34655870217925,-1.0,0.0,-1.0,-1.0,-1.0,0.0,-1.0,-1.0,7071.590387438306,4866.33984352457,43017.13662334821,2140.4562634928493,6613.369390946424,3374.0266414289267,12821.45770047512,2285.989771597908,0.0,0.0,0.0,0.0,0.0,0.0,0.0,0.0,6.021138637853356,3.2652107732192888,16.31621525144396,2.892665237709892,5.464140559465995,2.4998129539625067,11.525661832056118,2.9702663699883267,-587.4321975283516,1096004.0,278000.0,2780.0,22.71986163275396,4.415406181332834,4.853860783234299,31.957307442662433,9227.319910416438,277.0
19.72797868297661,22.946123522940038,413.1588483934422,-364.0809798063949,205.39774294014086,-17.910305,-711.3697,-326.17496613348703,209.16906964094446,-18.164932,-713.02313,-350.26562,204.95451,-20.423449,-716.6757,20.62363,42.340237,273.0835,1.858134e-05,22.777748,89.29952,974.96,8.405186e-08,0.078842185,0.83920085,1.0,-1.0,-6.021138637853356,3.2652107732192888,-2.892665237709892,-16.31621525144396,-574.1280833511103,316.0493018726445,-336.932249417986,-1329.3572379942716,0.04825094,0.7642322,1.0,-1.0,10.0,-5.27398896085637,1.1510867074116815,-3.200396942201844,-11.111341629317838,-530.5432405535013,75.16607003860528,-427.5714665848648,-692.7629092198449,0.0758849798709405,0.6854631657040393,1.0,-1.0,0.3488396535117125,0.1080492343518257,0.6035752353596935,0.2023088120517608,0.3606242223526892,0.1143071390821461,0.5654158757972032,0.2023088120517608,0.01154266094130509,0.0027528000205518954,0.0050400058443228314,0.0,0.0,0.00157994009791688,0.012532440157306979,0.005660866125565814,0.0,0.0,0.017691960221980555,0.005547613209087123,0.008180577188892164,0.0038002076796892245,0.0,0.005785768780805075,0.01731989147680953,0.02364953608965625,0.0,0.0,0.0,0.0,0.021663834617568427,0.008383550202381507,0.004927475809967772,0.01666447312306668,0.010554242169342002,0.0,0.0,0.0,0.0,0.0,0.26326340408138027,0.07581041146472202,0.45777344252916025,0.06363576800826579,0.26095088138929695,0.07664332240532962,0.41066668290378894,0.13406566320971236,0.4043426186717065,0.09481262424941668,0.4847887047073995,0.1870834081963664,0.4043426057224295,0.09481262662729688,0.4847875318249842,0.18708340819638491,0.6765386403250737,0.08569462692254128,0.9059750847388344,0.3980419764091451,0.6742261046837135,0.08477783029933397,0.9059750847388344,0.5288910856271526,0.0,0.0,0.0,0.0,0.0,0.0,0.0,0.0,22.916727307822526,4.373408125529948,30.83713889043692,15.410902535381156,22.814560216980485,4.780244238440306,30.18316454185779,17.34655870217925,-1.0,0.0,-1.0,-1.0,-1.0,0.0,-1.0,-1.0,7071.590387438306,4866.33984352457,43017.13662334821,2140.4562634928493,6613.369390946424,3374.0266414289267,12821.45770047512,2285.989771597908,0.0,0.0,0.0,0.0,0.0,0.0,0.0,0.0,6.021138637853356,3.2652107732192888,16.31621525144396,2.892665237709892,5.464140559465995,2.4998129539625067,11.525661832056118,2.9702663699883267,-598.0881267487384,1100004.0,279000.0,2790.0,27.489141732087674,4.853809588276618,4.483403248242439,36.55157293247206,9260.923822720382,278.0
18.775209062773744,21.106322783093862,298.1192947732648,-350.9731238290179,206.0881830878269,-17.910305,-711.3697,-326.00095542914283,206.94714937115583,-18.164932,-713.02313,-350.26562,204.95451,-20.423449,-716.6757,20.62363,42.340237,273.0835,1.858134e-05,22.777748,89.29952,974.96,8.405186e-08,0.078842185,0.83920085,1.0,-1.0,-6.021138637853356,3.2652107732192888,-2.892665237709892,-16.31621525144396,-600.4929963186868,312.69689764066703,-336.932249417986,-1329.3572379942716,0.04825094,0.7642322,1.0,-1.0,10.0,-5.27398896085637,1.1510867074116815,-3.200396942201844,-11.111341629317838,-519.0388044983425,73.68150764103697,-427.5714665848648,-692.7629092198449,0.0758849798709405,0.6854631657040393,1.0,-1.0,0.3488396535117125,0.1080492343518257,0.6035752353596935,0.2023088120517608,0.3606242223526892,0.1143071390821461,0.5654158757972032,0.2023088120517608,0.0,0.0,0.0,0.025046949287771056,0.018969815740088516,0.020744353607708727,0.005611003949809048,0.0,0.0,0.004706821753176179,0.0009966928583179516,0.0,0.0,0.0,0.01636807349126044,0.0017779139402955748,0.0,0.016846125895767027,0.022129813263427854,0.0,0.0,0.0,0.0,0.018071354755232992,0.0019182000116782982,0.0,0.002597965882275711,0.0037569710471057833,0.0,0.0017806532684596966,0.005119308286420524,0.018888967822702944,0.2780139165557961,0.15964667008202904,0.46889090707949227,0.06309875740192897,0.2757013938637128,0.16047958102263665,0.42178414745412096,0.13352865260337554,0.4021689092264139,0.08925463063492965,0.4829187643745158,0.21043864551449723,0.4021688962771369,0.08925463301280985,0.4829175914921005,0.21043864551451574,0.6677641043584501,0.11652398417863848,0.8759748089249776,0.377298685735431,0.6654515687170899,0.11560718755543117,0.8759748089249776,0.5081477949534385,0.0,0.0,0.0,0.0,0.0,0.0,0.0,0.0,22.916727307822526,4.373408125529948,30.83713889043692,15.410902535381156,22.814560216980485,4.780244238440306,30.18316454185779,17.34655870217925,-1.0,0.0,-1.0,-1.0,-1.0,0.0,-1.0,-1.0,7071.590387438306,4866.33984352457,43017.13662334821,2140.4562634928493,6613.369390946424,3374.0266414289267,12821.45770047512,2285.989771597908,0.0,0.0,0.0,0.0,0.0,0.0,0.0,0.0,6.021138637853356,3.2652107732192888,16.31621525144396,2.892665237709892,5.464140559465995,2.4998129539625067,11.525661832056118,2.9702663699883267,-599.6530700595479,1104004.0,280000.0,2800.0,23.89343027010956,3.9853322493757806,5.449650478537741,30.53502051208883,9294.527735024327,279.0
21.277363527909547,23.931967185041316,392.40612258753265,-360.964837461921,198.0162450114228,-17.910305,-711.3697,-347.67985704986756,228.68504081859044,-18.164932,-713.02313,-350.26562,204.95451,-20.423449,-716.6757,20.62363,42.340237,273.0835,1.858134e-05,22.777748,89.29952,974.96,8.405186e-08,0.078842185,0.83920085,1.0,-1.0,-6.021138637853356,3.2652107732192888,-2.892665237709892,-16.31621525144396,-615.9474179009534,313.20460075563716,-336.932249417986,-1329.3572379942716,0.04825094,0.7642322,1.0,-1.0,10.0,-5.27398896085637,1.1510867074116815,-3.200396942201844,-11.111341629317838,-506.91977172352574,73.19989715069329,-427.5714665848648,-692.7629092198449,0.0758849798709405,0.6854631657040393,1.0,-1.0,0.3488396535117125,0.1080492343518257,0.6035752353596935,0.2023088120517608,0.3606242223526892,0.1143071390821461,0.5654158757972032,0.2023088120517608,0.0,0.0,0.01515266325832158,0.005546713798225392,0.005163471466909293,0.0020862160370519332,0.0014446353507105156,0.0,0.0,0.0075954295473074675,0.0,0.0,0.006071983320398681,0.015166418444601142,0.0,0.0,0.002964805097776781,0.0,0.0,0.0003879467303356187,0.009544686007703819,0.0,0.0,0.0,0.0,0.0005173279682811239,0.0,0.0,0.0,0.0,0.0,0.0066820533455024,0.2688284736988161,0.07710672415492709,0.48905057532971713,0.05781761761528129,0.26651595100673275,0.07793963509553468,0.4419438157043458,0.1282475128167279,0.3728581243453566,0.057444667387041695,0.4811912639334501,0.2047243660551427,0.3728581113960796,0.057444669764921893,0.4811900910510348,0.2047243660551612,0.6736587345566112,0.15499815628478342,0.9262049653379769,0.4187400967380168,0.6713461989152509,0.1540813596615761,0.9262049653379769,0.5495892059560243,0.0,0.0,0.0,0.0,0.0,0.0,0.0,0.0,22.916727307822526,4.373408125529948,30.83713889043692,15.410902535381156,22.814560216980485,4.780244238440306,30.18316454185779,17.34655870217925,-1.0,0.0,-1.0,-1.0,-1.0,0.0,-1.0,-1.0,7071.590387438306,4866.33984352457,43017.13662334821,2140.4562634928493,6613.369390946424,3374.0266414289267,12821.45770047512,2285.989771597908,0.0,0.0,0.0,0.0,0.0,0.0,0.0,0.0,6.021138637853356,3.2652107732192888,16.31621525144396,2.892665237709892,5.464140559465995,2.4998129539625067,11.525661832056118,2.9702663699883267,-615.3298964751478,1108004.0,281000.0,2810.0,21.79908925714051,4.236366605915832,6.1423719618055586,34.98103728877207,9328.131647328271,280.0
21.18039995786964,19.679465117499554,336.11547554098024,-334.6004222856494,208.12894893686482,-17.910305,-711.3697,-363.70736825877935,204.8683681342644,-18.164932,-713.02313,-350.26562,204.95451,-20.423449,-716.6757,20.62363,42.340237,273.0835,1.858134e-05,22.777748,89.29952,974.96,8.405186e-08,0.078842185,0.83920085,1.0,-1.0,-6.021138637853356,3.2652107732192888,-2.892665237709892,-16.31621525144396,-602.5532015209889,307.151491223514,-336.932249417986,-1329.3572379942716,0.04825094,0.7642322,1.0,-1.0,10.0,-5.27398896085637,1.1510867074116815,-3.200396942201844,-11.111341629317838,-532.463489042299,74.42931654374631,-427.5714665848648,-692.7629092198449,0.0758849798709405,0.6854631657040393,1.0,-1.0,0.3488396535117125,0.1080492343518257,0.6035752353596935,0.2023088120517608,0.3606242223526892,0.1143071390821461,0.5654158757972032,0.2023088120517608,0.019482332980999443,0.0,0.006640908939504534,0.0,0.015043271521131479,0.0055599252131383415,0.0,0.00952273993579728,0.02907213846670827,0.008521589775298759,0.0007600998948451518,0.00924856390545574,0.0,0.006564181425591568,0.0,0.0,0.0,0.020278787212032152,0.0,0.0,0.006349042496508733,0.012240376695015936,0.0,0.0,0.006716416186946225,0.005615472078525175,0.0,0.0,0.0,0.014675307722052548,0.0,0.004820742806529186,0.2790190851090716,0.06644663218147695,0.5089927506659682,0.08797401895674789,0.27670656241698827,0.06727954312208453,0.4618859910405969,0.15840391415819446,0.40744877541856694,0.061444714880269063,0.47390597108756544,0.22117910763184412,0.40744876246928996,0.06144471725814926,0.47390479820515014,0.22117910763186263,0.6919950994003294,0.10606693189774379,0.8815817069346966,0.34820556166843947,0.6896825637589692,0.10515013527453648,0.8815817069346966,0.47905467088644693,0.0,0.0,0.0,0.0,0.0,0.0,0.0,0.0,22.916727307822526,4.373408125529948,30.83713889043692,15.410902535381156,22.814560216980485,4.780244238440306,30.18316454185779,17.34655870217925,-1.0,0.0,-1.0,-1.0,-1.0,0.0,-1.0,-1.0,7071.590387438306,4866.33984352457,43017.13662334821,2140.4562634928493,6613.369390946424,3374.0266414289267,12821.45770047512,2285.989771597908,0.0,0.0,0.0,0.0,0.0,0.0,0.0,0.0,6.021138637853356,3.2652107732192888,16.31621525144396,2.892665237709892,5.464140559465995,2.4998129539625067,11.525661832056118,2.9702663699883267,-598.7058386684432,1112004.0,282000.0,2820.0,23.560214387918098,4.4999443879669405,6.406849093390359,30.82638699062245,9361.735559632216,281.0
15.732734839908236,21.304379428934126,431.16010081792297,-381.546386606651,210.34886612742656,-17.910305,-711.3697,-358.30356928530193,221.49449217285417,-18.164932,-713.02313,-350.26562,204.95451,-20.423449,-716.6757,20.62363,42.340237,273.0835,1.858134e-05,22.777748,89.29952,974.96,8.405186e-08,0.078842185,0.83920085,1.0,-1.0,-6.021138637853356,3.2652107732192888,-2.892665237709892,-16.31621525144396,-594.9087759294245,316.9955357496292,-336.932249417986,-1329.3572379942716,0.04825094,0.7642322,1.0,-1.0,10.0,-5.27398896085637,1.1510867074116815,-3.200396942201844,-11.111341629317838,-513.9191319112849,77.31220152862778,-427.5714665848648,-692.7629092198449,0.0758849798709405,0.6854631657040393,1.0,-1.0,0.3488396535117125,0.1080492343518257,0.6035752353596935,0.2023088120517608,0.3606242223526892,0.1143071390821461,0.5654158757972032,0.2023088120517608,0.0,0.004599151840155365,0.0,0.002650746062464127,0.008004751306379596,0.001253188261705384,0.0,0.004078940925263665,0.0,0.001555392239343914,0.0,0.0,0.01838334459652418,0.0,0.0,0.008454473125419491,0.0,0.0,0.015890669653340763,0.0,0.01476527984561981,0.0,0.017269181449151225,0.0,0.00854157874530613,0.008756893098005038,0.010691609928909818,0.008359417332177172,0.0,0.010979824749373597,0.0,0.0,0.27328764474316175,0.04764511208383985,0.5307846465047611,0.053504063030793,0.27097512205107843,0.048478023024447446,0.48367788687938984,0.12393395823223959,0.3862484309997132,0.0641371500481473,0.5050513838789159,0.2447410594822746,0.3862484180504362,0.0641371524260275,0.5050502109965006,0.2447410594822931,0.6961830756601705,0.11765860583439845,0.8548361200573552,0.3966087273426727,0.6938705400188102,0.11674180921119115,0.8548361200573552,0.5274578365606802,0.0,0.0,0.0,0.0,0.0,0.0,0.0,0.0,22.916727307822526,4.373408125529948,30.83713889043692,15.410902535381156,22.814560216980485,4.780244238440306,30.18316454185779,17.34655870217925,-1.0,0.0,-1.0,-1.0,-1.0,0.0,-1.0,-1.0,7071.590387438306,4866.33984352457,43017.13662334821,2140.4562634928493,6613.369390946424,3374.0266414289267,12821.45770047512,2285.989771597908,0.0,0.0,0.0,0.0,0.0,0.0,0.0,0.0,6.021138637853356,3.2652107732192888,16.31621525144396,2.892665237709892,5.464140559465995,2.4998129539625067,11.525661832056118,2.9702663699883267,-626.2387607005367,1116004.0,283000.0,2830.0,19.399072914819463,4.965856901039065,5.527543732779232,29.564422433093334,9395.33947193616,282.0
22.560944386998735,22.808915512609108,330.580120856216,-325.98342127232047,205.0262197395766,-17.910305,-711.3697,-360.3475853302783,199.82631146002532,-18.164932,-713.02313,-350.26562,204.95451,-20.423449,-716.6757,20.62363,42.340237,273.0835,1.858134e-05,22.777748,89.29952,974.96,8.405186e-08,0.078842185,0.83920085,1.0,-1.0,-6.021138637853356,3.2652107732192888,-2.892665237709892,-16.31621525144396,-605.8569067426736,318.88089438521564,-336.932249417986,-1329.3572379942716,0.04825094,0.7642322,1.0,-1.0,10.0,-5.27398896085637,1.1510867074116815,-3.200396942201844,-11.111341629317838,-515.201055568081,73.13156892733569,-427.5714665848648,-692.7629092198449,0.0758849798709405,0.6854631657040393,1.0,-1.0,0.3488396535117125,0.1080492343518257,0.6035752353596935,0.2023088120517608,0.3606242223526892,0.1143071390821461,0.5654158757972032,0.2023088120517608,0.0,0.0,0.011943998675465115,0.0007576801970881089,0.008014428221322685,0.0,0.0,0.0,0.0040359590750976325,0.0,0.0,0.02049858705931142,0.011567979432595004,0.0,0.0,0.016929016368858383,0.008976314354001251,0.00715038305123057,0.012997617457966022,0.0,0.025631571330157917,0.0010032472977603841,0.0,0.0,0.011423832031039114,0.0,0.015749429807429688,0.0,0.0,0.009231537114340767,0.002545497467141022,0.0,0.26753986147825504,0.06966208205458313,0.512206566295883,0.039090230767126914,0.2652273387861717,0.07049499299519073,0.46509980667051165,0.1095201259685735,0.3766654014606763,0.07580358920701766,0.49041641988240997,0.24462884568339585,0.3766653885113993,0.07580359158489786,0.49041524699999467,0.24462884568341436,0.6899685659346116,0.13011242428819475,0.8857635354490822,0.3827995927579013,0.6876560302932514,0.12919562766498743,0.8857635354490822,0.5136487019759088,0.0,0.0,0.0,0.0,0.0,0.0,0.0,0.0,22.916727307822526,4.373408125529948,30.83713889043692,15.410902535381156,22.814560216980485,4.780244238440306,30.18316454185779,17.34655870217925,-1.0,0.0,-1.0,-1.0,-1.0,0.0,-1.0,-1.0,7071.590387438306,4866.33984352457,43017.13662334821,2140.4562634928493,6613.369390946424,3374.0266414289267,12821.45770047512,2285.989771597908,0.0,0.0,0.0,0.0,0.0,0.0,0.0,0.0,6.021138637853356,3.2652107732192888,16.31621525144396,2.892665237709892,5.464140559465995,2.4998129539625067,11.525661832056118,2.9702663699883267,-614.4726085890063,1120004.0,284000.0,2840.0,23.59204500297526,3.829186799969085,5.2675248864086335,33.696876080447424,9428.943384240105,283.0
18.987377731937524,20.94503556339759,364.6258992239558,-368.7023844659248,194.2523023708902,-17.910305,-711.3697,-311.73235789898575,184.32062261861017,-18.164932,-713.02313,-350.26562,204.95451,-20.423449,-716.6757,20.62363,42.340237,273.0835,1.858134e-05,22.777748,89.29952,974.96,8.405186e-08,0.078842185,0.83920085,1.0,-1.0,-6.021138637853356,3.2652107732192888,-2.892665237709892,-16.31621525144396,-587.8802667516533,314.5160199122867,-336.932249417986,-1329.3572379942716,0.04825094,0.7642322,1.0,-1.0,10.0,-5.27398896085637,1.1510867074116815,-3.200396942201844,-11.111341629317838,-529.760223234272,72.77067862919391,-427.5714665848648,-692.7629092198449,0.0758849798709405,0.6854631657040393,1.0,-1.0,0.3488396535117125,0.1080492343518257,0.6035752353596935,0.2023088120517608,0.3606242223526892,0.1143071390821461,0.5654158757972032,0.2023088120517608,0.0,0.0,0.012735375553450943,0.008978082757327447,0.006309598857246226,0.00022511430615122012,0.0,0.0010358045653836617,0.0,0.0,0.0,0.008724715723835276,0.0,0.007350901276246253,0.0,0.0,0.004719812304611872,0.000779550792470538,0.0,0.0,0.008989046843035028,0.0,0.001013010883445342,0.0,0.022818103391075477,0.0025299844892279796,0.0,0.0,0.0033852144188199025,0.0,0.007332002371447683,0.0,0.26205045548696104,0.09978280232824936,0.5181632705033261,0.0850265689861436,0.2597379327948777,0.10061571326885696,0.47105651087795486,0.15545646418759018,0.4057022780162826,0.06579443088077663,0.4845070714299301,0.18569654444751732,0.40570226506700563,0.06579443325865683,0.4845058985475148,0.18569654444753583,0.6900938425964023,0.1338221847378843,0.8882580610837422,0.37988268250962476,0.687781306955042,0.13290538811467698,0.8882580610837422,0.5107317917276322,0.0,0.0,0.0,0.0,0.0,0.0,0.0,0.0,22.916727307822526,4.373408125529948,30.83713889043692,15.410902535381156,22.814560216980485,4.780244238440306,30.18316454185779,17.34655870217925,-1.0,0.0,-1.0,-1.0,-1.0,0.0,-1.0,-1.0,7071.590387438306,4866.33984352457,43017.13662334821,2140.4562634928493,6613.369390946424,3374.0266414289267,12821.45770047512,2285.989771597908,0.0,0.0,0.0,0.0,0.0,0.0,0.0,0.0,6.021138637853356,3.2652107732192888,16.31621525144396,2.892665237709892,5.464140559465995,2.4998129539625067,11.525661832056118,2.9702663699883267,-608.6737261713592,1124004.0,285000.0,2850.0,22.9994145388814,4.034388831396586,5.359855895926517,38.81097790280406,9462.54729654405,284.0
20.73317967635109,22.200039490096593,382.65979017510983,-346.25859171500014,203.7937464676531,-17.910305,-711.3697,-314.0578753472813,193.80558776243893,-18.164932,-713.02313,-350.26562,204.95451,-20.423449,-716.6757,20.62363,42.340237,273.0835,1.858134e-05,22.777748,89.29952,974.96,8.405186e-08,0.078842185,0.83920085,1.0,-1.0,-6.021138637853356,3.2652107732192888,-2.892665237709892,-16.31621525144396,-587.7080366755664,309.3270382873166,-336.932249417986,-1329.3572379942716,0.04825094,0.7642322,1.0,-1.0,10.0,-5.27398896085637,1.1510867074116815,-3.200396942201844,-11.111341629317838,-531.497772316267,72.5574844529477,-427.5714665848648,-692.7629092198449,0.0758849798709405,0.6854631657040393,1.0,-1.0,0.3488396535117125,0.1080492343518257,0.6035752353596935,0.2023088120517608,0.3606242223526892,0.1143071390821461,0.5654158757972032,0.2023088120517608,0.004064092921706668,0.0026368248323170715,0.00015867061979223514,0.0,0.012014380815458305,0.011355082860314407,0.0037505688088526894,0.0016988181195822752,0.0,0.0029051853343688917,0.0,0.014102958856414024,0.006274294869310455,0.0,0.0,0.008448151085925224,0.02099990852611484,0.0,0.001933116344845915,0.0,0.0,0.0,0.012180770465122817,0.0,0.0,0.0,0.0,0.004430325435008689,0.0,0.015609531932552701,0.011845874560313089,0.0,0.2701850129068231,0.07752570404605799,0.519902008206286,0.07054879074123012,0.2678724902147398,0.07835861498666559,0.47279524858091465,0.1409786859426767,0.4132491284319482,0.09356354683354273,0.4803385066415329,0.21085327174375887,0.41324911548267124,0.09356354921142293,0.4803373337591176,0.21085327174377738,0.6817477618277363,0.12065799309338462,0.9045384195049856,0.3891767520291362,0.6794352261863761,0.11974119647017732,0.9045384195049856,0.5200258612471437,0.0,0.0,0.0,0.0,0.0,0.0,0.0,0.0,22.916727307822526,4.373408125529948,30.83713889043692,15.410902535381156,22.814560216980485,4.780244238440306,30.18316454185779,17.34655870217925,-1.0,0.0,-1.0,-1.0,-1.0,0.0,-1.0,-1.0,7071.590387438306,4866.33984352457,43017.13662334821,2140.4562634928493,6613.369390946424,3374.0266414289267,12821.45770047512,2285.989771597908,0.0,0.0,0.0,0.0,0.0,0.0,0.0,0.0,6.021138637853356,3.2652107732192888,16.31621525144396,2.892665237709892,5.464140559465995,2.4998129539625067,11.525661832056118,2.9702663699883267,-615.4818481357412,1128004.0,286000.0,2860.0,19.631776157767874,3.8559622338658937,5.528942532638552,28.07235286520149,9496.151208847994,285.0
21.700956637254883,24.331967782945505,405.0686204923816,-365.1481060117034,207.1006823889792,-17.910305,-711.3697,-342.00152646994627,213.3530883792381,-18.164932,-713.02313,-350.26562,204.95451,-20.423449,-716.6757,20.62363,42.340237,273.0835,1.858134e-05,22.777748,89.29952,974.96,8.405186e-08,0.078842185,0.83920085,1.0,-1.0,-6.021138637853356,3.2652107732192888,-2.892665237709892,-16.31621525144396,-590.038800116995,309.7719483659539,-336.932249417986,-1329.3572379942716,0.04825094,0.7642322,1.0,-1.0,10.0,-5.27398896085637,1.1510867074116815,-3.200396942201844,-11.111341629317838,-514.2591404090249,76.87449152643366,-427.5714665848648,-692.7629092198449,0.0758849798709405,0.6854631657040393,1.0,-1.0,0.3488396535117125,0.1080492343518257,0.6035752353596935,0.2023088120517608,0.3606242223526892,0.1143071390821461,0.5654158757972032,0.2023088120517608,0.0006888938146477103,0.012674945086937459,0.004602755696578316,0.015888801598950782,0.014671588291409665,0.004714486962473223,0.006077722778329837,0.0066790851097704475,0.0,0.0022368271787938285,0.0,0.0,0.0,0.0,0.0007607023703292429,0.010511249845033876,0.010252617723905105,0.0,0.0,0.00989503497407168,0.0020799177315657964,0.0,0.004598820209675818,0.0,0.0003596226030362784,0.014057913971693663,0.0,0.0,0.014769282902558583,0.0,0.0,0.009511049428023529,0.26071626794188807,0.08487530474218948,0.48456423364460305,0.07603045141839013,0.25840374524980475,0.08570821568279707,0.43745747401923174,0.1464603466198367,0.40317250402329996,0.12130578977636672,0.49093613408354736,0.20631837170441553,0.403172491074023,0.12130579215424692,0.49093496120113206,0.20631837170443404,0.6597689167611173,0.08054827061980763,0.8716708087158812,0.39398573646728946,0.657456381119757,0.07963147399660032,0.8716708087158812,0.5248348456852969,0.0,0.0,0.0,0.0,0.0,0.0,0.0,0.0,22.916727307822526,4.373408125529948,30.83713889043692,15.410902535381156,22.814560216980485,4.780244238440306,30.18316454185779,17.34655870217925,-1.0,0.0,-1.0,-1.0,-1.0,0.0,-1.0,-1.0,7071.590387438306,4866.33984352457,43017.13662334821,2140.4562634928493,6613.369390946424,3374.0266414289267,12821.45770047512,2285.989771597908,0.0,0.0,0.0,0.0,0.0,0.0,0.0,0.0,6.021138637853356,3.2652107732192888,16.31621525144396,2.892665237709892,5.464140559465995,2.4998129539625067,11.525661832056118,2.9702663699883267,-590.0664034945081,1132004.0,287000.0,2870.0,28.849127465407882,4.317148108293545,5.678721751178949,40.86299970326048,9529.755121151939,286.0
20.706007978450142,20.463299576425854,335.5654160851766,-309.722768143752,207.25426780581378,-17.910305,-711.3697,-322.90059131304815,208.65102385175436,-18.164932,-713.02313,-350.26562,204.95451,-20.423449,-716.6757,20.62363,42.340237,273.0835,1.858134e-05,22.777748,89.29952,974.96,8.405186e-08,0.078842185,0.83920085,1.0,-1.0,-6.021138637853356,3.2652107732192888,-2.892665237709892,-16.31621525144396,-600.7241530204911,313.4358660350829,-336.932249417986,-1329.3572379942716,0.04825094,0.7642322,1.0,-1.0,10.0,-5.27398896085637,1.1510867074116815,-3.200396942201844,-11.111341629317838,-540.7409196390462,76.15145336926949,-427.5714665848648,-692.7629092198449,0.0758849798709405,0.6854631657040393,1.0,-1.0,0.3488396535117125,0.1080492343518257,0.6035752353596935,0.2023088120517608,0.3606242223526892,0.1143071390821461,0.5654158757972032,0.2023088120517608,0.0198322642867988,0.0,0.0,0.0052259085884428114,0.0,0.010250372159833428,0.0090605600822606,0.0033605922541141936,0.0,0.0,0.0,0.0,0.0,0.0026259123238418476,0.025898123241761228,0.0,0.0,0.0,0.0,0.007993023595297487,0.0,0.004987613451658371,0.012682644120021543,0.015709072923001742,0.0,0.007387132631443054,0.0,0.0,0.0,0.018890853466679954,0.009959945693464329,0.011177666468286995,0.27441410930955334,0.10858090847139978,0.4962901704425864,0.08228045407912514,0.27210158661747,0.1094138194120074,0.4491834108172151,0.15271034928057173,0.3980642213484312,0.06604463275304968,0.4565146507613349,0.22023576158734368,0.39806420839915424,0.06604463513092988,0.4565134778789196,0.2202357615873622,0.6602966988127039,0.09775383373066598,0.8899411519020639,0.43906099206605737,0.6579841631713437,0.09683703710745868,0.8899411519020639,0.5699101012840648,0.0,0.0,0.0,0.0,0.0,0.0,0.0,0.0,22.916727307822526,4.373408125529948,30.83713889043692,15.410902535381156,22.814560216980485,4.780244238440306,30.18316454185779,17.34655870217925,-1.0,0.0,-1.0,-1.0,-1.0,0.0,-1.0,-1.0,7071.590387438306,4866.33984352457,43017.13662334821,2140.4562634928493,6613.369390946424,3374.0266414289267,12821.45770047512,2285.989771597908,0.0,0.0,0.0,0.0,0.0,0.0,0.0,0.0,6.021138637853356,3.2652107732192888,16.31621525144396,2.892665237709892,5.464140559465995,2.4998129539625067,11.525661832056118,2.9702663699883267,-612.4276545041131,1136004.0,288000.0,2880.0,24.841840218670306,4.587705532462469,5.594321079160384,25.157199779465,9563.359033455883,287.0
21.20082350872385,26.046961317945893,302.6813095145014,-351.30349228543344,229.81143581409705,-17.910305,-711.3697,-345.81579087562034,204.1201197577205,-18.164932,-713.02313,-350.26562,204.95451,-20.423449,-716.6757,20.62363,42.340237,273.0835,1.858134e-05,22.777748,89.29952,974.96,8.405186e-08,0.078842185,0.83920085,1.0,-1.0,-6.021138637853356,3.2652107732192888,-2.892665237709892,-16.31621525144396,-598.5909409551653,302.34593073904466,-336.932249417986,-1329.3572379942716,0.04825094,0.7642322,1.0,-1.0,10.0,-5.27398896085637,1.1510867074116815,-3.200396942201844,-11.111341629317838,-520.6629758434387,75.9018135182268,-427.5714665848648,-692.7629092198449,0.0758849798709405,0.6854631657040393,1.0,-1.0,0.3488396535117125,0.1080492343518257,0.6035752353596935,0.2023088120517608,0.3606242223526892,0.1143071390821461,0.5654158757972032,0.2023088120517608,0.007400338447202685,0.011815540770936713,0.0,0.002379694684076861,0.0,0.0,0.01782833629847452,0.004306227381299177,0.004604349737662452,0.002694703683618274,0.01395409482267946,0.0,0.0338702269223556,0.0,0.0,0.0089345970633509,0.01231944267482491,0.012317364287212636,0.0,0.0,0.004205841093579068,0.0,0.007664309658704035,0.02397939261530971,0.007462454499166762,0.0,0.0,0.01716015658481791,0.017082197215446886,0.003981531435097975,0.005302897346186814,0.0,0.24673018156620624,0.11474070762868362,0.47007870814295727,0.08451135638220353,0.24441765887412292,0.11557361856929121,0.42297194851758596,0.15494125158365013,0.38485927803232084,0.057183304196204814,0.5004432885639306,0.20662325470743603,0.38485926508304386,0.05718330657408501,0.5004421156815153,0.20662325470745455,0.6861271371219158,0.11950185027532659,0.8796614852792443,0.39044609494382054,0.6838146014805555,0.11858505365211927,0.8796614852792443,0.521295204161828,0.0,0.0,0.0,0.0,0.0,0.0,0.0,0.0,22.916727307822526,4.373408125529948,30.83713889043692,15.410902535381156,22.814560216980485,4.780244238440306,30.18316454185779,17.34655870217925,-1.0,0.0,-1.0,-1.0,-1.0,0.0,-1.0,-1.0,7071.590387438306,4866.33984352457,43017.13662334821,2140.4562634928493,6613.369390946424,3374.0266414289267,12821.45770047512,2285.989771597908,0.0,0.0,0.0,0.0,0.0,0.0,0.0,0.0,6.021138637853356,3.2652107732192888,16.31621525144396,2.892665237709892,5.464140559465995,2.4998129539625067,11.525661832056118,2.9702663699883267,-591.4750186232292,1140004.0,289000.0,2890.0,19.558803141527182,3.4486875176889003,4.840850978621402,33.19256410487508,9596.962945759828,288.0
17.63516484529006,18.91799982154677,347.9802771134969,-326.0730972805964,188.23349988357975,-17.910305,-711.3697,-343.3782056093765,218.38974468381997,-18.164932,-713.02313,-350.26562,204.95451,-20.423449,-716.6757,20.62363,42.340237,273.0835,1.858134e-05,22.777748,89.29952,974.96,8.405186e-08,0.078842185,0.83920085,1.0,-1.0,-6.021138637853356,3.2652107732192888,-2.892665237709892,-16.31621525144396,-601.8717538234848,314.7305109978337,-336.932249417986,-1329.3572379942716,0.04825094,0.7642322,1.0,-1.0,10.0,-5.27398896085637,1.1510867074116815,-3.200396942201844,-11.111341629317838,-546.4082717637995,75.38400134082146,-427.5714665848648,-692.7629092198449,0.0758849798709405,0.6854631657040393,1.0,-1.0,0.3488396535117125,0.1080492343518257,0.6035752353596935,0.2023088120517608,0.3606242223526892,0.1143071390821461,0.5654158757972032,0.2023088120517608,0.0,0.012261798174810979,0.007817214235490491,0.018208558381172385,0.0,0.0020342604231806945,0.013249309358585752,0.0,0.01405778621675383,0.0,0.0011716799609775843,0.0,0.0,0.0,0.004612624302735018,0.0,0.02270420678135803,0.004839953664232299,0.0013672367005962693,0.0,0.02042064568387247,0.0,0.0,0.0,0.0,0.0,0.007517505857953021,0.0,0.014717993751794207,0.01107077218314315,0.0011320253707910748,0.0,0.29009227785447234,0.07799676072387912,0.5133739053962567,0.06295658831652702,0.287779755162389,0.07882967166448672,0.46626714577088546,0.1333864835179736,0.4051206835260626,0.08026494285121735,0.520632258696608,0.2164738705326775,0.40512067057678564,0.08026494522909755,0.5206310858141927,0.216473870532696,0.6971269672028115,0.06444194231509201,0.8829737214167559,0.40522724159526025,0.6948144315614513,0.06352514569188471,0.8829737214167559,0.5360763508132678,0.0,0.0,0.0,0.0,0.0,0.0,0.0,0.0,22.916727307822526,4.373408125529948,30.83713889043692,15.410902535381156,22.814560216980485,4.780244238440306,30.18316454185779,17.34655870217925,-1.0,0.0,-1.0,-1.0,-1.0,0.0,-1.0,-1.0,7071.590387438306,4866.33984352457,43017.13662334821,2140.4562634928493,6613.369390946424,3374.0266414289267,12821.45770047512,2285.989771597908,0.0,0.0,0.0,0.0,0.0,0.0,0.0,0.0,6.021138637853356,3.2652107732192888,16.31621525144396,2.892665237709892,5.464140559465995,2.4998129539625067,11.525661832056118,2.9702663699883267,-610.6169518766136,1144004.0,290000.0,2900.0,23.07163187847821,3.7472622683289747,5.657586708227514,29.64931512820884,9630.566858063772,289.0
24.654680947108446,25.79779916416076,400.07951849923865,-365.4948453707027,213.01166677477204,-17.910305,-711.3697,-321.4213581903909,216.5222552952509,-18.164932,-713.02313,-350.26562,204.95451,-20.423449,-716.6757,20.62363,42.340237,273.0835,1.858134e-05,22.777748,89.29952,974.96,8.405186e-08,0.078842185,0.83920085,1.0,-1.0,-6.021138637853356,3.2652107732192888,-2.892665237709892,-16.31621525144396,-622.3998570597606,315.024996846486,-336.932249417986,-1329.3572379942716,0.04825094,0.7642322,1.0,-1.0,10.0,-5.27398896085637,1.1510867074116815,-3.200396942201844,-11.111341629317838,-537.2885805607427,76.3364951391075,-427.5714665848648,-692.7629092198449,0.0758849798709405,0.6854631657040393,1.0,-1.0,0.3488396535117125,0.1080492343518257,0.6035752353596935,0.2023088120517608,0.3606242223526892,0.1143071390821461,0.5654158757972032,0.2023088120517608,0.0,0.003444478394812748,0.009284086657857264,0.0023689815629095814,0.007398491218527159,0.0,0.0,0.0,0.00455048178862052,0.0,0.008209013590143354,0.019137164818922695,0.003944226843050172,0.020232446205837643,0.010917849941778014,0.0,0.0,0.014602811161572336,0.0,0.0006911408623017155,0.026237901730944677,0.0071088291337018175,0.0,0.017520740850904996,0.013554873309275494,0.0,0.0,0.003112123087742141,0.0,0.0,0.0,0.0,0.31195399189072226,0.09826898139156406,0.5238949216332291,0.08439750301264189,0.309641469198639,0.09910189233217166,0.47678816200785784,0.15482739821408847,0.3732191143214242,0.10296360158830899,0.48749615168622756,0.23205532513042357,0.3732191013721472,0.10296360396618918,0.48749497880381226,0.23205532513044208,0.6708073042585577,0.11709926680765685,0.8838355844517923,0.386110294560423,0.6684947686171975,0.11618247018444955,0.8838355844517923,0.5169594037784304,0.0,0.0,0.0,0.0,0.0,0.0,0.0,0.0,22.916727307822526,4.373408125529948,30.83713889043692,15.410902535381156,22.814560216980485,4.780244238440306,30.18316454185779,17.34655870217925,-1.0,0.0,-1.0,-1.0,-1.0,0.0,-1.0,-1.0,7071.590387438306,4866.33984352457,43017.13662334821,2140.4562634928493,6613.369390946424,3374.0266414289267,12821.45770047512,2285.989771597908,0.0,0.0,0.0,0.0,0.0,0.0,0.0,0.0,6.021138637853356,3.2652107732192888,16.31621525144396,2.892665237709892,5.464140559465995,2.4998129539625067,11.525661832056118,2.9702663699883267,-598.8187617711355,1148004.0,291000.0,2910.0,24.835217639433573,4.8571725399616295,5.249097461291901,28.71960036272085,9664.170770367717,290.0
19.539905491428105,18.6477687515167,349.1510813220364,-342.50616682591266,200.83575354176986,-17.910305,-711.3697,-368.1788098473331,201.08337990018467,-18.164932,-713.02313,-350.26562,204.95451,-20.423449,-716.6757,20.62363,42.340237,273.0835,1.858134e-05,22.777748,89.29952,974.96,8.405186e-08,0.078842185,0.83920085,1.0,-1.0,-6.021138637853356,3.2652107732192888,-2.892665237709892,-16.31621525144396,-602.7870049239909,308.3890503000858,-336.932249417986,-1329.3572379942716,0.04825094,0.7642322,1.0,-1.0,10.0,-5.27398896085637,1.1510867074116815,-3.200396942201844,-11.111341629317838,-551.2192178311408,74.92487838621048,-427.5714665848648,-692.7629092198449,0.0758849798709405,0.6854631657040393,1.0,-1.0,0.3488396535117125,0.1080492343518257,0.6035752353596935,0.2023088120517608,0.3606242223526892,0.1143071390821461,0.5654158757972032,0.2023088120517608,0.004535497750855251,0.0,0.00333626529228573,0.0,0.013277210407456542,0.0,0.0,0.0,0.0035981808049196417,0.0,0.016133876613141883,0.0,0.001469366356812957,0.0009337288437287967,0.0006915547728546432,0.0031584925277754034,0.0,0.0,0.006179837806597081,0.0,0.004954514494949102,0.0,0.009455763818794422,0.0,0.0,0.0,0.0,0.0157166027778085,0.01054432906315573,0.010011941011307304,0.0,0.01728644804367329,0.2931513417404529,0.0777944121597854,0.4955847154500056,0.0920938858831527,0.29083881904836956,0.078627323100393,0.4484779558246343,0.1625237810845993,0.3989134147265953,0.07896070795113476,0.48361172175104766,0.18491924500178786,0.3989134017773183,0.07896071032901496,0.48361054886863236,0.18491924500180637,0.6777028497540103,0.08555853126262469,0.8783311050696505,0.42814520076312623,0.67539031411265,0.08464173463941739,0.8783311050696505,0.5589943099811338,0.0,0.0,0.0,0.0,0.0,0.0,0.0,0.0,22.916727307822526,4.373408125529948,30.83713889043692,15.410902535381156,22.814560216980485,4.780244238440306,30.18316454185779,17.34655870217925,-1.0,0.0,-1.0,-1.0,-1.0,0.0,-1.0,-1.0,7071.590387438306,4866.33984352457,43017.13662334821,2140.4562634928493,6613.369390946424,3374.0266414289267,12821.45770047512,2285.989771597908,0.0,0.0,0.0,0.0,0.0,0.0,0.0,0.0,6.021138637853356,3.2652107732192888,16.31621525144396,2.892665237709892,5.464140559465995,2.4998129539625067,11.525661832056118,2.9702663699883267,-622.5891802379729,1152004.0,292000.0,2920.0,30.02656397686773,3.483268620619377,5.6808136126731315,36.48861934216263,9697.774682671661,291.0
23.648472288392213,25.34131713252001,336.55983233387377,-353.72158321556645,211.6647883311441,-17.910305,-711.3697,-337.2804914081886,203.91641701056054,-18.164932,-713.02313,-350.26562,204.95451,-20.423449,-716.6757,20.62363,42.340237,273.0835,1.858134e-05,22.777748,89.29952,974.96,8.405186e-08,0.078842185,0.83920085,1.0,-1.0,-6.021138637853356,3.2652107732192888,-2.892665237709892,-16.31621525144396,-612.9702356001519,304.8663611500007,-336.932249417986,-1329.3572379942716,0.04825094,0.7642322,1.0,-1.0,10.0,-5.27398896085637,1.1510867074116815,-3.200396942201844,-11.111341629317838,-520.0005045618259,71.07630320998567,-427.5714665848648,-692.7629092198449,0.0758849798709405,0.6854631657040393,1.0,-1.0,0.3488396535117125,0.1080492343518257,0.6035752353596935,0.2023088120517608,0.3606242223526892,0.1143071390821461,0.5654158757972032,0.2023088120517608,0.022226701724978506,0.0031265742333394793,0.0011701848826769217,0.005456363097257912,0.0,0.011428269793247642,0.0007347250268561821,0.0183462008427894,0.0,0.004544940298787887,0.009953121726908501,0.0,0.0018748176997993144,0.0,0.00410823732554138,0.011161664707556099,0.0017720083565649955,0.0,0.0,0.0038774509529967455,0.01949139059628625,0.0005464632020552883,0.0,0.0,0.014043787920558668,0.0,0.0001891067584190525,0.0,0.00042189757353753156,0.0,0.0,0.0,0.2538863701791369,0.09138512762295034,0.5233774540855894,0.08824212917667291,0.2515738474870536,0.09221803856355794,0.47627069446021814,0.1586720243781195,0.4172230143256758,0.07400917189029255,0.48223496847693714,0.2107732475298242,0.41722300137639884,0.07400917426817274,0.48223379559452184,0.21077324752984272,0.6886992500695323,0.14285886637460596,0.9066763785982693,0.39775737962743557,0.686386714428172,0.14194206975139867,0.9066763785982693,0.528606488845443,0.0,0.0,0.0,0.0,0.0,0.0,0.0,0.0,22.916727307822526,4.373408125529948,30.83713889043692,15.410902535381156,22.814560216980485,4.780244238440306,30.18316454185779,17.34655870217925,-1.0,0.0,-1.0,-1.0,-1.0,0.0,-1.0,-1.0,7071.590387438306,4866.33984352457,43017.13662334821,2140.4562634928493,6613.369390946424,3374.0266414289267,12821.45770047512,2285.989771597908,0.0,0.0,0.0,0.0,0.0,0.0,0.0,0.0,6.021138637853356,3.2652107732192888,16.31621525144396,2.892665237709892,5.464140559465995,2.4998129539625067,11.525661832056118,2.9702663699883267,-586.3476248370777,1156004.0,293000.0,2930.0,21.88436811466179,4.342835704610342,6.29120854242367,36.119493200154906,9731.378594975606,292.0
21.5809228001034,20.190399125546808,380.65212788380734,-333.0950632185146,208.45659124999722,-17.910305,-711.3697,-333.4986115248034,210.8264996806761,-18.164932,-713.02313,-350.26562,204.95451,-20.423449,-716.6757,20.62363,42.340237,273.0835,1.858134e-05,22.777748,89.29952,974.96,8.405186e-08,0.078842185,0.83920085,1.0,-1.0,-6.021138637853356,3.2652107732192888,-2.892665237709892,-16.31621525144396,-608.9830143803049,310.55303032614864,-336.932249417986,-1329.3572379942716,0.04825094,0.7642322,1.0,-1.0,10.0,-5.27398896085637,1.1510867074116815,-3.200396942201844,-11.111341629317838,-525.6672071765321,74.31289375059714,-427.5714665848648,-692.7629092198449,0.0758849798709405,0.6854631657040393,1.0,-1.0,0.3488396535117125,0.1080492343518257,0.6035752353596935,0.2023088120517608,0.3606242223526892,0.1143071390821461,0.5654158757972032,0.2023088120517608,0.007673148709778591,0.0,0.0,0.0,0.007864981369582467,0.012761032324931747,0.0,0.0001226632968491807,0.01179707647786428,0.0066117947365227,0.0,0.004650615614338991,0.0,0.0,0.011234696670827658,0.004130684197465524,0.0016532958805562383,0.011413219773825369,0.002679861950105017,0.015004994028761475,0.0039039747727187563,0.0,0.0,0.014817076235196387,0.0,0.0,0.0,0.0,0.0,0.0,0.009784973149138981,0.01432651570571979,0.2779213253118201,0.0734239502011669,0.4952092473516865,0.0756923010000235,0.2756088026197368,0.0742568611417745,0.44810248772631517,0.1461221962014701,0.4090304614575746,0.1357781264672288,0.49995579197901846,0.22725281912011902,0.4090304485082976,0.13577812884510904,0.49995461909660316,0.22725281912013756,0.7032452554525319,0.09900163063126571,0.9294929306220368,0.4022207177640044,0.7009327198111717,0.09808483400805841,0.9294929306220368,0.5330698269820119,0.0,0.0,0.0,0.0,0.0,0.0,0.0,0.0,22.916727307822526,4.373408125529948,30.83713889043692,15.410902535381156,22.814560216980485,4.780244238440306,30.18316454185779,17.34655870217925,-1.0,0.0,-1.0,-1.0,-1.0,0.0,-1.0,-1.0,7071.590387438306,4866.33984352457,43017.13662334821,2140.4562634928493,6613.369390946424,3374.0266414289267,12821.45770047512,2285.989771597908,0.0,0.0,0.0,0.0,0.0,0.0,0.0,0.0,6.021138637853356,3.2652107732192888,16.31621525144396,2.892665237709892,5.464140559465995,2.4998129539625067,11.525661832056118,2.9702663699883267,-603.3498411067899,1160004.0,294000.0,2940.0,24.125543459123357,4.743026898403417,5.323057270062868,33.10128464380214,9764.98250727955,293.0
24.70156877621962,21.984084862456836,332.7704411919661,-379.4634875073085,193.49366121201365,-17.910305,-711.3697,-360.3955804155864,211.82871931503172,-18.164932,-713.02313,-350.26562,204.95451,-20.423449,-716.6757,20.62363,42.340237,273.0835,1.858134e-05,22.777748,89.29952,974.96,8.405186e-08,0.078842185,0.83920085,1.0,-1.0,-6.021138637853356,3.2652107732192888,-2.892665237709892,-16.31621525144396,-607.5050559253301,319.2419804094796,-336.932249417986,-1329.3572379942716,0.04825094,0.7642322,1.0,-1.0,10.0,-5.27398896085637,1.1510867074116815,-3.200396942201844,-11.111341629317838,-551.3039554261926,75.0697600439058,-427.5714665848648,-692.7629092198449,0.0758849798709405,0.6854631657040393,1.0,-1.0,0.3488396535117125,0.1080492343518257,0.6035752353596935,0.2023088120517608,0.3606242223526892,0.1143071390821461,0.5654158757972032,0.2023088120517608,0.011851110835686591,0.003618439155105191,0.0,0.0,0.01096519923850872,0.019381651157032883,0.0,0.0,0.0,0.0,0.0,0.0,0.0,0.0,0.010548820465718324,0.0017607167972838681,0.0,0.008429302387300948,0.0077480179229837175,0.0,0.00487422512992162,0.015576398166967336,0.0,0.0,0.0,0.0068784565943168785,0.007950320467038672,0.0036810090885558244,0.0024468694296957334,0.004827404009559044,0.0,0.0,0.29541020884200425,0.0627264414628203,0.5489225361262832,0.08501908873371006,0.29309768614992093,0.06355935240342792,0.5018157765009119,0.15544898393515666,0.3893249546384178,0.11455822164766385,0.47351081865840566,0.18921165141391777,0.38932494168914084,0.11455822402554405,0.47350964577599036,0.18921165141393628,0.6689415712004741,0.1334470482196057,0.924905381629388,0.363915570531311,0.6666290355591139,0.1325302515963984,0.924905381629388,0.4947646797493185,0.0,0.0,0.0,0.0,0.0,0.0,0.0,0.0,22.916727307822526,4.373408125529948,30.83713889043692,15.410902535381156,22.814560216980485,4.780244238440306,30.18316454185779,17.34655870217925,-1.0,0.0,-1.0,-1.0,-1.0,0.0,-1.0,-1.0,7071.590387438306,4866.33984352457,43017.13662334821,2140.4562634928493,6613.369390946424,3374.0266414289267,12821.45770047512,2285.989771597908,0.0,0.0,0.0,0.0,0.0,0.0,0.0,0.0,6.021138637853356,3.2652107732192888,16.31621525144396,2.892665237709892,5.464140559465995,2.4998129539625067,11.525661832056118,2.9702663699883267,-615.3096915832759,1164004.0,295000.0,2950.0,21.563407695528632,4.959458520726067,5.40800652389703,34.43492348101266,9798.586419583495,294.0
19.342989497256138,21.70715888939827,365.7171502196809,-339.7610851145025,202.37327980086778,-17.910305,-711.3697,-342.79963725110576,199.34325580023065,-18.164932,-713.02313,-350.26562,204.95451,-20.423449,-716.6757,20.62363,42.340237,273.0835,1.858134e-05,22.777748,89.29952,974.96,8.405186e-08,0.078842185,0.83920085,1.0,-1.0,-6.021138637853356,3.2652107732192888,-2.892665237709892,-16.31621525144396,-600.6429578833123,314.6751869256821,-336.932249417986,-1329.3572379942716,0.04825094,0.7642322,1.0,-1.0,10.0,-5.27398896085637,1.1510867074116815,-3.200396942201844,-11.111341629317838,-518.9748997117271,77.38037396130464,-427.5714665848648,-692.7629092198449,0.0758849798709405,0.6854631657040393,1.0,-1.0,0.3488396535117125,0.1080492343518257,0.6035752353596935,0.2023088120517608,0.3606242223526892,0.1143071390821461,0.5654158757972032,0.2023088120517608,0.0,0.0,0.002792360139223755,0.005312332620949813,0.0,0.003843742451724469,0.0003556068439304103,0.0,0.006893114264622795,0.0,0.0,0.0,0.0,0.0,0.0,0.004712741243788809,0.009249915357891644,0.0,0.0,0.0,0.01339197023559376,0.012821854793295806,0.0,0.0,0.0,0.0,0.021392159477436296,0.0,0.0,0.0,0.023401772549122592,0.0,0.28252518604398136,0.06687107233550726,0.48128125334085786,0.05802823431062281,0.28021266335189804,0.06770398327611488,0.43417449371548655,0.1284581295120694,0.3650003378013861,0.09591332976570978,0.4814515379904822,0.2270016573089482,0.3650003248521091,0.09591333214358998,0.4814503651080669,0.2270016573089667,0.6829303682411143,0.11857221284402025,0.8936063737700506,0.40320527684699065,0.6806178325997541,0.11765541622081295,0.8936063737700506,0.5340543860649981,0.0,0.0,0.0,0.0,0.0,0.0,0.0,0.0,22.916727307822526,4.373408125529948,30.83713889043692,15.410902535381156,22.814560216980485,4.780244238440306,30.18316454185779,17.34655870217925,-1.0,0.0,-1.0,-1.0,-1.0,0.0,-1.0,-1.0,7071.590387438306,4866.33984352457,43017.13662334821,2140.4562634928493,6613.369390946424,3374.0266414289267,12821.45770047512,2285.989771597908,0.0,0.0,0.0,0.0,0.0,0.0,0.0,0.0,6.021138637853356,3.2652107732192888,16.31621525144396,2.892665237709892,5.464140559465995,2.4998129539625067,11.525661832056118,2.9702663699883267,-615.5841790420344,1168004.0,296000.0,2960.0,24.173975706624663,4.87394598065577,5.605760965528312,36.48083059780938,9832.19033188744,295.0
18.585834386787198,25.024112002936473,354.6586988805471,-331.1469799376819,183.945038175298,-17.910305,-711.3697,-336.30388498385184,200.41326020758763,-18.164932,-713.02313,-350.26562,204.95451,-20.423449,-716.6757,20.62363,42.340237,273.0835,1.858134e-05,22.777748,89.29952,974.96,8.405186e-08,0.078842185,0.83920085,1.0,-1.0,-6.021138637853356,3.2652107732192888,-2.892665237709892,-16.31621525144396,-587.2326873014247,302.5353275548097,-336.932249417986,-1329.3572379942716,0.04825094,0.7642322,1.0,-1.0,10.0,-5.27398896085637,1.1510867074116815,-3.200396942201844,-11.111341629317838,-526.2811137596296,74.6885109310632,-427.5714665848648,-692.7629092198449,0.0758849798709405,0.6854631657040393,1.0,-1.0,0.3488396535117125,0.1080492343518257,0.6035752353596935,0.2023088120517608,0.3606242223526892,0.1143071390821461,0.5654158757972032,0.2023088120517608,0.0,0.0,0.003327781950938116,0.009484887477900992,0.0038750192618470626,0.007012169036974685,0.0,0.0,0.0,0.0,0.0,0.006789315091533001,0.0,0.0,0.0007981706168222665,0.0,0.0,0.017879534856441958,0.00039283069332490426,0.008421724276256405,0.008295428799259454,0.00357119373925203,0.0,0.012402968456421594,0.00016224802277914728,0.0008184380046118372,0.004751180303801167,0.0,0.014783959608870433,0.0,0.0,0.02153318787385103,0.27728782068486896,0.07002105257662707,0.5228847593296475,0.06025371938187288,0.27497529799278564,0.07085396351723466,0.4757779997042762,0.13068361458331945,0.38898598402755546,0.08708565837041303,0.5064905326324791,0.22717401376879487,0.3889859710782785,0.08708566074829323,0.5064893597500638,0.2271740137688134,0.6437458459078176,0.1453263471665091,0.8588886733694616,0.420012675288701,0.6414333102664573,0.1444095505433018,0.8588886733694616,0.5508617845067085,0.0,0.0,0.0,0.0,0.0,0.0,0.0,0.0,22.916727307822526,4.373408125529948,30.83713889043692,15.410902535381156,22.814560216980485,4.780244238440306,30.18316454185779,17.34655870217925,-1.0,0.0,-1.0,-1.0,-1.0,0.0,-1.0,-1.0,7071.590387438306,4866.33984352457,43017.13662334821,2140.4562634928493,6613.369390946424,3374.0266414289267,12821.45770047512,2285.989771597908,0.0,0.0,0.0,0.0,0.0,0.0,0.0,0.0,6.021138637853356,3.2652107732192888,16.31621525144396,2.892665237709892,5.464140559465995,2.4998129539625067,11.525661832056118,2.9702663699883267,-578.8120938847541,1172004.0,297000.0,2970.0,24.00772018871394,4.560300141062135,5.9820296862680316,31.036498498384802,9865.794244191384,296.0
20.089383980638612,23.83074961042126,311.9933888607082,-345.1800238501505,217.65208295536058,-17.910305,-711.3697,-382.16538355900576,190.77639046317432,-18.164932,-713.02313,-350.26562,204.95451,-20.423449,-716.6757,20.62363,42.340237,273.0835,1.858134e-05,22.777748,89.29952,974.96,8.405186e-08,0.078842185,0.83920085,1.0,-1.0,-6.021138637853356,3.2652107732192888,-2.892665237709892,-16.31621525144396,-608.4710350558526,307.8896437745514,-336.932249417986,-1329.3572379942716,0.04825094,0.7642322,1.0,-1.0,10.0,-5.27398896085637,1.1510867074116815,-3.200396942201844,-11.111341629317838,-511.57900077274746,75.58353106946544,-427.5714665848648,-692.7629092198449,0.0758849798709405,0.6854631657040393,1.0,-1.0,0.3488396535117125,0.1080492343518257,0.6035752353596935,0.2023088120517608,0.3606242223526892,0.1143071390821461,0.5654158757972032,0.2023088120517608,0.005453700401834013,0.004177922005822133,0.0,0.0,0.0,0.0165162324594968,0.0007373294574375915,0.007742249900864532,0.0,0.014422043333007744,0.0,0.0,0.004440147017872729,0.0,0.0,0.009226013243518493,0.007381860029085331,0.006367016223028083,0.009584625351890336,0.00992159733805563,0.0,0.002713016667311555,0.0006912293623581191,0.01706353115347883,0.0,0.0,0.01212433352635103,0.011841145356903797,0.0,0.0,0.0,0.009313949454774378,0.288149473740597,0.13271158215995174,0.45877882577308793,0.06520328423486106,0.2858369510485137,0.13354449310055935,0.4116720661477167,0.13563317943630765,0.4146658510202913,0.05297180001007408,0.48874372731507254,0.22193004929476365,0.4146658380710143,0.05297180238795428,0.48874255443265724,0.22193004929478216,0.6777695711291928,0.11524580414106192,0.8777002303695346,0.4030693921305602,0.6754570354878325,0.1143290075178546,0.8777002303695346,0.5339185013485677,0.0,0.0,0.0,0.0,0.0,0.0,0.0,0.0,22.916727307822526,4.373408125529948,30.83713889043692,15.410902535381156,22.814560216980485,4.780244238440306,30.18316454185779,17.34655870217925,-1.0,0.0,-1.0,-1.0,-1.0,0.0,-1.0,-1.0,7071.590387438306,4866.33984352457,43017.13662334821,2140.4562634928493,6613.369390946424,3374.0266414289267,12821.45770047512,2285.989771597908,0.0,0.0,0.0,0.0,0.0,0.0,0.0,0.0,6.021138637853356,3.2652107732192888,16.31621525144396,2.892665237709892,5.464140559465995,2.4998129539625067,11.525661832056118,2.9702663699883267,-618.8876186528536,1176004.0,298000.0,2980.0,24.909824820363735,4.121603522403973,4.8863032370266035,27.122681198884322,9899.398156495328,297.0
18.733461994529627,24.353928170072496,370.27800994008356,-365.2437452559616,228.76046877326218,-17.910305,-711.3697,-335.20207122047776,200.8829500773667,-18.164932,-713.02313,-350.26562,204.95451,-20.423449,-716.6757,20.62363,42.340237,273.0835,1.858134e-05,22.777748,89.29952,974.96,8.405186e-08,0.078842185,0.83920085,1.0,-1.0,-6.021138637853356,3.2652107732192888,-2.892665237709892,-16.31621525144396,-609.8828426776813,313.5388836721155,-336.932249417986,-1329.3572379942716,0.04825094,0.7642322,1.0,-1.0,10.0,-5.27398896085637,1.1510867074116815,-3.200396942201844,-11.111341629317838,-548.3398858866625,75.06891233630833,-427.5714665848648,-692.7629092198449,0.0758849798709405,0.6854631657040393,1.0,-1.0,0.3488396535117125,0.1080492343518257,0.6035752353596935,0.2023088120517608,0.3606242223526892,0.1143071390821461,0.5654158757972032,0.2023088120517608,0.0,0.03722254051884593,0.01031818690990209,0.0,0.0,0.00862372940030178,0.001775889351565803,0.0,0.006200449745751898,0.01521155586717125,0.0011611599683685897,0.006973044038749221,0.00015608422145881775,0.0008244990820505784,0.011789000650472075,0.003756175548168905,0.009595160131536575,0.011592341311874185,0.0018523434424444329,0.01322884148023914,0.005024672555972014,0.01630622531793778,0.0,0.0,0.0,0.0031019061062175397,0.0,0.014698207352018605,0.018681490025985608,0.0,0.0013243112407626562,0.0,0.29443101510475844,0.10673990475713488,0.5072667167690864,0.07912571268139669,0.2921184924126751,0.10757281569774248,0.4601599571437151,0.14955560788284328,0.43198693556901,0.10603594753689845,0.48153297360476927,0.22423156896349575,0.43198692261973304,0.10603594991477865,0.48153180072235396,0.22423156896351426,0.6581296497870458,0.11323774717982896,0.8759830835279102,0.392514943839421,0.6558171141456856,0.11232095055662165,0.8759830835279102,0.5233640530574285,0.0,0.0,0.0,0.0,0.0,0.0,0.0,0.0,22.916727307822526,4.373408125529948,30.83713889043692,15.410902535381156,22.814560216980485,4.780244238440306,30.18316454185779,17.34655870217925,-1.0,0.0,-1.0,-1.0,-1.0,0.0,-1.0,-1.0,7071.590387438306,4866.33984352457,43017.13662334821,2140.4562634928493,6613.369390946424,3374.0266414289267,12821.45770047512,2285.989771597908,0.0,0.0,0.0,0.0,0.0,0.0,0.0,0.0,6.021138637853356,3.2652107732192888,16.31621525144396,2.892665237709892,5.464140559465995,2.4998129539625067,11.525661832056118,2.9702663699883267,-608.909780359723,1180004.0,299000.0,2990.0,21.837022056901404,5.011825466253529,5.713776753876867,35.02501842394573,9933.002068799273,298.0
16.930895996329383,21.179609193895516,410.1963089874281,-339.331500863725,212.25871616526769,-17.910305,-711.3697,-336.69393085210896,198.35591253691916,-18.164932,-713.02313,-350.26562,204.95451,-20.423449,-716.6757,20.62363,42.340237,273.0835,1.858134e-05,22.777748,89.29952,974.96,8.405186e-08,0.078842185,0.83920085,1.0,-1.0,-6.021138637853356,3.2652107732192888,-2.892665237709892,-16.31621525144396,-591.4468540029975,320.80471311647756,-336.932249417986,-1329.3572379942716,0.04825094,0.7642322,1.0,-1.0,10.0,-5.27398896085637,1.1510867074116815,-3.200396942201844,-11.111341629317838,-534.9285324500614,76.51085485233102,-427.5714665848648,-692.7629092198449,0.0758849798709405,0.6854631657040393,1.0,-1.0,0.3488396535117125,0.1080492343518257,0.6035752353596935,0.2023088120517608,0.3606242223526892,0.1143071390821461,0.5654158757972032,0.2023088120517608,0.0,0.0,0.006557718372517523,0.011806970252296467,0.0,0.001038204474106102,0.0013518957335892643,0.006419657890835151,0.0,0.004859181559808847,0.0,0.014576679999186238,0.0,0.0,0.0,0.0,0.0,0.0,0.007839062066347924,0.0007847732966475674,0.0048375138162405525,0.00792553341173406,0.0,0.0038518472740009086,0.0,0.0,0.0,0.0038239413234085096,0.013540761957189697,0.0,0.004559845866956088,0.0,0.2673951228393741,0.0965864517104487,0.4902462140390984,0.08560680301061933,0.2650826001472908,0.0974193626510563,0.4431394544137271,0.15603669821206592,0.39960201586537747,0.06455294383556243,0.5154980011418198,0.1893703874676604,0.3996020029161005,0.06455294621344262,0.5154968282594045,0.18937038746767892,0.6921334364752934,0.11868124879118817,0.8838137116646925,0.38461532952240834,0.6898209008339331,0.11776445216798087,0.8838137116646925,0.5154644387404158,0.0,0.0,0.0,0.0,0.0,0.0,0.0,0.0,22.916727307822526,4.373408125529948,30.83713889043692,15.410902535381156,22.814560216980485,4.780244238440306,30.18316454185779,17.34655870217925,-1.0,0.0,-1.0,-1.0,-1.0,0.0,-1.0,-1.0,7071.590387438306,4866.33984352457,43017.13662334821,2140.4562634928493,6613.369390946424,3374.0266414289267,12821.45770047512,2285.989771597908,0.0,0.0,0.0,0.0,0.0,0.0,0.0,0.0,6.021138637853356,3.2652107732192888,16.31621525144396,2.892665237709892,5.464140559465995,2.4998129539625067,11.525661832056118,2.9702663699883267,-597.8421847481751,1184004.0,300000.0,3000.0,24.604301003214463,4.703760753999846,4.843284220452559,34.348514290764896,9966.605981103217,299.0
25.748781221405096,23.412306011462896,350.31370337130153,-339.56910068272384,208.02693856405017,-17.910305,-711.3697,-356.4092645488479,198.8597041651768,-18.164932,-713.02313,-350.26562,204.95451,-20.423449,-716.6757,20.62363,42.340237,273.0835,1.858134e-05,22.777748,89.29952,974.96,8.405186e-08,0.078842185,0.83920085,1.0,-1.0,-6.021138637853356,3.2652107732192888,-2.892665237709892,-16.31621525144396,-596.5869370583903,316.25594057401764,-336.932249417986,-1329.3572379942716,0.04825094,0.7642322,1.0,-1.0,10.0,-5.27398896085637,1.1510867074116815,-3.200396942201844,-11.111341629317838,-545.2680429068325,75.47298813440494,-427.5714665848648,-692.7629092198449,0.0758849798709405,0.6854631657040393,1.0,-1.0,0.3488396535117125,0.1080492343518257,0.6035752353596935,0.2023088120517608,0.3606242223526892,0.1143071390821461,0.5654158757972032,0.2023088120517608,0.0,0.0,0.006263997358799651,0.0077328343789104725,0.0,0.005216917659368111,0.0,0.0033205359087605567,0.01060452209519585,0.0,0.0,0.017724946817551587,0.0,0.0,0.0,0.0,0.0,0.022594451593150672,0.01019144497686302,0.0,0.0,0.010339646674073976,0.00898981557115512,0.008469710491831659,0.008645087244648018,0.0121039013269108,0.01411782497729384,0.0,0.009440175028655769,0.010858070856283868,0.018652651325142516,0.0,0.2774223671602515,0.056455941621905883,0.5130316930386418,0.06943079744271542,0.27510984446816816,0.05728885256251348,0.4659249334132705,0.139860692644162,0.4031586788201699,0.07530347425041146,0.48745140937904236,0.1614877911011861,0.40315866587089294,0.07530347662829166,0.48745023649662705,0.16148779110120462,0.6771838303720977,0.0718115753623007,0.9105697178601807,0.40447191747988204,0.6748712947307375,0.07089477873909339,0.9105697178601807,0.5353210266978895,0.0,0.0,0.0,0.0,0.0,0.0,0.0,0.0,22.916727307822526,4.373408125529948,30.83713889043692,15.410902535381156,22.814560216980485,4.780244238440306,30.18316454185779,17.34655870217925,-1.0,0.0,-1.0,-1.0,-1.0,0.0,-1.0,-1.0,7071.590387438306,4866.33984352457,43017.13662334821,2140.4562634928493,6613.369390946424,3374.0266414289267,12821.45770047512,2285.989771597908,0.0,0.0,0.0,0.0,0.0,0.0,0.0,0.0,6.021138637853356,3.2652107732192888,16.31621525144396,2.892665237709892,5.464140559465995,2.4998129539625067,11.525661832056118,2.9702663699883267,-586.1413460825072,1188004.0,301000.0,3010.0,27.18381542366613,4.5672720749000915,6.492167070588066,34.600523856475625,10000.209893407162,300.0
21.945650128447866,22.508398158804468,347.3550814642745,-337.83601140262016,210.05141666759442,-17.910305,-711.3697,-354.0519701610435,202.97032328722463,-18.164932,-713.02313,-350.26562,204.95451,-20.423449,-716.6757,20.62363,42.340237,273.0835,1.858134e-05,22.777748,89.29952,974.96,8.405186e-08,0.078842185,0.83920085,1.0,-1.0,-6.021138637853356,3.2652107732192888,-2.892665237709892,-16.31621525144396,-579.3456061642688,309.1804403742051,-336.932249417986,-1329.3572379942716,0.04825094,0.7642322,1.0,-1.0,10.0,-5.27398896085637,1.1510867074116815,-3.200396942201844,-11.111341629317838,-530.9272809755162,76.22538163565508,-427.5714665848648,-692.7629092198449,0.0758849798709405,0.6854631657040393,1.0,-1.0,0.3488396535117125,0.1080492343518257,0.6035752353596935,0.2023088120517608,0.3606242223526892,0.1143071390821461,0.5654158757972032,0.2023088120517608,0.0,0.0027547693876631067,0.009216937384221203,0.0,0.0,0.0,0.011228757536684604,0.01605648372393129,0.002503413319808682,0.023427142810641403,0.0,0.0,0.0007103550181588145,0.015570530110856073,0.01577101116562222,0.0,0.0,0.0005769271480751235,0.0,0.0032005140102059904,0.00516182684135261,0.0,0.0,0.0011136915631375932,0.00339215198977562,0.0,0.0006925209562488012,0.009535178117652957,0.0,0.004653692419815652,0.013870935099729847,0.0,0.27792082165824566,0.0912523686200305,0.4989603740796679,0.07248127736200709,0.27560829896616235,0.0920852795606381,0.4518536144542966,0.14291117256345368,0.39429002769016747,0.08031211569222475,0.5049844721119836,0.2245038016595258,0.3942900147408905,0.08031211807010495,0.5049832992295683,0.2245038016595443,0.6659223179215343,0.1193291193050576,0.8998212261875872,0.39605720248781634,0.6636097822801741,0.11841232268185028,0.8998212261875872,0.5269063117058238,0.0,0.0,0.0,0.0,0.0,0.0,0.0,0.0,22.916727307822526,4.373408125529948,30.83713889043692,15.410902535381156,22.814560216980485,4.780244238440306,30.18316454185779,17.34655870217925,-1.0,0.0,-1.0,-1.0,-1.0,0.0,-1.0,-1.0,7071.590387438306,4866.33984352457,43017.13662334821,2140.4562634928493,6613.369390946424,3374.0266414289267,12821.45770047512,2285.989771597908,0.0,0.0,0.0,0.0,0.0,0.0,0.0,0.0,6.021138637853356,3.2652107732192888,16.31621525144396,2.892665237709892,5.464140559465995,2.4998129539625067,11.525661832056118,2.9702663699883267,-581.2857503654413,1192004.0,302000.0,3020.0,19.696792200422394,4.880863308347443,6.456075078438129,38.12850605084631,10033.813805711106,301.0
20.7053222243286,25.294269069934895,295.24611961578165,-345.2088400691966,219.54380110254755,-17.910305,-711.3697,-342.5691487704684,206.03993415662165,-18.164932,-713.02313,-350.26562,204.95451,-20.423449,-716.6757,20.62363,42.340237,273.0835,1.858134e-05,22.777748,89.29952,974.96,8.405186e-08,0.078842185,0.83920085,1.0,-1.0,-6.021138637853356,3.2652107732192888,-2.892665237709892,-16.31621525144396,-610.2470392384046,307.0027442897419,-336.932249417986,-1329.3572379942716,0.04825094,0.7642322,1.0,-1.0,10.0,-5.27398896085637,1.1510867074116815,-3.200396942201844,-11.111341629317838,-531.7590074792431,74.72360025092665,-427.5714665848648,-692.7629092198449,0.0758849798709405,0.6854631657040393,1.0,-1.0,0.3488396535117125,0.1080492343518257,0.6035752353596935,0.2023088120517608,0.3606242223526892,0.1143071390821461,0.5654158757972032,0.2023088120517608,0.003421927016302151,0.0,0.0,0.0,0.0,0.0033791403170721026,0.0,0.007830871458913254,0.0,0.003949873299993707,0.0009782602060711867,0.0009010213518573602,0.006319361858021373,0.011352708461121975,0.0,0.01163540401571113,0.024376477353109202,0.0018185659263132289,0.0008176974521842724,0.0,0.0,0.0,0.0,0.0,0.0,0.022627500653743235,0.006745675869983013,0.003814229138529158,0.0,0.0,0.012683895604712682,0.011379023253280442,0.31545185301667406,0.06657593751976923,0.514632963400319,0.09077376809660362,0.31313933032459074,0.06740884846037683,0.4675262037749477,0.16120366329805022,0.3792283292204375,0.055248607708198706,0.4651523614423084,0.19351530638407977,0.3792283162711605,0.055248610086078905,0.4651511885598931,0.19351530638409828,0.657441955297049,0.0986245895538074,0.8772925448051144,0.40199948147904013,0.6551294196556887,0.0977077929306001,0.8772925448051144,0.5328485906970476,0.0,0.0,0.0,0.0,0.0,0.0,0.0,0.0,22.916727307822526,4.373408125529948,30.83713889043692,15.410902535381156,22.814560216980485,4.780244238440306,30.18316454185779,17.34655870217925,-1.0,0.0,-1.0,-1.0,-1.0,0.0,-1.0,-1.0,7071.590387438306,4866.33984352457,43017.13662334821,2140.4562634928493,6613.369390946424,3374.0266414289267,12821.45770047512,2285.989771597908,0.0,0.0,0.0,0.0,0.0,0.0,0.0,0.0,6.021138637853356,3.2652107732192888,16.31621525144396,2.892665237709892,5.464140559465995,2.4998129539625067,11.525661832056118,2.9702663699883267,-606.3808731140977,1196004.0,303000.0,3030.0,26.27737170773429,5.118872852819593,6.466344393795942,32.16813438747938,10067.417718015051,302.0
